osm_type,osm_id,name,cuisine,latitude,longitude,address,website
node,357620442,Sam Sunny,korean,40.7415576,-73.9784628,,https://www.samsunnynyc.com
node,368043718,Moono,korean,40.7463679,-73.9833563,,https://www.moononyc.com
node,410235438,Trudy's Ice Cream,dessert,40.8003773,-73.9618056,Columbus Avenue,https://trudysicecream.com
node,419359956,Bubo,mediterranean;american,40.7460362,-73.9776676,,https://www.bubonyc.com
node,419359995,Little Alley,chinese;shanghai,40.7473845,-73.9771526,3rd Avenue,https://www.littlealley.nyc
node,419362699,The Musket Room,continental;eclectic,40.7239188,-73.9937813,,https://www.musketroom.com
node,419367357,Nha Trang One,vietnamese,40.7167899,-73.9996711,Baxter Street,https://nhatrangnyc.net/
node,419367625,Mi,chinese,40.7461325,-73.9775916,,
node,464765632,Little Apple Brewery,,39.1915231,-96.6083689,Westloop Place,https://www.littleapplebrewery.com/
node,464766734,Guilty Biscuit,breakfast;burger,39.1883651,-96.6157713,Anderson Avenue,https://www.guiltybiscuit.com/
node,566313758,The Inwood Farm,american,40.8727992,-73.918421,West 218th Street,https://www.theinwoodfarm.com/
node,566316071,Garden Café,,40.8681188,-73.9204207,Broadway,https://gardencafeny.com/
node,570912397,Le Monde,french;loire_valley,40.8057782,-73.9658657,Broadway,https://lemondenyc.com/
node,643414350,Hard Rock Cafe,american,40.756994,-73.9865512,Broadway,https://www.hardrockcafe.com/location/new-york/
node,661889865,Carbone,,40.7554192,-73.9930152,West 38th Street,
node,662433328,Freemans,american,40.7219891,-73.9924423,Freeman Alley,https://www.freemansrestaurant.com
node,663104998,Tick Tock Diner,diner,40.7524435,-73.9935503,8th Avenue,https://www.ticktockdinerny.com
node,663354158,Giovanni,italian,40.779131,-73.960536,East 83rd Street,https://www.giovanniventicinque.com/
node,696114862,Applebee's,american,39.178901,-96.5599706,Manhattan Town Center,https://restaurants.applebees.com/en-us/ks/manhattan/3rd-poyntz-86095
node,738212694,Buffalo Wild Wings,wings,39.1856011,-96.5762943,Moro Street,https://www.buffalowildwings.com/
node,763650163,Junior's,,40.7582151,-73.9866267,Broadway,https://www.juniorscheesecake.com/blog/restaurants/times-square/
node,870315949,Fuji East Restaurant,japanese,40.7590731,-73.9522681,,
node,877652485,Colbert Hills Golf Course,snack,39.2128451,-96.6405934,,
node,883337398,Ristorante Settepani,italian,40.8043628,-73.9476425,,
node,896465603,Rockmeisha Izakaya,,40.7326428,-74.002464,,
node,896469827,Annisa,,40.7326055,-74.0025709,,
node,931799204,John's of Bleecker Street,pizza,40.7316098,-74.0033416,Bleecker Street,
node,931799207,Joe's Pizza,pizza,40.7305467,-74.0020629,Carmine Street,https://www.joespizzanyc.com/
node,999961211,Hummus Place,,40.7322601,-74.0033462,South 7th Avenue,
node,1002880708,Lombardi's Pizza,pizza,40.7215933,-73.9956147,Spring Street,https://www.firstpizza.com/
node,1074300426,La Fiesta Mexican Restaurant,mexican,39.2075432,-96.5726182,Tuttle Creek Boulevard,https://restaurantlafiesta.com
node,1088798972,Pizza Shuttle,pizza,39.1933467,-96.585949,Claflin Road,http://www.pizzashuttle.org/
node,1112477518,Mộc Mạc,vietnamese,40.7266326,-73.9893341,2nd Avenue,https://mocmacnyc.com
node,1119244578,Tom's Restaurant,diner,40.8054509,-73.9654163,Broadway,https://tomsrestaurant.net/
node,1240483946,Bill's Townhouse,american,40.7601706,-73.9730036,East 54th Street,https://www.billstownhouse.com/
node,1290043792,The Grill,new_american,40.7580948,-73.9720223,East 52nd Street,https://www.thegrillnewyork.com
node,1293173596,Marchi's,italian,40.7431603,-73.9775799,,https://www.marchirestaurant.com/
node,1297282272,Amelia's,american,40.7449757,-73.9831065,,https://www.amelias.nyc
node,1300332328,Tallgrass Taphouse,american,39.1795067,-96.5613631,Poyntz Avenue,
node,1300332332,Bourbon & Baker,,39.1795029,-96.5608842,Poyntz Avenue,https://www.bourbonandbakermanhattan.com/
node,1346386984,Smith & Wollensky,steak_house,40.7552548,-73.9709515,3rd Avenue,https://www.smithandwollenskynyc.com/
node,1362703566,Clinton St. Baking Company,,40.7211788,-73.9838832,Clinton Street,https://clintonstreetbaking.com/
node,1365737014,Powercat Sports Grill,,39.1882844,-96.6144362,Anderson Avenue,https://www.powercatsportsgrill.com/
node,1379410005,Stromboli Pizza,pizza,40.7277727,-73.985401,Saint Marks Place,https://www.strombolipizzeria.com/
node,1383914860,The Breslin,gastropub,40.7456818,-73.9881244,West 29th Street,
node,1383927735,Blue Ribbon Sushi Bar & Grill,,40.7675881,-73.9831167,West 58th Street,https://www.blueribbonsushibarandgrillnyc.com/
node,1383928351,Sushi Damo,japanese,40.7677295,-73.9834926,West 58th Street,https://sushidamo58.com/
node,1383955419,USA Brooklyn Delicatessen,sandwich; pizza,40.7653848,-73.980359,West 57th Street,
node,1383955759,Carnegie Diner & Cafe,burger;sandwich;coffee_shop;ice_cream;american;pancake,40.765737,-73.9801162,West 57th Street,https://www.carnegiediner.com/location/carnegie-diner-central-park/
node,1383956543,Brooklyn Diner,diner,40.7656073,-73.9808744,West 57th Street,https://www.brooklyndiner.com/location/brooklyn-diner-57st/
node,1396581104,Hoy Wong Restaurant,,40.7166141,-73.998003,Mott street,
node,1416478552,Murray Hill Diner,diner,40.7459042,-73.9803026,Lexington Avenue,https://www.murrayhilldiner.com
node,1426311638,Red Lobster,seafood,40.7556031,-73.987571,,
node,1427212436,Madison & Vine,,40.75218,-73.9795023,,
node,1427212491,Pera,mediterranean,40.7523353,-73.9793753,Madison Avenue,https://www.peranyc.com/
node,1427233358,LA Fonda Del Sol,,40.7532708,-73.9773865,,
node,1427265072,ammos estiatorio,greek,40.7542362,-73.977239,,https://ammosnewyork.com/
node,1427265083,The Capital Grille,,40.7538356,-73.9761648,,
node,1427499791,The Heavenly Burger,burger,40.7517125,-73.9799108,Madison Avenue,
node,1428036492,Connolly's,,40.7561557,-73.9776613,,
node,1428185705,Mama Mezze,mediterranean,40.7432333,-73.9892796,Broadway,https://www.hillcountrychicken.com/
node,1450161114,D.P. Dough,pizza,39.1858266,-96.5742096,Moro Street,
node,1450161157,Tasty China House,chinese,39.1858302,-96.5743774,Moro Street,http://www.tastychinahouse.net
node,1468386431,The Chef,breakfast,39.1788794,-96.5616572,South 4th Street,http://www.thechefcafe.com
node,1483865248,Green Tea Sushi Bar,sushi,39.1849923,-96.5741221,Laramie Street,
node,1487407044,L'Ecole Restaurant,french,40.7208901,-74.0003925,Broadway,
node,1487441071,Buddakan,asian,40.7421638,-74.0048429,9th Avenue,
node,1487449793,Tony's,italian,40.7563915,-73.9854253,West 43rd Street,https://www.tonysnyc.com/
node,1487472478,Capital Grille at Time-Life,,40.7607113,-73.9807687,West 51st Street,https://www.thecapitalgrille.com/
node,1487569052,Le Parker Meridien Burger,burger,40.7640653,-73.9782577,56th Street,
node,1493005667,Balade,lebanese,40.7302946,-73.9831042,,https://www.baladerestaurants.com
node,1497326724,Russian Tea Room,russian,40.7650339,-73.9793005,West 57th Street,https://russiantearoomnyc.com/
node,1500954576,Bamboo Buffet,chinese,39.1680623,-96.5961037,Stagg Hill Road,
node,1568008206,Market Diner,burger,40.7615758,-73.9973446,11th Avenue,
node,1642087211,Taco Lucha,mexican,39.1860922,-96.5746726,Moro Street,http://tacoluchamanhattan.com
node,1667358508,,,40.8072019,-73.9535984,Frederick Douglass Boulevard,http://www.patisseriedesambassades.com/
node,1667359770,Chocolat Restaurant Lounge,american;brunch,40.8069537,-73.9537487,Frederick Douglass Boulevard,https://chocolatharlem.com/
node,1667402832,The Fox,,40.8068012,-73.9534135,Frederick Douglass Boulevard,https://thefoxharlem.com/
node,1667412535,Melba's,,40.8030944,-73.95657,West 114th Street,https://www.melbasrestaurant.com
node,1667418892,Cedric,french,40.8061352,-73.9530327,,
node,1667419712,Billie's Black Bar & Lounge,american,40.8062286,-73.9532312,,
node,1675161734,Orange Leaf,ice_cream,39.1836219,-96.560525,North 3rd Place,
node,1675162009,Frida's,mexican,39.1859187,-96.5603788,3rd Place,
node,1675162035,Noodles & Company,pasta,39.1862432,-96.5603722,North 3rd Street,
node,1683399834,Bar Bianchi,italian,40.7225091,-73.9862947,Avenue A,https://www.barbianchinyc.com/
node,1691452282,Little Ruby’s Cafe,,40.7340693,-74.0027914,West 4th Street,https://www.rubyscafe.com/location/west-village/
node,1707825812,Uncle Jack's,steak_house,40.7537214,-73.995808,,
node,1707825813,Sergimmo Slumeria,italian,40.7542567,-73.9954338,9th Avenue,https://www.sergimmo.com/9thavenue
node,1707825815,Zoob Zib Thai Authentic Noodle Bar,thai,40.7543769,-73.9953394,9th Avenue,https://www.zoobzibnyc.com/
node,1707825816,Skylight Diner,american;burger;soup;salad;omelette;sandwich;breakfast,40.7533878,-73.9967808,West 34th Street,https://skylightdinernyc.com/
node,1707825817,Hudson Station Bar and Grill,pub;american,40.753864,-73.9956804,9th Avenue,https://www.hudsonstation.com
node,1707825820,Golden City,asian,40.7532964,-73.9966423,,
node,1714427541,Shmoné,israeli,40.7335075,-73.9990673,West 8th Steet,https://www.shmonenyc.com
node,1748991484,Chu Ros Thai,thai,40.7892539,-73.9486313,Lexington Avenue,https://churosthainyc.com/
node,1748991489,Burritos y Mas,,40.7887862,-73.948637,Lexington Avenue,https://burritosymasnyc.com
node,1749011035,Quechua Nostra,peruvian,40.7905956,-73.9476505,Lexington Avenue,
node,1749011039,El Aguila,mexican,40.7905186,-73.9477162,Lexington Avenue,http://elaguilanewyorkrestaurant.com
node,1749011095,The Lexington Social,mediterranean;tapas,40.7906645,-73.9476244,Lexington Avenue,https://tlstapasbar.com/
node,1749011119,Caribbean Fiesta,,40.7927227,-73.9503373,,
node,1749011123,Bawarchi Indian Cuisine,,40.7927565,-73.9503189,Madison Avenue,http://bawarchis.com
node,1753205377,The Lambs Club,,40.756616,-73.9845926,,https://www.thechatwalny.com/The-Lambs-Club/The-Lambs-Club-Restaurant
node,1758217485,The Playwright,,40.7604723,-73.9840506,West 49th Street,https://www.playwrighttavern.com/
node,1776258703,Umi Japanese Steak House & Sushi,japanese,39.1882019,-96.5539679,Hayes Drive,https://www.umicuisine.com/
node,1821015959,City Diner,diner,40.7910471,-73.9747641,Broadway,https://citydinernyc.net
node,1821015975,5 Napkin Burger,burger,40.7870645,-73.9779334,Broadway,https://www.5napkinburger.com/location/upper-west-side-5napkinburger/
node,1825739830,Ayza Wine & Chocolate Bar,,40.7297052,-74.0048523,7th Avenue South,http://www.ayzanyc.com/west-village/
node,1825739861,Trattoria Spaghetto,italian,40.730184,-74.0025384,Bleecker Street,
node,1825848790,Kesari,indian,40.7993268,-73.9687523,Broadway,
node,1825848800,Manhattan Valley,indian,40.7970144,-73.969726,Broadway,https://www.manhattanvalleyny.com/
node,1825848802,Metro Diner,diner,40.7974417,-73.9701456,Broadway,https://www.metrodiner.nyc
node,1825848804,Just Pho You,vietnamese,40.7975736,-73.9693077,Broadway,https://justphoyounyc.com
node,1827781718,El Castillo De Jagua,caribbean,40.714385,-73.9818347,Grand Street,http://castillodejagua2.com
node,1827808977,Zafis Luncheonette,diner,40.7149321,-73.9826973,Grand Street,
node,1843430243,Sipsteria,,40.7953407,-73.969686,Amsterdam Avenue,https://www.sipsteria.com
node,1843430248,Malecon Restaurant,dominican,40.7950365,-73.9699063,Amsterdam Avenue,
node,1843430256,Ozen,asian,40.7949162,-73.9699934,Amsterdam Avenue,http://www.ozencuisine.com/
node,1857435080,Restauracja Ciao Italia,italian_pizza,52.7566568,15.2628284,Papuszy,https://ciaoitalia.pizza/
node,1861646903,Vin et Fleur,french,40.7242486,-74.0033107,,
node,1867356492,Pizza Palace,pizza,40.8624129,-73.925052,,
node,1873813860,5 Napkin Burger,burger,40.7601614,-73.9911074,9th Avenue,https://www.5napkinburger.com/location/hell-s-kitchen-5napkinburger/
node,1873813883,Gallo Nero,italian,40.7598902,-73.9917945,9th Avenue,
node,1873813912,Ollie's,chinese,40.7588415,-73.993163,,
node,1873813914,Zaka Express,,40.7582029,-73.9925408,,
node,1883462420,Maison Close,,40.7232955,-74.0037222,Watts Street,
node,1883739637,Laut,thai,40.7375482,-73.991104,East 17th Street,https://www.lautnyc.com/
node,1884473154,Vanessa's Dumpling House,chinese;dumpling;noodle,40.7182938,-73.9917781,Eldridge Street,https://vanessas.com/
node,1892795820,Nico's Little Italy,italian,39.1855266,-96.5734092,Moro Street,
node,1899033658,Pasquale Jones,italian,40.7210814,-73.9967486,,https://www.pasqualejones.com/
node,1913191317,Bosino,italian,40.7987385,-73.9673316,West 103rd Street,https://bosinonyc.com
node,1915398676,Katz's Delicatessen,deli,40.7223431,-73.987353,East Houston Street,https://www.katzsdelicatessen.com
node,1916532788,Mercato,italian,40.7562465,-73.9936447,West 39th Street,https://mercatonyc.com/
node,1934502370,Blue Smoke,american,40.7146177,-74.015376,Vesey Street,https://www.bluesmoke.com/location/battery-park-city/
node,1935662285,Banc,american,40.7432296,-73.9797061,3rd Avenue,
node,1993216326,Nice Matin,french,40.783395,-73.9784022,,https://nicematinnyc.com/
node,2011781571,Polash,indian,40.799638,-73.9385346,3rd Avenue,
node,2014619565,Briciola Pizza Bar,pizza,40.7290902,-74.0034181,Bedford Street,
node,2020727865,Alice,,40.7370855,-73.9986335,West 13th Street,
node,2035810358,Mezze on the River,,40.7113206,-74.0178328,,
node,2070982507,P.J. Clarke's,american,40.7137763,-74.0161159,Vesey Street,https://pjclarkes.com/location/on-the-hudson/
node,2070984265,Mamajuana Cafe,,40.8664492,-73.9280511,Dyckman Street,https://mamajuana-cafe.com/locations/dyckman/
node,2077086317,Mermaid Inn,seafood,40.7797955,-73.9768031,Columbus Avenue,
node,2081537413,Bonchon Chicken,chicken;korean;sushi,40.7474363,-73.9850203,5th Avenue,
node,2081539634,LOVE Korean BBQ,chicken;korean,40.7471688,-73.9852137,5th Avenue,https://lovekoreanbbq.com/
node,2089444284,Pappardella,italian,40.7793384,-73.9776644,Columbus Avenue,https://www.pappardella.com/
node,2089444285,The Smith,american,40.7716005,-73.9818679,Broadway,https://thesmithrestaurant.com/
node,2091642033,Trattoria iL Gusto,italian,40.7892574,-73.9698327,Columbus Avenue,https://ilgustowinebar.com
node,2108362680,Saba's Pizza,pizza,40.7832708,-73.9779816,Amsterdam Avenue,http://www.sabaspizzanyc.com
node,2111692827,Kouzan,japanese,40.7921778,-73.9714835,Amsterdam Avenue,https://www.kouzanny.com/
node,2113159210,Spice,thai,40.7842712,-73.9772503,Amsterdam Avenue,https://www.spicethainyc.com/
node,2113159212,WAU,malaysian,40.7844415,-73.9776143,Amsterdam Avenue,https://waunyc.com
node,2114001662,Outback Steakhouse,american;steak,40.742262,-73.991796,,
node,2115186642,Phò Viêt,vietnamese,39.1791653,-96.5621764,Poyntz Avenue,
node,2125873482,Rudraks,indian,40.7930225,-73.9713526,Amsterdam Avenue,
node,2125873488,Pio Pio,peruvian,40.7929325,-73.97142,Amsterdam Avenue,https://www.piopio.com/locations/upper_west_side.html
node,2125873489,Jing Fong Restaurant,,40.7827246,-73.9789347,Amsterdam Avenue,https://jingfongny.com
node,2131698464,Pig & Khao,filipino,40.7841916,-73.9773072,Amsterdam Avenue,https://www.pigandkhao.com
node,2131791182,Bohemian Spirit Restaurant,czech;brunch,40.769058,-73.9565904,East 73rd Street,https://bohemianspiritrestaurant.com/
node,2134025590,Del Frisco's Double Eagle Steakhouse,steak_house,40.7593243,-73.9816604,6th Avenue,https://delfriscos.com/steakhouse/new-york/
node,2178443636,Parkside Lounge,,40.7210809,-73.9832025,East Houston Street,https://www.parksidelounge.net/
node,2183010450,Bobby Van's,,40.7061255,-74.0110467,,
node,2183010451,Bombay Cuisine,indian,40.7034829,-74.011087,,
node,2183010463,Giardino D'Oro,italian,40.7074557,-74.0072562,Gold Street,https://giardinodoro.com
node,2183010489,Chinah,chinese,40.7069584,-74.0072664,Maiden Lane,https://chinah.kitchen
node,2183010570,Blue Ribbon Sushi Bar & Grill,sushi,40.7079524,-74.0078296,William Street,
node,2183039959,Raj's Indian Kitchen,indian,40.7089962,-74.0090796,Nassau Street,
node,2183891964,Cipriani,,40.7061385,-74.0093922,Wall Street,
node,2183891975,Nikoniko Sushi Bowl,japanese,40.7055979,-74.0077325,,
node,2183891976,Taste of Tokyo,japanese,40.7051087,-74.0096903,Beaver Street,https://www.tasteoftokyony.com
node,2183891980,Centric,,40.7052024,-74.0080678,Wall Street,http://www.urbanspoon.com/cities/3-new-york/restaurants/1890823-dina-rata/menu
node,2184799443,Lobster Place,seafood,40.7424674,-74.005715,,https://lobsterplace.com/
node,2186614176,Wall Street Grill,,40.704892,-74.0085955,,
node,2186614177,Delmonico's,steak_house,40.705042,-74.0102055,Beaver Street,http://www.delmonicosny.com
node,2186614181,Hale & Hearty Soup,,40.7051928,-74.0109499,,
node,2186614182,Harry's,steak_house,40.7046606,-74.0097725,,https://www.harrysnyc.com
node,2186614185,Joseph's Ristorante,italian,40.7048541,-74.0095999,Hanover Square,https://www.josephsnyc.com
node,2186614188,Lenwich,breakfast;sandwich,40.7047709,-74.0088362,Hanover Square,https://www.lenwich.com/location/financial-district-hanover/
node,2186614191,The Original Soupman,,40.7046731,-74.0089587,,
node,2195218446,Village Square Pizza,pizza,40.7923725,-73.9738366,Broadway,https://villagesquarepizzanyc.com/
node,2226852197,Jean-Georges,french,40.7689698,-73.9816665,Central Park West,https://www.jean-georges.com/restaurants/united-states/new-york/jean-georges
node,2226853386,Gallo Nero,italian,40.7598127,-73.9921572,,
node,2237276258,Tavern on Jane,american,40.7382471,-74.0042816,8th Avenue,https://tavernonjane.com/
node,2244644070,maman,,40.7328961,-73.9934793,University Place,
node,2273962587,Marseille,french,40.7597501,-73.991404,9th Avenue,https://marseillenyc.com/
node,2273968599,Westway Diner,,40.7594365,-73.9916409,9th Avenue,www.westwaydinernyc.com/
node,2273972179,Mama Mia 44SW,italian,40.75972,-73.9919266,9th Avenue,www.44southwest.com/
node,2279017957,Fumo,italian,40.8028091,-73.9680501,Broadway,https://www.fumorestaurant.com/location/fumo-upper-west-side/
node,2279536009,The Laurels,mediterranean,40.7325595,-73.9850445,2nd Avenue,https://thelaurelsnyc.com
node,2279542456,IHOP,breakfast;pancake,40.732808,-73.9855592,East 14th Street,https://restaurants.ihop.com/en-us/ny/new-york/breakfast-235-e-14th-st-237-3357
node,2287619730,Thai Terminal,thai,40.7302647,-73.9838635,East 12th Street,
node,2287620130,Mokyo,japanese,40.7271582,-73.9839133,Saint Marks Place,
node,2294803403,Burger Heaven,burger,40.7601912,-73.9749707,East 53rd Street,https://www.burgerheaven.com/
node,2297545260,Gennaro,italian,40.7916482,-73.9718511,Amsterdam Avenue,http://www.gennaronyc.com
node,2297753287,Mido,japanese,40.7900622,-73.9735109,Amsterdam Avenue,https://www.midojapanese.com
node,2297755493,French Roast,,40.7876494,-73.9767024,Broadway,https://www.frenchroastnyc.com/
node,2298854540,Poulet Sans Tête,french,40.7894731,-73.9739492,Amsterdam Avenue,https://www.pouletsanstete.com/location/poulet-sans-tete-upper-west-side/
node,2299770711,Crema,,40.7396323,-73.996068,,
node,2299770712,da Umberto,,40.7395688,-73.9959132,,
node,2300348734,Chote Nawab,indian,40.7424809,-73.982394,Lexington Avenue,https://www.chotenawabnyc.com/
node,2300348739,Haandi,indian,40.7424095,-73.9824519,Lexington Avenue,https://haandiny.com/
node,2300362286,Diner 24,diner,40.7381852,-73.9833938,3rd Avenue,https://diner24nyc.com
node,2300369399,Fred's,,40.7856847,-73.9767189,Amsterdam Avenue,https://www.fredsnyc.com/
node,2302036726,Cafe Joul,french,40.7585693,-73.9625656,1st Avenue,
node,2302043647,Applebee's,american,40.8743152,-73.9096457,West 225th Street,
node,2307164626,Barn Joo Nomad,korean,40.7460666,-73.9902685,Avenue Of The Americas,https://www.barnjoonomad.com
node,2307167700,Izumi,sushi,40.7468975,-73.9922271,West 28th Street,http://www.izumisushiny.com/
node,2310498469,Marlow Bistro,italian,40.802903,-73.9641533,Amsterdam Avenue,https://www.marlowbistro.com/
node,2312065724,Carmine's,italian,40.7911041,-73.9740198,Broadway,https://www.carminesnyc.com/locations/upper-west-side
node,2312065757,Smoke Jazz & Supper Club,american,40.8011187,-73.9682057,Broadway,https://www.smokejazz.com/
node,2322155492,Hell's Kitchen,mediterranean,40.7566987,-73.9941361,9th Avenue,https://www.hkhellskitchen.com/
node,2328223904,The Hummus & Pita Co.,,40.7391381,-73.9957765,,
node,2328279411,J's Pizza,,40.7398784,-73.9989355,,
node,2332341891,Ponte's,italian,40.723424,-74.0104811,Desbrosses Street,
node,2334601455,M-Thai,thai,40.744378,-73.9988791,8th Avenue,www.M-Thainyc.com
node,2345795302,Good Enough To Eat,american,40.7859964,-73.9727711,Columbus Avenue,http://goodenoughtoeat.com/
node,2348610318,Cañave,,40.864409,-73.9288983,Broadway,
node,2351558462,Kashmir 9,pakistani,40.7549873,-73.9948837,9th Avenue,
node,2351558467,Bombay Tandoori,,40.7546155,-73.9949991,,
node,2358048504,Capitaine,seafood,40.7329531,-74.0076386,Greenwich Street,https://www.capitainenyc.com/
node,2358048510,North Square,american;brunch,40.7323868,-73.9986529,,https://northsquareny.com
node,2358048515,Waverly Diner,diner,40.7331105,-74.0001672,6th Avenue,https://waverlydiner.com
node,2366519596,Chelsea Square Restaurant,diner,40.7462866,-74.0012226,,
node,2366519598,Moran's,american,40.7452438,-74.0056781,10th Avenue,http://www.moransrestaurant.com/
node,2377128144,Donnatella,pizza,40.742976,-73.9998997,8th Avenue,http://donatellanyc.com/
node,2377128150,Shaffer’s,,40.7420517,-74.001097,8th Avenue,https://shaffersnyc.com/
node,2377128154,Grand Sichuan Eastern,chinese,40.7425418,-74.0002463,8th Avenue,
node,2377128157,LOULOU,,40.7426738,-74.0001725,8th Avenue,https://www.loulounyc.com/
node,2377128169,Lasagna Ristorante,italian,40.7432349,-73.9997149,8th Avenue,https://lasagnarestaurantchelsea.com
node,2377128176,Da Andrea,italian,40.7420719,-74.0006086,8th Avenue,
node,2377128178,Rocking Horse Cafe,mexican,40.7429148,-73.9999442,8th Avenue,http://rockinghorsecafe.com/
node,2377128179,Dim Sum Chelsea,,40.7446356,-73.9986916,8th Avenue,
node,2377128183,$1 Pizza,pizza,40.7462136,-73.9975429,8th Avenue,
node,2377128186,Temerarion,mexican,40.7434448,-73.9995835,8th Avenue,https://www.temerarionyc.com
node,2377128195,Uncle Nick's Restaurant,greek,40.749067,-73.995471,8th Avenue,https://www.unclenicksgreekcuisine.com/
node,2384892236,The Ellington,,40.8008613,-73.9682637,Broadway,https://www.theellingtonny.com
node,2384892243,Serafina,,40.800492,-73.9682823,Broadway,https://serafinawest105.com
node,2407447000,Pad Thai,thai;japanese,40.749979,-73.9953383,8th Avenue,https://www.padthai8thave.com/
node,2407447001,Pio Pio Riko,peruvian;chicken,40.750033,-73.995284,8th Avenue,https://www.piopio.com/
node,2407891431,The Pho 2,,40.7457288,-73.998418,8th Avenue,
node,2408375729,Dallas BBQ,barbecue,40.7456072,-73.9987643,8th Avenue,https://www.dallasbbq.com/chelsea
node,2409398826,Nina's Great Burrito Bar,mexican,40.7860514,-73.9727433,Columbus Avenue,http://ninasgreatburritobar.com/
node,2409398831,Viand,,40.7856099,-73.9725709,Columbus Avenue,https://theviand.com
node,2409398838,The Consulate,french,40.7858452,-73.9723966,Columbus Avenue,https://www.machiavellinyc.com/
node,2409935351,Chelsea Cottage's Viet Grill,vietnamese,40.7460875,-74.0013739,9th Avenue,
node,2409935353,Famous Original Ray's Pizza,pizza,40.7460286,-74.0014102,9th Avenue,famousoriginalrayschelsea.com
node,2409946234,The Meatball Company,,40.7458946,-74.0014911,9th Avenue,https://www.themeatballshop.com/locations/#chelsea
node,2410485653,Qanoon,palestinian,40.7452195,-74.0020025,9th Avenue,https://www.qanoonnyc.com
node,2411275799,Dil e Punjab Deli,indian,40.7446425,-74.0024036,9th Avenue,
node,2411595316,Omai,vietnamese,40.7442217,-74.0027401,9th Avenue,https://omainyc.com/
node,2411595856,Tipsy Parson,,40.7441697,-74.0027774,9th Avenue,https://www.tipsyparson.com/
node,2411819330,Salinas,spanish,40.7436469,-74.0031642,9th Avenue,https://salinasnyc.com/
node,2412370159,Olde City,sandwich,40.7435996,-73.98616,Madison Avenue,https://www.loveoldecity.com/
node,2414094435,Tarallucci e Vino,italian,40.7843578,-73.973482,Columbus Avenue,https://www.taralluccievino.net/upper-west-side-location
node,2443892142,La Vera Pizza,pizza,40.7943168,-73.9724172,Broadway,https://www.laverapizzanycbroadway.com
node,2451205652,Barney Greengrass,bagel,40.7879651,-73.9745536,Amsterdam Avenue,https://www.barneygreengrass.com/
node,2470101867,Cantina Cubana,cuban;mexican,40.7220509,-73.9832277,Avenue B,
node,2477336967,Raoul's,french,40.7262443,-74.002053,Prince Street,
node,2478495089,BLT Fish,seafood,40.738528,-73.993377,West 17th Street,http://bltfish.com/
node,2478495091,Aldea,spanish,40.7387251,-73.9937954,West 17th Street,https://aldearestaurant.com/
node,2478897572,Hollywood Diner,diner,40.7387142,-73.9956231,6th Avenue,
node,2478897589,Flavabom,,40.7394173,-73.9951134,6th Avenue,
node,2478897615,Guac Time,mexican,40.7395596,-73.9954916,6th Avenue,https://www.guactimenyc.com/
node,2479458329,Hakata TonTon,japanese,40.7499004,-73.985695,West 35th Street,https://www.hakatatonton.net/
node,2479519219,Dinosaur Bar-B-Que,barbecue,40.8181449,-73.9608188,West 125th Street,https://dinosaurbarbque.com/
node,2482618660,American Cut,steak,40.7191271,-74.0101564,Greenwich Street,https://www.americancutsteakhouse.com/
node,2487458479,Golden Unicorn,chinese,40.7136218,-73.9970903,East Broadway,https://www.goldenunicornrestaurant.com/
node,2491354222,Katsu Hama,japanese,40.7564397,-73.9775373,East 47th Street,
node,2491354223,Sushi-tei,japanese,40.7563919,-73.9775762,East 47th Street,
node,2491359318,Go! Go! Curry!,japanese,40.7544471,-73.9906058,West 38th Street,
node,2494160625,San Marzano,italian,40.7279733,-73.9883791,2nd Avenue,http://www.sanmarzanonyc.com/
node,2494160674,"Paul's ""Da Burger Joint""",burger,40.7285199,-73.9879471,2nd Avenue,https://paulsburgersnyc.com
node,2494161089,Mr. Keke,ramen,40.7290829,-73.990007,Cooper Square,https://www.mrkeke.net/restaurant-location-manhattan
node,2501564501,Dim Sum Go Go,chinese,40.7132723,-73.9977424,East Broadway,
node,2501567185,Harlem Maison,,40.8121987,-73.9516713,,
node,2501572681,Chat n Chew,american;burger,40.7369154,-73.9920567,East 16th Street,https://chatnchewnyc.com/
node,2516877509,Txikito,basque,40.7473898,-74.0004115,9th Avenue,https://www.txikitonyc.com/
node,2517051874,Riverpark,american,40.7395197,-73.9734647,East 29th Street,https://www.riverparknyc.com/
node,2522452461,Port Sa'id,mediterranean,40.7279023,-74.0070286,King Street,https://www.portsaidnyc.com/
node,2524934986,Sala Thai,thai,40.780121,-73.9803132,Amsterdam Avenue,https://salathainyc.com
node,2524934996,Gari Columbus,japanese;sushi,40.7811731,-73.976285,Columbus Avenue,https://www.sushiofgari.com
node,2535746178,Arco Cafe,sardinian,40.7987331,-73.9672189,Amsterdam Avenue,
node,2535746180,The Tang,chinese,40.7999569,-73.9663012,Amsterdam Avenue,https://www.thetangnyc.com
node,2535746193,New Kam Lai,chinese,40.7988031,-73.9671681,Amsterdam Avenue,http://www.newkamlai.com/
node,2535746194,Noche Mexicana,mexican,40.7974215,-73.9681317,Amsterdam Avenue,https://www.noche-mexicana.com
node,2535746197,Tacqueria 86,mexican,40.7929735,-73.9721553,West 94th Street,https://www.taqueria86.com
node,2535746198,Calaveras Corner,mexican,40.8006621,-73.9657815,Amsterdam Avenue,https://calaverascorner.com
node,2535746202,Plum,vietnamese,40.7930112,-73.9722352,West 94th Street,https://plumny.com/
node,2546985593,Dim Sum Palace,chinese,40.7259382,-73.989838,2nd Avenue,https://www.dimsumpalace.com
node,2547036945,The GRID,american,40.7279432,-73.9942997,,https://greatjonesdistillingco.com/restaurant/
node,2547067899,Ballato,italian,40.7245967,-73.9945106,East Houston Street,
node,2547110366,Dos Caminos,mexican,40.7266689,-73.9999718,West Broadway,https://www.doscaminos.com/soho/
node,2547114752,Linen Hall,american;pub;brunch,40.7323434,-73.9876343,3rd Avenue,https://linenhallnyc.com
node,2547114904,Bánh Anh Em,vietnamese,40.7322913,-73.987672,3rd Avenue,https://www.banhanhem.com
node,2547121461,Hags,eclectic,40.7289736,-73.984523,1st Avenue,https://hagsnyc.com
node,2547121482,Love Mama,malaysian;thai;vietnamese,40.7304045,-73.9861256,2nd Avenue,https://lovemamanyc.com
node,2547155241,Dumpling Xi,chinese,40.731052,-73.9902313,4th Avenue,https://www.dumplingxiny.com/
node,2547155245,Tim Ho Wan,dim_sum;chinese,40.7313326,-73.9901504,4th Avenue,https://timhowanusa.com
node,2547193376,Leon's,continental,40.733256,-73.9914891,East 12th Street,https://www.leonsnyc.com
node,2547205472,Sauerkraut Fish,chinese,40.732334,-73.9881047,,https://sauerkrautfish9855.com
node,2547208990,Glaze Teriyaki,japanese;teriyaki,40.7343063,-73.9926464,University Place,https://glaze.com
node,2547208994,Osteria Figa,,40.7342725,-73.99338,East 12th Street,
node,2547209021,Pranakhon,thai,40.7336934,-73.9931603,University Place,https://www.pranakhonnyc.com/
node,2547223602,Manuela,,40.725385,-74.000397,Prince Street,https://manuela-nyc.com
node,2547241551,La Pecora Bianca,italian,40.723501,-73.9963078,Prince Street,https://www.lapecorabianca.com
node,2547241563,Santo Taco,mexican,40.7213614,-73.997634,Kenmare Street,https://eatsantotaco.com/
node,2547241584,Ruby's,american;breakfast,40.7223038,-73.9962281,Mulberry Street,https://www.rubyscafe.com/location/soho/
node,2547241630,Champers Social Club,french;breakfast,40.7214887,-73.9988518,Crosby Street,https://champerssocialclub.com
node,2547241666,Upside Pizza,pizza,40.7221019,-73.9964217,Spring Street,https://www.upsidepizza.com/
node,2547242036,Jack’s Wife Freda,mediterranean;american;brunch,40.7222872,-73.9973743,Lafayette Street,https://jackswifefreda.com
node,2547245925,Grand Street Social,american,40.7198827,-73.9990098,Grand Street,https://grandstreetsocial.com/
node,2547246942,Rintintin,mediterranean,40.7212696,-73.9948289,Spring Street,https://www.rintintinnyc.com
node,2547246978,Thai Diner,thai,40.7207443,-73.9957016,Mott Street,https://www.thaidiner.com
node,2547247040,Piacere,italian,40.7196837,-73.9951032,Broome Street,https://www.piacerenyc.com
node,2547247074,Ki Mi Ka,asian;italian;eclectic,40.7205649,-73.9951708,Kenmare Street,https://www.kimikanyc.com
node,2549926661,Sunny & Annie’s Deli,,40.7246357,-73.9816786,Avenue B,
node,2549928453,Tabetomo,japanese,40.7268801,-73.9831148,Avenue A,
node,2549933013,Ruby's Cafe,australian,40.7436106,-73.9798874,3rd Avenue,https://www.rubyscafe.com/location/murray-hill/
node,2549952990,Mamazul Mexican Grill,mexican,40.7444738,-73.9890362,Broadway,https://www.mamazulnyc.com/
node,2549960961,Hee Korean BBQ Grill,korean,40.7453942,-73.9912033,6th Avenue,
node,2550012191,Bar Moga,japanese;cocktails,40.7277615,-74.0011504,West Houston Street,https://www.barmoga.com/
node,2550012289,Mermaid Oyster Bar,seafood,40.7291484,-74.00137,MacDougal Street,
node,2550046876,Artichoke Pizza,pizza,40.7299487,-74.0006561,MacDougal Street,https://www.artichokepizza.com/location/artichoke-basille-pizza-greenwich-village/
node,2550046894,Senza Gluten,italian;coffee,40.7290193,-74.0003692,Sullivan Street,https://senzaglutennyc.com/
node,2550051075,Saolea,thai,40.7312727,-74.0003054,West 4th Street,https://www.saoleanyc.com/
node,2550051106,Tue Thai Food,thai,40.7338979,-73.9998082,Greenwich Avenue,https://www.tuethainyc.com
node,2550067182,Amelie Wine Bar,,40.7326969,-73.9976557,West 8th Street,https://www.ameliewinebar.com
node,2550112940,Amber,japanese,40.7761285,-73.9794669,Columbus Avenue,https://www.ambergroupnyc.com/amberupperwest/
node,2550112961,Il Violino,italian,40.7750226,-73.9807865,Columbus Avenue,http://ilviolinony.com/
node,2550551526,Super Burrito,mexican,40.7289369,-74.0001861,Bleecker Street,
node,2550551537,Marumi,sushi,40.7289859,-73.9983587,La Guardia Place,https://www.marumi.nyc
node,2550551547,Springbone Kitchen,soup,40.7298843,-73.9992546,West 3rd Street,
node,2550784964,Bin 141,,40.7238055,-73.9853496,Avenue A,https://bin141.com
node,2554956153,Sonnyboy,australian,40.7205179,-73.9900978,Rivington Street,https://sonnyboynyc.com/
node,2555098012,Da Gennaro,italian,40.7182848,-73.9979936,Hester Street,
node,2555098016,Jing Fong,chinese,40.7188891,-73.9990644,Centre Street,https://jingfongny.com/
node,2555098984,Umberto’s Clam House,italian,40.7184479,-73.9976239,Mulberry Street,
node,2555098986,La Nonna,italian,40.7185144,-73.9975852,Mulberry Street,
node,2555098987,Paesano's,italian,40.7185789,-73.997542,Mulberry Street,
node,2555099012,Caffe Napoli,italian,40.7182017,-73.9977587,Hester Street,
node,2555099021,Shoo Shoo Nolita,mediterranean,40.7201124,-73.9961673,Broome Street,https://shooshoonolita.com
node,2555123793,Jisu Vegetarian,chinese,40.7160659,-73.9953076,Canal Street,
node,2555123807,Lena,french,40.7191105,-73.9915999,Eldridge Street,https://www.lena-nyc.com
node,2555123848,Ming Kee Kitchen,chinese,40.7182655,-73.994642,Grand Street,
node,2555128944,V-Nam Cafe,vietnamese,40.7235425,-73.9880361,1st Avenue,https://vnamcafe.com/
node,2555135956,TsuruTonTan,japanese,40.7367779,-73.9910723,East 16th Street,https://www.tsurutontan.com
node,2562116088,Santo Taco,,40.7338821,-73.9930035,University Place,
node,2562374842,Oceans,seafood,40.7375364,-73.9880227,Park Avenue South,https://oceansnewyork.com
node,2562374854,Tappo,pizza,40.739375,-73.988712,East 21st Street,https://www.nycthincrust.com/location/tappo-thin-crust/
node,2562432504,Rockmeisha,japanese,40.7316362,-73.9828499,East 14th Street,
node,2562438634,Corner Social,,40.8086893,-73.9451659,Lenox Avenue,https://cornersocialnyc.com/
node,2562438637,Caribbean Starr,caribbean,40.8070737,-73.9456305,Lenox Avenue,
node,2562442598,Lucia Pizza,italian_pizza,40.7213965,-74.0043967,Canal Street,
node,2562444051,Taureau,fondue,40.7244662,-74.0056631,Broome Street,https://taureaunyc.com
node,2562449527,Ueki,sushi,40.7292006,-74.0038916,Downing Street,https://www.uekisushi.com/
node,2562449550,Ama on Downing,seafood,40.7293143,-74.0039637,Downing Street,
node,2562450556,Charley Bird,,40.7277301,-74.0028571,King Street,
node,2562454103,Wolfnights - the gourmet wrap,,40.7306001,-74.0025218,Bleecker Street,
node,2562454109,Tacombi,mexican,40.7310966,-74.0027945,Bleecker Street,https://tacombi.com/locations/bleecker-street
node,2562463952,Via Carota,italian,40.73311,-74.0036496,Grove Street,https://www.viacarota.com
node,2563930242,Da Mikele,italian,40.7185032,-74.0048891,Church Street,http://luzzosgroup.com/about-us-damikele
node,2563985396,Funny BBQ 98,chinese,40.7176912,-73.9954117,Bowery,https://funnybbq98ny.com/
node,2563985397,Tofu Tofu,korean;chicken,40.7176273,-73.995453,,
node,2563985399,Sapori,italian,40.7174168,-73.9985548,Mulberry Street,
node,2563985408,Il Cortile,italian,40.7179541,-73.9981923,Mulberry Street,
node,2563985409,Casa Bella,italian,40.7180735,-73.9981277,Mulberry Street,
node,2563986220,Nickel & Diner,diner,40.7188128,-73.9995074,Howard Street,https://www.nickelanddiner.com
node,2563990327,Pasteur,vietnamese,40.7167115,-73.9997085,Baxter Street,https://www.pasteurgrill.com
node,2565698836,Benvenuto Cafe Tribeca,,40.7193052,-74.0100953,Greenwich Street,https://www.benvenutocafe.com/
node,2565702295,Yves,,40.7201805,-74.009907,North Moore Street,
node,2565708098,One White Street,,40.719282,-74.0059677,White Street,https://www.onewhitestreetnyc.com/
node,2565708108,Bubby's,,40.7198226,-74.0084234,Hudson Street,http://bubbys.com/tribeca/
node,2565708227,Pepolino,italian,40.7207599,-74.0048947,West Broadway,https://www.pepolino.com
node,2565861094,M & J,japanese;sushi,40.729234,-73.9780195,East 14th Street,
node,2567528714,Soda Club,wine;pasta,40.7266906,-73.9798946,Avenue B,https://www.overthrowhospitality.com/venues/sodaclub
node,2567547039,Beauty & Essex,,40.7204577,-73.9870469,Essex Street,
node,2567547060,Serafina Ludlow,italian,40.720194,-73.9884455,Rivington Street,https://www.serafinarestaurant.com/
node,2567548319,Kalye,filipino,40.7198585,-73.987917,Rivington Street,https://www.kalye.com/
node,2567553147,New Spicy Village,chinese,40.7184544,-73.9916942,Eldridge Street,
node,2567558483,Yuki Sushi,sushi;japanese,40.7160572,-73.9922758,Allen Street,
node,2567558503,Lian Jiang,chinese,40.7143686,-73.9938106,Division Street,https://lianjiangnytogo.com/
node,2567561127,Sobak,korean,40.7149394,-73.9916253,Canal Street,
node,2567573171,Malatesta,italian,40.7328272,-74.0084565,Washington Street,https://www.malatestanyc.com/
node,2569050392,Da Andrea,italian,40.7361321,-73.995801,West 13th Street,https://www.daandreanyc.com/
node,2569053997,Shu Han Ju,,40.7355636,-73.9983744,6th Avenue,
node,2569065493,Wogies,sandwich,40.7353785,-74.0005664,Greenwich Avenue,https://wogies.com/
node,2569065499,Elephant and Castle,,40.7362261,-74.0007468,Greenwich Avenue,
node,2569069142,Empellon Taqueria,,40.7341405,-74.0030338,West 4th Street,https://www.empellon.com/location/taqueria/
node,2569070082,Sevilla,,40.7348424,-74.0030609,Charles Street,
node,2569259858,Cowgirl,,40.7338239,-74.0064618,Hudson Street,https://cowgirlnyc.com/
node,2569259873,Anton's,american,40.7356858,-74.0058055,Hudson Street,https://www.antonsnyc.com/
node,2569266641,Catch NYC,seafood,40.7402994,-74.006242,9th Avenue,https://catchrestaurants.com/catchnyc/
node,2569266670,Valbella,italian,40.7408702,-74.0070261,West 13th Street,https://www.valbellarestaurants.com/
node,2569266715,Serafina,,40.7396132,-74.0065802,9th Avenue,http://meatpacking.serafinarestaurant.com/
node,2569267822,Cleo,american;brunch,40.7380489,-74.0057854,Hudson Street,https://www.cleodowntown.com/
node,2569269971,Arthur & Sons,italian,40.7380098,-74.0040853,8th Avenue,https://arthurandsonsnyc.com/
node,2573054489,Bobby Van's Steakhouse - Park Ave,steak_house,40.7543448,-73.975626,Park Avenue,https://www.bobbyvans.com/park-ave.html
node,2583212035,Verdello,italian,40.8011509,-73.9617243,Columbus Avenue,https://verdello.nyc
node,2583212038,Miss Mamie's Spoonbread Too,american;southern,40.8014541,-73.9609048,West 110th Street,https://spoonbreadinc.com/
node,2583212040,Koo Thai,thai,40.7983898,-73.9632427,Columbus Avenue,
node,2592129908,Han Dynasty,chinese,40.7875393,-73.9764459,West 85th Street,https://www.handynasty.net/location/han-dynasty-upper-west-side/
node,2592129994,Miriam,middle_eastern,40.7801424,-73.980766,Amsterdam Avenue,https://uws.miriamrestaurant.com
node,2592130001,Eléa,greek,40.7875985,-73.9766092,West 85th Street,https://eleanyc.com/
node,2592130002,RedFarm,chinese,40.7820656,-73.9806301,Broadway,https://redfarmnyc.com/
node,2592130004,Serafina,italian,40.782208,-73.9805845,Broadway,http://uws.serafinarestaurant.com/
node,2592130005,Gazala's,druze;syrian,40.7845848,-73.9770343,Amsterdam Avenue,https://gazalasrestaurant.com
node,2592264878,Blue Ginger,japanese,40.7405843,-74.0016421,8th Avenue,
node,2592264880,Chelsea Ristorante Italiano,italian,40.7406485,-74.0015951,8th Avenue,https://www.chrnyc.com/
node,2592264896,Ramen Ishida,ramen,40.7405215,-74.0016881,8th Avenue,https://ramenishidachelsea.com/
node,2603955343,Ecuatoriana Restaurant,ecuadorian,40.8241234,-73.9481734,,
node,2603955421,La Esquina del Salmon,,40.8214023,-73.954469,,
node,2610440246,Burger Man,,40.7604501,-73.9839884,7th Avenue,
node,2610440248,Pink Taco,mexican,40.7554443,-73.987112,,
node,2610440251,La Pecora Bianca,italian,40.7617606,-73.9844226,Broadway,https://www.lapecorabianca.com/location/theater-district/
node,2611479030,Buffalo Wild Wings,wings,40.7309843,-73.983062,,
node,2611479031,Fattoush,mediterranean,40.7308818,-73.9831335,,
node,2611479035,Veeray Da Dhaba,indian,40.7307963,-73.9827498,,
node,2611479038,Onion Tree Pizza Co,pizza,40.7304977,-73.9829866,1st Avenue,
node,2611479042,Gena's Grill,,40.7303986,-73.9830423,,
node,2611490850,Motorino,pizza,40.7302858,-73.9839142,East 12th Street,https://www.motorinony.com/location/east-village/
node,2611490851,S'MAC,macaroni_and_cheese,40.7301897,-73.9836385,1st Avenue,https://www.eatsmac.com
node,2611490853,Sao Mai,vietnamese,40.7303381,-73.9835297,,https://saomainyc.com/
node,2613888352,Rosemary's,italian,40.7558548,-73.970447,3rd Avenue,https://www.rosemarysnyc.com/location/rosemarys-midtown/
node,2621558446,Hill Country Barbecue Market,barbecue,40.7442736,-73.9904326,West 26th Street,https://www.hillcountry.com
node,2621558482,Latin American Restaurant,latin_american,40.7443244,-73.9900461,West 26th Street,
node,2622180738,Pizza a Casa - Pizza School,pizza,40.7163894,-73.9887152,Grand Street,https://pizzaschool.com/
node,2623550902,44 & X,american,40.7609658,-73.994264,10th Avenue,https://44andx.com/
node,2623550909,The Marshal,american,40.7612529,-73.994034,10th Avenue,https://www.the-marshal.com/
node,2630078319,Kofoo,korean;deli,40.7427924,-73.9920482,West 23rd Street,http://www.kofoony.com/
node,2631523821,Mariella Pizza,pizza,40.7692128,-73.9629325,,
node,2637741647,Water & Wheat,italian,40.7900085,-73.9748353,Broadway,https://www.waterandwheatnyc.com/location/water-and-wheat2/
node,2637741648,Effy's Café,mediterranean,40.7929644,-73.9682281,West 96th Street,https://www.effyscafe.com
node,2641379134,JR Sushi 2,sushi,40.7152802,-74.009614,West Broadway,http://jrsushi.com/
node,2652371191,V&T Pizzeria,italian;pizza,40.8033532,-73.9638344,Amsterdam Avenue,https://vtrestaurantpizzeria.com
node,2676076063,Serra Alpina,italian,40.7423105,-73.9898043,5th Avenue,https://www.eataly.com/us_en/stores/nyc-flatiron/serra-by-birreria/
node,2676085860,Stix,,40.739754,-73.9857245,,
node,2676085867,Pio Pio,peruvian,40.7796578,-73.9471089,1st Avenue,https://www.piopio.com/locations/upper_east_side.html
node,2676979135,Bond 45,italian,40.7592344,-73.9863162,West 46th Street,https://www.bond45ny.com
node,2678466842,Bubba Gump Shrimp Company,seafood,40.7572318,-73.9863898,Broadway,https://www.bubbagump.com/locations/new-york-city/
node,2678783476,Applebee's,american,40.7614452,-73.9837559,West 50th Street,https://restaurants.applebees.com/en-us/ny/new-york/205-w-50th-street-98001
node,2678783479,Ellen's Stardust Diner,american,40.7618484,-73.9835031,Broadway,https://www.ellensstardustdiner.com/
node,2689589690,Blue Fin,seafood,40.7592453,-73.9853339,Broadway,https://www.bluefinnyc.com/
node,2689589693,Havana Central,,40.7583345,-73.9841851,West 46th Street,https://havanacentral.com/
node,2698702585,The Flame,greek;diner,40.7685722,-73.985481,9th Avenue,https://www.theflamediner.com/
node,2702831833,Fatbird,american,40.7410242,-74.0049583,9th Avenue,
node,2702857187,Jet's Pizza,pizza,40.7430204,-74.0036128,9th Avenue,https://www.jetspizza.com
node,2703043873,Oiji Mi,korean,40.7396655,-73.9924935,West 19th Street,https://www.oijimi.com
node,2703044063,CAVA,mediterranean,40.7416972,-73.9934425,Avenue Of The Americas,
node,2703083220,Malibu Diner,diner,40.7438586,-73.9946656,West 23rd Street,https://malibudinernyc.nyc/
node,2703092686,Fle-Fle Grill,,40.7450671,-73.9983943,8th Avenue,https://fleflegrill.com/
node,2703092691,Lions & Tigers & Squares Detroit Pizza,pizza,40.74506,-73.9983358,West 23rd Street,
node,2703169719,Grand Sichuan,chinese,40.74735,-74.000974,9th Avenue,http://www.grand-sichuan.com
node,2703242507,Shukette,,40.7471473,-74.0005212,,
node,2703449252,Pennsylvania 6,american,40.7483929,-73.9906659,West 31st Street,https://pennsylvania6nyc.com
node,2703449303,Niles NYC,american,40.7488386,-73.9919696,7th Avenue,https://www.nilesnyc.com/
node,2703449326,Sendo,,40.7479225,-73.9889275,6th Avenue,https://sendo.nyc/
node,2703449330,Yong Kang Street,noodle,40.7482027,-73.9887195,6th Avenue,
node,2704034237,Casa Mono,tapas;spanish,40.7359257,-73.9871655,Irving Place,https://casamononyc.com
node,2704042931,Manhattan Indian Flavor,indian,40.7350273,-73.9832212,2nd Avenue,https://manhattanindianflavor.com
node,2704042962,L'Angeletto,italian,40.735401,-73.9829582,2nd Avenue,https://langeletto.com
node,2704081049,Rolf's,german,40.737989,-73.983522,3rd Avenue,https://rolfsnyc.com
node,2704104197,Bao Bao Cafe,chinese,40.7408893,-73.9835474,Lexington Avenue,
node,2704110111,Mexico Lindo,mexican,40.7397696,-73.9797637,2nd Avenue,
node,2704114395,Sahara's,turkish,40.7414352,-73.9785461,,https://www.saharamanhattan.com
node,2704131493,Little Basil,thai,40.7410605,-73.9822863,East 26th Street,
node,2704131516,Street Taco,mexican,40.7408917,-73.981874,3rd Avenue,https://www.streettacony.com
node,2704131545,Kailash Parbat,indian,40.7420659,-73.9826947,Lexington Avenue,http://www.kailashparbatny.com
node,2705024402,Chez Jacqueline,,40.7282859,-74.0017773,,
node,2705025714,Marcella,pizza,40.7280654,-74.0017062,West Houston Street,
node,2705025715,Song’ E Napule,pizza;italian,40.7281274,-74.001839,West Houston Street,https://songenapule.us/
node,2705025716,Comodo,latin_american,40.727606,-74.0023607,MacDougal Street,
node,2705029788,12 Chairs,mediterranean,40.7275501,-74.0024076,MacDougal Street,
node,2705031347,Mee Noodle Shop,chinese,40.7653574,-73.9878362,9th Avenue,https://www.meenoodle795.com/
node,2705031348,Norma,italian,40.765547,-73.9876852,9th Avenue,https://www.normarestaurant.com/
node,2706005871,Morton's The Steakhouse,steak_house,40.7096869,-74.0139312,Washington Street,https://www.mortons.com/location/mortons-the-steakhouse-new-york-ny-world-trade-center/
node,2706005872,Bill's Bar and Burger,burger,40.7094546,-74.014076,West Street,https://www.billsbarandburger.com/location/bills-bar-and-burger-downtown-nyc/
node,2706009357,Skinos,,40.709192,-74.0138424,Washington Street,
node,2706606330,Insomnia Cookies,cookie,40.8034774,-73.9637428,Amsterdam Avenue,
node,2706918154,Lahori Kabab,pakistani,40.742323,-73.9828805,,
node,2706939803,Nonono,,40.745401,-73.9848544,Madison Avenue,
node,2707689757,Dear Margo,,40.7689644,-73.9630886,Lexington Avenue,
node,2708083610,Jams,,40.7647657,-73.9766475,Avenue Of The Americas,
node,2708133479,Estiatorio Milos,,40.7636288,-73.9791548,West 55th Street,https://www.estiatoriomilos.com/restaurant/new-york-midtown/
node,2708133494,Astro Restaurant,greek;diner,40.7632094,-73.9782428,6th Avenue,https://astrorestaurant.com
node,2708133546,Soulvlaki GR,greek,40.7646369,-73.9802846,West 56th Street,
node,2708164827,La Esquina,mexican,40.764288,-73.981397,West 55th Street,https://www.esquinanyc.com/location/la-esquina-nyc-midtown/
node,2708164917,Thai Chai Kitchen,thai,40.7654403,-73.9835817,8th Avenue,https://www.chaithaikitchen.com/
node,2709306570,Donsbogam Original,asian,40.746788,-73.9843691,East 32nd Street,
node,2709306713,BCD Tofu House,korean,40.7475091,-73.9860606,West 32nd Street,https://www.bcdtofuhouse.com
node,2709335829,Vezzo,pizza,40.7444593,-73.9813057,Lexington Avenue,https://www.nycthincrust.com/location/vezzo-thin-crust/
node,2709347075,Medium Rare,steak_house,40.7453122,-73.9787228,3rd Avenue,https://www.mediumrarerestaurant.com/nyc
node,2709493872,Pastrami and Grill,,40.7552441,-73.9945593,West 37th Street,
node,2709629959,Snack EOS,greek,40.7563648,-73.9939169,9th Avenue,http://www.snackeos.com/
node,2709629964,La-Sani Grill,mediterranean,40.7571191,-73.9938012,9th Avenue,https://lasanimadewithlove.com/
node,2709629973,Upside Pizza,pizza,40.7551601,-73.9910642,8th Avenue,
node,2709702235,Mexicue,mexican,40.7541088,-73.9860614,Broadway,https://www.mexicue.com/location/times-square
node,2709860719,Mémé Mediterranean,mediterranean,40.7609011,-73.9947642,10th Avenue,http://mememediterranean.com
node,2709878727,Mr Bigg's Bar & Grill,,40.7603332,-73.9947365,10th Avenue,http://www.mrbiggsbargrill.com
node,2709892566,Senza Gluten by Jemiko,italian,40.7610811,-73.9941852,10th Avenue,https://senzaglutenbyjemiko.com/
node,2709897865,The History,,40.7605282,-73.9913287,9th Avenue,
node,2709897877,Kochi,korean,40.7620108,-73.9935128,10th Avenue,https://kochinyc.com
node,2709915241,Qi,thai,40.7620625,-73.9897658,9th Avenue,http://www.chaanteng.com/
node,2709967732,Wondee Siam,,40.7647706,-73.987788,9th Avenue,
node,2709967734,The Meatball Shop,regional,40.7651951,-73.9874674,9th Avenue,https://www.themeatballshop.com/location/the-meatball-shop-hells-kitchen/
node,2710031782,Churrascaria Plataforma,brazilian;steak_house,40.7620192,-73.987651,West 49th Street,https://plataformaonline.com
node,2710031799,Times Square Diner & Grill,diner,40.7615479,-73.9868708,8th Avenue,https://ordertimessquarediner.com/
node,2710091465,Harry Cipriani,italian,40.7643866,-73.972705,5th Avenue,https://www.cipriani.com/
node,2710195176,Rubby Pizzeria Restaurant,pizza,40.7687413,-73.9886105,10th Avenue,
node,2710845397,Villa Berulia,italian,40.7469172,-73.9805077,East 34th Street,
node,2710917577,Mad Dog & Beans Mexican Cantina,mexican,40.7507533,-73.9819745,East 38th Street,https://www.maddogandbeans.com
node,2711029303,Mr Chow,chinese,40.7587671,-73.9644197,East 57th Street,https://www.mrchow.com
node,2711174997,Yezo Isankaya,thai,40.7542073,-73.968608,East 49th Street,https://www.yezonyc.com/
node,2711221740,The Smith,american,40.7552632,-73.968022,2nd Avenue,
node,2711232711,P.J. Clarke’s,,40.7589826,-73.9682301,3rd Avenue,https://pjclarkes.com/third-avenue/
node,2711393424,Wollensky's Grill,,40.755098,-73.9707185,East 49th Street,
node,2711393442,Tensai Udon House,japanese,40.7559526,-73.9693724,East 51st Street,https://www.tensainyc.com/
node,2711639355,Barnes Bistro,,40.7530685,-73.9716289,East 46th Street,
node,2711639380,Zara Terrace,turkish;mediterranean,40.7524053,-73.9700918,2nd Avenue,https://www.zaraterrace.com/
node,2711639392,Angeletto,italian,40.7531439,-73.9695683,2nd Avenue,https://angeletto.com/
node,2711692856,Yakiniku TORAJI,japanese,40.7510434,-73.9727833,East 43rd Street,https://torajiny.com/
node,2714216773,La Chula,mexican;tacos,40.7988313,-73.9416629,East 116th Street,https://www.lachulanyc.com/
node,2714704296,Sam's Place,italian,40.7493393,-73.9772354,East 39th Street,
node,2714704321,Take Care,american;breakfast,40.7483628,-73.9781141,Lexington Avenue,https://www.takecare.nyc
node,2714704324,Tam Sang,thai,40.7493894,-73.9773773,Lexington Avenue,https://www.tamsang-nyc.com/midtown/
node,2714777544,Sachi,asian,40.7476501,-73.9740389,2nd Avenue,
node,2714855288,Benjamin Prime,steak_house,40.7515422,-73.9798731,East 40th Street,https://benjaminsteakhouse.com/prime/
node,2714855295,Serafina Italian Restaurant,italian,40.7500156,-73.9811517,Madison Avenue,https://www.serafinarestaurant.com/location/serafina-madison-38th/
node,2714986490,Yakitori Torishin,japanese,40.7650575,-73.987136,West 53rd Street,https://torishinny.com
node,2714986493,Alfie's,regional,40.7653775,-73.9873248,9th Avenue,https://www.alfiesnyc.com/
node,2715447755,Chop & Go,,40.7591744,-73.9702294,Lexington Avenue,
node,2716012023,Sushiann,sushi,40.7579822,-73.9742003,East 51st Street,
node,2716231113,Villa Fresh Italian Kitchen,pizza,40.7572061,-73.9893098,West 42nd Street,https://villaitaliankitchen.com/
node,2716231115,Dallas BBQ,barbecue,40.7569552,-73.9887186,West 42nd Street,https://www.dallasbbq.com/times-square
node,2717223248,Taco Vida,mexican,40.7550594,-73.9888949,West 40th Street,https://www.tacovidany.com
node,2717223348,Margaritaville,,40.7550162,-73.9880032,7th Avenue,https://www.margaritavilletimessquare.com
node,2717293822,China River,chinese,40.7582012,-73.9883065,West 44th Street,
node,2717293824,Carmine's,italian,40.7575108,-73.9867126,West 44th Street,https://www.carminesnyc.com/locations/times-square
node,2717293865,Frankie and Johnie's Steakhouse,steak_house,40.7600472,-73.9888591,West 46th Street,https://frankieandjohnnies.com/
node,2717293878,Gui Steakhouse,korean;american,40.7605323,-73.9870469,8th Avenue,https://guinyc.com/
node,2717293880,John's Pizzeria,italian,40.7582345,-73.9884017,West 44th Street,https://www.johnspizzerianyc.com/
node,2717323748,Nanking,chinese,40.7615479,-73.9837434,Broadway,https://www.nankingrestaurantgroup.com/
node,2717323791,La Masseria,italian,40.7608991,-73.986314,West 48th Street,
node,2717542956,Butterflied Chicken,,40.7557612,-73.9805909,West 45th Street,
node,2717543271,Fogo de Chão,brazilian;steak_house,40.7611533,-73.9779162,West 53rd Street,https://fogodechao.com/location/new-york/
node,2717836837,Sushi Ginza,sushi,40.7591533,-73.9625239,1st Avenue,
node,2717862924,Moti Mahal Delux,indian,40.7620819,-73.9603873,1st Avenue,
node,2717862940,Ritz Diner,diner,40.7617205,-73.9606568,1st Avenue,https://ritzdinerny.com/
node,2718031019,Felice 64,italian,40.7625623,-73.9596,1st Avenue,
node,2718042362,Il Postino,italian,40.7637327,-73.9676111,East 61st Street,https://ilpostinonyc.com/
node,2718050718,Loco Coco,smoothie,40.7650653,-73.965936,Lexington Avenue,
node,2721574113,Pongsri,thai,40.7606849,-73.9865304,West 48th Street,https://www.pongsri.net/
node,2721574118,An'nam,vietnamese;japanese,40.7606569,-73.9864408,West 48th Street,https://www.annamnyc.com/
node,2722711709,Emmett's,american;pizza,40.7273671,-74.0025442,MacDougal Street,https://www.emmettsnyc.com/
node,2722711716,Raku Soho,japanese,40.7273101,-74.0025925,MacDougal Street,https://rakunyc.com/
node,2722712554,Villa Mosconi,italian,40.7285324,-74.0018748,MacDougal Street,
node,2722720658,Da Silvano,italian,40.7289641,-74.0022949,MacDougal Street,
node,2722857800,Friedman's,,40.75965,-73.985965,West 47th Street,
node,2722857817,Glass House Tavern,,40.7599261,-73.9866455,West 47th Street,https://glasshousetavern.com/
node,2722857832,Dilli Dilli,indian,40.7598975,-73.9865625,West 47th Street,
node,2722857837,Trattoria Trecolori,italian,40.7599596,-73.9867307,West 47th Street,https://www.trattoriatrecolori.com/
node,2723493279,Two Boots Pizza,pizza,40.7645432,-73.961697,2nd Avenue,https://twoboots.com
node,2723661031,Daniel,french,40.7667776,-73.9675711,East 65th street,http://www.danielnyc.com/
node,2723664157,LENOXTHAI,thai,40.7638606,-73.9590987,1st Avenue,https://www.lenoxthai.com
node,2723743084,Chamoun's Way,lebanese,40.7645085,-73.958622,1st Avenue,https://www.eatchamounsway.com/
node,2723749690,Donna Margherita,italian;pizza,40.7664758,-73.9598292,2nd Avenue,https://www.donnamargheritany.com/
node,2723749703,Patsy's Pizzeria,pizza,40.7658031,-73.9576857,1st Avenue,https://patsyspizzerianyc.com/
node,2723755307,Mission Ceviche,peruvian,40.7691688,-73.957859,2nd Avenue,
node,2723785759,THEP,thai,40.7707302,-73.9571771,2nd Avenue,https://thepnewyork.com/
node,2723789296,A La Turka Restaurant,turkish,40.7700896,-73.9576457,2nd Avenue,https://www.alaturkany.com
node,2723825029,Tang's Garden,chinese,40.7722902,-73.9589738,3rd Avenue,https://www.tangtangnyc.com/
node,2723866745,Blenoir Crêpes and Cafe,crepe,40.7690481,-73.9633799,Lexington Avenue,
node,2723972058,Hunan Delight Matsuya,chinese;japanese,40.7706945,-73.9511705,York Avenue,https://www.hunandelightmatsuyanyc.com/
node,2723975578,Ikyu Sushi,sushi;japanese,40.7709875,-73.9539139,1st Avenue,https://www.ikyuny.com/
node,2723975579,Spice,thai,40.7711933,-73.9537403,1st Avenue,https://www.spicethaiusa.com/
node,2723975581,Nightly's Bar and Bistro,,40.7724775,-73.9554399,2nd Avenue,
node,2724051411,Chirping Chicken,chicken,40.7744908,-73.9539936,2nd Avenue,https://www.chirpingchicken.com
node,2724054779,Flex Mussels,seafood,40.7754167,-73.9562405,3rd Avenue,https://flexmussels.com
node,2724082968,Gracie's Diner,diner,40.7771749,-73.9524957,2nd Avenue,https://www.gracieson2nd.com
node,2724095355,Mimi's Pizza,pizza,40.7785582,-73.9529641,East 86th Street,https://www.ordermimispizza.com
node,2724113139,Catch n' Chop,steak; seafood,40.7813175,-73.9523876,3rd Avenue,https://catchnchop.com/
node,2724113143,Al-Badawi,middle_eastern; palestinian,40.7799787,-73.9504323,2nd Avenue,https://www.albadawinyc.com/location/upper-east-side-manhattan/
node,2724189347,Amber,sushi,40.7749423,-73.957062,3rd Avenue,https://www.ambernewyork.com/
node,2724212862,Lexington Candy Shop,diner,40.7775102,-73.9572158,Lexington Avenue,https://www.lexingtoncandyshop.com/
node,2724232183,fresh&co,health_food;american,40.7787743,-73.9562897,Lexington Avenue,https://freshandco.com
node,2724236509,Bocado Cafe,american,40.7802154,-73.9548959,Lexington Avenue,
node,2727176211,Park Café,american,40.7642327,-73.9807509,7th Avenue,https://www.wellingtonhotel.com/dining/
node,2727176217,Redeye Grill,seafood,40.7650918,-73.9805946,7th Avenue,https://www.redeyegrill.com/
node,2744832045,The Greek Kitchen,greek,40.7697543,-73.9883234,10th Avenue,https://greekkitchennyc.com/
node,2744875804,Atlantic Grill,seafood,40.7720849,-73.9813978,West 64th Street,https://www.atlanticgrill.com/
node,2744981556,Empire Szechuan,chinese,40.77522,-73.9801757,Columbus Avenue,
node,2745010771,Bondi Sushi,sushi,40.7773213,-73.9818066,Broadway,https://bondisushi.com/
node,2745038464,Cafe Luxembourg,french,40.777411,-73.9831224,West 70th Street,https://cafeluxembourg.com/
node,2745087243,Shinbashi 72,japanese,40.7788967,-73.9827653,West 72nd Street,
node,2745119745,Felice Columbus,italian,40.7769663,-73.9793341,Columbus Avenue,https://www.felicenyc.com/
node,2745359378,Simply Noodles,chinese,40.7788474,-73.9812288,Amsterdam Avenue,https://www.simplynoodlesnyc.com
node,2745370256,Salumeria Rosi,italian;tuscan,40.7793592,-73.9808591,Amsterdam Avenue,https://www.salumeriarosinyc.com
node,2745418631,Asset,,40.7795342,-73.9769922,Columbus Avenue,https://www.assetrestaurant.com
node,2745436339,Sempre Oggi,italian,40.7803309,-73.9799393,West 75th Street,https://www.semprenyc.com
node,2745450969,,,40.7795405,-73.977468,Columbus Avenue,
node,2745500689,New Cottage Restaurant,chinese,40.7831711,-73.980799,Broadway,
node,2745543217,Swagat,indian,40.7835143,-73.9778183,Amsterdam Avenue,https://www.swagatny.com/
node,2745558099,Uno Pizzeria & Grill,pizza,40.7832166,-73.9748026,Columbus Avenue,https://restaurants.unos.com/locations/New-York/NY/0350
node,2745602443,La Sirène,,40.7838129,-73.978072,Amsterdam Avenue,https://lasirenenyc.com/
node,2753047291,Boulevard Grill,,39.1697953,-96.5971574,,
node,2758255864,Bodega 88,,40.7874733,-73.9712259,Columbus Avenue,https://bodega88nyc.com
node,2758274712,Vive La Crepe!,crepe,40.7863208,-73.9725206,Columbus Avenue,
node,2758547204,Mila Cafe,greek,40.7914865,-73.9688503,Columbus Avenue,
node,2758640952,Peacefood Cafe,,40.7852776,-73.9770179,Amsterdam Avenue,
node,2758662008,New Kam Lai,chinese,40.7869241,-73.9758011,Amsterdam Avenue,
node,2758709691,Maison Pickle,breakfast,40.7870205,-73.9779679,Broadway,
node,2759055223,Bodrum,mediterranean,40.7893232,-73.9740535,Amsterdam Avenue,https://bodrumnyc.com
node,2759055296,Yavsouvlaki,greek,40.7895922,-73.9738568,Amsterdam Avenue,https://yasouvlakinyc.com/
node,2759055318,Dragon 89,chinese,40.7900181,-73.9735411,Amsterdam Avenue,https://www.dragon89ny.com
node,2759055341,Chick Chick,chicken,40.7902226,-73.9733936,Amsterdam Avenue,https://www.chickchicknyc.com
node,2759235699,Holy Schnitzel,,40.7914735,-73.9724809,Amsterdam Avenue,https://holyschnitzel.com/
node,2759235829,Talia's Steakhouse,steak_house,40.7919611,-73.9721475,Amsterdam Avenue,https://taliassteakhouse.com/
node,2759235843,Shawarma Shabazi,mediterranean;israeli,40.7920135,-73.9721099,Amsterdam Avenue,https://shabazinyc.com
node,2759235855,Sushi Tokyo,sushi,40.7917348,-73.9723098,Amsterdam Avenue,
node,2759308655,Rancho Tequileria,mexican,40.7933325,-73.9711112,Amsterdam Avenue,https://www.acquanyc.com/
node,2759308678,La Nueva Victoria Restaurant,spanish;mexican,40.7937683,-73.972093,Broadway,
node,2759522536,Baazi,indian,40.7955918,-73.9707481,Broadway,https://baazi.us/
node,2761464888,Flor De Mayo,chinese;peruvian,40.7977664,-73.9698654,Broadway,https://www.flordemayo.com
node,2761499681,Sal & Carmine Pizza,pizza,40.7983365,-73.9694327,Broadway,
node,2761520411,Ollie's,chinese,40.799428,-73.9687022,Broadway,https://ollieseats.com/ollies-noodle-shop-grille
node,2761520412,Cajun Halal Platters,cajun,40.7995109,-73.968661,Broadway,
node,2761520418,Zurna,falafel,40.7997453,-73.9685447,Broadway,https://zurnanyc.com
node,2761533833,Café du Soleil,french,40.8000965,-73.9683967,Broadway,https://www.cafedusoleilny.com
node,2761564518,Traviata Pizza II,pizza,40.8012195,-73.9681803,Broadway,
node,2761570403,Benny’s Chao King,chinese,40.7982983,-73.9638001,Columbus Avenue,
node,2761578489,Longwood Fish Market,seafood,40.7980144,-73.9635291,Columbus Avenue,
node,2761593514,Saiguette,vietnamese,40.7990256,-73.9627891,Columbus Avenue,https://www.saiguette.com/
node,2761630143,Hinds Hall,palestinian,40.8005107,-73.9654148,Amsterdam Avenue,https://www.ayatnyc.com/location/hinds-hall/
node,2761641648,Halal Chicks,,40.7999441,-73.9621165,Columbus Avenue,
node,2761641649,Super Nice Pizza,pizza,40.8015676,-73.9646575,Amsterdam Avenue,https://supernicepizza.com
node,2761663411,Mizu Hibachi,japanese,40.8007904,-73.9656898,Amsterdam Avenue,https://www.mizu940.com
node,2761663412,Bánh Shop House,vietnamese,40.8008545,-73.9656397,Amsterdam Avenue,https://banhny.com
node,2761671640,Amity Hall Uptown,,40.802258,-73.9646355,Amsterdam Avenue,https://amityhalluptown.com/
node,2761677767,Roti Roll (Bombay Frankie),indian,40.8025909,-73.9643696,Amsterdam Avenue,https://rotirollny.com/
node,2761809232,La Isla Restaurant,latin_american,40.7902892,-73.9453843,3rd Avenue,https://laislarestaurant104.com
node,2761818482,Sol Maya,mexican,40.7905474,-73.9427168,2nd Avenue,
node,2761822755,El Nuevo Caribeno,caribbean,40.7916166,-73.9465711,Lexington Avenue,
node,2762327893,East Harlem Bottling Co,american,40.7929592,-73.9455878,Lexington Avenue,
node,2762327901,Jaguar,mexican,40.793587,-73.9451239,Lexington Avenue,
node,2762442267,Safari,,40.8005894,-73.9527099,Saint Nicholas Avenue,https://safariharlem.com
node,2762470556,Lalibela,ethiopian,40.8023112,-73.9566682,Frederick Douglass Boulevard,
node,2762553969,BIXI Harlem,,40.8048187,-73.9548295,Frederick Douglass Boulevard,https://bixiharlem.com/
node,2765266916,Koronet Pizza,pizza,40.8044412,-73.9661746,Broadway,https://www.koronetpizzany.com/
node,2765363739,Sapps,japanese,40.8055983,-73.9653069,Broadway,https://www.sappsuws.com
node,2765399915,Sam’s Famous Pizza,pizza,40.7984191,-73.9415796,East 116th Street,http://www.samsfamouspizza.com
node,2765399935,El Nuevo Caridad,dominican,40.7969303,-73.9380482,2nd Avenue,https://elnuevonyc.com
node,2765415641,Sandy Restaurant,dominican,40.7972174,-73.9378376,2nd Avenue,http://sandyrestaurant.com
node,2765449317,Rao’s,italian,40.7939234,-73.9342665,East 114th Street,http://raosrestaurants.com/location_ny.html
node,2767707740,Kennedy Fried Chicken & Pizza,,40.8142537,-73.9367717,5th Avenue,
node,2767863009,Empire Chinese Restaurant,chinese,40.8191781,-73.940541,Adam Clayton Powell Jr. Boulevard,
node,2767863013,Polanco Restaurant B.B.Q.,,40.8192262,-73.9405059,Adam Clayton Powell Jr. Boulevard,
node,2768136308,The Edge,,40.8198671,-73.9460727,Edgecombe Avenue,
node,2768171701,The Grange,american,40.8225009,-73.9493735,Amsterdam Avenue,https://thegrangebarnyc.com
node,2768296947,The Handpulled Noodle,chinese,40.8284123,-73.94869,Broadway,https://www.thehandpullednoodle.com/
node,2768296962,At The Wallace,american,40.8286652,-73.948469,Broadway,https://www.atthewallace.com/
node,2768405698,Nikko Hibachi Asian Fusion,japanese;fusion;sushi,40.8114761,-73.9579151,Amsterdam Avenue,
node,2768418995,Bar 314,pizza;italian,40.8141651,-73.9597532,Broadway,https://www.bar314nyc.com/
node,2768419000,Max Soha,pasta;soup;wine;steak,40.8112405,-73.9580424,Amsterdam Avenue,https://www.maxsoha.com
node,2768450159,South of the Clouds,,40.8082515,-73.9597714,Amsterdam Avenue,
node,2768451022,Pisticci,italian,40.8141743,-73.9603481,La Salle Street,https://www.pisticcinyc.com/
node,2768451029,La Salle Dumpling Room,dumpling;chinese,40.8140333,-73.9598316,Broadway,https://www.lasalledumplingroom.com/
node,2768459581,Jin Ramen,,40.8153944,-73.9588496,Broadway,https://125.jinramen.com/
node,2783626530,The Palm Restaurant,,40.7516726,-73.9710941,2nd Avenue,https://www.thepalm.com/
node,2790840179,PaPi Pasta & Pizza,pizza,40.7523035,-73.9894117,7th Avenue,https://www.papinewyorkcity.com/
node,2796448525,Community Food & Juice,american,40.8059481,-73.9657438,Broadway,http://communityrestaurant.com
node,2797210304,Poke Station,,40.8430348,-73.9394044,Broadway,
node,2797210306,La Dinastia Restaurant,chinese; latin,40.8431777,-73.9393928,Broadway,
node,2797260694,Mi Paso,salvadoran;mexican,40.8458772,-73.9387502,Broadway,
node,2797260695,Suross,thai,40.8459748,-73.9387222,Broadway,https://www.surossnyc.com
node,2797260698,El Sabor Nuevo,latin_american,40.846117,-73.9386733,Broadway,
node,2797260699,Malecon,dominican,40.8463658,-73.9386007,Broadway,https://www.maleconnyc.com
node,2797261799,Manolo,,40.847173,-73.938357,Broadway,
node,2797261820,Poción Lounge,dominican,40.847528,-73.938419,West 177th Street,https://www.pocionlounge.com/
node,2797462932,Chicken Ranch,chicken,40.8483931,-73.9324029,Audubon Avenue,https://www.chickenranchny.com/
node,2797466263,Munchies,caribbean,40.8488894,-73.9342703,Saint Nicholas Avenue,
node,2797524092,Au Jus,barbecue,40.8492955,-73.9364209,Broadway,https://aujusnyc.com/
node,2797589503,Saggio,italian,40.851374,-73.9394905,West 181st Street,https://www.saggionyc.com/
node,2797600871,Refried Beans Mexican Grill,mexican,40.8549554,-73.9371041,Fort Washington Avenue,https://refriedbeansnyc.com/
node,2797600873,Fresco's Pizzeria,pizza,40.8551515,-73.9373517,West 187th Street,https://www.frescospizzeria.com
node,2797600877,Yang Garden,chinese,40.8552708,-73.9377099,West 187th Street,
node,2797628447,Grito,mexican,40.8535476,-73.9308711,Saint Nicholas Avenue,http://www.gritomexicangrill.com
node,2797659824,Vegan Quick Bites by Next Stop Vegan,,40.8559656,-73.9286418,Saint Nicholas Avenue,
node,2797681668,Tampopo Kitchen,sushi;udon,40.8553005,-73.9371769,West 187th Street,
node,2797789439,Yummy Thai,thai,40.8680756,-73.9204967,Broadway,https://yummythainy.com
node,2823245288,Friedman's,american;chinese;japanese,40.7149791,-74.0148379,Murray Street,
node,2824828263,Umami Ramen,,40.7050089,-74.0097706,Hanover Square,
node,2824828280,3 Times Dim Sum,chinese,40.7033341,-74.0106724,Water Street,https://www.3times.com
node,2824828323,Smorgas Chef,scandinavian,40.7043755,-74.0103859,Stone Street,http://www.smorgas.com/index_wallstreet.htm
node,2824828336,Bodega Gran Via,,40.704458,-74.0102766,Stone Street,
node,2825125211,Cobble & Co,,40.7070094,-74.0035612,Fulton Street,https://www.cobbleandco.nyc/
node,2825125230,Urban Cove Society & Kitchen,global;american,40.707989,-74.0014511,Peck Slip,https://www.urbancoveseaport.com/
node,2825125236,Cowgirl Seahorse,southwestern;american,40.7082323,-74.0005339,Front Street,http://www.cowgirlsrahorse.com
node,2825288943,Wo-Hop,chinese,40.714289,-73.9988678,Mott Street,https://www.wohop17.com
node,2825288960,Shanghai 21,,40.7144241,-73.9988882,Mott Street,
node,2825288972,Buddha Bodai,chinese,40.713865,-73.9987984,Mott Street,https://www.buddha-bodai.com
node,2826472442,Fei Tenc Seafood,seafood,40.7138263,-73.9948732,Market Street,https://jinlianfoochow.com
node,2826472444,Shui Mei Cafe,chinese,40.713556,-73.9947941,East Broadway,
node,2826475506,The Comfort Diner,diner,40.7522777,-73.9723289,East 45th Street,https://www.comfortdiner.com/
node,2826571503,Eastwood,mediterranean,40.7141721,-73.987061,Clinton Street,https://eastwoodnyc.square.site/home
node,2826581783,Saluggi's East,italian;diner,40.7160067,-73.9874972,Grand Street,https://east.saluggis.com/
node,2826581784,Manousheh,lebanese;middle_eastern,40.7159851,-73.9874254,Grand Street,https://www.manousheh.com/
node,2826801774,Caracas Arepa Bar,,40.7198762,-73.9830171,Stanton Street,https://www.caracasarepabar.com
node,2826842009,Balvanera,argentinian,40.7205874,-73.9853737,Stanton Street,https://www.balvanerarestaurants.com/
node,2826842017,Remedy Diner,diner,40.7217736,-73.9854765,East Houston Street,https://remedydinerny.com/
node,2827035685,Hane,japanese;sushi,40.7346437,-73.9797605,1st Avenue,
node,2827157728,Townhouse Diner,diner,40.7469948,-73.9740131,2nd Avenue,
node,2827168689,El Pote Español,spanish,40.7475626,-73.973629,2nd Avenue,https://elpoterestaurant.com/
node,2848586054,Moon Kee,chinese,40.7972702,-73.9695337,Broadway,https://moonkeerestaurant.com
node,2871064852,Pizzeria O.K.,,52.7629141,15.2544011,,
node,2890392801,Lupa,italian,40.7276391,-74.000211,Thompson Street,
node,2892641901,Butterfly,american,40.719376,-74.006475,,
node,2897876736,Otani,sushi;ramen,40.70932,-74.008734,Nassau Street,
node,2897876738,Bento Sushi,sushi,40.7099489,-74.0100671,Broadway,
node,2897876741,Square Diner,american,40.718446,-74.007236,Leonard Street,https://squaredinernewyorkcity.com/
node,2902914463,Chelsea Market Passage,,40.7428735,-74.0073403,,
node,2939154801,Cafe 82,diner,40.785812,-73.9781778,Broadway,
node,2949604093,Tartine,,40.7363207,-74.0034558,,http://www.tartinecafenyc.com
node,2949606712,New Green Bo,asian,40.7155657,-73.998017,Bayard Street,
node,2973075956,Matts Grill,,40.765484,-73.9835479,8th Avenue,http://www.mattsgrill.com/
node,2973075958,,,40.7658052,-73.9833111,8th Avenue,
node,2973086664,Donburiya,japanese,40.7653013,-73.9832463,West 55th Street,https://www.donburiyany.com/
node,2973086665,Mughlai Indian Cuisine,indian,40.7653274,-73.9833108,West 55th Street,https://mughlaicuisineny.com/
node,2973086666,Nocello,italian,40.7653492,-73.983373,West 55th Street,https://www.nocello.net/
node,2973086668,Yakitori Totto,japanese;izakaya,40.765264,-73.9831704,West 55th Street,https://www.tottonyc.com
node,2975790643,Palace Restaurant,diner,40.7610242,-73.9697542,East 57th Street,https://www.palacerestaurantmidtown.com
node,2977035158,The Fitz,,40.7605307,-73.969238,Lexington Avenue,https://www.fitzpatrickhotels.com/fitzpatrick-manhattan-the-fitz.shtml
node,2977405748,Dos Caminos,mexican,40.740579,-74.0054009,Hudson Street,https://www.doscaminos.com/mexican-restaurant-locations/new-york-city
node,2985573624,Old Homestead Steakhouse,,40.7412674,-74.0049042,9th Avenue,https://www.theoldhomesteadsteakhouse.com/
node,2985673610,Shorty Tang Noodles,,40.7402274,-74.0019425,8th Avenue,
node,2985849341,Paradou,,40.739696,-74.0067809,Little West 12th Street,https://www.paradounyc.com/
node,2985849342,RH Rooftop Restaurant,american,40.7400703,-74.0064799,9th Avenue,https://www.restorationhardware.com
node,2985849346,Revel,italian,40.7397251,-74.006849,Little West 12th Street,http://www.revelnyc.com/
node,3008612564,Rare Bar and Grill,burger,40.745629,-73.9937463,West 26th Street,
node,3040295633,The Australian NYC,australian,40.7512973,-73.9838618,West 38th Street,https://theaustraliannyc.com/
node,3041513139,Olio e Più,italian,40.7337937,-73.9997745,Greenwich Avenue,https://www.olioepiu.com
node,3041538535,Extra Virgin,italian,40.7353475,-74.0031806,,https://www.extravirginrestaurant.com
node,3041548233,Bobo,,40.7344098,-74.002602,,
node,3043957739,Jackson Hole,diner,40.7461765,-73.977565,,https://jacksonholeburgers.com/35th/
node,3046334738,Buenos Aires,argentinian,40.7252275,-73.9831134,,
node,3055292583,Alcala,spanish,40.7512208,-73.9717524,East 44th Street,https://alcalarestaurantnyc.com/
node,3056992407,Aretsky's Patroon,,40.7534898,-73.9733112,East 46th Street,https://aretskyspatroon.com
node,3060726144,Toscana 49,italian,40.7557306,-73.9722031,East 49th Street,
node,3064399843,Divya’s Kitchen,indian,40.7237147,-73.9883625,1st Avenue,https://divyas.com
node,3066339955,Bierhaus NYC,german,40.752534,-73.9733861,3rd Avenue,https://www.bierhausnyc.com
node,3068326556,Keens Steakhouse,steak,40.750773,-73.9864091,West 36th Street,https://www.keens.com/
node,3079037402,Benoit,french,40.7625321,-73.9772542,West 55th Street,https://benoitny.com/
node,3079037403,Bice,italian,40.7626071,-73.9775243,6th Avenue,https://www.bicecucina.com/
node,3079037405,Il Corso,italian,40.762485,-73.9771512,West 55th Street,https://www.ilcorsorestaurant.com/
node,3142935176,Sushi of Gari,sushi,40.7713448,-73.95278,East 78th Street,https://www.sushiofgari.com/restaurants/upper-east-side/
node,3145937665,Izakaya NoMad,japanese,40.7440806,-73.9894469,West 26th Street,https://www.izakayanomad.com/
node,3147863534,Dudleys,australian,40.7180802,-73.9903664,Orchard Street,https://www.dudleysnyc.com
node,3147863535,Cafe Katja,austrian,40.7177277,-73.9905476,Orchard Street,https://www.cafekatja.com
node,3147863536,Sticky Rice,thai,40.717982,-73.9904169,Orchard Street,https://stickyriceny.com
node,3147863539,Barrio Chino,mexican,40.7179789,-73.9900488,Broome Street,https://www.barriochinony.com
node,3147883111,Mictlān,mexican,40.7152437,-73.991827,Orchard Street,https://mictlanmexico.com
node,3147883113,Bar Belly,oyster;pizza;charcuterie;snack,40.7151349,-73.9916523,Orchard Street,https://www.barbellynyc.com
node,3147883115,Bacaro,italian,40.7145382,-73.9916726,Division Street,
node,3151692835,Inatesso,,40.7059851,-74.0170998,Little West Street,
node,3179745212,Tenjou,sushi,40.7421269,-73.9905046,West 23rd Street,
node,3190230454,Open Kitchen,american;korean;japanese;coffee_shop,40.7053184,-74.0100991,,
node,3201166294,One Two Thai,thai,40.7455377,-73.9794683,East 33rd Street,
node,3213784371,Aquavit,scandinavian,40.7607818,-73.9721848,East 55th Street,http://www.aquavit.org
node,3214535330,Mikaku,japanese;sushi,40.7214189,-73.9969231,Kenmare Street,https://www.mikakusushiny.com
node,3214617212,19 Cleveland,israeli;mediterranean,40.7216382,-73.9972123,Cleveland Place,https://19cleveland.com/
node,3215162128,Café Select,,40.7217594,-73.9978239,,http://www.cafeselectnyc.com/
node,3215162129,Osteria Morini,italian,40.7219323,-73.9976726,Lafayette Street,https://osteriamorini.com/soho-nyc/
node,3215166838,The Market Table,,40.72978,-74.0037432,Carmine Street,https://www.markettablenyc.com/
node,3215168668,The Grey Dog,,40.7300039,-74.003915,Carmine Street,https://www.thegreydog.com/
node,3218149751,Ben's Pizzeria,pizza,40.7303941,-74.0003007,MacDougal Street,
node,3222528347,Blenheim,,40.7376761,-74.0040101,,http://www.blenheimhill.com
node,3232923482,Mangia,italian,40.7638701,-73.9765096,West 57th Street,http://mangiatogo.com/
node,3235708621,Caffe Storico,,40.779447,-73.9739529,Central Park West,
node,3239326415,Luke's Lobster,,40.7045322,-74.0109178,South William Street,https://lukeslobster.com/fidi
node,3246839599,Danji,korean,40.7640857,-73.9867718,West 52nd Street,
node,3246839601,Grasp Grill,grill,40.7567197,-73.9771339,,
node,3246839603,Dravida,indian;south_asian,40.7305241,-73.9833934,1st Avenue,https://dravidanyc.com/
node,3246839605,Ootoya,,40.7548801,-73.9859787,,
node,3248774672,Viand Cafe,diner,40.7807958,-73.9810743,Broadway,https://www.viandnyc.com
node,3248774697,La Pecora Bianca,italian,40.7804446,-73.9763391,Columbus Avenue,https://www.lapecorabianca.com/location/la-pecora-bianca-upper-west-side/
node,3248816729,Manny’s Bistro,french,40.7762456,-73.9794042,Columbus Avenue,
node,3262539802,Friedman's,american,40.7770545,-73.9783768,West 72nd Street,https://www.friedmansrestaurant.com/location/72nd-street-friedmans-restaurant/
node,3271250887,Arte Cafe,italian,40.7781493,-73.978758,West 73rd Street,https://www.artecafenyc.com
node,3271250890,Tenzan,sushi,40.778274,-73.9779356,Columbus Avenue,https://www.tenzannewyork.net/
node,3356089617,The Crooked Knife,irish;coffee,40.7451081,-73.9842044,East 30th Street,https://www.thecrookedknife.com/
node,3356089618,Wine:30,wine,40.7449212,-73.9837645,,
node,3356089622,Bella Napoli,pizza,40.7457391,-73.9846188,,
node,3369517484,Sushi Yasaka,japanese,40.7795747,-73.9834601,West 72nd Street,
node,3369582794,Harvest,,40.7777871,-73.9782956,Columbus Avenue,https://www.harvestkitchennyc.com/
node,3369582795,Shun Lee,chinese,40.7728358,-73.9814252,West 65th Street,https://www.shunleewest.com/
node,3374115188,Osteria 106,italian,40.7989278,-73.9616882,West 106th Street,http://osteria106.com
node,3427873393,Radina's Bakehouse,,39.1748101,-96.5596388,Blue Earth Place,
node,3447383383,El Mitote,mexican,40.775834,-73.9801978,Columbus Ave,https://www.elmitoteny.com/
node,3447527994,Brasserie Ruhlman,,40.7591895,-73.9781127,,
node,3448719854,India Palace,indian,40.7614174,-73.9601599,East 62nd Street,https://indiapalacenyc.com
node,3448908338,Cucina Bene Pizza,pizza,40.7060236,-74.0102403,Exchange Place,https://www.cucinabenepizza.com/
node,3450800431,Heidelberg Restaurant,german,40.7774664,-73.9518193,2nd Avenue,http://www.heidelberg-nyc.com/
node,3450977039,Nara Sushi,sushi,40.7037772,-74.010399,Pearl Street,
node,3451030436,Toloache,mexican,40.7764768,-73.9566862,East 82nd Street,http://toloachenyc.com/#uppereastside
node,3451042735,The Simone,italian,40.7768188,-73.9569853,East 82nd Street,http://www.thesimonerestaurant.com/
node,3451054422,L'Osteria,italian,40.7771504,-73.9571264,Lexington Avenue,https://www.losterianyc.com
node,3451094409,Tandoor Oven,indian,40.7770648,-73.9556075,East 83rd Street,https://www.tandooroven.com/
node,3451449736,Roti,mediterranean,40.7065252,-74.0071489,Maiden Lane,https://roti.com/
node,3452345665,Geisha Sushi,sushi;japanese,40.8240742,-73.9518105,Broadway,
node,3463814923,Seoul Garden,korean,40.7477981,-73.9872728,West 32nd Street,
node,3491267497,Little Italy Pizza,pizza,40.7918929,-73.9734655,West 92nd Street,
node,3497534420,SIMÒ PIZZA,pizza,40.7331382,-73.9932569,University Place,
node,3497534425,Blossom,,40.7332225,-73.9936043,University Place,
node,3502137816,Knickerbocker Bar & Grill,american,40.7319768,-73.9942396,University Place,
node,3506087029,Mamoun's Falafel,middle_eastern,40.7302366,-74.0004281,MacDougal Street,https://www.mamouns.com/location/mamouns-greenwich-village/
node,3507260979,Andrews NYC Diner,american;diner,40.7516741,-73.9898634,7th Avenue,https://andrewsny.com/
node,3507260980,fresh&co,,40.7484876,-73.9922019,7th Avenue,https://www.freshandco.com/
node,3545220721,Baraka Buffet,caribbean,40.8168869,-73.9460483,Frederick Douglass Boulevard,
node,3545220728,Easy Corner,jamaican,40.8150396,-73.9407349,West 136th Street,
node,3569401894,Tony's,pizza,40.7643725,-73.9642919,3rd Avenue,
node,3573441893,Wine Dive + Ktichen,,39.1783814,-96.5617271,South 4th Street,https://www.winedivekitchen.com
node,3573482094,Bar Pitti,,40.7291334,-74.0021646,,
node,3573482096,Z Best pizza,pizza,40.7633685,-73.9967152,,
node,3573482099,Fanelli Cafe,italian;pub,40.7246074,-73.9987503,,
node,3573482100,Galaxy Diner,diner,40.7611474,-73.9909011,9th Avenue,
node,3573482102,Hatsuhana,sushi,40.7568939,-73.9769041,East 48th Street,https://www.hatsuhana.com/
node,3573482103,Joe Allen,,40.7601328,-73.9890604,,
node,3573482105,The Brazen Tavern,,40.7594293,-73.9912351,,
node,3573482132,,,40.729906,-74.001229,,
node,3577652948,Ippudo,ramen,40.7309292,-73.990263,4th Avenue,https://ippudony.com
node,3577940193,Russian Samovar Restaurant and Piano Bar,russian,40.7631875,-73.9847037,West 52nd Street,https://www.russiansamovar.com/
node,3581026177,Favela Cubana,,40.7284192,-73.9981377,LaGuardia Place,https://www.favelacubana.com/location/favela-cubana/
node,3581408493,Chateau Royale,french;brunch,40.728719,-73.999578,Thompson Street,https://www.chateauroyalenyc.com
node,3583482794,East Village Pizza,pizza,40.7281808,-73.9851024,1st Avenue,https://www.eastvillagepizza.net
node,3583839637,Jadis Wine Bar,french,40.7209937,-73.9910102,Rivington Street,https://jadisnyc.com
node,3586089705,Bill's Bar & Burger,burger,40.7593743,-73.9775501,West 51st Street,https://www.billsbarandburger.com/
node,3588549121,Big Daddy's Diner,american,40.7379106,-73.987753,Park Avenue South,https://www.bigdaddysnyc.com/
node,3588566110,Grimaldi's Pizza,pizza,40.741183,-73.9937782,,https://www.grimaldis-pizza.com/
node,3589024668,T & J Jamaican Flava,caribbean,40.7872731,-73.9517102,Park Avenue,
node,3590689281,The District Bar & Restaurant,,40.7839008,-73.950022,3rd Avenue,http://thedistrictbarnyc.com
node,3596708393,Joselito Bar,,40.724159,-73.9759768,Avenue D,
node,3608032646,Balthazar,french,40.7226578,-73.9981644,Spring Street,
node,3608041636,Blue Ribbon,american;japanese,40.7261431,-74.0025063,Sullivan Street,
node,3608052274,Lil' Frankies,italian;pizza,40.7235847,-73.9884552,1st Avenue,https://www.lilfrankies.com/
node,3608053295,The Dutch,,40.7265551,-74.0021692,Sullivan Street,
node,3608616551,The Grey Dog,sandwich;salad;brunch,40.7229657,-73.99576,Mulberry Street,https://www.thegreydog.com/location/the-grey-dog-nolita/
node,3611236718,Wan Wan,thai,40.7217467,-73.9964556,Mulberry Street,https://www.wanwannyc.com/
node,3612291899,Café Habana,cuban,40.7228449,-73.9942284,Prince Street,https://www.cafehabana.com/menu/cafe-habana-nyc/
node,3618193490,Arthur & Sons,italian,40.7493521,-73.9767192,East 39th Street,https://arthurandsonsnyc.com/pages/murray-hill
node,3618699797,Burger & Lobster,burger;seafood,40.7400891,-73.993461,,https://burgerandlobster.com/
node,3620488531,Lim’s Kitchen,chinese,40.7487201,-73.9738553,East 40th Street,
node,3623472008,Legacy Bar & Grill,,40.8557131,-73.9333898,Broadway,
node,3623507882,La Cabana Salvadorena,regional,40.8542688,-73.9334615,Broadway,
node,3627346235,Chez Messy,spanish,40.8344857,-73.9451934,Edward M. Morgan Place,
node,3627346237,La Libertad,salvadoran;italian,40.8334187,-73.9450216,,
node,3632857383,Bill's Bar & Burger,burger,40.7402703,-74.0056248,9th Avenue,https://www.billsbarandburger.com/
node,3637093539,Stage Door Deli,pizza,40.7120307,-74.0097553,Vesey Street,
node,3661038140,Uptown Veg,american,40.8055163,-73.9405433,East 125th Street,https://uptownvegnyc.com/
node,3665314725,Authentic Spice,indian,39.1858437,-96.5738943,Moro Street,https://www.authenticspicemhk.com
node,3676764311,Kyuramen,,40.7329227,-73.9867234,East 14th Street,https://www.kyuramen.com
node,3676873366,Yaki Sushi,sushi,40.7329802,-73.9860274,East 14th Street,
node,3676918484,For U,chinese,40.7341491,-73.9862974,3rd Avenue,https://www.foru155.com
node,3676972134,Kati,thai,40.7316957,-73.9829911,East 14th Street,https://katithai.com/
node,3716882407,Sotto 13,pizza,40.7372924,-73.9991162,,
node,3738776597,The Cauldron,british,40.7043498,-74.0104603,Stone Street,https://thecauldron.io/nyc/dine
node,3775439864,Leonetta,mediterranean,40.7445472,-73.9808994,Lexington Avenue,https://www.leonettanyc.com/
node,3782798136,Takahachi,japanese,40.7165871,-74.0079257,Duane Street,
node,3784197522,Harry's Italian,italian;pizza;pasta,40.7075376,-74.0068533,Gold Street,https://www.harrysitalian.com/
node,3785038150,Emmy Squared,pizza,40.771011,-73.9874576,West 60th Street,https://www.emmysquaredpizza.com/location/midtown-west-new-york-ny/
node,3785195846,Halal,international,40.7699473,-73.9881217,10th Avenue,
node,3785201077,The Jin,korean,40.7685706,-73.9887358,10th Avenue,https://www.thejinnyc.com
node,3785207683,Beijing,chinese,40.7686619,-73.9886693,10th Avenue,
node,3793131884,Omakase 33,japanese,40.7454859,-73.9793446,,
node,3793131887,Le Parisien,french,40.7454071,-73.9791565,East 33rd Street,https://www.leparisiennyc.com
node,3793131889,Phoshime,vietnamese;sushi,40.7453806,-73.9790932,,https://www.phoshime.com
node,3793135522,2nd Ave Deli,diner,40.7451818,-73.9791899,East 33rd Street,https://2ndavedeli.com
node,3808846158,Pio Pio,peruvian,40.7453465,-73.9776289,East 34th Street,https://www.piopio.com/locations/kips_bay.html
node,3808846161,Nom Nam,vietnamese,40.7453284,-73.9775857,,https://www.nomnamnyc.com
node,3808846162,Mira,mediterranean,40.7454038,-73.9777651,,https://miranyc34.com
node,3814464675,Elite Food Bar,greek,40.7531876,-73.9681205,,
node,3819486904,Poco,tapas,40.722528,-73.9828993,Avenue B,https://www.poconyc.com/
node,3819486905,Carnitas Ramirez,mexican,40.7224776,-73.982765,East 3rd Street,
node,3819501657,Maretta,,40.7223864,-73.9830235,Avenue B,
node,3822448405,La Loteria,mexican,40.7307928,-74.004204,7th Avenue South,
node,3822461834,Meskerem,ethiopian,40.7299814,-74.0003769,MacDougal Street,
node,3822494062,Miss Nellie's,american,40.7591136,-73.9899354,West 44th Street,
node,3826810673,Anjappar,indian,40.7425648,-73.9827028,,
node,3826815957,Taste from Everest,nepalese,40.7422289,-73.9829503,Lexington Avenue,https://www.tastefromeverestny.com/
node,3826815958,Bhatti,indian,40.7421807,-73.9829817,,https://www.bhattinyc.com/
node,3826816004,Pappali,indian,40.7423183,-73.9833132,East 27th Street,https://www.pippalinyc.com/
node,3826926964,California Pizza Kitchen,pizza,40.7445423,-73.9834869,,https://www.cpk.com/locations/park-avenue-south/
node,3831290762,Yoonkao Thai,thai,40.7450461,-73.9759245,,
node,3831291384,Baby Bo's Cantina,mexican,40.7450939,-73.9758895,,https://babyboscantina.com
node,3831591517,Pio Pio,peruvian,40.7605928,-73.9945435,10th Avenue,https://www.piopio.com/locations/hells_kitchen.html
node,3832910158,Vatan,indian,40.742351,-73.9803456,3rd Avenue,https://vatanny.com
node,3833084948,John's Coffee Shop,coffee_shop,40.7511092,-73.9715209,2nd Avenue,
node,3833084950,The Casual Greek,greek,40.7510584,-73.9715451,2nd Avenue,https://www.casualgreek.com/
node,3837607014,Luke's Lobster,seafood,40.7513492,-73.973221,East 43rd Street,https://lukeslobster.com/pages/midtown-east
node,3839134719,EONS Greek Food for Life,greek,40.7452392,-73.9757831,,https://eonsgreek.com/location/new-york/
node,3847565724,Pershing Square,,40.7519669,-73.9777869,,https://www.pershingsquare.com/
node,3854476657,Comodo,,40.7395891,-73.9844966,Lexington Avenue,
node,3863328959,Bagatelle,french,40.7397042,-74.0060257,Little West 12th Street,https://bagatellenyc.com/
node,3863997257,Saigon Shack,vietnamese;coffee;noodle;sandwich,40.729691,-74.000637,MacDougal Street,https://saigonshack.squarespace.com/
node,3869566324,Bodhi Kosher Vegetarian Restaurant,chinese,40.716357,-73.9991738,Mulberry Street,https://www.veganbodhi.com/
node,3888194452,Baar Baar,indian,40.7244268,-73.9915125,East 1st Street,https://baarbaarnyc.com
node,3926398285,Variety Cafe,,40.7073841,-74.012574,Broadway,
node,3932353662,Eleven Madison Park,french;american,40.7415982,-73.9871904,Madison Avenue,https://www.elevenmadisonpark.com/
node,3932353663,Le Bernardin,french;seafood,40.7613945,-73.981691,West 51st Street,https://www.le-bernardin.com/
node,3932353664,Masa,sushi,40.7685324,-73.9827663,Columbus Circle,
node,3932353665,Per Se,american;french,40.7682549,-73.9828519,Columbus Circle,
node,3933254460,Mari Vanna,russian,40.7387966,-73.9885656,East 20th Street,http://www.marivanna.ru/ny
node,3938479924,Chloe,burger;salad,40.7292022,-74.001033,Bleecker Street,https://www.chloeonbleecker.com/
node,3939671140,Aunt Bernie's,american;continental,40.7459791,-73.9777094,,https://www.auntbernies.com
node,3955492426,Jazz Standard,,40.7422938,-73.983837,,
node,3956967453,Candle,international,40.7418372,-73.9812232,,https://candlecafe.nyc
node,3959756841,Maysville,american,40.7441556,-73.9895824,West 26th Street,
node,3960139719,Osteria Laguna,italian,40.7506394,-73.9737151,East 42nd Street,http://www.osterialagunanyc.com/
node,3960166158,Ben & Jack's Steakhouse,steak_house,40.7448447,-73.9869413,,
node,3960166159,Nomad Tea Parlour,chinese,40.7445855,-73.9875896,5th Avenue,https://www.nomadteaparlour.com/
node,3966939347,Milleseme,,40.744603,-73.9854712,,
node,3970473673,Fresh & Co,,40.7439569,-73.9833596,,
node,3976829275,Muna,indian,40.7535732,-73.9734874,East 46th Street,
node,3976829277,Curry and Tandoor,indian,40.7536128,-73.9735973,East 46th Street,
node,3976832398,Sparks Steak House,steak_house,40.752923,-73.9719424,East 46th Street,https://sparkssteakhouse.com/
node,3995212059,Sushiden,japanese,40.7575093,-73.9764528,East 49th Street,http://sushiden.com/
node,3995212060,Sushiden,japanese,40.7600927,-73.9825066,West 49th Street,http://sushiden.com/
node,4006284842,Miss Lily’s,caribbean,40.7260148,-73.9837501,Avenue A,http://www.misslilysnyc.com/home
node,4006308109,KYU,asian,40.7255749,-73.9951521,Lafayette Street,https://kyurestaurants.com/
node,4009714818,The Grey Dog,american,40.7406022,-74.0006577,West 16th Street,
node,4011618278,Gemini Diner,diner,40.7454088,-73.975659,2nd Avenue,https://www.geminidiner.com
node,4011732597,At nine Restaurant & Bar,thai,40.7587421,-73.9921724,,https://www.atninenyc.com/
node,4011732601,Pomodoro Italian Restaurant,italian,40.7562731,-73.993975,,https://pomodoronyc.com/
node,4011732603,Trattoria Casa Di Isacco,,40.7568531,-73.9935485,,http://www.casadiisacconyc.com/
node,4043594359,Mighty Quinns Barbeque,,40.7368066,-74.001398,Greenwich Avenue,
node,4044849082,Morandi,italian,40.7353587,-74.0014906,,
node,4045599201,The Waverly Inn,american,40.7369557,-74.002226,Bank Street,http://www.waverlynyc.com
node,4058593203,Cafe Cluny,,40.7374393,-74.0039645,West 12th Street,https://www.cafecluny.com/
node,4070145531,Blossom- Chelsea,,40.7454821,-74.0022829,9th Avenue,https://www.blossomnyc.com/
node,4070145709,Patiala Indian Grill,indian,40.753427,-73.9959744,West 34th Street,https://patialany.com/
node,4077041413,Il Punto Ristorante,italian,40.7560797,-73.9945667,,http://ilpuntoristorante.com/
node,4085364218,Beyond Sushi,sushi;asian,40.7633124,-73.9772025,West 56th Street,https://beyondsushi.com/
node,4092436131,Bocca di Bacco,italian,40.7446167,-74.0029356,9th Avenue,https://www.boccadibacconyc.com/location/bocca-di-bacco-chelsea/
node,4097224495,Bleecker Street Pizza,pizza,40.7321893,-74.0034001,South 7th Avenue,https://www.bleeckerstreetpizza.com
node,4113171309,The Sabieng Thai,thai,40.7254779,-73.9870799,1st Avenue,https://www.sabiengthai.com
node,4113171310,Risotteria Melotti,italian,40.7266246,-73.9883365,East 5th Street,https://www.risotteriamelottinyc.com
node,4114487389,Hong Kong Noodle Sariku Sushi,chinese;sushi;thai,40.7443652,-73.9813808,,
node,4121144991,Cookshop,,40.7457199,-74.0054281,,
node,4128896890,Bareburger,,40.7671718,-73.9835181,West 57th Street,https://www.bareburger.com/
node,4140525190,Aroy Dee Thai Kitchen,thai,40.7097774,-74.0089148,John Street,http://www.aroydeethaikitchen.com
node,4140591018,The Modern - The Bar Room,french,40.7610807,-73.9770877,West 53rd Street,https://www.themodernnyc.com/
node,4146280791,Pulqueria,mexican,40.7144253,-73.9981968,Doyers Street,https://www.pulquerianyc.com
node,4146358991,Ferns,,40.7288511,-73.9841239,1st Avenue,
node,4146374199,Late Night Ramen at Takashi,,40.7314115,-74.0064867,Hudson Street,
node,4146374200,Streecha Ukrainian Kitchen,ukrainian,40.7284522,-73.9889619,East 7th Street,
node,4146376405,Gaonnuri,korean,40.7478213,-73.9878356,Broadway,
node,4149450808,ABA Turkish Restaurant,turkish,40.7674386,-73.9839741,West 57th Street,https://abarestaurant.com/
node,4149649615,Rosemary's,,40.734788,-73.9998597,,https://www.rosemarysnyc.com/
node,4149654210,Tacombi,mexican,40.7239825,-73.9937554,Elizabeth Street,https://www.tacombi.com
node,4151549326,Two Boots Pizza,,40.7599556,-73.9917522,9th Avenue,
node,4151701793,Sushi of Gari,,40.7606902,-73.9895916,West 46th Street,
node,4151719703,Mollyos,,40.7592099,-73.9926165,West 43rd Street,
node,4151778390,Pure Thai Cookhouse,thai,40.7642433,-73.9881105,9th Avenue,https://www.purethaicookhouse.com/
node,4151778391,Ippudo,ramen,40.763547,-73.9865301,West 51st Street,
node,4159335789,Miss Lily's (Soho),caribbean,40.7279837,-74.001356,West Houston Street,https://www.misslilys.com/location/miss-lilys-soho/
node,4167956349,Take31,korean,40.7462218,-73.9848538,East 31st Street,http://www.mytake31.com
node,4167956350,Her Name is Han,korean,40.7461934,-73.9847787,East 31st Street,https://www.hernameishan.com
node,4175145190,Marisco Centro,,40.8519185,-73.932054,Saint Nicholas Avenue,
node,4176537295,Home Sweet Harlem,,40.8193775,-73.9522582,Amsterdam Avenue,
node,4176635091,Unione Restaurant,,40.8292567,-73.947944,Broadway,
node,4177039064,Spice Market,asian,40.7404996,-74.006007,13th St.,https://www.spicemarketnewyork.com
node,4181417794,Peking Duck House,chinese,40.7146382,-73.9985571,Mott Street,https://www.pekingduckhousenyc.com
node,4181467991,Piccola Strada,italian,40.7266286,-73.9902161,East 4th Street,
node,4184564889,Walker's,burger,40.7197094,-74.0070516,North Moore Street,
node,4188132390,Kung Fu Little Steamed Buns,,40.7616147,-73.9868436,8th Avenue,
node,4189750278,Kafana,serbian,40.7243534,-73.9784734,Avenue C,https://www.kafananyc.com/
node,4190039995,Urban Space,,40.7537677,-73.9779905,Vanderbilt Avenue,
node,4193555491,Cho Dang Gol,korean,40.7501714,-73.9863439,West 35th Street,https://chodanggolnyc.com
node,4198113799,Cafe China,chinese,40.7515794,-73.9858142,West 37th Street,http://www.cafechinanyc.com/
node,4203185653,Roey's,italian;pizza,40.735985,-74.0009044,Greenwich Avenue,https://www.roeysnyc.com/
node,4203545989,Creperie,crepe,40.7295942,-74.0006325,MacDougal Street,https://www.creperienyc.com/
node,4210170310,Mr. Taka Ramen,ramen;japanese,40.721278,-73.9890275,Allen Street,http://www.mrtakaramen.net
node,4210173133,Momofuku Noodle Bar,asian;japanese;noodle,40.7291861,-73.9843786,1st Avenue,https://noodlebar-ny.momofuku.com/
node,4216237581,BEA,,40.7593617,-73.9924919,,https://www.beanyc.com/
node,4221091789,Westville East,american;salad;burger;fish,40.7284125,-73.9820074,Avenue A,https://westvillenyc.com/locations/westville-east/
node,4221481089,Benito One,,40.7199982,-73.9969021,,
node,4224118981,Le Chéile,,40.8514544,-73.9400045,West 181st Street,https://www.lecheilenyc.com/
node,4227592991,Rossopomodoro,italian,40.7384326,-74.0020328,Greenwich Avenue,
node,4231923696,Sylvia's Restaurant,american;regional;seafood,40.8086285,-73.9445189,Malcolm X Boulevard,https://sylviasrestaurant.com/
node,4234840590,Spice Symphony,indian;chinese,40.7447024,-73.9811337,,https://spicesymphony.com
node,4236711150,Bella Napoli,italian,40.7450974,-73.9947013,7th Avenue,http://bellanapoli.com/7ave/7-avenue.html
node,4243416297,Sartiano’s,italian,40.7248056,-73.998682,Prince Street,https://sartianos.com
node,4244823109,Sagaponack Bar & Grill,seafood,40.7410206,-73.9907082,West 22nd Street,
node,4250811240,Ningbo Cafe,chinese,40.7080812,-74.0182068,South End Avenue,
node,4254615310,Jane,,40.7273302,-74.000275,West Houston Street,https://janerestaurant.com/
node,4260987502,Blue Hill,american,40.7320396,-73.9995703,Washington Place,https://www.bluehillfarm.com/dine/new-york
node,4262776953,Franchia,asian,40.7475456,-73.9813305,Park Avenue,https://www.franchia.com/
node,4273997364,BaoDega,,40.7401241,-73.9917722,West 20th Street,
node,4278152903,Tampico,mexican,40.7203148,-73.9932662,Delancey Street,https://tampiconyc.com/
node,4278330892,Gallaghers Steakhouse,american;steak_house,40.7628531,-73.9838317,West 52nd Street,https://gallaghersnysteakhouse.com/
node,4278854991,Sons of Essex,,40.7202021,-73.9875286,Essex Street,http://www.sonsofessexnyc.com/
node,4284788108,Le Botaniste,international,40.7650017,-73.9659528,Lexington Avenue,https://lebotaniste.us/
node,4284811306,Nom Wah Tea Parlor,chinese,40.7144593,-73.9981968,Doyers Street,https://nomwah.com/
node,4293765088,ZLS BBQ,,40.7385294,-73.9820254,East 23rd Street,https://www.zhongjiebbq.com
node,4297408693,International Wings Factory,chicken,40.7802569,-73.94668,1st Avenue,https://internationalwingsfactory.com
node,4300313491,Dirt Candy,,40.7178785,-73.9907886,Allen Street,https://www.dirtcandynyc.com/
node,4301475089,Bocca Di Bacco,italian,40.766105,-73.9866537,,https://www.boccadibacconyc.com/location/bocca-di-bacco-hells-kitchen/
node,4303213992,Tasty Deli,,40.841789,-73.9390089,,
node,4303241989,Piora,,40.730625,-74.0065313,,
node,4305816204,Westville Chelsea,,40.7418162,-74.0000228,,
node,4305816205,Rubirosa,pizza;italian,40.7227225,-73.9961142,,https://www.rubirosanyc.com/
node,4308132589,Berimbau do Brasil,,40.7300608,-74.0036699,,
node,4310271991,The Little Owl,,40.7322791,-74.0052939,Bedford Street,https://thelittleowlnyc.com/
node,4311338893,Pasta Eater,italian,40.7635574,-73.9886665,,https://www.pastaeaterngo.com/
node,4311369891,Pomodoro Rosso,italian,40.7763934,-73.9793251,,https://www.pomodororossonyc.com/
node,4311478190,Arias Hell's Kitchen,,40.764055,-73.9880983,West 51st Street,https://www.ariawinebar.com/
node,4316345593,Brooklyn Diner,diner,40.7565134,-73.9857687,West 43rd Street,https://www.brooklyndiner.com/location/brooklyn-diner-times-square/
node,4316376191,Red Peony,,40.7627204,-73.9759478,West 56th Street,https://www.redpeonyorder.com/
node,4317133391,Caravan of Dreams,,40.7263027,-73.9857058,East 6th Street,
node,4317608790,Fossetta,italian,40.7224046,-73.9885699,Allen Street,https://fossetta-nyc.com
node,4317887892,Cosmic Diner,american;breakfast;diner,40.7636131,-73.9849057,,https://foodeist.com/place/cosmicdiner
node,4320266594,The Best Sichuan,chinese;szechuan,40.7564484,-73.9777452,,https://www.mala747.com
node,4322641192,Jekyll and Hyde Club,,40.7327694,-74.0030897,,
node,4324553594,Lava Shawarma,mediterranean,40.7292267,-73.9988688,Thompson Street,https://www.lavashawarma.com
node,4326134893,Wolfgang's Steakhouse,,40.7211681,-74.0097607,Greenwich Street,
node,4329843790,Angelo Bellini,italian,40.7571634,-73.9684577,East 53rd Street,https://www.angelobellini.com/
node,4346186291,Pig Heaven,chinese,40.7753842,-73.9567313,3rd Avenue,https://pigheavennyc.com/
node,4346190189,Hillstone,american,40.7580445,-73.9699967,3rd Avenue,https://hillstonerestaurant.com/locations/nyc-midtown/
node,4350615592,Island Burger and Shakes,,40.7643365,-73.9880327,,
node,4352204390,Serendipity 3,,40.7618022,-73.9649381,East 60th Street,https://serendipity3.com/
node,4353160594,Serendipity 3,,40.7600052,-73.9665174,225 E 60th Street,https://serendipity3.com
node,4355476801,Beetle House NYC,,40.72708,-73.9880314,East 6th Street,https://beetlehousenyc.com/
node,4357574290,Giorgio's of Gramercy,,40.7396065,-73.9886459,,
node,4365154093,Planta,,40.7444076,-73.9883231,West 27th Street,https://www.plantarestaurants.com/new-york-city-location/
node,4370603390,St Kilda Coffee,coffee_shop,40.7607499,-73.9905025,West 46th Street,https://www.stkildacoffee.com/
node,4375696312,Trattoria Pesce Pasta,italian;seafood,40.7311855,-74.0031019,Bleecker Street,http://pesce-pasta.com
node,4385240481,The View Restaurant & Lounge,american,40.758744,-73.986415,Broadway,https://www.theviewnyc.com/
node,4392870291,Da Marcella,,40.7277469,-74.0020266,West Houston Street,
node,4396459593,Jazba,indian,40.7316574,-73.9856935,2nd Avenue,https://www.jazbanyc.com
node,4396465094,Momofuku Nishi,asian,40.7443392,-73.9987769,,https://nishi.momofuku.com/
node,4402057816,TGI Fridays,american,40.7065633,-74.0129228,Broadway,https://locations.tgifridays.com/ny/new-york/47-broadway.html
node,4406319594,Black Tap,burger;american,40.7238705,-74.004215,Broome Street,https://blacktap.com/location/soho/
node,4412150567,Porteño,argentinian,40.7504599,-74.0024185,10th Avenue,https://portenorestaurant.com/
node,4416202291,Joe Junior,american;grill;seafood;diner,40.734635,-73.9859521,3rd Avenue,
node,4420510490,Toribro Ramen,ramen,40.7644404,-73.9875805,West 52nd Street,https://www.toribroramen.com/
node,4422266667,Lincoln Ristorante,italian,40.7733333,-73.983552,West 65th Street,https://www.lincolnristorante.com/
node,4423853691,Covina,italian;mediterranean,40.7423513,-73.9833892,East 27th Street,
node,4423974194,Pizza Fresca,pizza,40.7389487,-73.9889529,East 20th Street,
node,4426744326,bb.q Chicken,korean;chicken,40.7415576,-73.9809256,3rd Avenue,
node,4426826294,Blue Ribbon Brassiere,american;barbecue;fine_dining,40.725453,-74.0030128,,https://www.blueribbonbrasserie.com/
node,4426826906,Follia,italian;pizza,40.7350082,-73.9857014,3rd Avenue,https://www.follianyc.com
node,4426898490,Eleni's Divine Greek Cuisine,greek,40.7365634,-73.9850368,3rd Avenue,
node,4427616693,P.F. Chang's,asian,40.7343278,-73.9921829,University Place,
node,4429201691,Minetta Tavern Restaurant,burger,40.7299655,-74.0006297,MacDougal Street,
node,4431347690,Arturo's Coal Oven Pizza,,40.7273991,-74.0003974,West Houston Street,
node,4443479889,Ted's Montana Grill,american,40.7607731,-73.9808203,West 51st Street,
node,4447034701,Virgil's Real BBQ,,40.7568784,-73.9853179,West 44th Street,
node,4449731898,Yatenga French Bistro,african;caribbean;french,40.8142327,-73.9441134,,
node,4454392489,Gyu-Kaku,japanese;barbecue,40.7590854,-73.9898663,West 44th Street,https://www.gyu-kaku.com/times-square/
node,4455580390,Gyu-Kaku,japanese;barbecue,40.7282161,-73.991431,Cooper Square,https://www.gyu-kaku.com/east-village/
node,4455991989,Lex Restaurant,italian,40.7825319,-73.953693,Lexington Avenue,https://www.lexrestaurant.com/
node,4457730480,Rivington Pizza,pizza,40.7190395,-73.9846805,Rivington Street,https://www.rivingtonpizza.com/
node,4461697890,L & W Oyster Company,seafood,40.7450031,-73.9873381,,
node,4461699892,ilili,mediterranean,40.7443707,-73.98779,5th Avenue,https://www.ililirestaurants.com/location/ilili-nomad/
node,4468394389,La Sirène,french,40.7244709,-74.0057117,Broome Street,https://lasirenenyc.com
node,4469982794,Fresh Salt,,40.7070752,-74.0024625,,https://www.freshsalt.com/
node,4470005992,ACQUA,italian,40.7082305,-74.0016978,Peck Slip,https://www.acquarestaurantnyc.com/
node,4470023090,The Red Cat,,40.7480925,-74.0041031,,
node,4470023190,Boqueria Soho,tapas;spanish,40.7248202,-74.0022169,Spring Street,
node,4470023992,The Fulton,seafood,40.7053484,-74.0010549,South Street,https://www.thefulton.nyc
node,4470023993,New Hua Xia Seafood Restaurant,chinese,40.7139703,-73.9968991,,
node,4470028190,La Bonne Soupe,french,40.7624058,-73.9769664,,https://labonnenyc.com/
node,4470028590,Great NY Noodletown,,40.7149725,-73.9970927,Bowery,
node,4470030390,EJ's Luncheonette,diner,40.7704393,-73.9597626,3rd Avenue,https://www.ejsluncheonette.com/
node,4470030889,Café Fiorello,italian,40.7717565,-73.9818595,Broadway,https://www.cafefiorello.com/
node,4475172517,Corkbuzz,american,40.7350302,-73.993152,East 13th Street,https://www.corkbuzz.com/
node,4479637590,Utopia Diner,diner;greek,40.7788149,-73.981253,Amsterdam Avenue,https://www.utopiadiner.com
node,4480292845,Maui Onion,japanese,40.7444333,-73.9902995,West 26th Street,http://www.mauionion.org/
node,4487461845,Sushi W,japanese,40.7983688,-73.9694092,Broadway,https://www.sushiwny.com
node,4492691093,Ariari,korean,40.7272468,-73.98579,1st Avenue,https://ariarinyc.com
node,4502573289,Dubu Haus,korean,40.7467647,-73.9848226,East 32nd Street,https://www.dubuhaus.com
node,4503167568,Woorijip,korean,40.7474399,-73.9864528,West 32nd Street,https://woorijip32.com/
node,4503912490,Carnegie Diner & Cafe,,40.7579319,-73.9821357,6th Avenue,
node,4504872489,Kisa,korean,40.722836,-73.9889877,Allen Street,https://kisaus.com
node,4506648692,Peasant,italian,40.721733,-73.9944139,Elizabeth Street,https://www.peasantnyc.com
node,4507025555,Bryant Park Grill,,40.7532049,-73.9829323,West 40th Street,https://bryantparkgrillnyc.com/
node,4509430011,INDAY,indian,40.7438616,-73.9894745,Broadway,https://indaynyc.com/
node,4509434073,La Pecora Bianca,italian,40.7437112,-73.9892129,Broadway,https://www.lapecorabianca.com/location/nomad/
node,4509843308,American Table Cafe,cafe,40.773601,-73.9825772,,
node,4513926394,Sinigual,mexican,40.7503349,-73.9750642,3rd Avenue,
node,4527086687,Don Angie,italian,40.7378039,-74.0019928,Greenwich Avenue,https://www.donangie.com
node,4551144664,Hudson Malone,american,40.7572639,-73.9686379,East 53rd Street,https://www.hudsonmalone.com/
node,4551157295,Cafe Mogador,moroccan,40.7273469,-73.984402,Saint Mark's Place,https://www.cafemogador.com/
node,4552992889,The Smith,american,40.7442427,-73.9887217,Broadway,https://thesmithrestaurant.com/location/nomad/
node,4555818591,Satsko,japanese,40.7245384,-73.9802202,,
node,4555837496,Blue-Park Kitchen,american,40.7516202,-73.974679,3rd Avenue,https://www.blueparkkitchen.com/location/midtown/
node,4557494991,Olio e Più,italian,40.732773,-73.9877871,East 13th Street,https://www.olioepiu.com/east-village-reservation/
node,4557537890,Soothr,,40.7323273,-73.9873238,,
node,4557584378,La Dong,vietnamese,40.7376427,-73.9912505,East 17th Street,https://www.ladongnyc.com/
node,4557948221,Nolita Pizza,pizza,40.7209123,-73.9961959,Kenmare Street,https://nolitapizzanyc.com/
node,4561048492,CAVA,mediterranean,40.7522516,-73.9736217,3rd Avenue,https://cava.com/locations/708-3rd-ave-ny
node,4561126589,David Burke Kitchen,,40.7227812,-74.0048748,,
node,4562952595,Betony,,40.7641941,-73.9764545,West 57th Street,
node,4571057189,Wa Jeal Sichuan Chili House,chinese,40.7754148,-73.9532859,,http://wajealrestaurant.com
node,4585519689,Menkui Teu,japanese;asian;noodle,40.7632437,-73.9771564,,http://www.menkuitei.com
node,4587458727,Wagamama,asian,40.743289,-73.9885756,5th Avenue,https://www.wagamama.us/
node,4589167406,Dizen Goff,mediterranean,40.7421092,-74.005517,,http://www.dizengoffhummus.com/
node,4589454992,The National,,40.7565537,-73.9721358,557 Lexington Avenue,
node,4589608994,Fiat Café,italian,40.7214382,-73.995646,Mott Street,https://fiatcafenyc.com
node,4591231254,Mulberry & Vine,new_american,40.7452909,-73.9903934,West 27th Street,https://www.mulberryandvine.com/
node,4593242838,Baita by Birreria,italian,40.7419337,-73.9898018,5th Avenue,https://www.eataly.com/
node,4604252268,Momoya,japanese,40.7426475,-73.9964607,West 21st Street,https://momoyanyc.com
node,4611765242,Grill 212,middle_eastern;grill,40.7841089,-73.9788151,West 80th Street,https://www.grill212.com/
node,4616328313,Socarrat Paella Bar,spanish,40.7426481,-73.9995427,West 19th Street,https://www.socarratnyc.com/
node,4617801350,The Cabin,,40.7239695,-73.9838019,East 4th Street,https://thecabinnyc.com
node,4629748728,La Nacional,,40.7393804,-74.0012272,,
node,4637936849,Pierre Loti,mediterranean;continental,40.7360901,-73.9874452,Irving Place,https://pierrelotiwinebar.com/
node,4638395922,Junoon,indian,40.7431207,-73.9909146,West 24th Street,http://newyork.junoonrestaurants.com/
node,4651010148,Taboonette,middle_eastern,40.734646,-73.9927932,East 13th Street,https://taboonette.com/
node,4652798789,Lubian Chinese Grilled Fish,chinese;seafood,40.7606163,-73.9908082,9th Avenue,https://www.lubianchinesegrilledfish.getsauce.com/
node,4686173789,Mozzarella & Vino,italian,40.7619597,-73.9772624,,https://www.mozzarellaevino.com/
node,4687113395,Carve: Unique Sandwich,,40.7602363,-73.9873789,,
node,4687199589,Adyar Ananda Bhavan,indian,40.7497376,-73.9774652,Lexington Avenue,https://adyaranandabhavanlex.com/
node,4708888896,Fresh From Hell,,40.7607941,-73.9886943,,https://www.freshfromhell.com/
node,4708892894,Natsumi,sushi;japanese,40.7617708,-73.9850779,West 50th Street,
node,4709047192,Antalia,turkish,40.7559182,-73.9804278,,https://antalianyc.com/
node,4711117992,Yuca Bar & Restaurant,american,40.7262151,-73.9835939,Avenue A,
node,4714002691,Egg Shop,breakfast;sandwich,40.7204398,-73.9951556,Elizabeth Street,https://www.eggshopnyc.com/location/nolita/
node,4714345894,Hana Michi,japanese,40.7476739,-73.986996,West 32nd Street,
node,4716523571,Sahara East,middle_eastern,40.7294592,-73.9837203,1st Avenue,
node,4720357294,Friedman`s,american,40.7552614,-73.9984356,10th Avenue,https://www.friedmansrestaurant.com/
node,4725247810,Demo,new_american,40.7300299,-74.0030254,Carmine Street,https://www.demowestvillage.com/
node,4725248791,Jack's Wife Freda,,40.7298568,-74.0035384,,https://jackswifefreda.com/
node,4725248792,P.S. Burgers,,40.7301922,-74.0033333,,
node,4725251649,Numero 28 Pizzeria,,40.7301093,-74.0027854,Carmine Street,
node,4738808807,Pommes Frites,fries,40.7300993,-74.0002841,MacDougal Street,https://www.pommesfritesnyc.com/
node,4739202153,Locande Verde,,40.7199242,-74.0099897,,
node,4739221813,Locande,pizza,40.7204523,-74.0087431,Beach Street,
node,4745476137,Loreley Beer Garden,german,40.7213361,-73.9928125,Rivington Street,https://www.loreleynyc.com/
node,4745482625,Spicy Moon,chinese,40.7234427,-73.992596,Bowery,https://www.spicymoonnyc.com
node,4747234521,The Hudson,,40.8688176,-73.9319524,Dyckman Street,
node,4751507921,lupe's East L.A. Kitchen,mexican,40.723681,-74.0045295,6th Avenue,https://lupeskitchen.com/
node,4755575514,Tender,,40.7584335,-73.9831005,,
node,4755575516,Roxy Diner & Delicatessen,burger;sandwich,40.7633892,-73.9818081,7th Avenue,https://www.roxydelicatessen.com
node,4757137103,Roxy Diner,,40.7583293,-73.9886792,,
node,4757891123,Earls,american,40.7873339,-73.9516565,Park Avenue,https://www.earlsny.com
node,4764733059,Ivan Ramen,ramen;japanese,40.7205419,-73.9844418,Clinton Street,https://www.ivanramen.com/location/clinton-st/
node,4764733065,Ariel's Latin Bistro,caribbean,40.7213435,-73.9840279,East Houston Street,http://arielsnyc.com
node,4764733068,Uncle Sam's Pizza,pizza,40.7208152,-73.9843043,Clinton Street,https://www.unclesamspizzanyc.com/
node,4768971123,Marylou,french,40.7284935,-73.9871165,,https://marylou.nyc
node,4771881059,One More Thai,thai,40.7210877,-73.9839283,Clinton Street,https://onemorethai.ordersnapp.com/home
node,4773391724,Stanton Social,,40.7212197,-73.9880769,Stanton Street,http://www.thestantonsocial.com
node,4775571737,Hou Yi Hot Pot,,40.7162008,-73.9925703,,
node,4775572071,Jin Ramen,japanese,40.7853423,-73.9769585,Amsterdam Avenue,https://uws.jinramen.com
node,4775572230,Taiwan Pork Chop House,chinese,40.7142816,-73.9979466,Doyers Street,https://taiwanporkchophouse.com
node,4776954938,Serafina Fabulous Pizza,italian,40.7761311,-73.9624593,,http://fabulouspizza.serafinarestaurant.com/
node,4792129913,88 palace,dim_sum,40.7139447,-73.9942578,East Broadway,
node,4792165598,,,40.7139194,-73.9935677,,
node,4794092321,Ruth's Chris Steak House,american;steak_house,40.7613487,-73.9822791,West 51st Street,https://www.ruthschris.com/
node,4798955921,IHOP,breakfast;pancake,40.8475193,-73.9378226,Broadway,https://restaurants.ihop.com/en-us/ny/manhattan/breakfast-4168-broadway-3553
node,4799733303,Pebble Bar,seafood,40.7592111,-73.9804982,West 49th Street,https://www.pebblebarnyc.com/
node,4811903022,Los Tacos NYC,,40.7265987,-73.9843126,,
node,4815675028,Johny's Luncheonette,diner,40.7445513,-73.9929939,West 25th Street,https://johnysluncheonette.com/
node,4816775623,Sobaya,japanese,40.7295926,-73.9879292,,https://sobaya.square.site
node,4840395322,Deep Indian Kitchen,indian,40.7657503,-73.9833487,,
node,4842467840,Roast Kitchen,international,40.7536984,-73.9921149,8th Avenue,http://www.roast-kitchen.com/
node,4843851221,The Waylon,,40.7647616,-73.9915059,,https://www.thewaylon.com/
node,4844210421,Mark's Off Madison,italian,40.7424702,-73.9862953,Madison Avenue,https://www.marksoffmadison.com
node,4845866423,Nelson Blue,grill,40.7075857,-74.0018061,,http://www.nelsonblue.com
node,4845866424,Barbalu,italian,40.7074502,-74.0020779,,https://www.barbalu.com/
node,4845866426,Dorlan's Tavern & Oyster Bar,,40.707271,-74.0023954,,http://www.dorlans.com
node,4846131422,Dill & Parsley,,40.7064877,-74.0067196,Maiden Lane,
node,4848257929,Rebelle,,40.7219422,-73.9936778,,
node,4848257932,Distilled,american;coffee,40.7188968,-74.0063291,West Broadway,https://www.distilledny.com/
node,4848258121,Four Four South Village,,40.7606384,-73.9903951,,
node,4848258525,Terra,,40.719227,-74.0065567,,
node,4849652021,Le Gratin,,40.7112644,-74.0066645,Beekman Street,
node,4849663224,Momoya,japanese,40.7234888,-73.9957917,Prince Street,https://momoyanyc.com
node,4850205425,Osteria del Porto,,40.7073416,-74.0027202,Front Street,
node,4850227822,SUteiShi,japanese,40.707782,-74.0018443,Peck Slip,https://www.suteishi.com/
node,4850227824,The Hideaway Seaport,american,40.7080782,-74.0020772,Peck Slip,http://www.thehideawayseaport.com
node,4850229121,Il Brigante,italian;pizza,40.7073831,-74.002626,Front Street,https://www.ilbrigantenyc.com/
node,4850904721,Citizens of Chelsea,,40.7479759,-74.0005778,West 25th Street,
node,4851501923,Joe's Ginger,chinese,40.7148384,-73.998357,Pell Street,https://www.joesginger.com
node,4860141023,Sauce & Barrel,,40.7080225,-74.0143548,,https://www.sauceandbarrel.com/
node,4860141724,No. 1,chinese,40.7046891,-74.0105964,,
node,4867303121,Hooters,burger,40.7502806,-73.9904398,,
node,4872523321,Famous Calabria Pizza,pizza,40.7119244,-73.9993673,Saint James Place,
node,4872742422,Pranzo Pizza & Pasta,pizza,40.7035882,-74.0100394,Water Street,http://www.davincipizzanyc.com
node,4872760421,Matryoshka,russian,40.7090684,-74.0057404,Fulton Street,http://www.wallstreetbath.com/restaurant
node,4880872875,Limón Jungle,mexican,40.7430465,-73.9961727,7th Avenue,http://limonjunglenyc.com
node,4881021657,Swine,,40.7342421,-74.0064282,Hudson Street,
node,4909127621,Leon Bakery,mexican,40.7621257,-73.9901556,,
node,4909127623,Abace Sushi,japanese,40.7621602,-73.9901271,9th Avenue,https://abacesushi.2-menucities.com/default.aspx
node,4909127625,Casa Agave,mexican,40.762045,-73.9902183,,
node,4909127627,Sombrero,mexican,40.761217,-73.987191,,
node,4909655522,Dominique Ansel Kitchen,,40.7347972,-74.0018919,7th Avenue South,
node,4913377711,KungFu Kitchen,chinese,40.7555903,-73.9907507,8th Avenue,https://www.kfkitchennyc.com/
node,4915258223,Westville,,40.7048909,-74.0066253,Wall Street,http://www.westvillenc.com
node,4915258227,Golden Wuish,chinese,40.7074441,-74.0066143,Platt Street,https://www.goldenwuish.com/
node,4925422622,Mark Joseph Steakhouse,,40.7084019,-74.0014771,,https://www.markjosephsteakhouse.com/
node,4927169621,Sophie's Cuban Cuisine,caribbean,40.7089459,-74.0054867,Fulton Street,https://www.sophiescuban.com/location/fulton-street/
node,4928962209,Chopped Parsley,japanese,40.8259256,-73.9473575,West 146th Street,
node,4928962211,Mumbai Masala Indian Grill,indian,40.8268145,-73.9466673,Amsterdam Avenue,
node,4930944423,Parm Battery Park City,italian,40.7144941,-74.016133,,https://www.parmnyc.com/
node,4937245524,T.J. Byrnes,irish,40.7090349,-74.0046918,Fulton Street,
node,4937245525,Squires Diner,diner,40.7088587,-74.0040288,Beekman Street,https://squiresdiner.com
node,4937329121,Prince Street Pizza,pizza,40.7229906,-73.9945851,Prince Street,https://www.princestreetpizzamenu.com/
node,4938688122,House of Joy,asian,40.7149659,-73.9984077,,
node,4947115422,Spaghetti Incident,italian,40.7223365,-73.9899431,Eldridge Street,https://www.spaghettiincidentnyc.com/
node,4947130221,Rice to Riches,,40.7219052,-73.9958088,,
node,4947135921,Masala Times,indian,40.7292524,-74.0016278,,https://www.masalatimesgreenwichvillage.com/
node,4947717722,Meama,georgian,40.7263816,-73.9890411,2nd Avenue,https://meamanyc.com
node,4947717723,Sushi Oku,sushi;japanese,40.7153647,-73.9915333,Orchard Street,https://www.sushioku.com/
node,4947722221,Gramercy Tavern,american,40.7383894,-73.988414,East 20th Street,https://www.gramercytavern.com/
node,4947749921,Perry St,,40.7344402,-74.0098339,Perry Street,
node,4947760421,Szechuan Gourmet,chinese;tea,40.7523558,-73.9835488,West 39th Street,https://szechuan-gourmet.com/
node,4947761822,Kang Ho Dong Baekjeong,,40.7470756,-73.9850776,East 32nd Street,
node,4947762721,Kaijitsu,,40.7498696,-73.9777147,East 39th Street,https://kajitsunyc.com/
node,4947767421,L'Appart,,40.7122659,-74.0153279,,
node,4953706821,Altro Paradiso,italian,40.7254542,-74.0047415,Spring Street,https://altroparadiso.com/
node,4969397721,Mughlai Indian Cuisine,indian,40.721049,-73.9839492,,http://www.mughlaiclintonnyc.com
node,4971119410,Hot Jalapeño Mexican Restaurant,mexican,40.7976941,-73.9390545,East 116th Street,https://hotjalapenonyc.com
node,4971985122,Tribeca's Kitchen,american,40.7161674,-74.0071773,Church Street,http://www.tribecaskitchen.com/
node,4972315823,George's New York,,40.7078644,-74.0134822,Greenwich Street,https://www.georges-ny.com
node,4972322721,Wogies,sandwich,40.7075864,-74.0134624,Trinity Place,https://wogies.com
node,4976266820,Match 65,,40.7672415,-73.9681374,,
node,4977281127,Spunto Thin Crust Pizza,,40.7297927,-74.0046364,Carmine Street,
node,4978024823,L' Amore,,40.7200616,-73.9972674,,
node,4980494073,Wimpy's Hamburger Place,burger;american,40.7993,-73.935886,2nd Avenue,
node,4987134521,Amy Ruth's,southern;american,40.8024602,-73.9502299,West 116th Street,
node,4995849479,Trump Grill,,40.7623774,-73.9739888,5th Avenue,http://www.trumpgrill.com/
node,5005918101,Maialino,trattoria,40.7384152,-73.9857609,Lexington Avenue,
node,5007572821,Bricola,italian,40.7638883,-73.9882214,West 51st Street,
node,5015212723,Pepe Rosso,italian,40.7279209,-74.0013375,Sullivan Street,https://peperossotogo.com
node,5017262721,Bar Italia,,40.7678887,-73.968481,,
node,5017262722,Nello,,40.7657768,-73.9700287,,
node,5017835623,Nur,,40.7386202,-73.9887321,,
node,5019124322,,,40.7287239,-74.0000031,Bleecker Street,
node,5019124421,The Sea Grill,fish,40.7584571,-73.9782662,,
node,5026582327,Becco,italian,40.7605173,-73.9900277,West 46th Street,
node,5026600021,Lattanzi,italian,40.7605821,-73.9901543,West 46th Street,
node,5032403221,John's Pizza,,40.7590021,-73.9882743,,
node,5041286121,Kikoo,sushi,40.7280522,-73.9851965,1st Avenue,https://kikoosushi.com
node,5060721321,Carroll Place,italian;pizza,40.7286314,-73.9997681,Bleecker Street,https://www.carrollplacenyc.com/
node,5061206121,Da Marino,italian,40.7609089,-73.985336,,http://www.damarino.com
node,5075011630,Nomad,fine_dining,40.7448905,-73.9885998,,https://www.thenomadhotel.com/new-york/dining
node,5079331940,Friend of a Farmer,new_american,40.7368477,-73.9868637,,https://www.friendofafarmer.com
node,5087049881,Lolita's Kitchen,mexican;burger,40.7822962,-73.9537168,Lexington Avenue,
node,5090749091,Barbaresco,italian,40.765439,-73.9656562,Lexington Avenue,http://www.barbarescorestaurant.com/
node,5090752521,Lilli and Loo,chinese;sushi,40.7635568,-73.9670208,Lexington Avenue,https://lilliandloonyc.com/
node,5090753899,Jumieka Grand,jamaican,40.7499785,-73.9772998,Lexington Avenue,https://jumiekagrand.com
node,5097810483,Hearth,italian,40.7299792,-73.9832142,East 12nd Street,https://www.restauranthearth.com
node,5097819389,John's of 12th Street,italian,40.7307115,-73.9854886,East 12th Street,https://www.johnsof12thstreet.com/
node,5099589357,Mint Masala,indian,40.7294683,-74.001062,MacDougal Street,https://mintmasalaindiancuisine.com
node,5101299223,Sale & Pepe,,40.7070263,-74.0132592,Trinity Place,
node,5123007829,Patsy's Pizzeria,italian,40.7971206,-73.9348001,1st Avenue,
node,5123314121,Mile End Deli,,40.7257657,-73.9926595,Bond Street,
node,5123352621,Pastrami Queen,jewish,40.7743516,-73.9591659,Lexington Avenue,https://www.pastramiqueen.com/
node,5126143714,Reserve Cut,steak_house;modern,40.7608201,-73.9706096,East 56th Street,http://reservecut.com
node,5135848733,The Capital Grille,,40.7078716,-74.0102438,Broadway,https://www.thecapitalgrille.com/home
node,5137895930,Thonglor,,40.7651552,-73.9879518,9th Avenue,
node,5142544476,Calle Dao,cuban;chinese,40.7522319,-73.9841646,,https://www.calledao.com/bryant-park/
node,5143907528,Norma,italian,40.7435153,-73.979957,,https://normarestaurant.com/#murray-hill
node,5152316163,,,40.7230602,-73.9973087,,
node,5154037340,KUNI sushi,japanese,40.7317814,-74.003445,,
node,5163985623,Serafina,,40.715813,-74.0087939,West Broadway,
node,5163985624,The Odeon,,40.716972,-74.0078817,West Broadway,https://theodeonrestaurant.com
node,5164012821,Tataki,japanese,40.7206703,-74.0048609,,
node,5172045822,Guy’s American Kitchen & Bar,,40.7575599,-73.9868366,West 44th Street,
node,5172092122,Neary’s,irish,40.7583472,-73.963455,East 57th Street,https://nearys.com/
node,5175559548,Antique Garage,,40.7214704,-74.0013728,Mercer Street,
node,5176756822,Lily’s,,40.7121461,-73.9979687,Oliver Street,
node,5181119423,Cosme,mexican,40.7395503,-73.9883884,East 21st Street,https://www.cosmenyc.com
node,5189146499,Sushi teria,sushi,40.7483977,-73.9855536,5th Avenue,
node,5190742036,Turntable Chicken Jazz,chicken,40.7482195,-73.9864149,West 33rd Street,https://turntablenyc.com/
node,5192896322,Bateaux New York,,40.7470019,-74.0084506,Chelsea Piers,https://www.bateauxnewyork.com/
node,5193274490,Casino,french;italian,40.7139367,-73.9896705,East Broadway,https://www.casinonyc.info/
node,5193359231,Spicy Village,chinese,40.7170069,-73.993396,Forsyth Street,https://spicy-village.com/
node,5193382596,Hanoi House,asian,40.7269632,-73.9835719,Saint Mark's Place,
node,5193469080,Le Coucou,french,40.7190849,-74.0001395,Lafayette Street,https://lecoucou.com
node,5193508103,Lure Fishbar,seafood,40.7246694,-73.9983531,Mercer Street,https://www.lurefishbar.com
node,5193554969,I Sodi,italian,40.7334026,-74.0048765,,
node,5193578002,Shuko,asian,40.7334964,-73.9915121,,
node,5193872436,The Breslin,,40.7459976,-73.9881746,,
node,5195050821,New Moon,chinese,40.7425277,-73.9777593,,
node,5209395821,Craft,,40.7381171,-73.9886874,East 19th Street,
node,5209395822,Ayah Restaurant,moroccan,40.7265987,-73.999651,West Houston Street,https://ayahrestaurant.com
node,5213130662,Crab House Times Square,seafood,40.7550966,-73.9889837,West 40th Street,https://crabhousets.com
node,5213820731,The Counter,burger,40.7552841,-73.9868258,Times Square,https://www.thecounter.com/stores/times-square/32021
node,5213944830,Cafe Water,,40.7370625,-73.9973172,6th Avenue,
node,5215515121,Dimes,american,40.7149208,-73.9915629,Canal Street,https://dimesnyc.com/
node,5216127223,Dante,,40.7287909,-74.0016623,MacDougal Street,https://www.dante-nyc.com/
node,5218361626,Dhaba,indian,40.742372,-73.9828447,Lexington Avenue,https://www.dhabanyc.com/
node,5218361627,Pongal,indian,40.7424205,-73.9828108,,https://www.pongalnyc.com
node,5219851821,Tao,diner;american;international;asian,40.7625746,-73.9714449,,
node,5223098154,Yung Sun Seafood Restaurant,,40.7134411,-73.9958191,East Broadway,
node,5224940635,Thai Kitchen,thai,40.7593699,-73.9905606,West 44th Street,
node,5227511227,Petrarca Cucina e Vino,italian,40.7189298,-74.0045309,White Street,
node,5231393244,Ajisen Ramen,ramen,40.7141518,-73.9986409,Mott Street,
node,5231411428,Mama Eatery,,40.7150097,-73.9995414,Mulberry Street,
node,5231412448,Famous Sichuan,chinese,40.7147876,-73.9976233,,https://www.famoussichuanofnewyork.com/
node,5231706548,Noodle Q,chinese,40.7135492,-73.9975548,East Broadway,http://www.noodleqchinatown.com/
node,5231707775,Sichuan Hot Pot Cuisine,chinese,40.7149933,-73.9986519,Pell Street,
node,5231707921,Tasty Hand-Pulled Noodles,chinese,40.7141917,-73.9978766,Doyers Street,https://www.tastyhandpullednoodles3.com/
node,5231708178,Mabu Hong Kong Cafe,chinese,40.714727,-73.9980048,Doyers Street,https://www.mabucafenyc.com
node,5231708184,Vegetarian Dim Sum House,chinese,40.7149226,-73.9982376,Pell Street,
node,5231708531,Taiwan Bear House,taiwanese,40.714712,-73.9978045,Pell Street,
node,5235602684,A Taste of Seafood,seafood,40.8162289,-73.9465284,Frederick Douglas Boulevard,
node,5241637007,Ambassador Grill,,40.7504784,-73.9692826,,
node,5242327895,Barn Joo 35,korean,40.7496997,-73.9857683,,https://www.barnjoo.com
node,5242330303,missKOREA BBQ,korean,40.747407,-73.9863928,West 32nd Street,
node,5242331829,Jongro BBQ,korean,40.7475599,-73.9869049,West 32nd Street,
node,5243548103,Casa Adela,caribbean;puerto_rican,40.7226329,-73.9797146,Avenue C,https://casaadelanewyork.mybistro.online/
node,5243561820,Landmark Coffee Shop & Pancake House,diner;breakfast;american;greek;burger,40.719947,-73.9985925,Grand Street,
node,5243570858,Voula,,40.732235,-74.0021598,Jones Street,
node,5243573749,Spain Restaurant,basque,40.7370892,-73.9979596,West 13th Street,
node,5244657822,Mughlai Indian Cuisine,indian,40.7095698,-74.012718,,https://mughlaicuisineny.com/
node,5248792880,Horus,egyptian,40.7245431,-73.9814615,Avenue B,
node,5248793777,El Camion Cantina,mexican,40.7291278,-73.9811072,Avenue A,https://www.elcamioncantina.com
node,5248812939,Babbo,italian,40.7323821,-73.9991969,Waverly Place,https://babbonyc.com
node,5253549614,Royal 35 Steakhouse,steak_house,40.748984,-73.9835103,East 35th Street,
node,5254366208,Libretto's Pizzeria,pizza,40.7472798,-73.9772262,,http://librettosnyc.com
node,5254374730,Sarge's Delicatessan & Diner,jewish;diner,40.7473351,-73.9771952,3rd Avenue,https://sargesdeli.com
node,5254559384,Amaze,asian;sushi,40.7518926,-73.9738545,3rd Avenue,https://amaze43.com/
node,5265712258,Caliente Cab,mexican,40.7318243,-74.0036027,7th Avenue South,https://calientecabco.com/
node,5265712582,AOC,french;breakfast,40.7327936,-74.0040298,Bleecker Street,http://aocnyc.com
node,5265713043,Tre Giovani,italian;pizza;pasta;tuscan,40.7290362,-73.9983208,LaGuardia Place,https://www.tregiovaninewyork.com/
node,5265713219,Vincent's,italian,40.7178273,-73.9972773,Mott Street,
node,5265713463,Supreme Restaurant,chinese,40.7172968,-73.9973195,Mott Street,
node,5265742302,1915 Lanzhou Hand-Pulled Noodles & Dumplings,chinese,40.7406194,-73.9812508,East 26th Street,https://www.1915lanzhounoodles.com/
node,5265743035,The Gem Saloon,american,40.741373,-73.9810484,3rd Avenue,https://thegemsaloonnyc.com
node,5265743423,Blue Mountain,sushi;asian,40.7422058,-73.9809161,,https://www.bluemountain888.com
node,5265744995,El Cocotero,venezuelan,40.7415489,-73.99934,West 18th Street,
node,5265746760,Futago,japanese,40.7388199,-73.9941252,West 17th Street,
node,5265747927,Jue Lan,chinese,40.7408103,-73.9933813,West 20th Street,https://www.juelanclub.com/
node,5265747977,Union Fare,,40.7377464,-73.9915574,East 17th Street,
node,5266889691,Pil Pil,spanish,40.772875,-73.9558334,East 78th Street,
node,5266894493,Calexico,mexican,40.7725833,-73.9558526,2nd Avenue,https://www.calexico.com/location/upper-east-side/
node,5266897039,Persepolis,persian,40.7697735,-73.9578876,2nd Avenue,https://www.persepolisnewyork.com/
node,5266905501,Chez Alain,senegalese,40.8073593,-73.9498334,Adam Clayton Powell Jr Boulevard,
node,5266905521,BLVD Bistro,soul_food,40.8058627,-73.9472248,Malcolm X Boulevard,
node,5266906129,Paris Blues,,40.8064034,-73.9498758,Adam Clayton Powell Jr Boulevard,
node,5273490726,Lucky's,mediterranean,40.7221177,-73.9975189,Lafayette Street,https://jackswifefreda.com/
node,5281908451,Jimbo's Hamburgers,,40.8257932,-73.9493394,West 145th Street,
node,5296101437,Tsion Cafe,ethiopian,40.8262841,-73.9434171,Saint Nicholas Avenue,
node,5309510964,Gotham Pizza,,40.7775355,-73.9491248,1st Avenue,https://www.gothampizzanewyork.com/
node,5309513732,Mama's,jamaican,40.7998654,-73.935909,2nd Avenue,
node,5317406322,Sophie’s,caribbean,40.7559483,-73.9804969,,
node,5344178933,Guantanamera,cuban,40.7658518,-73.9837506,8th Avenue,https://guantanamerany.com/nyc.html
node,5354151028,George's Pizza,pizza,40.8503636,-73.9369872,West 181st Street,http://www.georgespizzadinner.com/
node,5359960222,Senya,japanese,40.7268813,-73.98608,,
node,5365304610,Gottino Enoteca Salumeria,italian,40.7357734,-74.0004381,Greenwich Avenue,https://www.gottino.nyc/
node,5369797599,UFC Chicken,chicken;korean;fried_chicken,40.7560518,-73.9941118,9th Avenue,https://www.ufchicken.com/
node,5383989328,Friendly Gourmet Pizza,italian,40.7091871,-74.0088819,Nassau Street,https://www.friendlypizzeria.com
node,5383989329,Nobu Nobu,,40.7110282,-74.0095711,Fulton Street,
node,5393341922,Gammeeok,korean,40.7476232,-73.9861377,West 32nd Street,https://www.gammeeok.com
node,5395641129,The Harold,american;breakfast,40.7482961,-73.9884959,Broadway,https://www.theharoldnyc.com/
node,5397501569,The Bao,dumplings;chinese,40.7292798,-73.988977,Saint Marks Place,https://www.spotdessertbar.com/
node,5398461822,Joomak Banjum,korean;chinese,40.7470115,-73.985841,5th Avenue,https://www.joomakbanjum.com/
node,5398699799,Astor Court,international;fine_dining,40.761318,-73.9744256,East 55th Street,http://www.stregisnewyork.com/astor-court-nyc
node,5399779853,Naruto Ramen,japanese,40.7969719,-73.9697524,Broadway,https://narutoramenex.com/upper-west-side/
node,5400474152,Rai Rai Ken,japanese,40.8171459,-73.9532953,Amsterdam Avenue,
node,5400492388,Amura,japanese,40.7749658,-73.9540704,2nd Avenue,https://www.amurajapanese.com
node,5400492993,Ajisen Ramen,japanese,40.7466178,-73.9921722,West 28th Street,
node,5400494705,MamaSushi,japanese,40.8661804,-73.9277496,Dyckman Street,https://mamasushi.com/
node,5400495584,Raku It’s Japanese II,japanese,40.7799567,-73.9765204,West 76th Street,
node,5400495618,B & Co,breakfast,40.7127376,-74.0085794,Park Place,
node,5400495619,Suma Sushi,japanese,40.8014191,-73.9652121,Amsterdam Avenue,
node,5400496891,Tenho Ramen,japanese,40.7471757,-73.977288,3rd Avenue,https://tenhoramen.com/
node,5400496979,Asuka Sushi,sushi,40.7452899,-73.9988852,West 23rd Street,https://www.asukasushiny.com/
node,5400497580,Bellini,italian,40.7846115,-73.9733118,Columbus Avenue,https://bellininewyork.com
node,5400497624,Sushi Yuki,japanese,40.7784967,-73.9809142,West 72nd Street,https://www.kumosushiny.com
node,5400500704,Zurutto,japanese,40.7779076,-73.9804064,West 72nd Street,
node,5401946270,Honeybrains,,40.7861943,-73.975865,Amsterdam Avenue,https://www.honeybrains.com/location-upper-west-side
node,5401946285,Al Horno,mexican,40.7250635,-73.9873946,,https://www.alhornoleanmexicankitchen.com/
node,5401946289,Di Di Dumpling,asian,40.740051,-73.9845353,,
node,5401978050,Imm,thai,40.7098472,-74.0080033,,
node,5402541794,Ramen Ishida,japanese,40.7196475,-73.9884561,Ludlow Street,https://ramenishida.com
node,5402542590,Amaze,chinese;japanese,40.7590092,-73.9621925,1st Avenue,
node,5402542691,Bistro Vendôme,french,40.7588838,-73.961895,East 58th Street,www.bistrovendomenyc.com
node,5402543162,The Pita Grill,,40.7595293,-73.9653575,2nd Avenue,
node,5402543163,Chochin,japanese,40.7819228,-73.9478219,East 93rd Street,
node,5402543258,Sutton Bar Room,,40.7592018,-73.9620435,1st Avenue,
node,5402622059,Sushi Inoue,japanese,40.8108361,-73.9435614,Malcolm X Boulevard,
node,5403595965,Donguri,japanese,40.7756921,-73.9523756,East 83rd Street,https://www.donguriny.com/
node,5403598926,Aki Sushi,japanese,40.7691693,-73.9522998,York Avenue,
node,5403602687,Madison Restaurant,diner,40.7559475,-73.9648697,1st Avenue,https://www.madison1.com
node,5403603958,Little Poland,polish,40.7311482,-73.9855345,2nd Avenue,https://www.littlepolandnyc.com
node,5403606223,Brushstroke,japanese,40.7167151,-74.0089922,Hudson Street,https://davidbouley.com/
node,5405958524,Aura Bar & Kitchen,,40.7269395,-73.9860426,1st Avenue,
node,5406372923,Yuka Japanese,japanese,40.7745924,-73.9543714,2nd Avenue,https://www.yukajapanese.com
node,5413492269,La Casa Del Mofongo,dominican,40.850444,-73.9331798,Saint Nicholas Avenue,
node,5413507961,Lola Lola Restaurant,latin_american,40.8456605,-73.9361488,Saint Nicholas Avenue,http://lolalolarestaurant.com/
node,5413541062,The Heights Bar and Restaurant,,40.8450432,-73.9348447,Audobon Avenue,
node,5413543118,Kazza Wine Bar,wine,40.8475475,-73.9387283,West 177th Street,http://www.kazzanyc.com/
node,5414460813,Great Wall Chinese Restaurant,chinese,40.8508316,-73.9385026,West 181st Street,https://www.greatwallnewyorkcity.com/
node,5414645880,181 Cabrini,,40.8511684,-73.9401391,West 181st Street,http://www.181cabrini.com/
node,5415350325,Mee,noodle;chinese,40.730937,-73.9831109,,
node,5415639405,Prime One 16,new_american,40.7959347,-73.9356816,1st Avenue,https://primeone16.com/
node,5415642281,Au Za'atar,,40.7589604,-73.9626861,1st Avenue,
node,5415650671,Pokerice,,40.7318916,-74.0013962,West 4th Street,https://www.pokericenyc.com
node,5415839909,Kismat Indian Restaurant,indian,40.8552442,-73.9370234,Fort Washington Avenue,https://kismatny.com/
node,5419491621,Cinnamon snail,,40.7503235,-73.9918003,Pennsylvania Plaza,http://www.thepennsy.nyc/the-cinnamon-snail/
node,5425463232,Ootoya,japanese,40.7553036,-73.9869647,West 41st Street,
node,5433333127,Sarabeth's,american,40.7652199,-73.9755591,Central Park South,https://sarabethsrestaurants.com/central-park-south/
node,5434089022,Sarabeth's,,40.7424934,-73.984422,Park Avenue South,https://sarabethsrestaurants.com/locations/park-avenue-south/
node,5443702879,Sauce,italian;coffee,40.7204957,-73.9894353,Rivington Street,https://www.saucerestaurant.com/
node,5455462001,Cafe Himalaya,tibetan,40.723193,-73.9879942,East 1st Street,https://cafehimalaya.weebly.com/
node,5465717722,Washington Square Dinner,breakfast;burger;salad;greek,40.7314198,-74.0006911,West 4th Street,
node,5468419221,Chez Nick,american,40.7790963,-73.94508,York Avenue,
node,5489315616,Serafina,italian,40.7645598,-73.9820354,West 55th Street,https://www.serafinarestaurant.com/location/serafina-broadway/
node,5500005644,Charrua Uruguayan Restaurant,uruguayan,40.7200308,-73.9876041,Essex Street,http://www.charruanyc.com
node,5501633021,Barking Dog,american,40.7840697,-73.9503873,3rd Avenue,https://www.barkingdognyc.com/location/barking-dog-e-94/
node,5504037324,Gelso & Grand,,40.7195003,-73.9973762,,
node,5511982448,Lord's,british,40.7276864,-73.9994646,Laguardia Place,https://www.bosienyc.com/
node,5511988543,Mocha Burger,burger,40.7274205,-73.9997484,LaGuardia Place,https://mochaburger.com/
node,5511992166,Molcajete Taqueria,mexican,40.7273229,-73.9997885,LaGuardia Place,
node,5512636204,Madam Ji,indian,40.7282329,-73.9995481,Bleecker Street,https://www.madamjinyc.com/
node,5512653817,Grandma’s One Pizza,pizza,40.7287649,-74.0000832,Bleecker Street,
node,5514272788,Karakatta,ramen,40.7293419,-73.9987713,Thompson Streer,
node,5515156304,Pera SoHo,mediterranean,40.723831,-74.0033719,Thompson Street,https://www.pera-soho.com
node,5515196277,Sessanta,italian;coffee,40.7239998,-74.0031136,Thompson Street,https://www.sessantanyc.com/
node,5515220109,Aurora SoHo,italian,40.7235403,-74.0031561,Broome Street,https://www.aurorasoho.com
node,5520366543,Healthy Joe’s,,40.7133701,-74.0081717,Murray Street,
node,5520380022,Aahar,indian,40.7133082,-74.0080416,Murray Street,
node,5522613821,The Drunken Munkey,indian,40.7809852,-73.9475594,East 92nd Street,http://www.drunkenmunkeynyc.com
node,5527575303,City Vineyard,,40.721372,-74.0127131,,
node,5537914954,Bouley at Home,fine_dining,40.7411298,-73.992128,West 21st Street,https://davidbouley.com
node,5538175004,Del Posto,italian,40.7434562,-74.0075595,10th Avenue,https://delposto.com
node,5540462860,Nick's,italian,40.7827672,-73.9479303,2nd Avenue,https://www.nicksnyc.com/
node,5547626023,Bowery Meat Company,steak_house,40.7245658,-73.9918599,East 1st Street,https://www.bowerymeatcompany.com
node,5548140929,Delizia 92,italian,40.7815133,-73.9488508,2nd Avenue,https://www.delizia92.com/
node,5550978112,Dr. Clark,japanese,40.7161851,-73.9998239,,https://www.drclarkhouse.com
node,5561024647,Butter Smashburgers,burger,40.7294539,-74.0008102,MacDougal Street,https://www.buttersmashburgers.com/
node,5565427921,Capizzi,pizza,40.757441,-73.9935684,,https://capizzinyc.com/
node,5574666644,Bar Six,,40.7364211,-73.9972187,6th Avenue,http://www.barsixny.com/
node,5576503130,Windfall Lounge,,40.752335,-73.9836718,West 39th Street,https://windfallnyc.com/
node,5579089817,Asami Sushi,,40.7370148,-73.9973474,,
node,5579096756,E.A.K Ramen,,40.7356331,-73.9983668,,
node,5588878334,Guajillo,mexican,40.7968525,-73.9350057,1st Avenue,http://www.guajillo1stave.com
node,5588989245,Mrs. An Thai,thai,40.7873895,-73.9482837,East 99th Street,https://www.mrsanthainyc.com
node,5593016867,Bâtard,french,40.7195759,-74.0058025,West Broadway,https://www.batardtribeca.com/
node,5593041648,,,40.7187167,-74.0060375,Franklin Street,https://www.tuttoilgiorno.com/
node,5599232076,The Milton,british;american;irish,40.781267,-73.9490461,2nd Avenue,https://themiltonnyc.com/
node,5603357400,Au Za'atar,middle_eastern;lebanese,40.7289381,-73.9812454,Avenue A,https://auzaatar.com
node,5603575358,Pizza Studio Tamaki,italian;pizza,40.7269086,-73.9834027,Saint Marks Place,https://www.pizzapst.com/
node,5604044815,Crab Du Jour Xpress Cajun,seafood,40.7163717,-73.9875854,Grand Street,https://crabdujourxpressny.com
node,5607902921,Wonton Noodle 1978,chinese,40.7157853,-73.9982634,Mott Street,
node,5614222314,Vietnaam,vietnamese,40.7792107,-73.9505504,2nd Avenue,https://vietnaam88.com
node,5614271261,Wok 88,chinese,40.7803566,-73.9531066,3rd Avenue,https://www.wok88inc.com/
node,5614292204,Móle,mexican,40.7802891,-73.9502159,2nd Avenue,
node,5615998343,Rosie's,mexican,40.7249227,-73.9906582,East 2nd Street,
node,5616137907,Pokee,japanese,40.7305853,-74.000436,West 3rd Street,
node,5616317452,Delicious Chinese Food Inc,chinese,40.7876253,-73.9443966,2nd Avenue,
node,5618087852,Met Dining Room,,40.7788973,-73.9644595,,
node,5618838622,New Suki Ichiro,sushi;japanese,40.7788724,-73.9507751,2nd Avenue,https://www.sukiichiro.com/
node,5620855721,DB Bistro Moderne,french,40.755845,-73.9822708,,https://www.dbbistro.com/nyc/
node,5625538225,Manousheh,lebanese,40.7293785,-74.0013718,,
node,5627943322,Le Jardin Bistro,french,40.7186318,-73.9893489,Delancey Street,https://www.lejardinbistronyc.com
node,5628809026,Sadelle’s,seafood;bagel,40.7262525,-74.0001116,West Broadway,https://www.sadelles.com/
node,5628928424,Westville,american,40.7272539,-74.0075081,Hudson Street,https://westvillenyc.com/locations/westville-hudson/
node,5630477424,North River Lobster Company,,40.7617789,-74.0027011,West 41st Street,
node,5635121621,The Butcher’s Daughter,,40.7363404,-74.0060825,Hudson Street,
node,5666755639,Le Viêt Thai,vietnamese;thai,40.7811676,-73.9491151,2nd Avenue,
node,5666796392,Bangrak Thai Cuisine,thai,40.7811358,-73.9491383,2nd Avenue,
node,5672759305,El Paso Taqueria,mexican,40.7873686,-73.9527035,East 97th Street,
node,5680293321,Ella Social,spanish,40.7770276,-73.978849,Columbus Avenue,https://ellasocial.com
node,5680634291,Hwa Yuan,chinese,40.7137082,-73.9959474,,
node,5686427721,Strokos Deli,,40.805466,-73.9622848,Amsterdam Avenue,
node,5700167968,Veselka,ukrainian,40.7289775,-73.9869985,2nd Avenue,https://www.veselka.com/location/veselka/
node,5700877721,Tiny Shanghai,chinese,40.7178259,-73.9979942,Mulberry Street,
node,5703492189,Cafe d'Alsace,french,40.7794382,-73.9508292,2nd Avenue,https://www.cafedalsace.com
node,5703494368,Tenzan 89,japanese;sushi,40.7796344,-73.9502395,2nd Avenue,
node,5703497866,Vegan Grill,sandwich;chicken;mexican;mediterranean;italian;burger;breakfast,40.7801105,-73.9498604,2nd Avenue,
node,5707209574,IKYU,sushi,40.7798844,-73.9500298,2nd Avenue,https://www.ikyuny.com/
node,5709136460,El Nuevo Sabor,dominican,40.8694438,-73.9155626,10th Avenue,https://elnuevosaborrestaurant.com/
node,5709149508,Made In Mexico,mexican,40.8672533,-73.9171554,10th Avenue,https://madeinmexico.nyc/
node,5709614591,Guadalupe,,40.8674262,-73.9207651,West 207th Street,https://guadalupebargrill.com/
node,5711614094,Seawalk Restaurant,seafood,40.8666758,-73.9283593,Dyckman Street,https://seawalkrestaurant.com/
node,5711620241,Pat'e Palo,latin_american,40.8665532,-73.9282148,Dyckman Street,
node,5711722291,Papasito,mexican,40.8659316,-73.9274671,Dyckman Street,https://papasitony.com/
node,5716458603,Midnight Express Diner,diner,40.7797622,-73.9505867,2nd Avenue,https://www.midnightexpressdiner.com
node,5719018954,Empire Corner 2,chinese,40.8004366,-73.9463914,5th Avenue,
node,5721493494,El Tepeyac Taqueria,mexican,40.7866636,-73.9501801,Lexington Avenue,
node,5726231038,Robert's Steakhouse,steak,40.7630348,-73.9972682,West 45th Street,http://www.pecnyc.com
node,5726883078,BBF,japanese,40.7219414,-73.987541,Ludlow Street,https://www.bbf-nyc.com/
node,5726883079,Taverna Di Bacco,italian,40.7218756,-73.9875758,Ludlow Street,https://www.tavernadibacco.com/
node,5726897054,Le French Diner,french,40.7220477,-73.9880873,Orchard Street,http://lefrenchdiner.com
node,5729305630,Tacos & Tequilla,mexican,40.7807448,-73.9494056,2nd Avenue,https://tacos-tequila-mexican-restaurant.business.site
node,5729310496,Il Carino,italian,40.7795132,-73.9503284,2nd Avenue,https://www.ilcarinorestaurantnyc.com/
node,5729312617,Mughlai Indian Cuisine,indian,40.7800549,-73.9498849,2nd Avenue,https://mughlaicuisineny.com/
node,5730758414,Chef's Table at Brooklyn Fare,,40.7560775,-73.996449,West 37th Street,https://www.brooklynfare.com/pages/chefs-table
node,5734394321,Xe Lua,vietnamese,40.7165861,-73.9987702,,https://xeluanewyork.com/
node,5734886422,The Spaniard,american,40.7327579,-74.0021665,West 4th Street,
node,5748057621,Dallas BBQ,barbecue,40.7701167,-73.9600332,3rd Avenue,https://www.dallasbbq.com/upper-east-side/
node,5750222852,Dallas BBQ,barbecue,40.8395821,-73.9404606,Broadway,https://www.dallasbbq.com/
node,5752611173,The Grey Dog,sandwich;burger;salad,40.7337512,-73.9931307,University Place,https://www.thegreydog.com/location/the-grey-dog-union-square/
node,5754424778,Garlic New York Pizza Bar,pizza,40.7451397,-73.975856,,https://garlicny.com/
node,5754424781,Lan Larb Esan,thai,40.745334,-73.9757137,,https://www.lanlarb2ave.com
node,5754826808,Swift Eats,,40.7593502,-73.9921758,9th Avenue,
node,5754840579,Ajisai,japanese,40.7595043,-73.9920502,9th Avenue,
node,5754840633,Lenwich,sandwich,40.759443,-73.9920938,9th Avenue,
node,5756089924,Emily,pizza,40.7293542,-74.0038432,Downing Street,https://www.pizzalovesemily.com
node,5756090021,The Loyal,,40.7321386,-74.0033283,,https://www.loyalrestaurant.com/
node,5756090121,Avocaderia,,40.7518551,-74.0051335,,https://www.avocaderia.com/
node,5756090122,Milk Bar Financial District,,40.7047951,-74.0065116,Wall Street,https://milkbarstore.com/
node,5757232056,SUGARFISH by sushi nozawa,sushi,40.7389499,-73.9888714,East 22nd Street,https://sugarfishsushi.com/locations/flatiron/
node,5762528453,Wolfgang’s Steakhouse,,40.746628,-73.9820041,Park Avenue,https://wolfgangssteakhouse.net/
node,5766202314,Bua Thai Ramen & Robata Grill,thai,40.7763429,-73.9530891,2nd Avenue,https://buathairamennyc.com/
node,5766671053,Oda House,georgian,40.7240335,-73.9821057,Avenue B,https://www.odahouse.com/
node,5780277997,New Chinatown Restaurant,chinese;japanese,40.7828869,-73.9512532,3rd Avenue,
node,5780289848,Korali Estiatorio,greek;seafood,40.7834335,-73.9508414,3rd Avenue,https://www.nyckorali.com/
node,5780292853,Isohama,sushi,40.7835485,-73.950757,3rd Avenue,https://www.isohama.com/
node,5781227153,Brasserie Cognac Américain,french;american,40.7522238,-73.9815331,5th Avenue,https://cognacamericain.com/
node,5781268723,Bondi Sushi,sushi,40.7523763,-73.9814434,5th Avenue,
node,5781374253,Skinny's Cantina on the Hudson,mexican,40.8202694,-73.9588986,,
node,5782494844,Effy's Kitchen,american,40.7885453,-73.9488126,Lexington Avenue,
node,5782495642,Café d'Anvers,belgian,40.7884657,-73.9488874,Lexington Avenue,https://cafedanversnyc.com/
node,5782500846,Yura's Blue Plate,,40.795666,-73.9354419,1st Avenue,
node,5782504258,Pipo's,mexican,40.799484,-73.9398336,East 118th Street,http://www.piposrestaurant.com
node,5799183353,Pep's on Grand,italian_pizza,40.7190831,-73.9969787,Grand Street,https://www.pepsongrand.com/
node,5799510957,Sandwich House,italian,40.7109248,-74.0078117,Ann Street,
node,5799511379,Omar's Mediterranean Cuisine,,40.7109559,-74.0078671,Ann Street,
node,5801848000,Thai @ Lex,thai,40.7781312,-73.9567486,Lexington Avenue,https://www.thaiatlex.com
node,5801862103,Malii Thai Kitchen,thai,40.7894559,-73.943061,2nd Avenue,https://www.maliinyc.com/
node,5801889162,Plue,thai,40.7889193,-73.9485485,Lexington Avenue,https://www.pluenyc.com
node,5801975953,Morton's The Steakhouse,steak_house,40.7552012,-73.9786908,,https://www.mortons.com/
node,5806583655,Buvette Gastrotheque,,40.7327006,-74.0043588,,
node,5808091324,Fresh Basil's,italian,40.7595622,-73.9682586,3rd Avenue,http://www.freshbasils.com/
node,5810383921,Bravo Kosher Pizza,pizza;sushi,40.7066673,-74.0135136,Trinity Place,https://www.bravokosherdowntown.com/
node,5815748397,Swagat,indian,40.7481269,-73.9932265,West 29th Street,https://swagatindianfood.com/
node,5816276401,Macaron Café,french;sandwich;salad,40.7518625,-73.9890435,West 36th Street,https://macaroncafe.com/
node,5816276453,Chopstick House,,40.751597,-73.9883856,West 36th Street,https://gochopstickhouse.com/
node,5816354728,Delmonico's Kitchen,steak,40.7525209,-73.9899817,West 36th Street,https://delmonicoskitchen.com/
node,5816447410,El Sabroso,latin_american;ecuadorian,40.7540751,-73.9916562,West 37th Street,
node,5816447411,Venisalvi Cafe,mediterranean;tapas,40.7547857,-73.9921429,West 38th Street,https://venisalvi.com/
node,5816964481,Alan's Kitchen,mexican,40.7556117,-73.992188,West 39th Street,https://www.alanskitchennyc.com
node,5816964482,Aya Sushi,sushi;japanese,40.7555965,-73.9921405,West 39th Street,https://www.ayasushinewyork.com/
node,5818318680,Poketown,hawaiian,40.755361,-73.9915727,West 39th Street,http://poketownnyc.com/
node,5818318681,Rattle N Hum West,pizza;sandwich;breakfast;american,40.7554555,-73.9917531,West 39th Street,https://rattlenhumbarnyc.com/rattlenhumwest
node,5823260853,,,40.7569712,-73.967446,East 53rd Street,
node,5823525571,Aiyara Thai,thai,40.7550458,-73.9948474,9th Avenue,https://aiyarathainyc.com
node,5826449659,Desi Indo-Chinese,indian;chinese,40.7897114,-73.9428704,2nd Avenue,
node,5828664373,Lulu & Teddy's Cafe,,40.794225,-73.9400173,2nd Avenue,
node,5832407897,Thai Select,thai,40.754807,-73.9950154,9th Avenue,https://thaiselectny.com/
node,5836731215,Supper,italian,40.7228995,-73.9852816,East 2nd Street,https://supperrestaurant.com/
node,5837218437,Between the Bread,,40.7518739,-74.0052935,West 27th Street,https://www.betweenthebread.com/
node,5852337187,Shinka ramen & sake bar,japanese,40.7170503,-73.9950047,Bowery,
node,5855939724,La Pecora Bianca,italian,40.7549287,-73.9682465,2nd Avenue,https://www.lapecorabianca.com/location/midtown/
node,5857677523,Gracie Mews Restaurant,diner,40.7734398,-73.9516051,1st Avenue,https://www.graciemewsdiner.getsauce.com/
node,5857904387,The Mansion Restaurant,diner,40.7759935,-73.9468405,York Avenue,https://www.mansiondiner.com
node,5866143628,Paul & Jimmy's Ristorante,italian,40.7367294,-73.9873227,East 18th Street,https://www.paulandjimmys.com/
node,5866143629,Javelina,tex-mex,40.7367842,-73.9874574,East 18th Street,https://www.javelinatexmex.com/location/javelina-union-square/
node,5871106370,Chandni Restaurant,,40.7459321,-73.9878023,29th Street,https://chandnirestaurantny.com/
node,5871114517,La Lanterna di Vittorio,italian,40.7306519,-74.0000731,,https://lalanternacaffe.com/
node,5873568860,Sfoglia,italian,40.7834917,-73.9528749,Lexington Avenue,
node,5879671792,Budapest Café & Restaurant,hungarian,40.7770924,-73.9525379,2nd Avenue,https://budapest-cafe.business.site
node,5879976048,Supreme Eats Pizza & Pasta Corp,pizza;italian,40.7892151,-73.9486629,Lexington Avenue,
node,5882076665,3 Decker Restaurant & Cafe,diner,40.7808932,-73.949317,2nd Avenue,
node,5883645807,Old Tbilisi Garden,georgian,40.7288339,-74.0007577,Bleecker Street,https://www.oldtbilisigarden.com/
node,5891192633,Fields Good Chicken,,40.7070134,-74.0069368,,
node,5891429762,DD Soup Dumpling & Fuji Hibachi,japanese;dumpling;chinese,40.757824,-73.9907567,West 42nd Street,https://ddhibachi.com/
node,5897652745,Kiki's,greek,40.7145315,-73.9919097,Division Street,https://kikisnyc.com
node,5903046274,Nakamura,japanese;ramen,40.717863,-73.9851883,Delancey Street,https://www.nakamuranyc.com
node,5903115786,Papatzu Mexican Restaurant,mexican,40.7222091,-74.0036238,Grand Street,
node,5906911085,Peppercorn Kitchen,,40.7302029,-73.9940209,Mercer Street,https://peppercornkitchen.nyc.com/
node,5907398054,The Supply House,grill;american,40.7775557,-73.9522212,2nd Avenue,https://www.thesupplyhousenyc.com/
node,5907398185,Tiramisu,italian;tuscan,40.7774392,-73.952309,2nd Avenue,https://tiramisunyc.com
node,5916553158,Fat Choy,asian,40.7180934,-73.9897625,Broome Street,https://www.fatchoynyc.com/
node,5916567906,Hotel Chantelle,american,40.7184164,-73.9890541,Ludlow Street,https://www.hotelchantellenyc.com/
node,5918030057,Limani,seafood,40.7596918,-73.978275,Rockefeller Plaza,https://www.limani.com/
node,5922862086,Junior's Deli,,40.7611297,-73.9839743,Broadway,
node,5932979098,Rasa,malaysian;thai;indonesian,40.7329128,-73.9976584,,https://www.rasanyc.com
node,5934767188,East Season Restaurant House,chinese,40.7180742,-74.0003269,,
node,5934969278,Soho Thai,thai,40.7201707,-73.9995759,,https://www.sohothainyc.com
node,5939542595,Joanne Trattoria,italian,40.7745302,-73.9802971,West 68th Street,https://joannenyc.com/
node,5939555190,Francesco's Pizza,pizza,40.775134,-73.9807023,Columbus Circle,https://www.francescosoncolumbus.com/
node,5939555287,La Traviata Pizzeria,pizza,40.7750501,-73.9808413,West 68th Street,http://orderlatraviatapizza.com/
node,5939562686,Noi Due Carne,,40.7761691,-73.9815274,West 69th Street,
node,5939562688,Westside Restaurant,,40.7763049,-73.9818443,Broadway,https://westsiderestaurant.business.site/
node,5943272959,Rockin K's,,39.2048235,-96.5880372,,
node,5950163185,Nish Nush,mediterranean,40.715602,-74.0076362,,https://nishnushnyc.com/
node,5955435385,Shanghai Asian Cruisine,chinese,40.7158894,-73.9972598,Elizabeth Street,
node,5960471088,Sushiya,,40.76314,-73.976775,,
node,5970419085,Very Fresh Noodles,,40.7421597,-74.0053901,West 15th Street,https://www.veryfreshnoodles.com/
node,5972697424,The Famous Jimbo's Hamburgers Palace,,40.8035129,-73.9378803,Lexington Avenue,
node,5978510489,Sushi West,sushi;japanese,40.7353756,-74.00585,Hudson Street,
node,5978510502,Gotham Pizza,pizza,40.7699155,-73.9517326,York Avenue,https://www.gothampizzany.com
node,5978510504,Roma Pizza,pizza,40.7630158,-73.9853514,8th Avenue,
node,5978556694,Sashimi Express II,,40.7706984,-73.9584885,East 74th Street,
node,5978556702,Pizza Etalia,pizza,40.7048978,-74.0122892,Beaver Street,
node,5978556709,Italian Village Pizzeria & Restaurant,pizza,40.7714871,-73.9531102,1st Avenue,
node,5978556710,Kobe Sushi,japanese,40.7707529,-73.9506465,York Avenue,https://kobesushi.netwaiter.com/new-york
node,5978556716,El Toro,mexican,40.7056381,-74.012428,New Street,https://eltoronyc.com
node,5978556730,Felice,italian,40.7078356,-74.006959,Gold Street,
node,5978556743,Yip’s,,40.7048564,-74.0123904,,
node,5978556771,Rosella’s Pizza,pizza,40.71016,-74.0057517,William Street,https://www.rosellaspizzany.com/
node,5978557700,Nicola’s,italian,40.7779571,-73.9562606,East 84th Street,https://www.nicolasrestaurantnyc.com/
node,5978557992,Grotto Pizza,pizza,40.7057086,-74.0123861,New Street,https://thegrottony.com
node,5978558885,Gina La Fornina,,40.7840338,-73.9567964,East 91st Street,
node,5978745697,Nish Nush,mediterranean,40.7093537,-74.008,,
node,5978745715,Kesté Pizza e Vino,pizza,40.7091806,-74.004849,Fulton Street,https://kestepizzeria.com/en/keste-fulton/
node,5978745721,Himalayan Curry House,indian,40.8026396,-73.9671313,West 108th Street,
node,5978745723,Picnic by The Black Parrot,,40.8004252,-73.9652605,West 106th Street,
node,5978792125,Madame Vo,vietnamese,40.729344,-73.9860416,,https://www.madamevo.com
node,5978792495,Piatto d’Oro,italian,40.7918405,-73.9390061,,
node,5978792512,10 Corso Como Cafe,,40.7070691,-74.002825,,
node,5978792516,Della's,,40.7147978,-74.009995,West Broadway,
node,5978795186,Da Claudio,italian,40.7108219,-74.0076301,Ann Street,https://www.daclaudionyc.com/
node,5978795487,La Mia Pizza,pizza,40.7743846,-73.9509533,1st Avenue,https://www.lamiapizzany.com
node,5978837398,Tajin,mexican,40.7077341,-74.0135393,Greenwich Street,
node,5978868293,La Nostra,pizza,40.7932055,-73.9403004,2nd Avenue,https://lanostrapizzeriany.com/
node,5978870985,Dreamer’s Pizza,pizza,40.7892557,-73.946623,3rd Avenue,https://dreamerspizza.com
node,5980089186,La Parisienne,coffee_shop;cafe;sandwich,40.709609,-74.0093344,Maiden Lane,
node,5981350385,Sugar Factory,,40.7404403,-74.0076639,Washington Street,
node,5983797885,OBAO,asian,40.7571908,-73.9685241,,https://www.obaony.com/
node,5983984047,El Vez,mexican,40.7147631,-74.0156301,Vesey Street,https://elveznyc.com/
node,5984008357,Miramar,seafood,40.7079986,-74.0179927,,http://miramarnyc.com
node,5984378186,The Heights Bar & Grill,,40.805184,-73.9664024,Broadway,https://theheightsnyc.com
node,5984409285,Badshah,,40.7648841,-73.9876636,9th Avenue,https://www.badshahny.com/
node,5984431287,Wokuni,japanese;seafood,40.7492545,-73.9774425,Lexington Avenue,https://wokuninyc.com/
node,5984450685,Amelie Wine Bar,,40.7887162,-73.9744949,Amsterdam Avenue,https://www.amelieupperwest.com/
node,5985141785,Mezeh Mediterranean Grill,mediterranean,40.7389158,-73.9896744,Broadway,https://order.mezeh.com/
node,5986770785,Saint Tropez Wine Bar,,40.7370507,-74.0038711,West 4th Street,https://sttropezwinebar.com
node,5987826185,Adda,indian,40.7268139,-73.9861401,,https://www.addanyc.com
node,5987843785,Pinch Chinese,chinese,40.7263749,-74.0018624,,https://www.pinchchinese.com/
node,5987859685,The Wayland,american,40.7251343,-73.9779025,East 9th Street,https://www.thewaylandnyc.com
node,5994541185,DokoDemo,japanese,40.7264163,-73.9897056,East 4th Street,https://www.dokodemonyc.com
node,5994570785,Taco Mahal,indian,40.7322928,-74.0033379,7th Avenue South,
node,6001364870,Seamores,seafood,40.7141819,-74.0154644,,
node,6006036285,Bus Stop Cafe,american;breakfast;burger;salad,40.7370158,-74.0059509,Hudson Street,https://www.busstopcafe-nyc.com/
node,6006060909,Cava,mediterranean,40.7791537,-73.9535112,3rd Avenue,
node,6007303592,Hoa Cafe,asian,40.7486997,-73.9957832,8th Avenue,
node,6013503383,Hangawi,korean,40.7466917,-73.9846896,East 32nd Street,https://hangawirestaurant.com/
node,6014692936,Kurant,,40.759747,-73.9652954,2nd Avenue,https://www.kurantnyc.com/
node,6020091159,Blarney Stone,irish,40.7065551,-74.0136373,Trinity Place,
node,6023478828,Bombay Grill House,indian,40.7641853,-73.988146,9th Avenue,http://bombaygrillhouse.com/
node,6032479080,El Cantinero,mexican,40.7336295,-73.9932341,University Place,https://www.elcantineronyc.com/
node,6040235138,Grand Banks,seafood,40.7202788,-74.0159252,,https://crewny.com/grand-banks
node,6046944585,Sd,,40.7639563,-73.9883317,West 51st Street,
node,6051280588,Naruto Ramen,japanese,40.7811481,-73.9525139,3rd Avenue,https://narutoramenex.com/upper-east-side/
node,6051473585,Stone Street Tavern,,40.7042777,-74.010273,Stone Street,https://stonestreettavernnyc.com/
node,6052834893,Jasmine's,,40.7609547,-73.9902635,,
node,6053002884,Koo Thai,thai,40.7801715,-73.9467438,1st Avenue,
node,6053070785,Soba Noodle Azuma,japanese,40.7652737,-73.9832071,,
node,6053182486,Upstate,seafood,40.7263208,-73.986456,1st Avenue,https://www.upstatenyc.com/
node,6053220685,Empire Diner,american,40.7471834,-74.0043111,10th Avenue,https://empire-diner.com/
node,6053253585,Top Thai Greenwich,asian;thai,40.7297907,-73.9994469,Sullivan Street,https://www.topthainyc.com/
node,6053282586,North Dumpling,chinese,40.7158165,-73.9897834,Essex Street,http://www.china-north-dumpling.com
node,6053407685,Toasties,deli,40.7599574,-73.9831315,,http://toastiesnyc.com
node,6053487985,Ben's Delicatessen,deli,40.7539008,-73.9892603,West 38th Street,https://www.bensdeli.net/locations/manhattan-ny-kosher-deli-restaurant/
node,6053537386,Boqueria Spanish Tapas,tapas,40.7402954,-73.9937183,,http://boquerianyc.com
node,6053876585,Congee Village,chinese,40.7187155,-73.9903472,Allen Street,https://www.congeevillagenyc.com/
node,6055311151,Conmigo,mexican,40.7883648,-73.9535158,Madison Avenue,https://www.visual.menu/conmigo-madison/menu/brunch?category=Brunch%20Cocktails
node,6059038904,Wonder Pho,vietnamese,40.7785992,-73.9478668,1st Avenue,https://wonderphonyc.com
node,6061800022,Orion Diner & Grill,diner,40.7377882,-73.9811952,2nd Avenue,
node,6064400688,Udon Lab,japanese,40.7480981,-73.9874846,West 32nd Street,
node,6064439285,The Kunjip,korean,40.7477457,-73.9871706,West 32nd Street,https://www.kunjip.com
node,6064439585,New Wonjo,korean,40.7477885,-73.9867366,West 32nd Street,https://newwonjo.com/
node,6064442885,Addictive NYC,mediterranean,40.7565516,-73.9799617,,https://addictivenyc.com
node,6066762932,Applejack Diner,diner,40.7646805,-73.9824427,Broadway,https://www.applejackdiner.com/
node,6071905708,El Chevere Cuchifritos,caribbean,40.7940663,-73.9430902,3rd Avenue,
node,6077947286,Morning Star Cafe,diner,40.7552034,-73.9685534,2nd Avenue,https://morningstaronsecond.com/
node,6088743385,Royal Seafood,chinese,40.7173582,-73.997581,Mott Street,http://royal-seafood.com
node,6109290986,Hunan Slurp,chinese,40.7267171,-73.9856982,,https://www.hunanslurp.com
node,6109307685,Unique Omakase,sushi,40.7270696,-73.9854654,1st Avenue,https://www.uniqueomakase.com
node,6109352286,Twilight Lounge,chinese,40.7266682,-73.9857438,,https://www.twilightloungenyc.com
node,6110126636,Turks and Frogs,turkish,40.7357449,-74.0073406,West 11th Street,https://turksandfrogs.com/
node,6110220409,Pic Up Stix,chinese,40.7825365,-73.9535711,Lexington Avenue,https://www.picupstix.com
node,6110828687,Tin Wong,chinese,40.7174266,-73.9961333,Hester Street,https://www.tinwongrestaurant.com/
node,6112597817,RedFarm,chinese,40.7341879,-74.0064162,Hudson Street,https://www.redfarmnyc.com/location/west-village/
node,6119467321,Aria West Village,italian,40.7351369,-74.00673,Perry Street,https://www.ariawinebar.nyc/
node,6119467431,Left Bank,american,40.7351393,-74.0067873,Perry Street,https://www.leftbanknewyork.com/
node,6121777877,Upholstery Store: Food and Wine,seafood,40.7352507,-74.0082526,Washington Street,https://www.kurtgutenbrunner.com/restaurants/upholstery-store/
node,6121777878,Wallsé,austrian,40.7354186,-74.0082138,West 11th Street,https://www.kurtgutenbrunner.com/restaurants/wallse/
node,6122271185,Zest Sushi,sushi,40.717926,-73.989878,Broome Street,http://www.zestnyc.com/
node,6124318002,Pho Thanh Hoai,vietnamese;rice_noodle,40.7162381,-73.9992609,,
node,6125413922,Burger One,diner,40.775402,-73.9587626,Lexington Avenue,
node,6139494134,Porchlight,american;southern,40.7520063,-74.0049953,11th Avenue,
node,6139645147,Tequila Chito's,mexican,40.7461064,-74.0008419,,
node,6142309885,Indochine,vietnamese,40.7292596,-73.99246,,https://www.indochinenyc.com/
node,6142321585,Sigiri Sri Lankan Restaurant,asian;indian,40.7262145,-73.986534,1st Avenue,https://sigiriny.com
node,6157219597,Patron,mexican,40.7592579,-73.9918074,9th Avenue,
node,6163748697,The Wren,american;pub;brunch,40.7262691,-73.9920866,,https://www.thewrennyc.com
node,6168774285,4 Charles Prime Rib,,40.7351585,-74.0006431,,
node,6168816885,Upland,,40.7418061,-73.9846404,Park Avenue South,
node,6171412797,10th Avenue Pizza & Cafe,pizza,40.7487521,-74.0031663,10th Avenue,https://www.10thavenuepizza.com
node,6173403985,,japanese,40.7573506,-73.9702706,East 52nd Street,
node,6174050007,Jacques Brasserie,french,40.7778783,-73.9541391,East 85th Street,https://www.jacquesbrasserie.com
node,6174369085,Tiny’s and The Bar Upstairs,,40.7168221,-74.0080094,,
node,6178461392,The Little Beet,,40.7503146,-73.9917756,Pennsylvania Plaza,http://www.thepennsy.nyc/the-little-beet/
node,6178461393,Pat LaFrieda Meat Purveyors,steak;sandwich,40.7502973,-73.991726,Pennsylvania Plaza,http://www.thepennsy.nyc/pat-lafrieda/
node,6178461399,Ribalta,pizza,40.7503054,-73.9917525,Pennsylvania Plaza,http://www.thepennsy.nyc/ribalta/
node,6178461400,Sabi Sushi,sushi,40.7503324,-73.9918249,Pennsylvania Plaza,http://www.thepennsy.nyc/sabi-sushi/
node,6179753683,Taïm,mediterranean,40.7078003,-74.0077463,Maiden Lane,https://taimfalafel.com/
node,6184111793,Thai Villa,thai,40.7389809,-73.9907059,East 19th Street,https://thaivillanyc.com/
node,6206630769,San Babila,italian,40.7684737,-73.9588271,2nd Avenue,https://sanbabilanyc.com
node,6206635060,Mee's Noodle,noodle,40.7544604,-73.9685958,2nd Avenue,
node,6206635061,Mimi's Piano Bar,italian,40.7561485,-73.9673746,2nd Avenue,
node,6206645059,Green Kitchen,,40.7767393,-73.9527941,2nd Avenue,https://www.greenkitchennyc.com/84th-street/
node,6206645850,Joju,vietnamese,40.7761403,-73.9532229,2nd Avenue,
node,6206711584,El Paso,mexican,40.7952819,-73.9452985,East 110th Street,https://elpasony.com/
node,6206834487,Da Nico,italian,40.7196752,-73.9970458,Mulberry Street,https://danicoristorante.com/
node,6206842885,Jose Luis,italian,40.7176717,-73.9983849,Mulberry Street,
node,6209861993,Maz Mescal,mexican,40.7774087,-73.9510298,East 86th Street,https://www.mazmezcal.com
node,6209895325,Sandro's,italian,40.7773212,-73.9508445,East 86th Street,https://www.sandrosrestaurant.com
node,6216923972,Ajisai,japanese;fish;sushi,40.7637974,-73.9668355,Lexington Avenue,https://ajisainy.com/lexington/index.html
node,6216923973,August,american,40.7636984,-73.9669147,Lexington Avenue,
node,6216927488,Gina Mexicana,mexican,40.7633888,-73.9667985,East 61st Street,
node,6217351141,Korean Express,korean,40.7642222,-73.9665468,Lexington Avenue,
node,6218981270,Thai Son,vietnamese,40.7168178,-73.9996119,Baxter Street,
node,6219132402,The Pie Guy Pizza,pizza,40.7166527,-73.9997447,Baxter Street,https://www.thepieguypizza.com/
node,6219132403,Bayard Sushi,sushi,40.7156845,-73.9988884,Bayard Street,https://www.bayardsushinewyork.com/
node,6219132404,Appethaize,thai,40.7163269,-73.9999364,Baxter Street,
node,6219538439,Bocaditos Bistro,latin_american;caribbean,40.8668683,-73.9239764,Broadway,
node,6222075595,W4 Noodle House,chinese,40.7313519,-74.0004653,West 4th Street,https://www.w4noodlehousenewyork.com/
node,6222190782,C as in Charlie,korean,40.7254629,-73.9927069,Bleecker Street,
node,6223911885,Victor’s Café,,40.7629409,-73.984028,,
node,6228048387,Fumo,italian;pizza;brunch,40.742602,-73.9801487,,https://www.fumorestaurant.com
node,6228622528,Kaia Wine Bar,south_african,40.7818145,-73.9520354,3rd Avenue,https://www.kaiawinebar.com
node,6230657923,Takahachi,japanese,40.7252898,-73.984266,Avenue A,
node,6231480473,Food King,chinese,40.7117283,-73.9940837,Market Street,
node,6231491545,,spanish,40.7117182,-73.9967192,Catherine Street,
node,6231491546,LianJiangDongDai INC,chinese,40.711788,-73.9967369,Catherine Street,
node,6231502058,Phở Gà Vàng,vietnamese,40.7127475,-73.9942698,Market Street,
node,6231502060,Golden Diner,chinese,40.7124474,-73.9942216,Madison Street,https://goldendinerny.com
node,6231514598,,,40.71321,-73.99082,,
node,6231514605,Ming's Cafe,chinese,40.7143291,-73.9904108,Canal Street,
node,6231529909,Jajaja Plantas Mexicanas,mexican,40.714283,-73.9903859,East Broadway,
node,6231529911,Wu's Wonton King,chinese,40.7139189,-73.989957,East Broadway,https://wuswontonking.com
node,6231541014,Forgtmenot,mediterranean,40.7146073,-73.9913792,Division Street,https://forgtmenotnyc.com
node,6231541017,Bacaro,italian,40.7145454,-73.9914975,Division Street,https://bacaronyc.com
node,6233725908,Set L.E.S,asian,40.7198803,-73.9885811,Ludlow Street,https://set-les.com
node,6233725911,Izakaya Juraku,japanese,40.7196705,-73.9886785,Ludlow Street,https://www.izakayajuraku.com
node,6233725915,Kuma Inn,filipino;thai,40.719468,-73.9888217,Ludlow Street,http://www.kumainn.com
node,6233725916,Los Feliz,mexican,40.719392,-73.9888436,Ludlow Street,https://losfeliznyc.com
node,6233954069,Contra,american,40.7199157,-73.9891737,Orchard Street,https://contranyc.com
node,6233954071,Wildair,american,40.7200045,-73.9891428,Orchard Street,https://wildair.nyc
node,6233979172,Theatre Row Diner,diner,40.7587807,-73.9938672,West 42nd Street,
node,6233982619,Chez Josephine,french,40.758598,-73.9934953,West 42nd Street,http://www.chezjosephine.com
node,6233982654,West Bank Cafe,,40.7587872,-73.9930533,West 42nd Street,
node,6233991635,Turkish Cuisine,turkish,40.7600863,-73.9916414,9th Avenue,
node,6233991645,Obao,thai;vietnamese,40.7606269,-73.9912736,9th Avenue,https://www.obaony.com/
node,6233992412,Mari,korean,40.7615248,-73.9906111,9th Avenue,https://marinyc.com/
node,6233995698,Lilly's,,40.7613761,-73.9906947,9th Avenue,
node,6233995772,Mom's Kitchen & Bar,american;diner,40.7624142,-73.9899588,9th Avenue,https://eatatmomsnyc.com/
node,6233999017,Gazalas,turkish,40.7626427,-73.9897868,9th Avenue,
node,6236943852,Sushi King,sushi,40.7208864,-73.9898054,Allen Street,
node,6236943855,Ms. Yoo,korean,40.7211839,-73.9896938,Allen Street,https://ms-yoo.com
node,6237222967,Omakase Shihou,,40.775369,-73.9533215,,
node,6237394819,New Sunny East 88,chinese,40.777924,-73.9483586,1st Avenue,http://www.eatnewsunnyeast88nyc.com/
node,6237469173,Up Thai,thai,40.7698909,-73.9577946,2nd Avenue,http://www.upthainyc.com
node,6237520255,Bangklyn East Harlem,thai,40.7902533,-73.9429411,2nd Avenue,https://bangklyn.com/
node,6237598299,Zabb PuTawn,thai,40.7745221,-73.9508675,1st Avenue,https://www.zaabputawn.com
node,6240316486,parma Nuova,italian,40.7748819,-73.9571029,3rd Ave,https://parmanuovanyc.com/
node,6250764200,Happy Garden Palace,chinese,40.7137479,-73.99549,East Broadway,
node,6252179316,Saluggi's,italian,40.7201178,-74.0036225,Church Street,http://www.saluggis.com/saluggis-tribeca-the-original
node,6258099099,Añejo Tribeca,,40.7193126,-74.0042535,Walker Street,
node,6260877963,Young Xinjiang BBQ Cart,chinese,40.7136196,-73.993807,Forsyth Street,
node,6260877964,Xing Wong BBQ,chinese,40.7136265,-73.9937134,East Broadway,https://xingwongbbq.com
node,6260877968,New Wong,chinese,40.7136792,-73.9931769,East Broadway,
node,6260877969,Lan Zhou Ramen 107,ramen;chinese,40.7136866,-73.9930117,East Broadway,https://www.lanzhouramennyc.com
node,6261876005,Sun Sai Gai Restaurant,chinese,40.717196,-73.9993781,Canal Street,
node,6270650093,Pascalou,french,40.7851416,-73.9558929,Madison Avenue,https://pascalou.info/
node,6270653121,The Wright,,40.7828127,-73.959174,East 88th Street,
node,6274225043,Ji Bei Chuan,chinese,40.7175647,-73.994344,,https://www.jibeichuanchinatown.com/
node,6277896351,CAFETERIA,american,40.7404947,-73.9980066,7th Avenue,https://cafeteriagroup.com/
node,6278117442,L'Express,french,40.7380991,-73.9876326,Park Avenue South,https://lexpressnyc.com
node,6278128485,Superiority Burger,,40.7264466,-73.9834307,Avenue A,https://www.superiorityburger.com/
node,6278185444,2nd Ave Deli,diner,40.7695617,-73.9544914,1st Avenue,https://2ndavedeli.com
node,6285668319,Sushi By Bou,sushi,40.7584918,-73.983254,W 47th St,https://www.sushibybou.com
node,6293417989,Cibao Restaurant,latin_american,40.7191277,-73.9849303,Clinton Street,https://cibaorestaurant.com
node,6296848317,El San Juan Restaurant,seafood;soul_food,40.8010858,-73.9459088,5th Avenue,
node,6296848388,Jacob Restaurant,soul_food,40.8217176,-73.9429665,Frederick Douglas Boulevard,https://www.jacobrestaurant.com/
node,6296851635,Jacob Restaurant,soul_food,40.8102607,-73.9439964,Lenox Avenue,https://www.jacobrestaurant.com/
node,6296851689,Hot Pot Under De Tree,jamaican,40.826923,-73.9391666,Frederick Douglas Boulevard,
node,6308814785,Amy Ruth's Downtown,american;southern,40.7369618,-73.9954517,West 14th Street,https://amyruthsdowntown.com
node,6311383922,KJUN,cajun;korean,40.7489626,-73.9763378,East 39th Street,https://www.kjun-nyc.com
node,6311383928,Sushi Ryusei,sushi;japanese,40.7484457,-73.9751358,,https://www.sushiryusei.com
node,6311990216,Norikoh,japanese,40.7504909,-73.9819457,,
node,6318870857,Crunch Bear Market,japanese,39.1746828,-96.5824928,Fort Riley Boulevard,https://www.crunchbearmarket.com/
node,6318870858,Cinco de Mayo Taqueria,mexican,39.174675,-96.5829846,Fort Riley Boulevard,https://cincomhk.com/order.php
node,6335392584,Pita & Beyond,middle_eastern;eclectic,40.7426715,-73.9801025,,https://pitaandbeyond.com
node,6341278785,Le Burger,burger;french,40.7240438,-73.9827327,East 5th Street,https://www.leburgernyc.com
node,6342212317,The Lobster Club,japanese;sushi;fine_dining,40.7584777,-73.9721247,East 53rd Street,https://thelobsterclub.com/
node,6344011421,Quantum Leap,,40.7606061,-73.9614838,1st Avenue,http://quantumleap1stave.com/
node,6346043620,Dorrian's,american,40.7763756,-73.9525898,2nd Avenue,https://www.dorrians-nyc.com
node,6348576200,Clinton Hall 36,new_american,40.7500481,-73.9847324,West 36th Street,https://clintonhallny.com/36th-street/
node,6351737294,Le Reve,mediterranean,40.7593749,-73.9711618,East 54th Street,https://www.lerevenyc.com
node,6352784394,Miraj Healthy Grill,middle_eastern,40.7465244,-73.980481,East 34th Street,https://www.mirajhealthygrill.com
node,6356436787,Three Times,,40.7328388,-73.9910154,Broadway,
node,6356444688,San Matteo Pizzeria e Cucina,italian,40.774651,-73.9543326,2nd Avenue,https://www.sanmatteonyc.com
node,6356475285,Harlem Public,,40.828715,-73.9484416,,
node,6356480886,Meijin Ramen,ramen,40.7750498,-73.9535584,2nd Avenue,https://www.meijinramen.com/
node,6356571487,Shorty’s,sandwich,40.7581173,-73.9925987,9th Avenue,https://www.shortysnyc.com/hells-kitchen.php
node,6356581985,Kame Ramen,,40.7442489,-73.9831707,,
node,6356748087,Keki Modern Cakes,,40.7164858,-73.9980912,,
node,6356918085,The Little One,,40.714103,-73.9909671,,
node,6356932387,Catmint Wheel Cake,,40.7299964,-74.0003585,,
node,6356964285,DIU Tea,,40.7209969,-73.9886406,,
node,6369348885,Fresh&Co,,40.7573465,-73.9693316,,
node,6369617399,Nam Son,vietnamese,40.7181712,-73.9943317,Grand Street,
node,6371366886,Fresh & Co,,40.7569432,-73.9717891,,
node,6371442486,Estela,american,40.7246217,-73.9947736,,https://estelanyc.com
node,6371446385,Nur,,40.7385414,-73.9888236,,
node,6371598588,Zuma,,40.7504796,-73.9806195,,
node,6371628985,꽃,korean;steak_house,40.7410352,-73.9914328,West 22nd Street,https://www.cotenyc.com
node,6374756586,Don Filippo,italian;pizza,40.7745987,-73.9589824,Lexington Avenue,https://www.donfilipporestaurant.com/
node,6378468600,The Horny Ram,american,40.7552533,-73.9685194,2nd Avenue,https://www.thehornyramnyc.com/
node,6394873173,Yoon Haeundae Galbi,korean;barbecue,40.7499088,-73.9844632,West 36th Street,https://yoon-nyc.com/
node,6396451192,Ostrica,seafood,40.7418537,-73.9777299,,https://ostricanyc.com
node,6400825486,Mighty Quinn's,barbecue,40.7531767,-73.987425,,https://www.mightyquinnsbbq.com/
node,6403172123,Patsy's Pizzaria,pizza,40.761859,-73.9656837,East 60th Street,
node,6407882846,Plant Made,mexican;italian;pizza,40.7260386,-73.9897726,2nd Avenue,https://plantmadenyc.com
node,6408680743,Kuchnia Manhattan,polish,52.7636919,15.2709247,Obrońców Pokoju,
node,6412293526,Coletta Italian Vegan Restaurant,italian,40.7409361,-73.981374,3rd Avenue,https://www.colettanyc.com
node,6418252593,Olive Garden,italian,40.7594748,-73.9847715,Times Square,https://m.olivegarden.com/locations/ny/new-york/nyc-times-square/1451
node,6418362084,Fig & Olive,fine_dining,40.7405856,-74.0069587,West 13th Street,https://www.figandolive.com/location/fig-and-olive-nyc-meatpacking/
node,6418373475,Cafe Boulud,french,40.7743902,-73.9639545,East 76th Street,https://www.cafeboulud.com/nyc/
node,6418378714,Carbone,italian,40.7280028,-74.0002252,Thompson Street,https://carbonenewyork.com/
node,6418623098,Ginger Root Vegan,chinese,40.7625034,-73.9596396,1st Avenue,https://gingerrootvegan.com/
node,6422254286,,italian,40.7607166,-73.9794734,6th Avenue,
node,6424147876,Five Senses,korean,40.7475798,-73.9861702,West 32nd Street,fivesensesnyc.com
node,6426473697,Dragon One,chinese,40.8020768,-73.956844,Frederick Douglass Boulevard,https://www.dragononeny.com
node,6426977889,Buffalo Wild Wings,wings,40.7601612,-73.9864034,,
node,6433889787,Norma’s,,40.7642411,-73.9785007,,
node,6434573686,B&H Dairy,breakfast;sandwich;eastern_european;jewish,40.7284226,-73.988016,2nd Avenue,
node,6445549431,Tipsy Shanghai,chinese,40.7487961,-73.9761031,,https://tipsy-shanghai.com
node,6457357185,Casellula,,40.76003,-73.9764733,West 52nd Street,
node,6458026085,Avant Garden,eclectic,40.7256438,-73.9840147,Avenue A,https://www.avantgardennyc.com
node,6458055785,Pietro Nolita,,40.7210061,-73.9947024,,
node,6462532123,The Smith,american,40.7309828,-73.9886341,3rd Avenue,
node,6462866685,Sushi Para 88,sushi,40.7386729,-74.0007672,,https://www.sushipara88.com/
node,6462874433,Chef 28,chinese;japanese,40.7438416,-73.9849909,,https://www.chef28.com
node,6466486185,Iguana New York,,40.7641961,-73.9832028,,
node,6468283466,Les Enfants de Bohème,,40.7136197,-73.9887706,Henry Street,https://www.lesenfantsdeboheme.com/
node,6468793385,Awash,ethiopian,40.7265709,-73.9868216,East 6th Street,https://awashny.com
node,6473303178,Ukrainian East Village Restaurant,ukrainian,40.7288929,-73.9871544,2nd Avenue,
node,6475002986,Tad’s Steakhouse,steak_house,40.7612776,-73.9828873,7th Avenue,
node,6475053286,Soho Sushi,sushi,40.7297573,-73.9994822,Sullivan Street,https://sohosushi.getsauce.com/
node,6475062686,Bento Nouveau,sushi,40.7059216,-74.0129774,Broadway,
node,6478973525,Pongal,indian,40.7421877,-73.9826126,,
node,6481688224,Il Posto Accanto,italian,40.7223924,-73.9840765,East 2nd Street,https://ilpostoaccantonyc.com/
node,6483003192,Orso,,40.7601137,-73.9890051,West 46th Street,
node,6483237643,Nizza,italian,40.7600473,-73.9911963,9th Avenue,
node,6495270312,Flame Hibachi,asian,40.7415111,-73.9809588,,
node,6495340586,Wok in the Clouds,asian;indian,40.7428983,-73.9827962,,https://wokitc.com
node,6497976385,GFG. Greek Food from Greece,,40.7639657,-73.9888381,,
node,6499655685,Zazzy's Pizza,pizza,40.7215656,-73.9885854,Orchard Street,https://zazzys.com/
node,6501259685,bella vita tranttoria,,40.7568075,-73.9867028,West 43rd Street,
node,6507019904,Lenwich,,40.7506665,-73.9915474,,
node,6511840938,Jaahlookova,,40.8168689,-73.9465164,Frederick Douglass Boulevard,
node,6511867025,Abyssinia,ethiopian,40.8160376,-73.9458914,West 135th Street,https://abyssinianyc.com/
node,6511917719,Ponty Bistro,,40.8176235,-73.9416508,Adam Clayton Powell Jr. Boulevard,https://www.pontybistroharlem.com/
node,6530593033,Downtown Yummy Restaurant,chinese,40.7134187,-73.9961407,East Broadway,
node,6538373186,NAYA Mezze & Grill,lebanese,40.7584922,-73.9661187,,
node,6538393285,NAYA Express,lebanese,40.7588799,-73.9749741,Madison Avenue,
node,6538395986,NAYA Express,lebanese,40.7632356,-73.9769411,West 56th Street,https://www.eatnaya.com/location/56-6th-naya/
node,6538493024,Raku East Village,japanese,40.7265,-73.9866532,East 6th Street,https://rakunyc.com/
node,6542803859,Ahimsa,indian,40.7479448,-73.9758207,,https://ahimsanyc.com
node,6543504647,Pepe Giallo,italian,40.7468928,-74.0050275,10th Avenue,https://pepegiallo.com/
node,6554084385,Mr. Broadway Kosher,sandwich,40.7524576,-73.9871786,Broadway,
node,6562024133,Le Privé,french,40.7195765,-73.9878525,Essex Street,https://www.prive-nyc.com/
node,6564102311,Death By Pizza,pizza,40.7409605,-74.0049638,9th Avenue,
node,6565478400,Spicy Moon,chinese,40.7267295,-73.9871986,East 6th Street,https://www.spicymoonnyc.com/
node,6566728785,East dumpling,,40.715869,-73.9928944,,
node,6566728787,Go! Go! Curry,,40.7098464,-74.0090195,,
node,6566728885,Poké Bowl,,40.7042695,-74.0117256,,
node,6566940485,Kati Roll Company,,40.7091007,-74.0091471,,
node,6568734638,Hao Noodle,chinese,40.7407628,-74.0044284,,https://haonoodle.com
node,6568734704,Dumpling Man,asian,40.7271837,-73.9847349,Saint Marks Place,https://dumplingman.com
node,6568735408,Takumi,japanese,40.7181774,-73.9918389,,
node,6568736486,Parm,italian,40.7230403,-73.9957307,,https://www.parmitalian.com/locations/mulberry-street/
node,6568743285,CAVA,mediterranean,40.7219556,-73.996497,,https://cava.com/locations/nolita-ny
node,6568824111,At Thai Restaurant,thai,40.7618562,-73.9940965,10th Avenue,
node,6575701885,Pastis,french,40.7392357,-74.0069542,Gansevoort Street,https://pastisnyc.com/
node,6582979193,Fried Dumpling,chinese,40.7145376,-73.9992597,Mosco Street,http://www.fried-dumpling.com
node,6582979385,Barn Joo,korean,40.7368428,-73.9906883,Union Square West,
node,6583001086,Ho Foods,taiwanese,40.7264166,-73.9847126,East 7th Street,https://www.hofoodsnyc.com/
node,6583004985,886,chinese,40.7288654,-73.9886584,,https://www.eighteightsix.com/
node,6597691422,Joey Pepperoni’s Pizza,pizza,40.7187899,-74.0026198,Broadway,https://signsfm.com
node,6606935746,Blossom on Columbus,,40.7853903,-73.9727245,Columbus Avenue,
node,6615272810,Yum yum too,thai,40.7609971,-73.9905173,,
node,6615272815,Mitr Thai,thai,40.7567769,-73.9804939,,https://www.mitrthainyc.com
node,6615272824,The Dawson,,40.7559902,-73.9805626,,
node,6615272829,Valerie,american,40.7562438,-73.9812159,West 45th Street,https://www.valerienewyorkcity.com/
node,6622046485,Pho Grand,vietnamese;rice_noodle,40.7176968,-73.9927709,Grand Street,
node,6622185985,il Buco,,40.7258235,-73.9929943,,
node,6622267485,The Woo,,40.7252195,-74.0037768,,
node,6630517161,CAVA,mediterranean,40.7274974,-74.0071128,Hudson Street,https://cava.com/locations/350-hudson-ny
node,6630517163,MakiMaki,sushi,40.7277372,-74.0070702,Hudson Street,https://makimaki.nyc/
node,6630517164,Glaze,japanese,40.7277965,-74.0070614,Hudson Street,https://www.glaze.com/glaze-hudson-square
node,6633208285,Pazza Notte,italian,40.7634136,-73.9781054,6th Avenue,https://www.pazzanotte.com/
node,6644248562,Bella Luna Restaurant,italian,40.7877722,-73.9714975,Columbus Avenue,https://www.bellalunanyc.com
node,6648520617,Angelo's Pizza,pizza,40.7638111,-73.982806,Broadway,https://www.angelosbroadway.com/
node,6649647161,Afghan Kebab House,afghan,40.7699162,-73.9542186,1st Avenue,https://www.afghankebabhouse2.com
node,6654169785,Smith's Bar,american,40.7587626,-73.9888983,,
node,6659539085,L'accolade,french,40.732491,-74.0038579,Bleecker Street,https://www.accolade-ny.com
node,6662115185,The Standard,,40.727873,-73.9907388,,
node,6670244826,Tanoshi Sushi NYC,sushi,40.7676209,-73.9529255,York Avenue,https://tanoshisushinyc.com
node,6670244827,Finestra Restaurant,italian,40.7675579,-73.9529698,York Avenue,https://www.finestrarestaurant.com/
node,6670244847,Sophie's Cuban Cuisine,,40.765174,-73.9574182,East 68th Street,https://www.sophiescuban.com
node,6680604284,Daps Caribbean Cuisine,caribbean,40.80563,-73.9399632,West 125th Street,
node,6680695929,Sahib Indian Cuisine,indian,40.7422764,-73.9829114,Lexington Avenue,
node,6691104532,Jerk Off the Grill,jamaican,40.7717892,-73.9537771,East 78th Street,
node,6691104542,Maruzzella,,40.7713169,-73.9536779,1st Avenue,https://www.maruzzellanyc.com/
node,6704527437,B. Cafe,belgian,40.7708948,-73.9576006,East 75th Street,https://bcafe.com/
node,6704581665,La Esquina,mexican,40.7692931,-73.9577451,2nd Avenue,https://esquinanyc.com/
node,6725433358,The Hummus & Pita Co.,mediterranean,40.7786166,-73.9530659,East 86th Street,https://www.hummusandpitas.com/
node,6732642783,Five Boys Fresh Pizza,pizza,40.7287287,-74.0050957,Varick Street,
node,6733980472,Great Wall,,40.7950928,-73.9358471,1st Avenue,
node,6733996099,The Rice Noodle,asian,40.7292129,-74.0015146,,
node,6733996101,Hello Saigon,vietnamese,40.7289364,-74.0009503,,
node,6743201150,Pinks Cantina,,40.7592498,-73.9527737,Main Street,
node,6758042171,Paladar Brazilian BBQ,brazilian,40.7935062,-73.9376879,East 112th Street,https://www.paladarbrazilianbbq.com/
node,6758200121,Casa Lalo,,40.7885984,-73.9487694,Lexington Avenue,
node,6762609288,Fillmore Delicatessen,sandwich,40.7836113,-73.950714,3rd Avenue,http://fillmoredeli.com
node,6763864286,Peppercorn Station,chinese,40.7526496,-73.985124,,https://www.peppercornstation.com
node,6764557213,Ming Wong,chinese,40.716,-73.9983757,Mott Street,
node,6769036965,Sarabeth's,,40.7182859,-74.01025,Greenwich Street,https://sarabethsrestaurants.com/locations/tribeca/
node,6775582688,Cascade,diner,40.7644289,-73.9842669,8th Avenue,
node,6781789416,La Vita Pizza,italian,40.7836719,-73.9506652,3rd Avenue,
node,6791095179,Olympia Pita,middle_eastern,40.7300818,-74.0002912,MacDougal Street,
node,6791524796,San Carlo Osteria Piemonte,italian,40.7251488,-74.0022186,Thompson Street,https://www.sancarlonyc.com/
node,6795570589,Empire Steakhouse,steak_house,40.7561488,-73.971257,East 50th Street,https://www.empiresteakhousenyc.com/midtown-east
node,6795887931,Shun Chang Chicken Duck Super,,40.7141785,-73.9905853,,
node,6795916190,He Xie Grocery Store,,40.7141804,-73.9906771,,
node,6802800188,CAVA,mediterranean,40.7058652,-74.0087804,Wall Street,
node,6807878874,The Mason Jar,barbecue,40.7448906,-73.9836804,East 30th Street,https://masonjarny.com/
node,6814208895,Quique Crudo,mexican;seafood,40.7291813,-74.0036625,Bedford Street,
node,6815431436,Jacob's Pickles,american,40.7911792,-73.969073,Columbus Avenue,https://www.jacobspickles.com/location/jacobs-pickles-upper-west-side/
node,6817950285,Juice Generation,,40.7376211,-73.9899652,,
node,6818147882,Akami Sushi,japanese;sushi,40.7804769,-73.9470077,1st Avenue,
node,6818179470,Fresh Wok,hawaiian;chinese,40.7806162,-73.9468726,1st Avenue,
node,6836077126,Shalel,moroccan,40.7760721,-73.9794282,West 70th Street,https://shalel.kitchen/
node,6852143019,Wagamama,asian,40.748833,-73.975442,3rd Avenue,
node,6852207223,Hunan Village,chinese,40.7496807,-73.9771518,,https://www.hunanvillagenewyork.com
node,6852273046,La Stanza,italian,40.7497088,-73.9775565,Lexington Avenue,https://lastanzanyc.com
node,6852273047,Sushi Zo,japanese;sushi,40.7497373,-73.9776384,East 39th Street,
node,6852273049,Kokage,japanese,40.749812,-73.9777557,East 39th Street,http://www.kajitsunyc.com/kokage_cafe.html
node,6852273050,La Brochette Steakhouse,steak_house;sushi,40.7498479,-73.9774133,,https://labrochetteny.com
node,6910650054,Indi Thai,thai,40.7198493,-73.9903448,Allen Street,http://www.curryhousenyc.com
node,6910698799,Revival,,40.7214223,-73.9877903,Ludlow Street,http://Www.barrrevival.com/
node,6910728948,Mama Fina's House of Filipino Sisig,filipino,40.7282376,-73.9821344,,https://www.mamafinas.com
node,6910758321,Ahimsa,indian,40.7283918,-73.983236,,https://ahimsagarden.com
node,6910793420,Dim Sum Bloom,chinese,40.7310339,-73.982565,1st Avenue,https://www.dimsumbloom.com/
node,6910793421,New Arc Chicken,middle_eastern,40.7311721,-73.9829309,1st Avenue,
node,6916714072,Hao Xin Qing Fashion,,40.7141341,-73.9908408,,
node,6919152917,Au Cheval Diner,american,40.7180421,-74.0019638,Cortlandt Alley,https://auchevaldiner.com/new-york/
node,6920037989,Grand Central Oyster Bar and Restaurant,seafood,40.7524188,-73.9773429,,https://www.oysterbarny.com/
node,6927650853,Massawa,ethiopian;east_african,40.8097913,-73.9586122,Amsterdam Avenue,https://www.massawanyc.com/
node,6939934109,Lao Jie Hot Pot & BBQ,chinese,40.7176315,-73.9950282,,
node,6940112503,Trapizzino,italian,40.7203717,-73.9889547,Orchard Street,https://www.trapizzinousa.com/location/trapizzino-les/
node,6946422550,Ricardo Steak House,steak,40.793484,-73.9405846,2nd Avenue,https://www.ricardosteakhouse.com/
node,6949740429,Bel Ami Cafe,,40.7690363,-73.9671242,,
node,6949740433,Nectar of 82nd Street,,40.7782135,-73.9609828,,
node,6955002285,Le Botaniste Organic Vegetarian Wine Bar,,40.7513984,-73.9742258,3rd Avenue,
node,6955034545,Mangia,italian,40.7417763,-73.9906298,West 23rd Street,https://mangia.nyc/
node,6967870385,Pete's Tavern,,40.7365064,-73.9867109,,
node,6969654187,Eim Khao Mun Kai,thai,40.72845,-73.987993,2nd Avenue,
node,6969716317,Thyme & Tonic,american;asian,40.7844564,-73.9739015,Columbus Avenue,https://www.thymeandtonic.com/
node,6969716318,Tridim West,chinese,40.7841086,-73.9736584,Columbus Avenue,https://tridimwest.com
node,6979980085,Saba's Pizza,pizza;italian,40.7770944,-73.9571567,Lexington Avenue,https://www.sabaspizzanyc.com/
node,6979980086,Famous Famiglia Pizzeria,pizza,40.778314,-73.9566244,,
node,6980177370,Grotta Azzurra,italian,40.7204043,-73.9969996,Mulberry Street,https://www.bluegrotta.com/
node,6981865793,Istanbul Kebab House,,40.7625456,-73.9893759,9th Ave,https://www.istanbulkebabny.com/
node,7003610135,Symposium,greek,40.8055157,-73.9642686,West 113th Street,https://www.symposiumnyc.com
node,7004354698,Haji's Famous Deli,sandwich,40.8064186,-73.961107,Amsterdam Avenue,
node,7004392888,Wu + Nussbaum,,40.8060976,-73.9656359,Broadway,https://www.wunussbaum.com
node,7012052492,The Original Ray's Pizza Restaurant,pizza,40.7841453,-73.9741189,Columbus Avenue,
node,7013001983,Javelina,tex-mex,40.7693428,-73.9581971,2nd Avenue,https://www.javelinatexmex.com/location/javelina-upper-east-side/
node,7036473776,Tara Rose,pub;american;irish;brunch,40.7417613,-73.9812336,,https://tararosenyc.com
node,7039664885,A Slice of New York,,40.7596528,-73.988293,,
node,7040362186,Anar,indian,40.8002094,-73.9656338,Amsterdam Avenue,https://www.anaronline.com
node,7041983091,Living Thai,thai,40.8000987,-73.9657163,Amsterdam Avenue,https://livingthai.net/
node,7047004787,Hold Fast,,40.7606026,-73.9902545,,
node,7047037587,STK Midtown,,40.7548374,-73.9827653,,
node,7047041785,Cathédral,,40.7315779,-73.9895131,,
node,7048001985,Piccola Cucina,,40.7262766,-74.0021542,,
node,7048004285,Sottocasa Pizzeria,,40.805587,-73.9475248,,https://sottocasanyc.com/
node,7048022347,"One if by Land, Two by if See",,40.7325495,-74.0026275,,
node,7055185614,Lenwich,sandwich,40.7725796,-73.958785,3rd Avenue,https://www.lenwich.com
node,7055777987,Lindys,,40.762939,-73.9821435,,
node,7061899686,Noodies Thai Kitchen,thai,40.7662252,-73.9867368,9th Avenue,https://www.noodiesnyc.com/
node,7061916385,Kashkaval Garden,mediterranean,40.7667648,-73.9861831,9th Avenue,http://kashkavalgarden.com/
node,7061919185,Blue Seafood Bar,seafood,40.7668916,-73.9861952,9th Avenue,https://blueseafoodbar.com/
node,7062657176,Empanada Mama,colombian,40.7644156,-73.9885174,9th Avenue,https://www.empmamanyc.com
node,7072974787,Smør,nordic,40.7293429,-73.9816876,East 12th Street,https://www.smornyc.com
node,7075387185,Wayan,,40.7213704,-73.9950789,Spring Street,https://www.wayan-nyc.com/
node,7077542685,Onieal’s,american,40.7196632,-73.9978597,Grand Street,https://onieals.com/soho
node,7077578988,Cafeta Social Club Italian Restaurant,,40.7241895,-73.9945177,,
node,7077876287,The Leopard at des Artistes,,40.773462,-73.9788968,,
node,7078534435,Shabu-Tatsu,japanese;hotpot,40.7292812,-73.9858915,East 10th Street,
node,7078534436,Rai Rai Ken,ramen,40.7292423,-73.9857986,East 10th Street,
node,7079145390,BB.Q Olive Chicken,korean;chimaek,40.747835,-73.986847,West 32nd Street,http://bbqktownnyc.com
node,7080440667,Bravo Pizza,pizza,40.7484534,-73.9927079,,https://www.bravopizzany.com
node,7085164539,Mighty Quinn's,barbecue,40.7723544,-73.9555308,2nd Avenue,https://www.mightyquinnsbbq.com
node,7085207165,Anand Indian Cuisine,indian,40.7723678,-73.955182,East 78th Street,https://www.anandindiancuisinenyc.com
node,7087039285,Una Pizza Napoletana,pizza,40.7217167,-73.9884995,Orchard Street,https://unapizza.com/
node,7087207951,Abaya Thai,thai,40.7537597,-73.9935174,West 36th Street,http://abayathainyc.com
node,7087208400,Glur Thai,thai,40.7411945,-73.9967198,West 19th Street,https://www.glurnyc.com
node,7089435597,NR,japanese,40.7700616,-73.9550189,E 75th street,http://nr-nyc.com/
node,7093547132,Trattoria Dell'Arte,italian,40.7652832,-73.9804165,7th Avenue,https://www.trattoriadellarte.com/
node,7093547285,H,,40.7613327,-73.9675293,,
node,7093921929,TsuroTonTan,japanese,40.7582536,-73.9807387,West 48th Street,https://www.tsurutontan.com/midtown
node,7093921932,Yama Ramen,noodle;japanese,40.7581457,-73.9806079,West 48th Street,https://yamasushiramen.com/
node,7093921941,Ippudo,ramen,40.7564517,-73.9804099,,
node,7093921944,Via Brasil,brazilian,40.7566081,-73.9806982,,
node,7093921945,Nino's 46,italian,40.7568086,-73.9805692,,https://ninos46.com
node,7097867546,Ankara #3,turkish,40.7225587,-73.988108,East Houston Street,
node,7098499225,Sushi Kai,sushi,40.728599,-73.9860977,East 9th Street,https://www.sushikainyc.com
node,7098944758,BLT Prime,steak_house,40.7715244,-73.9615969,Lexington Avenue,https://bltrestaurants.com/blt-prime/new-york-city/
node,7098987894,Orsay,french,40.7724091,-73.9605564,Lexington Avenue,
node,7102342430,Jean Claude,french,40.7710056,-73.9509459,York Avenue,https://www.jeanclaudebistrotnyc.com/
node,7108601966,Eli's Table,american,40.7750684,-73.95648,3rd Avenue,https://www.elizabar.com/Elis-Table.aspx
node,7112624485,Sophra Grill,turkish,40.7466487,-73.9771934,,https://www.sophragrill.com
node,7112758739,5ive Spice,vietnamese,40.7408703,-73.9814116,,
node,7125397465,Vinateria,italian;spanish,40.8065375,-73.9540554,Frederick Douglass Boulevard,https://www.vinaterianyc.com
node,7125417491,Cecil,,40.8047922,-73.9525262,,
node,7125417493,Moca Bar & Lounge,,40.806371,-73.9536786,,
node,7125552538,Motel Morris,american,40.7410077,-73.9981275,7th Avenue,https://www.motelmorris.com
node,7125925885,,,40.7412449,-74.0053836,,
node,7125925886,Cha Chang Tang,chinese,40.7152633,-73.9988232,,http://cha-chan-tang.com
node,7125925887,Sweet Chick,american;soul_food,40.7217365,-73.987391,Ludlow Street,https://www.sweetchick.com/location/lower-east-side-sweet-chick/
node,7125928685,Friedman’s,american,40.7483305,-73.9905021,West 31st Street,https://www.friedmansrestaurant.com/location/herald-square-friedmans-restaurant
node,7129746386,Kogame Ramen,,40.740654,-74.0042571,,
node,7134303426,Sant Ambroeus,,40.7754041,-73.9629918,,
node,7139389687,Burger & Lobster,burger;seafood,40.7558772,-73.9850095,,
node,7149223689,Rezdôra,italian,40.7390943,-73.9893691,East 20th Street,https://www.rezdora.nyc
node,7159068916,Tropical Sensation,,40.8008723,-73.9651512,Amsterdam Avenue,
node,7159068917,Awash,ethiopian,40.800689,-73.9652812,Amsterdam Avenue,
node,7159151800,Raenu Thai,thai,40.7975001,-73.9680762,Amsterdam Avenue,
node,7159234141,Miyako,sushi,40.7911097,-73.9727374,Amsterdam Avenue,https://www.miyakosushinyc.com
node,7159496528,Indian Tanpura,indian,40.7886183,-73.97456,Amsterdam Avenue,
node,7159516092,Gyu-Kaku,japanese;barbecue,40.7904105,-73.9732592,,
node,7160825479,Sathi,,40.7362201,-73.9852797,,https://www.sathinewyork.com/
node,7161597623,Kitaro Sushi,sushi,40.7868795,-73.9758248,Amsterdam Avenue,https://www.kitarosushiny.com
node,7161597627,Flor de Mayo,latin_american,40.7860372,-73.9764478,Amsterdam Avenue,
node,7162418888,Le Botaniste,health_food;eclectic,40.7204727,-74.000209,Grand Street,http://lebotaniste.us/
node,7164989985,Barolo,,40.7242457,-74.0023993,,
node,7165016685,The New Amity Restaurant,diner;greek,40.7798039,-73.9597899,Madison Avenue,
node,7165016688,Mighty Bowl,asian,40.7738414,-73.9595305,,
node,7173360085,K Rico Steakhouse,steak_house;american;grill,40.7643751,-73.988007,,
node,7182200996,Sai Gon Dep,,40.7477679,-73.9739443,2nd Avenue,
node,7192228723,Luke's Lobster,seafood,40.7841802,-73.9778051,Amsterdam Avenue,https://lukeslobster.com/uws
node,7192228727,Caledonia Bar,,40.7841195,-73.9778588,Amsterdam Avenue,
node,7194269384,Momoya,japanese,40.7840363,-73.9774282,Amsterdam Avenue,https://momoyanyc.com/
node,7195064985,Piccola Cuccina Estiatorio,sicilian;italian,40.72461,-74.0030234,Thompson Street,https://www.piccolacucinagroup.com/en/piccola-cucina-estiatorio-soho-nyc
node,7230710385,Peter McManus Cafe,,40.7418314,-73.9975703,7th Avenue,
node,7237689588,Emmy Squared,pizza;burger,40.7259556,-73.9867236,1st Avenue,https://www.emmysquaredpizza.com/location/east-village-new-york/
node,7237833660,Suki Sushi,sushi,40.7745346,-73.948381,York Avenue,http://ordersushisukiny.com/
node,7243408476,Bar Primi,italian;pasta,40.7256687,-73.991784,Bowery,https://www.barprimi.com/
node,7254235917,MaLa Project,chinese,40.72713,-73.9854213,,https://www.malaproject.nyc
node,7256020396,Lenz's Delicatessen,deli,40.7336058,-73.9775005,East 20th Street,
node,7259558972,Clay,,40.8094423,-73.9537567,,
node,7272018487,Poppy,american,40.7290033,-73.9808662,East 12th Street,
node,7275209203,AOI Kitchen,japanese,40.7268711,-73.987535,E 6th St,https://aoikitchen.com/
node,7278595729,Home Kitchen,comfort_food,40.7780696,-73.9560043,East 84th Street,https://www.homekitchennyc.com/
node,7280998685,Quality Eats,,40.734487,-74.0000708,,
node,7282840009,Las Panteras Negras,mexican,40.792726,-73.9406769,2nd Avenue,https://cascaloterestaurants.com/harlem.html
node,7290190311,Agaveria La Diagonal,,40.8060758,-73.9530327,,
node,7298030171,Cafe Paradiso,cafe;wine;italian,40.7734245,-73.9834903,West 65th Street,https://www.cafeparadisonyc.com/
node,7298120657,MIGHTY Bowl,,40.7298889,-74.0003515,MacDougal Street,https://www.eatmightybowl.com/
node,7314202221,Ramen Takumi,japanese,40.7307321,-73.9953031,University Place,
node,7314202223,Bowllin',korean,40.7305854,-73.9950403,Waverly Place,
node,7317595435,Dame,,40.7290052,-74.0014767,MacDougal Street,https://www.damenewyork.com/
node,7324239647,Lao Ma Spicy,chinese,40.7309117,-73.9934941,East 8th Street,https://laomaspicyny.com
node,7324240299,Yaso Noodle Bar,,40.7302173,-73.9940092,Mercer Street,https://www.yasotangbao.com/
node,7360048870,Barbounia,mediterranean,40.7382829,-73.9880343,Park Avenue South,https://barbounia.com
node,7360048871,Farmers & the Fish,seafood,40.7379953,-73.9876977,Park Avenue South,https://www.farmerandthefishnyc.com
node,7360048872,MoMo,sushi,40.7378703,-73.9877775,Park Avenue South,https://momonyc.com/
node,7360048875,Boucherie,french,40.7373226,-73.9881724,Park Avenue South,http://boucherie.nyc/
node,7360048881,Seahorse NYC,seafood,40.7365859,-73.9887196,Park Avenue South,https://www.seahorsenyc.com/
node,7362789427,CAVA,mediterranean,40.7408801,-73.9855827,Park Avenue South,https://cava.com/locations/filter/tag/ny
node,7366142878,Prosciutto,italian,40.7276307,-73.9832512,East 9th Street,https://www.prosciuttonyc.com/
node,7367435626,Mikado,japanese,40.7372427,-73.9971516,,
node,7412581460,Klong,thai,40.7293986,-73.9892603,Saint Mark's Place,https://www.klongmanhattan.com
node,7418114253,Senn Thai Comfort Food,thai,40.7850269,-73.9771886,Amsterdam Avenue,https://www.sennthai.com
node,7418118988,Land Thai Kitchen,thai,40.784963,-73.9772434,Amsterdam Avenue,https://www.landthaikitchen.com/
node,7477289147,The Boil,cajun;seafood,40.7301569,-73.9941457,Waverly Place,https://www.theboilny.com/
node,7503867831,South of the Clouds,chinese;noodle,40.7326017,-73.9974121,West 8th Street,https://sotc-nyc.com/
node,7509089435,Askili Orchard,georgian,40.7334356,-73.9999276,6th Avenue,https://askiliorchard.com/
node,7554344636,Babbalucci,italian;pizza,40.8088971,-73.9450332,Malcolm X Boulevard,https://www.babbalucci.com/
node,7591060174,Friedman's,,40.7731777,-73.989566,West End Avenue,
node,7593868773,Le Soleil,caribbean,40.7686023,-73.988717,10th Avenue,
node,7593868777,Casabianca,italian;pizza,40.7685334,-73.9887733,10th Avenue,https://www.casabiancapizzeriamenu.com/
node,7596986485,Jua,,40.7397337,-73.9878018,East 22nd Street,https://www.juanyc.com/
node,7596986631,Atoboy,korean,40.7436985,-73.9845074,East 28th Street,https://www.atoboynyc.com/
node,7596991341,Crown Shy,,40.706227,-74.0075097,Pine Street,https://www.crownshy.nyc
node,7609989955,No Pork Kitchen,chinese,40.7931128,-73.9408588,,
node,7609989957,Tastings NYC,,40.7934903,-73.9409967,East 110th Street,
node,7633747474,Forever Taste Restaurant,chinese,40.7129251,-73.9899262,,
node,7633747475,Madison St Pizza,pizza,40.7128689,-73.9888428,,
node,7633814598,El Castillo De Manhattan,hispanic,40.7128198,-73.9895012,,
node,7653745273,Haymaker,,40.748746,-73.9952843,West 29th Street,
node,7657200159,Perfect Picnic,,40.7944156,-73.9628889,Central Park West,
node,7657278602,Rolls & Bowls,sushi,40.7718581,-73.9855139,West 62nd Street,https://svkfoodhall.com/
node,7657302426,Moko,sushi,40.7288045,-73.9872898,,https://mokonyc.com
node,7658594646,Il Gnoccochi,,40.7987711,-73.9423685,,
node,7678152126,Sophie's Cuban Cuisine,cuban,40.7406022,-73.9877902,East 23rd Street,https://www.sophiescuban.com/location/23rd-street/
node,7680594079,Dish Restaurant,,40.7436917,-73.9999031,8th Avenue,
node,7680594082,el coco,,40.7435443,-73.9995047,8th Avenue,
node,7680594083,Charm's,asian,40.7434956,-73.9995423,8th Avenue,https://www.charmsnyc.com
node,7700135685,Taq,tacos,40.7151708,-74.0104716,Warren Street,
node,7700142886,Vcafe,,40.7184168,-74.0102722,,
node,7700168785,Zona Tribeca,italian,40.7186643,-74.0102017,Greenwich Street,
node,7700401455,Walters,,40.7493415,-73.995763,8th Avenue,
node,7700401457,,chinese,40.7494967,-73.9956416,8th Avenue,
node,7700401461,Rowdy Rooster Indian Fried Chicken,indian,40.7490376,-73.9902532,West 32nd Street,
node,7717760985,Tacombi,mexican,40.7046131,-74.0116878,Broad Street,https://www.tacombi.com/
node,7768153642,omakase Osukāā,,40.7550569,-73.9774184,,
node,7794379162,noreetuh,hawaiian,40.7273102,-73.9852896,1st Avenue,https://www.noreetuh.com
node,7820550080,Thai Farm Kitchen Seaport,thai,40.7082346,-74.0016985,Peck Slip,https://thaifarmkitchenseaport.com
node,7905888984,Recente,italian,40.7306355,-73.9859173,,https://www.recentenyc.com/
node,7906873339,Socarrat Paella Bar,spanish,40.7244928,-73.9950083,,
node,7951139837,Hamachi Sushi,japanese,40.7472523,-73.9822072,East 34th Street,
node,7951223515,Gogi,asian,40.7536287,-73.9912381,West 37th Street,
node,7951223520,Sakura Of Japan,japanese,40.7546559,-73.9912359,8th Avenue,
node,7951223521,Pizzacafe,pizza,40.7542417,-73.9917234,8th Avenue,
node,7951223526,Go! Go! Curry!,japanese,40.7546364,-73.9911871,West 38th Street,
node,7951223530,Blue Maiz Kitchen,mexican,40.7554759,-73.990837,8th Avenue,
node,8014564675,Angel of Harlem,american;brunch,40.8080588,-73.9524756,Frederick Douglass Boulevard,
node,8019763087,Crab du Jour,seafood,40.810819,-73.9509742,Frederick Douglass Boulevard,https://crabdujour.com
node,8062702032,AO Organic Japanese,japanese,40.7527533,-73.9875518,Broadway,https://www.aobowl.com
node,8097608582,Mughlai Indian Cuisine,indian,40.7397511,-73.9822372,3rd Avenue,https://mughlaicuisineny.com/
node,8098089419,Zest Ramen,asian;japanese;ramen,40.7181242,-73.9918666,Eldridge Street,
node,8151649109,Angelo's,italian,40.7189102,-73.9973496,Mulberry Street,
node,8151649110,Bellacio,italian,40.7189295,-73.9976487,Mulberry Street,
node,8151649111,Puglia,italian,40.7181753,-73.9976755,Hester Street,
node,8151649114,Buona Notte,italian,40.7177738,-73.9980262,Mulberry Street,https://www.buonanotte-nyc.com/
node,8151656721,Manolo's Pizza,pizza,40.7176091,-73.9984198,Mulberry Street,
node,8151656740,Da Long Yi Hot Pot,chinese,40.7166189,-73.9966791,Canal Street,
node,8197411876,Monte Carlo Diner,diner,40.7938421,-73.9398645,2nd Avenue,
node,8197484224,Enzo Bruni La Pizza Gourmet,pizza;italian,40.7834235,-73.947941,2nd Avenue,https://enzobrunigourmet.com/
node,8202108197,Sushi Dairo,sushi,40.7360172,-73.9854336,3rd Avenue,
node,8202108199,Taqueria Gramercy,mexican,40.7362675,-73.9852525,,https://taqueriagramercy.com
node,8250739674,Boqueria,spanish;tapas,40.77152,-73.9561132,2nd Avenue,https://boqueriarestaurant.com
node,8250819292,Crave Fishbar,,40.7715896,-73.9560688,2nd Avenue,
node,8250820319,Lusardi's,italian,40.7724145,-73.9554921,2nd Avenue,https://www.lusardis.com
node,8272824078,Avenue D Pizza,pizza,40.7205741,-73.9784977,Avenue D,
node,8272824079,New Chinatown,chinese;american,40.7204948,-73.978558,Avenue D,
node,8279787430,L'Atelier de Joël Robuchon,french,40.7431114,-74.0078356,10th Avenue,
node,8284627180,A-Jiao Sichuan Cuisine,chinese;sichuan,40.7831068,-73.9481432,2nd Avenue,https://www.ajiaosichuancuisine.com/
node,8288058348,The Red Grill,mexican,40.7793403,-73.9509033,2nd Avenue,https://www.theredgrill.com/
node,8289646189,Casa Bocada,mexican,40.7194963,-73.9946356,Broome Street,https://www.casabocadonyc.com
node,8289844990,P.J. Clarke’s,american;seafood,40.7715266,-73.982747,West 63rd Street,https://pjclarkes.com/location/pj-clarkes-restaurant-bar-lincoln/
node,8289844991,Rosa Mexicano,mexican,40.771471,-73.982597,West 63rd Street,https://rosamexicano.com/location/lincoln-center/
node,8307416282,Llama San,peruvian;japanese,40.7322375,-74.0007701,6th Avenue,https://www.llamasannyc.com/
node,8309469077,King,italian,40.7275806,-74.0034217,King Street,https://kingrestaurant.nyc
node,8333736444,Savida,,40.7165611,-74.0076634,,
node,8333736446,Dilli Bistro,indian,40.7156689,-74.0075739,,
node,8333736447,Soup & Gyro,turkish,40.7157083,-74.0075514,Church Street,
node,8333736448,Burrito Mariachi,,40.7157901,-74.0070493,,
node,8333736450,Akimoto Sushi,,40.7157534,-74.0070887,,
node,8333736452,Fresh Curry,,40.7156736,-74.0071471,,
node,8333736454,1803,american,40.7154295,-74.0072402,Reade Street,https://1803nyc.com/
node,8333736458,Tavern On Reade,american,40.7148666,-74.0066475,Reade Street,https://www.tavernonreade.com/
node,8333736459,Gran Morsi,,40.7143289,-74.0077874,,
node,8333736460,Dark Horse,,40.713638,-74.0080761,,
node,8333736461,Little Italy Pizza,,40.7130755,-74.0083507,,
node,8333736464,H K Wonton Garden,chinese;cantonese,40.7164477,-73.9991412,Mulberry Street,
node,8333736465,Tonii's Fresh Rice Noodle,chinese,40.7157002,-73.998936,Bayard Street,https://www.toniifreshricenoodle.com/
node,8333736467,Hop Kee,chinese,40.7144157,-73.9990521,Mott Street,
node,8333736468,Noodle Village,,40.7141756,-73.9988776,,
node,8333736469,Pinklady Cheese Tart,,40.7140958,-73.9989117,,
node,8333736470,Wok Wok Southeast Asian Kitchen,asian;malaysian,40.7140513,-73.9988292,,https://wokwoknyc.com
node,8333736471,Chinese Tuxedo,,40.7143245,-73.998035,Doyers Street,https://www.chinesetuxedo.com
node,8333736473,Juku,,40.7145994,-73.9995122,,
node,8333736474,Asia Roma,asian;italian;pub,40.7148391,-73.9995232,,
node,8333736475,Chipilo,,40.7151452,-73.9995275,,
node,8333736477,波記潮州小食,,40.7158511,-73.9986411,,
node,8333736478,WK,,40.7153415,-73.9985703,,
node,8333736479,Yeah Shanghai Deluxe,,40.7155413,-73.9984504,,
node,8333736480,Sweet House Drinks and Desserts,,40.7154484,-73.9982419,Bayard Street,
node,8333736481,Kong Sihk Tong,,40.715404,-73.9981108,Bayard Street,
node,8333736483,Yunshang Rice Noodle,chinese;noodle,40.7152603,-73.997673,Bayard Street,
node,8333736484,Cafe Hong Kong,,40.7152049,-73.9975319,,
node,8333736485,Shinsen Sushi Izakaya & Bar,sushi,40.7155856,-73.9967114,,
node,8333736486,Joe's Shanghai,chinese,40.7156823,-73.9966551,Bowery,https://www.joeshanghairestaurants.com
node,8333736487,Chikarashi Isso at Hotel 50 Bowery,,40.715936,-73.9965677,,
node,8333736488,Sushi Noz,japanese;sushi,40.7738874,-73.9581318,East 78th Street,https://www.sushinoz.com/
node,8333736489,Noz Market,,40.773817,-73.9579582,,
node,8333736490,Tri Dim Shanghai,chinese;shanghai,40.7739606,-73.9578708,3rd Avenue,https://tridimshanghai.net/
node,8333736491,Rothschild TLV,mediterranean,40.7745082,-73.9590066,Lexington Avenue,https://rtrestaurant.com/
node,8333736492,Wrap-N-Run Grill,sandwich;american,40.7744055,-73.9591389,Lexington Avenue,https://www.wrapnrungrill.getsauce.com/
node,8333736493,Eli's Night Shift,american,40.7744968,-73.9573847,East 79th Street,https://www.elizabar.com/nightshift.aspx
node,8333736495,Due,italian,40.7746639,-73.9572619,3rd Avenue,https://www.duenyc.com/
node,8333736497,Springbone,,40.7753561,-73.9562803,3rd Avenue,
node,8333736499,Emmy Squared–Upper East Side,,40.7755873,-73.9565983,,
node,8333736500,Antonucci Cafe,italian,40.7756861,-73.9567751,East 81st Street,
node,8333736503,Sistina,,40.7777128,-73.9616509,,
node,8333736505,Serafina Juice Bar,,40.7760832,-73.9625104,,
node,8333736507,Three Guys,,40.7741366,-73.963997,,
node,8333736508,Caravaggio,,40.7733732,-73.9647547,,
node,8333736509,Via Quadronno,,40.7727444,-73.965157,,
node,8333736510,Avena,,40.7680543,-73.9686238,,
node,8333736511,Altesi,,40.7667433,-73.9696115,,
node,8333736512,Supreme Snail Emporium,,40.7662456,-73.9713791,,
node,8333736513,Amaranth,,40.765752,-73.9703344,,
node,8333736514,Avra Madison Estiatorio,,40.7644233,-73.9717418,,
node,8333736515,Freds Madison Avenue,,40.7645918,-73.9714574,,
node,8333740818,The Garden,,40.762177,-73.9714951,,
node,8333740819,Serafina Osteria,,40.7627413,-73.9716949,,
node,8333740821,Peperino,pizza,40.7727893,-73.9906757,West End Avenue,https://www.peperinonyc.com/
node,8333740825,Marea,,40.7675041,-73.9811088,,
node,8333740826,Super Taste,chinese,40.7151467,-73.9933719,Eldridge Street,https://noodle5888.com/
node,8333740828,Kuih Cafe,malaysian,40.7159151,-73.9929989,Eldridge Street,https://www.kuihcafe.com/
node,8333740832,99 Favor Taste,chinese,40.7176228,-73.9925201,Grand Street,https://www.99favortaste.com/
node,8333740833,New Kim Tuong,chinese,40.717438,-73.9943959,Chrystie Street,
node,8333740834,Osaka Fusion Sushi,sushi,40.7173646,-73.994434,Chrystie Street,https://www.osakafusionsushibbq.com/
node,8333740835,New York Canton Lounge,chinese,40.7162473,-73.9979811,,
node,8333740837,Kingwuu,,40.7173742,-73.9997709,,
node,8333740840,HUMBLE FISH,,40.7200227,-74.0034996,,
node,8333740841,Antique Garage,,40.7197223,-74.0039458,,
node,8333740842,Macao,,40.719643,-74.0040209,,
node,8333740845,Grand Kosher Cafe,,40.7147579,-73.9821321,,
node,8333740846,A. 1. PIZZA SHOP,,40.7149914,-73.9828256,,
node,8333740847,East Side Glatt,,40.7149749,-73.9827649,,
node,8333740848,Ernesto's,basque,40.7143271,-73.9854388,East Broadway,https://www.ernestosnyc.com/
node,8333740849,May Kaidee,thai,40.7141554,-73.9874744,,https://www.maykaidee.com
node,8333740850,Cater to You,,40.7100736,-74.0055035,,
node,8333828555,Camila's Tasting Room,,40.8277391,-73.9461261,,
node,8333828557,Freedom Deli 2,,40.8311981,-73.9410187,,
node,8333828558,Savory Fried Chicken & Grill,,40.8284252,-73.9455705,,
node,8333828559,Wimpy's,,40.8287,-73.9454264,,
node,8333828560,Savory,,40.8292395,-73.9450264,,
node,8333828561,Sita Thai,,40.8288048,-73.9491362,,
node,8333828566,Crown Fried Chicken,,40.829518,-73.9486476,,
node,8333828567,Yellow Banana,,40.8293505,-73.9487609,,
node,8333828570,The Honey Well,american,40.8284805,-73.9486189,Broadway,https://www.thehoneywellnyc.com/
node,8333828573,Jumbos Pizza Coffee Shop,pizza,40.8280217,-73.9489143,,https://jumbospizzany.com/
node,8333828574,Broadway Wholesome Food & Beer Garden,,40.8275316,-73.9493119,Broadway,
node,8333828575,Tacos Azteca Food Truck,,40.8272038,-73.949673,,
node,8333828576,Sing Wah Kitchen,,40.8276305,-73.9499637,,
node,8333828577,Mamasushi,,40.8274612,-73.9502495,,
node,8333828579,New York Gourmet Deli,,40.8085008,-73.9489844,,
node,8333828580,Savanna Raes,,40.8083041,-73.9492718,,
node,8333828581,Red Star,,40.8076883,-73.9496777,,
node,8333828583,Knew King Wok,,40.8064714,-73.9498101,,
node,8335747734,Tao Downtown,asian,40.7423232,-74.0041344,9th Avenue,https://taogroup.com/venues/tao-downtown-new-york/
node,8355860496,Ichiran,ramen,40.7483096,-73.9904415,West 31st Street,https://www.ichiranusa.com/location/ichiran-midtown/
node,8375908251,Dragon Sushi,sushi;bubble_tea;ramen,40.8111683,-73.9581016,Amsterdam Avenue,https://www.dragonsushiny.com/
node,8375908253,Dun Huang,chinese,40.8110353,-73.9582026,Amsterdam Avenue,https://www.dunhuangfood.com/
node,8385594245,West Place,chinese,40.811599,-73.9578096,Amsterdam Avenue,
node,8410114663,Thai Hot Box,thai,40.7812501,-73.9524521,3rd Avenue,
node,8418834099,CAVA,mediterranean,40.7528591,-73.9875245,Broadway,
node,8418913546,Broad Nosh Bagels,bagel,40.7638536,-73.9852266,8th Avenue,https://8thave.broadnoshbagelsnyc.com
node,8486713328,Lovely Day,japanese;breakfast;eclectic,40.7217995,-73.9943861,,https://www.lovelydaynyc.com
node,8495279807,Conmigo,mexican,40.7778653,-73.9488853,1st Avenue,https://conmigonyc.com/
node,8530354116,Nón Lá,vietnamese,40.7252756,-73.9875315,East 4th Street,
node,8551326223,Glaze,,40.7592021,-73.9701987,,
node,8570165360,Noodle Fun,chinese,40.7795944,-73.9471609,1st Avenue,https://www.noodlefunnewyork.com/
node,8571541076,Sabor A Mexico,mexican,40.7795643,-73.9471823,1st Avenue,http://www.saboramexiconewyork.com/
node,8571998198,Halal Munchies,middle_eastern,40.7881634,-73.9473978,3rd Avenue,https://www.yelp.com/biz/halal-munchies-new-york-3
node,8593629442,Anatoli 56,greek,40.758653,-73.9655557,2nd Avenue,https://anatoli56.com
node,8615466792,BJ Pizza&Deli,pizza,40.7487921,-73.9957069,,
node,8622510722,Lan Larb Chiang Mai,thai,40.7199764,-73.9985336,Centre Street,
node,8630492211,Caffe Buon Gusto,italian,40.7723547,-73.9570678,East 77th Street,https://www.caffebuongusto.nyc
node,8632736467,Quality Italian,steak;italian,40.7645688,-73.976773,West 57th Street,https://www.qualityitalian.com
node,8638470025,Isle of Capri,italian,40.7627893,-73.9659429,3rd Avenue,https://www.isleofcapriny.com
node,8638490154,Scalinatella Ristorante,italian,40.7627899,-73.9653786,East 61st Street,
node,8644302518,Los Tacos No. 1,,40.7143494,-74.0086532,,
node,8644307717,Little Italy Pizza,,40.7151424,-74.0079858,Church Street,
node,8644312717,Jack’s Stir Brew Coffee,,40.719358,-74.0049418,,
node,8648127018,Tamarind,,40.7191453,-74.0089504,,
node,8648142317,Gee Whiz Diner,,40.7157042,-74.0109385,Greenwich Street,
node,8648214117,Azabu,,40.7224066,-74.0099147,,
node,8648230017,Benares,indian,40.7141066,-74.0092265,,https://www.benaresnyc.com/
node,8651758954,Polpette 71,italian,40.776731,-73.978826,West 71st Street,https://www.polpetteny.com/
node,8651832617,Lucciola,,40.7903054,-73.9727706,Amsterdam Avenue,https://www.lucciolanyc.com
node,8653238617,The Ribbon,,40.7766127,-73.9772794,,
node,8660568320,North Fork,american,40.7330886,-74.0057418,Christopher Street,https://www.northforknyc.com
node,8660568321,Rivoli Pizza,pizza,40.7331158,-74.0065738,Hudson Street,
node,8660588517,Snack Taverna,,40.7310534,-74.0047569,Bedford Street,
node,8666113117,Covacha,mexican,40.7809673,-73.9764315,Columbus Avenue,https://www.covachany.com
node,8669186117,Justino’s,pizza,40.7087191,-74.0053207,,
node,8669771128,Haru Sushi,sushi;japanese,40.7572312,-73.9873203,West 43rd Street,https://harusushi.com/location/newyork-timessquare
node,8670047823,Tavola,italian,40.7554296,-73.9945691,9th Avenue,https://www.tavolaofnewyork.com
node,8674499414,Wonder,,40.7766055,-73.9818159,Broadway,https://www.wonder.com/food-delivery-locations/upper-west-side
node,8678847687,Taste Kitchen,chinese,40.7537404,-73.9934233,West 36th Street,https://www.tastekitchennewyork.com
node,8687853803,Dagon,,40.7912561,-73.9739207,Broadway,https://www.dagonnyc.com/
node,8687853816,Osteria Accademia,italian,40.7912328,-73.9726585,Amsterdam Avenue,https://accademianyc.com
node,8687882643,New Asia,asian,40.7918743,-73.9722097,Amsterdam Avenue,
node,8692133534,El Fish Marisqueria,mexican;seafood,40.7752478,-73.9838439,Amsterdam Avenue,https://www.elfish67.com/
node,8694261204,XO Taste,chinese,40.7169943,-73.9968589,,
node,8699239264,Mimi's Pizza,pizza,40.7895392,-73.975853,Broadway,
node,8709397335,Naya,middle_eastern,40.7876752,-73.9774262,Broadway,https://www.eatnaya.com/location/naya-upper-west/
node,8729437331,Charlie Palmer Steak,steak_house,40.7555484,-73.9853184,West 42nd Street,
node,8734915591,Jaz,indian,40.7659038,-73.987426,,https://jazindiancuisine.com/
node,8749301123,888 Hudson Thai,thai,40.8509966,-73.9391855,West 181,
node,8757557471,Mastro's,,40.7613876,-73.980456,,https://www.mastrosrestaurants.com/location/mastros-steakhouse-new-york
node,8762810418,The Flower Shop,american,40.7180663,-73.992134,Eldridge Street,https://www.theflowershopnyc.com
node,8769344318,Edward’s,,40.7169431,-74.0083198,,
node,8787410946,Maman,,40.7740276,-73.9815102,Columbus Avenue,
node,8787410949,Le Boite en Bois,french,40.7748346,-73.9803624,,
node,8791561182,Nobu,sushi,40.7635878,-73.9759916,West 57th Street,https://www.noburestaurants.com/fifty-seven/home/
node,8791888439,Claudette,,40.7330582,-73.9960229,5th Avenue,https://www.claudettenyc.com/
node,8791888442,Kaña Tapas Bar,tapas,40.7258943,-74.0094182,,http://kanatapasbar.com
node,8792950866,Nobi Sushi,sushi;japanese,40.7433399,-73.9796256,3rd Avenue,
node,8815548641,Hole In The Wall,american;coffee_shop;brunch,40.7440742,-73.9717381,East 35th Street,https://holeinthewallnyc.com/murray-hill
node,8816873617,La Palapa Cocina Mexicana,mexican,40.7278825,-73.9856624,Saint Marks Place,https://www.lapalapa.com/location/la-palapa-cocina-mexicana
node,8819045747,Siena Cafe,italian,40.7806652,-73.9528593,3rd Avenue,https://www.sienacafe.com/
node,8835719632,Le Moulin à Café,french,40.769795,-73.9518426,York Avenue,https://www.lemoulinny.com/
node,8835719633,Dai Hachi,sushi;japanese,40.7588609,-73.9653897,2nd Avenue,https://www.daihachiny.com/
node,8880884693,Jiang Nan,chinese,40.7175656,-73.9950572,Bowery,https://www.jiangnanny.com/
node,8902260459,Pokeworks,poke;bubble_tea,40.7362888,-73.991817,East 15th Street,https://pokeworks.com/
node,8902339333,Tacos Güey,mexican;tacos;seafood,40.740002,-73.9932194,West 19th Street,https://www.tacosgueynyc.com/
node,8902631945,Gem,,40.7191565,-73.9922969,Forsyth Street,https://www.gem-nyc.com
node,8939919537,Chong Qing Noodle,noodle,40.7651283,-73.9875105,9th Avenue,
node,8939922344,Turkuaz,,40.7643561,-73.9854472,,
node,8958124462,Patrizia's,italian,40.7398994,-73.9791296,2nd Avenue,https://www.patrizias.com/location/patrizias-manhattan/
node,8958489051,Plado,international;tapas,40.7223532,-73.9839834,East 2nd Street,
node,8958523249,Yopparai,japanese,40.7197247,-73.9848672,Clinton Street,https://yopparainyc.com
node,8958523253,Thailicious,thai,40.7192706,-73.9850944,Clinton Street,https://www.thailiciousny.com
node,8960429322,Yopparai Ronin,japanese,40.7193451,-73.9850545,Clinton Street,https://yopparainyc.com
node,8991988670,Jin Mei Dumpling,chinese,40.7129801,-73.9965808,Henry Street,
node,8991994598,Yin Ji Chang Fen,chinese;cantonese,40.7158075,-73.9992587,Bayard Street,https://www.yinji-usa.com/
node,8996587926,Bentos,asian,40.7468478,-73.9850316,,https://www.thebentos.com/
node,8999499117,Teppen Ramen,,40.7591125,-73.9687519,,
node,9015352692,Sushi Gama Restaurant & Lounge,sushi,40.7696619,-73.9579847,2nd Avenue,
node,9015415485,Rangoli,indian,40.7692773,-73.9582547,2nd Avenue,http://rangoliNYC.com
node,9015418871,The Ainsworth Midtown,,40.7467911,-73.9824398,,
node,9015420300,Seamore's,seafood,40.7707712,-73.9601195,3rd Avenue,https://www.seamores.com/location/ues/
node,9015420301,Mezzaluna,italian,40.7711935,-73.9593206,3rd Avenue,https://mezzalunanyc.com
node,9036389118,Shaji BBQ,barbecue;chinese,40.7288297,-73.9898662,East 7th Street,
node,9049400014,Red Lobster,seafood,40.8100567,-73.9504391,,
node,9049424120,The Blue Dog Cookhouse & Bar,,40.7623492,-73.9867012,,
node,9054635034,Anyway Cafe,russian,40.7251224,-73.9905271,East 2nd Street,https://www.anywaycafe.com/east-village/
node,9063322817,5ive Spice,,40.722565,-73.996178,,
node,9064514717,Dante,,40.7351968,-74.0062713,,
node,9081441806,Quesadillas Doña Mary,mexican,40.7934257,-73.9408572,East 110th Street,https://www.quesadillasdonamaty.com
node,9081448356,New Ivoire,african,40.8013289,-73.9423745,East 119th Street,
node,9089315805,LaRustica,italian,40.7841141,-73.9523871,Lexington Avenue,https://www.orderlarusticapizza.com
node,9091328243,Dim Sum Palace,chinese,40.7486013,-73.9867586,West 33rd Street,https://www.dimsumpalace.com/
node,9092875648,Bangia,korean,40.746876,-73.9845761,East 32nd Street,https://www.bangianyc.com/
node,9101703556,Chili,chinese,40.7500083,-73.9821348,East 37th Street,https://chilinyc.com/
node,9120810077,Luna Pizza,pizza,40.713186,-73.9986181,Park Row,
node,9120821898,Big Al's Chicago Style Pizza,pizza,40.7088439,-74.0113831,Thames Street,
node,9130216017,Panineria,italian;sandwich,40.7320814,-73.9956374,East 8th Street,https://www.lapanineria.com/
node,9140853417,Champion Pizza,,40.7359676,-73.9940291,,
node,9149294696,The Malt House,american,40.7095464,-74.0092712,,
node,9165725161,Bella Union,american;pub,40.7424121,-73.9803008,,https://www.bellaunionnyc.com
node,9167795118,Little Italy Pizzeria & Deli,pizza,40.7272672,-74.005323,Varick Street,
node,9170066779,Famous Ben's Pizza,pizza,40.724918,-74.00246,Spring Street,https://famousbenspizzaofsoho.com
node,9171803773,Blue Willow,chinese,40.7630197,-73.976469,West 56th Street,https://www.bluewillownyc.com/
node,9172181018,Zou Zou’s,mediterranean,40.7528942,-73.9987297,9th Avenue,https://www.zouzousnyc.com/
node,9174977864,$1.50 Fresh Pizza,pizza,40.7216296,-74.0047353,Canal Street,https://www.150freshpizza.com/
node,9200910436,Brasserie Saint Marc,french,40.7287407,-73.9873366,,https://www.brasseriesaintmarc.com
node,9224791783,Grand Street Pizza,pizza,40.7163988,-73.987669,Grand Street,https://www.grandstreetpizza.com/
node,9224803926,Kings Co Imperial LES,chinese,40.7179347,-73.9854269,Delancey Street,https://www.kingscoimperial.com/
node,9235536634,Rosa's Pizza,pizza,40.7504377,-73.9907795,7th Avenue,
node,9241607677,Ko Sushi,sushi,40.7676579,-73.9594376,2nd Avenue,http://www.newkosushi.com
node,9241632888,Beach Cafe,,40.7673188,-73.9592266,2nd Avenue,https://www.thebeachcafe.com/
node,9249131732,Taqueria El Aguila,mexican,39.1766424,-96.5621346,,
node,9253544617,99¢ Delicious Pizza,pizza,40.751653,-73.9903779,7th Avenue,https://www.99centdeliciouspizzamenu.com/
node,9261414116,Zara Pizza,pizza,40.7162212,-73.9922638,Hester Street,
node,9270383717,Delice Sarrasin,,40.7338495,-74.0005994,,
node,9275805190,Williamsburg Pizza,pizza,40.7765368,-73.9529397,2nd Avenue,https://www.williamsburgpizza.com
node,9275807581,Hummus Kitchen,middle_eastern,40.7764218,-73.9530214,2nd Avenue,https://hummuskitchen.com/upper-east-side
node,9275819963,New Hong Wong Seafood,chinese;seafood,40.7177539,-73.9953729,,
node,9285956796,Yellow Rose,texan;mexican,40.7325074,-73.987978,,https://www.yellowrosenyc.com
node,9286572691,2 Bros Pizza,pizza,40.7095655,-74.0082984,Nassau Street,https://www.twobrospizzaofnewyork.com/
node,9309134691,Artistic Pizza,pizza,40.730675,-74.0004193,West 3rd Street,
node,9313457709,The Harrison Restaurant & Bar,,40.7607466,-73.9847512,,
node,9321922522,Bigoi Venezia,italian,40.770009,-73.957712,2nd Avenue,http://bigovenezia.com
node,9325661455,Tranzit,,40.7569192,-73.9933312,West 40th Street,https://tranzitnewyork.com/
node,9325661456,Tabata Noodle Restaurant,japanese,40.7569082,-73.9935083,9th Avenue,https://www.tabatanewyork.com/
node,9327461658,Tacuba Cantina Mexicana,mexican,40.7654494,-73.9872699,9th Avenue,http://tacubanyc.com/
node,9332464948,Sant Ambroeus,italian,40.723302,-73.9965416,Lafayette Street,https://www.santambroeus.com
node,9340040548,Three Times ,chinese;dim_sum,40.7183759,-73.9853057,Clinton Street,https://www.3times.com
node,9373941165,Village Square Pizza,pizza,40.7275037,-73.9826761,Avenue A,
node,9374707264,Zerza,,40.7175692,-73.9879462,,
node,9374707269,Dominican Cravings,dominican,40.7176315,-73.9880451,Essex Street,https://www.dominicancravings.com
node,9374707270,Mille Nonne,,40.7176799,-73.9880718,,
node,9374707271,Puebla Mexican Food,,40.7176452,-73.9880905,,
node,9374707272,Peasant Stock,soup,40.7176603,-73.9881324,Essex Street,
node,9374707273,Eat Gai,,40.7177582,-73.9881516,,
node,9374707279,Arancini Bros.,,40.7179128,-73.988306,,
node,9374707281,Don Ceviche,peruvian,40.7179878,-73.9882622,Delancey Street,https://doncevicheny.com/
node,9374707282,Kotti Berliner Döner Kebab,kebab,40.7180014,-73.9882157,Essex Street,https://www.kottidoner.com/
node,9374707290,Shopsin's,american,40.7180763,-73.988245,Essex Street,https://shopsins.com/
node,9374707295,Saffron,,40.7181833,-73.9881853,,
node,9374707296,Dhamaka,indian,40.718235,-73.9880781,Delancey Street,https://www.dhamaka.nyc
node,9392834429,Consuelo,mexican,40.7994604,-73.9677137,West 104th Street,https://www.cocinaconsuelonyc.com/consuelouws
node,9392834430,Amali,mediterranean,40.7633492,-73.9685858,East 60th Street,https://www.amalinyc.com
node,9392834432,Spice Symphony,fusion;indian;chinese,40.7558918,-73.9716131,East 50th Street,https://www.spicesymphony.com/
node,9411604725,MAMO,italian,40.7219313,-74.0039657,West Broadway,https://www.mamonyc.com
node,9432238405,Harlem Pizza Co.,pizza,40.8028171,-73.9511423,West 116th Street,http://www.harlempizzaco.com/
node,9434253289,Thai Delight,thai,40.7348485,-73.9858048,3rd Avenue,https://thaidelightnyc.com
node,9434253290,Chito Gvrito,georgian,40.7347769,-73.9858522,3rd Avenue,https://chito-gvritonyc.com
node,9459121054,Baylander Steel Beach,seafood,40.8191878,-73.9621644,,https://www.baylander.nyc/
node,9459150758,La Constancera,dominican,40.8009324,-73.9613874,Columbus Avenue,
node,9459150759,Curry King,curry;indian,40.7995276,-73.9628941,Columbus Avenue,https://currykinginc.com/
node,9459150760,Doaba Deli,indian;curry,40.799434,-73.9624791,Columbus Avenue,
node,9459167484,Los 3 Charros,mexican,40.8001097,-73.9513997,Malcolm X Boulevard,https://los3charros.com/
node,9459180036,Zaad,mediterranean,40.8012053,-73.9649165,Amsterdam Avenue,https://zaadrestaurants.com
node,9470233170,Bustan,mediterranean,40.7859388,-73.9760419,Amsterdam Avenue,https://bustannyc.com
node,9470239473,Grainne Cafe,french,40.7453914,-74.0023623,9th Avenue,https://legrainnecafe.com
node,9472858517,Bites of Xi’an,chinese,40.7632868,-73.9771154,West 56th Street,https://www.bitesofxian.com
node,9472863017,Che Li,chinese,40.7292178,-73.9886913,Saint Marks Place,https://www.che-li.com/location/che-li-east-village/
node,9473109135,Kenka,sushi;japanese,40.7290769,-73.988483,Saint Marks Place,
node,9473109136,Boka,korean,40.7293497,-73.9891443,Saint Marks Place,
node,9476721913,Artichoke Basille's Pizza,pizza,40.706345,-74.0073491,Pine Street,
node,9480316905,Peng's Noodle Folk,ramen;chinese;japanese,40.7709533,-73.96202,Lexington Avenue,https://www.pengsnoodlefolk.com/
node,9482649821,Minton's Playhouse,,40.8047396,-73.9523755,West 118th Street,https://mintonsharlem.com/
node,9487723017,Empire Steak House,steak_house,40.7644424,-73.9830805,,
node,9490050218,Kings of Kobe,burger;american,40.7614427,-74.0003975,West 42nd Street,https://www.kingsofkobe.com/
node,9490051417,Kings of Kobe,,40.7649715,-73.9876439,,
node,9490323917,The Happiest Hour,,40.734817,-73.9996236,,
node,9490966717,,,40.7530188,-73.9868395,,
node,9491020917,Hortus NYC,asian,40.7454468,-73.9865063,,
node,9496907917,Stone Bridgetown Pizza & Salad,,40.7523314,-73.9805676,,
node,9496920117,Mama’s TOO!,pizza,40.800798,-73.967649,Broadway,
node,9496964891,Pavin,italian,40.7774156,-73.9492157,1st Avenue,https://pavin86.com
node,9497022154,Sushi Jin,sushi,40.7761353,-73.951958,East 84th Street,https://sushijinny.com/
node,9505939777,Kissaki Sushi,japanese,40.7785113,-73.9782049,Columbus Avenue,https://explorekissaki.com/
node,9508244826,Anytime NYC,korean,40.747815,-73.9867152,West 32nd Street,
node,9509187745,Chubby Tan,japanese,40.7270215,-73.9892732,East 5th Street,https://chubbytan.com/project/new-york/
node,9509187746,J-Spec,japanese;steak_house,40.7270458,-73.9893304,East 5th Street,https://www.jspec-ny.com
node,9509211693,Oasis Jimma Juice Bar,juice;smoothie,40.8149795,-73.9591551,Broadway,
node,9509211694,Peking Garden,chinese,40.814926,-73.9591949,Broadway,
node,9509211698,Falafel on Broadway,falafel;middle_eastern,40.8144899,-73.9595004,Broadway,https://falafelonbroadwaynyctogo.com/
node,9509211699,El Porton,mexican,40.8144371,-73.959541,Broadway,
node,9509211701,Cap't Loui,seafood,40.8142658,-73.9596702,Broadway,https://captloui.com/
node,9509315843,Frozen Love,dessert,40.8138324,-73.9602013,La Salle Street,
node,9511112455,Shihou Omakase,japanese,40.7783033,-73.9779157,Columbus Avenue,https://www.shihou.nyc/uws
node,9535050121,Sveta,russian,40.729671,-74.0041564,Carmine Street,
node,9535119733,Mishka Soho,eastern_european,40.7236733,-74.0038719,Broome Street,
node,9542864478,Cantinflas Mexican Deli,mexican,40.791418,-73.9450229,3rd Avenue,
node,9542866767,La Fonda,caribbean;puerto_rican,40.7919013,-73.9450329,East 106th Street,
node,9542956845,Meli's,,40.7901672,-73.9470764,East 103rd Street,https://www.melishealthyfood.com
node,9543870917,Cuchifritos,,40.7981041,-73.9410798,,
node,9543883517,Los Mariscos,seafood;mexican;tacos,40.742149,-74.0056195,West 15th Street,https://www.losmariscos1.com/
node,9543883817,Miznon,,40.7424326,-74.0062542,,
node,9543907017,Joe's Steam Rice Roll,,40.7190696,-74.0007786,,
node,9543909517,El Castillo de Jagua,latin_american,40.719825,-73.9878343,,
node,9543909617,Empanada Mama,colombian,40.7187446,-73.9909123,Allen Street,https://www.empmamanyc.com/
node,9543912717,Cheong Fun Cart,,40.7176997,-73.9961879,,
node,9543912817,Yi Ji Shi Mo,chinese,40.7182009,-73.9958285,Elizabeth Street,
node,9553068941,Le Baobab Gouygui,senegalese;african,40.8023545,-73.9509307,West 116th Street,
node,9553068946,Safari,african;somali,40.8038486,-73.9535718,West 116th Street,
node,9553068947,Keur Coumba,african;senegalese,40.8026563,-73.9507343,West 116th Street,
node,9553068948,BLVD Bistro,soul_food;southern,40.8043653,-73.9556713,Frederick Douglass Boulevard,https://www.boulevardbistrony.com/
node,9553068949,Harlem Food CT,middle_eastern,40.8016692,-73.9492812,West 116th Street,
node,9553127998,Tropilyz,dominican;caribbean,40.8028721,-73.9521254,West 116th Street,https://tropilyz.com
node,9553134899,La Savane,african,40.8041288,-73.9542537,West 116th Street,https://www.lasavanerestaurant.com/
node,9553153273,Pikine,senegalese;african,40.8041913,-73.9543835,West 116th Street,pikinerestaurantny.com
node,9558935214,Chama Mama,georgian,40.7384151,-73.9989186,West 14th Street,https://www.chamamama.com/
node,9559184085,Uva Next Door,italian,40.7721374,-73.9556862,2nd Avenue,
node,9559184086,Ollie's To Go,chinese,40.7719736,-73.9556563,East 77th Street,https://ollieseats.com/ollies-to-go-ued
node,9559184087,Uva,italian,40.7721955,-73.9556505,2nd Avenue,
node,9559184088,the Blue Mezze Bar,mediterranean;tapas,40.7720432,-73.9557634,2nd Avenue,
node,9559467211,Sabor A Mexico II,mexican,40.7725552,-73.957013,East 77th Street,https://www.saboramexicony.com/
node,9559639727,Hi-Collar,japanese,40.7295825,-73.9878389,East 9th Street,
node,9560130501,Echoes of Siam,thai,40.7604877,-73.9615727,1st Avenue,https://echoesofsiamnyc.com/
node,9566829984,Nan Xiang Xiao Long Bao,chinese;dumpling,40.7292575,-73.9889137,Saint Mark's Place,https://nanxiangxiaolongbao.com
node,9566829985,Szechuan Mountain House - 川山甲,chinese;sichuan,40.7291717,-73.9885755,Saint Mark's Place,https://www.szechuanmountainhouse.com/
node,9571265607,Island,seafood;american,40.7849377,-73.9556277,Madison Avenue,https://www.islandny.com
node,9571408096,Vicolina,italian,40.784982,-73.9560188,Madison Avenue,
node,9571408097,Table d'Hôte,french,40.7844621,-73.9557959,East 92nd Street,https://tabledhote.co
node,9571664618,Al Vaporetto,italian,40.7757456,-73.9569141,East 81st Street,https://antonuccicafe81.com/pages/al-vaporetto
node,9571832579,OM,indian,40.7726896,-73.9497324,York Avenue,https://omindianfood.com/
node,9571832581,Bistro Nando,mediterranean,40.7756602,-73.9535891,2nd Avenue,
node,9579194112,Malii Gramercy,thai,40.7376694,-73.9812818,,https://www.maliigramercy.com
node,9579352615,Ruby’s,Australian,40.7310793,-73.9883694,3rd Avenue,https://www.rubyscafe.com/location/east-village/
node,9579352616,The Dolar Shop,chinese,40.7311047,-73.9885452,3rd Avenue,https://dolarshop.com/
node,9579458320,Yasouvlaki,greek,40.780315,-73.9531563,3rd Avenue,https://yasouvlakinyc.com
node,9579615886,Ooki Sushi,japanese;sushi,40.7803272,-73.9526335,3rd Avenue,http://ookisushi.us
node,9579615888,Effy's Cafe on York,mediterranean,40.7775912,-73.9456744,York Avenue,https://www.effyscafeonyork.com
node,9581299655,Daikanyama,japanese,40.7619777,-73.9672689,,
node,9581299658,Anassa Taverna,greek,40.7619879,-73.9659672,East 60th Street,
node,9581876700,Beron Beron,japanese,40.7287959,-73.9841615,1st Avenue,
node,9581876701,Sabor A Mexico,mexican,40.7285297,-73.9843806,1st Avenue,
node,9581876702,Joe & Pat's,pizza,40.7289087,-73.9840953,1st Avenue,
node,9581954770,Polash Indian,indian,40.7978413,-73.9342993,1st Avenue,http://www.polashindianrestaurant.com
node,9586083803,Boar's Head,sandwich,40.7636101,-73.9669772,Lexington Avenue,https://boarsheadcafe.com
node,9586584588,Eat Here Now,diner,40.7651445,-73.9658755,Lexington Avenue,http://www.eatherenownewyork.com
node,9586659414,JoJo,french,40.7651273,-73.9656648,East 64th Street,https://www.jojorestaurantnyc.com
node,9596901539,Paola's,italian,40.7822852,-73.95338,Lexington Avenue,https://www.paolasnyc.com/home.html
node,9611990778,Sake Bar Hagi,japanese;ramen;sushi;yakitori;sake;shochu;cocktails,40.7627414,-73.9849799,West 51st Street,https://sakebar-hagi.com/
node,9615063330,Fresh 99 cents pizza,pizza,40.7386552,-74.0004096,West 14th Street,
node,9615093450,Zazzy's Pizza,pizza,40.7366471,-74.0013787,Greenwich Avenue,
node,9630352308,Douska,sushi;japanese,40.7190702,-73.990767,Delancey Street,https://www.douzonyc.com
node,9633919717,Teranga,african,40.7962743,-73.9494139,,https://itsteranga.com/
node,9634779296,Sojourn Social,american,40.7794524,-73.950373,2nd Avenue,https://sojournsocial.com
node,9642113264,Mamoun's Falafel,middle_eastern,40.7288007,-73.9885054,Saint Mark's Place,https://www.mamouns.com/location/mamouns-east-village/
node,9644541105,Antoya Korean BBQ,korean,40.7480141,-73.9872738,West 32nd Street,
node,9644596253,E-MO,korean;gimbap;sushi,40.7473128,-73.9861372,,
node,9644596254,Hong Chun Cheon Dak Galbi,korean,40.7472762,-73.9861356,West 32nd Street,
node,9644596255,Kushi Kushi Yaki,japanese;ramen,40.7472788,-73.9860623,West 32nd Street,https://www.kushikushiyaki.com
node,9644596256,Koku Ramen,japanese;ramen,40.7472957,-73.9860976,,
node,9644596257,MUI,korean,40.747333,-73.9864401,West 32nd Street,https://www.nymui.com
node,9644596258,Abiko Curry,japanese,40.7473223,-73.9861681,West 32nd Street,
node,9644617681,Itaewon Pocha,korean;gastropub,40.7476554,-73.9870454,West 32nd Street,http://www.itaewongastropub.com
node,9646952138,Olivia - Spanish Tapas,spanish,40.8169614,-73.9578631,Broadway,https://www.olivatapas.com/
node,9651946306,Criollas baked empanadas,pizza,40.7314661,-74.0013819,6th Avenue,
node,9652130907,Saperavi,georgian,40.779573,-73.9502846,2nd Avenue,https://saperavinyc.com
node,9652667219,Stanton Street Pizza,pizza,40.7207983,-73.9866677,Stanton Street,https://www.stantonstreetpizzamenu.com/
node,9654088076,Spice Lamb,chinese,40.8001788,-73.96613,Amsterdam Avenue,
node,9659208992,Masala King,indian,40.747152,-73.9819585,,
node,9659538027,Okiboru House of Udon,japanese,40.728188,-73.9877361,2nd Avenue,https://www.instagram.com/okiboru_udon/
node,9659554656,Ogawa,japanese,40.727284,-73.99223,,https://www.ogawasushiny.com
node,9664809923,Bistro les Amis,french,40.7247352,-74.0025962,Spring Street,https://bistrolesamis.com
node,9666379842,Kamisama,ramen,40.7326075,-73.9859694,East 14th Street,
node,9668165673,Il Buco Alimentari,italian,40.7265607,-73.9924685,,https://ilbuco.com/pages/alimentari
node,9670997117,Claudio’s Pizza & Pasta,pizza,40.7603948,-73.9946972,10th Avenue,https://claudiospizza10thave.com/
node,9671008374,Vic's,italian,40.7269244,-73.9932027,,https://www.vicsnewyork.com
node,9671326908,Misirizzi,italian,40.7272644,-73.9921901,,https://www.misirizzi.nyc
node,9681503388,Tudor City Steakhouse,steak_house,40.7492111,-73.9701909,Tudor City Place,
node,9683526577,Elio's,,40.776803,-73.9527507,2nd Avenue,
node,9683548273,Fumo,italian,40.7766475,-73.9523881,2nd Avenue,https://www.fumorestaurant.com/upper-east-side/
node,9683990784,Al-Andalus,arab;spanish;tapas,40.7246902,-73.9836974,E 5th St,https://www.alandalusnyc.com/
node,9688958147,Tomo21 Sushi,japanese,40.7276995,-74.0001628,Thompson Street,
node,9690757650,Inase,sushi,40.7745535,-73.9508433,1st Avenue,
node,9690757651,AOC East,french,40.774688,-73.9507292,1st Avenue,https://aoceast.com
node,9690757653,QUATORZE bis,french,40.7743123,-73.950992,1st Avenue,https://quatorze.nyc
node,9690757655,Felice,italian;tuscan,40.7748986,-73.951071,1st Avenue,https://www.felicenyc.com/felice-84
node,9692134308,Tacos del Este Superior,mexican,40.7681319,-73.9611242,East 70th Street,https://www.tacombi.com/
node,9706028117,NY $1.50 Fresh Pizza,pizza,40.7356777,-74.0013735,7th Avenue South,
node,9706384917,Sal’s Pizza,pizza,40.7637091,-73.9921426,,
node,9709984690,Farook's Halal Cart,,40.7336744,-73.9883102,,
node,9715980450,Rabbit House Omakase & Sake Bar,japanese,40.7162726,-73.9895495,Essex Street,https://rabbithouse.nyc/
node,9716055321,El Cabron Taqueria & Marisqueria,mexican,40.7155198,-73.9899407,Essex Street,
node,9716055322,Tace Recipies,mexican,40.7154324,-73.9899906,Essex Street,https://www.tacorecipesny.com/
node,9719216591,O Cuisine,,40.78739,-73.9516174,Park Avenue,https://ocuisine.nyc/
node,9719703281,Silver Star,diner,40.7641528,-73.9614942,2nd Avenue,http://www.silverstarrestaurant.net/
node,9721647917,Tivoli Trattoria,italian;pizza,40.735976,-74.0016638,7th Avenue South,https://www.tivolinyc.com
node,9726158585,Taqueria Guadalupe,mexican,40.7937413,-73.9450054,Lexington Avenue,
node,9733053717,Pho Maiden Lane,vietnamese;rice_noodle,40.709698,-74.009548,Maiden Lane,
node,9733707531,Chow House,chinese,40.7290896,-74.0007802,Bleecker Street,https://www.chowhousenyc.com/
node,9735458939,Mott Pho Bang,vietnamese;rice_noodle,40.7194647,-73.996424,,
node,9735550663,Han Dynasty,chinese,40.7322044,-73.9882118,3rd Avenue,https://www.handynasty.net/location/han-dynasty-east-village/
node,9736053031,Hyake,japanese,40.7187004,-73.9944776,,
node,9737988787,Docks,seafood,40.7495103,-73.9751059,,
node,9753289208,Café Hestia,american;asian;sandwich,40.707271,-74.0077613,Maiden Lane,https://www.cafehestia.com
node,9770640990,Asian 83,chinese,40.776203,-73.9531689,2nd Avenue,
node,9771053151,456 New Shanghai,chinese;dumpling,40.7162541,-73.9982288,Mott Street,https://www.456newshanghai.com/
node,9771083990,ZAZA,diner,40.7084333,-74.0135562,Greenwich Street,
node,9772198978,Bottega,italian,40.7678322,-73.9593373,2nd Avenue,https://www.bottegany.com
node,9776227090,San Pietro Restaurant,italian,40.7602607,-73.9744133,East 54th Street,https://sanpietroristorantenyc.com
node,9777569218,Sacco Pizza,pizza,40.7662434,-73.9871718,9th Avenue,https://www.saccopizza.com/
node,9777640617,Famous Famiglia Pizza,pizza,40.7580372,-73.9888823,8th Avenue,
node,9780519497,Dragon 105,chinese,40.7982462,-73.9633552,Columbus Avenue,https://www.dragon105ny.com
node,9784341117,The Mermaid Inn – Chelsea,,40.748081,-74.0041578,,
node,9787335517,Elis Wine Bar,,40.8028192,-73.964203,Amsterdam Avenue,https://www.eliswinebar.com
node,9789823863,Agave,mexican,40.7347312,-74.0023782,7th Avenue South,https://www.agave.nyc
node,9793773981,Homemade Taqueria,mexican,40.8011698,-73.961203,Columbus Avenue,https://www.homemadetaqueria.com/
node,9793798565,Let's Meat,korean;barbecue,40.7466986,-73.9855994,5th Avenue,https://www.letsmeatnyc.com/
node,9793800631,WarrenPeace,,40.7151232,-74.0103245,Warren Street,https://warrenpeaceny.com/
node,9815615205,Famous Original Ray's Pizza,pizza,40.7604274,-73.9840645,7th Avenue,
node,9826534634,May Wah Fast Food,chinese,40.7182323,-73.9984263,Hester Street,maywahfastfoodnyc.com
node,9838678804,Greek from Greece,greek,40.751969,-73.9896709,,
node,9838737047,Yang Guo Fu,sandwich,40.7520011,-73.9906484,West 35th Street,https://ygfny.com/ygfmalatang1
node,9844215587,$1.50 Pizza,pizza,40.7226604,-73.9883801,East Houston Street,
node,9845565310,Willow Vegan Bistro,bistro;american,40.7436499,-73.9999237,8th Avenue,https://willownewyork.com/
node,9847048468,Our New Place,chinese,40.7734524,-73.9557735,East 79th Street,http://www.ournewplacenyc.com
node,9848992562,Peacefood,,40.7332657,-73.9929743,East 11th Street,https://www.peacefoodnyc.com/
node,9853378374,Famous Amadeus,pizza,40.762535,-73.9857038,8th Avenue,
node,9853694622,Pizza Plus,pizza,40.7013142,-74.0133742,South Street,
node,9858423030,Copinette,,40.7540655,-73.9662639,,
node,9858441975,Sea Salt,mediterranean,40.761263,-73.960985,1st Avenue,
node,9858455466,Little Italy Pizza,pizza,40.7654082,-73.9579801,,
node,9874879438,Kitchen Cô Út,vietnamese,40.7175056,-73.9943708,Chrystie Street,https://kitchen-co-ut.business.site/
node,9882448221,BLACKBARN Restaurant,american,40.7430473,-73.9870659,East 26th Street,https://blackbarnrestaurant.com/
node,9890276213,La Vera Pizza,pizza,40.7540737,-73.9688701,,
node,9896425447,,,40.7274691,-74.0034457,Avenue Of The Americas,
node,9900947175,Indo Pak Halal,indian,40.7942779,-73.9399888,2nd Avenue,https://www.indopakhalalnyc.com
node,9902816729,The Landing,american,40.7513655,-73.9922668,Pennsylvania Plaza,https://www.thelanding.nyc
node,9906273052,Zaytinya,mediterranean,40.7456123,-73.988821,Broadway,https://www.zaytinya.com/
node,9910104398,Hidden Leaf,asian,40.7528992,-73.9986453,Manhattan West Plaza,https://www.hiddenleafnyc.com/
node,9910412817,,,40.7157722,-73.9986833,Bayard Street,https://bo-ky-nyc.com
node,9922905117,Excellent Dumpling House,chinese,40.7440139,-73.9950453,West 23rd Street,https://excellentdumpling.nyc/
node,9934396018,Cipriani Downtown NYC,,40.7236281,-74.0028707,West Broadway,
node,9951145664,Stick To My Pot Potstickers,dumpling,40.7520118,-73.9912601,West 35th Street,https://www.sticktomypot.com/
node,9957566525,Pico De Gallo Bar & Kitchen,mexican,40.7951614,-73.9698158,Amsterdam Avenue,https://picodegallokitchen.com
node,9966728719,Chef Tan,chinese,40.7288592,-73.9880038,Saint Marks Place,https://www.cheftannyc.com
node,9966728817,,,40.7853079,-73.972782,Columbus Avenue,https://www.tasca-nyc.com
node,9993249851,Uluh,chinese,40.7294457,-73.9868292,,https://www.uluhny.com
node,10000521613,Tamam Falafel,falafel,40.7740338,-73.9597573,Lexington Avenue,https://tamamfalafel.com/
node,10000638486,Soba Totto,japanese;soba,40.7512527,-73.9732065,East 43rd Street,https://www.sobatotto.com/
node,10000674926,Scen,,40.7448287,-73.9890064,Broadway,https://www.scenstudio.com
node,10007479156,Gemma,italian;breakfast,40.7261893,-73.9916167,,https://www.theboweryhotel.com/dining/gemma/
node,10030528221,Lava Shawarma,mediterranean,40.7825481,-73.9515068,3rd Avenue,
node,10049914828,Mad For Chicken ,chicken,40.7913756,-73.9450558,3rd Avenue,https://madforchicken.com/locations/harlem/
node,10054132587,Via Della Pace,italian,40.7264557,-73.9898004,East 4th Street,https://www.viadellapacenyc.com
node,10067923318,Marcellino,,40.7205723,-73.9966868,,
node,10073864123,Bangkok2,thai,40.7352819,-73.9799548,1st Avenue,
node,10073864129,Grill 21,filipino,40.7356886,-73.9799818,East 21st Street,
node,10073864131,Frank's Trattoria,italian;pizza,40.73608,-73.9793659,,https://frankstrattoriaonfirst.com
node,10073955921,Odre,korean,40.7313977,-73.9858961,,https://odrenyc.com
node,10081075317,Tomiño,spanish;galician,40.7193342,-73.9969704,,https://www.tominonyc.com/
node,10087482396,Brasserie Cognac Central Park South,french;bistro,40.7663723,-73.9796629,7th Avenue,
node,10089920691,Le District,french,40.7128867,-74.0158588,,https://www.ledistrict.com/
node,10090555737,Pylos Restaurant,greek,40.7261637,-73.9840813,East 7th Street,
node,10090555738,Giano,italian,40.7261935,-73.9841587,East 7th Street,https://www.gianonyc.com/
node,10096271927,Vanessa's Dumpling House,chinese,40.776869,-73.9526966,2nd Avenue,https://vanessas.com/
node,10106777980,The Chick Inn Harlem,,40.8252449,-73.9509886,Broadway,https://www.nychickinn.com/
node,10108219017,ViceVersa,italian,40.7636094,-73.9867217,,https://www.viceversanyc.com/
node,10115105167,N B Wing Wong,chinese,40.7155469,-73.9967408,,
node,10115105172,Nakaji,sushi,40.7157979,-73.9968327,Bowery,https://www.nakajinyc.com
node,10134167527,Cafe Luka,american,40.7669856,-73.9568159,1st Avenue,https://www.cafelukanyc.com/
node,10143335872,Yuan Zai Bing,chinese,40.7174307,-73.9972597,Mott Street,
node,10145183247,Rosemary's,italian,40.7350368,-73.979466,,https://www.rosemarysnyc.com
node,10145183252,Fortuna,mediterranean,40.7325514,-73.9819418,,https://fortunanyc.com
node,10151666949,Carnegie Pizza,pizza,40.755372,-73.9877527,West 41st Street,https://www.carnegiepizzanewyork.com/
node,10158132117,Yard House,american,40.7551463,-73.9873113,7th Avenue,https://www.yardhouse.com/locations/ny/new-york/new-york-city-times-square/8389
node,10177409693,Flor De Broadway Restaurant,latin_american,40.8218738,-73.9541186,,
node,10198020635,Mama's Pizza,pizza,40.7588156,-73.9889612,8th Avenue,
node,10202468517,Omen Azen,japanese,40.7259881,-74.0018204,Thompson Street,https://www.omen-azen.com/
node,10207581130,Chef Mike's Sub Shop,sandwich,40.8088483,-73.9609987,,
node,10215147555,Nusr Et,steak_house,40.7613084,-73.9785249,,
node,10215153345,Global Kitchen,,40.760797,-73.9789831,,
node,10224009800,Tim Ho Wan,cantonese;dumplings,40.7593435,-73.9917258,9th Avenue,https://timhowanusa.com/locations/#hells-kitchen
node,10224157727,Ixta,mexican,40.7244056,-73.9922194,Bowery,https://ixtanyc.com
node,10224616960,Kanoyama,sushi,40.7305655,-73.9864902,2nd Avenue,https://kanoyama.com
node,10261382324,Little Rascal,turkish,40.7208393,-73.9950056,Elizabeth Street,https://www.littlerascalrestaurant.com/nolita
node,10268906107,Serafina Vino e Cucina,italian,40.7062579,-74.0114037,Broad Street,https://serafinavinoecucina.com/
node,10270349362,Potluck Club,chinese,40.7195195,-73.9933301,Chrystie Street,https://thepotluckclubny.com
node,10270502710,Nudibranch,new_american,40.7274036,-73.9856776,1st Avenue,https://nudibranchnyc.com
node,10270699213,Jiang's Kitchen,chinese,40.7280825,-73.9861384,,https://www.jiangskitchenny.com
node,10270861222,Ainslie Bowery,italian;pizza;brunch,40.7211098,-73.9934939,Bowery,https://ainsliebowery.com
node,10289996862,Lady Chow Kitchen,chinese,40.7178502,-73.99679,,
node,10292368149,Botte UES,,40.7750757,-73.9504566,1st Avenue,https://www.botterestaurants.com/
node,10292396813,Canyon Road Bar & Grill,mexican,40.7705972,-73.953715,1st Avenue,https://www.canyonroadny.com/
node,10312046520,Nyonya,malaysian,40.7190609,-73.9968835,Grand Street,
node,10312413177,Farida Downtown,russian,40.7069566,-74.0081568,Cedar Street,https://www.farida.us/
node,10315377441,La Contenta,mexican,40.718774,-73.9870405,Norfolk Street,https://lacontentanyc.com
node,10420459501,Fusion,peruvian;mexican,40.763499,-73.9923885,10th Avenue,
node,10420459504,Food King,,40.763693,-73.9922685,,
node,10420459507,ViV,thai,40.7627716,-73.9897081,,
node,10547810049,Ichiran,japanese;ramen,40.7601354,-73.9832283,West 49th Street,https://www.ichiranusa.com/location/times-square/
node,10552774830,Bluebird London NYC,,40.7678592,-73.9827995,Columbus Circle,https://www.bluebirdlondon.nyc/
node,10552881679,LumLum,thai,40.7629585,-73.989893,West 49th Street,https://www.lumlumnyc.com/
node,10559992345,Little Italy Pizza,pizza,40.7597577,-73.9837192,West 48th Street,
node,10566847243,Okiboru,noodle,40.7193755,-73.9897046,Orchard Street,https://okiboru.com/3
node,10570579768,Charlie's Place,japanese,40.8061731,-73.9404894,,
node,10570629806,Sweet Mama's Soul Food & Salad Bar,,40.8201562,-73.9367899,Malcolm X Boulevard,
node,10570670803,Jimbo's Hamburger Palace,diner,40.8208444,-73.9362759,Malcolm X Boulevard,
node,10573807982,Giacomo's Pizza,,40.7779736,-73.9543705,3rd Avenue,https://www.giacomospizzarestaurant.com/
node,10585010030,Fomo Momo,indian,40.7260378,-73.9866634,1st Avenue,
node,10585445259,Yama,japanese,40.7358652,-73.9876113,East 17th Street,https://springtail-rhombus-2bch.squarespace.com
node,10599105667,Made in New York Pizza,pizza,40.7355626,-74.0061923,Hudson Street,
node,10607383894,El Patrón,mexican,39.179191,-96.5631783,Poyntz Avenue,https://patronmhk.com/
node,10617089797,Di Fara,pizza,40.7070226,-74.0020088,South Street,https://difarapizzany.com/
node,10619086494,Ito,sushi,40.7130439,-74.01008,Barclay Street,https://itotribeca.com/
node,10650625205,Okdongsik,korean,40.7457045,-73.985371,East 30th Street,https://www.handhospitality.com/okdongsik
node,10652445511,Mắm,vietnamese,40.7170443,-73.9933568,Forsyth Street,
node,10689052120,Bao Bao Cafe,,40.7085207,-74.0135093,,
node,10689545494,Wolfnights - The Gourmet Wrap,sandwich,40.7306629,-74.0003539,West 3rd Street,https://www.wolfnights.com/location/wolfnights-macdougal/
node,10689601294,NaNa Thai Street,thai,40.7395763,-73.9885295,East 21st Street,https://nanathaistreetnyc.com/
node,10691764421,The Wooly,eclectic,40.720678,-73.9968746,Broome Street,https://www.thewooly.com
node,10694203546,Soju Haus,korean,40.7470064,-73.9853791,5th Avenue,https://www.sojuhaus.com/
node,10695458941,American Bar,,40.7350125,-74.0003899,,
node,10695825227,Serafina Restaurant ,italian,40.7777807,-73.9549893,,https://cafeserafinany.com/
node,10707474704,Mezcali,,40.7073886,-74.0074223,,
node,10707548033,Exquisite Cafe,,40.7101656,-74.0055087,,
node,10717839774,Margaux,mediterranean;continental,40.7325933,-73.9968968,,https://www.margauxnyc.com
node,10717839779,Wicked Jane,american;eclectic,40.7327662,-73.9973089,West 8th Street,https://www.wickedjane.com
node,10717839781,Loring Place,american,40.7328594,-73.9975311,,https://www.loringplacenyc.com
node,10717839786,Mr. Capri,italian,40.7330575,-73.9980064,,https://mrcapri.com
node,10719556921,Monomono,korean,40.7254822,-73.9880334,,https://www.monomonony.com
node,10731651157,Happy Family,chinese,40.7599981,-73.9954299,,https://happyfamilynytogo.com
node,10756703058,Kyuramen,japanese;ramen,40.7188978,-73.9948257,,https://www.kyuramen.com
node,10757509893,Cooper Town Diner,diner,40.7348831,-73.9802298,,
node,10757661198,Salma,lebanese,40.7302407,-73.9838074,East 12th Street,https://www.salmaeastvillage.com
node,10757661199,Sushi Lab,sushi,40.7298004,-73.9852826,,https://www.sushilab.com/east-village
node,10757806380,Slow Food Market,italian;chinese;mexican,40.7072563,-74.0123018,Broadway,
node,10762002909,Taqueria El Chiltepin 3,mexican,40.8236682,-73.9442969,,https://www.taqueriaelchiltepin3.com
node,10777014284,Sushi Goda,japanese;sushi,40.7805459,-73.952953,3rd Avenue,
node,10777014287,Original Roma Pizza,pizza,40.780003,-73.9533458,3rd Avenue,https://slicelife.com/restaurants/ny/new-york/10128/original-roma-pizza/menu
node,10780279316,TacoVision,mexican,40.7569068,-73.9678393,East 53rd Street,https://tacovisionnyc.com/
node,10780303885,Sami & Susu,middle_eastern,40.7221103,-73.9880747,Orchard Street,https://www.samiandsusu.com/
node,10780577864,Dumpling N' Dips,chinese,40.729419,-73.9893134,Saint Mark's Place,https://www.dumplingndips.com/
node,10789194705,Angaar,indian,40.7782095,-73.9779884,Columbus Avenue,https://www.angaarnyc.com/
node,10791083576,Brooklyn Deli,burger;pizza;sandwich;salad,40.7570456,-73.9869703,Broadway,https://brooklyndelicatessen.com
node,10791224469,Taqueria Emilio 4,mexican,40.7272434,-73.979771,,
node,10793024892,Mr. Sun,chinese,40.7580402,-73.9802119,,http://mrsun48.com
node,10794176923,Lagos TSQ,west_african,40.7600479,-73.9837966,,https://lagosnyc.com
node,10796001208,Gopchang Story BBQ,korean,40.7470406,-73.9859223,5th Avenue,https://www.gopchangbbq.com/
node,10796135812,Ramen Danbo,japanese;ramen,40.7298743,-74.0034651,Carmine Street,https://ramendanbo.com/
node,10800150639,Carrot Express,,40.7547138,-73.9855296,West 41st Street,https://carrotexpress.com
node,10803083076,LaVista Pizza,pizza,40.7644551,-73.9917249,10th Avenue,https://www.lavistapizza.com/
node,10812420293,Ja Moy Kitchen & Bar,chinese;japanese,40.7286078,-73.9993964,Thompson Street,
node,10817748702,Munchiez,chinese,40.7300261,-74.0003147,MacDougal Street,
node,10817753613,Spicy Moon,chinese,40.729402,-73.9982658,West 3rd Street,https://www.spicymoonnyc.com/
node,10817754083,Yum Cha,chinese,40.7292842,-73.9988202,Thompson Street,https://www.yumchanyc.com/
node,10828734041,B&L Diner,,40.7484569,-73.9879549,Broadway,https://www.bldiner.com/
node,10830817798,Sushi Nakazawa,japanese;sushi,40.7317406,-74.0045409,Saint Mark's Place,
node,10830817799,Sushi Mumi,japanese;sushi,40.7267376,-73.9835516,Saint Mark's Place,
node,10830817800,DOMODOMO,japanese,40.7280345,-74.0016502,,
node,10830954967,Il Corallo Trattoria,italian;pasta;seafood,40.7261823,-74.0019199,Prince Street,https://www.ilcorallotrattoria.com/
node,10839772010,Shuka,mediterranean,40.7270593,-74.0027981,MacDougal Street,https://www.shukanewyork.com
node,10847081712,Figaro,continental,40.729034,-74.0011513,Bleecker Street,https://figaronyc.com
node,10863519205,Kubeh,arab;lebanese;persian;turkish;middle_eastern,40.7354601,-73.9980005,6th Avenue,https://www.eatkubeh.com/
node,10882083194,Lupita's Restaurant,mexican,40.7901856,-73.9429914,2nd Avenue,www.lupitasrestaurantnyc.com
node,10891282153,New York Kimchi,korean,40.7576124,-73.9791762,West 48th Street,https://www.nykimchi48.com/
node,10893513469,Poke,sushi,40.7765789,-73.9505353,East 85th Street,https://pokerestaurant.nyc
node,10893577514,Luna Rossa,italian,40.7765138,-73.9503813,East 85th Street,https://lunarossanyc.com
node,10896489935,Las Panteras Negras,mexican,40.7928237,-73.9405939,2nd Avenue,https://laspanterasnegras.com
node,10896514290,Quesadillas Doña Maty,,40.7973466,-73.939002,East 116th Street,https://www.quesadillasdonamaty.com
node,10896566081,La Avenida NYC,mexican,40.7956906,-73.9358702,1st Avenue,https://avenidanyc.com
node,10908810996,Nan Xiang Xiao Long Bao,chinese;dumpling,40.7482511,-73.9864775,West 33rd Street,https://nanxiangxiaolongbao.com
node,10908811003,Rib No. 7,korean;barbecue,40.7483804,-73.9867781,West 33rd Street,https://www.ribno7.com
node,10908978405,Hutaoli,,40.7485457,-73.9871672,,
node,10908978406,Ai Ki Ya,japanese;izakaya,40.7487358,-73.9870637,,https://www.aikiyanyc.com
node,10908978409,Seoul Salon,korean,40.7483075,-73.9866107,West 33rd Street,https://seoulsalon.nyc
node,10914968638,The Calaveras,mexican,40.799533,-73.9624049,Columbus Ave,https://thecalaverasnyc.com/
node,10923081782,CAVA,mediterranean,40.7337972,-73.989668,4th Avenue,https://cava.com/locations/union-square-ny
node,10936880905,Ellington in the park,,40.8025839,-73.9718802,Riverside Drive,https://www.ellingtoninthepark.com/
node,10936948507,Two Boots,pizza,40.7331393,-74.0028099,7th Avenue South,
node,10937001805,Boucherie,french,40.7330542,-74.0029005,7th Avenue South,
node,10938278205,Uptown Garrison,american,40.8513454,-73.9393578,West 181st Street,https://www.theuptowngarrison.com/
node,10963961481,Hyodonggak,korean,40.7501089,-73.9861942,35th street west,
node,10963961483,Han Bat,korean,40.7501321,-73.9862499,West 35th Street,
node,10964087311,DH Noodles,chinese,40.7492203,-73.9778582,Lexington Avenue,https://dhnoodles.com/restaurant-location/grand-central/
node,10964503294,Taco Vista,,40.6927585,-74.0145156,,
node,10964503295,GITANO Island,,40.6915587,-74.0135456,,
node,10968151805,M & Pizza,,40.7599977,-73.99186,,
node,10968995806,The Ranch of the Compadres,mexican,40.8641035,-73.92509,,
node,10969577294,El Valle Seafood Restaurant ,,40.8169403,-73.9384196,Lenox Avenue,
node,10969587131,L'encanto de Lola 2,mexican,40.8039558,-73.9486227,,
node,10969661823,Wat's On Your Plate,jamaican;seafood,40.8187143,-73.9378267,,
node,10979453279,The Dunes Club,moroccan,40.7493752,-73.9831111,,https://thedunesclubnewyork.com
node,10979453280,Toledo,spanish,40.7493423,-73.9830385,,https://toledonyc.com
node,10982324243,Club A Steakhouse,steak,40.7601469,-73.9655086,East 58th Street,https://clubasteakhouse.com/
node,10982325313,Moonstruck Eatery,diner,40.7599784,-73.9650692,East 58th Street,
node,10982332452,Chola Coastal Indian Cuisine,indian,40.760267,-73.965753,East 58th Street,
node,10982357762,Texas Rotisserie Grill & BBQ,,40.7669203,-73.9568853,1st Avenue,
node,10982600247,Bombay Chowk,indian,40.7687464,-73.9550642,1st Avenue,https://www.bombaychowk.com
node,10982600249,Mexiterranean Grill,mediterranean;mexican,40.7687965,-73.9554931,1st Avenue,https://www.mexiterraneangrill.com/
node,10982822000,Tabata Ramen & Yakitori Bar,japanese,40.7706469,-73.9572778,2nd Avenue,https://www.tabatanyc.com/
node,10982822001,Momokawa,sushi;japanese,40.7705113,-73.9537874,1st Avenue,
node,10983217449,Sushi W,sushi,40.7868776,-73.9499982,Lexington Avenue,
node,10991141052,Sasabune,sushi,40.7684295,-73.9550644,East 73rd Street,
node,10991141054,Oda House,georgian,40.7681351,-73.9549338,East 73rd Street,https://odahouse.com/
node,10991141056,Westville,american;brunch,40.7684626,-73.9557479,1st Avenue,https://westville.com/locations/westville-upper-east-side/
node,10992263589,Eataly - SoHo,italian,40.7214319,-73.9981576,Lafayette Street,https://www.eataly.com/us_en/stores/nyc-soho
node,10994970405,Semma,indian,40.7360072,-74.0005291,,
node,11004300913,Fumo,pizza,40.8214295,-73.9506464,Amsterdam Avenue,
node,11005206217,The Wilson,american,40.7459284,-73.992669,West 27th Street,https://thewilsonnyc.com/
node,11012810126,Nargila Grill,middle_eastern; steak_house,40.7749808,-73.9480553,York Avenue,https://www.nargilagrill.com/
node,11027006805,DD Soup Dumpling & Hibachi,asian;chinese;dumplings,40.7618183,-73.9898998,9th Avenue,https://ddhibachi.com/
node,11031505389,Sushi Bar Hasaki,,40.7297391,-73.9887902,,
node,11031505391,Shiso,sushi,40.7296555,-73.9885942,,
node,11031505392,Yakinku West,japanese,40.729627,-73.9885276,,
node,11036037905,Pizza Loves Sauce,pizza,40.7230597,-73.9897166,East Houston Street,
node,11040513632,Vegan Hood,,40.8028363,-73.9562879,Frederick Douglass Blvd,https://veganhood.net/
node,11044225344,Carnegie Diner & Cafe,,40.7620418,-73.9860181,,
node,11053422057,Bistango,italian,40.7563844,-73.9713268,East 50th Street,https://www.bistangonyc.com/kimberly
node,11061450505,Etcetera Etcetera,italian,40.7593594,-73.9910873,West 44th Street,https://etcetcnyc.com/
node,11063656405,Strange Tokyo,sushi;kimbap,40.7161786,-73.9970795,Elizabeth Street,https://www.strangetokyo.com/
node,11074226306,Eleven B,pizza,40.727419,-73.9796782,Avenue B,
node,11076202065,Harajuki Ramen,japanese,40.7693011,-73.9582398,2nd Aveunue,
node,11078978388,Novita,,40.7392385,-73.9864787,,
node,11078978853,Pure Grit BBQ,barbecue,40.7400896,-73.984499,,
node,11079239444,The Smyth,,40.7152376,-74.0091966,,
node,11079551410,Tinos,greek,40.7797074,-73.947083,1st Avenue,https://tinosnyc.com/
node,11084144532,Kuu Ramen,ramen,40.7097477,-74.0088749,,
node,11084146197,Sushi & Co,sushi,40.7094717,-74.0085899,Nassau Street,https://www.sushinco.com/
node,11085659419,Mala House,chinese,40.7395221,-73.9890649,,https://www.malahouse21.com
node,11088424818,Anixi Mediterranean Vegan Restaurant,mediterranean,40.7462748,-73.9975223,8th Avenue,https://www.anixinyc.com/
node,11090520517,Pangea,continental,40.7305261,-73.9860255,,https://www.pangeanyc.com
node,11090520518,Ops,pizza;italian,40.7304624,-73.9860714,,https://www.opsbk.com/east-village
node,11091932105,Casa Lever,italian,40.7596903,-73.9730149,,https://www.casalever.com
node,11093347420,Bedford Falls,,40.7662226,-73.9624711,East 67th Street,
node,11093512882,Jet's Pizza,pizza,40.762171,-73.9634371,2nd Avenue,
node,11097148480,El Nuevo Caridad,mexican,40.7970232,-73.9382609,East 116th Street,
node,11097188730,Ollin,,40.7922071,-73.9410368,2nd Avenue,
node,11099428487,Playa Betty's,,40.7807434,-73.9803323,Amsterdam Avenue,https://www.playabettys.com
node,11105983005,Becco,chicken;fine_dining;italian,40.7562331,-73.9907792,,
node,11110239305,Royal Napoli Pizza,pizza,40.7630532,-73.9932262,,
node,11112080406,Bites of Xian,asian,40.7546091,-73.9919826,8th Avenue,https://www.bitesofxian.com/
node,11112139705,The Lunch Box,,40.7602575,-73.9750532,East 53rd Street,
node,11115334405,Il Piccolo Bufalo,,40.7188082,-73.9977151,,
node,11126165013,Barking Dog,american,40.7624184,-73.9878403,West 49th Street,https://barkingdognyc.com/
node,11157798346,Moustache Pitza (Moustache),pizza;middle_eastern,40.7306885,-74.0042533,7th Avenue South,https://www.moustachepitza.com/
node,11157811380,Temple Room,,40.7113229,-74.0067467,,
node,11159662142,Gnoccheria Wall Street,poke;italian,40.7075759,-74.0111489,,
node,11170449354,Tacombi,mexican,40.782497,-73.9785273,Amsterdam Avenue,https://www.tacombi.com/
node,11172371587,Antica,italian,40.7039315,-74.0123687,,
node,11175682842,Cut by Wolfgang Puck,,40.7128293,-74.0093508,,
node,11189011965,Blue Park Kitchen,,40.7063928,-74.0078861,,
node,11189050331,Old Xi'an Delicacy,chinese,40.7058595,-74.0075023,,
node,11189060644,Mikado,sushi;japanese,40.7059064,-74.007455,Pearl Street,https://newmikadonyc.com/109-1-1-1
node,11191819310,Taqueria on Tenth,mexican,40.7510117,-74.0019994,10th Avenue,https://www.taqueriaontenth.com/
node,11194260847,Creamline,american;burger,40.7621194,-73.9970358,11th Avenue,https://www.creamlinenyc.com/gotham-west-market
node,11196362150,Burrata Basil Pizza,pizza,40.7302121,-73.9807164,,
node,11196500963,Sushi by M,sushi,40.7266211,-73.9888905,East 5th Street,http://www.sushibym.com
node,11196500985,Conway Diner,american;asian,40.7264399,-73.9890013,,
node,11197809342,,,40.848215,-73.9329297,Audubon Avenue,
node,11222032513,Dim Sum Palace,chinese;dumplings,40.7094131,-74.0067312,William Street,https://dimsumpalace.com/contact-8/
node,11225778137,Tasty Hand Pulled Noodles II,chinese,40.7605534,-73.9908603,9th Avenue,http://ordertastyhandpullednoodles2.com/
node,11232603212,Pizza Park,pizza,40.7644401,-73.9586932,1st Avenue,
node,11236746435,Chama Mama,georgian,40.7822176,-73.9787653,Amsterdam Avenue,https://www.chamamama.com/location/chama-mama-uws/
node,11241886838,Chambers,american,40.7146185,-74.0075403,Chambers Street,https://chambers.nyc
node,11241887323,Artesano Peruvian Cuisine,,40.714543,-74.0073743,,
node,11241986541,Bareburger,,40.7431934,-73.9801954,3rd Avenue,
node,11241986543,Gupshup,indian,40.7368581,-73.987637,East 18th Street,https://www.gupshupnyc.com
node,11242527168,Bites of Xi’an,chinese;noodle,40.7309589,-73.9898626,East 10th Street,https://bitesofxian.com
node,11258774458,Restaurant Marc Forgione,,40.7164801,-74.0095734,,
node,11258926651,Dorado,mexican,40.7339533,-73.9931568,East 12th Street,https://www.doradotacos.com/
node,11258926652,Sophie's Cuban Cuisine,cuban,40.7339291,-73.9930929,East 12th Street,https://www.sophiescuban.com
node,11258947744,Fields Good Chicken,chicken,40.7340101,-73.9932822,East 12th Street,https://www.fieldsgoodchicken.com
node,11270580267,Ladybird,asian,40.7265692,-73.9845399,East 7th Street,https://www.ladybirdny.com/
node,11270580268,Cadence,,40.726539,-73.9844756,East 7th Street,https://www.cadencenewyork.com/
node,11281910245,Casa Maya,mexican,40.7894138,-73.9430894,2nd Avenue,
node,11281910246,Bonjour Mixeur,crepe,40.7843648,-73.95221,Lexington Avenue,https://www.bonjourmixeur.com/
node,11287398069,Iron Sushi,sushi,40.7515303,-73.9705354,2nd Avenue,
node,11293344178,Tina's Cuban Cuisine,cuban,40.7599443,-73.9680171,3rd Avenue,https://tinascubancuisine.com/
node,11293344181,Adare,american,40.760815,-73.9683972,East 57th Street,http://adarenyc.com/
node,11296394818,Happy Malaysia Canteen,malaysian,40.7164395,-73.9978779,,
node,11301575865,Metropolis by Marcus Samuelsson,american,40.7125031,-74.0123419,Fulton Street,https://www.metropolisbymarcus.com/?y_source=1_MTAxOTQ5MDcyMi03MTUtbG9jYXRpb24ud2Vic2l0ZQ%3D%3D
node,11304966100,Kamasu By Kissaki,sushi,40.7533944,-74.0012665,,
node,11329730736,Thalassa,,40.7192654,-74.0095941,,
node,11329752942,Terrior,,40.71886,-74.0099987,,
node,11329762787,Jungsik,,40.7187884,-74.0090911,,
node,11329779866,Mr. Chow,,40.7200957,-74.0087665,,
node,11329790733,Sushi of Gari,sushi,40.7167674,-74.0084565,,
node,11329800632,Osteria Carlina,,40.7195801,-74.0070314,,
node,11329802009,Casa,brazilian,40.7168416,-74.0086416,Duane Street,https://www.casarestaurant.com/location/casa-restaurant/
node,11329802030,Gigimo,italian,40.7172588,-74.0105427,,
node,11329825459,Max Italian Restaurant,italian,40.7168913,-74.0083619,,
node,11332148669,Omakase 95,sushi,40.7936206,-73.9709147,Amsterdam Avenue,https://omakase95.com
node,11332230969,Frenchette,french,40.7196471,-74.0057569,,
node,11335080026,Avra Rockefeller Center,,40.7603719,-73.9807662,,
node,11345588157,Kame,ramen,40.7474506,-73.9966833,,https://www.kamenyc.com/
node,11347087420,Strip House,,40.7343055,-73.9934609,,https://www.striphouse.com/location/striphouse-downtown/
node,11352644136,P.F. Chang's,asian,40.7641497,-73.9850061,,
node,11359386682,Chakra,thai;indian,40.7265324,-73.9881174,East 5th Street,https://chakra.kitchen
node,11374517232,La Bella Vita,italian,40.7197362,-73.9972911,,
node,11374517234,Baby John's Pizzeria,pizza,40.7191522,-73.9972169,Grand Street,
node,11375876806,Kyuramen,ramen,40.8027172,-73.968113,Broadway,https://www.kyuramen.com/
node,11386507858,Tartina,italian,40.8036171,-73.9636412,Amsterdam Avenue,https://www.tartina-restaurant.com
node,11398926734,Ace's,american;pub,40.731346,-73.9859337,,https://www.aces-nyc.com
node,11399372270,Legasea Bar & Grill,american,40.7523507,-73.9893208,,
node,11402027468,Szechuan Gourmet,chinese,40.8004598,-73.9675769,West 105th Street,https://www.szechuangourmet105.com
node,11404155931,AB Fish Market,seafood; asian,40.7901226,-73.9459722,3rd Avenue,https://www.abfishmarketny.com/
node,11405903375,Le Gourmet,italian;pizza;sandwich;burger;salad,40.7654797,-73.9579226,1st Avenue,https://legourmetnyc.com
node,11405963746,Matsu II,sushi;japanese,40.7662084,-73.956028,East 70th Street,https://sushibymatsu.com
node,11411614762,Koko Wings,korean,40.8009562,-73.9673468,West 106th Street,https://www.kokowingsnyc.com/
node,11413866657,Happy Hot Hunan Restaurant,chinese,40.8013886,-73.9647833,Amsterdam Avenue,https://www.happyhothunanny.com
node,11415714612,Pancho's Antojitos Mexicano,mexican,40.8013901,-73.965234,Amsterdam Avenue,https://panchos-mexicano.edan.io
node,11415714613,3 Times,,40.801455,-73.965181,Amsterdam Avenue,
node,11421707495,Mala Town,chinese,40.8000199,-73.9657774,Amsterdam Avenue,
node,11429546305,Campagnola Restaurant,italian,40.7688938,-73.9549878,1st Avenue,
node,11433238611,Délice & Sarrasin,french,40.7287461,-74.0031498,West Houston Street,https://delicesarrasin.com
node,11442900427,Marinara Pizza,pizza,40.7954237,-73.9708722,Broadway,https://www.marinarapizza.com/location/broadway/
node,11447982727,Atlas Kitchen,chinese,40.8032937,-73.9667641,West 109th Street,https://www.atlaskitchennyc.com
node,11448213482,The Grand Feast,,40.7977903,-73.9678718,Amsterdam Avenue,https://www.thegrandfeast.nyc
node,11463577701,Ichibantei,japanese,40.7324491,-73.9880197,,https://ichibantei.nyc
node,11465739196,La Grande Boucherie,french,40.7626575,-73.980662,West 53rd Street,https://www.boucherieus.com/location/boucherie-la-grande-boucherie/
node,11466216391,CM Chicken,chicken; korean,40.7803173,-73.9466456,1st Avenue,
node,11476841566,Reyna,mediterranean,40.7350479,-73.9932044,East 13th Street,https://www.reynanewyork.com/
node,11476892967,Karvouna Mezze,greek,40.7225243,-73.9929563,Bowery,https://www.karvounamezze.com
node,11484390440,Antojitos Mexicanos,mexican,40.8485499,-73.9315528,West 181st Street,
node,11500492169,Kin Ramen,ramen,40.7644156,-73.9789989,West 56th Street,https://kinramen.com/
node,11500492269,Izakaya Toribar,japanese,40.7596208,-73.9685472,East 56th Street,https://izakayatoribar.com/
node,11505171170,Friedmans,,40.742492,-74.0063934,9th Avenue,https://www.friedmansrestaurant.com/location/chelsea-friedmans-restaurant/
node,11506163553,Robert,american,40.7674398,-73.9820336,Columbus Circle,https://robertnyc.com/
node,11509837680,Sweet Chick,southern;chicken,40.7366142,-73.9912191,East 16th Street,https://www.sweetchick.com/location/union-square/
node,11523643171,Carlota,spanish,40.7151017,-73.9916695,Orchard Street,https://www.carlotanyc.com
node,11530393583,Tsumo Omakase,japanese,40.7955912,-73.9694838,Amsterdam Avenue;Amsterdam,https://www.tsumony.com
node,11530514625,Buceo 95,,40.7936012,-73.9711217,West 95th Street,https://buceo95.com
node,11532552941,Baked by Melissa,dessert,40.7873816,-73.9776772,Broadway,https://www.bakedbymelissa.com
node,11536202001,Dim Sum Bloom,chinese,40.7957389,-73.9706401,Broadway,
node,11538333631,Soledad,mexican,40.7833661,-73.947979,2nd Avenue,https://soledadnyc.com/
node,11538535383,Coma Bueno,dominican,40.7996039,-73.9628318,Columbus Avenue,
node,11538724479,Kikoo Sushi,sushi,40.8013869,-73.9615545,Columbus Avenue,https://www.kikoowest.com
node,11541133669,Bareburger,,40.7943379,-73.9661954,Columbus Avenue,https://order.bareburger.com
node,11558110355,Tengri Tagh Uyghur Cuisine,uyghur,40.7525395,-73.9886477,West 37th Street,https://tengritaghny.com
node,11558119422,Beyond Sushi - Vegan Restaurant,asian,40.7524663,-73.9884545,West 37th Street,https://beyondsushi.com/locations/w-37th-street/
node,11558613469,MayRee,thai,40.7237527,-73.9892869,East 1st Street,https://www.mayreenyc.com/
node,11561127141,Ravagh Persian Grill,mediterranean;persian,40.7472594,-73.98314,Madison Avenue,https://www.ravaghrestaurants.com
node,11565487891,Naks,filipino,40.7302931,-73.9835696,,https://www.naks.nyc
node,11582969069,Okinii,sushi,40.7289222,-73.9990944,,
node,11583940164,Ciao Paisan,italian,40.7831966,-73.9789446,West 79th Street,https://www.ciaopaisan.com
node,11592874869,Cafe Luce,italian,40.757234,-73.9680045,,https://www.cafelucenyc.com/
node,11608604958,Yondu Culinary Studio,,40.7083725,-74.0006182,,https://www.yondu.us
node,11608613210,Paris Cafe,,40.7073186,-74.0014716,Peck Slip,
node,11616874334,El Gallo Taqueria,mexican,40.7866324,-73.9760139,Amsterdam Avenue,https://www.elgallobk.com/locations
node,11617087594,Crave Fishbar,seafood,40.7842543,-73.9777515,Amsterdam Avenue,https://cravefishbar.com
node,11617087595,Two Wheels,vietnamese,40.7842096,-73.9777838,Amsterdam Avenue,https://twowheels.nyc/
node,11620209249,SANUKI UDON,japanese,40.7291862,-73.9955475,West 4th Street,https://sanukiudonusa.com
node,11622197425,Vanessa's Dumpling House,chinese,40.7849937,-73.9772104,Amsterdam Avenue,https://www.vanessas.com/
node,11627433797,Sushi Nonaka,sushi,40.7836073,-73.978221,Amsterdam Avenue,https://www.sushinonaka.com
node,11632352915,Telio,greek,40.7982092,-73.9688522,Broadway,https://www.nycteliorestaurant.com/
node,11638670322,Betty,american,40.7136688,-73.9878507,,https://bettynewyork.com
node,11658333426,Sushi Lin,sushi,40.7191841,-73.9856983,,
node,11658333429,Cloud Vietnamese,vietnamese,40.7188406,-73.985309,Clinton Street,https://www.cloudvietnamesenyc.com
node,11658333430,Ginger & Lemongrass,vietnamese,40.7191673,-73.9856462,Rivington Street,https://www.gingerandlemongrass.com/location/ginger-and-lemongrass-manhattan/
node,11664042689,The Shell,seafood,40.7906078,-73.9725454,Amsterdam Avenue,https://theshellrestaurant.com
node,11665562923,Hui Restaurant & Bar,chinese,40.7670128,-73.958463,East 70th Street,
node,11674325705,Bings & Noodles,chinese,40.7299776,-73.9995858,Sullivan Street,
node,11674339847,Mala Project,chinese,40.7568355,-73.9806333,,
node,11674339848,Akdeniz,turkish,40.7568615,-73.9806953,,https://akdeniz46.com
node,11674345070,SushiDelic,sushi,40.7202273,-73.998709,Lafayette Street,https://www.sushidelic.net
node,11679760934,Beatnic,burger,40.7227424,-73.9971339,Lafayette Street,
node,11687176846,Haven,american,40.7834563,-73.9795171,West 79th Street,https://www.havenuws.com
node,11687210350,Joe's Steam Rice Roll,chinese,40.7840301,-73.9779134,Amsterdam Avenue,https://orderjoesteamriceroll.com
node,11687215264,Song'e Napule,italian;pizza,40.7854066,-73.9769052,Amsterdam Avenue,https://songenapule.us/song-e-napule-upper-west-side
node,11687369985,Celeste,italian,40.7866864,-73.9759752,Amsterdam Avenue,https://www.celesterestaurantny.com/
node,11687385083,Alachi Masala,indian,40.7861403,-73.9763768,Amsterdam Avenue,https://www.alachimasalany.com
node,11687868832,Mista Oh,korean,40.7432446,-73.9912163,,https://www.mrmistaohnyc.com/
node,11690216253,King Food Chen,chinese,40.7860073,-73.9760003,Amsterdam Avenue,
node,11701475595,Coco Pizzaria,pizza,40.7594129,-73.9618878,,
node,11705836568,Bamboo Sushi,sushi,40.7656092,-73.9573801,1st Avenue,
node,11706750747,Kuu,japanese,40.7656902,-73.9577457,1st Avenue,https://kuuramen.com
node,11714928281,Fishmarket,,40.7283393,-73.9820432,,
node,11715036337,Madina Halal Deli,burger;indian,40.7291209,-73.9836233,East 11th Street,
node,11715190679,The Little Beet,,40.7662604,-73.9573285,1st Avenue,
node,11717251415,Cellini,italian,40.7600534,-73.9727312,,
node,11717251435,Nerai,greek,40.7602001,-73.9730757,,
node,11729195307,Marinara,pizza,40.7565374,-73.9644183,1st Avenue,
node,11729195308,Sofia Pizza Shoppe,pizza,40.7567113,-73.9643249,1st Avenue,https://sofiapizzashoppe.com
node,11729264202,Adyar Ananda Bhavan,indian,40.7593014,-73.9623856,1st Avenue,
node,11730128243,Sarabeth's,,40.7839211,-73.9775152,Amsterdam Avenue,https://sarabethsrestaurants.com/locations/upper-west-side/
node,11731444670,Maria Mulata Colombian Restaurant & Bar,regional,40.7707505,-73.9617952,Lexington Avenue,
node,11734409650,Sophie's Cuban,,40.7412524,-73.9937682,,
node,11734474015,Great Burrito,mexican,40.7428769,-73.9931922,West 23rd Street,http://greatburrito23rdnyc.com/
node,11734648510,Periyali,,40.7406439,-73.9929501,,
node,11735228974,Manhattan Diner,american,40.7936415,-73.9721751,Broadway,http://www.manhattandiner.net/
node,11737576669,The Best Pizza,pizza,40.7636803,-73.988578,,
node,11738086069,Osteria 57,italian,40.7346089,-73.9978963,,http://www.osteria57.com/
node,11738972189,Big Wong,,40.7161895,-73.998278,Mott Street,
node,11739055904,Vestry,seafood,40.7255235,-74.0053247,Spring Street,https://www.vestrynyc.com/
node,11743343361,Wing Wah,chinese,40.7975347,-73.9340623,1st Avenue,
node,11746463843,ONGI,korean,40.7521719,-73.9872338,West 37th Street,https://www.on-gi.com
node,11746463844,Mori,japanese,40.7270969,-74.0020062,Sullivan Street,https://www.instagram.com/mori_omakase
node,11746576608,One Bite Omakase,japanese,40.7835338,-73.9778072,Amsterdam Avenue,https://www.onebiteomakase.com
node,11748179932,Populares,mexican,40.7230805,-73.9825225,Avenue B,https://www.popularesny.com/
node,11748179935,L’Americana,italian,40.7360524,-73.9874848,Irving Place,https://www.lamericana-nyc.com
node,11748632677,Aqua Marina,italian,40.8432635,-73.93898,,
node,11748659948,Havana Heights,cuban,40.8441492,-73.9391985,,
node,11748675128,Jade Garden,chinese,40.8418274,-73.9389587,Broadway,
node,11748913964,Kensi Thai,thai,40.8227041,-73.9386287,Adam Clayton Powell Boulevard,
node,11748941382,King Barka & Prince Soul Food,,40.8219514,-73.9385123,Adam Clayton Powell Boulevard,
node,11754487749,Grandma’s Home,chinese,40.7419249,-73.9928293,West 22nd Street,https://www.grandmashome.us
node,11756860356,Ines,,40.7688221,-73.9541113,East 74th Street,
node,11756860357,Sushi Ishikawa,sushi,40.768793,-73.9540347,East 74th Street,https://ishikawanyc.com
node,11760994850,Susukino Ramen,,40.7032995,-74.0107985,Water Street,
node,11761653832,Congee Village,chinese,40.7187004,-73.9903564,Allen Street,http://www.congeevillagerestaurants.com
node,11761689742,Lucien,french,40.7233554,-73.9881736,1st Avenue,https://luciennyc.com
node,11761723978,Delizia,italian,40.7686535,-73.955143,1st Avenue,
node,11761868947,Bravo,italian,40.7493418,-73.9841442,5th Avenue,https://www.braverkosherpizza.com
node,11767652269,Saperavi,georgian,40.732635,-73.9852239,East 14th Street,https://saperavinyc.com
node,11772965584,Island Grill,caribbean,40.8151875,-73.9581244,West 125th Street,
node,11773867097,PS Kitchen,,40.7606821,-73.986622,,
node,11774131269,Little Italy Pizza,pizza,40.7658115,-73.9839012,,
node,11774637881,Kimura,japanese,40.7289868,-73.9882604,Saint Marks Place,https://www.kimuranyc.com/
node,11775761069,Dude’s Pizza,pizza,40.7532429,-73.9922559,West 36th Street,
node,11800207769,Pizza Shack,pizza,40.7703517,-73.9919456,,
node,11800209769,Long Island Dumplings,dim_sum;chinese,40.7369749,-73.9973769,,https://www.longislanddumplings.com
node,11800248039,3 Dessert Cafe,dessert,40.7171352,-73.9981858,Canal Street,https://www.3dessertny.com/
node,11812125969,Marinara Pizza,pizza,40.7826337,-73.9535649,Lexington Avenue,
node,11814456769,Square pizza NYC Time Square,pizza,40.7556426,-73.9921788,,
node,11826577618,My Food House,chinese,40.7145666,-73.9937001,Eldridge Street,
node,11826587032,Rong Hang,chinese,40.7157089,-73.9930991,Eldridge Street,
node,11836538423,Il Cantinori,italian,40.7323245,-73.993126,East 10th Street,
node,11840440162,Carol's Bun,chinese,40.7138245,-73.9914494,East Broadway,
node,11842298772,Hey Yuet,,40.7470428,-73.9964446,,
node,11842400115,Teng Dragon,chinese,40.7961359,-73.9350826,1st Avenue,https://tengdragontogo.com
node,11842400116,Sapoara,latin_american,40.7961837,-73.9350491,1st Avenue,https://sapoaranyc.com
node,11845584190,Native Noodles,asian;singaporean,40.8382618,-73.9378722,Amsterdam Avenue,https://native-noodles.square.site/
node,11847603619,La Lonchera,,40.8227762,-73.953819,,
node,11865332476,Berlin Döner,kebab,40.7294161,-74.0008633,MacDougal Street,
node,11865375282,Maestro Pasta,italian,40.7293912,-74.0008833,MacDougal Street,https://www.maestropasta.com/
node,11865385955,Malai Marke,indian,40.7269036,-73.9876124,East 6th Street,https://www.malaimarke.com/
node,11865385956,Raj Mahal,indian,40.7268373,-73.9874547,East 6th Street,https://www.rajmahalnycity.com/
node,11865385957,Curry Flavor,indian,40.7268042,-73.9873761,East 6th Street,https://www.curryflavornyc.com/
node,11865385958,Souen,japanese,40.7267632,-73.9872787,East 6th Street,https://www.souen.net/
node,11865385959,The Izakaya NYC,japanese,40.7267795,-73.9873173,East 6th Street,https://www.theizakaya.nyc/6th
node,11866488665,Cull & Pistol Oyster Bar,,40.7424412,-74.0055869,,
node,11867099054,Jajaja Mexicana,mexican,40.7298154,-74.004554,,
node,11872704825,Valbella at the Park,italian,40.7548664,-73.985372,West 42nd Street,https://valbellaatthepark.com/
node,11873180748,Malibu Diner,,40.7439868,-73.9949708,,
node,11873613003,Ghemo,georgian,40.8007444,-73.9660245,West 106th Street,
node,11875156397,Bagel Market,bagel,40.7110673,-74.0065073,,
node,11881240167,Wayla,thai,40.718289,-73.9927504,Forsyth Street,https://www.waylanyc.com/
node,11884796769,Pizza Town,pizza,40.7520357,-73.9858812,6th Avenue,
node,11892515469,Broni & Belle’s Pizzeria,pizza,40.7450228,-73.99825,West 23rd Street,
node,11895576969,Berlina Cafe,pizza,40.7553382,-73.9909515,8th Avenue,
node,11897338093,Restaurante Félix,,40.7225399,-74.0038369,,
node,11897345667,Kintsugi,sushi,40.7229261,-74.0046413,,
node,11905528875,Goku Kitchen,meat;asian;noodle;chinese;dumplings,40.7070267,-74.0082784,Cedar Street,https://gokukit.com/
node,11910381822,Udon St Marks,japanese,40.7293326,-73.9891008,,
node,11910381824,Oh! Taisho,japanese,40.7293722,-73.9892017,,https://m.yelp.com/biz/oh-taisho-new-york
node,11918780630,Strip House,steak_house,40.7552726,-73.9807065,,https://www.striphouse.com
node,11918781631,Le Rivage,french,40.7602653,-73.9895344,,https://www.lerivagenyc.com
node,11933299269,Little Italy Pizza,pizza,40.7576681,-73.9896928,8th Avenue,
node,11943260737,Torrisi,italian,40.724217,-73.9954001,Mulberry Street,https://www.torrisinyc.com
node,11948944397,Leyla,mediterranean,40.7788358,-73.9783508,West 74th Street,https://www.leylanyc.com
node,11963618919,Addey Ababa,ethiopian,40.8505785,-73.9376955,West 181st Street,
node,11963740469,Bombay Bistros,indian,40.7313594,-74.002533,,
node,11968161063,Burgerology,burger,40.753801,-73.9936143,West 36th Street,
node,11971148917,Little Myanmar,burmese,40.7229483,-73.9853975,East 2nd Street,https://littlemyanmarny.com
node,11976751722,Empanadas,,40.8488,-73.9328221,,
node,11976751728,Caridad Restaurant,,40.8488427,-73.9329282,West 181st Street,
node,11980400027,Jerk House Caribbean,caribbean,40.8103162,-73.947018,Adam Clayton Powell Jr. Boulevard,
node,11981765094,Harlem Breakfast Club,,40.8111327,-73.9464042,Adam Clayton Powell Jr. Boulevard,https://harlembreakfastclub.co
node,11982189827,Red Star,chinese,40.8225077,-73.938104,Adam Clayton Powell Boulevard,
node,11987722720,Jeffrey's Grocery,seafood,40.7339144,-74.0013412,Waverly Place,https://www.jeffreysgrocery.com/
node,11990405945,Rocco Steakhouse,steak,40.7438235,-73.9860292,Madison Avenue,https://roccosteakhouse.com/
node,11990995698,Ashford & Simpson's Sugar Bar,,40.7793657,-73.9838442,West 72nd Street,https://www.sugarbarnyc.com/
node,11994488267,DimSum Garden,chinese;dim_sum,40.7586972,-73.9654903,2nd Avenue,https://www.daodimsum.com
node,11994512706,Sasabune Express,,40.7600289,-73.9632487,East 59th Street,
node,12006510169,Zillions Pizza,pizza,40.7581501,-73.9925308,West 42nd Street,
node,12014383329,Dragon Sushi,sushi,40.8019513,-73.9569308,Frederick Douglass Boulevard,https://www.dragonsushi8ave.com
node,12021097574,Sido,mediterranean,40.7777188,-73.9783437,Columbus Avenue,https://sidofalafeltogo.com
node,12023694618,Flame,,40.7839461,-73.9743873,West 82nd Street,https://flamenyc.com
node,12024393753,The Milling Room,,40.7836415,-73.9744848,Columbus Avenue,http://www.themillingroom.com
node,12036720755,Cantina Taqueria,,40.8027452,-73.9568209,,
node,12042549280,Legend 72,chinese,40.7779742,-73.9796927,West 72nd Street,https://legendgourmet.com
node,12042651949,Sushi Counter,sushi,40.7332779,-74.0055872,Christopher Street,https://sushicounternyc.com/
node,12042873186,Malka,,40.7784417,-73.9807856,West 72nd Street,https://www.malka.nyc
node,12045059816,Glaze,japanese,40.7540475,-73.9859163,West 40th Street,
node,12055614728,Los Tacos No.1,tacos,40.7262725,-73.9946961,Lafayette Street,https://lostacos1.com
node,12068842073,High Hill Diner,diner;american,40.8551632,-73.9373884,West 187th Street,https://www.highhilldiner.com/
node,12070389068,SUGARFISH by Sushi Nozawa,sushi,40.7651959,-73.9816218,West 56th Street,https://sugarfishsushi.com/locations/midtown-west/
node,12070394872,Topaz,thai,40.7643677,-73.9789336,West 56th Street,https://www.topazthaiauthentic.com/
node,12070422440,K-bap,korean,40.7632955,-73.9771622,West 56th Street,https://www.kbapnyc.com
node,12070468651,Tina's Cuban Cuisine,,40.7630129,-73.9757399,,
node,12070476839,Il Tinello Ristorante,italian,40.7625761,-73.9756396,,
node,12070492977,Dim Sum Palace,chinese,40.7627231,-73.9760278,,
node,12070920019,York Ave Pizza,pizza;sandwich,40.7669295,-73.954327,East 72nd Street,
node,12074578120,SUGARFISH by Sushi Nozawa,sushi,40.7579501,-73.9703988,East 53rd Street,https://sugarfishsushi.com/locations/midtown-east/
node,12077150283,Springbone Kitchen,,40.7865605,-73.9718824,Columbus Avenue,https://springbone.com/branches/upper-west-side/
node,12078860384,Cafe Sabarsky,german,40.7812646,-73.960373,,
node,12079568551,& Son Steakeasy,steak_house,40.7339041,-73.9986749,West 9th Street,https://www.andsonnyc.com/
node,12079653418,Cotta Osteria,italian,40.7854771,-73.9726638,Columbus Avenue,
node,12081310371,Noi Due,italian,40.7848847,-73.9731089,Columbus Avenue,https://www.noiduecafe.com
node,12081310372,Mughlai Indian Cuisine,indian,40.7848167,-73.9731531,Columbus Avenue,https://mughlaicuisineny.com/
node,12081310373,Cilantro NYC,,40.7846872,-73.973253,Columbus Avenue,https://cilantronyc.com/485-columbus-ave/
node,12081819275,Lokal Mediterranean Kitchen,lebanese,40.7842949,-73.9735265,Columbus Avenue,https://lokal83.com
node,12084131484,Ayat,palestinian,40.7242306,-73.9789217,Loisaida Avenue,
node,12093994492,Bread and Stone,pizza,40.7270613,-73.9879869,,https://www.breadandstone.com
node,12093994494,Taishoken,ramen,40.7269369,-73.9886581,,https://www.taishokenusa.com/nyc
node,12093994495,Frank,italian,40.7268894,-73.988693,2nd Avenue,https://www.frankrestaurant.com
node,12095095042,Sushi Yoshizawa,sushi,40.764094,-73.9592768,East 66th Street,
node,12097569302,Lucia Alimentari,coffee_shop,40.7216106,-74.004245,West Broadway,
node,12101284215,Kyuramen,ramen,40.760232,-73.9886968,West 46th Street,https://www.kyuramen.com/
node,12118435378,Cafe Massawa,ethiopian;east_african,40.8145806,-73.9594549,Broadway,https://www.cafemassawa.com/
node,12118471440,Pho Amsterdam,vietnamese,40.8109107,-73.9582924,Amsterdam Avenue,
node,12123586826,Sugarfish,sushi,40.7808701,-73.9806557,West 75th Street,https://sugarfishsushi.com
node,12150720897,Nino's Ristorante,italian,40.7681889,-73.9554974,1st Avenue,
node,12162695407,Tokugawa,sushi,40.776242,-73.9623694,Madison Avenue,https://tokugawanyc.com/
node,12164415649,Diamond Thai,thai,40.7197179,-73.988654,Ludlow Street,
node,12170467434,The Liberty,american;pizza,40.7498622,-73.9856035,,https://www.thelibertynyc.com
node,12171054081,Shuya,japanese,40.7460894,-73.9776287,,https://shuyas.com
node,12175944629,Nishida Sho-ten,ramen;japanese;asian,40.7540126,-73.9686892,East 49th Street,
node,12177578857,Le Sia,chinese;seafood,40.7607048,-73.9912033,9th Avenue,https://www.lesianyc.com/
node,12177578862,Osaka Fusion Sushi,sushi,40.7607118,-73.9907302,9th Avenue,https://www.osakafusionsushibbq.com/
node,12183004901,Bangkok Supper Club,thai,40.7390218,-74.0056634,Hudson Street,https://www.bangkoksupperclubnyc.com/
node,12189238901,Roberta's,italian_pizza,40.7507736,-73.9914958,Plaza 33,https://robertaspizza.com/
node,12195740987,Aria,italian,40.7291517,-74.0034544,Bedford Street,https://ariawinebar.com
node,12195740994,Ubani,georgian,40.7296289,-74.0039259,Bedford Street,https://ubaniny.com
node,12195740995,Cotenna,italian,40.7290298,-74.0035786,,https://cotenna.com
node,12200001128,Jean Claude,french,40.7592586,-73.9620057,1st Avenue,
node,12206311669,City Winery,,40.7431021,-74.009291,11th Avenue,https://citywinery.com/newyork/
node,12207775922,Bad Roman,italian,40.7686801,-73.9824413,Columbus Circle,
node,12210077044,Rokc,ramen,40.8235362,-73.9522214,,
node,12233587106,42nd Street Restaurant,pizza;greek,40.7617745,-74.0000776,West 42nd Street,
node,12235107075,Loopy's,korean,40.7474883,-73.9923022,,https://www.loopyseatery.com
node,12235107077,New M & J,asian;sushi,40.7474645,-73.9922458,,https://www.mjasiancuisinenyc.com
node,12241733433,Emperor Dumpling,chinese;japanese,40.7462639,-73.9938221,7th Avenue,
node,12244426994,Revel & Rye,,40.7585073,-73.9858673,Broadway,https://www.revelandrye.com/
node,12259319359,Soho Diner,,40.7220958,-74.0042287,West Broadway,https://www.sohodinernyc.com/
node,12300150548,Lunetta Pizza,pizza;italian,40.7624401,-73.959689,1st Avenue,https://lunetta.pizza
node,12307257374,Urban Vegan Kitchen,,40.7451722,-73.9976887,,
node,12307861590,Kings Kitchen,chinese,40.7139084,-73.9936669,East Broadway,
node,12307938441,Yi Zhang Fishball,chinese,40.7146634,-73.9938681,Eldridge Street,
node,12308518420,Hub Thai,thai,40.7239243,-73.9848973,Avenue A,https://hubthai.nyc
node,12310131789,Lake Como Pizza,pizza;fries,40.8513973,-73.9282776,,
node,12310131790,Golden  City Chinese Restaurant,chinese,40.8513587,-73.9283075,,
node,12310137182,Burgers & Grill,burger,40.8513447,-73.9283177,,
node,12310154145,Grandmas Pizza,pizza;bagel;fries,40.8514681,-73.9282261,,
node,12310158066,Sushi Heights,sushi;bubble_tea,40.8515365,-73.9281705,,
node,12310161588,Golan Heights,shawarma,40.8515009,-73.9281993,Amsterdam Avenue,
node,12310173142,Falafel Crunch,,40.8513706,-73.9282972,,
node,12319914323,Lil Frankie’s Grocery,,40.7236297,-73.9884264,First Ave,https://lilfrankiesgrocery.com
node,12322531439,Zaragoza,mexican,40.7300094,-73.9808364,Avenue A,
node,12322937601,Taam Tov,,40.7576737,-73.9805449,,https://taamtovkosher.com/
node,12323976457,Mas Tacos,tacos,40.7507899,-73.9932561,Penn Plaza,
node,12324373160,Soogil,french;korean,40.7256107,-73.9883555,East 4th Street,
node,12324390279,Apna Pind,indian,40.7252983,-73.987581,East 4th Street,
node,12324410335,Benemon,japanese,40.7255807,-73.9882731,East 4th Street,https://www.benemon.nyc/
node,12324916043,Hearty & Healthy,,40.7267074,-73.9862218,,
node,12327465356,Cecilia,,40.7274504,-73.9845978,Saint Marks Place,
node,12327529700,Rosella,sushi,40.7270984,-73.9829757,Avenue A,
node,12327548513,Foxface Natural,,40.7289642,-73.9816112,Avenue A,
node,12327777493,Genki Omakasa,sushi,40.7291349,-73.9982452,La Guardia Place,
node,12327810411,Little Hen,brunch,40.7285726,-73.9997104,Bleecker Street,
node,12333426801,The Purple Tongue,,40.7594181,-73.9932118,West 43rd Street,
node,12334487678,Ishq,indian,40.7293684,-73.9809196,,
node,12365498908,Forsythia,italian,40.7225386,-73.9924913,Stanton Street,https://www.forsythianyc.com/
node,12365528289,Madé,asian,40.7214053,-73.9951726,Spring Street,
node,12368307474,Appa’s Pizza,pizza;korean,40.7303479,-73.9830787,1st Avenue,https://appaspizza.com
node,12368319328,Luthun,,40.7299937,-73.9817762,East 13th Street,
node,12373675569,Le Basque French Vegan Restaurant,french;spanish,40.736072,-73.9918636,Union Square West,https://lebasquenyc.com/
node,12374906401,Mocha Burger,burger,40.7556853,-73.9784746,East 46th Street,https://mochaburgertimessquare.com/
node,12377182082,Grand Brasserie,french,40.7524928,-73.9775859,East 42nd Street,https://www.grandbrasserie.com/
node,12383161574,Stella 34 Trattoria,italian,40.7506271,-73.9880621,West 34th Street,https://www.patinagroup.com/stella-34/
node,12386824050,REGULAR NYC,,40.7080263,-74.0139855,Rector Street,https://www.regular.nyc/
node,12389242645,Tre,italian,40.7218109,-73.9875935,Ludlow Street,http://www.trenewyork.com/
node,12389271511,Bungalow,indian,40.7236539,-73.9879543,1st Avenue,https://www.bungalowny.com
node,12402813221,Alke Café,,40.8003369,-73.9549778,Adam Clayton Powell Jr. Boulevard,https://www.alkecafe.co/
node,12402918748,Mei Lai Wah Wonton Noodle,asian,40.7148176,-73.9982893,Pell Street,
node,12414899829,Lido,italian,40.80492,-73.954757,Frederick Douglass Boulevard,https://lidoharlem.com
node,12414899830,Peking Kitchen,chinese,40.8047726,-73.9548625,Frederick Douglass Boulevard,https://www.pekingkitchen2162.com
node,12432067901,Pasta Eater,italian,40.7376627,-73.991342,,https://pasta-eater.com/
node,12432724701,Konban,japanese,40.7419883,-74.0015474,,https://konbannyc.com
node,12453392832,Oki Poke & Ramen,ramen;japanese,40.753269,-73.9741075,East 45th Street,https://www.okipokeramen.com/
node,12453438626,Hop Won Express,chinese,40.7532023,-73.9739738,East 45th Street,
node,12459875815,Tuscany Steakhouse,steak_house,40.7653391,-73.9771919,West 58th Street,https://tuscanysteakhouse.com
node,12459875822,Loi Estiatorio,greek,40.7653982,-73.9779596,West 58th Street,https://www.loiestiatorio.com
node,12470628924,Çka ka Qellue,albanian,40.7446861,-73.9818352,,https://ckakaqellue.com
node,12484826227,Sushi & Co,sushi;japanese,40.7533944,-73.9744469,Lexington Avenue,https://sushinco.com
node,12485263600,Tiptara,thai,40.7141483,-73.9875607,,https://www.tiptarathaifood.com/
node,12486715026,Bondi Sushi,sushi,40.7212469,-73.9964063,Kenmare Street,https://bondisushi.com
node,12496732774,SourAji,sushi,40.7222329,-73.9831367,Avenue B,
node,12496752010,Boni & Mott,mediterranean,40.7226448,-73.9949556,Mott Street,https://boniandmott.com
node,12510451776,Quality Meats,steak_house,40.7649266,-73.9762437,West 58th Street,https://www.qualitymeatsnyc.com
node,12512735661,Momosan Ramen & Sake,ramen;japanese,40.7498922,-73.9773723,Lexington Avenue,https://www.https://momosanramen.com/restaurants/lexington/
node,12512778763,Dimsum Garden,chinese;dimsum,40.7497897,-73.9774286,Lexington Avenue,https://www.daodimsum.com
node,12516954542,The Dawson 39,,40.7524292,-73.9847258,West 39th Street,https://www.dawson39.com/
node,12525411571,Dao Dim Sum,chinese,40.7473756,-73.9830554,,https://www.daodimsum.com
node,12527817289,Nai Brother Sauerkraut Fish,chinese,40.8034557,-73.9675683,Broadway,https://www.naibrothersauerkrautfish.com
node,12544066932,A ves,chinese,40.7864784,-73.9725142,West 86th Street,
node,12544391777,Brett's Deli,,40.7544783,-73.9765523,Park Avenue,https://www.brettsdeli.com/
node,12547321282,Bourbon Steak New York,steak_house,40.7663058,-73.9781782,Central Park South,https://www.bourbonsteaknyc.com
node,12548036252,Smash House,burger;sandwich;salad,40.7575147,-73.9802829,West 47th Street,https://www.smashhouseburgers.com/locations/new-york/manhattan-47th-st/
node,12548036253,Smash House,burger;sandwich;salad,40.7516443,-73.9859621,West 37th Street,https://www.smashhouseburgers.com/locations/new-york/manhattan-37th-st/
node,12552066544,To Eat Sushi,sushi,40.7290286,-73.9847778,East 10th Street,https://www.toeatsushi.com
node,12552541831,tán,mexican,40.755037,-73.9705438,East 49th Street,https://www.tannewyork.com/
node,12552598964,Yong Chuan,chinese,40.7183609,-73.9853126,Clinton Street,https://yongchuannyc.com/
node,12601522341,Shima Sushi,sushi,40.755873,-73.9692659,East 51st Street,https://www.shimasushionline.com/
node,12601547251,Su Khum Vit 51,thai,40.7559192,-73.969303,East 51st Street,https://sukhumvit51.com/
node,12604039968,K Sushi & Bar,sushi;korean,40.7471726,-73.9871962,,https://www.ksushiandbar.com
node,12610100301,Malibu Farm,american,40.7057668,-74.0014838,,https://www.malibufarmnyc.com/
node,12632002031,Batsu,asian;japanese,40.725374,-73.9872473,1st Avenue,https://www.batsulive.com/new-york/
node,12643554149,Il Gradino,italian,40.7643541,-73.9668078,,
node,12650293071,Allora 47,italian,40.7543324,-73.9727625,East 47th Street,https://www.alloraristorantenyc.com/allora47
node,12650293072,Foxy John's Bar & Kitchen,,40.7543531,-73.9728052,East 47th Street,https://www.foxyjohns.com/
node,12662579801,Ariana Afghan Kebab,,40.7651093,-73.988016,,https://www.ariananewyorkcity.com/
node,12662586701,Dim Sum Palace,chinese,40.7602273,-73.9893114,,https://dimsumpalace.com/
node,12662597101,Black Tap,american;burger,40.7500629,-73.9861062,,https://blacktap.com/location/35th/
node,12662597204,Nubiani,korean,40.7469733,-73.9853512,5th Avenue,https://www.nubianinyc.com/
node,12662611901,Kazunori,japanese,40.7451752,-73.9881914,West 28th Street,https://www.handrollbar.com/locations/nomad/
node,12662627901,Sentir Vegan Mexican Restaurant,mexican,40.7400275,-73.9931732,West 19th Street,https://sentirnyc.com/
node,12662645401,Rafele,italian,40.7309038,-74.0041193,,https://www.rafele.com/
node,12662645402,Village Taverna,greek,40.733396,-73.9930049,University Place,https://www.villagetaverna.com
node,12662681901,Chez Jacob,african,40.8151344,-73.9478027,,
node,12674202671,La Villetta,italian;pizza,40.7548931,-73.9649433,East 52nd Street,
node,12675363874,Laliko,georgian,40.7294591,-74.0048245,Carmine Street,https://laliko.com/
node,12676843762,Aji Sushi,sushi;japanese,40.751452,-73.9707949,2nd Avenue,
node,12676888846,Land of Plenty,chinese,40.7606166,-73.9666293,,
node,12692247000,809,,40.862001,-73.9252337,Dyckman Street,https://809nyc.com
node,12696713574,Aragvi,georgian,40.7512616,-73.9719193,East 44th Street,https://www.aragvi-nyc.com
node,12707756043,Ke Aloha Sushi & Poke Bowl,japanese;sushi,40.7561451,-73.9659724,,https://www.kealohasushipokebowl.com
node,12710030055,Darbar,indian,40.7592533,-73.9689049,,https://darbargrill.com
node,12720480767,Lungi,indian;sri_lankan,40.761691,-73.9602236,,https://lungirestaurant.com
node,12720671571,Danny & Coop’s Cheesesteaks,american,40.7276608,-73.9825681,Avenue A,https://dannyandcoops.com/
node,12720698856,Apollo Bagels,coffee_shop;bagel,40.7288795,-73.9849717,East 10th Street,https://www.apollobagels.com/
node,12727042268,Rice Bird,asian,40.7285629,-73.9860192,East 9th Street,
node,12729059749,Roscioli NYC,italian,40.7277245,-74.0025523,MacDougal Street,https://rosciolinyc.com/
node,12733020264,SHIROKURO,sushi,40.7275633,-73.9886531,2nd Avenue,https://shirokuronyc.com/
node,12738172134,Chatti,indian,40.7536159,-73.9914901,West 37th Street,https://thechatti.com
node,12739649701,Binondo,filipino,40.7137287,-73.9956663,East Broadway,https://www.binondonyc.com/
node,12741901377,Pho Avenue,vietnamese,40.75149,-73.9707581,2nd Avenue,
node,12744975234,888 Cafe & Bar,,40.7651708,-73.9805398,,
node,12754726336,Dos Caminos,mexican,40.7542025,-73.9742699,Lexington Avenue,https://www.doscaminos.com/location/dos-caminos-lexington/
node,12762556567,NoMo Kitchen,american,40.71976,-73.9999039,Crosby Street,https://www.nomosoho.com/nomo-soho-kitchen
node,12762754842,Gyu-Kaku,japanese;barbecue,40.7555288,-73.970365,,
node,12772979822,Yoshino,japanese,40.7262002,-73.9921115,,https://www.yoshinonewyork.com
node,12812420201,Kiku,japanese,40.7624275,-73.9770156,West 55th Street,
node,12815687871,noodlelove,asian,40.7209887,-73.9955775,Mott Street,https://www.noodlelove.com
node,12820832963,Avra,greek,40.7551236,-73.9725518,East 48th Street,https://theavragroup.com/avra-48th-street
node,12821490787,Omakase Osukaa,sushi,40.7557087,-73.9769678,Madison Avenue,https://me.osukaanyc.com/
node,12827046801,A Salt & Battery,,40.7383452,-74.002,Greenwich Avenue,https://asaltandbattery.com/
node,12828447749,Chalong Southern Thai,thai,40.7639018,-73.9888785,9th Avenue,https://www.chalongnyc.com/
node,12840446756,Serafina 777 Third Ave,italian,40.7546507,-73.971268,Third Avenue,https://www.serafinarestaurant.com/serafina-777
node,12849983985,,asian,40.7501812,-73.9844621,,
node,12849984712,Tonchin New York,japanese,40.750229,-73.984535,West 36th Street,https://www.tonchinus.com/
node,12849984713,The Keg,steak_house,40.750816,-73.9859024,West 36th Street,https://www.thekegroom.nyc/
node,12857850351,Bar Mexicana,mexican,40.7561252,-73.9848062,West 43rd Street,https://www.barmexicananyc.com
node,12857850352,Simply Noodles & Dim Sum,chinese,40.753814,-73.9859287,,
node,12863513173,Spes,italian,40.7297959,-73.9827359,East 12th Street,
node,12865107393,Prime Catch NYC,steak_house,40.7393312,-73.9976946,,
node,12866882564,Tam Mai Thai,thai,40.7632439,-73.9770786,West 56th Street,https://www.tammaithai.com
node,12866882565,Bengal Tiger,indian,40.7655983,-73.9825967,,https://www.bengaltigerindianfood.com/
node,12874846886,Biga Bite,pizza,40.7212657,-73.9840748,Clinton Street,https://bigabite.pizza
node,12890222603,Penny,seafood,40.7308231,-73.989714,East 10th Street,https://www.penny-nyc.com
node,12890222605,Claud,french,40.7308697,-73.9896752,East 10th Street,https://www.claudnyc.com
node,12908269982,Class on 38th,japanese_fusion,40.7520674,-73.9850554,,https://www.classon38th.com
node,12908269983,Watami Sushi,sushi,40.7511,-73.9852329,West 37th Street,https://watamisushi37west.com
node,12917521998,Bobby Van's Grill,,40.7570814,-73.9838681,,
node,12917522703,Le Marais,steak_house,40.7580768,-73.9842248,,
node,12917522705,Prime Catch,steak_house;pasta,40.7580046,-73.984058,,
node,12917522706,Silky Kitchen,chinese,40.757981,-73.9840072,,
node,12917522707,Chazz Palminteri,italian,40.756518,-73.9805238,,
node,12917611586,Raku,japanese;sushi,40.7566827,-73.9692284,,https://rakujapanese.com
node,12917611587,Himalayan Curry House,indian;nepali,40.757224,-73.9685841,,
node,12918215844,Audace,,40.7421518,-73.9846598,,
node,12921924710,Marwin Thai,thai,40.7615664,-73.9603255,,https://marwinthainyc.com
node,12922047971,Cognac,,40.7552769,-73.9730336,,
node,12922047973,Park Ave Kitchen,,40.7551732,-73.9735384,,
node,12922047974,Bukhara Grill,,40.7497315,-73.9782595,,
node,12923377791,Grand Sichuan Eastern,,40.7582701,-73.9662712,,https://www.sichuanhunan1049.com
node,12924977455,Mighty Quinn's,barbecue,40.7124356,-74.0156948,,
node,12925573349,,,40.849066,-73.9371953,,
node,12947498610,The Corner Deli;La Esquina,mexican,40.7518394,-73.9958965,,
node,12947498611,Yono Sushi,sushi,40.751735,-73.9955332,,
node,12949416382,Tommy Bahama,,40.7554679,-73.9792098,,https://www.tommybahama.com/restaurants-and-marlin-bars/locations/new-york
node,12965227301,Pelicana Chicken,korean;chicken,40.7476537,-73.9861935,West 32nd Street,https://www.pelicanausa.com
node,12973757302,Kaiten Zushi Nomad,,40.7458899,-73.9866573,5th Avenue,https://www.kaitenzushiusa.com/
node,12973790001,Le petit village,,40.7359443,-74.0012558,7th Avenue South,
node,12980265002,Maza Mexican Restaurant,mexican,40.7265495,-73.9850368,East 7th Street,
node,12981463706,Javitri,indian,40.7635622,-73.9677376,East 61st Street,https://www.javitrinyc.com/
node,12982654501,Shu Jiao Fu Zhou,chinese,40.7174828,-73.992049,Grand Street,https://shujiao-fuzhou.site/
node,12986801301,Amber Sushi Asian Cuisine & Bar,asian;sushi,40.7330675,-74.0069764,Christopher Street,
node,12986810601,Joseph Leonard,,40.7335787,-74.0016703,Grove Street,
node,12987788601,Third Kingdom,,40.7286265,-73.9893727,East 7th Street,https://www.thirdkingdomnyc.com/
node,12988107101,Tipsy Shanghai,chinese,40.7274182,-73.9883002,2nd Avenue,https://tipsy-shanghai.com/
node,12988563701,Café Maud,,40.7286121,-73.9874271,2nd Avenue,https://www.cafemaud.com/
node,12990538860,Panna II,indian,40.7262782,-73.9864936,1st Avenue,
node,12990650129,Milon,indian,40.726249,-73.9865175,1st Avenue,
node,12990670061,345 Cantina,mexican,40.7266301,-73.9864309,East 6th Street,
node,12990687698,Miso,japanese,40.7267431,-73.9872344,East 6th Street,
node,12990806401,Jeju Noodle Bar,korean,40.7330125,-74.0073265,,
node,12990806501,The Warren,,40.7330917,-74.006708,Christopher Street,
node,12994299701,Me Chicken Rice,chicken;thai,40.7304925,-74.0004761,West 3rd Street,
node,12994866301,Titi’s Empanadas,,40.7261363,-73.984021,East 7th Street,
node,12995844901,Milon Indian Restaurant,indian,40.7262583,-73.9866312,1st Avenue,
node,12995859902,Le Bilboquet,fine_dining;french,40.7638779,-73.9704399,East 60th Street,https://lebilboquetny.com/
node,12995860506,Fleming by Le Bilboquet,fine_dining;french,40.7653865,-73.9695287,East 62nd Street,https://flemingbylebilboquet.com/
node,12996543401,Il Gattopardo,fine_dining;italian,40.7616056,-73.9764095,West 54th Street,https://ilgattopardonyc.com/
node,13000003956,Tiberias,seafood;pizza;eclectic,40.7476688,-73.9823057,,https://www.tiberiasnyc.com
node,13003072801,Whitmans,american;burger,40.727843,-73.9843074,East 9th Street,
node,13007235601,STATE Grill and Bar,,40.7483043,-73.9860187,West 33rd Street,
node,13016310201,Carne Mare,,40.7056919,-74.0021178,South Street,
node,13016311601,Mister Dips,,40.7056226,-74.0020585,South Street,
node,13019781381,Caviar Russe,seafood,40.760725,-73.9737351,Madison Avenue,https://caviarrusse.com/pages/new-york-about
node,13030298571,Hilltop,burger,40.8355593,-73.9441484,Broadway,
node,13034372961,Boqueria W40th,spanish,40.7556286,-73.9902396,W 40th St,https://boqueriarestaurant.com/location/nyc/times-square/
node,13034652401,OMG Shawarma,,40.7344858,-74.0020845,7th Avenue South,
node,13043042757,Tarallucci e Vino,italian;breakfast,40.7381477,-73.9906882,,https://www.taralluccievino.net/union-square-location
node,13043042758,Tarallucci e Vino,italian,40.7434574,-73.9846977,East 28th Street,https://www.taralluccievino.net/nomad
node,13043042759,Vallata,italian,40.738039,-73.9886026,,
node,13055150701,Goal Omakase Sushi,,40.7746573,-73.9517471,East 82nd Street,https://www.goalomakasesushi.com/
node,13057970730,Ground Central Coffee Company,coffee_shop,40.7637429,-73.9848071,,
node,13062290351,Dumpling Story,,40.7183133,-73.9939503,,
node,13062628801,Il Mulino,italian,40.761296,-73.9724022,East 56th Street,https://www.imny.com/location/madison
node,13064239933,Melangerie,,40.7535527,-73.9784024,Vanderbilt Avenue,https://www.22vanderbilt.com/hospitality
node,13064262826,Lulla,,40.7440402,-73.9930299,,https://www.lullanyc.com/
node,13065489069,Blaze BBQ & Hibachi,chinese,40.7181784,-73.9920791,,
node,13065493913,Hav & Mar,fusion,40.7509895,-74.0057562,11th Avenue,https://www.havandmar.com/
node,13067012376,Palladino's Steak & Seafood,seafood;steak_house,40.7531376,-73.9775826,,https://palladinos.com/
node,13069249663,Fan Szechuan,chinese,40.7190765,-73.9881143,Essex Street,https://www.fanszechuan.com
node,13070933043,Henry & The Lions,,40.746813,-74.001689,,
node,13071016173,Coppelia,cuban,40.7388838,-74.0000095,West 14th Street,https://ilovecoppelia.com
node,13071727592,The Cocoa Exchange,,40.7051235,-74.0085966,,
node,13071776167,NeroLab,italian,40.7068019,-74.0099313,,
node,13078894001,一品小笼包,chinese,40.7183113,-73.993949,Grand Street,
node,13086913624,Rynn,thai,40.7266592,-73.9884205,,https://www.rynnnyc.com
node,13094686852,pizazz,,40.7361017,-73.9890842,,
node,13124035507,Taftoon,persian,40.7418865,-73.9811721,3rd Avenue,https://taftoonyc.com/
node,13136631202,Teppanyaki One,asian;fish;oriental;seafood;sushi,40.8070888,-73.9445455,West 125th Street,https://teppanyakione.com/
node,13141172002,West Rice Roll King,chinese,40.7169867,-73.9948131,Hester Street,https://westricerollking.com/
node,13143970801,Joe G,italian;italian_pizza,40.7657529,-73.9828919,West 56th Street,https://joegrestaurant.com/
node,13144932601,Patsy's,italian,40.765555,-73.9827084,West 56th Street,http://patsys.com
node,13162323201,Sogno Toscano Market & Wine Bar,,40.7358519,-74.0018817,,
node,13164366801,Jack's Wife Freda,,40.7409214,-74.0014447,,
node,13166891301,Ribalta,,40.7332959,-73.9916085,,
node,13207644501,The Good Good,,40.8012553,-73.9421334,Park Avenue,https://www.thegoodgoodnyc.com/
node,13228338601,Lahana Authentic Indian Cuisine,indian,40.7655978,-73.9876226,9th Avenue,https://www.lahanaindiancuisine.com/
node,13253297112,LECIEL,american,40.7195644,-73.9869398,Rivington Street,
node,13254235312,Caravan Uyghur Cuisine,asian;ramen;noodle;uyghur,40.7051211,-74.0096508,Beaver Street,https://www.caravanuyghur.com/
node,13260156201,Genesis House,,40.741452,-74.008311,10th Avenue,
node,13260302501,Mama’s Too,pizza,40.733217,-74.0040346,Bleecker Street,https://www.mamastoo.com
node,13264230314,Thai Super,,40.7994831,-73.9398653,East 118 street,https://thaisupernyc.com/
node,13270526606,Dos Caminos,mexican,40.7593685,-73.9853155,,
node,13276407498,Cocoron,japanese,40.7202582,-73.9930775,Delancey Street,https://www.cocoronandgoemon.com
node,13281497564,Pulperia,,40.7602775,-73.9894412,,
node,13281517266,Sicily,italian,40.7601744,-73.9891823,,
node,13284267481,La Caverna,mexican,40.7198122,-73.9871697,Rivington Street,https://lacavernanyc.com
node,13284267483,Essex,mediterranean;steak_house,40.7197876,-73.9870989,,
node,13294811814,Grand Salon at Baccarat Hotel,fine_dining;breakfast;tea;seafood,40.7608743,-73.9774286,West 53rd Street,https://www.baccarathotels.com/dining/grand-salon
node,13307068143,La Contenta Oeste,mexican,40.7352064,-73.9981795,,https://lacontentanyc.com
node,13322193023,Sakura,sushi;thai,40.723877,-73.9946519,,https://www.sakurasushithai.com/
node,13322321326,Wo Hop Next Door,chinese,40.7142577,-73.9988632,Mott Street,https://www.wohop15.com/
node,13324400764,Columbia Deli & Cafe,deli,40.815329,-73.9582622,Broadway,
node,13324633698,Wok in Duane,asian,40.7175026,-74.0101435,,https://wokinduane.com/
node,13326302618,Gandhi Cafe,indian,40.7319374,-74.0033019,,
node,13326385962,Burgers & Beer,burger,40.7320136,-74.001509,West 4th Street,https://burgersandbeernyc.com/
node,13326385965,Tio Pepe,spanish,40.7320656,-74.0015562,West 4th Street,https://tiopepenyc.com
node,13326545699,La Bonbonniere,diner,40.7377771,-74.0043559,,
node,13326545700,Kawa Sushi,sushi;japanese,40.7377209,-74.0044229,8th Avenue,https://www.kawasushiny.com/
node,13346761054,Dim Sum Sam,dim_sum;chinese,40.7553674,-73.9896313,,https://dimsumsam.us
node,13348997186,IPizzaNY,pizza,40.8349001,-73.9446331,Broadway,
node,13362068601,Taberu Nomu,,40.7446274,-73.9930033,West 25th Street,https://www.taberunomu.com/
node,13375144704,Fonda,mexican,40.745526,-74.0022513,9th Avenue,https://fondarestaurant.com/
node,13375145201,Leitao,portuguese,40.7349472,-74.0062794,Hudson Street,https://leitaonyc.com/
node,13375145301,Osteria Nonnino,italian,40.7388401,-74.0056653,Hudson Street,https://osterianonnino.com/
node,13399308029,Lyly’s Vietnamese Cookhouse,vietnamese,40.774359,-73.9536586,East 81st Street,https://www.lylynyc.com/
node,13408740002,Gnocco,,40.7271198,-73.9802734,East 10th Street,https://www.gnocco.com
node,13411508501,abcV,,40.7380365,-73.9892448,East 19th Street,https://www.abcv.nyc/
node,13454928532,Suram,sushi,40.7564792,-73.9982784,,https://www.suramsushi.com/location/suram-hudson-yards/
node,13458596602,Zia Maria,italian;italian_pizza,40.7186398,-73.997516,Mulberry Street,
node,13464396101,Pee Dee Steak House,steak_house,40.794367,-73.9428652,3rd Avenue,
node,13477811985,The Mermaid Bar,seafood,40.7561847,-73.9849769,West 43rd Street,https://themermaidnyc.com
node,13502657369,Godunk,thai,40.7259196,-73.9922038,,https://www.godunknewyork.com
node,13503003830,The Factory 380,american;eclectic;brunch,40.7416424,-73.9813187,,https://www.thefactory380.com
node,13503053013,YGF Malatang,chinese,40.7322499,-73.988166,,https://ygfny.com
node,13514824809,LuAnne's Wild Ginger,,40.7204982,-73.9964428,,
node,13516817471,Sunn's,korean,40.7144225,-73.9909621,,https://sunnsnyc.com
node,13517110251,Mido Omakase,sushi,40.729858,-73.9991597,,https://midojapanesegroup.com/mido-west-village/
node,13517110252,Il Mulino,italian,40.7298203,-73.9990828,,https://www.ilmulino.com/downtown
node,13517110254,Ananda,indian,40.7287751,-73.999252,Thompson Street,
node,13520165301,Curry House,malaysian;thai,40.7146812,-73.997729,Pell Street,https://www.malacurryhouse.com/
node,13525138501,Ye’s Apothecary,chinese,40.7194241,-73.9896952,Orchard Street,http://yesapothecary.com/
node,13527372237,Bite & Sip,chinese,40.7226201,-73.986643,,https://www.biteandsiporder.com
node,13530139916,Virginia's,american,40.7227097,-73.9833118,East 3rd Street,https://www.virginiasnyc.com
node,13541063610,Autorska,,52.7597505,15.2665922,,
node,13556272940,Tatiana by Kwame Onwuachi,caribbean,40.7726956,-73.9833419,Lincoln Center Plaza,https://www.tatiananyc.com
node,13556349768,Borgo,italian,40.7421669,-73.9835268,East 27th Street,https://borgonyc.com/
node,13556403203,Kabawa,caribbean,40.7249557,-73.9913634,Extra Place,https://www.momofuku.com/restaurants/kabawa
node,13567940798,YOKO-CHO,japanese,40.73297,-73.9882845,East 13th Street,https://www.yokochony.com/
node,13568423501,Felix’s Handmade Empanadas,argentinian,40.7221731,-73.9880406,Orchard Street,https://www.felixempanadas.com/
node,13572901546,Shinzo Omakase,sushi,40.7236946,-73.9876705,East 2nd Street,https://www.shinzoomakase.com
node,13576389913,AperiBar,italian,40.7544954,-73.9857539,West 41st Street,https://www.aperibar.com/
node,13587113340,El Rinconcito,latin_american,40.7231513,-73.9797154,Avenue C,
node,13598070918,Chinelos II,mexican,40.8203184,-73.9537637,West 136th Street,https://www.orderchinelosrestaurant.com/
node,13603953752,Cziken,,52.7607275,15.2636878,Armii Krajowej,
node,13638108901,Inti Peruvian Cuisine,peruvian,40.7674175,-73.9895057,10th Avenue,
node,13638108902,Saar Indian Restaurant,indian,40.7626964,-73.9848623,West 51st Street,https://www.saarnyc.com/
node,13638109001,Mamasita Bar and Grill/Mexican Fast Food,mexican,40.767364,-73.9895472,10th Avenue,
node,13649390323,Tompkins Square Bagels,bagel,40.737435,-73.9907696,,
node,13651103801,Uncle Ray's Chicken Rice,,40.7649095,-73.9875598,9th Avenue,https://www.unclerayschickenrice.com/
node,13653008578,Sushi Heights,sushi,40.8516574,-73.9280737,,
node,13653136005,Best Sicily Bottega,,40.7054178,-74.0087581,,
node,13665777801,Inday,indian,40.7419677,-73.9929267,West 22nd Street,https://indayallday.com/
node,13680208001,Akura Sushi,sushi,40.7455629,-73.9833851,,
node,13680208009,Wagyu Room,japanese;steak_house,40.7461046,-73.9833811,,https://www.wagyuroom.com
node,13680208010,Sushi by Bou,sushi,40.7461418,-73.983354,,https://www.sushibybou.com/location/nomad-nyc-hotel-3232/
node,13683332549,Prix Fixe,,40.7599849,-73.9783826,,
node,13696414199,La Caridad 72,asian;caribbean,40.7777245,-73.9800442,,https://lacaridad72uws.com
node,13696452302,Thai 72,thai,40.7776928,-73.979973,,
node,13709991501,Don Antonio,pizza,40.7626392,-73.9866549,West 50th Street,
node,13715232901,Chi Restaurant,chinese,40.7554661,-73.9943756,9th Avenue,
node,13730194944,Skirt Steak,steak_house,40.7468354,-73.9901878,6th Avenue,https://www.skirtsteaknyc.com/
node,13730649403,Val Pizza,pizza,40.7580884,-73.984193,,
node,13730649426,Angie,,40.7680448,-73.9854037,,
node,13740052381,Edge,,40.7540153,-74.0005901,,
node,13740348057,Filaga,pizza,40.7422692,-74.005294,,
node,13746128578,EYE SOLUTION,,40.7150174,-73.9989641,,
node,13755928644,Tacos del Barrio,,40.7097234,-74.0083503,,
node,13756162808,The Corner Store,,40.7266398,-73.9999617,,
node,13756238632,Suprema Provisions,italian,40.7325948,-74.0036624,,
node,13761505071,ZUZU,,40.7445758,-73.9955617,,
node,13761505077,Sushi Seki,,40.7441557,-73.9962015,,
node,13763391819,MR Pizza,pizza,40.7621973,-73.9832979,Broadway,
node,13763391820,Junior's Restaurant and Bakery,,40.7609503,-73.9840152,,
node,13765783002,Liquid Bar & Restaurant,,40.8639781,-73.9190293,,
node,13806073520,Margaux by La Sirène,french,40.7499322,-73.9816759,Madison Avenue,https://www.lasirenenyc.com/margaux
node,13806657901,Pasta Rullo,italian,40.7275145,-73.9830036,East 9th Street,https://pastarullo.com/
node,13809236569,Kyuubi Omakase,sushi,40.7271894,-73.9845884,,
node,13811467918,EZ Paella & Tapas,spanish,40.7635858,-73.9886464,,https://ezpaella.com/
node,13812601041,Con Sabor A Mexico,mexican,40.8504955,-73.9363212,,
node,13816385159,Fito,,40.8648384,-73.928179,,
node,13816395497,La Cantina Heights,,40.8567685,-73.9323832,,
node,13816443478,Taquería Sinaloense,,40.8746063,-73.9107473,,
node,13816463909,Grandpa's Brick Oven Pizza,pizza,40.8683401,-73.9195388,,
node,13816463910,Serrano Salsa,mexican,40.8683851,-73.9193891,,
node,13817897414,China Wang,chinese,40.8745754,-73.9106684,,
node,13822991643,L Chingon Mexican Cuisine,mexican,40.8513692,-73.9306364,,
node,13823830852,Pergola,mediterranean_restaurant,40.7454548,-73.9894903,West 28th Street,https://www.pergolanewyork.com/
node,13827686598,Terravita,,40.8480812,-73.9380552,,https://www.terravitarestaurant.com/washington-heights
node,13827689162,Geisha Asian Fusion,sushi,40.84796,-73.9376189,,
node,13841010267,Alessa Cucina & Bar,italian,40.7523841,-73.9915795,,https://www.alessanyc.com
node,13841010268,Lalyn,thai,40.7524228,-73.9916808,,https://www.lalynnyc.com/
node,13845839495,Thai Ya,thai,40.7197583,-73.9886392,,
node,13845839496,Souvlaki GR,greek,40.7211327,-73.9871627,,https://www.souvlakigr.com/location/souvlaki-gr-lower-east-side/
node,13849083048,Jimbo's Hamburger Palace,,40.8370262,-73.939304,,
node,13869532701,Sip & Guzzle,american;japanese,40.7314144,-74.0024463,Cornelia Street,https://www.sipandguzzlenyc.com/
node,13874600395,Virgil's Real Barbecue,barbecue,40.7911831,-73.9739882,Broadway,https://virgilsbbq.com/locations/upper-west-side
node,13878623712,Chop Shop,asian,40.7487103,-74.0031942,10th Avenue,https://www.chop-shop.co/
node,13892089958,Sushi & Co,sushi,40.7530947,-73.9874909,,
node,13892113660,Luke's Lobster,,40.7533449,-73.9873987,,
node,13899747366,Loong Noodles,noodle,40.7288373,-73.9885803,Saint Marks Place,
node,13900021201,Dahlia’s Garden & Terrace,fine_dining,40.7455603,-73.9889275,West 28th Street,
node,13901776901,All’Antico Vinaio,italian;sandwich,40.7518645,-73.9781677,Park Avenue,https://allanticovinaiousa.com/
node,13904419301,Mikado,japanese;sushi,40.737745,-73.9973076,West 14th Street,https://newmikadonyc.com/
node,13915515688,Café Fleuri,,40.7085943,-74.014148,Washington Street,
node,13916540944,Premier Shōjin,japanese,40.7403317,-73.992193,West 20th Street,https://www.odo.nyc/premier-shojin
node,13926420801,Mission Chinese Food,chinese,40.7152503,-73.9988502,Mott Street,https://www.missionchinesefood.com/
node,13929976601,Lava Shawarma NYC,middle_eastern,40.741636,-73.990248,West 23rd Street,https://www.lavashawarma.com/
node,13944100034,Pizza Hut,pizza,40.7449579,-73.9981204,West 23rd Street,
node,13953100101,Catzuneko Shokudo,japanese;sushi,40.7562896,-73.9939732,9th Avenue,
node,13953195501,Modern Tea & Salad,bubble_tea,40.7553816,-73.9915875,West 39th Street,
node,13954726601,Sofia's of Little Italy,italian,40.7188589,-73.9976766,Mulberry Street,
node,13956183003,Fiaschetteria Pistoia,,40.7266708,-73.9772984,East 11th Street,
node,13958478463,Lazzara's Pizza,pizza;italian,40.7539708,-73.9895694,,https://www.lazzaraspizza.com/
node,13958820934,Versa,,40.7515882,-73.9911676,West 35th Street,https://versanyc.com/
node,13965635842,Souvlaki GR,greek,40.7572885,-73.9680743,,https://www.souvlakigr.com/location/souvlaki-gr-midtown-east/
node,13965909401,,greek,40.7581167,-73.9824872,West 47th Street,https://delosgr.com
node,13970570901,Kebab aur Sharab,indian,40.7795249,-73.9833358,West 72nd Street,https://kebabaursharab.com
node,13973107137,Maaser Okakase,sushi,40.7331627,-74.004003,Bleecker Street,https://omakaseroombymaaser.com
node,13973360501,Gazab,indian,40.7219601,-73.9866449,Essex Street,https://www.gazabnyc.com/
node,13976267584,Fiaschetteria Pistoia,italian,40.7331443,-74.0053795,,https://fiaschetteriapistoia.com
node,13976267585,Red Paper Clip,american,40.7331156,-74.0055665,,https://www.redpaperclip.nyc
node,14000238297,Hungry Spicy,thai,40.7408543,-74.0014967,,https://hungryspicy.com/
node,14015637001,Eel Bar,,40.7181715,-73.9898145,Broome Street,https://www.eelbarnyc.com/
node,14022894232,Tria Diner,diner;bakery,40.713253,-73.9979983,,
node,14023091701,La Esquina,mexican,40.7213759,-73.9976767,Kenmare Street,https://www.esquinanyc.com/location/soho-cantina/
node,14055381273,Pho Shop,vietnamese,40.778181,-73.9801761,West 72nd Street,https://phoshopnyc.com
node,14055395236,Mikado Sushi,sushi,40.7781223,-73.980039,West 72nd Street,https://newmikadonyc.com/
node,14055679592,La Dinastia,chinese;latin,40.7782305,-73.9802918,West 72nd Street,https://www.ladinastia72.com/
node,14078845517,Revelie,brunch;sandwich;french,40.7264074,-74.0019546,,http://revelie.com/
node,14079070103,Desi Galli,indian,40.7273582,-73.9797043,Avenue B,https://desigalli.com
node,14079412801,The Handpulled Noodle,chinese,40.8099123,-73.9435182,Malcolm X Boulevard,https://www.thehandpullednoodle.com/
node,14086497097,Kasbah Grill,,40.7879619,-73.9774861,West 85th Street,
node,14095410997,Hummus Place,,40.7800623,-73.9803302,Amsterdam Avenue,https://www.hummusplace.com
node,14100373311,Tessa,,40.7814607,-73.9793101,Amsterdam Avenue,https://www.tessarestaurant.com
node,14107855667,Yaasa,african,40.7523003,-73.972371,,https://eatyaasa.com
node,14112392749,Terra Thai,thai,40.7249612,-73.9829995,East 6th Street,https://www.terrathainy.com/
node,14115637121,Post,breakfast;american,40.7224857,-73.9822588,,
node,14134189477,Corner Lounge Restaurant,,40.8088605,-73.9385709,,
node,14138024501,Crave Fishbar,,40.7551349,-73.9686906,2nd Avenue,https://cravefishbar.com/
node,14138025502,Crave Sushi Bar,,40.7551554,-73.9685872,2nd Avenue,https://cravesushibar.com/
node,14138048101,Vin Sur Vingt,french,40.755755,-73.9689695,East 51st Street,https://www.vsvwinebars.com/location/vin-sur-vingt-wine-bar-bistro-e-51st-st/
node,14138097143,L’Adresse,french,40.7455211,-73.9884942,Broadway,
node,14138097148,Oramen,sushi;ramen;japanese,40.738974,-73.9959094,6th Avenue,https://oramenchelsea.com/
node,14138363715,Cove,american,40.7285945,-74.0077329,West Houston Street,https://www.cove-nyc.com/
node,14142670689,Mary's Fish Camp,seafood,40.7382784,-74.005394,,https://www.marysfishcamp.com/
node,14142670691,Graciela,argentinian,40.7370687,-74.0015669,,https://www.gracielanyc.com/
node,14145023521,Hummus Kitchen,,40.7642983,-73.9880484,9th Avenue,
node,14158398134,Howoo,korean;barbecue,40.7463284,-73.985172,East 31st Street,
node,14159981901,KOBA Korean BBQ,korean,40.7092596,-74.0064687,William Street,http://kobakoreanbbq.com
node,14161565501,Maki a Mano,japanese;peruvian,40.7428142,-74.0069089,,
node,14170564169,Aunt Jake's,italian,40.7745384,-73.9544037,2nd Avenue,https://www.auntjakesnyc.com/
node,14178148301,Paris Sandwich Bakery Caré,,40.7187834,-73.9960734,Grand Street,
node,14181474078,Old John's Luncheonette,american,40.7751694,-73.9836481,West 67th Street,https://iloveoldjohns.com
node,14183484801,COQODAQ,,40.7401221,-73.9886544,East 22nd Street,
node,14185424001,Bite,,40.7419837,-73.9929783,West 22nd Street,
node,14185735402,Soup Spot,,40.7495127,-73.9932652,West 31st Street,
node,14190062196,Or'esh,mediterranean,40.7260535,-74.000905,West Broadway,https://www.oresh.com/
node,14190820101,Barlume,,40.7389324,-73.9896191,Broadway,
node,14191775601,White Maize,,40.7408494,-73.9996568,West 17th Street,http://whitemaizebk.com
node,14202192201,Lucky Tiger,,40.7035248,-74.0107406,,
node,14208234902,Basta,moroccan,40.7620542,-73.9910919,West 47th Street,https://bastagrill.com/
node,14208263601,Nami Nori West Village,sushi,40.7302092,-74.0032745,Carmine Street,
node,14229499709,Fushimi Times Square,japanese;sushi,40.7583524,-73.9900126,,https://fushimi.nyc/
way,62155656,Houlihan's,,39.1855231,-96.5828428,,https://www.houlihans.com/location/manhattan-houlihans/
way,65596918,Early Edition,,39.2045285,-96.6179535,Kimball Avenue,
way,104897529,Chens Chinese Restaurant,chinese,39.1903926,-96.6058048,Anderson Avenue,
way,105925958,Famous Dave's,barbecue,39.1699651,-96.6056248,Commons Place,
way,114920317,AJ's NY Pizzeria,pizza,39.1791389,-96.5604311,Poyntz Avenue,
way,118527538,Sofrito,regional,40.8273089,-73.955297,Riverside Drive,
way,131638739,Rock A Belly Deli,,39.1865034,-96.5762685,North Manhattan Avenue,https://www.rockabellydeli.com/
way,131638769,Globe Indian Food,indian,39.1863416,-96.5762341,North Manhattan Avenue,
way,136141276,McAlister's Deli,sandwich,39.1836129,-96.559332,Tuttle Creek Boulevard,
way,136141277,Olive Garden,italian,39.1861484,-96.5595857,Tuttle Creek Boulevard,
way,136812149,El Tapatio Mexican Restaurant,mexican,39.166522,-96.6023815,Stagg Hill Road,
way,136812153,Hillside Cafe,mexican,39.1670694,-96.5986244,Stagg Hill Road,
way,139491108,Early Edition,breakfast,39.1739309,-96.5623391,South 4th Street,
way,155110884,LongHorn Stakehouse,steak,39.1842328,-96.5593019,Tuttle Creek Boulevard,
way,155236843,IHOP,breakfast;pancake,39.1904333,-96.5593499,Goodfood Place,
way,155236847,Pizza Hut,pizza,39.1900167,-96.5578021,Hostetler Drive,https://locations.pizzahut.com/ks/manhattan/1005-hostetler-drive
way,168353294,Carlos O'Kelly's,mexican,39.1842169,-96.5566156,Tuttle Creek Boulevard,
way,168658668,Cox Bros. BBQ,barbecue,39.1899943,-96.5559995,McCall Road,
way,193958096,,,52.7597152,15.2666183,,
way,247862527,Gen Korean BBQ House,korean;barbecue,40.733182,-73.9875466,East 14th Street,https://www.genkoreanbbq.com/
way,247865132,Pi Bakerie,greek,40.7236472,-74.003243,Broome Street,https://pibakerie.com
way,248142897,EastSide Story,kebab,40.7284786,-73.9831928,East 10th Street,
way,248144059,Black Door,bar,40.7454841,-73.9925164,West 26th Street,https://blackdoornyc.com/
way,248159971,The Kati Roll Company,indian,40.7296514,-74.0010795,Mac Dougal Street,
way,248757328,Sushi On Jones,sushi,40.7217454,-73.9903154,Eldridge Street,https://www.sushionjones.com/location/sushi-on-jones-les/
way,248771057,Odd Sister,pizza;burger;pancake,40.7216775,-74.0014104,Mercer Street,https://oddsisternyc.com
way,248773603,ABC Kitchen,,40.7379073,-73.9894927,East 18th Street,
way,249657332,The House,american,40.7361486,-73.9877114,East 17th Street,http://hospitalityholdings.com/#/establishments/the_house
way,249664994,,,40.7288293,-74.0048708,Downing Street,
way,249665508,Top Thai 55 Carmine,,40.7299664,-74.0042295,Carmine Street,https://www.topthaivintage.com/
way,249666367,Kish Kash,,40.7314092,-74.0069836,Hudson Street,
way,250267944,Corima,,40.7146788,-73.9931153,Allen Street,corimanyc.com
way,250268196,Reception Bar,,40.7163474,-73.9913466,Orchard Street,
way,250490408,Mēdüzā Mediterrania,,40.7396721,-74.0055895,Hudson Street,https://www.meduza33.com
way,264638572,Petite Abeille,belgian,40.7386662,-73.994496,West 17th Street,
way,264644249,Wisefish Poke,,40.7427981,-73.9996766,West 19th Street,
way,265042463,on,korean,40.7450748,-73.9852647,Madison Avenue,https://www.onnewyork.net/
way,265277039,Avenida,mexican,40.7518247,-73.9931986,Pennsylvania Plaza,
way,265282545,Farida,uzbek;kazakh,40.7556154,-73.9942678,9th Avenue,https://www.farida.us
way,265329530,Lucky's Famous Burger,burger,40.7644563,-73.9876823,West 52nd Street,
way,265357847,P.D. O'Hurley's,,40.7630922,-74.0006322,12th Avenue,http://www.pier84nyc.com/
way,265869510,The Capital Grille,,40.7512722,-73.9749279,East 42nd Street,https://www.thecapitalgrille.com/
way,266149322,Mapo Asian Restaurant & Bar,asian,40.7592353,-73.9879969,8th Avenue,https://www.maponewyork.com/
way,266149332,Sardi's,,40.7577618,-73.9876108,West 44th Street,https://www.sardis.com/
way,266170542,Dervish,mediterranean,40.7585629,-73.9836775,West 47th Street,https://www.dervishrestaurant.com/
way,266170669,Wu Liang Ye,chinese,40.7577997,-73.9799504,West 48th Street,http://www.wu-liang-ye.com/
way,266170759,Amor Loco,mexican,40.7578443,-73.9839258,West 46th Street,
way,266206759,Ravagh Persian Grill,persian,40.7618581,-73.9606433,1st Avenue,
way,266206761,Sushi Seki,japanese;sushi,40.7619695,-73.9605921,1st Avenue,
way,266875353,The East Wing,,40.7710267,-73.9560688,East 76th Street,
way,271219053,Lechonera Tropical & Grill,caribbean;puerto_rican;latin_american,40.789723,-73.9466072,East 103rd Street,
way,271291107,Double Dutch Espresso,coffee_shop,40.8058403,-73.9539949,Frederick Douglass Boulevard,
way,271291111,Patisserie Des Ambassades,,40.8060811,-73.95382,Frederick Douglass Boulevard,
way,271798850,Red Rooster Harlem,southern,40.8079659,-73.9449106,Lenox Avenue,https://www.redroosterharlem.com/
way,271808028,,,40.8087322,-73.9452922,,
way,271810345,African and American Best Food,,40.8110714,-73.9425988,Malcolm X Boulevard,
way,275114025,,,40.862187,-73.9254495,Dyckman Street,
way,277890497,Lilly O'Briens,irish,40.7146752,-74.0102341,Murray Street,https://www.lillyobriensbar.com/
way,277890498,Mulberry & Vine,american,40.7149828,-74.0102093,Warren Street,https://www.mulberryandvine.com/
way,278053568,Battery Gardens,,40.7013567,-74.0150152,Battery Place,http://www.batterygardens.com/restaurant.html
way,278053575,Adrienne's Pizza Bar,pizza,40.7042869,-74.0101223,Stone Street,https://stonestreettavernnyc.com/
way,278053589,Fraunces Tavern,american,40.7033713,-74.0113183,Pearl Street,https://frauncestavern.com/
way,278076364,Pearl Diner,diner,40.7069106,-74.0062478,Pearl Street,
way,278084746,Fish Market,,40.7071775,-74.0019244,South Street,
way,278106006,Ping's Seafood,chinese,40.7144395,-73.9985238,Mott Street,
way,278241777,Good Good Taste,chinese,40.7133917,-73.9947576,Market Street,
way,285900672,The Bonnefont,,40.8607653,-73.9327596,Margaret Corbin Drive,
way,319773435,Wafels & Dinges,dessert,40.7505003,-73.9876084,West 35th Street,https://dinges.nyc/
way,337839343,Ulysses',,40.7043845,-74.0100085,Pearl Street,https://www.ulyssesnyc.com/home
way,338690603,The Manhattan Saloon,steak_house;burger;regional,45.8570232,-111.3345259,West Main Street,
way,362493652,Chili's,tex-mex,39.1780824,-96.5560412,,
way,362684493,Antojitos El Sol,mexican,39.1900359,-96.5605169,North 3rd Street,
way,417593856,Green Kitchen,,40.7674303,-73.9596352,2nd Avenue,
way,439967662,Baan Thai,,39.1745078,-96.5835901,Fort Riley Boulevard,http://www.baanthaikansas.com
way,473560431,CIPRIANI,,40.7528722,-73.9775916,,
way,561131056,Pizza Ranch,pizza,39.1901239,-96.5509736,McCall Road,
way,572891476,Old Chicago,pizza,39.2040859,-96.6341434,Clock Tower Place,https://oldchicago.com/locations/us/ks/manhattan/2001-clocktower-place/
way,591988954,Dave & Buster's,american,40.7565216,-73.9886418,West 42nd Street,https://www.daveandbusters.com/locations/new-york-city-times-square
way,591988959,Applebee's,american,40.7565781,-73.9887779,West 42nd Street,https://restaurants.applebees.com/en-us/ny/new-york/234-w.-42nd-st.-95017
way,610883015,Mi Tierra,mexican,39.185902,-96.5728657,North 11th Street,
way,664941293,La Voglia,italian,40.7826935,-73.9508361,3rd Avenue,https://lavoglianyc.com/
way,702073749,LOR Porch at Bryant Park,american,40.7538162,-73.9843174,West 40th Street,https://lorporchatbryantpark.com/
way,923404957,G&J's Pizzeria,pizza,40.790323,-73.9460793,East 104th Street,https://www.gandjspizzerianymenu.com
way,975290221,Beckett's Bar and Grill,,40.7041312,-74.0103395,Pearl Street,http://www.beckettsnyc.com/
way,975290222,Route 66 Smokehouse,american;barbecue,40.7040832,-74.0104091,Pearl Street,https://www.route66smokehouse.com/
way,975290223,Mad Dog and Beans,mexican,40.704177,-74.0102739,Pearl Street,https://www.maddogandbeans.com/
way,996903168,Luke's Lobster,seafood,40.7747138,-73.9545294,East 81st Street,https://lukeslobster.com/pages/upper-east-side
way,1037001758,Silvana,middle_eastern,40.8044313,-73.9559025,West 116th Street,silvana-nyc.com
way,1050103444,Pizza Hut,pizza,39.2041761,-96.6187453,Kimball Avenue,https://locations.pizzahut.com/ks/manhattan/3268-kimball-ave
way,1133828482,Weranda Bistro Grill&Coffee,,52.7593562,15.2594151,,
way,1187968991,Industry Kitchen,eclectic;pizza,40.704921,-74.0048741,South Street,https://industry-kitchen.com/
way,1187969031,Cobble Fish,seafood,40.7051819,-74.0024557,South Street,https://www.cobblefish.net/
way,1324830033,Świat Pierogów,polish,52.7620538,15.2778394,,
way,1369926263,Na Lato,,52.7593108,15.2615155,Kombatantów,
way,1389435544,Threes Brewing,,40.6904697,-74.0196667,,
way,1530254762,Brown Sugar Bar and Restaurant,cuban,40.8698643,-73.9154155,Broadway,https://brownsugaruptown.business.site/
relation,3698871,Loeb Boathouse,,40.7753271,-73.9687665,,https://www.thecentralparkboathouse.com/
relation,7459068,Tavern on the Green,american,40.7721945,-73.9775654,,https://www.tavernonthegreen.com/
