osm_type,osm_id,name,amenity,cuisine,latitude,longitude
node,349323821,Five Guys,fast_food,burger,40.7625151,-73.9766897
node,357620442,Sam Sunny,restaurant,korean,40.7415576,-73.9784628
node,368043598,Stonewall Inn,bar,,40.7338163,-74.0021613
node,368043718,Moono,restaurant,korean,40.7463679,-73.9833563
node,380044344,Pedro's,restaurant,mexican,40.7025302,-73.9865515
node,410235438,Trudy's Ice Cream,restaurant,dessert,40.8003773,-73.9618056
node,419359956,Bubo,restaurant,mediterranean;american,40.7460362,-73.9776676
node,419359995,Little Alley,restaurant,chinese;shanghai,40.7473845,-73.9771526
node,419362699,The Musket Room,restaurant,continental;eclectic,40.7239188,-73.9937813
node,419366609,Craft + Carry,bar,,40.7435637,-73.9799217
node,419367357,Nha Trang One,restaurant,vietnamese,40.7167899,-73.9996711
node,419367529,787 Coffee,cafe,coffee_shop,40.810011,-73.9431823
node,419367625,Mi,restaurant,chinese,40.7461325,-73.9775916
node,484078905,Barcade,bar,,40.7120257,-73.951117
node,524691386,Mugs Ale House,restaurant,,40.7194991,-73.9557619
node,560636265,Starbucks,cafe,coffee_shop,40.7032771,-74.0141339
node,561239802,Cafe Delecctica,cafe,coffee_shop;sandwich,40.7481687,-73.9766084
node,566313758,The Inwood Farm,restaurant,american,40.8727992,-73.918421
node,566316071,Garden Café,restaurant,,40.8681188,-73.9204207
node,570912397,Le Monde,restaurant,french;loire_valley,40.8057782,-73.9658657
node,584120700,Café au bon gout,fast_food,,40.7458981,-73.986688
node,617740843,The Richardson,bar,,40.7189211,-73.9452678
node,617740844,Carmine's Pizzeria,restaurant,pizza,40.714968,-73.9443016
node,617740846,El Loco Burrito,restaurant,mexican,40.7148102,-73.9445968
node,617740847,Tony's Pizza,restaurant,pizza,40.7150542,-73.9446372
node,617740848,Dunkin',fast_food,donut;coffee_shop,40.7147639,-73.9442508
node,617741150,East Met West,restaurant,chinese,40.714447,-73.9439212
node,617741196,Sol Et Soleil,restaurant,,40.7143441,-73.9420637
node,622228254,McDonald's,fast_food,burger,40.7220373,-73.9404458
node,626013381,Sweetgreen,fast_food,salad,40.8073542,-73.9647166
node,643414350,Hard Rock Cafe,restaurant,american,40.756994,-73.9865512
node,661889865,Carbone,restaurant,,40.7554192,-73.9930152
node,662433328,Freemans,restaurant,american,40.7219891,-73.9924423
node,662435489,Aurora,restaurant,italian,40.7156935,-73.9647329
node,662894338,Best Bagel & Coffee,cafe,bagel,40.7522171,-73.9911323
node,663070723,Toasties,cafe,sandwich,40.757084,-73.977893
node,663104998,Tick Tock Diner,restaurant,diner,40.7524435,-73.9935503
node,663354158,Giovanni,restaurant,italian,40.779131,-73.960536
node,663355907,City Market Cafe,cafe,,40.7786106,-73.9606629
node,663387602,Taco Bell Cantina,fast_food,tex-mex,40.7529683,-73.9926431
node,671071295,2 Bros. Pizza,fast_food,pizza,40.7569564,-73.9934438
node,672800424,9th St Espresso,cafe,,40.725087,-73.9777631
node,676297449,Nicky's Unisex,bar,,40.7122799,-73.9643956
node,732372474,Vinegar Hill House,restaurant,american,40.7027578,-73.9812369
node,741028175,Chipotle,fast_food,mexican,40.7440278,-73.9234372
node,746176794,Starbucks,cafe,coffee_shop,40.7938416,-73.9727702
node,763650163,Junior's,restaurant,,40.7582151,-73.9866267
node,763652153,S&P Sandwich Shop,fast_food,sandwich,40.7411174,-73.9901665
node,765800358,Diner,restaurant,american,40.7106766,-73.9655977
node,835414667,Niko Coffee,cafe,,40.8052757,-73.9624308
node,870315949,Fuji East Restaurant,restaurant,japanese,40.7590731,-73.9522681
node,870316544,Piccolo Trattoria,fast_food,pizza;italian,40.7592113,-73.9525792
node,870317225,Starbucks,cafe,coffee_shop,40.7593049,-73.952923
node,879680036,Standings,bar,,40.7282929,-73.9885805
node,883181314,Starbucks,cafe,coffee_shop,40.7491,-73.983903
node,883234965,Chipotle,fast_food,mexican,40.7484288,-73.9850334
node,883235940,Starbucks,cafe,coffee_shop,40.7481846,-73.985687
node,883337398,Ristorante Settepani,restaurant,italian,40.8043628,-73.9476425
node,886175538,Think Coffee,cafe,coffee_shop,40.7254073,-73.9923897
node,886682281,Le Basket,fast_food,deli,40.7279757,-73.994851
node,886702490,Starbucks,cafe,coffee_shop,40.7272065,-73.9954808
node,887596760,Burger King,fast_food,burger,40.7096762,-74.011915
node,888955052,Juliette Restaurant,restaurant,,40.7169692,-73.9591105
node,888963055,miDmuS,restaurant,,40.717029,-73.95921
node,888968071,Ako,restaurant,japanese,40.7169209,-73.9585388
node,888984017,Doughnut Plant,cafe,donut,40.7174274,-73.9583326
node,889022239,Pressed Juicery,fast_food,juice,40.7175325,-73.9574611
node,889080115,Twin Cafe,cafe,,40.7149297,-74.0110479
node,889083044,Kaffe 1668,cafe,,40.7151714,-74.0110643
node,889261891,Pick-a-Bagel,cafe,bagel,40.7145898,-74.0151484
node,889469733,Le Pain Quotidien,cafe,coffee_shop,40.7149567,-74.0094239
node,889472802,Starbucks,cafe,coffee_shop,40.715522,-74.008983
node,889485115,McDonald's,fast_food,burger,40.7162978,-74.0106665
node,896465603,Rockmeisha Izakaya,restaurant,,40.7326428,-74.002464
node,896469827,Annisa,restaurant,,40.7326055,-74.0025709
node,910822719,Chipotle,fast_food,mexican,40.7067224,-74.0069799
node,931799204,John's of Bleecker Street,restaurant,pizza,40.7316098,-74.0033416
node,931799207,Joe's Pizza,restaurant,pizza,40.7305467,-74.0020629
node,981399335,Momo Sushi,restaurant,japanese,40.7051487,-73.9333751
node,999961211,Hummus Place,restaurant,,40.7322601,-74.0033462
node,1002880708,Lombardi's Pizza,restaurant,pizza,40.7215933,-73.9956147
node,1020359759,Le Pain Quotidien,cafe,coffee_shop,40.780542,-73.954568
node,1028101219,Citrico Cafe & Agaveria Bar,cafe,,40.7579727,-73.9232898
node,1112477518,Mộc Mạc,restaurant,vietnamese,40.7266326,-73.9893341
node,1119244578,Tom's Restaurant,restaurant,diner,40.8054509,-73.9654163
node,1133825371,Counting Room,bar,,40.7209114,-73.9569205
node,1213707742,Urban Rustic,restaurant,,40.719235,-73.9528162
node,1227678751,The River Café,restaurant,new_american,40.7037562,-73.994822
node,1240483946,Bill's Townhouse,restaurant,american,40.7601706,-73.9730036
node,1240901204,Dancing Crane Cafe,cafe,,40.7671831,-73.9720578
node,1270769394,Punjabi Deli & Grocery,fast_food,indian,40.7226466,-73.986706
node,1290043792,The Grill,restaurant,new_american,40.7580948,-73.9720223
node,1292790745,Starbucks,cafe,coffee_shop,40.7504996,-73.9791604
node,1292794352,Pret A Manger,fast_food,sandwich,40.7506137,-73.9784255
node,1293173596,Marchi's,restaurant,italian,40.7431603,-73.9775799
node,1297282199,Chipotle,fast_food,mexican,40.7453541,-73.9828231
node,1297282225,Pret A Manger,fast_food,sandwich,40.7462142,-73.9822961
node,1297282239,Dunkin',fast_food,donut;coffee_shop,40.7448937,-73.9826174
node,1297282272,Amelia's,restaurant,american,40.7449757,-73.9831065
node,1297282287,Lenwich,fast_food,sandwich,40.7450177,-73.9826248
node,1297657485,Dunkin',fast_food,donut;coffee_shop,40.7511441,-73.9972215
node,1346386984,Smith & Wollensky,restaurant,steak_house,40.7552548,-73.9709515
node,1362703566,Clinton St. Baking Company,restaurant,,40.7211788,-73.9838832
node,1377430469,McDonald's,fast_food,burger,40.8063321,-73.9256662
node,1379410005,Stromboli Pizza,restaurant,pizza,40.7277727,-73.985401
node,1383909209,Chipotle,fast_food,mexican,40.7660008,-73.9828817
node,1383909693,Le Pain Quotidien,cafe,coffee_shop,40.767389,-73.9814374
node,1383914860,The Breslin,restaurant,gastropub,40.7456818,-73.9881244
node,1383917378,Dunkin',fast_food,donut;coffee_shop,40.7671142,-73.9833679
node,1383927735,Blue Ribbon Sushi Bar & Grill,restaurant,,40.7675881,-73.9831167
node,1383928351,Sushi Damo,restaurant,japanese,40.7677295,-73.9834926
node,1383935410,Starbucks,cafe,coffee_shop,40.7675105,-73.9829426
node,1383942697,Starbucks,cafe,coffee_shop,40.7676336,-73.9812871
node,1383954690,Starbucks,cafe,coffee_shop,40.7649496,-73.979109
node,1383955011,fresh & co,fast_food,salad,40.7654404,-73.9803003
node,1383955419,USA Brooklyn Delicatessen,restaurant,sandwich; pizza,40.7653848,-73.980359
node,1383955759,Carnegie Diner & Cafe,restaurant,burger;sandwich;coffee_shop;ice_cream;american;pancake,40.765737,-73.9801162
node,1383956543,Brooklyn Diner,restaurant,diner,40.7656073,-73.9808744
node,1396581104,Hoy Wong Restaurant,restaurant,,40.7166141,-73.998003
node,1416478552,Murray Hill Diner,restaurant,diner,40.7459042,-73.9803026
node,1422520991,Bakeri,cafe,,40.7200059,-73.9600762
node,1426190404,McDonald's,fast_food,burger,40.7514749,-73.9804635
node,1426215370,Fresh Kitchen,fast_food,sandwich;breakfast;salad,40.7509562,-73.9804514
node,1426250385,Starbucks,cafe,coffee_shop,40.7566623,-73.9858678
node,1426311638,Red Lobster,restaurant,seafood,40.7556031,-73.987571
node,1427212436,Madison & Vine,restaurant,,40.75218,-73.9795023
node,1427212491,Pera,restaurant,mediterranean,40.7523353,-73.9793753
node,1427233358,LA Fonda Del Sol,restaurant,,40.7532708,-73.9773865
node,1427265072,ammos estiatorio,restaurant,greek,40.7542362,-73.977239
node,1427265079,The Beer Bar Cafe Centro,cafe,,40.7539377,-73.9768745
node,1427265080,Blake & Todd,fast_food,,40.7543276,-73.9772122
node,1427265082,Starbucks,cafe,coffee_shop,40.7543596,-73.9763714
node,1427265083,The Capital Grille,restaurant,,40.7538356,-73.9761648
node,1427273332,Starbucks,cafe,coffee_shop,40.7529578,-73.9752216
node,1427273368,Maman,cafe,breakfast;sandwich;chicken;coffee_shop,40.7523179,-73.9738176
node,1427273513,Pret A Manger,fast_food,sandwich,40.7524627,-73.9751098
node,1427285902,Starbucks,cafe,coffee_shop,40.7520527,-73.9759313
node,1427285993,Pret A Manger,fast_food,sandwich,40.7509775,-73.9767577
node,1427286041,Delmonico Gourmet Market,fast_food,,40.7508482,-73.9762726
node,1427286079,Zucker's Bagels & Smoked Fish,cafe,bagel;sandwich,40.750611,-73.9768239
node,1427286096,Previti pizza,fast_food,pizza,40.7510468,-73.9769024
node,1427286257,Central Cafe,cafe,,40.7519302,-73.978195
node,1427499765,Vivibowl,fast_food,,40.7519234,-73.9797222
node,1427499791,The Heavenly Burger,restaurant,burger,40.7517125,-73.9799108
node,1427499828,DIG,fast_food,,40.7517125,-73.9803061
node,1427499831,Chipotle,fast_food,mexican,40.7511837,-73.9806977
node,1428036328,Andaz,cafe,,40.7528897,-73.9811056
node,1428036492,Connolly's,restaurant,,40.7561557,-73.9776613
node,1428036650,Wafels and Dinges,cafe,,40.7545385,-73.9840441
node,1428185702,Subway,fast_food,sandwich,40.7467357,-73.9839912
node,1428185705,Mama Mezze,restaurant,mediterranean,40.7432333,-73.9892796
node,1428185707,Broadway Cafe,cafe,,40.7433913,-73.9892649
node,1428427548,Starbucks,cafe,coffee_shop,40.7538901,-73.9787699
node,1428427554,Starbucks,cafe,coffee_shop,40.7570782,-73.9759556
node,1428427555,Pret A Manger,fast_food,sandwich,40.7569369,-73.9760656
node,1428427562,Black Fox Coffee,cafe,coffee_shop,40.7614213,-73.9738724
node,1487407044,L'Ecole Restaurant,restaurant,french,40.7208901,-74.0003925
node,1487441071,Buddakan,restaurant,asian,40.7421638,-74.0048429
node,1487449793,Tony's,restaurant,italian,40.7563915,-73.9854253
node,1487472478,Capital Grille at Time-Life,restaurant,,40.7607113,-73.9807687
node,1487569052,Le Parker Meridien Burger,restaurant,burger,40.7640653,-73.9782577
node,1493005667,Balade,restaurant,lebanese,40.7302946,-73.9831042
node,1497326724,Russian Tea Room,restaurant,russian,40.7650339,-73.9793005
node,1568008206,Market Diner,restaurant,burger,40.7615758,-73.9973446
node,1584932886,El Parador Café,cafe,,40.7444662,-73.9747193
node,1584932953,Starbucks,cafe,coffee_shop,40.7436871,-73.9769314
node,1666263415,Endless Summer,fast_food,mexican,40.7154566,-73.9602181
node,1666603088,Starbucks,cafe,coffee_shop,40.80593,-73.9545289
node,1667358508,,restaurant,,40.8072019,-73.9535984
node,1667359770,Chocolat Restaurant Lounge,restaurant,american;brunch,40.8069537,-73.9537487
node,1667402832,The Fox,restaurant,,40.8068012,-73.9534135
node,1667407727,Subway,fast_food,sandwich,40.8048764,-73.955334
node,1667412535,Melba's,restaurant,,40.8030944,-73.95657
node,1667418892,Cedric,restaurant,french,40.8061352,-73.9530327
node,1667419712,Billie's Black Bar & Lounge,restaurant,american,40.8062286,-73.9532312
node,1683222646,Café Triskell,restaurant,french,40.7556257,-73.9280317
node,1683399834,Bar Bianchi,restaurant,italian,40.7225091,-73.9862947
node,1691452282,Little Ruby’s Cafe,restaurant,,40.7340693,-74.0027914
node,1706037451,Forty Four,bar,,40.7555936,-73.982172
node,1706038616,Gregory Coffee,cafe,,40.7557338,-73.9824831
node,1707825812,Uncle Jack's,restaurant,steak_house,40.7537214,-73.995808
node,1707825813,Sergimmo Slumeria,restaurant,italian,40.7542567,-73.9954338
node,1707825815,Zoob Zib Thai Authentic Noodle Bar,restaurant,thai,40.7543769,-73.9953394
node,1707825816,Skylight Diner,restaurant,american;burger;soup;salad;omelette;sandwich;breakfast,40.7533878,-73.9967808
node,1707825817,Hudson Station Bar and Grill,restaurant,pub;american,40.753864,-73.9956804
node,1707825820,Golden City,restaurant,asian,40.7532964,-73.9966423
node,1707825822,Sushi Star,cafe,sushi;japanese,40.7544373,-73.9953011
node,1707825823,Starstruck Coffee,cafe,coffee_shop,40.754189,-73.9954886
node,1707825824,Twins,bar,,40.7531379,-73.9967415
node,1707825826,Subway,fast_food,sandwich,40.7533686,-73.9958361
node,1708721821,Albatross Bar,bar,,40.7701858,-73.9121836
node,1714427541,Shmoné,restaurant,israeli,40.7335075,-73.9990673
node,1737296859,Sweet Love Snack Bar,cafe,,40.7202016,-74.0139829
node,1740694091,McDonald's,fast_food,burger,40.7587753,-73.98472
node,1740694092,McDonald's,fast_food,burger,40.762234,-73.98375
node,1740707014,McDonald's,fast_food,burger,40.8122296,-73.9418363
node,1740824586,Cinco de Mayo,fast_food,mexican,40.7516663,-73.9742396
node,1741221041,Grimaldi's Pizzeria,restaurant,pizza,40.7025856,-73.993235
node,1748991484,Chu Ros Thai,restaurant,thai,40.7892539,-73.9486313
node,1748991489,Burritos y Mas,restaurant,,40.7887862,-73.948637
node,1749011035,Quechua Nostra,restaurant,peruvian,40.7905956,-73.9476505
node,1749011039,El Aguila,restaurant,mexican,40.7905186,-73.9477162
node,1749011050,Dunkin',fast_food,donut;coffee_shop,40.7903432,-73.9475023
node,1749011095,The Lexington Social,restaurant,mediterranean;tapas,40.7906645,-73.9476244
node,1749011119,Caribbean Fiesta,restaurant,,40.7927227,-73.9503373
node,1749011123,Bawarchi Indian Cuisine,restaurant,,40.7927565,-73.9503189
node,1749011125,King Dragon,fast_food,chinese,40.7928147,-73.95028
node,1749011169,Blimpie,fast_food,sandwich,40.7925668,-73.95085
node,1749016144,Jalapeño Deli,fast_food,mexican,40.7899881,-73.9477583
node,1753205377,The Lambs Club,restaurant,,40.756616,-73.9845926
node,1754412984,Think Coffee,cafe,coffee_shop,40.733002,-73.9897704
node,1754975219,Ave Coffee House,cafe,,40.7420998,-73.9196581
node,1754976593,Lenny's Pizza,fast_food,,40.7414433,-73.9204708
node,1758217485,The Playwright,restaurant,,40.7604723,-73.9840506
node,1765445839,Skinny's Cantina,restaurant,mexican,40.7456176,-73.9567972
node,1767273825,Tutt Café,cafe,mediterranean,40.7002323,-73.9933602
node,1802297281,Shake Shack,fast_food,burger,40.8079748,-73.9642844
node,1802885415,Starbucks,cafe,coffee_shop,40.7562302,-73.9750931
node,1809517488,Dunkin',fast_food,donut;coffee_shop,40.792438,-73.9681388
node,1810737591,Baya Bar,fast_food,juice,40.7939238,-73.9664969
node,1810737606,Famous Famiglia,fast_food,pizza,40.793996,-73.9706474
node,1810737611,Starbucks,cafe,coffee_shop,40.7952322,-73.9655391
node,1810737612,Subway,fast_food,sandwich,40.7929104,-73.9726982
node,1821015958,Broad Nosh Bagel,cafe,,40.7879675,-73.9764443
node,1821015959,City Diner,restaurant,diner,40.7910471,-73.9747641
node,1821015964,Ollie's To Go,fast_food,,40.7904984,-73.9751753
node,1821015965,The Crossbar,cafe,coffee_shop,40.7883801,-73.977098
node,1821015975,5 Napkin Burger,restaurant,burger,40.7870645,-73.9779334
node,1825739830,Ayza Wine & Chocolate Bar,restaurant,,40.7297052,-74.0048523
node,1825739845,Starbucks,cafe,coffee_shop,40.739372,-74.002526
node,1825739861,Trattoria Spaghetto,restaurant,italian,40.730184,-74.0025384
node,1825848790,Kesari,restaurant,indian,40.7993268,-73.9687523
node,1825848800,Manhattan Valley,restaurant,indian,40.7970144,-73.969726
node,1825848802,Metro Diner,restaurant,diner,40.7974417,-73.9701456
node,1825848804,Just Pho You,restaurant,vietnamese,40.7975736,-73.9693077
node,1825848808,Chipotle,fast_food,mexican,40.7953444,-73.9716544
node,1827772291,Wa Lung Kitchen,fast_food,chinese,40.7138887,-73.980158
node,1827781718,El Castillo De Jagua,restaurant,caribbean,40.714385,-73.9818347
node,1827781722,Alphonso's Trattoria Pizzeria,fast_food,pizza,40.7143362,-73.9816938
node,1827793441,Wing Hing,fast_food,chinese,40.7144836,-73.9821592
node,1827793448,A-1 Pizza,fast_food,pizza,40.7145456,-73.9823483
node,1827808977,Zafis Luncheonette,restaurant,diner,40.7149321,-73.9826973
node,1843430243,Sipsteria,restaurant,,40.7953407,-73.969686
node,1843430248,Malecon Restaurant,restaurant,dominican,40.7950365,-73.9699063
node,1843430256,Ozen,restaurant,asian,40.7949162,-73.9699934
node,1853451181,Think Coffee,cafe,,40.739495,-74.0029857
node,1853451182,Village Pizza,fast_food,pizza,40.7392445,-74.0031634
node,1861646903,Vin et Fleur,restaurant,french,40.7242486,-74.0033107
node,1865211623,Uro Cafe,cafe,coffee_shop,40.7224661,-73.9488216
node,1867356492,Pizza Palace,restaurant,pizza,40.8624129,-73.925052
node,1868984359,Starbucks,cafe,coffee_shop,40.7337954,-74.0064644
node,1873813840,Chipotle,fast_food,mexican,40.7595189,-73.99156
node,1873813860,5 Napkin Burger,restaurant,burger,40.7601614,-73.9911074
node,1873813883,Gallo Nero,restaurant,italian,40.7598902,-73.9917945
node,1873813912,Ollie's,restaurant,chinese,40.7588415,-73.993163
node,1873813914,Zaka Express,restaurant,,40.7582029,-73.9925408
node,1883462420,Maison Close,restaurant,,40.7232955,-74.0037222
node,1883739637,Laut,restaurant,thai,40.7375482,-73.991104
node,1884473154,Vanessa's Dumpling House,restaurant,chinese;dumpling;noodle,40.7182938,-73.9917781
node,1888172061,Shake Shack,fast_food,burger,40.7808407,-73.9765216
node,1894015859,Posh Pass NYC,bar,,40.7446199,-74.0030314
node,1899033652,McDonald's,fast_food,burger,40.7581196,-73.9889244
node,1899033653,Starbucks,cafe,coffee_shop,40.7580159,-73.9889989
node,1899033656,Shake Shack,fast_food,burger,40.7584542,-73.9891712
node,1899033658,Pasquale Jones,restaurant,italian,40.7210814,-73.9967486
node,1900975316,Starbucks,cafe,coffee_shop,40.7644259,-73.9810737
node,1906721425,Burrito Box,fast_food,mexican,40.7682759,-73.9856866
node,1907729885,Cariño,restaurant,mexican,40.712472,-73.9647679
node,1907729889,Miss Favela,restaurant,brazilian,40.7121797,-73.9662152
node,1907729890,South Port,restaurant,,40.7124975,-73.9642787
node,1913191317,Bosino,restaurant,italian,40.7987385,-73.9673316
node,1915398676,Katz's Delicatessen,restaurant,deli,40.7223431,-73.987353
node,1916532788,Mercato,restaurant,italian,40.7562465,-73.9936447
node,1917136131,Starbucks,cafe,coffee_shop,40.719348,-73.9899978
node,1919602938,La Colombe Coffee Roasters,cafe,coffee_shop,40.7235092,-73.9913293
node,1927720909,Cactus Mexican Restaurant,restaurant,mexican,40.7006444,-73.9438427
node,1934501367,Shake Shack,fast_food,burger,40.7152683,-74.0148288
node,1934502370,Blue Smoke,restaurant,american,40.7146177,-74.015376
node,1934522990,Chipotle,fast_food,mexican,40.7149834,-74.011137
node,1935662285,Banc,restaurant,american,40.7432296,-73.9797061
node,1948123002,Winnie's,bar,american,40.7630054,-73.9842388
node,1949236642,Starbucks,cafe,coffee_shop,40.8612406,-73.970363
node,1949905101,Parisienne Bakery Cafe,cafe,,40.8519524,-73.9722828
node,1950344608,Starbucks,cafe,coffee_shop,40.8130952,-73.9843469
node,1952071262,Starbucks,cafe,coffee_shop,40.8561334,-73.9654125
node,1953078671,Burger King,fast_food,burger,40.8091315,-74.0018022
node,1953078672,Dunkin' Donuts,fast_food,donut;coffee_shop,40.8087234,-74.0024379
node,1975910743,Molé,restaurant,mexican,40.7188464,-73.9635537
node,1979669269,Black Brick Coffee,cafe,,40.7141835,-73.9616239
node,1979669271,Dokébi,restaurant,,40.7142048,-73.9602838
node,1979669273,Kabob Shack,restaurant,,40.7107181,-73.9582427
node,1993216326,Nice Matin,restaurant,french,40.783395,-73.9784022
node,1994680555,Chipotle,fast_food,mexican,40.8045254,-73.9668001
node,1994680558,Famous Famiglia,fast_food,pizza,40.8048337,-73.9665577
node,1999231230,The West,cafe,sandwich,40.7117855,-73.9514399
node,1999231233,Limosneros,restaurant,mexican,40.7113992,-73.9510101
node,2011781571,Polash,restaurant,indian,40.799638,-73.9385346
node,2011782281,BlueSpoon Coffee Co,cafe,coffee_shop,40.7082349,-74.0076153
node,2011783803,Lighthouse,restaurant,,40.7108493,-73.9537084
node,2014619565,Briciola Pizza Bar,restaurant,pizza,40.7290902,-74.0034181
node,2015482687,Sonny's Corner,bar,,40.729763,-73.9574255
node,2017266260,Mama Carmela's Pizza,restaurant,pizza,40.760139,-73.9073114
node,2017268082,King's Wok,restaurant,chinese,40.7601756,-73.907416
node,2017270047,Dillinger's Bar and Grill,bar,,40.7614413,-73.9094062
node,2017271308,China Pagoda,restaurant,chinese,40.7608858,-73.9089094
node,2017643697,Anna Maria,fast_food,pizza,40.717408,-73.9580055
node,2017643713,Vinnies Pizzeria,restaurant,pizza,40.7188705,-73.9567925
node,2020487652,Möge Tee,cafe,,40.7364693,-73.9790705
node,2020724922,Whole Green,cafe,,40.7375845,-74.0001443
node,2020727865,Alice,restaurant,,40.7370855,-73.9986335
node,2033946685,Bean And Bean,cafe,,40.7072305,-74.0123877
node,2034010965,Chipotle,fast_food,mexican,40.7042039,-74.0130189
node,2034011016,Starbucks,cafe,coffee_shop,40.7043817,-74.0130472
node,2035810358,Mezze on the River,restaurant,,40.7113206,-74.0178328
node,2041169444,Starbucks,cafe,coffee_shop,40.8735418,-73.9084923
node,2045635524,CoCo Fresh Tea & Juice,cafe,bubble_tea,40.7401504,-73.984507
node,2045635528,McDonald's,fast_food,burger,40.7431278,-73.9839473
node,2045635529,Starbucks,cafe,coffee_shop,40.7405189,-73.984262
node,2047267695,Chirping Chicken,fast_food,chicken,40.7816476,-73.979174
node,2047269475,Starbucks,cafe,coffee_shop,40.7101916,-74.0079702
node,2065153935,Rincón Melania,restaurant,ecuadorian,40.74475,-73.929014
node,2065172290,Tangra Asian Fusion,restaurant,asian,40.744228,-73.924884
node,2065455029,Starbucks,cafe,coffee_shop,40.722517,-73.997904
node,2065685392,Philomena's Pizza,restaurant,pizza,40.7433564,-73.9229731
node,2065782753,Dunkin',fast_food,donut;coffee_shop,40.760926,-73.922786
node,2065796583,Hei Tiki,restaurant,sushi,40.760433,-73.922418
node,2066808156,Brooklyn Bagel,cafe,bagel,40.760478,-73.9218592
node,2067404600,McDonald's,fast_food,burger,40.760611,-73.9261864
node,2070049365,Taco Tumba,restaurant,,40.763681,-73.915422
node,2070982507,P.J. Clarke's,restaurant,american,40.7137763,-74.0161159
node,2070984265,Mamajuana Cafe,restaurant,,40.8664492,-73.9280511
node,2077086317,Mermaid Inn,restaurant,seafood,40.7797955,-73.9768031
node,2081537413,Bonchon Chicken,restaurant,chicken;korean;sushi,40.7474363,-73.9850203
node,2081539634,LOVE Korean BBQ,restaurant,chicken;korean,40.7471688,-73.9852137
node,2089444284,Pappardella,restaurant,italian,40.7793384,-73.9776644
node,2089444285,The Smith,restaurant,american,40.7716005,-73.9818679
node,2091641953,Cafe Amrita,cafe,,40.8010232,-73.9587555
node,2091642033,Trattoria iL Gusto,restaurant,italian,40.7892574,-73.9698327
node,2091642198,Prestige Cafe & Market,cafe,,40.7886199,-73.9708773
node,2108080657,Dunkin',fast_food,donut;coffee_shop,40.7989349,-73.9670565
node,2108362680,Saba's Pizza,restaurant,pizza,40.7832708,-73.9779816
node,2109918801,Bite,cafe,sandwich,40.725584,-73.9947398
node,2111692823,Dunkin',fast_food,donut;coffee_shop,40.7922751,-73.9714131
node,2111692827,Kouzan,restaurant,japanese,40.7921778,-73.9714835
node,2113159210,Spice,restaurant,thai,40.7842712,-73.9772503
node,2113159212,WAU,restaurant,malaysian,40.7844415,-73.9776143
node,2113999261,Terri,fast_food,,40.7426147,-73.9925851
node,2114001662,Outback Steakhouse,restaurant,american;steak,40.742262,-73.991796
node,2123472747,Ear Inn,bar,,40.7259033,-74.0094874
node,2125873482,Rudraks,restaurant,indian,40.7930225,-73.9713526
node,2125873487,Kam Lai 94,fast_food,chinese,40.7930719,-73.9713206
node,2125873488,Pio Pio,restaurant,peruvian,40.7929325,-73.97142
node,2125873489,Jing Fong Restaurant,restaurant,,40.7827246,-73.9789347
node,2129919007,Dunkin',fast_food,donut;coffee_shop,40.7874464,-73.9749495
node,2131698464,Pig & Khao,restaurant,filipino,40.7841916,-73.9773072
node,2131791182,Bohemian Spirit Restaurant,restaurant,czech;brunch,40.769058,-73.9565904
node,2134025590,Del Frisco's Double Eagle Steakhouse,restaurant,steak_house,40.7593243,-73.9816604
node,2142758742,Barfly,bar,pub,40.7371351,-73.9846154
node,2143413375,Chipotle,fast_food,mexican,40.778899,-73.9811844
node,2143413378,Gray's Papaya,fast_food,sausage,40.7783771,-73.9815748
node,2159537771,River Palm Terrace,restaurant,steak_house,40.8426844,-73.9687863
node,2176936529,KD 46,fast_food,,40.7562938,-73.9799651
node,2178336350,Pause Cafe,cafe,moroccan;coffee;breakfast;brunch,40.7212256,-73.984094
node,2178443636,Parkside Lounge,restaurant,,40.7210809,-73.9832025
node,2178743034,Starbucks,cafe,coffee_shop,40.757236,-73.9891169
node,2183010450,Bobby Van's,restaurant,,40.7061255,-74.0110467
node,2183010451,Bombay Cuisine,restaurant,indian,40.7034829,-74.011087
node,2183010453,77 Burger,fast_food,burger,40.7041371,-74.0105616
node,2183010456,Oxford Cafe,cafe,,40.704162,-74.0117227
node,2183010458,Joe & The Juice,cafe,coffee_shop,40.7059471,-74.0116452
node,2183010462,787 Coffee,cafe,coffee_shop,40.7035248,-74.0108884
node,2183010463,Giardino D'Oro,restaurant,italian,40.7074557,-74.0072562
node,2183010464,Golden Chopsticks,fast_food,chinese,40.7040673,-74.01052
node,2183010470,Just Salad,fast_food,salad,40.7068901,-74.0071699
node,2183010472,Springbone Kitchen,cafe,health_food,40.7037137,-74.0104781
node,2183010480,Justino's Pizzaria,fast_food,pizza,40.7040291,-74.0104962
node,2183010481,Potbelly,fast_food,sandwich,40.7038875,-74.0117645
node,2183010482,Potbelly,fast_food,sandwich,40.707064,-74.006986
node,2183010483,Pret A Manger,fast_food,sandwich,40.7054601,-74.011721
node,2183010484,Ruben's Empanadas,fast_food,,40.7039938,-74.0104728
node,2183010488,Starbucks,cafe,coffee_shop,40.7051728,-74.011298
node,2183010489,Chinah,restaurant,chinese,40.7069584,-74.0072664
node,2183010490,Terrace Fish & Chip,fast_food,seafood,40.7041023,-74.0105398
node,2183010491,Traditas Pizza,fast_food,pizza,40.7075612,-74.0075651
node,2183010570,Blue Ribbon Sushi Bar & Grill,restaurant,sushi,40.7079524,-74.0078296
node,2183039959,Raj's Indian Kitchen,restaurant,indian,40.7089962,-74.0090796
node,2183891964,Cipriani,restaurant,,40.7061385,-74.0093922
node,2183891969,Hanover Gourmet Deli,fast_food,,40.7050665,-74.0098062
node,2183891974,Proper Food,fast_food,american;asian,40.7057203,-74.0084586
node,2183891975,Nikoniko Sushi Bowl,restaurant,japanese,40.7055979,-74.0077325
node,2183891976,Taste of Tokyo,restaurant,japanese,40.7051087,-74.0096903
node,2183891980,Centric,restaurant,,40.7052024,-74.0080678
node,2184799443,Lobster Place,restaurant,seafood,40.7424674,-74.005715
node,2186522366,Dunkin',fast_food,donut;coffee_shop,40.706856,-74.0086819
node,2186605427,Sweetleaf,cafe,coffee_shop,40.7471411,-73.9560426
node,2186614176,Wall Street Grill,restaurant,,40.704892,-74.0085955
node,2186614177,Delmonico's,restaurant,steak_house,40.705042,-74.0102055
node,2186614181,Hale & Hearty Soup,restaurant,,40.7051928,-74.0109499
node,2186614182,Harry's,restaurant,steak_house,40.7046606,-74.0097725
node,2186614185,Joseph's Ristorante,restaurant,italian,40.7048541,-74.0095999
node,2186614186,Leo's Bagels,fast_food,bagel;breakfast;sandwich,40.7049092,-74.0097089
node,2186614188,Lenwich,restaurant,breakfast;sandwich,40.7047709,-74.0088362
node,2186614189,Leo's Bagels,fast_food,bagel,40.7048393,-74.0096654
node,2186614190,Starbucks,cafe,coffee_shop,40.7046071,-74.0091159
node,2186614191,The Original Soupman,restaurant,,40.7046731,-74.0089587
node,2186614192,Underground Pizza,fast_food,pizza,40.7049559,-74.0097378
node,2187906509,Garden Carver,restaurant,,40.7143802,-73.9606917
node,2192603894,Noods n' Chill,restaurant,thai,40.7119172,-73.9611898
node,2192615630,Simple Cafe,restaurant,,40.7124197,-73.9627821
node,2192617290,With Others,bar,,40.7127867,-73.9625174
node,2192621389,ROKA Modern Mediterranean,restaurant,mediterranean,40.711957,-73.9627446
node,2192629490,Abracadabra,restaurant,turkish,40.7120324,-73.9627025
node,2192631888,Amor y Amargo,bar,,40.7105361,-73.9583554
node,2195218437,Dim Sum Sam,fast_food,chinese,40.7924633,-73.9737697
node,2195218439,Moka & Co,cafe,coffee_shop,40.7924179,-73.9738051
node,2195218446,Village Square Pizza,restaurant,pizza,40.7923725,-73.9738366
node,2207131883,Namkeen,restaurant,pakistani;fried_chicken,40.7128479,-73.962479
node,2207265863,Randolph Bar and Restaurant,restaurant,tapas,40.7119483,-73.9634982
node,2226852197,Jean-Georges,restaurant,french,40.7689698,-73.9816665
node,2226853386,Gallo Nero,restaurant,italian,40.7598127,-73.9921572
node,2237276258,Tavern on Jane,restaurant,american,40.7382471,-74.0042816
node,2244644070,maman,restaurant,,40.7328961,-73.9934793
node,2244654779,82 Stanton,bar,,40.7216511,-73.988822
node,2244684634,Troy,bar,,40.7402557,-74.0055355
node,2244694465,bOb Bar,bar,,40.7224339,-73.9899014
node,2244743660,Apothéke,bar,,40.7143873,-73.9981634
node,2259020178,The Quays,bar,,40.7618244,-73.9109732
node,2259025798,Blackbird's,bar,,40.7634117,-73.9134101
node,2262145185,Pret A Manger,fast_food,sandwich,40.7372903,-73.990456
node,2262149832,Burgerhead,fast_food,burger,40.7293897,-73.987348
node,2262170141,1020 Bar,bar,,40.8032115,-73.963939
node,2268948482,The Drink,bar,,40.7110056,-73.9453695
node,2268953602,Eagle Trading Company,cafe,,40.734967,-73.9582704
node,2268953873,Sereneco,restaurant,,40.7300079,-73.9577527
node,2268954021,Kettl,cafe,tea,40.7296813,-73.9581821
node,2268954347,Me and Paul's,restaurant,pizza,40.7296588,-73.9584608
node,2269596294,Baggio's Pizza and Restaurant,restaurant,italian,40.8511728,-73.9708161
node,2269596295,Paris Baguette,cafe,,40.8505378,-73.970658
node,2269598166,Wok Bar,restaurant,chinese,40.8509466,-73.9699964
node,2269633321,Koa Koa,cafe,,40.8490918,-73.9709284
node,2269638542,Nova Pizza and Pasta,restaurant,italian,40.8493432,-73.9708318
node,2269643036,Starbucks,cafe,coffee_shop,40.8494284,-73.9707835
node,2270766960,Silver Pond,restaurant,chinese,40.8515321,-73.9717896
node,2273962587,Marseille,restaurant,french,40.7597501,-73.991404
node,2273968599,Westway Diner,restaurant,,40.7594365,-73.9916409
node,2273972179,Mama Mia 44SW,restaurant,italian,40.75972,-73.9919266
node,2274106842,Olive Valley,restaurant,,40.7051843,-73.9333832
node,2274110508,Swallow Cafe,cafe,coffee_shop,40.7054406,-73.9334626
node,2274143303,Shinobi Ramen,restaurant,,40.7056811,-73.9322419
node,2274560109,Destefano's Pub,bar,,40.8162456,-73.9906916
node,2275469171,Bar Americano,bar,,40.7314241,-73.9576915
node,2275470587,Shanghai Lee,restaurant,chinese,40.7318079,-73.9580677
node,2275479427,Black Rabbit,bar,,40.7300909,-73.9566096
node,2275484420,Calexico,restaurant,mexican,40.724188,-73.9511746
node,2275495199,The Turkey's Nest,bar,,40.7205705,-73.9549076
node,2275557556,Bouquet,bar,,40.7354045,-73.9552629
node,2275557558,Acapulco,fast_food,mexican,40.7367051,-73.9551788
node,2275827320,Gramercy Cafe,restaurant,diner,40.759015,-73.9187469
node,2275827363,The Rabbit Hole,bar,,40.7591405,-73.9196792
node,2275835633,McDonald's,fast_food,burger,40.7594955,-73.9183791
node,2276315902,Little Armenia Cafe,cafe,,40.7341833,-73.9550701
node,2276324841,Elder Greene,restaurant,american,40.7307172,-73.957596
node,2276325688,Vamos al Tequila,restaurant,mexican,40.7307935,-73.9576081
node,2276340237,Cozinha Latina,restaurant,brazilian,40.7298686,-73.9590216
node,2276383000,Holy Burger,fast_food,burger,40.7947929,-73.9638647
node,2279017953,Luckin Coffee,cafe,coffee_shop,40.8029535,-73.9679516
node,2279017957,Fumo,restaurant,italian,40.8028091,-73.9680501
node,2279508475,Starbucks,cafe,coffee_shop,40.7308318,-73.983183
node,2279513027,Dunkin',fast_food,donut;coffee_shop,40.7321799,-73.9815945
node,2279528512,KFC,fast_food,chicken,40.7323003,-73.9852347
node,2279536009,The Laurels,restaurant,mediterranean,40.7325595,-73.9850445
node,2279542456,IHOP,restaurant,breakfast;pancake,40.732808,-73.9855592
node,2285673939,Mike´s Pizza,fast_food,pizza,40.7521845,-73.9344239
node,2287619730,Thai Terminal,restaurant,thai,40.7302647,-73.9838635
node,2287620130,Mokyo,restaurant,japanese,40.7271582,-73.9839133
node,2289643290,Dunkin Donuts,fast_food,donut;coffee_shop,40.7528636,-73.9330145
node,2294802411,Le Pain Quotidien,cafe,coffee_shop,40.7602221,-73.9750354
node,2294803403,Burger Heaven,restaurant,burger,40.7601912,-73.9749707
node,2296369157,Grace & Ruby’s,bar,,40.7210499,-73.9407121
node,2297545260,Gennaro,restaurant,italian,40.7916482,-73.9718511
node,2297753287,Mido,restaurant,japanese,40.7900622,-73.9735109
node,2297755493,French Roast,restaurant,,40.7876494,-73.9767024
node,2298854540,Poulet Sans Tête,restaurant,french,40.7894731,-73.9739492
node,2299770711,Crema,restaurant,,40.7396323,-73.996068
node,2299770712,da Umberto,restaurant,,40.7395688,-73.9959132
node,2300348734,Chote Nawab,restaurant,indian,40.7424809,-73.982394
node,2300348737,Frank's Pizza,fast_food,pizza,40.7398144,-73.9850793
node,2300348739,Haandi,restaurant,indian,40.7424095,-73.9824519
node,2300362286,Diner 24,restaurant,diner,40.7381852,-73.9833938
node,2300369399,Fred's,restaurant,,40.7856847,-73.9767189
node,2302036726,Cafe Joul,restaurant,french,40.7585693,-73.9625656
node,2302043647,Applebee's,restaurant,american,40.8743152,-73.9096457
node,2302043669,Subway,fast_food,sandwich,40.8748079,-73.9097826
node,2307164608,GiGi Cafe,cafe,,40.7468389,-73.9933857
node,2307164626,Barn Joo Nomad,restaurant,korean,40.7460666,-73.9902685
node,2307167700,Izumi,restaurant,sushi,40.7468975,-73.9922271
node,2308955289,Joe Coffee Company,cafe,coffee_shop,40.8101961,-73.9618962
node,2310498469,Marlow Bistro,restaurant,italian,40.802903,-73.9641533
node,2310498477,Starbucks,cafe,coffee_shop,40.771384,-73.9824717
node,2312065724,Carmine's,restaurant,italian,40.7911041,-73.9740198
node,2312065727,Five Guys,fast_food,burger,40.8045972,-73.9667436
node,2312065745,Dreamer’s Pizza II,fast_food,pizza,40.7881539,-73.9769967
node,2312065757,Smoke Jazz & Supper Club,restaurant,american,40.8011187,-73.9682057
node,2322155492,Hell's Kitchen,restaurant,mediterranean,40.7566987,-73.9941361
node,2328223904,The Hummus & Pita Co.,restaurant,,40.7391381,-73.9957765
node,2328279411,J's Pizza,restaurant,,40.7398784,-73.9989355
node,2332341891,Ponte's,restaurant,italian,40.723424,-74.0104811
node,2334601455,M-Thai,restaurant,thai,40.744378,-73.9988791
node,2338757145,Birch Coffee,cafe,coffee_shop,40.7932055,-73.9675462
node,2340960566,Uris Deli,cafe,,40.808949,-73.9609388
node,2340960685,Blue Java,cafe,,40.8094957,-73.9602878
node,2345795302,Good Enough To Eat,restaurant,american,40.7859964,-73.9727711
node,2348610312,El Buffet Restaurant,fast_food,mexican,40.8654567,-73.9269346
node,2348610315,McDonald's,fast_food,burger,40.8651691,-73.9275289
node,2348610318,Cañave,restaurant,,40.864409,-73.9288983
node,2351282630,Broome Street Bar,bar,,40.7231111,-74.0029527
node,2351558462,Kashmir 9,restaurant,pakistani,40.7549873,-73.9948837
node,2351558467,Bombay Tandoori,restaurant,,40.7546155,-73.9949991
node,2351576867,Five Guys,fast_food,burger,40.7525017,-73.9946509
node,2357937257,Starbucks,cafe,coffee_shop,40.7761432,-73.9502069
node,2357937268,Starbucks,cafe,coffee_shop,40.7859465,-73.9507027
node,2358048504,Capitaine,restaurant,seafood,40.7329531,-74.0076386
node,2358048506,Bagel Rx,fast_food,bagel,40.7376847,-74.0000683
node,2358048509,Joe Coffee Company,cafe,coffee_shop,40.7333179,-74.0005572
node,2358048510,North Square,restaurant,american;brunch,40.7323868,-73.9986529
node,2358048512,Starbucks,cafe,coffee_shop,40.7332121,-74.0026862
node,2358048515,Waverly Diner,restaurant,diner,40.7331105,-74.0001672
node,2366519596,Chelsea Square Restaurant,restaurant,diner,40.7462866,-74.0012226
node,2366519598,Moran's,restaurant,american,40.7452438,-74.0056781
node,2366519599,New York Burger Co,fast_food,burger,40.7474289,-74.0040709
node,2372930707,Dunkin',fast_food,donut;coffee_shop,40.7552873,-73.9946765
node,2377128136,Brooklyn Bagel & Coffee Company,cafe,coffee_shop,40.7461544,-73.9975859
node,2377128140,Jeannie's Deli,fast_food,,40.7431771,-73.9997533
node,2377128142,Chipotle,fast_food,mexican,40.7420072,-74.001146
node,2377128144,Donnatella,restaurant,pizza,40.742976,-73.9998997
node,2377128148,St Kilda Coffee,cafe,,40.7439702,-73.9997102
node,2377128149,Jungle Bird,bar,,40.742595,-74.000177
node,2377128150,Shaffer’s,restaurant,,40.7420517,-74.001097
node,2377128153,Golden Wok,fast_food,chinese,40.7439086,-73.9997496
node,2377128154,Grand Sichuan Eastern,restaurant,chinese,40.7425418,-74.0002463
node,2377128157,LOULOU,restaurant,,40.7426738,-74.0001725
node,2377128167,Joe's Pizza,fast_food,pizza,40.7439385,-73.9997311
node,2377128169,Lasagna Ristorante,restaurant,italian,40.7432349,-73.9997149
node,2377128172,Zucker's,cafe,bagel,40.7447814,-73.9985854
node,2377128174,Popeyes,fast_food,chicken,40.7450158,-73.9984148
node,2377128176,Da Andrea,restaurant,italian,40.7420719,-74.0006086
node,2377128178,Rocking Horse Cafe,restaurant,mexican,40.7429148,-73.9999442
node,2377128179,Dim Sum Chelsea,restaurant,,40.7446356,-73.9986916
node,2377128180,Starbucks,cafe,coffee_shop,40.7411054,-74.0012613
node,2377128182,Starbucks,cafe,coffee_shop,40.7451876,-73.9988416
node,2377128183,$1 Pizza,restaurant,pizza,40.7462136,-73.9975429
node,2377128186,Temerarion,restaurant,mexican,40.7434448,-73.9995835
node,2377128195,Uncle Nick's Restaurant,restaurant,greek,40.749067,-73.995471
node,2384821679,Bagel and More,cafe,bagel,40.7384873,-74.0000074
node,2384821767,Vinny’s Gluten-Free Kitchen,cafe,pizza,40.7388057,-73.9997449
node,2384821772,The Donut Pub,cafe,donut,40.7388452,-73.9998143
node,2384892234,Domino's,fast_food,pizza,40.7883024,-73.9711172
node,2384892236,The Ellington,restaurant,,40.8008613,-73.9682637
node,2384892240,Wingstop,fast_food,wings,40.7982147,-73.9695212
node,2384892242,Tap a Keg,bar,,40.800303,-73.9683394
node,2384892243,Serafina,restaurant,,40.800492,-73.9682823
node,2391817471,Zona Rosa,restaurant,mexican,40.7139182,-73.9495566
node,2393865158,LIC Bar,bar,,40.7470196,-73.9528397
node,2402042494,Brooklyn Bowl,bar,,40.7219806,-73.957629
node,2407445501,Pizza Suprema,fast_food,pizza,40.750135,-73.995213
node,2407447000,Pad Thai,restaurant,thai;japanese,40.749979,-73.9953383
node,2407447001,Pio Pio Riko,restaurant,peruvian;chicken,40.750033,-73.995284
node,2407447314,Tempest Bar,bar,,40.7499096,-73.99538
node,2407891431,The Pho 2,restaurant,,40.7457288,-73.998418
node,2407894981,Dunkin',fast_food,donut;coffee_shop,40.7456359,-73.9984752
node,2408375729,Dallas BBQ,restaurant,barbecue,40.7456072,-73.9987643
node,2409398826,Nina's Great Burrito Bar,restaurant,mexican,40.7860514,-73.9727433
node,2409398831,Viand,restaurant,,40.7856099,-73.9725709
node,2409398832,Joe Coffee Company,cafe,coffee_shop,40.7857253,-73.9729983
node,2409398838,The Consulate,restaurant,french,40.7858452,-73.9723966
node,2409935351,Chelsea Cottage's Viet Grill,restaurant,vietnamese,40.7460875,-74.0013739
node,2409935353,Famous Original Ray's Pizza,restaurant,pizza,40.7460286,-74.0014102
node,2409946234,The Meatball Company,restaurant,,40.7458946,-74.0014911
node,2410485653,Qanoon,restaurant,palestinian,40.7452195,-74.0020025
node,2411275799,Dil e Punjab Deli,restaurant,indian,40.7446425,-74.0024036
node,2411595316,Omai,restaurant,vietnamese,40.7442217,-74.0027401
node,2411595856,Tipsy Parson,restaurant,,40.7441697,-74.0027774
node,2411819317,Gotham Pizza,fast_food,pizza,40.7438728,-74.0030028
node,2411819330,Salinas,restaurant,spanish,40.7436469,-74.0031642
node,2412364226,McDonald's,fast_food,burger,40.7406342,-73.9878454
node,2412370159,Olde City,restaurant,sandwich,40.7435996,-73.98616
node,2414094417,Bagel Talk,cafe,bagel,40.7822907,-73.9792081
node,2414094429,Lenwich,fast_food,sandwich,40.7841706,-73.9736145
node,2414094432,7th Street Burger,fast_food,burger,40.7841537,-73.9778358
node,2414094435,Tarallucci e Vino,restaurant,italian,40.7843578,-73.973482
node,2422377040,Oslo Coffee Roasters,cafe,,40.7131358,-73.9622985
node,2422377590,Mission Sandwich,fast_food,sandwich,40.713211,-73.9622514
node,2423037502,Starbucks,cafe,coffee_shop,40.761405,-73.9678672
node,2423176814,Starbucks,cafe,coffee_shop,40.7694073,-73.9848933
node,2438940207,Columbus Café & Co,cafe,coffee_shop,40.7871147,-73.9719656
node,2439082123,Partners Coffee,cafe,coffee_shop,40.7179682,-73.9591782
node,2443892135,McDonald's,fast_food,burger,40.7778959,-73.9825105
node,2443892142,La Vera Pizza,restaurant,pizza,40.7943168,-73.9724172
node,2451205652,Barney Greengrass,restaurant,bagel,40.7879651,-73.9745536
node,2454126844,Vazacs Horseshoe Bar,bar,,40.7250128,-73.9813915
node,2465884892,Union Pool,bar,,40.7150021,-73.9516171
node,2465888776,Skinny Dennis,bar,,40.7158872,-73.9621335
node,2465889352,The Levee,bar,,40.7163751,-73.9615756
node,2470101867,Cantina Cubana,restaurant,cuban;mexican,40.7220509,-73.9832277
node,2477336967,Raoul's,restaurant,french,40.7262443,-74.002053
node,2478495089,BLT Fish,restaurant,seafood,40.738528,-73.993377
node,2478495091,Aldea,restaurant,spanish,40.7387251,-73.9937954
node,2478897572,Hollywood Diner,restaurant,diner,40.7387142,-73.9956231
node,2478897589,Flavabom,restaurant,,40.7394173,-73.9951134
node,2478897615,Guac Time,restaurant,mexican,40.7395596,-73.9954916
node,2479458329,Hakata TonTon,restaurant,japanese,40.7499004,-73.985695
node,2479519219,Dinosaur Bar-B-Que,restaurant,barbecue,40.8181449,-73.9608188
node,2482618660,American Cut,restaurant,steak,40.7191271,-74.0101564
node,2483716076,Peter Luger Steak House,restaurant,steak_house,40.7098661,-73.9625564
node,2485355797,Sunnyside Pizza,restaurant,pizza,40.7440783,-73.9240225
node,2486570141,Yonah Shimmel Knish Bakery,cafe,,40.7231858,-73.9901312
node,2487458479,Golden Unicorn,restaurant,chinese,40.7136218,-73.9970903
node,2488562093,Pies-N-Thighs,restaurant,fried_chicken,40.7112166,-73.9613452
node,2491325773,Drop-Off Service,bar,,40.7299571,-73.9808751
node,2491343755,Mona's,bar,,40.7291724,-73.9783661
node,2491354222,Katsu Hama,restaurant,japanese,40.7564397,-73.9775373
node,2491354223,Sushi-tei,restaurant,japanese,40.7563919,-73.9775762
node,2491359318,Go! Go! Curry!,restaurant,japanese,40.7544471,-73.9906058
node,2494064497,Baji Baji,fast_food,chinese,40.7281476,-73.9851267
node,2494127817,Yubu,fast_food,korean,40.7270578,-73.9861765
node,2494160625,San Marzano,restaurant,italian,40.7279733,-73.9883791
node,2494160674,"Paul's ""Da Burger Joint""",restaurant,burger,40.7285199,-73.9879471
node,2494161089,Mr. Keke,restaurant,ramen,40.7290829,-73.990007
node,2494176728,Vidali’s Pizza,restaurant,pizza,40.7671244,-73.9302379
node,2494177543,Recette,restaurant,french,40.7132253,-73.9563783
node,2494177862,Emmy squared,restaurant,,40.7122344,-73.9556656
node,2494194596,Mizu,restaurant,japanese,40.7133221,-73.9619067
node,2494245394,Wonder,fast_food,eclectic,40.7298025,-73.9890803
node,2494245451,Xing Fu Tang,cafe,bubble_tea,40.728772,-73.9877814
node,2494245564,212 East,bar,asian,40.7297134,-73.98873
node,2494245665,The Bean,cafe,coffee_shop,40.7297726,-73.98948
node,2494384292,Astoria Taco Factory,fast_food,mexican,40.7711169,-73.9270663
node,2494384312,Compton’s,restaurant,,40.7707975,-73.9301358
node,2495111045,Copacabana,restaurant,brazilian,40.7563693,-73.928987
node,2495710933,Chelsea Square Market,fast_food,,40.7446653,-74.006119
node,2495735668,Clockwork Bar,bar,,40.7153863,-73.990065
node,2501564501,Dim Sum Go Go,restaurant,chinese,40.7132723,-73.9977424
node,2501567185,Harlem Maison,restaurant,,40.8121987,-73.9516713
node,2501572681,Chat n Chew,restaurant,american;burger,40.7369154,-73.9920567
node,2516877509,Txikito,restaurant,basque,40.7473898,-74.0004115
node,2517051874,Riverpark,restaurant,american,40.7395197,-73.9734647
node,2522452461,Port Sa'id,restaurant,mediterranean,40.7279023,-74.0070286
node,2522798671,Mia Pizza,restaurant,,40.7789921,-73.9145079
node,2522798672,Zorbas,restaurant,greek,40.7749895,-73.9134767
node,2522802832,Gold N Honey,cafe,coffee_shop,40.7787541,-73.9141762
node,2522802835,Meri's Bakeshop,cafe,,40.779282,-73.9155723
node,2522802838,Agnanti,restaurant,greek,40.7810383,-73.9179527
node,2522802841,Tap NYC,fast_food,brazilian;health_food,40.7752741,-73.9092283
node,2522802848,Brooklyn Bagel & Coffee Co.,cafe,,40.7747031,-73.9084483
node,2522802850,Krispy Kreme,fast_food,donut,40.7761633,-73.9110242
node,2522802854,New York City Bagel and Coffee House,cafe,,40.7747988,-73.913727
node,2522802855,The Sparrow Tavern,restaurant,,40.772794,-73.9164181
node,2522810733,Art Laboratory Wine Bar,bar,italian,40.7228756,-73.9829455
node,2523660980,L&B Spumoni Gardens,restaurant,pizza,40.702251,-73.9932479
node,2524934986,Sala Thai,restaurant,thai,40.780121,-73.9803132
node,2524934996,Gari Columbus,restaurant,japanese;sushi,40.7811731,-73.976285
node,2527236064,Jollibee,fast_food,burger,40.7459909,-73.9011801
node,2535746162,Acosta Restaurant,fast_food,spanish,40.8003312,-73.9660124
node,2535746178,Arco Cafe,restaurant,sardinian,40.7987331,-73.9672189
node,2535746180,The Tang,restaurant,chinese,40.7999569,-73.9663012
node,2535746192,Yoyo Chicken,fast_food,chicken,40.8003697,-73.9659827
node,2535746193,New Kam Lai,restaurant,chinese,40.7988031,-73.9671681
node,2535746194,Noche Mexicana,restaurant,mexican,40.7974215,-73.9681317
node,2535746195,Ranch Deli,fast_food,,40.7978462,-73.9678285
node,2535746197,Tacqueria 86,restaurant,mexican,40.7929735,-73.9721553
node,2535746198,Calaveras Corner,restaurant,mexican,40.8006621,-73.9657815
node,2535746202,Plum,restaurant,vietnamese,40.7930112,-73.9722352
node,2535746243,Dunkin',fast_food,donut;coffee_shop,40.7959426,-73.9705001
node,2539225257,Chipotle,fast_food,mexican,40.7861966,-73.9778709
node,2542549644,Bar Thalia,bar,,40.7940856,-73.9728347
node,2546985529,Sweetgreen,fast_food,salad,40.7264799,-73.9914802
node,2546985590,Kona Coffee Roasters,cafe,coffee_shop;sandwich,40.7258624,-73.9898947
node,2546985593,Dim Sum Palace,restaurant,chinese,40.7259382,-73.989838
node,2546985605,La Vera Pizza,fast_food,pizza,40.726165,-73.989682
node,2547036417,Grabstein's Bagels,cafe,bagel;breakfast;sandwich,40.726927,-73.9957148
node,2547036945,The GRID,restaurant,american,40.7279432,-73.9942997
node,2547041086,PlantShed,cafe,,40.7225241,-73.9934347
node,2547054885,The Bean,cafe,coffee_shop,40.7256046,-73.98962
node,2547067899,Ballato,restaurant,italian,40.7245967,-73.9945106
node,2547083556,Cafe Habibti,cafe,coffee_shop,40.7278564,-73.9993209
node,2547109169,Felix Roasting Co.,cafe,coffee_shop,40.7261039,-73.9987153
node,2547110366,Dos Caminos,restaurant,mexican,40.7266689,-73.9999718
node,2547110379,Starbucks,cafe,coffee_shop,40.7268477,-74.0001615
node,2547114752,Linen Hall,restaurant,american;pub;brunch,40.7323434,-73.9876343
node,2547114855,Nate's Detroit Pizza,fast_food,pizza,40.7317935,-73.9860472
node,2547114888,Tio Pio,fast_food,chicken;latin_american,40.732327,-73.9852985
node,2547114904,Bánh Anh Em,restaurant,vietnamese,40.7322913,-73.987672
node,2547121461,Hags,restaurant,eclectic,40.7289736,-73.984523
node,2547121482,Love Mama,restaurant,malaysian;thai;vietnamese,40.7304045,-73.9861256
node,2547121512,Not As Bitter,cafe,coffee_shop,40.729007,-73.9847265
node,2547121533,Five Guys,fast_food,burger,40.7308433,-73.9857812
node,2547136896,Bar Veloce,bar,,40.730686,-73.9864013
node,2547141627,Prince Tea House,cafe,asian;tea_house;sandwich;brunch,40.7294911,-73.9863927
node,2547155234,Hidden Grounds,cafe,coffee_shop,40.7304731,-73.9894757
node,2547155241,Dumpling Xi,restaurant,chinese,40.731052,-73.9902313
node,2547155245,Tim Ho Wan,restaurant,dim_sum;chinese,40.7313326,-73.9901504
node,2547162163,Lazy Sundaes,cafe,bubble_tea,40.7301234,-73.9941159
node,2547162213,Matto Espresso,cafe,coffee_shop,40.7302457,-73.9939666
node,2547193326,Starbucks,cafe,coffee_shop,40.7342526,-73.9923138
node,2547193376,Leon's,restaurant,continental,40.733256,-73.9914891
node,2547200373,Lenwich,fast_food,sandwich,40.7347076,-73.992346
node,2547200374,Luke's Lobster,fast_food,seafood,40.7348292,-73.9922468
node,2547200395,Max Brenner,cafe,chocolate,40.7343881,-73.9910564
node,2547200402,Joe Coffee Company,cafe,pastry,40.7350879,-73.9933063
node,2547205386,Taco Bell,fast_food,tex-mex,40.7325687,-73.9879342
node,2547205472,Sauerkraut Fish,restaurant,chinese,40.732334,-73.9881047
node,2547208989,Panera Bread,fast_food,sandwich;bakery,40.7341969,-73.9927396
node,2547208990,Glaze Teriyaki,restaurant,japanese;teriyaki,40.7343063,-73.9926464
node,2547208994,Osteria Figa,restaurant,,40.7342725,-73.99338
node,2547209021,Pranakhon,restaurant,thai,40.7336934,-73.9931603
node,2547218194,Honey Crepes,fast_food,crepe,40.7304125,-73.9827424
node,2547218198,McDonald's,fast_food,burger,40.7310359,-73.9822614
node,2547218203,Domino's,fast_food,pizza,40.7304271,-73.9808198
node,2547218207,Phoenix Bar,bar,,40.7299744,-73.9811697
node,2547223602,Manuela,restaurant,,40.725385,-74.000397
node,2547241551,La Pecora Bianca,restaurant,italian,40.723501,-73.9963078
node,2547241563,Santo Taco,restaurant,mexican,40.7213614,-73.997634
node,2547241579,Citizens,cafe,,40.7213537,-73.9977481
node,2547241584,Ruby's,restaurant,american;breakfast,40.7223038,-73.9962281
node,2547241611,La Colombe Coffee Roasters,cafe,coffee_shop,40.7239788,-73.9964591
node,2547241630,Champers Social Club,restaurant,french;breakfast,40.7214887,-73.9988518
node,2547241666,Upside Pizza,restaurant,pizza,40.7221019,-73.9964217
node,2547242036,Jack’s Wife Freda,restaurant,mediterranean;american;brunch,40.7222872,-73.9973743
node,2547243347,7th Street Burger,fast_food,burger,40.7230906,-73.9957109
node,2547243350,Kolkata Chai Co,cafe,indian,40.7208307,-73.9959563
node,2547245925,Grand Street Social,restaurant,american,40.7198827,-73.9990098
node,2547246907,Nom Wah Nolita,fast_food,chinese,40.7203696,-73.9945824
node,2547246942,Rintintin,restaurant,mediterranean,40.7212696,-73.9948289
node,2547246978,Thai Diner,restaurant,thai,40.7207443,-73.9957016
node,2547247040,Piacere,restaurant,italian,40.7196837,-73.9951032
node,2547247074,Ki Mi Ka,restaurant,asian;italian;eclectic,40.7205649,-73.9951708
node,2547684104,Ray's,bar,snack,40.7212215,-73.9924426
node,2549926579,Dunkin',fast_food,donut;coffee_shop,40.7264227,-73.985941
node,2549926661,Sunny & Annie’s Deli,restaurant,,40.7246357,-73.9816786
node,2549926664,Amor y Amargo General Store,bar,,40.7256184,-73.9840332
node,2549926891,Niagara,bar,,40.725928,-73.9834617
node,2549928453,Tabetomo,restaurant,japanese,40.7268801,-73.9831148
node,2549928461,Doc Hollidays,bar,,40.7272283,-73.982885
node,2549928762,Hen House NYC,fast_food,middle_eastern;chicken,40.7270198,-73.9855018
node,2549928994,Utshob Restaurant,fast_food,indian,40.7273871,-73.9852333
node,2549930024,New York Grill and Deli,fast_food,,40.7290503,-73.9815308
node,2549932986,Apollo Bagels,fast_food,bagel,40.7430766,-73.980334
node,2549932991,Profit,fast_food,chinese,40.7431575,-73.9802204
node,2549933013,Ruby's Cafe,restaurant,australian,40.7436106,-73.9798874
node,2549948620,Cha Cha Matcha,cafe,coffee_shop;japanese,40.7445908,-73.988682
node,2549952990,Mamazul Mexican Grill,restaurant,mexican,40.7444738,-73.9890362
node,2549953088,The Flatiron Room,bar,american;continental,40.7445195,-73.9904827
node,2549953101,Oscar Wilde,bar,,40.7451365,-73.9900429
node,2549960961,Hee Korean BBQ Grill,restaurant,korean,40.7453942,-73.9912033
node,2550007703,Kollectiv,cafe,,40.724302,-73.9912261
node,2550012191,Bar Moga,restaurant,japanese;cocktails,40.7277615,-74.0011504
node,2550012207,Bar Veloce,bar,,40.7281515,-74.0018859
node,2550012289,Mermaid Oyster Bar,restaurant,seafood,40.7291484,-74.00137
node,2550046876,Artichoke Pizza,restaurant,pizza,40.7299487,-74.0006561
node,2550046894,Senza Gluten,restaurant,italian;coffee,40.7290193,-74.0003692
node,2550046897,Third Rail Coffee,cafe,coffee_shop,40.7299427,-73.999592
node,2550051075,Saolea,restaurant,thai,40.7312727,-74.0003054
node,2550051091,Petit Boucherie,fast_food,sandwich,40.7338779,-74.0004371
node,2550051106,Tue Thai Food,restaurant,thai,40.7338979,-73.9998082
node,2550067150,Heytea,cafe,,40.7299454,-73.9942424
node,2550067182,Amelie Wine Bar,restaurant,,40.7326969,-73.9976557
node,2550112940,Amber,restaurant,japanese,40.7761285,-73.9794669
node,2550112948,Dunkin',fast_food,donut;coffee_shop,40.778203,-73.9811645
node,2550112949,72nd Eatery,cafe,,40.7775475,-73.9784645
node,2550112961,Il Violino,restaurant,italian,40.7750226,-73.9807865
node,2550551525,Bosco,bar,,40.7288472,-74.0002307
node,2550551526,Super Burrito,restaurant,mexican,40.7289369,-74.0001861
node,2550551529,Tartinery,cafe,coffee_shop;breakfast;sandwich,40.7295546,-73.9988437
node,2550551537,Marumi,restaurant,sushi,40.7289859,-73.9983587
node,2550551547,Springbone Kitchen,restaurant,soup,40.7298843,-73.9992546
node,2550551548,The Bitter End,bar,,40.7283337,-73.9992168
node,2550784964,Bin 141,restaurant,,40.7238055,-73.9853496
node,2554956153,Sonnyboy,restaurant,australian,40.7205179,-73.9900978
node,2554956160,Subway,fast_food,sandwich,40.7195035,-73.9905455
node,2555098012,Da Gennaro,restaurant,italian,40.7182848,-73.9979936
node,2555098016,Jing Fong,restaurant,chinese,40.7188891,-73.9990644
node,2555098984,Umberto’s Clam House,restaurant,italian,40.7184479,-73.9976239
node,2555098986,La Nonna,restaurant,italian,40.7185144,-73.9975852
node,2555098987,Paesano's,restaurant,italian,40.7185789,-73.997542
node,2555098994,Haven Cafe,cafe,coffee_shop,40.718849,-73.9966792
node,2555099000,Chiu Hong Bakery & Restaurant,cafe,,40.7195996,-73.9963707
node,2555099003,Isshin Sushi,fast_food,sushi,40.7178799,-73.9968732
node,2555099012,Caffe Napoli,restaurant,italian,40.7182017,-73.9977587
node,2555099021,Shoo Shoo Nolita,restaurant,mediterranean,40.7201124,-73.9961673
node,2555120318,Dunkin',fast_food,donut;coffee_shop,40.7197797,-74.0021409
node,2555120465,Bibliotheque Cafe & Winebar,cafe,,40.7218498,-74.0008229
node,2555123793,Jisu Vegetarian,restaurant,chinese,40.7160659,-73.9953076
node,2555123807,Lena,restaurant,french,40.7191105,-73.9915999
node,2555123830,Teado Tea Shop,cafe,bubble_tea,40.7172462,-73.9950457
node,2555123848,Ming Kee Kitchen,restaurant,chinese,40.7182655,-73.994642
node,2555123849,Go Believe Bakery,fast_food,chinese,40.7182491,-73.9945768
node,2555123872,Popeyes,fast_food,chicken,40.7160109,-73.9951234
node,2555123886,Yaya Tea Garden,cafe,japanese;chinese,40.7162569,-73.9950007
node,2555123891,Paint 'N Pour,bar,,40.7193178,-73.9915172
node,2555126595,Russ & Daughters Cafe,cafe,american;deli,40.7196388,-73.9895629
node,2555126634,Two Doors Down,bar,,40.7228647,-73.9890918
node,2555126652,Baby Grand LES,bar,,40.7221,-73.9883133
node,2555126662,8282,bar,,40.721622,-73.9887536
node,2555128941,The Italian Slice,fast_food,pizza,40.7227346,-73.9857639
node,2555128944,V-Nam Cafe,restaurant,vietnamese,40.7235425,-73.9880361
node,2555128948,2A Bar,bar,,40.7229624,-73.9859632
node,2555128954,One and One,bar,pub,40.7232877,-73.9882234
node,2555130747,Mama'a Bar,bar,,40.7226122,-73.9831384
node,2555135956,TsuruTonTan,restaurant,japanese,40.7367779,-73.9910723
node,2555135992,Voodoo Doughnut,fast_food,donut,40.7370624,-73.9905341
node,2555136001,Saltbae Burger,fast_food,burger,40.7371097,-73.988853
node,2555136029,Cha Cha Matcha,cafe,,40.7399221,-73.9893996
node,2555137420,Joe Coffee,cafe,coffee_shop,40.7364478,-73.9909744
node,2555577467,H&H Bagels,fast_food,bagel;breakfast;sandwich,40.7430214,-73.9798385
node,2557326696,Dunkin',fast_food,donut;coffee_shop,40.753788,-73.9741678
node,2562116088,Santo Taco,restaurant,,40.7338821,-73.9930035
node,2562374842,Oceans,restaurant,seafood,40.7375364,-73.9880227
node,2562374849,Blue Bottle Coffee,cafe,coffee_shop,40.7385396,-73.987301
node,2562374854,Tappo,restaurant,pizza,40.739375,-73.988712
node,2562374880,Hutch + Waldo,cafe,breakfast;sandwich;australian,40.7368994,-73.986826
node,2562375435,Baya Bar,fast_food,health_food;juice,40.7342827,-73.9891414
node,2562380331,Dunkin',fast_food,donut;coffee_shop,40.7294442,-73.9784706
node,2562432482,J's Kitchen New York,fast_food,japanese,40.7322424,-73.9821517
node,2562432504,Rockmeisha,restaurant,japanese,40.7316362,-73.9828499
node,2562438634,Corner Social,restaurant,,40.8086893,-73.9451659
node,2562438635,Dunkin',fast_food,donut;coffee_shop,40.7986055,-73.9527915
node,2562438637,Caribbean Starr,restaurant,caribbean,40.8070737,-73.9456305
node,2562438638,Harlem Shake,fast_food,burger,40.8071119,-73.9463524
node,2562438642,Checkers,fast_food,burger,40.8077525,-73.9449111
node,2562438644,Popeyes,fast_food,chicken,40.8155747,-73.9438822
node,2562438646,Starbucks,cafe,coffee_shop,40.8078217,-73.9450772
node,2562439843,Julius,bar,,40.7345357,-74.00163
node,2562441215,All'Antico Vinaio,fast_food,italian;sandwich,40.7327934,-74.0030581
node,2562441815,Sullivan Taqueria,fast_food,mexican,40.7244582,-74.0039218
node,2562441816,Ba‘al Cafe & Falafel,fast_food,middle_eastern,40.7244796,-74.0039022
node,2562442566,Black Burger,fast_food,burger,40.7213513,-74.0049246
node,2562442598,Lucia Pizza,restaurant,italian_pizza,40.7213965,-74.0043967
node,2562444051,Taureau,restaurant,fondue,40.7244662,-74.0056631
node,2562449463,Napoli Pizza,fast_food,pizza,40.7291699,-74.00503
node,2562449473,Taco Bell,fast_food,tex-mex,40.729263,-74.0050056
node,2562449499,Daily Provisions,cafe,coffe_shop;breakfast;american,40.7292441,-74.0037022
node,2562449527,Ueki,restaurant,sushi,40.7292006,-74.0038916
node,2562449550,Ama on Downing,restaurant,seafood,40.7293143,-74.0039637
node,2562449629,McDonald's,fast_food,burger,40.7288229,-74.0050824
node,2562450556,Charley Bird,restaurant,,40.7277301,-74.0028571
node,2562454103,Wolfnights - the gourmet wrap,restaurant,,40.7306001,-74.0025218
node,2562454109,Tacombi,restaurant,mexican,40.7310966,-74.0027945
node,2562454119,Sweetgreen,fast_food,salad,40.7299618,-74.0024288
node,2562454134,Bar Etienne,bar,french,40.7303998,-74.0041793
node,2562454139,Carmine Street Beers,bar,,40.7298428,-74.0036369
node,2562460443,Five Guys,fast_food,burger,40.7323473,-74.0037762
node,2562460591,Bedford Studio,cafe,,40.7311268,-74.0046067
node,2562463944,Baya Bar,fast_food,health_food;juice,40.733276,-74.0040689
node,2562463952,Via Carota,restaurant,italian,40.73311,-74.0036496
node,2562465070,Barrow's Pub,bar,,40.7315711,-74.0068211
node,2563930242,Da Mikele,restaurant,italian,40.7185032,-74.0048891
node,2563930327,Blue Bottle Coffee,cafe,coffee_shop,40.7184787,-74.0024786
node,2563985396,Funny BBQ 98,restaurant,chinese,40.7176912,-73.9954117
node,2563985397,Tofu Tofu,restaurant,korean;chicken,40.7176273,-73.995453
node,2563985399,Sapori,restaurant,italian,40.7174168,-73.9985548
node,2563985408,Il Cortile,restaurant,italian,40.7179541,-73.9981923
node,2563985409,Casa Bella,restaurant,italian,40.7180735,-73.9981277
node,2563986220,Nickel & Diner,restaurant,diner,40.7188128,-73.9995074
node,2563990312,Alimama Tea,cafe,pastry,40.7157707,-73.9991388
node,2563990318,Kabab Town,fast_food,turkish,40.7164434,-73.9998631
node,2563990327,Pasteur,restaurant,vietnamese,40.7167115,-73.9997085
node,2565698836,Benvenuto Cafe Tribeca,restaurant,,40.7193052,-74.0100953
node,2565702295,Yves,restaurant,,40.7201805,-74.009907
node,2565708091,Caffé Bene,cafe,,40.7210007,-74.0044453
node,2565708098,One White Street,restaurant,,40.719282,-74.0059677
node,2565708108,Bubby's,restaurant,,40.7198226,-74.0084234
node,2565708227,Pepolino,restaurant,italian,40.7207599,-74.0048947
node,2565861094,M & J,restaurant,japanese;sushi,40.729234,-73.9780195
node,2567528714,Soda Club,restaurant,wine;pasta,40.7266906,-73.9798946
node,2567531818,Two Perrys,bar,,40.7248465,-73.9784801
node,2567534688,Leon's Cafe,fast_food,latin_american,40.7214777,-73.9803924
node,2567547039,Beauty & Essex,restaurant,,40.7204577,-73.9870469
node,2567547059,Arlene's Grocery,bar,,40.7213285,-73.9883827
node,2567547060,Serafina Ludlow,restaurant,italian,40.720194,-73.9884455
node,2567548319,Kalye,restaurant,filipino,40.7198585,-73.987917
node,2567548346,Gather,cafe,sandwich;salad,40.7165943,-73.9908966
node,2567551886,Joys' Cafe,cafe,pastry;chinese,40.7154696,-73.9977671
node,2567551910,Bake Culture,cafe,coffee_shop;pastry,40.7157788,-73.9965978
node,2567553147,New Spicy Village,restaurant,chinese,40.7184544,-73.9916942
node,2567557157,Subway,fast_food,sandwich,40.7171045,-73.9900087
node,2567557167,Grey Lady,bar,seafood,40.7188615,-73.9902614
node,2567558483,Yuki Sushi,restaurant,sushi;japanese,40.7160572,-73.9922758
node,2567558503,Lian Jiang,restaurant,chinese,40.7143686,-73.9938106
node,2567561003,Le Dive,bar,,40.7147362,-73.9909568
node,2567561047,興旺鍋貼,fast_food,asian;chinese;dumpling,40.716048,-73.991696
node,2567561127,Sobak,restaurant,korean,40.7149394,-73.9916253
node,2567561365,Aujla's,cafe,indian,40.7157755,-73.9907804
node,2567573171,Malatesta,restaurant,italian,40.7328272,-74.0084565
node,2568494515,Annie's First Wok Restaurant,fast_food,chinese,40.7015421,-73.984609
node,2568518924,Superfine,restaurant,american,40.7023397,-73.9874667
node,2568518941,Hudson Wilder,cafe,,40.7037349,-73.9879047
node,2568518959,Lucky Rabbit Noodles,fast_food,asian,40.7025371,-73.9868994
node,2568519070,Cafe Gitane,cafe,french;eclectic,40.7028271,-73.9812328
node,2568539452,Front Street Pizza,restaurant,pizza,40.7024461,-73.9894328
node,2568554097,Al Mar,restaurant,,40.7026053,-73.9891503
node,2568554106,Juice Press,fast_food,juice,40.7026572,-73.9888929
node,2568554173,Maman,cafe,french,40.7031571,-73.9913143
node,2568586441,Tiltz,bar,pub;brunch,40.7027024,-73.9335517
node,2568634932,Mulata,restaurant,peruvian,40.7015154,-73.9194729
node,2568643200,Tipsy Bean Cafe and Bar,cafe,,40.7029612,-73.9215402
node,2568643693,Hartbreakers,restaurant,sandwich,40.7017044,-73.9228095
node,2568656694,Keybar,bar,,40.7000219,-73.9294579
node,2568666355,New City,fast_food,asian,40.7028239,-73.9256545
node,2568669177,Heaven,bar,,40.7054103,-73.9258671
node,2568669182,L.A. Burrito,restaurant,mexican;burrito,40.7023518,-73.9283746
node,2568677440,China Garden,fast_food,chinese,40.7032716,-73.9216316
node,2568677473,Nook,cafe,coffee_shop;sandwich,40.7050225,-73.924656
node,2568681567,Variety Coffee Roasters,cafe,coffee_shop,40.702775,-73.9170325
node,2568686431,Boobie Trap,bar,,40.7001545,-73.9160836
node,2568784668,UCrew,cafe,bubble_tea;snack,40.7003347,-73.9052907
node,2568823078,La Cantine,cafe,breakfast;sandwich;coffee_shop,40.706715,-73.9205244
node,2568824892,Vacations Bar & Rooftop,bar,burger,40.7083488,-73.9203645
node,2568863934,Cafe Katan,cafe,,40.7097406,-73.9079364
node,2568872058,Bosna Express,restaurant,burger;mediterranean,40.7048677,-73.902327
node,2568881349,,restaurant,pizza,40.7108641,-73.9052871
node,2569050392,Da Andrea,restaurant,italian,40.7361321,-73.995801
node,2569053997,Shu Han Ju,restaurant,,40.7355636,-73.9983744
node,2569065493,Wogies,restaurant,sandwich,40.7353785,-74.0005664
node,2569065499,Elephant and Castle,restaurant,,40.7362261,-74.0007468
node,2569069142,Empellon Taqueria,restaurant,,40.7341405,-74.0030338
node,2569070082,Sevilla,restaurant,,40.7348424,-74.0030609
node,2569259858,Cowgirl,restaurant,,40.7338239,-74.0064618
node,2569259873,Anton's,restaurant,american,40.7356858,-74.0058055
node,2569261266,Roasting Plant,cafe,,40.736735,-74.0013586
node,2569266641,Catch NYC,restaurant,seafood,40.7402994,-74.006242
node,2569266661,Gaslight Lounge,bar,,40.7409011,-74.005668
node,2569266670,Valbella,restaurant,italian,40.7408702,-74.0070261
node,2569266671,Jack's Coffee,cafe,,40.7408955,-74.0070903
node,2569266715,Serafina,restaurant,,40.7396132,-74.0065802
node,2569267822,Cleo,restaurant,american;brunch,40.7380489,-74.0057854
node,2569269957,cubbyhole,bar,,40.7376427,-74.0037475
node,2569269971,Arthur & Sons,restaurant,italian,40.7380098,-74.0040853
node,2572216591,Marinara,fast_food,pizza,40.7297952,-73.9865464
node,2572411291,Hey Tea,cafe,tea,40.7185051,-73.9945454
node,2572411294,Kung Fu Tea,cafe,bubble_tea,40.717109,-73.9945679
node,2573054489,Bobby Van's Steakhouse - Park Ave,restaurant,steak_house,40.7543448,-73.975626
node,2573952287,Chaotic Good,cafe,,40.7864161,-73.9763619
node,2583190796,Blu Café,cafe,coffee_shop,40.7766224,-73.9890983
node,2583212031,Giovannie's Pizzeria,fast_food,pizza,40.8014899,-73.9609892
node,2583212035,Verdello,restaurant,italian,40.8011509,-73.9617243
node,2583212038,Miss Mamie's Spoonbread Too,restaurant,american;southern,40.8014541,-73.9609048
node,2583212040,Koo Thai,restaurant,thai,40.7983898,-73.9632427
node,2588151826,Pan d'oro,cafe,,40.7532069,-73.9806932
node,2588151831,McDonald's,fast_food,burger,40.753027,-73.9802777
node,2588151834,Chipotle,fast_food,mexican,40.7539819,-73.9816184
node,2588151837,Jollibee,fast_food,burger,40.7530811,-73.9804122
node,2592129908,Han Dynasty,restaurant,chinese,40.7875393,-73.9764459
node,2592129994,Miriam,restaurant,middle_eastern,40.7801424,-73.980766
node,2592130001,Eléa,restaurant,greek,40.7875985,-73.9766092
node,2592130002,RedFarm,restaurant,chinese,40.7820656,-73.9806301
node,2592130004,Serafina,restaurant,italian,40.782208,-73.9805845
node,2592130005,Gazala's,restaurant,druze;syrian,40.7845848,-73.9770343
node,2592264878,Blue Ginger,restaurant,japanese,40.7405843,-74.0016421
node,2592264880,Chelsea Ristorante Italiano,restaurant,italian,40.7406485,-74.0015951
node,2592264889,Dunkin',fast_food,donut;coffee_shop,40.7404531,-74.001788
node,2592264896,Ramen Ishida,restaurant,ramen,40.7405215,-74.0016881
node,2592305754,16 Handles,cafe,ice_cream,40.7428458,-73.9999943
node,2592331340,The Brew Inn,bar,,40.7310173,-73.9541919
node,2592331341,Frost Restaurant,restaurant,italian,40.7183487,-73.9431505
node,2594630499,Starbucks,cafe,coffee_shop,40.7047913,-74.0071236
node,2597860936,Ninth Street Espresso,cafe,coffee_shop,40.7607479,-73.9706036
node,2603955335,Chipotle,fast_food,mexican,40.8414752,-73.9398525
node,2603955340,Dunkin',fast_food,donut;coffee_shop,40.8418653,-73.9388997
node,2603955343,Ecuatoriana Restaurant,restaurant,ecuadorian,40.8241234,-73.9481734
node,2603955351,McDonald's,fast_food,burger,40.8425888,-73.9390062
node,2603955352,Mike's Bagels,cafe,bagel,40.8414095,-73.9398998
node,2603955361,Starbucks,cafe,coffee_shop,40.8413365,-73.9399524
node,2603955362,Subway,fast_food,sandwich,40.8226457,-73.9535595
node,2603955363,Village Fried Chicken,fast_food,,40.8259129,-73.9468393
node,2603955364,Yellow Banana Snack Bar,cafe,,40.8235504,-73.9490856
node,2603955421,La Esquina del Salmon,restaurant,,40.8214023,-73.954469
node,2606329018,Hamido Seafood,restaurant,seafood,40.7755528,-73.9096175
node,2606329019,Alba's Pizza,restaurant,pizza,40.7738431,-73.9077307
node,2610440239,Café Metro,cafe,,40.7634192,-73.981318
node,2610440246,Burger Man,restaurant,,40.7604501,-73.9839884
node,2610440248,Pink Taco,restaurant,mexican,40.7554443,-73.987112
node,2610440250,Starbucks,cafe,coffee_shop,40.7608044,-73.9837222
node,2610440251,La Pecora Bianca,restaurant,italian,40.7617606,-73.9844226
node,2610762926,Dunkin',fast_food,donut;coffee_shop,40.7100207,-74.0075741
node,2610762927,Wendy's,fast_food,burger,40.710048,-74.0080338
node,2611290567,Idaho,bar,,40.7309012,-73.9833892
node,2611479019,Panda Express,fast_food,chinese,40.7312845,-73.9828594
node,2611479029,Chick-N-Smash,fast_food,chicken;burger,40.7311247,-73.9829767
node,2611479030,Buffalo Wild Wings,restaurant,wings,40.7309843,-73.983062
node,2611479031,Fattoush,restaurant,mediterranean,40.7308818,-73.9831335
node,2611479035,Veeray Da Dhaba,restaurant,indian,40.7307963,-73.9827498
node,2611479038,Onion Tree Pizza Co,restaurant,pizza,40.7304977,-73.9829866
node,2611479042,Gena's Grill,restaurant,,40.7303986,-73.9830423
node,2611490850,Motorino,restaurant,pizza,40.7302858,-73.9839142
node,2611490851,S'MAC,restaurant,macaroni_and_cheese,40.7301897,-73.9836385
node,2611490853,Sao Mai,restaurant,vietnamese,40.7303381,-73.9835297
node,2611640868,Hard Rock Cafe,restaurant,american,40.8285243,-73.9260199
node,2611640869,NYY Steak,restaurant,,40.8286243,-73.9259124
node,2611782758,Pret A Manger,fast_food,sandwich,40.758119,-73.981487
node,2611782760,Starbucks,cafe,coffee_shop,40.75555,-73.9840554
node,2613888352,Rosemary's,restaurant,italian,40.7558548,-73.970447
node,2620513858,Dylan Murphy's,bar,pub,40.7762933,-73.9555644
node,2620513899,Starbucks,cafe,coffee_shop,40.7774839,-73.9552436
node,2620513907,Starbucks,cafe,coffee_shop,40.7794817,-73.9537572
node,2621558446,Hill Country Barbecue Market,restaurant,barbecue,40.7442736,-73.9904326
node,2621558482,Latin American Restaurant,restaurant,latin_american,40.7443244,-73.9900461
node,2621577431,Starbucks,cafe,coffee_shop,40.7438766,-73.9887987
node,2622180738,Pizza a Casa - Pizza School,restaurant,pizza,40.7163894,-73.9887152
node,2622405274,SLDR,restaurant,burger,40.761402,-73.923843
node,2623014627,Starbucks,cafe,coffee_shop,40.7659236,-73.9636686
node,2623014636,Starbucks,cafe,coffee_shop,40.7746444,-73.9543658
node,2623550902,44 & X,restaurant,american,40.7609658,-73.994264
node,2623550909,The Marshal,restaurant,american,40.7612529,-73.994034
node,2625469223,Q NYC,bar,,40.7612883,-73.9871051
node,2626236856,Grey Bar & Restaurant,bar,,40.7445509,-73.9905594
node,2629277990,Chipotle,fast_food,mexican,40.7636058,-73.9779434
node,2629277995,fresh&co,fast_food,sandwich;salad,40.7638238,-73.9778027
node,2629277997,Starbucks,cafe,coffee_shop,40.7636753,-73.9773838
node,2629371820,Dos Toros Taqueria,fast_food,mexican,40.7591865,-73.9706375
node,2629371831,Shake Shack,fast_food,burger,40.7589587,-73.9707946
node,2629371832,Taco Bell,fast_food,tex-mex,40.7652725,-73.9575747
node,2629371835,Le Pain Quotidien,cafe,coffee_shop,40.7653752,-73.9575093
node,2629371840,Pret A Manger,fast_food,sandwich,40.75805,-73.9693959
node,2629371850,Starbucks,cafe,coffee_shop,40.7791466,-73.9474467
node,2630078319,Kofoo,restaurant,korean;deli,40.7427924,-73.9920482
node,2630259727,2 Bros Pizza,fast_food,pizza,40.744349,-73.991973
node,2631523818,World Cup Cafe & Bakery,cafe,coffee_shop,40.7689352,-73.963462
node,2631523821,Mariella Pizza,restaurant,pizza,40.7692128,-73.9629325
node,2633282810,Danny's Pizzeria,restaurant,pizza;italian,40.7077942,-73.9397036
node,2634398946,Starbucks,cafe,coffee_shop,40.7452192,-73.9908474
node,2637741647,Water & Wheat,restaurant,italian,40.7900085,-73.9748353
node,2637741648,Effy's Café,restaurant,mediterranean,40.7929644,-73.9682281
node,2641379134,JR Sushi 2,restaurant,sushi,40.7152802,-74.009614
node,2649092000,Café Bistro,fast_food,deli;buffet;asian;salad;pizza,40.7525888,-73.9948638
node,2649092008,Subway,fast_food,sandwich,40.7563209,-73.9939381
node,2652371191,V&T Pizzeria,restaurant,italian;pizza,40.8033532,-73.9638344
node,2666460854,Enthaice,restaurant,thai,40.7631303,-73.9213069
node,2676076063,Serra Alpina,restaurant,italian,40.7423105,-73.9898043
node,2676085860,Stix,restaurant,,40.739754,-73.9857245
node,2676085867,Pio Pio,restaurant,peruvian,40.7796578,-73.9471089
node,2676979135,Bond 45,restaurant,italian,40.7592344,-73.9863162
node,2678466842,Bubba Gump Shrimp Company,restaurant,seafood,40.7572318,-73.9863898
node,2678783476,Applebee's,restaurant,american,40.7614452,-73.9837559
node,2678783479,Ellen's Stardust Diner,restaurant,american,40.7618484,-73.9835031
node,2679311665,Storehouse,bar,,40.7444118,-73.991938
node,2680148433,Bobby Van's Steakhouse,fast_food,steak_house,40.7608683,-73.9823969
node,2688264646,Starbucks,cafe,coffee_shop,40.7590282,-73.9926029
node,2689474985,Starbucks,cafe,coffee_shop,40.7799038,-73.9597037
node,2689589690,Blue Fin,restaurant,seafood,40.7592453,-73.9853339
node,2689589693,Havana Central,restaurant,,40.7583345,-73.9841851
node,2693524776,Ampersand,bar,snack,40.7386819,-73.9834817
node,2696719553,Subject,bar,,40.7214899,-73.9846873
node,2696719558,The Library,bar,,40.7225712,-73.9862492
node,2698702585,The Flame,restaurant,greek;diner,40.7685722,-73.985481
node,2698768779,Aubergine Cafe,cafe,coffee_shop,40.746016,-73.9144787
node,2702475724,Holland Bar,bar,,40.7567953,-73.9935819
node,2702802602,2nd Floor Bar & Essen,bar,pub,40.7695853,-73.9544262
node,2702831820,The Tippler,bar,,40.7423493,-74.0061823
node,2702831833,Fatbird,restaurant,american,40.7410242,-74.0049583
node,2702831847,chalait,cafe,,40.7422223,-74.0046642
node,2702857187,Jet's Pizza,restaurant,pizza,40.7430204,-74.0036128
node,2702857193,Som Bo,fast_food,asian,40.7418478,-74.0012421
node,2702954496,House of Desserts  Mango Mango,cafe,coffee_shop,40.7369794,-73.9954955
node,2702954499,Golden Krust,fast_food,caribbean,40.7370982,-73.9958196
node,2703020572,Adam's Market Place,fast_food,sandwich,40.7435985,-73.9999581
node,2703020624,Fellini Coffee,cafe,,40.7445639,-73.9992418
node,2703043873,Oiji Mi,restaurant,korean,40.7396655,-73.9924935
node,2703043913,Gotham Coffee Roasters,cafe,coffee_shop,40.7397486,-73.9926774
node,2703044063,CAVA,restaurant,mediterranean,40.7416972,-73.9934425
node,2703044066,Chipotle,fast_food,mexican,40.7417516,-73.9934013
node,2703059028,Pret A Manger,fast_food,sandwich,40.7413453,-73.9941968
node,2703083220,Malibu Diner,restaurant,diner,40.7438586,-73.9946656
node,2703083226,Wrapido,fast_food,mediterranean,40.7441181,-73.9952986
node,2703092686,Fle-Fle Grill,restaurant,,40.7450671,-73.9983943
node,2703092691,Lions & Tigers & Squares Detroit Pizza,restaurant,pizza,40.74506,-73.9983358
node,2703169719,Grand Sichuan,restaurant,chinese,40.74735,-74.000974
node,2703242507,Shukette,restaurant,,40.7471473,-74.0005212
node,2703242521,Sullivan Street Bakery,cafe,,40.7473252,-74.000383
node,2703424235,Tracks,bar,,40.7494986,-73.993225
node,2703424302,Panera Bread,fast_food,sandwich;bakery,40.7476933,-73.9932597
node,2703424308,Mustang Harry's,bar,,40.7482815,-73.992821
node,2703449216,Pret A Manger,fast_food,sandwich,40.7485643,-73.9891736
node,2703449252,Pennsylvania 6,restaurant,american,40.7483929,-73.9906659
node,2703449301,Healthy Choice Gourmet Deli & Pizza,fast_food,breakfast;sandwich;pizza,40.7478826,-73.9926628
node,2703449303,Niles NYC,restaurant,american,40.7488386,-73.9919696
node,2703449326,Sendo,restaurant,,40.7479225,-73.9889275
node,2703449330,Yong Kang Street,restaurant,noodle,40.7482027,-73.9887195
node,2704023647,Gramercy Cafe,cafe,,40.735181,-73.9860339
node,2704034126,Bar Jamón,bar,,40.7358748,-73.98712
node,2704034237,Casa Mono,restaurant,tapas;spanish,40.7359257,-73.9871655
node,2704040249,Sandwell,fast_food,sandwich,40.7373034,-73.9844951
node,2704040262,Gramercy Bagels,cafe,bagel;breakfast;sandwich,40.7371981,-73.9845693
node,2704040263,Lunetta Pizza & Restaurant,fast_food,pizza,40.7369797,-73.9842569
node,2704040268,Luckin Coffee,cafe,coffee_shop,40.7373662,-73.9839735
node,2704042931,Manhattan Indian Flavor,restaurant,indian,40.7350273,-73.9832212
node,2704042945,Mon Cheri,cafe,crepe;coffee_shop,40.7352652,-73.983052
node,2704042962,L'Angeletto,restaurant,italian,40.735401,-73.9829582
node,2704045688,Posto,fast_food,pizza,40.7348558,-73.982864
node,2704048091,WatchHouse,cafe,coffee_shop,40.7395884,-73.9865771
node,2704048095,Just Salad,fast_food,salad,40.7405092,-73.9858951
node,2704074535,Lucia Pizza,fast_food,pizza,40.7383382,-73.9837336
node,2704081049,Rolf's,restaurant,german,40.737989,-73.983522
node,2704081053,Seven Sins,bar,american,40.7384419,-73.9832066
node,2704085151,Jugos,fast_food,mexican;health_food;juice,40.7364038,-73.9791841
node,2704088841,Dunkin' Donuts/Baskin Robbins,fast_food,donut;breakfast;ice_cream,40.7357819,-73.9795872
node,2704088842,Malt & Mold,fast_food,sandwich,40.7366643,-73.9815439
node,2704096837,Roma Pizza,fast_food,pizza,40.7385268,-73.9806765
node,2704104122,Yi Fang Tea,cafe,bubble_tea,40.7408146,-73.983604
node,2704104161,Mala Town,fast_food,asian,40.740172,-73.9826124
node,2704104168,The Broken Shaker,bar,,40.739805,-73.984357
node,2704104186,Bagel Express III,fast_food,bagel;breakfast;sandwich;coffee_shop,40.7402976,-73.9823244
node,2704104197,Bao Bao Cafe,restaurant,chinese,40.7408893,-73.9835474
node,2704105152,AWOL Bar and Grill,bar,pub;international,40.7399496,-73.9821051
node,2704105170,Greenhill Coffee,cafe,,40.7387264,-73.9805352
node,2704110111,Mexico Lindo,restaurant,mexican,40.7397696,-73.9797637
node,2704114395,Sahara's,restaurant,turkish,40.7414352,-73.9785461
node,2704131493,Little Basil,restaurant,thai,40.7410605,-73.9822863
node,2704131501,Mim Spicy & Deli Grocery,fast_food,indian;sandwich,40.74208,-73.9813801
node,2704131508,Maguro Sushi,fast_food,sushi,40.7420528,-73.9813171
node,2704131516,Street Taco,restaurant,mexican,40.7408917,-73.981874
node,2704131528,NYC Pizza Kitchen,fast_food,pizza,40.7419543,-73.9811254
node,2704131542,Lex Grill Juice BR,fast_food,sandwich;breakfast;juice,40.7418611,-73.9828399
node,2704131545,Kailash Parbat,restaurant,indian,40.7420659,-73.9826947
node,2705019563,Fada,restaurant,french,40.7175442,-73.9560416
node,2705021741,Luckin Coffee,cafe,coffee_shop,40.7456497,-73.9905668
node,2705024402,Chez Jacqueline,restaurant,,40.7282859,-74.0017773
node,2705025330,Columbia Pizza,fast_food,pizza,40.7173572,-73.9804169
node,2705025714,Marcella,restaurant,pizza,40.7280654,-74.0017062
node,2705025715,Song’ E Napule,restaurant,pizza;italian,40.7281274,-74.001839
node,2705025716,Comodo,restaurant,latin_american,40.727606,-74.0023607
node,2705029788,12 Chairs,restaurant,mediterranean,40.7275501,-74.0024076
node,2705031347,Mee Noodle Shop,restaurant,chinese,40.7653574,-73.9878362
node,2705031348,Norma,restaurant,italian,40.765547,-73.9876852
node,2705165970,,restaurant,,40.8505216,-73.9649312
node,2706005871,Morton's The Steakhouse,restaurant,steak_house,40.7096869,-74.0139312
node,2706005872,Bill's Bar and Burger,restaurant,burger,40.7094546,-74.014076
node,2706009357,Skinos,restaurant,,40.709192,-74.0138424
node,2706606330,Insomnia Cookies,restaurant,cookie,40.8034774,-73.9637428
node,2706908812,Devoción,cafe,coffee_shop,40.7435347,-73.9888798
node,2706918154,Lahori Kabab,restaurant,pakistani,40.742323,-73.9828805
node,2706939803,Nonono,restaurant,,40.745401,-73.9848544
node,2706939870,2 Bros. Pizza,fast_food,pizza,40.746471,-73.9899732
node,2706940250,Emperor Dumpling,fast_food,asian;chinese,40.7461842,-73.9901826
node,2707689757,Dear Margo,restaurant,,40.7689644,-73.9630886
node,2707983903,Raising Cane's,fast_food,chicken,40.8044959,-73.9661283
node,2707985415,Upside Pizza,fast_food,pizza,40.8052453,-73.9655826
node,2707987524,Tea Magic,cafe,bubble_tea,40.8052024,-73.9656144
node,2708083610,Jams,restaurant,,40.7647657,-73.9766475
node,2708095649,Salon de Ning,bar,,40.7616016,-73.9751953
node,2708133476,Chopt,fast_food,salad,40.7639454,-73.9788584
node,2708133479,Estiatorio Milos,restaurant,,40.7636288,-73.9791548
node,2708133494,Astro Restaurant,restaurant,greek;diner,40.7632094,-73.9782428
node,2708133540,Faces and Names,bar,salad;sandwich,40.7635051,-73.9809828
node,2708133546,Soulvlaki GR,restaurant,greek,40.7646369,-73.9802846
node,2708164827,La Esquina,restaurant,mexican,40.764288,-73.981397
node,2708164855,PHD Terrace,bar,,40.7645279,-73.9819605
node,2708164879,Soup Kitchen,fast_food,soup,40.7653843,-73.9834735
node,2708164893,Premier Deli Café,cafe,,40.7641932,-73.9812315
node,2708164917,Thai Chai Kitchen,restaurant,thai,40.7654403,-73.9835817
node,2708222217,Juice Generation,fast_food,smoothie,40.7670634,-73.9828593
node,2708250362,Dunkin',fast_food,donut;coffee_shop,40.7387185,-73.9343147
node,2708250413,Bantry Bay Publik House,bar,,40.7356948,-73.9347062
node,2708250508,Dunkin Donuts,fast_food,,40.7459152,-73.9335984
node,2709306570,Donsbogam Original,restaurant,asian,40.746788,-73.9843691
node,2709306642,Dunkin',fast_food,donut;coffee_shop,40.7467066,-73.9860515
node,2709306657,ETC Eatery,fast_food,asian,40.7479598,-73.9846822
node,2709306713,BCD Tofu House,restaurant,korean,40.7475091,-73.9860606
node,2709335786,Slate Cafe,cafe,coffee_shop;breakfast;sandwich;salad,40.7452911,-73.9845959
node,2709335829,Vezzo,restaurant,pizza,40.7444593,-73.9813057
node,2709347075,Medium Rare,restaurant,steak_house,40.7453122,-73.9787228
node,2709347111,Gnocchi on 9th,fast_food,italian,40.7446711,-73.9791255
node,2709389038,Mr. B Bar,bar,italian;coffee_shop,40.7446129,-73.9773007
node,2709389149,Wolfnights,fast_food,sandwich;salad,40.7451671,-73.9783095
node,2709389156,Jersey Mike's Subs,fast_food,sandwich,40.7440461,-73.9766274
node,2709389163,Pizza Das Roma,fast_food,pizza,40.7447209,-73.9761486
node,2709415078,Fluffies Hot Chicken,fast_food,chicken,40.747047,-73.9830618
node,2709415082,Cinico Coffee Company,cafe,coffee_shop,40.7482758,-73.9823964
node,2709430285,Wendy's,fast_food,burger,40.7519665,-73.9901608
node,2709493872,Pastrami and Grill,restaurant,,40.7552441,-73.9945593
node,2709629959,Snack EOS,restaurant,greek,40.7563648,-73.9939169
node,2709629964,La-Sani Grill,restaurant,mediterranean,40.7571191,-73.9938012
node,2709629969,Grace Cafe,cafe,,40.7547832,-73.9913539
node,2709629973,Upside Pizza,restaurant,pizza,40.7551601,-73.9910642
node,2709702225,Adobo Mexican Grill,fast_food,mexican,40.752533,-73.9867198
node,2709702235,Mexicue,restaurant,mexican,40.7541088,-73.9860614
node,2709702293,Playa Bowls,fast_food,açaí,40.7510521,-73.9870933
node,2709702369,Costas,fast_food,latin_american,40.7496644,-73.9856911
node,2709702378,Dunkin',fast_food,donut;coffee_shop,40.7493,-73.9841629
node,2709702424,Magic Hour,bar,,40.7523932,-73.9893008
node,2709702562,Starbucks,cafe,coffee_shop,40.7509797,-73.9871486
node,2709702569,Sanmiwago,fast_food,taiwanese,40.7511709,-73.9865137
node,2709702576,Krispy Kreme,fast_food,donut,40.7514303,-73.9863268
node,2709860719,Mémé Mediterranean,restaurant,mediterranean,40.7609011,-73.9947642
node,2709860764,DBL,bar,,40.7627758,-73.9933967
node,2709878727,Mr Bigg's Bar & Grill,restaurant,,40.7603332,-73.9947365
node,2709892566,Senza Gluten by Jemiko,restaurant,italian,40.7610811,-73.9941852
node,2709897865,The History,restaurant,,40.7605282,-73.9913287
node,2709897877,Kochi,restaurant,korean,40.7620108,-73.9935128
node,2709915241,Qi,restaurant,thai,40.7620625,-73.9897658
node,2709931391,Pocket Bar,bar,,40.7633931,-73.9923609
node,2709931392,Back Pocket Bar,bar,,40.763866,-73.9920297
node,2709955296,The Red Stache,bar,,40.76498,-73.9883465
node,2709967732,Wondee Siam,restaurant,,40.7647706,-73.987788
node,2709967734,The Meatball Shop,restaurant,regional,40.7651951,-73.9874674
node,2709967742,China Gourmet,fast_food,chinese,40.7638874,-73.9851961
node,2710031782,Churrascaria Plataforma,restaurant,brazilian;steak_house,40.7620192,-73.987651
node,2710031798,Mixue,cafe,ice_cream;bubble_tea,40.7615202,-73.9868934
node,2710031799,Times Square Diner & Grill,restaurant,diner,40.7615479,-73.9868708
node,2710091465,Harry Cipriani,restaurant,italian,40.7643866,-73.972705
node,2710195174,Subway,fast_food,sandwich,40.7684724,-73.9888124
node,2710195176,Rubby Pizzeria Restaurant,restaurant,pizza,40.7687413,-73.9886105
node,2710195178,Rex,cafe,coffee_shop,40.7688283,-73.9885588
node,2710196320,Masseria Caffé & Bakery,cafe,sandwich;coffee_shop;pastry;salad;italian,40.7685278,-73.9855197
node,2710839408,Profit II,fast_food,chinese,40.7456171,-73.9755012
node,2710845397,Villa Berulia,restaurant,italian,40.7469172,-73.9805077
node,2710917577,Mad Dog & Beans Mexican Cantina,restaurant,mexican,40.7507533,-73.9819745
node,2710917633,Pret A Manger,fast_food,sandwich,40.7497762,-73.9833698
node,2711023702,Shawarma Bay,fast_food,middle_eastern,40.7583615,-73.962638
node,2711029303,Mr Chow,restaurant,chinese,40.7587671,-73.9644197
node,2711084789,Lenwich,fast_food,sandwich,40.75739,-73.9664621
node,2711084839,Jimbo's Hamburger Place,fast_food,burger;breakfast;sandwich,40.7567407,-73.9643039
node,2711174997,Yezo Isankaya,restaurant,thai,40.7542073,-73.968608
node,2711221740,The Smith,restaurant,american,40.7552632,-73.968022
node,2711232711,P.J. Clarke’s,restaurant,,40.7589826,-73.9682301
node,2711393424,Wollensky's Grill,restaurant,,40.755098,-73.9707185
node,2711393442,Tensai Udon House,restaurant,japanese,40.7559526,-73.9693724
node,2711628444,Pennylane Coffee,cafe,,40.7516393,-73.9702273
node,2711628862,Centro Latino II,cafe,colombian;cuban,40.7895331,-74.0055323
node,2711639355,Barnes Bistro,restaurant,,40.7530685,-73.9716289
node,2711639380,Zara Terrace,restaurant,turkish;mediterranean,40.7524053,-73.9700918
node,2711639386,Mama Pho,fast_food,vietnamese,40.7534268,-73.9693644
node,2711639392,Angeletto,restaurant,italian,40.7531439,-73.9695683
node,2711692856,Yakiniku TORAJI,restaurant,japanese,40.7510434,-73.9727833
node,2711692943,La Trattoria,fast_food,italian,40.7515916,-73.9706919
node,2714216773,La Chula,restaurant,mexican;tacos,40.7988313,-73.9416629
node,2714226125,Subway,fast_food,sandwich,40.8014498,-73.943959
node,2714704296,Sam's Place,restaurant,italian,40.7493393,-73.9772354
node,2714704321,Take Care,restaurant,american;breakfast,40.7483628,-73.9781141
node,2714704324,Tam Sang,restaurant,thai,40.7493894,-73.9773773
node,2714704334,Caffé Venice,fast_food,breakfast;sandwich,40.7488426,-73.9760665
node,2714777528,Roast Coffee Shop,cafe,,40.7485521,-73.9735528
node,2714777544,Sachi,restaurant,asian,40.7476501,-73.9740389
node,2714805246,$1.50 Fresh Pizza,fast_food,pizza,40.751708,-73.9743385
node,2714805252,Bôilicious,fast_food,sandwich;vietnamese,40.7521026,-73.9738462
node,2714805259,Aroma Espresso Bar,cafe,coffee_shop,40.7506675,-73.973776
node,2714855288,Benjamin Prime,restaurant,steak_house,40.7515422,-73.9798731
node,2714855295,Serafina Italian Restaurant,restaurant,italian,40.7500156,-73.9811517
node,2714913585,Chop & Go,fast_food,salad,40.7528537,-73.9738893
node,2714913600,Wendy's,fast_food,burger,40.7526054,-73.9733371
node,2714921295,Luckin Coffee,cafe,coffee_shop,40.7543029,-73.9720967
node,2714986490,Yakitori Torishin,restaurant,japanese,40.7650575,-73.987136
node,2714986493,Alfie's,restaurant,regional,40.7653775,-73.9873248
node,2714986494,Broadway Comedy Club,bar,,40.7644572,-73.985746
node,2715447755,Chop & Go,restaurant,,40.7591744,-73.9702294
node,2715447782,Maman,cafe,,40.7599011,-73.9696793
node,2715447823,Cassiano's Pizzeria,fast_food,pizza,40.7595409,-73.9682781
node,2715511994,Pokeworks,fast_food,,40.7509923,-73.9767859
node,2715512001,Starbucks,cafe,coffee_shop,40.7503295,-73.9770276
node,2715512014,International Chicken Company,fast_food,chicken;wings;burger,40.7543671,-73.9767532
node,2715512070,Devocion,cafe,,40.7580277,-73.9714246
node,2716011938,Little Italy,fast_food,pizza,40.7540533,-73.9798883
node,2716011967,King Cole Bar,bar,,40.7613571,-73.9744256
node,2716011970,Sushi Counter,fast_food,sushi,40.7587556,-73.9755177
node,2716011997,'Essen,fast_food,bagel;breakfast;sandwich;asian,40.759661,-73.9737825
node,2716012023,Sushiann,restaurant,sushi,40.7579822,-73.9742003
node,2716012089,Starbucks,cafe,coffee_shop,40.7563907,-73.9782057
node,2716012126,Uncle Paul's,fast_food,,40.7547774,-73.9768144
node,2716126852,iPizzaNY,fast_food,pizza,40.7608145,-73.990664
node,2716231113,Villa Fresh Italian Kitchen,restaurant,pizza,40.7572061,-73.9893098
node,2716231115,Dallas BBQ,restaurant,barbecue,40.7569552,-73.9887186
node,2716231215,Subway,fast_food,sandwich,40.758319,-73.9919412
node,2717223248,Taco Vida,restaurant,mexican,40.7550594,-73.9888949
node,2717223251,Domino's,fast_food,pizza,40.7552792,-73.9888751
node,2717223265,CoCo Fresh Tea & Juice,cafe,bubble_tea,40.7551278,-73.9890582
node,2717223348,Margaritaville,restaurant,,40.7550162,-73.9880032
node,2717293822,China River,restaurant,chinese,40.7582012,-73.9883065
node,2717293824,Carmine's,restaurant,italian,40.7575108,-73.9867126
node,2717293852,Rum House,bar,,40.7597407,-73.9861863
node,2717293865,Frankie and Johnie's Steakhouse,restaurant,steak_house,40.7600472,-73.9888591
node,2717293878,Gui Steakhouse,restaurant,korean;american,40.7605323,-73.9870469
node,2717293880,John's Pizzeria,restaurant,italian,40.7582345,-73.9884017
node,2717323719,Gong Cha,cafe,bubble_tea,40.7602955,-73.9845027
node,2717323748,Nanking,restaurant,chinese,40.7615479,-73.9837434
node,2717323791,La Masseria,restaurant,italian,40.7608991,-73.986314
node,2717355332,Food City Cafe & Pizza,fast_food,pizza,40.7635422,-73.9829571
node,2717355367,Russian Vodka Room,bar,,40.7634867,-73.9847984
node,2717355372,Shake Shack,fast_food,burger,40.7632595,-73.9821151
node,2717355374,Dunkin',fast_food,donut;coffee_shop,40.7629479,-73.985404
node,2717542956,Butterflied Chicken,restaurant,,40.7557612,-73.9805909
node,2717543271,Fogo de Chão,restaurant,brazilian;steak_house,40.7611533,-73.9779162
node,2717543459,Lenwich,fast_food,sandwich,40.7569108,-73.9775263
node,2717543485,Just Salad,fast_food,salad,40.7572239,-73.9815588
node,2717543618,Pret A Manger,fast_food,sandwich,40.7621496,-73.98224
node,2717836837,Sushi Ginza,restaurant,sushi,40.7591533,-73.9625239
node,2717840339,Daily Bagel,fast_food,bagel,40.7608382,-73.9613095
node,2717840346,Charlotte Cafe,cafe,coffee_shop,40.7616926,-73.9633311
node,2717862921,Shaken Not Stirred,bar,american;sushi,40.7610284,-73.9611617
node,2717862924,Moti Mahal Delux,restaurant,indian,40.7620819,-73.9603873
node,2717862940,Ritz Diner,restaurant,diner,40.7617205,-73.9606568
node,2718017504,Dunkin',fast_food,donut;coffee_shop,40.7591867,-73.9705781
node,2718031019,Felice 64,restaurant,italian,40.7625623,-73.9596
node,2718042362,Il Postino,restaurant,italian,40.7637327,-73.9676111
node,2718050718,Loco Coco,restaurant,smoothie,40.7650653,-73.965936
node,2718064489,City Hops,bar,,40.761438,-73.9639675
node,2718064490,Vero Social,bar,,40.7616106,-73.9638442
node,2718064492,Hawa,cafe,asian;bubble_tea;juice;smoothie,40.7616548,-73.9638109
node,2721574113,Pongsri,restaurant,thai,40.7606849,-73.9865304
node,2721574118,An'nam,restaurant,vietnamese;japanese,40.7606569,-73.9864408
node,2721574123,Starbucks,cafe,coffee_shop,40.7604406,-73.987191
node,2722711709,Emmett's,restaurant,american;pizza,40.7273671,-74.0025442
node,2722711716,Raku Soho,restaurant,japanese,40.7273101,-74.0025925
node,2722712554,Villa Mosconi,restaurant,italian,40.7285324,-74.0018748
node,2722720658,Da Silvano,restaurant,italian,40.7289641,-74.0022949
node,2722857800,Friedman's,restaurant,,40.75965,-73.985965
node,2722857817,Glass House Tavern,restaurant,,40.7599261,-73.9866455
node,2722857832,Dilli Dilli,restaurant,indian,40.7598975,-73.9865625
node,2722857837,Trattoria Trecolori,restaurant,italian,40.7599596,-73.9867307
node,2723493279,Two Boots Pizza,restaurant,pizza,40.7645432,-73.961697
node,2723661031,Daniel,restaurant,french,40.7667776,-73.9675711
node,2723664157,LENOXTHAI,restaurant,thai,40.7638606,-73.9590987
node,2723681306,McDonald's,fast_food,burger,40.7659,-73.9571707
node,2723697638,Shwkulata,fast_food,waffle;pastry,40.7661146,-73.9558062
node,2723743081,Dunkin',fast_food,donut;coffee_shop,40.7641892,-73.9588502
node,2723743084,Chamoun's Way,restaurant,lebanese,40.7645085,-73.958622
node,2723749688,Gotham Green Cafe,cafe,mediterranean;health_food;juice,40.7663762,-73.9599027
node,2723749690,Donna Margherita,restaurant,italian;pizza,40.7664758,-73.9598292
node,2723749703,Patsy's Pizzeria,restaurant,pizza,40.7658031,-73.9576857
node,2723749985,Starbucks,cafe,coffee_shop,40.76607,-73.9574726
node,2723751143,Sweetgreen,fast_food,salad,40.7670985,-73.9567312
node,2723755307,Mission Ceviche,restaurant,peruvian,40.7691688,-73.957859
node,2723782890,Stumble Inn,bar,american,40.771213,-73.9563888
node,2723782910,Starbucks,cafe,coffee_shop,40.7699331,-73.9546801
node,2723785759,THEP,restaurant,thai,40.7707302,-73.9571771
node,2723789296,A La Turka Restaurant,restaurant,turkish,40.7700896,-73.9576457
node,2723809130,Madame Bonte Cafe,cafe,,40.7658005,-73.9628184
node,2723813006,Gong Cha,cafe,bubble_tea,40.767958,-73.9637948
node,2723825029,Tang's Garden,restaurant,chinese,40.7722902,-73.9589738
node,2723866660,Poppi,cafe,coffee_shop,40.7698597,-73.9671261
node,2723866745,Blenoir Crêpes and Cafe,restaurant,crepe,40.7690481,-73.9633799
node,2723870222,Corrado Bread And Pastry,cafe,italian;sandwich;coffee_shop;soup;salad;pastry,40.7692531,-73.9632427
node,2723953331,Café Carlyle,cafe,,40.7742485,-73.9629901
node,2723965261,Harbs,cafe,pastry;sandwich,40.7737711,-73.9578856
node,2723970267,Le Petit Parisienne,cafe,french;sandwich;,40.7719283,-73.953579
node,2723972058,Hunan Delight Matsuya,restaurant,chinese;japanese,40.7706945,-73.9511705
node,2723975578,Ikyu Sushi,restaurant,sushi;japanese,40.7709875,-73.9539139
node,2723975579,Spice,restaurant,thai,40.7711933,-73.9537403
node,2723975581,Nightly's Bar and Bistro,restaurant,,40.7724775,-73.9554399
node,2724051411,Chirping Chicken,restaurant,chicken,40.7744908,-73.9539936
node,2724054779,Flex Mussels,restaurant,seafood,40.7754167,-73.9562405
node,2724066791,Taco Bell,fast_food,tex-mex,40.7763137,-73.9526353
node,2724082968,Gracie's Diner,restaurant,diner,40.7771749,-73.9524957
node,2724083007,Casita of Brooklyn,cafe,coffee_shop,40.7776057,-73.9514952
node,2724095355,Mimi's Pizza,restaurant,pizza,40.7785582,-73.9529641
node,2724113139,Catch n' Chop,restaurant,steak; seafood,40.7813175,-73.9523876
node,2724113143,Al-Badawi,restaurant,middle_eastern; palestinian,40.7799787,-73.9504323
node,2724165752,La Bomboniera,cafe,,40.7826516,-73.9534733
node,2724171700,Eli's Bar 91,bar,,40.7839393,-73.9567416
node,2724181868,Juice Generation,cafe,juice,40.7773842,-73.9552806
node,2724189347,Amber,restaurant,sushi,40.7749423,-73.957062
node,2724212862,Lexington Candy Shop,restaurant,diner,40.7775102,-73.9572158
node,2724232183,fresh&co,restaurant,health_food;american,40.7787743,-73.9562897
node,2724236509,Bocado Cafe,restaurant,american,40.7802154,-73.9548959
node,2724283926,Daily Provisions,cafe,,40.7873253,-73.9538938
node,2727176211,Park Café,restaurant,american,40.7642327,-73.9807509
node,2727176217,Redeye Grill,restaurant,seafood,40.7650918,-73.9805946
node,2744832035,Dunkin',fast_food,donut;coffee_shop,40.7675146,-73.9899553
node,2744832045,The Greek Kitchen,restaurant,greek,40.7697543,-73.9883234
node,2744875804,Atlantic Grill,restaurant,seafood,40.7720849,-73.9813978
node,2744944466,Starbucks,cafe,coffee_shop,40.7748547,-73.9841451
node,2744965101,Dig,fast_food,regional,40.774277,-73.9814791
node,2744981556,Empire Szechuan,restaurant,chinese,40.77522,-73.9801757
node,2745003122,Two Boots Pizza Upper West Side,fast_food,pizza,40.7765306,-73.9790882
node,2745003123,Juice Press,fast_food,juice,40.7764959,-73.9792402
node,2745010769,Chanson,cafe,,40.777108,-73.9817979
node,2745010771,Bondi Sushi,restaurant,sushi,40.7773213,-73.9818066
node,2745018029,Vanguard Wine Bar,bar,,40.7763636,-73.9830423
node,2745038464,Cafe Luxembourg,restaurant,french,40.777411,-73.9831224
node,2745087243,Shinbashi 72,restaurant,japanese,40.7788967,-73.9827653
node,2745087259,Kossar’s Bagels & Bialys,fast_food,bagel,40.7795817,-73.9843671
node,2745119745,Felice Columbus,restaurant,italian,40.7769663,-73.9793341
node,2745321892,Dakota Bar,bar,,40.7774878,-73.9785066
node,2745359371,Juice Generation,cafe,,40.7778332,-73.9793629
node,2745359378,Simply Noodles,restaurant,chinese,40.7788474,-73.9812288
node,2745370256,Salumeria Rosi,restaurant,italian;tuscan,40.7793592,-73.9808591
node,2745418631,Asset,restaurant,,40.7795342,-73.9769922
node,2745436339,Sempre Oggi,restaurant,italian,40.7803309,-73.9799393
node,2745436362,Sweetgreen,fast_food,salad,40.780345,-73.9801482
node,2745450969,,restaurant,,40.7795405,-73.977468
node,2745500634,Le Pain Quotidien,cafe,coffee_shop,40.7819863,-73.9813099
node,2745500689,New Cottage Restaurant,restaurant,chinese,40.7831711,-73.980799
node,2745527658,Daily Provisions,cafe,,40.7822863,-73.9787291
node,2745534942,Wafels & Dinges,fast_food,dessert,40.7818389,-73.9757879
node,2745543217,Swagat,restaurant,indian,40.7835143,-73.9778183
node,2745558092,Made in New York Pizza,fast_food,pizza,40.7838575,-73.977564
node,2745558099,Uno Pizzeria & Grill,restaurant,pizza,40.7832166,-73.9748026
node,2745602443,La Sirène,restaurant,,40.7838129,-73.978072
node,2745620594,Zabar's Cafe,cafe,,40.7847359,-73.9796748
node,2757387164,Tiki Chick,bar,,40.7868369,-73.9753999
node,2758255864,Bodega 88,restaurant,,40.7874733,-73.9712259
node,2758274696,Fellini Coffee,cafe,coffee_shop,40.787081,-73.9752113
node,2758274712,Vive La Crepe!,restaurant,crepe,40.7863208,-73.9725206
node,2758287019,Starbucks,cafe,coffee_shop,40.7867605,-73.9722137
node,2758547204,Mila Cafe,restaurant,greek,40.7914865,-73.9688503
node,2758640952,Peacefood Cafe,restaurant,,40.7852776,-73.9770179
node,2758640953,Florentin,bar,,40.7859091,-73.9765477
node,2758662008,New Kam Lai,restaurant,chinese,40.7869241,-73.9758011
node,2758709691,Maison Pickle,restaurant,breakfast,40.7870205,-73.9779679
node,2758752411,La Farine,cafe,,40.7892265,-73.9754011
node,2758924029,Café One,cafe,coffee_shop,40.8220999,-73.9496705
node,2759055223,Bodrum,restaurant,mediterranean,40.7893232,-73.9740535
node,2759055284,Dunkin',fast_food,donut;coffee_shop,40.7899233,-73.9748945
node,2759055296,Yavsouvlaki,restaurant,greek,40.7895922,-73.9738568
node,2759055318,Dragon 89,restaurant,chinese,40.7900181,-73.9735411
node,2759055335,Panineria,cafe,,40.7901865,-73.9734199
node,2759055341,Chick Chick,restaurant,chicken,40.7902226,-73.9733936
node,2759204841,Frame Cafe,cafe,,40.7914803,-73.9744357
node,2759204916,Tal Bagels,cafe,bagel,40.7910099,-73.9741121
node,2759235699,Holy Schnitzel,restaurant,,40.7914735,-73.9724809
node,2759235789,Fillup Coffee,cafe,coffee_shop,40.7921965,-73.9732253
node,2759235829,Talia's Steakhouse,restaurant,steak_house,40.7919611,-73.9721475
node,2759235843,Shawarma Shabazi,restaurant,mediterranean;israeli,40.7920135,-73.9721099
node,2759235855,Sushi Tokyo,restaurant,sushi,40.7917348,-73.9723098
node,2759308655,Rancho Tequileria,restaurant,mexican,40.7933325,-73.9711112
node,2759308678,La Nueva Victoria Restaurant,restaurant,spanish;mexican,40.7937683,-73.972093
node,2759444356,Shah's Halal Food,fast_food,,40.7935473,-73.9709682
node,2759522536,Baazi,restaurant,indian,40.7955918,-73.9707481
node,2761444458,Broadway Dive,bar,,40.7978913,-73.9690987
node,2761464888,Flor De Mayo,restaurant,chinese;peruvian,40.7977664,-73.9698654
node,2761499679,Boba Whale,cafe,bubble_tea,40.798239,-73.9695036
node,2761499681,Sal & Carmine Pizza,restaurant,pizza,40.7983365,-73.9694327
node,2761520411,Ollie's,restaurant,chinese,40.799428,-73.9687022
node,2761520412,Cajun Halal Platters,restaurant,cajun,40.7995109,-73.968661
node,2761520418,Zurna,restaurant,falafel,40.7997453,-73.9685447
node,2761533833,Café du Soleil,restaurant,french,40.8000965,-73.9683967
node,2761564518,Traviata Pizza II,restaurant,pizza,40.8012195,-73.9681803
node,2761564519,Columns Wine Bar,bar,,40.8009462,-73.9676253
node,2761570403,Benny’s Chao King,restaurant,chinese,40.7982983,-73.9638001
node,2761570412,City Coffee Bar,cafe,,40.7984682,-73.9636775
node,2761578489,Longwood Fish Market,restaurant,seafood,40.7980144,-73.9635291
node,2761593514,Saiguette,restaurant,vietnamese,40.7990256,-73.9627891
node,2761630143,Hinds Hall,restaurant,palestinian,40.8005107,-73.9654148
node,2761641622,Park Cafe,cafe,,40.7994859,-73.9610681
node,2761641648,Halal Chicks,restaurant,,40.7999441,-73.9621165
node,2761641649,Super Nice Pizza,restaurant,pizza,40.8015676,-73.9646575
node,2761651148,Lion's Head Tavern,bar,,40.802193,-73.9641798
node,2761657479,Dragon 109 on Columbus,fast_food,chinese,40.8012857,-73.9611423
node,2761663411,Mizu Hibachi,restaurant,japanese,40.8007904,-73.9656898
node,2761663412,Bánh Shop House,restaurant,vietnamese,40.8008545,-73.9656397
node,2761668112,Aunt Jenny,fast_food,chinese,40.8027137,-73.9673714
node,2761668118,Tacos Cano,fast_food,mexican,40.8015281,-73.9651497
node,2761671634,Gong Cha,cafe,bubble_tea,40.8031669,-73.9670886
node,2761671638,Taco Bell,fast_food,tex-mex,40.8033656,-73.9669485
node,2761671640,Amity Hall Uptown,restaurant,,40.802258,-73.9646355
node,2761677767,Roti Roll (Bombay Frankie),restaurant,indian,40.8025909,-73.9643696
node,2761716454,Tex's Chicken & Burgers,fast_food,burger;chicken,40.7876564,-73.9443752
node,2761809232,La Isla Restaurant,restaurant,latin_american,40.7902892,-73.9453843
node,2761818482,Sol Maya,restaurant,mexican,40.7905474,-73.9427168
node,2761822752,Alison,bar,american,40.7909848,-73.9470267
node,2761822755,El Nuevo Caribeno,restaurant,caribbean,40.7916166,-73.9465711
node,2761822769,Taco Bell,fast_food,tex-mex,40.7904397,-73.945717
node,2762327893,East Harlem Bottling Co,restaurant,american,40.7929592,-73.9455878
node,2762327901,Jaguar,restaurant,mexican,40.793587,-73.9451239
node,2762442267,Safari,restaurant,,40.8005894,-73.9527099
node,2762451097,Claire's Kitchen Cafe,cafe,,40.7997636,-73.9526587
node,2762470556,Lalibela,restaurant,ethiopian,40.8023112,-73.9566682
node,2762470557,Atomic Wings,fast_food,wings,40.8025114,-73.9565294
node,2762553956,Kennedy Chicken & Burgers,fast_food,fried_chicken,40.8046013,-73.954985
node,2762553969,BIXI Harlem,restaurant,,40.8048187,-73.9548295
node,2765266905,Panda Express,fast_food,chinese,40.8045839,-73.9660698
node,2765266916,Koronet Pizza,restaurant,pizza,40.8044412,-73.9661746
node,2765363739,Sapps,restaurant,japanese,40.8055983,-73.9653069
node,2765399915,Sam’s Famous Pizza,restaurant,pizza,40.7984191,-73.9415796
node,2765399935,El Nuevo Caridad,restaurant,dominican,40.7969303,-73.9380482
node,2765415500,BB Juice Bar,fast_food,juice,40.7987043,-73.9413732
node,2765415612,McDonald's,fast_food,burger,40.7985984,-73.9397679
node,2765415641,Sandy Restaurant,restaurant,dominican,40.7972174,-73.9378376
node,2765449317,Rao’s,restaurant,italian,40.7939234,-73.9342665
node,2765465542,Dunkin',fast_food,donut;coffee_shop,40.7960842,-73.9351265
node,2765742254,Barawine,bar,,40.80454,-73.9474459
node,2765765931,Texas Chicken & Burgers,fast_food,burger;chicken,40.8074341,-73.9491277
node,2767369780,Shake Shack,fast_food,burger,40.8066911,-73.9424929
node,2767370017,Chipotle,fast_food,mexican,40.810804,-73.9522586
node,2767707740,Kennedy Fried Chicken & Pizza,restaurant,,40.8142537,-73.9367717
node,2767863009,Empire Chinese Restaurant,restaurant,chinese,40.8191781,-73.940541
node,2767863013,Polanco Restaurant B.B.Q.,restaurant,,40.8192262,-73.9405059
node,2768074420,Jumbo Hamburgers,fast_food,burger;sandwich,40.8225428,-73.9416271
node,2768128864,Charles Pan-Fried Chicken,fast_food,chicken;soul_food,40.8235771,-73.9440803
node,2768136308,The Edge,restaurant,,40.8198671,-73.9460727
node,2768143200,Devin's Fish & Chips,fast_food,fish_and_chips,40.8257343,-73.9437791
node,2768143206,New Golden Empire,fast_food,chinese,40.8261292,-73.943478
node,2768171701,The Grange,restaurant,american,40.8225009,-73.9493735
node,2768296947,The Handpulled Noodle,restaurant,chinese,40.8284123,-73.94869
node,2768296962,At The Wallace,restaurant,american,40.8286652,-73.948469
node,2768305932,Hamilton's Bakery and Cafe,cafe,regional,40.8274731,-73.9493563
node,2768338990,Texas Chicken & Burgers,fast_food,burger;chicken,40.8246975,-73.9513921
node,2768392113,Empanadas Monumental,fast_food,latin_american,40.8137873,-73.9562105
node,2768405698,Nikko Hibachi Asian Fusion,restaurant,japanese;fusion;sushi,40.8114761,-73.9579151
node,2768418995,Bar 314,restaurant,pizza;italian,40.8141651,-73.9597532
node,2768419000,Max Soha,restaurant,pasta;soup;wine;steak,40.8112405,-73.9580424
node,2768438965,Broadway Au Lait,cafe,,40.8113713,-73.961115
node,2768450159,South of the Clouds,restaurant,,40.8082515,-73.9597714
node,2768451021,Kuro Kuma,cafe,coffee_shop,40.8140293,-73.959994
node,2768451022,Pisticci,restaurant,italian,40.8141743,-73.9603481
node,2768451029,La Salle Dumpling Room,restaurant,dumpling;chinese,40.8140333,-73.9598316
node,2768451031,Starbucks,cafe,coffee_shop,40.8150497,-73.9590898
node,2768451052,The Expat,bar,,40.8154613,-73.9600115
node,2768459581,Jin Ramen,restaurant,,40.8153944,-73.9588496
node,2781182645,McDonald's,fast_food,burger,40.7089178,-73.9589467
node,2782255491,Motorino,restaurant,pizza,40.7104673,-73.9635085
node,2782255494,OTB,bar,,40.7104506,-73.9634473
node,2782255496,Velvet Lounge,bar,tapas;snack,40.7099118,-73.96273
node,2782255523,,fast_food,,40.7085751,-73.9579595
node,2783626530,The Palm Restaurant,restaurant,,40.7516726,-73.9710941
node,2790840179,PaPi Pasta & Pizza,restaurant,pizza,40.7523035,-73.9894117
node,2793692755,Bombay Grill & Curry,restaurant,indian,40.7335812,-73.9549785
node,2793692760,Triangulo Pizzeria,fast_food,pizza,40.733627,-73.9549862
node,2796437589,Molly Tea,cafe,tea,40.8047903,-73.9665918
node,2796437602,Just Salad,fast_food,salad,40.8046991,-73.9666635
node,2796448525,Community Food & Juice,restaurant,american,40.8059481,-73.9657438
node,2796448528,Blue Bottle Coffee,cafe,coffee_shop,40.8062968,-73.9654905
node,2796448529,Dos Toros Taqueria,fast_food,mexican,40.8065919,-73.9652699
node,2796691174,Dunkin',fast_food,donut;coffee_shop,40.8309549,-73.9411038
node,2796759877,Dunkin',fast_food,donut;coffee_shop,40.8357173,-73.944001
node,2796929069,McDonald's,fast_food,burger,40.8352848,-73.9443185
node,2797210304,Poke Station,restaurant,,40.8430348,-73.9394044
node,2797210305,Jersey Mike's Subs,fast_food,sandwich,40.8430748,-73.9394012
node,2797210306,La Dinastia Restaurant,restaurant,chinese; latin,40.8431777,-73.9393928
node,2797219951,Koronet Pizza,fast_food,pizza,40.8442527,-73.9391584
node,2797260688,Papa John's,fast_food,pizza,40.845324,-73.9389167
node,2797260694,Mi Paso,restaurant,salvadoran;mexican,40.8458772,-73.9387502
node,2797260695,Suross,restaurant,thai,40.8459748,-73.9387222
node,2797260698,El Sabor Nuevo,restaurant,latin_american,40.846117,-73.9386733
node,2797260699,Malecon,restaurant,dominican,40.8463658,-73.9386007
node,2797261799,Manolo,restaurant,,40.847173,-73.938357
node,2797261820,Poción Lounge,restaurant,dominican,40.847528,-73.938419
node,2797462932,Chicken Ranch,restaurant,chicken,40.8483931,-73.9324029
node,2797466263,Munchies,restaurant,caribbean,40.8488894,-73.9342703
node,2797484788,Chick-fil-A,fast_food,chicken,40.8495217,-73.9338827
node,2797524092,Au Jus,restaurant,barbecue,40.8492955,-73.9364209
node,2797527512,Domino's,fast_food,pizza,40.8505846,-73.937606
node,2797589503,Saggio,restaurant,italian,40.851374,-73.9394905
node,2797600871,Refried Beans Mexican Grill,restaurant,mexican,40.8549554,-73.9371041
node,2797600873,Fresco's Pizzeria,restaurant,pizza,40.8551515,-73.9373517
node,2797600877,Yang Garden,restaurant,chinese,40.8552708,-73.9377099
node,2797628447,Grito,restaurant,mexican,40.8535476,-73.9308711
node,2797659824,Vegan Quick Bites by Next Stop Vegan,restaurant,,40.8559656,-73.9286418
node,2797681668,Tampopo Kitchen,restaurant,sushi;udon,40.8553005,-73.9371769
node,2797682470,Fruces,fast_food,juice,40.8554026,-73.937473
node,2797701868,Dyckman Cafe & Grill,cafe,,40.8618825,-73.9251616
node,2797789439,Yummy Thai,restaurant,thai,40.8680756,-73.9204967
node,2797917337,Starbucks,cafe,coffee_shop,40.7663043,-73.9829515
node,2798984208,Gio's Pizza,restaurant,pizza,40.812239,-73.9246375
node,2799259028,Popeyes,fast_food,chicken,40.8155161,-73.9189304
node,2799974187,Seis Vecinos,restaurant,honduran;mexican,40.8153204,-73.9031697
node,2806612113,Coffee Donuts,cafe,,40.8370735,-73.9098361
node,2807618245,Liberato Restaurant,restaurant,caribbean,40.8585533,-73.9039988
node,2808737392,Liberato Restaurant,restaurant,,40.8537083,-73.9080019
node,2808742202,Tex's Chicken & Burgers,fast_food,burger;chicken,40.8539505,-73.9082211
node,2808742219,Ming Wong,fast_food,chinese,40.8539356,-73.9087572
node,2809118386,Roebling Sporting Club,bar,,40.7169763,-73.9546566
node,2809136676,Salsa Con Fuego,restaurant,,40.8622004,-73.9113629
node,2811013894,Empire 19,restaurant,chinese,40.8785398,-73.9174514
node,2818577537,Nur Thai,restaurant,,40.7596873,-73.926994
node,2818577544,La Gata Golosa,restaurant,colombian,40.7619505,-73.9256567
node,2821326392,Starbucks,cafe,coffee_shop,40.7116433,-74.0066898
node,2821335216,Dunkin',fast_food,donut;coffee_shop,40.714713,-74.0077745
node,2821335221,Chipotle,fast_food,mexican,40.7144985,-74.0062757
node,2823245288,Friedman's,restaurant,american;chinese;japanese,40.7149791,-74.0148379
node,2823256858,Bluestone Lane,cafe,,40.7160631,-74.0085698
node,2824696355,Dunkin',fast_food,donut;coffee_shop,40.710003,-74.0101997
node,2824696370,Épicerie Boulud,cafe,,40.7112884,-74.0102748
node,2824828263,Umami Ramen,restaurant,,40.7050089,-74.0097706
node,2824828280,3 Times Dim Sum,restaurant,chinese,40.7033341,-74.0106724
node,2824828323,Smorgas Chef,restaurant,scandinavian,40.7043755,-74.0103859
node,2824828336,Bodega Gran Via,restaurant,,40.704458,-74.0102766
node,2825064871,Suited,cafe,coffee;sandwich;pastry,40.7092434,-74.0078826
node,2825071730,Call Me Pasta,fast_food,italian,40.7075464,-74.0053841
node,2825071740,Taco Bell Cantina,fast_food,tex-mex,40.7084401,-74.0050411
node,2825125211,Cobble & Co,restaurant,,40.7070094,-74.0035612
node,2825125230,Urban Cove Society & Kitchen,restaurant,global;american,40.707989,-74.0014511
node,2825125236,Cowgirl Seahorse,restaurant,southwestern;american,40.7082323,-74.0005339
node,2825233200,Takahachi Bakery,cafe,japanese;bakery,40.7137279,-74.0084336
node,2825288943,Wo-Hop,restaurant,chinese,40.714289,-73.9988678
node,2825288960,Shanghai 21,restaurant,,40.7144241,-73.9988882
node,2825288971,Opera House,bar,chinese,40.7143387,-73.9980744
node,2825288972,Buddha Bodai,restaurant,chinese,40.713865,-73.9987984
node,2826407083,Café Grumpy,cafe,coffee_shop,40.7426583,-73.9983133
node,2826433688,Café Grumpy,cafe,coffee_shop,40.7151271,-73.9901425
node,2826436147,Mr. Fong's,bar,,40.7124273,-73.9942509
node,2826442741,CC’s Cafe,cafe,american,40.7116726,-73.9946073
node,2826470599,Joe Pro Shop & Headquarters,cafe,coffee_shop,40.7422365,-73.9949484
node,2826472442,Fei Tenc Seafood,restaurant,seafood,40.7138263,-73.9948732
node,2826472444,Shui Mei Cafe,restaurant,chinese,40.713556,-73.9947941
node,2826475506,The Comfort Diner,restaurant,diner,40.7522777,-73.9723289
node,2826520610,Kennedy Fried Chicken,fast_food,chicken,40.7127428,-73.9903295
node,2826571503,Eastwood,restaurant,mediterranean,40.7141721,-73.987061
node,2826581777,Kossar's Bagels & Bialys,fast_food,bagel,40.7164072,-73.9887865
node,2826581781,The Doughnut Plant,cafe,donut,40.7163413,-73.9885359
node,2826581783,Saluggi's East,restaurant,italian;diner,40.7160067,-73.9874972
node,2826581784,Manousheh,restaurant,lebanese;middle_eastern,40.7159851,-73.9874254
node,2826715678,Shake Shack,fast_food,burger,40.7194705,-73.9866762
node,2826715687,Taco Mix,fast_food,mexican,40.7181073,-73.9859722
node,2826754297,Black Crescent,bar,seafood,40.7189562,-73.9850248
node,2826801774,Caracas Arepa Bar,restaurant,,40.7198762,-73.9830171
node,2826842009,Balvanera,restaurant,argentinian,40.7205874,-73.9853737
node,2826842017,Remedy Diner,restaurant,diner,40.7217736,-73.9854765
node,2826842018,The Mayfly,bar,,40.7215253,-73.9846546
node,2826971929,BaoHub,fast_food,asian,40.732275,-73.9821284
node,2826971932,Bagel Boss,fast_food,bagel;breakfast;sandwich,40.7323263,-73.9820949
node,2827035685,Hane,restaurant,japanese;sushi,40.7346437,-73.9797605
node,2827157706,Tacos Grand Central,fast_food,mexican,40.7475291,-73.9741022
node,2827157728,Townhouse Diner,restaurant,diner,40.7469948,-73.9740131
node,2827168689,El Pote Español,restaurant,spanish,40.7475626,-73.973629
node,2827168690,Ground Central,cafe,,40.7474254,-73.9737287
node,2827478159,Hungarian Pastry Shop,cafe,dessert;hungarian;coffee_shop;coffee,40.803562,-73.9636828
node,2834844701,Le Pain Quotidien,cafe,coffee_shop,40.7729961,-73.9742495
node,2838087254,Gina's Pizzeria,restaurant,pizza,40.7410074,-73.9038191
node,2838336215,Meadowsweet,restaurant,american,40.7103472,-73.9631701
node,2838336269,Reben Luncheonette,restaurant,,40.7089856,-73.9590515
node,2838396422,Rico Ambeteño,fast_food,mexican;breakfast,40.7002476,-73.9469934
node,2838396439,Burger King,fast_food,burger,40.700934,-73.9425251
node,2838401815,La Isla Cuchifritos,fast_food,latin_american,40.7010273,-73.9419966
node,2838409881,Nino's,fast_food,pizza;italian;portuguese;breakfast,40.7050683,-73.9426734
node,2838481473,Happy Garden,fast_food,chinese,40.7052797,-73.9430238
node,2838510034,Win Son,restaurant,american;asian;taiwanese,40.7074472,-73.9433955
node,2838525815,Williamsburg Pizza,fast_food,,40.7081297,-73.9508065
node,2838525822,Nyla,cafe,,40.7076759,-73.9516638
node,2838543620,La Milagrosa,bar,,40.7117087,-73.9573417
node,2838545037,Dokidoki,bar,,40.7114643,-73.9577638
node,2838554711,Bushwick Pita Palace,restaurant,,40.7075295,-73.9396531
node,2838554727,Eim Dee Thai,fast_food,thai,40.7065555,-73.9394935
node,2838575984,Roberta's,restaurant,pizza,40.7050062,-73.9335894
node,2838596312,Forever Thai,restaurant,thai,40.7039175,-73.931087
node,2838596351,SEY Coffee,cafe,,40.7054219,-73.9323788
node,2838640410,Musashi,restaurant,asian,40.7110567,-73.9514148
node,2838688673,Los Tacos Mcondo,restaurant,mexican,40.7108455,-73.9509231
node,2838688680,La Taqueria,restaurant,mexican,40.7110336,-73.9489993
node,2838697360,Sandwich Shop,restaurant,sandwich,40.7112752,-73.9461178
node,2838700852,Taqueria Bar N2,restaurant,mexican,40.7111558,-73.9440049
node,2838706928,Muz Muz CBD Lounge,cafe,snack,40.7125301,-73.9438874
node,2838706954,Crafted Halal,fast_food,chicken;sandwich,40.7120684,-73.9409389
node,2838720763,Haymaker's Corner Store,restaurant,,40.7126586,-73.9476185
node,2838720789,Campbell & Co.,cafe,breakfast;sandwich;pastry,40.712008,-73.9489067
node,2838720790,Rose Marie,restaurant,american,40.7125141,-73.9489905
node,2838720793,Mad For Chicken,restaurant,chicken,40.7114237,-73.9475078
node,2838733588,Here,cafe,coffee_shop,40.7139069,-73.9418565
node,2839628051,,cafe,,40.7146064,-73.9605048
node,2839628066,Birds of a Feather,restaurant,chinese,40.7143133,-73.9605332
node,2839628069,Samurai Mama,restaurant,japanese;ramen,40.7141481,-73.96014
node,2839656764,We Got Company,bar,,40.7141936,-73.9539085
node,2839699811,Little Ruby's,restaurant,bistro;breakfast;lunch,40.7191551,-73.958603
node,2839699812,Café Colette,restaurant,,40.71977,-73.9576296
node,2839699813,Fat Goose,restaurant,,40.7201044,-73.9596332
node,2839699816,George & Jacks Tap Room,bar,,40.7190372,-73.9584135
node,2839699821,Antica Pesa,restaurant,italian,40.718823,-73.9586438
node,2839699838,Moonburger,restaurant,burger,40.7194662,-73.9561323
node,2839699845,The Blue Blossom,restaurant,asian,40.7170115,-73.9591776
node,2839699869,Sweet Chick,restaurant,southern,40.7183542,-73.9573197
node,2839699872,Dunkin',fast_food,donut;coffee_shop,40.7178163,-73.9579136
node,2839699877,Joe's Pizza,fast_food,pizza,40.7168734,-73.9589233
node,2839699882,Hotel Delmano,bar,,40.7197084,-73.9580192
node,2839699897,Teddy's,restaurant,american,40.7193349,-73.9584205
node,2839715663,D.O.C. Wine Bar,restaurant,italian,40.7196748,-73.96045
node,2839715666,Rosarito Fish Shack,restaurant,seafood;american,40.7194963,-73.9606455
node,2839770111,Manny's Grill,fast_food,sandwich,40.7142535,-73.9327073
node,2839801731,Rose Wolf Coffee,cafe,coffee_shop,40.7147488,-73.9400571
node,2839887895,Heaven & Earth,bar,,40.7260331,-73.9391293
node,2840034864,Archie's Pizza,restaurant,pizza,40.719117,-73.9454171
node,2840742311,Destefano's Steakhouse,restaurant,steak_house,40.7146231,-73.9496019
node,2840742364,Hummus Market,restaurant,mediterranean,40.7154162,-73.9447028
node,2842163298,Taste of Heaven,restaurant,american,40.7171398,-73.9405413
node,2842175056,Mozaik,cafe,mediterranean;sandwich,40.7139432,-73.9512486
node,2842175059,Sal's Pizzeria,restaurant,pizza;italian,40.7131683,-73.9490971
node,2842175060,Suzume,restaurant,japanese,40.7132118,-73.9493567
node,2842175065,Jr & Son,bar,,40.7141955,-73.9495111
node,2842175072,Pecoraro Latteria,cafe,italian,40.7140816,-73.9478315
node,2842202191,Lorimer Market,restaurant,deli,40.715583,-73.9495032
node,2842244614,Bonnie's,restaurant,cantonese;chinese,40.7178242,-73.9465104
node,2842244629,Daytime,cafe,,40.71746,-73.9450305
node,2842522191,Muchmore's,bar,,40.7165204,-73.9528665
node,2842523508,Lilia,restaurant,italian;coffee_shop,40.7176165,-73.9524013
node,2842523511,Night of Joy,bar,,40.7169821,-73.9499766
node,2842613025,"Ramen, Fried Rice and Noodles",restaurant,asian,40.7252852,-73.9514807
node,2842613026,Pueblo Querido Coffee Roasters Cafe de Colombia,cafe,coffee_shop;columbian,40.7253695,-73.9515334
node,2842613040,Hide & Seek,cafe,sandwich;pastry,40.7229766,-73.950475
node,2842613053,Manhattan Triple Decker Restaurant,restaurant,,40.7252458,-73.9517659
node,2842613054,Nights and Weekends,restaurant,regional,40.7238537,-73.9510984
node,2842613055,Bernie's,restaurant,american,40.7218799,-73.9505713
node,2842613407,The Hidden Pearl,bar,japanese,40.7235576,-73.9508866
node,2842613968,Idle Mind Tavern,bar,,40.7236291,-73.9508551
node,2842780183,Café Grumpy,cafe,coffee_shop,40.7285374,-73.9486571
node,2842829028,Gator,restaurant,american;brunch,40.7257771,-73.951074
node,2842829044,Edy’s Grocer,restaurant,,40.7275194,-73.9510341
node,2842829077,Lite Bites,restaurant,diner,40.7255996,-73.9517047
node,2842857594,Allswell,bar,,40.7196459,-73.9559407
node,2842861216,Spritzenhaus,bar,,40.7232306,-73.9527481
node,2842861227,Yuu,restaurant,french;japanese,40.7233679,-73.9523393
node,2842861266,Mabel's Smokehouse,restaurant,barbecue,40.7210681,-73.9567687
node,2842929201,Cookie Road,cafe,,40.7278772,-73.9571169
node,2842929203,Franklin Pizza,fast_food,pizza,40.7296487,-73.9577005
node,2842929206,Paulie Gee's Slice Shop,fast_food,pizza,40.7283593,-73.9571898
node,2842929227,OH MERCY,cafe,breakfast;sandwich,40.7292924,-73.95735
node,2842929254,Chez Ma Tante,cafe,,40.7269042,-73.9573871
node,2842929286,Dunkin',fast_food,donut;coffee_shop,40.7300487,-73.9543373
node,2842929288,Taqueria Ramírez,fast_food,mexican,40.7278816,-73.9569597
node,2842985885,BLND Coffee Studio,cafe,coffee_shop,40.7324479,-73.9543033
node,2842989041,Odd Fox,cafe,coffee_shop,40.7327188,-73.9545157
node,2843008352,The Moonlight Mile,bar,,40.7321469,-73.9578047
node,2843008383,Madeline's,bar,,40.7302402,-73.9578047
node,2843058918,Achilles Heel,bar,,40.7331765,-73.9596929
node,2844351784,O Neil's,restaurant,,40.7289179,-73.9005494
node,2844631240,Pollos Mario,restaurant,colombian,40.7447101,-73.9024149
node,2844631244,Puro Utz,restaurant,guatemalan,40.7456404,-73.9017067
node,2844631258,Three Bowls Ramen,restaurant,japanese;korean,40.7457839,-73.9003602
node,2844732803,Charlie's Sports Bar,bar,,40.7419229,-73.904621
node,2844759163,Sik Gaek,restaurant,korean,40.7434176,-73.9153755
node,2844759181,Los Cuencantinos,restaurant,pizza;peruvian,40.7447709,-73.909924
node,2844759182,The Wild Goose,bar,,40.7447817,-73.9098649
node,2844848806,Tito Rad's Grill,restaurant,filipino,40.7425119,-73.9155746
node,2844871579,Bolivian Llama Party,restaurant,bolivian,40.7393286,-73.920742
node,2844871581,New Asian Cuisine,restaurant,chinese;thai,40.7393123,-73.9205614
node,2844905273,Empire Chicken & Burgers,fast_food,,40.7403796,-73.9228799
node,2844905281,Taco Today,fast_food,mexican,40.7406051,-73.9223638
node,2844905703,Cafe Bliss & Organic Juice Bar,cafe,,40.7395701,-73.9206272
node,2844905728,Reyes,restaurant,dominican,40.7395041,-73.9195552
node,2844921187,Thai Tree,restaurant,thai,40.7378689,-73.9293765
node,2844921607,Kasbah Cafe,restaurant,algerian,40.7389693,-73.9266383
node,2844936126,Wonder Pig K-BBQ,restaurant,korean,40.7439147,-73.9276511
node,2844936136,Blended Smoothies,cafe,,40.7418591,-73.9262321
node,2844936142,China Garden,fast_food,chinese,40.7418023,-73.9257547
node,2844936165,Cypriana,cafe,pizza,40.7420469,-73.9285338
node,2844936179,Ten Full,restaurant,chinese,40.7400978,-73.9251433
node,2844942055,Sabor del Rancho #2 Taqueria,restaurant,tex-mex,40.7415676,-73.9201916
node,2844942073,Subway,fast_food,sandwich,40.7421648,-73.9193451
node,2844942074,Silvano pasta/pizza,restaurant,italian,40.7427606,-73.9189002
node,2844942079,Latino Bites,restaurant,colombian; mexican,40.7427135,-73.9189098
node,2844942090,Möge Tee,cafe,,40.7429048,-73.9189765
node,2844942095,Döner Haus,restaurant,,40.7422577,-73.9190415
node,2844942099,Dumplings & Things,fast_food,chinese,40.7423428,-73.9189849
node,2844942213,MiraCali Bakery,cafe,,40.7413798,-73.9191699
node,2844942216,Giovanni's Mexican Food & Pizza,fast_food,italian;mexican,40.7411757,-73.9180201
node,2844942222,El Potrero Sports Bar,bar,,40.7422703,-73.9182809
node,2844942229,Shake Shack,fast_food,burger,40.7427919,-73.9179944
node,2844942239,Chihuahua Mexican Restaurant & Cantina,restaurant,mexican,40.7424335,-73.9177532
node,2844950239,Finest Sushi,restaurant,japanese;sushi,40.7399588,-73.9238542
node,2844950243,Marabella Pizza,restaurant,pizza,40.7401992,-73.9238536
node,2844950250,Rogue Bar,bar,,40.7403256,-73.9235631
node,2844950257,Cap't Loui Seafood Boil,restaurant,cajun;seafood,40.743144,-73.9210367
node,2844971042,Papa's Pasta,restaurant,italian,40.7435758,-73.9247822
node,2844971064,Mr. Buncha,cafe,thai,40.7432719,-73.9242401
node,2844971065,Moa Coffee,cafe,,40.7422129,-73.9253981
node,2844976425,Empire Szechuan Garden,fast_food,chinese,40.7435965,-73.9187293
node,2844976428,Bliss 46 Bistro,restaurant,french;brunch,40.743505,-73.9187481
node,2844976438,1 Buen Sabor,restaurant,colombian,40.7435189,-73.919231
node,2844976441,Cappafocia Turkish Restaurant,restaurant,,40.7435018,-73.9190873
node,2844976449,Fuyu Ramen,restaurant,ramen;japanese,40.7433836,-73.9180652
node,2844976450,El Pilón,restaurant,,40.7433755,-73.9179937
node,2844976453,The Skillman,restaurant,,40.7464624,-73.9181948
node,2844991194,Claret Wine Bar,bar,,40.7464253,-73.9178829
node,2844992953,Sanger Hall,bar,,40.7461491,-73.9154379
node,2844999904,Tex's Chicken & Burgers,restaurant,,40.743753,-73.9212418
node,2844999905,The Lowery,bar,,40.7450823,-73.920947
node,2844999909,Romanian Garden,restaurant,european,40.7450734,-73.9208719
node,2844999917,Spicy Pizza,fast_food,pizza,40.7450321,-73.9205204
node,2844999918,The Spot Café,fast_food,breakfast;sandwich;italian;mexican,40.7450262,-73.9204706
node,2844999924,Cardamom,restaurant,indian,40.7438925,-73.9212315
node,2845010811,Ariyoshi,restaurant,japanese,40.743943,-73.9228755
node,2845010819,Soleluna,restaurant,italian,40.7440886,-73.9240669
node,2845010825,Wingstop,fast_food,wings,40.7440478,-73.9237691
node,2845010834,Bon Café et Restaurant,restaurant,japanese; korean; sandwich,40.7439071,-73.9224914
node,2845010836,Zirve Grill,restaurant,turkish,40.7438597,-73.9221402
node,2845010844,Due Fratelli,fast_food,italian,40.7451463,-73.9215425
node,2845014918,Tropical Smoothie Cafe,cafe,,40.7442404,-73.9254492
node,2845049543,TJ Asian Bistro,restaurant,asian,40.7461768,-73.9135455
node,2845136671,Timur Cafe & Bar,restaurant,indian;nepalese,40.7463499,-73.9000036
node,2845177352,Dunkin',fast_food,donut;coffee_shop,40.7541871,-73.908521
node,2845187413,What The Fish,restaurant,,40.7539069,-73.9146306
node,2845187416,Taco City Cuisine,restaurant,mexican; colombian; italian,40.7556582,-73.9122641
node,2845882106,Bagel Pub,cafe,bagel;sandwich;breakfast,40.7340466,-73.9990277
node,2846402161,Max Bratwurst und Bier,restaurant,german,40.7611058,-73.909353
node,2846402162,Dar Lbahja,restaurant,moroccan,40.7609525,-73.9090442
node,2846402163,Café Renis,cafe,,40.7609317,-73.9089978
node,2846402176,The Brewery,bar,,40.7601261,-73.9072703
node,2846419291,Daybreak Grill,cafe,,40.7548464,-73.9166408
node,2846430773,Papa John's,fast_food,pizza,40.7603196,-73.9070555
node,2846534266,Pronto,restaurant,italian,40.763391,-73.908947
node,2846589444,Napoli's Bistro,restaurant,,40.7633955,-73.9130465
node,2846589457,Ma LaLa Chinese,restaurant,,40.7629864,-73.9133499
node,2846589458,Ddee Thai,restaurant,thai,40.7629054,-73.9131802
node,2846595098,Taco Veloz,restaurant,,40.7555033,-73.9271504
node,2846596405,Tacuba,restaurant,mexican,40.7560216,-73.9245423
node,2846596408,Sunswick,bar,,40.7565734,-73.9254957
node,2846596444,El Mero Mero,restaurant,mexican,40.754011,-73.9239485
node,2846596452,Thai 36,restaurant,thai,40.7545497,-73.9257025
node,2846596488,The Monster Crab,restaurant,cajun; seafood,40.7526953,-73.9238304
node,2846596500,Rokstar Chicken,fast_food,korean,40.7524294,-73.9217039
node,2846607001,Dunkin',fast_food,donut;coffee_shop,40.7578457,-73.9201152
node,2846607012,SVL Souvlaki Bar,restaurant,greek,40.7564758,-73.9208408
node,2846607017,Pizza Hut,fast_food,pizza,40.756246,-73.921027
node,2846607022,Shawarma Spot,restaurant,middle_eastern,40.7561132,-73.9211347
node,2846607034,Ayam,restaurant,malaysian;thai,40.755028,-73.921568
node,2846630172,Mar's,restaurant,seafood,40.7583544,-73.9241302
node,2846642881,Monika's Cafe Bar,cafe,mediterranean,40.7576335,-73.9224942
node,2846661353,Círculo Español,restaurant,spanish,40.7586167,-73.9179393
node,2846661366,Teamakers,cafe,,40.7590916,-73.9187165
node,2846661386,Tacoshi,restaurant,latin_american; japanese,40.7583835,-73.9174536
node,2846661387,Lotus1 Vietnamese,restaurant,vietnamese,40.7607289,-73.9155239
node,2846677610,Gyro Uno pizzeria restaurant café,restaurant,pizza;sandwich,40.7653156,-73.9136575
node,2846677614,Riviera Maya,restaurant,mexican;peruvian,40.7648522,-73.9144015
node,2846677628,Kinship Coffee Cooperative,cafe,,40.763595,-73.9150423
node,2846677681,Gaudio's Pizzeria & Restaurant,restaurant,pizza;italian,40.7637748,-73.914425
node,2846677683,Le Petit Pêcheur,restaurant,seafood; mediterranean,40.7636888,-73.9142419
node,2846677691,Comfort Land,restaurant,american,40.7638484,-73.914589
node,2846684667,Duzan,restaurant,palestinian,40.7686236,-73.9109508
node,2846684670,Sands of Persia,cafe,,40.7677861,-73.9116338
node,2846684679,Chubby Burgers and Chicken,fast_food,burger;chicken,40.7655367,-73.9134602
node,2846751411,Gyro World Astoria,restaurant,greek,40.7648691,-73.9173484
node,2846770759,ASAP! Pizza,restaurant,pizza,40.766241,-73.9149999
node,2846780757,Chip City,cafe,bakery;dessert,40.7656278,-73.9192526
node,2846780759,Kung Fu Tea,cafe,,40.765578,-73.9192929
node,2846780760,Halsey's Tavern,bar,,40.7637379,-73.9215788
node,2846792636,Coffee Lab,cafe,,40.7627789,-73.9204923
node,2846799315,Favella Grill,restaurant,,40.7673366,-73.9179699
node,2846817353,Mela Pizza,restaurant,italian,40.7676435,-73.9206227
node,2846908923,3 Bros Pizza,fast_food,,40.7686407,-73.9247996
node,2846913476,Boulis Cafe,restaurant,greek,40.7646039,-73.9236121
node,2846916794,The Grand 35th Avenue Diner,restaurant,,40.7585537,-73.929091
node,2846916800,Hello Bangladesh,restaurant,bangladeshi,40.7569545,-73.9302476
node,2846937475,Bellucci Pizza,restaurant,pizza,40.7676954,-73.9234307
node,2846937476,Wake Cup,restaurant,,40.767651,-73.9233348
node,2846942575,Eastern Chinese Restaurant,fast_food,chinese,40.7656735,-73.9308223
node,2846942576,Samaria Pizza,restaurant,pizza,40.7656552,-73.9307824
node,2846942590,Rosa’s Pizza,fast_food,pizza;italian,40.7671318,-73.9297972
node,2846942591,Kelly's Bar,bar,,40.7656185,-73.9266491
node,2846965662,Little Flower Cafe,cafe,,40.7578849,-73.9321866
node,2846965668,Reg'z New York Pizza,fast_food,pizza,40.7575361,-73.9314947
node,2846995250,Aladdin Sweets and Restaurant,restaurant,bengladeshi,40.7571637,-73.931277
node,2846995279,Sabrosura Mexican Restaurant,restaurant,mexican,40.7570898,-73.9311189
node,2847001233,Cali Bun,restaurant,burger,40.7588059,-73.934788
node,2847009740,The Taco Spot,fast_food,mexican,40.7712899,-73.9221692
node,2847009755,Mia,restaurant,,40.7711493,-73.9265695
node,2847034443,New King Wah,fast_food,chinese,40.771989,-73.9258117
node,2847034479,Roti Boti,restaurant,,40.7718909,-73.9259717
node,2847043640,Glasserie,restaurant,,40.737712,-73.9561289
node,2847058550,American Brass,restaurant,,40.7439958,-73.9586344
node,2847083631,Bierocracy,restaurant,,40.743982,-73.950228
node,2847083646,Saang,restaurant,thai,40.7441929,-73.9534569
node,2847083651,Dunkin',fast_food,donut;coffee_shop,40.7433316,-73.9540646
node,2847083652,Dorian Cafe,restaurant,diner,40.7427676,-73.9538441
node,2847083667,Casa Enrique,restaurant,latin_american,40.7433617,-73.9542277
node,2847152867,Niforos Corner,restaurant,sandwich,40.7612651,-73.9401281
node,2847152898,Coffee Shop,restaurant,,40.75569,-73.9418423
node,2847155358,3 Greeks Grill,restaurant,greek,40.7620589,-73.9422597
node,2847155364,The Melting Pot,restaurant,fondue,40.7618371,-73.9423877
node,2847155477,Flor De Azalea,cafe,,40.7650671,-73.9393789
node,2847168441,New Champion Wok,restaurant,chinese,40.7550487,-73.9442587
node,2847190836,House of Thai,restaurant,thai,40.7535055,-73.9377484
node,2847190873,Lim's Kitchen,restaurant,american,40.7549003,-73.9367939
node,2848586054,Moon Kee,restaurant,chinese,40.7972702,-73.9695337
node,2853015999,The Infamous,bar,,40.7452481,-73.9475886
node,2853050511,Panda Express,restaurant,,40.7499146,-73.9394756
node,2853050591,Astoria Seafood,restaurant,seafood,40.754026,-73.929788
node,2853050594,Coffeed,cafe,coffee_shop,40.7519896,-73.9255705
node,2853101373,Subway,fast_food,sandwich,40.7706199,-73.9041179
node,2853120518,Redefine Meals,restaurant,american;asian;italian;mexican,40.7734135,-73.9070903
node,2853133619,L’oro Espresso Bar,cafe,coffee_shop,40.7750591,-73.9084654
node,2853133633,Botte,bar,,40.7748728,-73.9086889
node,2853133635,Tru,restaurant,,40.7745304,-73.9082035
node,2853133637,Taverna Kyclades,restaurant,greek,40.7743663,-73.9079583
node,2853133645,Dunkin',fast_food,donut;coffee_shop,40.7735479,-73.9068111
node,2853151394,Just Salad,fast_food,salad,40.77558,-73.911104
node,2853151395,Panda Express,fast_food,chinese,40.7755227,-73.911174
node,2853174734,Dunkin',fast_food,donut;coffee_shop,40.7746143,-73.9128253
node,2853184678,Mosaic,bar,,40.7746159,-73.918453
node,2853249916,Family Corner,restaurant,,40.7779654,-73.9087372
node,2859500880,McDonald's,fast_food,burger,40.7561935,-73.9777885
node,2863510616,Shawarmania,restaurant,middle_eastern,40.7749016,-73.9119381
node,2869019697,Mominette,restaurant,french,40.7032124,-73.9258662
node,2883793061,Popeyes,fast_food,chicken,40.805029,-73.9385081
node,2889066126,Joe's Pub at the Public,bar,,40.7291974,-73.9916255
node,2890392801,Lupa,restaurant,italian,40.7276391,-74.000211
node,2892641901,Butterfly,restaurant,american,40.719376,-74.006475
node,2892746201,Bisou Wine Bar,bar,french,40.723743,-74.004462
node,2893707101,Dunkin',fast_food,donut;coffee_shop,40.721601,-74.004668
node,2895943044,Dos Toros Taqueria,fast_food,mexican,40.7069708,-74.0068783
node,2897265316,7th Street Burger,fast_food,burger,40.7098666,-74.0079857
node,2897265318,d Elici,cafe,sandwich,40.709679,-74.0083821
node,2897270433,The Coffee Bean & Tea Leaf,cafe,coffee_shop,40.7102382,-74.0106426
node,2897280966,The Garden at Studio Square,bar,,40.7551056,-73.9251822
node,2897876736,Otani,restaurant,sushi;ramen,40.70932,-74.008734
node,2897876738,Bento Sushi,restaurant,sushi,40.7099489,-74.0100671
node,2897876740,Starbucks,cafe,coffee_shop,40.7182651,-74.007295
node,2897876741,Square Diner,restaurant,american,40.718446,-74.007236
node,2898706760,Coffee Project New York | Financial District,cafe,coffee_shop,40.7071222,-74.0049867
node,2898706761,Flavors,cafe,,40.7065796,-74.0050348
node,2901108443,Otto's Shrunken Head Tiki Bar,bar,,40.7295158,-73.9786409
node,2902914463,Chelsea Market Passage,restaurant,,40.7428735,-74.0073403
node,2921544618,Le Bain,bar,,40.7412916,-74.0080457
node,2939154801,Cafe 82,restaurant,diner,40.785812,-73.9781778
node,2946225780,Daily Chinese Restaurant,restaurant,chinese,40.7753835,-74.0197997
node,2946299764,34th Bagels & More,cafe,bagel,40.7533516,-73.9957959
node,2948610291,3 Streets Saloon,bar,,40.7307334,-74.0009872
node,2949604093,Tartine,restaurant,,40.7363207,-74.0034558
node,2949606712,New Green Bo,restaurant,asian,40.7155657,-73.998017
node,2954254651,The Irish Rover,bar,,40.7658038,-73.914694
node,2965399205,Chinese BBQ 东方烧烤,restaurant,barbecue;chinese,40.8423972,-74.0010693
node,2973075954,Lenwich,fast_food,sandwich,40.7656895,-73.9833905
node,2973075956,Matts Grill,restaurant,,40.765484,-73.9835479
node,2973075958,,restaurant,,40.7658052,-73.9833111
node,2973086664,Donburiya,restaurant,japanese,40.7653013,-73.9832463
node,2973086665,Mughlai Indian Cuisine,restaurant,indian,40.7653274,-73.9833108
node,2973086666,Nocello,restaurant,italian,40.7653492,-73.983373
node,2973086668,Yakitori Totto,restaurant,japanese;izakaya,40.765264,-73.9831704
node,2975790643,Palace Restaurant,restaurant,diner,40.7610242,-73.9697542
node,2977035158,The Fitz,restaurant,,40.7605307,-73.969238
node,2977405748,Dos Caminos,restaurant,mexican,40.740579,-74.0054009
node,2985573623,Le Pain Quotidien,cafe,coffee_shop,40.7412113,-74.004914
node,2985573624,Old Homestead Steakhouse,restaurant,,40.7412674,-74.0049042
node,2985673609,Xi'an Famous Foods,fast_food,chinese;noodle,40.7401797,-74.0019721
node,2985673610,Shorty Tang Noodles,restaurant,,40.7402274,-74.0019425
node,2985849341,Paradou,restaurant,,40.739696,-74.0067809
node,2985849342,RH Rooftop Restaurant,restaurant,american,40.7400703,-74.0064799
node,2985849346,Revel,restaurant,italian,40.7397251,-74.006849
node,2987930331,My Pie Pizzeria Romana,fast_food,pizza,40.7782472,-73.9812542
node,2998996502,Rainbow Falafel & Shawarma,fast_food,falafel;middle_eastern,40.7372569,-73.9909398
node,2999006567,Roll Over Kimbap,fast_food,,40.7373666,-73.9906671
node,2999014763,Urban Juicery,fast_food,juice;sandwich,40.7329061,-73.9858514
node,3003918341,DuMont burger,fast_food,,40.7136213,-73.9620068
node,3008612564,Rare Bar and Grill,restaurant,burger,40.745629,-73.9937463
node,3040295633,The Australian NYC,restaurant,australian,40.7512973,-73.9838618
node,3041513139,Olio e Più,restaurant,italian,40.7337937,-73.9997745
node,3041538535,Extra Virgin,restaurant,italian,40.7353475,-74.0031806
node,3041538637,Cafe Condesa,cafe,,40.7343889,-74.002678
node,3041548233,Bobo,restaurant,,40.7344098,-74.002602
node,3041561933,Sant Ambroeus,cafe,,40.7354463,-74.0031986
node,3043957739,Jackson Hole,restaurant,diner,40.7461765,-73.977565
node,3046334738,Buenos Aires,restaurant,argentinian,40.7252275,-73.9831134
node,3055292583,Alcala,restaurant,spanish,40.7512208,-73.9717524
node,3056992407,Aretsky's Patroon,restaurant,,40.7534898,-73.9733112
node,3057117017,Juan Valdez Café,cafe,coffee_shop,40.760572,-73.9687188
node,3060726144,Toscana 49,restaurant,italian,40.7557306,-73.9722031
node,3061926346,Dun-Well Doughnuts,cafe,donut,40.7074571,-73.9402479
node,3064399843,Divya’s Kitchen,restaurant,indian,40.7237147,-73.9883625
node,3066339955,Bierhaus NYC,restaurant,german,40.752534,-73.9733861
node,3068326556,Keens Steakhouse,restaurant,steak,40.750773,-73.9864091
node,3070521516,Blazers Sports Bar,bar,,40.7138645,-73.9618377
node,3071111733,Chipotle,fast_food,mexican,40.7341724,-73.9888783
node,3079037402,Benoit,restaurant,french,40.7625321,-73.9772542
node,3079037403,Bice,restaurant,italian,40.7626071,-73.9775243
node,3079037405,Il Corso,restaurant,italian,40.762485,-73.9771512
node,3090706627,Taïm,fast_food,falafel,40.7359753,-74.0019193
node,3099209773,Cellar Dog,bar,,40.7336334,-74.0032842
node,3134690527,Starbucks,cafe,coffee_shop,40.701976,-73.9868733
node,3136840116,Ceetay,restaurant,pan-asian,40.8071519,-73.9275766
node,3142935176,Sushi of Gari,restaurant,sushi,40.7713448,-73.95278
node,3143926573,Starbucks,cafe,coffee_shop,40.7724449,-73.9499445
node,3145937665,Izakaya NoMad,restaurant,japanese,40.7440806,-73.9894469
node,3147863534,Dudleys,restaurant,australian,40.7180802,-73.9903664
node,3147863535,Cafe Katja,restaurant,austrian,40.7177277,-73.9905476
node,3147863536,Sticky Rice,restaurant,thai,40.717982,-73.9904169
node,3147863537,Bar Valentina,bar,italian,40.7178981,-73.99046
node,3147863538,Roasting Plant,cafe,coffee_shop,40.7177744,-73.9905236
node,3147863539,Barrio Chino,restaurant,mexican,40.7179789,-73.9900488
node,3147883111,Mictlān,restaurant,mexican,40.7152437,-73.991827
node,3147883113,Bar Belly,restaurant,oyster;pizza;charcuterie;snack,40.7151349,-73.9916523
node,3147883115,Bacaro,restaurant,italian,40.7145382,-73.9916726
node,3151692835,Inatesso,restaurant,,40.7059851,-74.0170998
node,3153302100,Flower Power Cafe,cafe,,40.7120232,-73.9412907
node,3153601006,McDonald's,fast_food,burger,40.7118439,-73.9431678
node,3153601915,Grand Morelos,restaurant,mexican,40.7118038,-73.9436549
node,3154274261,,fast_food,bagel,40.7082598,-73.9401186
node,3154274262,The Tradesman Bar,bar,,40.7081846,-73.9400945
node,3154274268,Jessie's Bakery,cafe,,40.7081622,-73.9397458
node,3154621763,Dunkin',fast_food,donut;coffee_shop,40.7120425,-73.9410508
node,3154646654,Dumpling Cafe,cafe,,40.7123642,-73.939496
node,3157703734,Blind Tiger,bar,pub,40.7318556,-74.0032442
node,3166903961,Five Guys,fast_food,burger,40.7479403,-73.9926204
node,3166910720,Five Guys,fast_food,burger,40.7369057,-73.9962778
node,3174844884,Shake Shack,fast_food,burger,40.703039,-73.9940577
node,3179745212,Tenjou,restaurant,sushi,40.7421269,-73.9905046
node,3179745213,Tim Hortons,cafe,coffee_shop,40.7504102,-73.9928259
node,3190230454,Open Kitchen,restaurant,american;korean;japanese;coffee_shop,40.7053184,-74.0100991
node,3190230455,Bluestone Lane,cafe,australian;coffee_shop,40.7062033,-74.011905
node,3190240012,Chipotle,fast_food,mexican,40.7096984,-74.0064426
node,3190242172,Bare Burger,fast_food,burger,40.7099041,-74.0062023
node,3201166294,One Two Thai,restaurant,thai,40.7455377,-73.9794683
node,3212388257,Arepas Café,restaurant,venezuelan;arepa,40.7557723,-73.9277067
node,3212413922,Emma Peel Room,bar,,40.7183027,-73.9905315
node,3212413923,Sunday to Sunday,cafe,cafe,40.7180119,-73.9901723
node,3213784371,Aquavit,restaurant,scandinavian,40.7607818,-73.9721848
node,3214535330,Mikaku,restaurant,japanese;sushi,40.7214189,-73.9969231
node,3214617212,19 Cleveland,restaurant,israeli;mediterranean,40.7216382,-73.9972123
node,3215162128,Café Select,restaurant,,40.7217594,-73.9978239
node,3215162129,Osteria Morini,restaurant,italian,40.7219323,-73.9976726
node,3215166838,The Market Table,restaurant,,40.72978,-74.0037432
node,3215168668,The Grey Dog,restaurant,,40.7300039,-74.003915
node,3217939901,Kahve,cafe,,40.7644229,-73.9879761
node,3218149751,Ben's Pizzeria,restaurant,pizza,40.7303941,-74.0003007
node,3222528347,Blenheim,restaurant,,40.7376761,-74.0040101
node,3232923482,Mangia,restaurant,italian,40.7638701,-73.9765096
node,3233781193,Stumptown,cafe,coffee_shop,40.7327952,-73.9979676
node,3233791134,The Uncommons,cafe,coffee_shop,40.729416,-73.9987086
node,3235708620,Starbucks,cafe,coffee_shop,40.7779198,-73.978202
node,3235708621,Caffe Storico,restaurant,,40.779447,-73.9739529
node,3236430399,Madame Sousou,cafe,,40.7631897,-73.9219964
node,3238681553,Subway,fast_food,sandwich,40.7342551,-73.9890756
node,3238681554,Bravo Pizza,fast_food,pizza,40.7342275,-73.9890098
node,3239326415,Luke's Lobster,restaurant,,40.7045322,-74.0109178
node,3246839596,American Whiskey,bar,,40.7493007,-73.9941316
node,3246839597,Beer Culture,bar,,40.759564,-73.9897134
node,3246839599,Danji,restaurant,korean,40.7640857,-73.9867718
node,3246839600,Ess-a-Bagel,fast_food,bagel,40.7562183,-73.9702486
node,3246839601,Grasp Grill,restaurant,grill,40.7567197,-73.9771339
node,3246839603,Dravida,restaurant,indian;south_asian,40.7305241,-73.9833934
node,3246839605,Ootoya,restaurant,,40.7548801,-73.9859787
node,3248774671,Starbucks,cafe,coffee_shop,40.7810251,-73.981008
node,3248774672,Viand Cafe,restaurant,diner,40.7807958,-73.9810743
node,3248774697,La Pecora Bianca,restaurant,italian,40.7804446,-73.9763391
node,3248816729,Manny’s Bistro,restaurant,french,40.7762456,-73.9794042
node,3248816730,Juice Press,fast_food,juice,40.7816951,-73.9796301
node,3262539802,Friedman's,restaurant,american,40.7770545,-73.9783768
node,3262539829,Riposo 72,bar,,40.7771024,-73.9785029
node,3264422314,Starbucks,cafe,coffee_shop,40.7469335,-73.9933215
node,3265464818,Gregorys Coffee,cafe,coffee_shop,40.746485,-73.9822904
node,3270030570,Dunkin',fast_food,donut;coffee_shop,40.7561173,-73.9976359
node,3271250887,Arte Cafe,restaurant,italian,40.7781493,-73.978758
node,3271250890,Tenzan,restaurant,sushi,40.778274,-73.9779356
node,3273820747,Kiss My Slice,cafe,coffee_shop;pizza,40.7557629,-73.9905528
node,3340747647,Chipotle,fast_food,mexican,40.7460329,-73.9939936
node,3341829009,Pick-A-Bagel,cafe,bagel;sandwich,40.7736696,-73.9596624
node,3350673925,Butler,cafe,coffee_shop,40.7031934,-73.9924249
node,3356089617,The Crooked Knife,restaurant,irish;coffee,40.7451081,-73.9842044
node,3356089618,Wine:30,restaurant,wine,40.7449212,-73.9837645
node,3356089622,Bella Napoli,restaurant,pizza,40.7457391,-73.9846188
node,3356089624,Chick-fil-A,fast_food,chicken,40.7451911,-73.9824134
node,3356363293,Sweet Green,restaurant,,40.7260096,-73.9521949
node,3357038150,Greenpoint Original Pizza,fast_food,pizza,40.7256409,-73.9515062
node,3369517484,Sushi Yasaka,restaurant,japanese,40.7795747,-73.9834601
node,3369582794,Harvest,restaurant,,40.7777871,-73.9782956
node,3369582795,Shun Lee,restaurant,chinese,40.7728358,-73.9814252
node,3374115188,Osteria 106,restaurant,italian,40.7989278,-73.9616882
node,3446947494,Chipotle,fast_food,mexican,40.7626004,-73.9660817
node,3447383383,El Mitote,restaurant,mexican,40.775834,-73.9801978
node,3447527994,Brasserie Ruhlman,restaurant,,40.7591895,-73.9781127
node,3448719854,India Palace,restaurant,indian,40.7614174,-73.9601599
node,3448908338,Cucina Bene Pizza,restaurant,pizza,40.7060236,-74.0102403
node,3448911320,Tal Bagels,cafe,bagel,40.7777126,-73.9570936
node,3450800431,Heidelberg Restaurant,restaurant,german,40.7774664,-73.9518193
node,3450813305,Papaya,fast_food,,40.7784635,-73.953693
node,3450977039,Nara Sushi,restaurant,sushi,40.7037772,-74.010399
node,3451030436,Toloache,restaurant,mexican,40.7764768,-73.9566862
node,3451042735,The Simone,restaurant,italian,40.7768188,-73.9569853
node,3451050931,Mother's Ruin,bar,,40.7213363,-73.9950075
node,3451054422,L'Osteria,restaurant,italian,40.7771504,-73.9571264
node,3451081915,Medo Halal Food,fast_food,middle_eastern,40.7783322,-73.9545158
node,3451094409,Tandoor Oven,restaurant,indian,40.7770648,-73.9556075
node,3451116497,Dunkin',fast_food,donut;coffee_shop,40.7513324,-73.9909368
node,3451116498,Moka & Co,cafe,coffee_shop;yemeni,40.7504317,-73.9897503
node,3451315853,Poké Bar,fast_food,,40.7510615,-73.9879376
node,3451440812,Continental Bar & Lounge,bar,,40.7052914,-74.00834
node,3451449736,Roti,restaurant,mediterranean,40.7065252,-74.0071489
node,3452345664,Tanto Dulce Cafe,cafe,coffee_shop;soup;brunch,40.8233712,-73.9523695
node,3452345665,Geisha Sushi,restaurant,sushi;japanese,40.8240742,-73.9518105
node,3452904870,Starbucks,cafe,coffee_shop,40.7559373,-73.9234715
node,3463814923,Seoul Garden,restaurant,korean,40.7477981,-73.9872728
node,3480352395,Blue Dog,cafe,,40.7646902,-73.9796633
node,3491267497,Little Italy Pizza,restaurant,pizza,40.7918929,-73.9734655
node,3497495773,Bagel Bob's,fast_food,bagel,40.7324238,-73.9938939
node,3497534420,SIMÒ PIZZA,restaurant,pizza,40.7331382,-73.9932569
node,3497534425,Blossom,restaurant,,40.7332225,-73.9936043
node,3497534427,Reservoir,bar,,40.7331707,-73.9936418
node,3500173697,Hamido Seafood,restaurant,,40.77507,-73.9094624
node,3500174246,HinoMaru Ramen,restaurant,japanese,40.7748923,-73.9091985
node,3502137816,Knickerbocker Bar & Grill,restaurant,american,40.7319768,-73.9942396
node,3506087029,Mamoun's Falafel,restaurant,middle_eastern,40.7302366,-74.0004281
node,3506087030,Caffe Reggio,cafe,coffee_shop,40.730322,-74.0003624
node,3507260979,Andrews NYC Diner,restaurant,american;diner,40.7516741,-73.9898634
node,3507260980,fresh&co,restaurant,,40.7484876,-73.9922019
node,3526528960,Distinguished Wakamba Lounge,bar,,40.7543853,-73.9921719
node,3545220721,Baraka Buffet,restaurant,caribbean,40.8168869,-73.9460483
node,3545220728,Easy Corner,restaurant,jamaican,40.8150396,-73.9407349
node,3569401282,B&S Coffe Shop,cafe,,40.7596628,-73.9366128
node,3569401285,Deli,fast_food,,40.7594711,-73.9362177
node,3569401286,Dunkin',fast_food,donut;coffee_shop,40.7564081,-73.9296679
node,3569401288,Leo's,fast_food,pizza,40.7565866,-73.9295015
node,3569401289,Napoli Pizza and Pasta,fast_food,,40.7614572,-73.9406436
node,3569401291,Palace Fried Chicken,fast_food,chicken,40.7597055,-73.9367162
node,3569401894,Tony's,restaurant,pizza,40.7643725,-73.9642919
node,3569402112,Sami's Kabab House,restaurant,afghan,40.7583125,-73.9331125
node,3569402144,,restaurant,,40.7596244,-73.9365391
node,3569402145,Sam Lee Kitchen,fast_food,chinese,40.7596473,-73.9365835
node,3570193128,Applebee's,restaurant,american,40.7555706,-73.9226603
node,3570193129,Panera Bread,fast_food,sandwich;bakery,40.7554629,-73.9224753
node,3570193130,Subway,fast_food,sandwich,40.7558513,-73.9232935
node,3570193131,Unos,restaurant,pizza,40.7556895,-73.92295
node,3570753793,Ecuadorian Restaurant II,restaurant,ecuadorian,40.7552407,-73.9271915
node,3573447500,Flor de Sol,restaurant,spanish,40.7539108,-73.9237443
node,3573447501,Dunkin',fast_food,donut;coffee_shop,40.7555102,-73.9252932
node,3573447502,Taco Deli Spot,fast_food,tacos,40.755269,-73.9266256
node,3573482094,Bar Pitti,restaurant,,40.7291334,-74.0021646
node,3573482095,Birdland Jazz Club,bar,american;caribbean,40.7590063,-73.9896838
node,3573482096,Z Best pizza,restaurant,pizza,40.7633685,-73.9967152
node,3573482097,Dunkin',fast_food,donut;coffee_shop,40.7605371,-73.9950611
node,3573482099,Fanelli Cafe,restaurant,italian;pub,40.7246074,-73.9987503
node,3573482100,Galaxy Diner,restaurant,diner,40.7611474,-73.9909011
node,3573482102,Hatsuhana,restaurant,sushi,40.7568939,-73.9769041
node,3573482103,Joe Allen,restaurant,,40.7601328,-73.9890604
node,3573482105,The Brazen Tavern,restaurant,,40.7594293,-73.9912351
node,3573482132,,restaurant,,40.729906,-74.001229
node,3573487193,Veronica's Bar,bar,,40.7552627,-73.9272533
node,3574719396,Horus Café,cafe,,40.727887,-73.982007
node,3575165389,Blank cafe,cafe,,40.7109207,-73.9678242
node,3575305297,Patrizia's,restaurant,italian,40.7108771,-73.9674321
node,3575499039,Potbelly,fast_food,sandwich,40.7144017,-74.005909
node,3577542666,Bluestone Lane,cafe,coffee_shop,40.7531885,-73.9797511
node,3577652948,Ippudo,restaurant,ramen,40.7309292,-73.990263
node,3577905745,Dunkin',fast_food,donut;coffee_shop,40.7502728,-73.9716497
node,3577907793,Bartolino's Italian Restaurant,restaurant,italian,40.760701,-73.9223507
node,3577907995,Fresh Bowl & Go,restaurant,asian,40.7606408,-73.9222264
node,3577908093,D & F Italian Deli,fast_food,italian,40.7603021,-73.9214942
node,3577908193,Las Margaritas,restaurant,latin_american,40.7594141,-73.9195925
node,3577908293,Ruta Oaxaca,restaurant,mexican,40.7605007,-73.9219258
node,3577908295,Bai Sushi,restaurant,sushi;japanese,40.7597104,-73.920246
node,3577908393,Madam Marie's,bar,,40.7603284,-73.9215565
node,3577940193,Russian Samovar Restaurant and Piano Bar,restaurant,russian,40.7631875,-73.9847037
node,3578036493,Little Rebel,bar,american,40.7320364,-73.9854459
node,3578374993,Gourmet 45,fast_food,sandwich;pizza;hot_dog;breakfast,40.752706,-73.972782
node,3581026177,Favela Cubana,restaurant,,40.7284192,-73.9981377
node,3581036299,Zinc,bar,,40.7297474,-73.9989338
node,3581143883,Mexiterranean Grill Express,fast_food,mexican;mediterranean,40.7294424,-73.9989393
node,3581307956,La Colombe Coffee Roasters,cafe,coffee_shop,40.7280641,-73.9932516
node,3581408493,Chateau Royale,restaurant,french;brunch,40.728719,-73.999578
node,3583482794,East Village Pizza,restaurant,pizza,40.7281808,-73.9851024
node,3583796993,Corbet & Conley,cafe,,40.7354601,-73.9861323
node,3583839637,Jadis Wine Bar,restaurant,french,40.7209937,-73.9910102
node,3584290132,Gaia Masala & Burger,restaurant,indian;burger,40.7611211,-73.9232737
node,3586089705,Bill's Bar & Burger,restaurant,burger,40.7593743,-73.9775501
node,3588549121,Big Daddy's Diner,restaurant,american,40.7379106,-73.987753
node,3588566110,Grimaldi's Pizza,restaurant,pizza,40.741183,-73.9937782
node,3589024668,T & J Jamaican Flava,restaurant,caribbean,40.7872731,-73.9517102
node,3590689281,The District Bar & Restaurant,restaurant,,40.7839008,-73.950022
node,3596708393,Joselito Bar,restaurant,,40.724159,-73.9759768
node,3597257541,Casa Toscana,fast_food,,40.7542147,-73.9840492
node,3605131905,Cafe Metro,fast_food,,40.753849,-73.9741148
node,3608032646,Balthazar,restaurant,french,40.7226578,-73.9981644
node,3608041636,Blue Ribbon,restaurant,american;japanese,40.7261431,-74.0025063
node,3608052274,Lil' Frankies,restaurant,italian;pizza,40.7235847,-73.9884552
node,3608053295,The Dutch,restaurant,,40.7265551,-74.0021692
node,3608616551,The Grey Dog,restaurant,sandwich;salad;brunch,40.7229657,-73.99576
node,3608674568,Slate,bar,,40.7412384,-73.9932261
node,3611236718,Wan Wan,restaurant,thai,40.7217467,-73.9964556
node,3612291899,Café Habana,restaurant,cuban,40.7228449,-73.9942284
node,3618193490,Arthur & Sons,restaurant,italian,40.7493521,-73.9767192
node,3618193491,POD 39 Rooftop,bar,,40.7493147,-73.9765665
node,3618699797,Burger & Lobster,restaurant,burger;seafood,40.7400891,-73.993461
node,3620488531,Lim’s Kitchen,restaurant,chinese,40.7487201,-73.9738553
node,3623472008,Legacy Bar & Grill,restaurant,,40.8557131,-73.9333898
node,3623507882,La Cabana Salvadorena,restaurant,regional,40.8542688,-73.9334615
node,3623625707,Just Salad,fast_food,salad,40.7462312,-73.9938457
node,3627346234,Tommy's,fast_food,pizza,40.8330876,-73.9452789
node,3627346235,Chez Messy,restaurant,spanish,40.8344857,-73.9451934
node,3627346237,La Libertad,restaurant,salvadoran;italian,40.8334187,-73.9450216
node,3627363056,Oriental Chinese Restaurant,fast_food,chinese,40.8337123,-73.9448203
node,3627373680,Empanadas Monumental,fast_food,dominican,40.8336991,-73.9448291
node,3627374568,Semicolon,cafe,coffee_shop,40.8345935,-73.9452247
node,3632857383,Bill's Bar & Burger,restaurant,burger,40.7402703,-74.0056248
node,3634267071,7 Old Fulton,restaurant,international,40.7029414,-73.9938932
node,3637093539,Stage Door Deli,restaurant,pizza,40.7120307,-74.0097553
node,3661038129,Popeyes,fast_food,chicken,40.8044651,-73.9380441
node,3661038140,Uptown Veg,restaurant,american,40.8055163,-73.9405433
node,3667142061,Poke Burrito,restaurant,hawaiian,40.7646147,-73.9161867
node,3676736753,Dunkin',fast_food,donut;coffee_shop,40.732945,-73.9867769
node,3676764311,Kyuramen,restaurant,,40.7329227,-73.9867234
node,3676784853,ViVi Bubble Tea,cafe,,40.7326688,-73.986116
node,3676807136,Mini Gourmet Deli,fast_food,juice;snack,40.7325978,-73.9859463
node,3676838695,99¢ Pizza,fast_food,pizza,40.7323739,-73.9854106
node,3676873362,Coyote Ugly Saloon,bar,,40.7328438,-73.9857034
node,3676873363,Beauty Bar,bar,,40.732876,-73.9857799
node,3676873366,Yaki Sushi,restaurant,sushi,40.7329802,-73.9860274
node,3676873369,Chen's Express Kitchen,fast_food,chinese,40.7330368,-73.9861621
node,3676887224,Happy Burrito,fast_food,mexican,40.7330765,-73.9862563
node,3676888128,Red House,fast_food,chinese,40.7332145,-73.9865838
node,3676902928,Luckin Coffee,cafe,,40.734018,-73.9863892
node,3676918484,For U,restaurant,chinese,40.7341491,-73.9862974
node,3676918489,Cupsoul,cafe,coffee_shop;sandwich,40.7344416,-73.9860982
node,3676953898,The Halal Guys,fast_food,chicken;falafel;gyros,40.7322882,-73.9844226
node,3676972134,Kati,restaurant,thai,40.7316957,-73.9829911
node,3676993343,Gemina,cafe,coffee_shop,40.7306979,-73.9814385
node,3676993346,Juice Bar,fast_food,juice;bubble_tea,40.7307493,-73.981562
node,3676993349,99¢ Pizza,fast_food,pizza,40.7308171,-73.9817248
node,3677010929,Nowhere,bar,,40.7318045,-73.9840953
node,3692660932,Amsterdam Cafe,cafe,,40.7857528,-73.9761728
node,3716882407,Sotto 13,restaurant,pizza,40.7372924,-73.9991162
node,3731188495,Dead Letter No. 9,bar,,40.7159838,-73.9649064
node,3733142431,Starbucks,cafe,coffee_shop,40.7530185,-73.9772838
node,3738715463,Burger King,fast_food,burger,40.7049052,-74.0125313
node,3738776597,The Cauldron,restaurant,british,40.7043498,-74.0104603
node,3743024926,Meyers Bageri,cafe,,40.7143881,-73.95913
node,3763236414,Petite Maman,cafe,,40.7428308,-73.9356218
node,3771296548,Aloha Alley,restaurant,hawaiian,40.7027939,-73.9908031
node,3775436678,Domino's,fast_food,pizza,40.7443718,-73.979425
node,3775439864,Leonetta,restaurant,mediterranean,40.7445472,-73.9808994
node,3775458457,First Cup Cafe,cafe,coffee_shop,40.7428604,-73.9775162
node,3782798136,Takahachi,restaurant,japanese,40.7165871,-74.0079257
node,3784197522,Harry's Italian,restaurant,italian;pizza;pasta,40.7075376,-74.0068533
node,3785038150,Emmy Squared,restaurant,pizza,40.771011,-73.9874576
node,3785185545,Bagel Market,cafe,bagel,40.7693396,-73.9886262
node,3785189226,Subway,fast_food,sandwich,40.767656,-73.9832802
node,3785195846,Halal,restaurant,international,40.7699473,-73.9881217
node,3785197547,Red Cork,bar,,40.767821,-73.9836723
node,3785201077,The Jin,restaurant,korean,40.7685706,-73.9887358
node,3785207683,Beijing,restaurant,chinese,40.7686619,-73.9886693
node,3785231766,1 2 3 Burger Shot Beer,bar,burger,40.7648448,-73.9914632
node,3792073193,Starbucks,cafe,coffee_shop,40.7711856,-73.9568688
node,3792489700,Sip + Co.,cafe,coffee_shop,40.764814,-73.9759888
node,3792505152,FIKA 7th Avenue,cafe,coffee_shop,40.7417954,-73.9970742
node,3792513846,FIKA Grand Central,cafe,coffee_shop,40.7510046,-73.9765387
node,3792524993,FIKA Tribeca & Chocolate Factory,cafe,coffee_shop,40.723711,-74.0104259
node,3792532817,FIKA 9th Avenue,cafe,coffee_shop,40.7458278,-74.0015707
node,3792542074,Dunkin',fast_food,donut;coffee_shop,40.7473275,-73.9815137
node,3793130994,Blank Street Coffee,cafe,coffee_shop,40.7447183,-73.9790898
node,3793130995,Cotti Coffee,cafe,,40.7449606,-73.9789145
node,3793131884,Omakase 33,restaurant,japanese,40.7454859,-73.9793446
node,3793131887,Le Parisien,restaurant,french,40.7454071,-73.9791565
node,3793131889,Phoshime,restaurant,vietnamese;sushi,40.7453806,-73.9790932
node,3793131890,Matto Espresso,cafe,coffee_shop,40.7450755,-73.9789117
node,3793135522,2nd Ave Deli,restaurant,diner,40.7451818,-73.9791899
node,3804422050,Mighty Oak Roasters,cafe,coffee_shop,40.7735017,-73.9168591
node,3805991007,Bagelsmith,cafe,coffee_shop,40.7139547,-73.9492036
node,3805991008,Northern Bell,bar,burger;tex-mex,40.7139985,-73.9485715
node,3805991016,Fortunato Brothers,cafe,pastry,40.7137679,-73.9461019
node,3806007439,Shiro,restaurant,sushi;japanese,40.7139261,-73.9499959
node,3808846158,Pio Pio,restaurant,peruvian,40.7453465,-73.9776289
node,3808846161,Nom Nam,restaurant,vietnamese,40.7453284,-73.9775857
node,3808846162,Mira,restaurant,mediterranean,40.7454038,-73.9777651
node,3808860462,Dorado,fast_food,mexican,40.7461042,-73.9794294
node,3809000940,Chirp,fast_food,chicken;peruvian,40.753407,-73.9959271
node,3809000941,Dunkin',fast_food,donut;coffee_shop,40.752457,-73.9945257
node,3809000942,Chipotle,fast_food,mexican,40.752356,-73.9943175
node,3809980649,Starbucks,cafe,coffee_shop,40.7829394,-74.0070787
node,3810105599,Son Cubano,restaurant,spanish,40.7812997,-74.0055049
node,3814464675,Elite Food Bar,restaurant,greek,40.7531876,-73.9681205
node,3814797675,Parisi Bakery,restaurant,bakery;sandwich,40.7621666,-73.9254791
node,3817963720,Hero Thai,restaurant,thai,40.7604886,-73.9225318
node,3818703593,Astoria Bier and Cheese,bar,,40.7605169,-73.922588
node,3818834843,Sac's,restaurant,pizza,40.7565846,-73.9247804
node,3819486904,Poco,restaurant,tapas,40.722528,-73.9828993
node,3819486905,Carnitas Ramirez,restaurant,mexican,40.7224776,-73.982765
node,3819492771,Sunday Morning,cafe,,40.7224756,-73.9829662
node,3819501657,Maretta,restaurant,,40.7223864,-73.9830235
node,3819620508,Kolkota Chai Company,cafe,indian,40.7229149,-73.9832351
node,3819787827,d.b.a.,bar,,40.7243345,-73.9880064
node,3821171656,Southwest Porch,cafe,burger,40.7536535,-73.984378
node,3822448405,La Loteria,restaurant,mexican,40.7307928,-74.004204
node,3822461834,Meskerem,restaurant,ethiopian,40.7299814,-74.0003769
node,3822484904,District Tap House,bar,,40.7540893,-73.9904351
node,3822484907,Qi Thai Grill,restaurant,thai,40.7186299,-73.9562472
node,3822484908,The Bean,cafe,coffee_shop,40.7200547,-73.9551628
node,3822494060,The Garret Coctelería,bar,mexican,40.7196519,-73.9950239
node,3822494062,Miss Nellie's,restaurant,american,40.7591136,-73.9899354
node,3826810673,Anjappar,restaurant,indian,40.7425648,-73.9827028
node,3826815957,Taste from Everest,restaurant,nepalese,40.7422289,-73.9829503
node,3826815958,Bhatti,restaurant,indian,40.7421807,-73.9829817
node,3826816004,Pappali,restaurant,indian,40.7423183,-73.9833132
node,3826926964,California Pizza Kitchen,restaurant,pizza,40.7445423,-73.9834869
node,3829591977,International Burgers,fast_food,burger;mexican;japanese;american;chicken,40.751555,-73.970062
node,3829594458,Subway,fast_food,sandwich,40.7513538,-73.9708398
node,3829610926,Chelsea Bagel,cafe,bagel;deli,40.7503257,-73.9716056
node,3830892127,Shake Shack,fast_food,burger,40.7494619,-73.9756547
node,3831290762,Yoonkao Thai,restaurant,thai,40.7450461,-73.9759245
node,3831291384,Baby Bo's Cantina,restaurant,mexican,40.7450939,-73.9758895
node,3831297082,Chipotle,fast_food,mexican,40.7441088,-73.9759417
node,3831591517,Pio Pio,restaurant,peruvian,40.7605928,-73.9945435
node,3832910158,Vatan,restaurant,indian,40.742351,-73.9803456
node,3833084948,John's Coffee Shop,restaurant,coffee_shop,40.7511092,-73.9715209
node,3833084950,The Casual Greek,restaurant,greek,40.7510584,-73.9715451
node,3835810347,McDonald's,fast_food,burger,40.7608498,-73.967355
node,3837607014,Luke's Lobster,restaurant,seafood,40.7513492,-73.973221
node,3839134719,EONS Greek Food for Life,restaurant,greek,40.7452392,-73.9757831
node,3843628369,UN Halal,fast_food,arab,40.7500327,-73.969098
node,3843919259,Vin Sur Vingt,bar,,40.7439497,-73.9887933
node,3843956495,Nous Espresso,cafe,coffee_shop,40.807525,-73.9608785
node,3847048439,Handsome Rice,fast_food,korean,40.744687,-73.9813081
node,3847565724,Pershing Square,restaurant,,40.7519669,-73.9777869
node,3854476657,Comodo,restaurant,,40.7395891,-73.9844966
node,3856527489,Frank Ottomanelli's,cafe,coffee_shop,40.7419355,-73.9608611
node,3860740161,La Catrinas,restaurant,mexican,40.761437,-73.924556
node,3860891458,Seek Coffee,cafe,,40.7600363,-73.9205039
node,3861834057,Break,bar,,40.761392,-73.924468
node,3862796859,Agnanti Café,cafe,,40.780846,-73.917133
node,3862797058,Our Coffee Shop,cafe,,40.754429,-73.933859
node,3862899358,Boishaki Restaurant,restaurant,,40.757024,-73.93099
node,3862902958,Beija-flor,restaurant,,40.754568,-73.933774
node,3862918057,DK PubLIC,restaurant,gastropub,40.753669,-73.934503
node,3862975263,Hellgate on the Park,bar,,40.78094,-73.917284
node,3862975658,Astoria Family Pizza,restaurant,pizza;latin_american;mexican,40.780773,-73.917031
node,3862987557,Niko's Souvlaki,restaurant,greek,40.780672,-73.916871
node,3863328959,Bagatelle,restaurant,french,40.7397042,-74.0060257
node,3863634562,Grounded,cafe,,40.738035,-74.003421
node,3863639458,Café Minerva,cafe,,40.737043,-74.003887
node,3863833957,Terra Blues,bar,,40.728362,-73.999283
node,3863914558,Up and Up,bar,,40.72975,-74.000583
node,3863997257,Saigon Shack,restaurant,vietnamese;coffee;noodle;sandwich,40.729691,-74.000637
node,3864057558,The Red Lion,bar,,40.7284605,-73.9994965
node,3864232857,Wicked Willy's,bar,,40.728375,-73.999318
node,3864498058,First Stop Bar & Grill,restaurant,,40.7587851,-73.9183096
node,3864972068,,restaurant,,40.746726,-73.947598
node,3865005275,Sweetleaf,cafe,,40.743271,-73.95158
node,3865130357,Peking Express,fast_food,chinese,40.7258713,-73.942793
node,3865135159,The Buttery Bar,bar,comfort_food;new_american;wine,40.723132,-73.944627
node,3865144960,Michael's Café & Bar,bar,,40.754423,-73.935709
node,3865145166,Gyu-Kaku,restaurant,japanese,40.748256,-73.947153
node,3865170361,Manetta's Ristorante,restaurant,italian,40.7427545,-73.9518864
node,3865282958,Chicken Shack,fast_food,,40.75989,-73.920659
node,3865660457,Mokja,restaurant,korean,40.7602676,-73.921434
node,3866284163,JJ's Asian Fusion,restaurant,japanese,40.762084,-73.91835
node,3867611568,Café Aliada,restaurant,greek,40.7625339,-73.9262068
node,3867612078,Caravan Chicken,fast_food,chinese,40.760532,-73.921996
node,3867875961,Keenan's bar,bar,,40.87915,-73.904435
node,3869566324,Bodhi Kosher Vegetarian Restaurant,restaurant,chinese,40.716357,-73.9991738
node,3869752135,Starbucks,cafe,coffee_shop,40.7370022,-73.9896034
node,3874076273,Xi'an Famous Foods,fast_food,chinese;noodle,40.7243187,-73.9509408
node,3874983057,Joe Coffee Company,cafe,,40.7467841,-74.0016172
node,3876361757,Bluestone Lane,cafe,,40.7485056,-74.0087396
node,3888194452,Baar Baar,restaurant,indian,40.7244268,-73.9915125
node,3892300447,UN Visitors Café,cafe,,40.7502191,-73.967463
node,3902076224,Sanmiwago,fast_food,taiwanese,40.7174276,-73.9955675
node,3905372800,Sido,fast_food,kebab;arab,40.7521571,-73.9707387
node,3907629284,Playa Bowls,fast_food,açaí,40.8044414,-73.9668661
node,3925051662,Corner bistro,bar,burger,40.7380383,-74.0037627
node,3925063780,Dominique Ansel Bakery,cafe,,40.725171,-74.00295
node,3926398285,Variety Cafe,restaurant,,40.7073841,-74.012574
node,3927266464,Little Italy Pizza,fast_food,pizza,40.747607,-73.9848919
node,3929098332,Romano Pizza,fast_food,pizza;italian;sandwich,40.7450795,-73.9783737
node,3932353662,Eleven Madison Park,restaurant,french;american,40.7415982,-73.9871904
node,3932353663,Le Bernardin,restaurant,french;seafood,40.7613945,-73.981691
node,3932353664,Masa,restaurant,sushi,40.7685324,-73.9827663
node,3932353665,Per Se,restaurant,american;french,40.7682549,-73.9828519
node,3933254460,Mari Vanna,restaurant,russian,40.7387966,-73.9885656
node,3938479922,Starbucks,cafe,coffee_shop,40.712179,-74.008181
node,3938479923,Le Pain Quotidien,cafe,coffee_shop,40.7658131,-73.9653728
node,3938479924,Chloe,restaurant,burger;salad,40.7292022,-74.001033
node,3939671140,Aunt Bernie's,restaurant,american;continental,40.7459791,-73.9777094
node,3955492426,Jazz Standard,restaurant,,40.7422938,-73.983837
node,3956950395,Banter,cafe,american;breakfast,40.7437478,-73.9790582
node,3956967453,Candle,restaurant,international,40.7418372,-73.9812232
node,3957456403,Slick Willy,restaurant,burger,40.7283287,-73.9492788
node,3957456405,Connie O's Pub,bar,,40.7265415,-73.9480403
node,3958232658,Starbucks,cafe,coffee_shop,40.7435815,-73.9920821
node,3959756841,Maysville,restaurant,american,40.7441556,-73.9895824
node,3959756843,Toshi's Penthouse,bar,,40.7440098,-73.9891964
node,3960139719,Osteria Laguna,restaurant,italian,40.7506394,-73.9737151
node,3960147947,Starbucks,cafe,coffee_shop,40.7498951,-73.972877
node,3960166157,Think Coffee,cafe,coffee_shop,40.7446682,-73.98756
node,3960166158,Ben & Jack's Steakhouse,restaurant,steak_house,40.7448447,-73.9869413
node,3960166159,Nomad Tea Parlour,restaurant,chinese,40.7445855,-73.9875896
node,3960166161,Bubble Tea & Crepes,fast_food,bubble_tea;crepe,40.7447164,-73.987046
node,3966939347,Milleseme,restaurant,,40.744603,-73.9854712
node,3966939351,Chipotle,fast_food,mexican,40.7442607,-73.9878679
node,3966939353,Seven grams,cafe,,40.7439872,-73.9858906
node,3970473667,Così,fast_food,sandwich,40.7445639,-73.9829239
node,3970473669,Subway,fast_food,sandwich,40.7441646,-73.9837078
node,3970473673,Fresh & Co,restaurant,,40.7439569,-73.9833596
node,3971304159,Black Star Bakery & Cafe,cafe,,40.7172343,-73.9564033
node,3972056717,Chick-fil-A,fast_food,chicken,40.7517237,-73.9861214
node,3976829275,Muna,restaurant,indian,40.7535732,-73.9734874
node,3976829277,Curry and Tandoor,restaurant,indian,40.7536128,-73.9735973
node,3976832398,Sparks Steak House,restaurant,steak_house,40.752923,-73.9719424
node,3995212059,Sushiden,restaurant,japanese,40.7575093,-73.9764528
node,3995212060,Sushiden,restaurant,japanese,40.7600927,-73.9825066
node,4006284842,Miss Lily’s,restaurant,caribbean,40.7260148,-73.9837501
node,4006308109,KYU,restaurant,asian,40.7255749,-73.9951521
node,4009714818,The Grey Dog,restaurant,american,40.7406022,-74.0006577
node,4011390054,Pret A Manger,fast_food,sandwich,40.7505582,-73.9735399
node,4011618278,Gemini Diner,restaurant,diner,40.7454088,-73.975659
node,4011732597,At nine Restaurant & Bar,restaurant,thai,40.7587421,-73.9921724
node,4011732598,Dunkin',fast_food,donut;coffee_shop,40.7541018,-73.9917722
node,4011732600,Dos Toros Taqueria,fast_food,mexican,40.7545942,-73.9919446
node,4011732601,Pomodoro Italian Restaurant,restaurant,italian,40.7562731,-73.993975
node,4011732603,Trattoria Casa Di Isacco,restaurant,,40.7568531,-73.9935485
node,4011732605,Wok to Walk,fast_food,asian,40.7547223,-73.9913702
node,4014980150,Chuck E. Cheese,restaurant,pizza,40.7529557,-73.914645
node,4014980157,New Grand Buffet,restaurant,chinese;italian;american;japanese,40.7522748,-73.9148012
node,4015169994,The Four Horsemen,bar,american;eclectic,40.7130452,-73.9573171
node,4015724687,I Pizza NY,fast_food,pizza,40.7159896,-74.0100064
node,4015736091,Gotan,cafe,sandwich,40.719225,-74.0066966
node,4015736092,Jerrell's BETR BRGR,fast_food,burger,40.723906,-74.0048995
node,4030939257,Valhalla,bar,,40.765979,-73.9873999
node,4035588419,Shake Shack,fast_food,burger,40.7528125,-73.9775547
node,4043594359,Mighty Quinns Barbeque,restaurant,,40.7368066,-74.001398
node,4044849082,Morandi,restaurant,italian,40.7353587,-74.0014906
node,4045599201,The Waverly Inn,restaurant,american,40.7369557,-74.002226
node,4058593203,Cafe Cluny,restaurant,,40.7374393,-74.0039645
node,4058593771,Maoz,fast_food,arab,40.7580938,-73.9893834
node,4058772628,Dos Toros Taqueria,fast_food,mexican,40.7305146,-74.0022439
node,4058773875,Bagels on the Square,fast_food,bagel,40.7305542,-74.0021433
node,4063770988,Just Salad,fast_food,salad,40.7415313,-73.9940562
node,4070145531,Blossom- Chelsea,restaurant,,40.7454821,-74.0022829
node,4070145709,Patiala Indian Grill,restaurant,indian,40.753427,-73.9959744
node,4071615040,Bagelmania,cafe,,40.7570864,-73.9052234
node,4077029787,Taqueria Diana,fast_food,mexican,40.7565326,-73.9937801
node,4077041413,Il Punto Ristorante,restaurant,italian,40.7560797,-73.9945667
node,4077197390,24 Hour Deli,fast_food,,40.7119807,-73.998824
node,4085364218,Beyond Sushi,restaurant,sushi;asian,40.7633124,-73.9772025
node,4088071261,Barcade,bar,,40.7443263,-73.9944542
node,4092436131,Bocca di Bacco,restaurant,italian,40.7446167,-74.0029356
node,4092436594,Num Pang,fast_food,cambodian;sandwich,40.7424604,-74.0058893
node,4097224495,Bleecker Street Pizza,restaurant,pizza,40.7321893,-74.0034001
node,4109867475,Troost,bar,,40.7334503,-73.9549611
node,4109867476,Agra Taj Mahal,restaurant,indian,40.7333423,-73.9549468
node,4109867478,Rounders,bar,,40.7332005,-73.9549232
node,4111168991,Starbucks,cafe,coffee_shop,40.8233265,-73.9426474
node,4112572561,One-eyed Taco Man,restaurant,tacos;al_pastor,40.7022745,-73.9199018
node,4113143108,King of Falafel & Shawarma,restaurant,middle_eastern,40.7621919,-73.9255499
node,4113143109,Sanfords,restaurant,american;diner;whiskey;bourbon;bar,40.7622318,-73.9256493
node,4113143110,Lots O Bagels (LOB),cafe,bagel;sandwich,40.7623369,-73.9258716
node,4113144389,Jennifer Café,fast_food,tacos,40.7253208,-73.9871785
node,4113144390,KGB Bar,bar,,40.7265891,-73.9898025
node,4113171309,The Sabieng Thai,restaurant,thai,40.7254779,-73.9870799
node,4113171310,Risotteria Melotti,restaurant,italian,40.7266246,-73.9883365
node,4114487389,Hong Kong Noodle Sariku Sushi,restaurant,chinese;sushi;thai,40.7443652,-73.9813808
node,4121144991,Cookshop,restaurant,,40.7457199,-74.0054281
node,4128896890,Bareburger,restaurant,,40.7671718,-73.9835181
node,4130652235,Rustic Table ,cafe,,40.7596945,-73.9958873
node,4133854273,Le Pain Quotidien,cafe,coffee_shop,40.7879358,-73.9534358
node,4140525190,Aroy Dee Thai Kitchen,restaurant,thai,40.7097774,-74.0089148
node,4140591018,The Modern - The Bar Room,restaurant,french,40.7610807,-73.9770877
node,4146280790,Attaboy,bar,,40.7188823,-73.9913742
node,4146280791,Pulqueria,restaurant,mexican,40.7144253,-73.9981968
node,4146329489,Mulberry Project,bar,,40.719067,-73.9976412
node,4146329589,Après-Ski Fondue Chalet at Café Select,bar,,40.7218093,-73.9979174
node,4146329689,2nd Floor on Clinton,bar,,40.7194207,-73.985079
node,4146329789,The Back Room,bar,,40.7187356,-73.9869338
node,4146358991,Ferns,restaurant,,40.7288511,-73.9841239
node,4146358992,Please Don't Tell,bar,,40.7271211,-73.983769
node,4146369289,Blind Barber,bar,,40.7271537,-73.9801374
node,4146369290,Death & Company,bar,,40.7259358,-73.9846566
node,4146374199,Late Night Ramen at Takashi,restaurant,,40.7314115,-74.0064867
node,4146374200,Streecha Ukrainian Kitchen,restaurant,ukrainian,40.7284522,-73.9889619
node,4146376405,Gaonnuri,restaurant,korean,40.7478213,-73.9878356
node,4146399196,Employees Only,bar,,40.7334339,-74.0060767
node,4149450808,ABA Turkish Restaurant,restaurant,turkish,40.7674386,-73.9839741
node,4149649615,Rosemary's,restaurant,,40.734788,-73.9998597
node,4149654067,All'Antico Vinaio,fast_food,italian;sandwich,40.7295949,-73.9996291
node,4149654210,Tacombi,restaurant,mexican,40.7239825,-73.9937554
node,4149654227,Bluestone Lane,cafe,,40.7358239,-74.0008231
node,4149654228,Hudson Cafe,cafe,,40.73833,-74.0053849
node,4149654489,MUD,cafe,brunch;coffee_shop,40.7290442,-73.9866462
node,4151549326,Two Boots Pizza,restaurant,,40.7599556,-73.9917522
node,4151643713,The Butcher's Daughter,cafe,,40.7207158,-73.9947851
node,4151701793,Sushi of Gari,restaurant,,40.7606902,-73.9895916
node,4151719703,Mollyos,restaurant,,40.7592099,-73.9926165
node,4151778390,Pure Thai Cookhouse,restaurant,thai,40.7642433,-73.9881105
node,4151778391,Ippudo,restaurant,ramen,40.763547,-73.9865301
node,4159331192,Radegast German Beer Garden,restaurant,german;bavarian,40.7167708,-73.9615252
node,4159335689,HiLot,bar,,40.7238715,-73.9788249
node,4159335789,Miss Lily's (Soho),restaurant,caribbean,40.7279837,-74.001356
node,4160710889,Lydia's,bar,,40.7234419,-73.98811
node,4167956349,Take31,restaurant,korean,40.7462218,-73.9848538
node,4167956350,Her Name is Han,restaurant,korean,40.7461934,-73.9847787
node,4175145190,Marisco Centro,restaurant,,40.8519185,-73.932054
node,4175145191,Surf Bar,restaurant,,40.7177263,-73.9587317
node,4175181190,Duff's,bar,,40.7088559,-73.9578638
node,4176537295,Home Sweet Harlem,restaurant,,40.8193775,-73.9522582
node,4176635091,Unione Restaurant,restaurant,,40.8292567,-73.947944
node,4177039064,Spice Market,restaurant,asian,40.7404996,-74.006007
node,4178936437,Black Star Coffee,cafe,breakfast;coffee_shop,40.7433724,-73.9580969
node,4181417794,Peking Duck House,restaurant,chinese,40.7146382,-73.9985571
node,4181467991,Piccola Strada,restaurant,italian,40.7266286,-73.9902161
node,4181583423,Lucy’s,restaurant,vietnamese,40.7188932,-73.9589758
node,4184426389,El Kucho,restaurant,mexican,40.7007776,-73.9254602
node,4184497397,Brandy Library,bar,,40.7199472,-74.007213
node,4184564889,Walker's,restaurant,burger,40.7197094,-74.0070516
node,4188132390,Kung Fu Little Steamed Buns,restaurant,,40.7616147,-73.9868436
node,4189750278,Kafana,restaurant,serbian,40.7243534,-73.9784734
node,4190039995,Urban Space,restaurant,,40.7537677,-73.9779905
node,4193555491,Cho Dang Gol,restaurant,korean,40.7501714,-73.9863439
node,4195507701,Taco Bell,fast_food,tex-mex,40.7298076,-73.9506361
node,4198113799,Cafe China,restaurant,chinese,40.7515794,-73.9858142
node,4199854393,BLT Burger,fast_food,,40.7355939,-73.9978613
node,4202805400,McDonald's,fast_food,burger,40.7291001,-73.9932306
node,4203185653,Roey's,restaurant,italian;pizza,40.735985,-74.0009044
node,4203545989,Creperie,restaurant,crepe,40.7295942,-74.0006325
node,4203603696,Olive Tree Cafe,bar,,40.7301084,-74.0005257
node,4204705079,Noisette Pastry Shop,cafe,french,40.7684031,-73.91111
node,4204730521,Aden (Yemeni),restaurant,arab,40.7682288,-73.9117779
node,4204752477,AbuQir Seafood,restaurant,seafood; egyptian,40.7684749,-73.9110614
node,4204758328,Sabry's,restaurant,egyptian;seafood,40.7683278,-73.911171
node,4208955389,Sweet Corner Bakeshop,cafe,,40.7345574,-74.0063447
node,4210170310,Mr. Taka Ramen,restaurant,ramen;japanese,40.721278,-73.9890275
node,4210173133,Momofuku Noodle Bar,restaurant,asian;japanese;noodle,40.7291861,-73.9843786
node,4212376889,The Elk,cafe,,40.7341718,-74.0074226
node,4213578591,Carve Café & Pizza,cafe,,40.7593488,-73.9885067
node,4214275589,230 Fifth,bar,american,40.7439412,-73.988134
node,4215939888,Punda's Tibetan,restaurant,tibetan,40.7419873,-73.9252095
node,4216237581,BEA,restaurant,,40.7593617,-73.9924919
node,4216238690,Gran Torino,restaurant,,40.7183923,-73.9588733
node,4216669490,Old Rabbit Club,bar,,40.7299594,-74.0003929
node,4218407489,White Oak Tavern,bar,american,40.7303749,-73.9946392
node,4221091789,Westville East,restaurant,american;salad;burger;fish,40.7284125,-73.9820074
node,4221481089,Benito One,restaurant,,40.7199982,-73.9969021
node,4224118981,Le Chéile,restaurant,,40.8514544,-73.9400045
node,4227278392,Kobrick Coffee,cafe,,40.7403739,-74.0055542
node,4227592991,Rossopomodoro,restaurant,italian,40.7384326,-74.0020328
node,4230584789,Pret A Manger,fast_food,sandwich,40.7063767,-74.0126334
node,4230588256,Ramini espresso bar,cafe,coffee_shop,40.7552587,-73.9945988
node,4231923696,Sylvia's Restaurant,restaurant,american;regional;seafood,40.8086285,-73.9445189
node,4234840590,Spice Symphony,restaurant,indian;chinese,40.7447024,-73.9811337
node,4235716667,Ray's Pizza Bagel Cafe,fast_food,pizza;bagel,40.7293549,-73.9898092
node,4236711150,Bella Napoli,restaurant,italian,40.7450974,-73.9947013
node,4243416297,Sartiano’s,restaurant,italian,40.7248056,-73.998682
node,4243439483,Haven Rooftop Bar,bar,,40.7583844,-73.9832932
node,4244823109,Sagaponack Bar & Grill,restaurant,seafood,40.7410206,-73.9907082
node,4248928405,Matto Espresso,cafe,coffee_shop,40.7515474,-73.9705865
node,4250811240,Ningbo Cafe,restaurant,chinese,40.7080812,-74.0182068
node,4254615310,Jane,restaurant,,40.7273302,-74.000275
node,4255253129,Chipotle,fast_food,mexican,40.7260399,-73.9964859
node,4259440712,Habanero Cafe Mexican,restaurant,mexican,40.7005904,-73.9440052
node,4260987502,Blue Hill,restaurant,american,40.7320396,-73.9995703
node,4262776953,Franchia,restaurant,asian,40.7475456,-73.9813305
node,4273997364,BaoDega,restaurant,,40.7401241,-73.9917722
node,4278152903,Tampico,restaurant,mexican,40.7203148,-73.9932662
node,4278330892,Gallaghers Steakhouse,restaurant,american;steak_house,40.7628531,-73.9838317
node,4278854991,Sons of Essex,restaurant,,40.7202021,-73.9875286
node,4282785789,Welcome to the Johnsons,bar,,40.7196706,-73.9873004
node,4284788108,Le Botaniste,restaurant,international,40.7650017,-73.9659528
node,4284811306,Nom Wah Tea Parlor,restaurant,chinese,40.7144593,-73.9981968
node,4285496391,Maxi's Noodle,fast_food,chinese;hong_kong,40.7161971,-73.998031
node,4291285989,Uncle Gussy's,fast_food,greek,40.7575773,-73.973264
node,4293765088,ZLS BBQ,restaurant,,40.7385294,-73.9820254
node,4297408693,International Wings Factory,restaurant,chicken,40.7802569,-73.94668
node,4299951695,Sbarro,fast_food,pizza,40.7503277,-73.9907937
node,4300001394,Shake Shack,fast_food,burger,40.7513742,-73.9878729
node,4300059790,Sbarro,fast_food,pizza,40.7629874,-73.9765793
node,4300127190,Sweetgreen,fast_food,salad,40.7213348,-74.0097675
node,4300138589,Sweetgreen,fast_food,salad,40.7448058,-73.9886256
node,4300138689,Sweetgreen,fast_food,salad,40.7211727,-73.9970047
node,4300313491,Dirt Candy,restaurant,,40.7178785,-73.9907886
node,4300438090,Tompkins Square Bagels,cafe,bagel,40.7281762,-73.9821791
node,4300475590,Los Tacos No.1,fast_food,,40.7422406,-74.0050329
node,4300546590,Murray's Bagels,cafe,bagel,40.7363315,-73.9971668
node,4300546789,Taqueria Diana,fast_food,mexican,40.7284868,-73.9879718
node,4301475089,Bocca Di Bacco,restaurant,italian,40.766105,-73.9866537
node,4303213992,Tasty Deli,restaurant,,40.841789,-73.9390089
node,4303241989,Piora,restaurant,,40.730625,-74.0065313
node,4305052000,Maya Mezcal,bar,mexican,40.7271358,-73.9881641
node,4305056427,The Garret,bar,,40.7323251,-74.0038428
node,4305072305,Arthur's Tavern,bar,,40.7331992,-74.0034508
node,4305803512,Rex,cafe,coffee_shop;breakfast;sandwich,40.7197679,-73.9870333
node,4305816204,Westville Chelsea,restaurant,,40.7418162,-74.0000228
node,4305816205,Rubirosa,restaurant,pizza;italian,40.7227225,-73.9961142
node,4305837195,GreenStreets Salads,fast_food,salad,40.7045514,-73.9238716
node,4305837196,Mesa Azteca,restaurant,mexican,40.7050765,-73.9201938
node,4308132589,Berimbau do Brasil,restaurant,,40.7300608,-74.0036699
node,4310015690,Burmese Bites,restaurant,international,40.7617475,-73.9176612
node,4310271991,The Little Owl,restaurant,,40.7322791,-74.0052939
node,4311338893,Pasta Eater,restaurant,italian,40.7635574,-73.9886665
node,4311341790,Rio Grande Churrascaria,restaurant,steak_house,40.7533528,-73.9344179
node,4311369891,Pomodoro Rosso,restaurant,italian,40.7763934,-73.9793251
node,4311478190,Arias Hell's Kitchen,restaurant,,40.764055,-73.9880983
node,4312082389,10 Below Ice Cream,cafe,ice_cream,40.7137511,-73.9985135
node,4312727871,Summers,restaurant,coffee_shop,40.7116327,-73.961939
node,4312750372,Freehold,cafe,coffee_shop,40.7136847,-73.9657829
node,4312755454,Bia,restaurant,vietnamese,40.7119842,-73.9678497
node,4314629228,Naya,fast_food,middle_eastern,40.7479614,-73.9857859
node,4315086759,Clem's,bar,,40.7132509,-73.9585549
node,4315270690,Ro's Diner,restaurant,american,40.7084618,-73.9408912
node,4316345593,Brooklyn Diner,restaurant,diner,40.7565134,-73.9857687
node,4316376191,Red Peony,restaurant,,40.7627204,-73.9759478
node,4316449792,Depanneur,cafe,deli;sandwich,40.7174195,-73.962872
node,4316449793,Humboldt & Jackson,restaurant,,40.7169346,-73.9429324
node,4316480189,Shanti Shack,cafe,,40.7171428,-73.962413
node,4317133391,Caravan of Dreams,restaurant,,40.7263027,-73.9857058
node,4317379401,Bunk Sandwiches,restaurant,sandwich,40.712665,-73.9607387
node,4317379402,High Lúa,restaurant,vietnamese,40.7125576,-73.960413
node,4317415004,Streets BK,restaurant,,40.7106951,-73.9660366
node,4317608790,Fossetta,restaurant,italian,40.7224046,-73.9885699
node,4317690789,terroir at the porch,bar,,40.7429238,-74.0075471
node,4317887892,Cosmic Diner,restaurant,american;breakfast;diner,40.7636131,-73.9849057
node,4319001989,The Cock,bar,,40.7271491,-73.9889759
node,4320014581,Bar Pisellino,cafe,italian,40.7330154,-74.0033657
node,4320052886,Food Sing,fast_food,chinese,40.7143588,-73.9612417
node,4320078395,Cafe el Puente,restaurant,latin_american,40.7105003,-73.9588041
node,4320266594,The Best Sichuan,restaurant,chinese;szechuan,40.7564484,-73.9777452
node,4322641192,Jekyll and Hyde Club,restaurant,,40.7327694,-74.0030897
node,4324553594,Lava Shawarma,restaurant,mediterranean,40.7292267,-73.9988688
node,4325385750,Jane Motorcycles,cafe,coffee_shop,40.7125186,-73.9660797
node,4325385751,The Woods,bar,,40.7129071,-73.9663175
node,4326134893,Wolfgang's Steakhouse,restaurant,,40.7211681,-74.0097607
node,4329843790,Angelo Bellini,restaurant,italian,40.7571634,-73.9684577
node,4330787300,Frisson Espresso,cafe,,40.7608908,-73.9889333
node,4334482651,Devoción,cafe,,40.7147568,-73.9622348
node,4336929647,Horses and Divorces,bar,,40.7140946,-73.961426
node,4336929648,Quinoa Kitchen,fast_food,health_food,40.713994,-73.9614893
node,4346186291,Pig Heaven,restaurant,chinese,40.7753842,-73.9567313
node,4346190189,Hillstone,restaurant,american,40.7580445,-73.9699967
node,4349689301,Pisillo Italian Panini,fast_food,sandwich,40.7105063,-74.0075665
node,4350615592,Island Burger and Shakes,restaurant,,40.7643365,-73.9880327
node,4352204390,Serendipity 3,restaurant,,40.7618022,-73.9649381
node,4353160594,Serendipity 3,restaurant,,40.7600052,-73.9665174
node,4355476801,Beetle House NYC,restaurant,,40.72708,-73.9880314
node,4357574290,Giorgio's of Gramercy,restaurant,,40.7396065,-73.9886459
node,4365154093,Planta,restaurant,,40.7444076,-73.9883231
node,4365213715,Just Salad,fast_food,salad,40.7769369,-73.9551153
node,4370603390,St Kilda Coffee,restaurant,coffee_shop,40.7607499,-73.9905025
node,4375696312,Trattoria Pesce Pasta,restaurant,italian;seafood,40.7311855,-74.0031019
node,4380187995,El Cortez,restaurant,,40.7070137,-73.9330978
node,4382630247,Court Street Grocers Lunch,fast_food,sandwich,40.7139375,-73.9555283
node,4382630248,The Commodore,restaurant,chicken;american,40.7139513,-73.9558034
node,4385240481,The View Restaurant & Lounge,restaurant,american,40.758744,-73.986415
node,4388528762,Wolfnights,fast_food,wrap,40.7200494,-73.9885393
node,4388530060,McDonald's,fast_food,burger,40.7188143,-73.9882731
node,4392870291,Da Marcella,restaurant,,40.7277469,-74.0020266
node,4394357390,Le Pain Quotidien,cafe,coffee_shop,40.7532402,-73.9845838
node,4394707998,Subway,fast_food,sandwich,40.8384169,-73.9413368
node,4395618692,Eagle Bar,bar,,40.7517058,-74.0042924
node,4396459593,Jazba,restaurant,indian,40.7316574,-73.9856935
node,4396465094,Momofuku Nishi,restaurant,asian,40.7443392,-73.9987769
node,4396864494,Dino's Pizza & Pasta,fast_food,pizza,40.7623833,-73.9259835
node,4402057816,TGI Fridays,restaurant,american,40.7065633,-74.0129228
node,4402180605,Starbucks,cafe,coffee_shop,40.7636783,-73.9823708
node,4406319594,Black Tap,restaurant,burger;american,40.7238705,-74.004215
node,4406520514,Westlight,bar,,40.7223271,-73.9567564
node,4412150567,Porteño,restaurant,argentinian,40.7504599,-74.0024185
node,4412154431,Highline Pizzeria,fast_food,pizza,40.7511098,-74.0022451
node,4416202291,Joe Junior,restaurant,american;grill;seafood;diner,40.734635,-73.9859521
node,4420510490,Toribro Ramen,restaurant,ramen,40.7644404,-73.9875805
node,4422266667,Lincoln Ristorante,restaurant,italian,40.7733333,-73.983552
node,4423853595,Rooftop Bar,bar,,40.7563569,-73.9749477
node,4423853596,Rooftop Bar,bar,,40.7392821,-73.9872624
node,4423853691,Covina,restaurant,italian;mediterranean,40.7423513,-73.9833892
node,4423874390,Gallow Green Rooftop Bar,bar,,40.7507722,-74.0040792
node,4423974194,Pizza Fresca,restaurant,pizza,40.7389487,-73.9889529
node,4424297323,Taqueria Sofia,restaurant,mexican;burrito;quesadilla;tacos,40.7002919,-73.9256805
node,4426744326,bb.q Chicken,restaurant,korean;chicken,40.7415576,-73.9809256
node,4426744327,Smashy,fast_food,burger;fries,40.7361989,-73.98901
node,4426826294,Blue Ribbon Brassiere,restaurant,american;barbecue;fine_dining,40.725453,-74.0030128
node,4426826906,Follia,restaurant,italian;pizza,40.7350082,-73.9857014
node,4426893990,Blue Ribbon Fried Chicken,fast_food,chicken,40.7244607,-73.9909251
node,4426898490,Eleni's Divine Greek Cuisine,restaurant,greek,40.7365634,-73.9850368
node,4427616693,P.F. Chang's,restaurant,asian,40.7343278,-73.9921829
node,4429201691,Minetta Tavern Restaurant,restaurant,burger,40.7299655,-74.0006297
node,4431347690,Arturo's Coal Oven Pizza,restaurant,,40.7273991,-74.0003974
node,4433464491,caffe wha,bar,,40.730082,-74.0007434
node,4435477389,Industry,bar,,40.7643224,-73.9873646
node,4440872667,Juice Press,fast_food,juice,40.7636204,-73.9652933
node,4441702689,Starbucks,cafe,coffee_shop,40.7480793,-73.9892846
node,4442221391,Saravanaa Bhavan,fast_food,indian;south_indian,40.7414379,-73.9831543
node,4442836595,Seven Grams Caffe,cafe,coffee_shop,40.7455323,-73.9943777
node,4443479889,Ted's Montana Grill,restaurant,american,40.7607731,-73.9808203
node,4444156976,ViVi Bubble Tea,cafe,,40.7363224,-73.994803
node,4447034701,Virgil's Real BBQ,restaurant,,40.7568784,-73.9853179
node,4449731898,Yatenga French Bistro,restaurant,african;caribbean;french,40.8142327,-73.9441134
node,4450329793,Popeyes,fast_food,chicken,40.8229043,-73.9415929
node,4450364090,Manhattanville Coffee,cafe,,40.8213006,-73.9445186
node,4450394989,Giovanni's G-Bar,restaurant,,40.8194448,-73.9271344
node,4454392489,Gyu-Kaku,restaurant,japanese;barbecue,40.7590854,-73.9898663
node,4455580390,Gyu-Kaku,restaurant,japanese;barbecue,40.7282161,-73.991431
node,4455816592,NY Grill & Deli,fast_food,,40.7535386,-73.9661058
node,4455832292,Taco Mahal,fast_food,indian,40.7607583,-73.9911633
node,4455991989,Lex Restaurant,restaurant,italian,40.7825319,-73.953693
node,4457730480,Rivington Pizza,restaurant,pizza,40.7190395,-73.9846805
node,4461697890,L & W Oyster Company,restaurant,seafood,40.7450031,-73.9873381
node,4461699892,ilili,restaurant,mediterranean,40.7443707,-73.98779
node,4464270289,Jadis,bar,,40.7204555,-73.9893332
node,4466534299,Zaab Zaab,restaurant,thai,40.7139789,-73.96032
node,4466536113,House of Small Wonder,restaurant,japanese,40.7189283,-73.960798
node,4468394389,La Sirène,restaurant,french,40.7244709,-74.0057117
node,4469982794,Fresh Salt,restaurant,,40.7070752,-74.0024625
node,4470005992,ACQUA,restaurant,italian,40.7082305,-74.0016978
node,4470023090,The Red Cat,restaurant,,40.7480925,-74.0041031
node,4470023190,Boqueria Soho,restaurant,tapas;spanish,40.7248202,-74.0022169
node,4470023992,The Fulton,restaurant,seafood,40.7053484,-74.0010549
node,4470023993,New Hua Xia Seafood Restaurant,restaurant,chinese,40.7139703,-73.9968991
node,4470028190,La Bonne Soupe,restaurant,french,40.7624058,-73.9769664
node,4470028590,Great NY Noodletown,restaurant,,40.7149725,-73.9970927
node,4470030390,EJ's Luncheonette,restaurant,diner,40.7704393,-73.9597626
node,4470030889,Café Fiorello,restaurant,italian,40.7717565,-73.9818595
node,4475036592,Mr Purple,bar,,40.7218111,-73.9882321
node,4475172517,Corkbuzz,restaurant,american,40.7350302,-73.993152
node,4479054694,Bluestone Lane,cafe,,40.783839,-73.9584235
node,4479613391,Bread & Honey,fast_food,,40.765985,-73.9836701
node,4479637590,Utopia Diner,restaurant,diner;greek,40.7788149,-73.981253
node,4479721389,Pick a Bagel,cafe,bagel,40.7643286,-73.984836
node,4479893189,Pret A Manger,fast_food,sandwich,40.7480195,-73.9930198
node,4480292845,Maui Onion,restaurant,japanese,40.7444333,-73.9902995
node,4481455792,Bean&Bean Coffee,cafe,,40.7469873,-73.9969959
node,4483086991,Patzeria Perfect Pizza Pasta & Grill,fast_food,pizza,40.7594345,-73.9868675
node,4487461842,Adobo Mexican Grill,fast_food,mexican,40.7983996,-73.9693881
node,4487461845,Sushi W,restaurant,japanese,40.7983688,-73.9694092
node,4491325489,Bagelsmith,cafe,bagel,40.7175502,-73.9578621
node,4491464942,La Gualacena,restaurant,ecuadorian,40.7020502,-73.915897
node,4492683386,The Storehouse,bar,,40.7428233,-73.9921754
node,4492691093,Ariari,restaurant,korean,40.7272468,-73.98579
node,4494829289,Starbucks,cafe,coffee_shop,40.7622096,-73.9874605
node,4495100732,Dig,fast_food,regional,40.7407968,-73.9882554
node,4502573289,Dubu Haus,restaurant,korean,40.7467647,-73.9848226
node,4503167568,Woorijip,restaurant,korean,40.7474399,-73.9864528
node,4503912490,Carnegie Diner & Cafe,restaurant,,40.7579319,-73.9821357
node,4504872489,Kisa,restaurant,korean,40.722836,-73.9889877
node,4506648692,Peasant,restaurant,italian,40.721733,-73.9944139
node,4507025555,Bryant Park Grill,restaurant,,40.7532049,-73.9829323
node,4509430011,INDAY,restaurant,indian,40.7438616,-73.9894745
node,4509434073,La Pecora Bianca,restaurant,italian,40.7437112,-73.9892129
node,4509843308,American Table Cafe,restaurant,cafe,40.773601,-73.9825772
node,4513631498,ViVi Bubble Tea,cafe,bubble_tea,40.7227486,-73.9890819
node,4513926394,Sinigual,restaurant,mexican,40.7503349,-73.9750642
node,4515550805,12 Corners,cafe,coffee_shop,40.7180559,-73.997117
node,4515566074,Brown Bag Sandwich Shop,fast_food,sandwich,40.7420199,-73.9930416
node,4526759110,Andiamo Pizza,fast_food,pizza,40.7420525,-73.9931655
node,4527086687,Don Angie,restaurant,italian,40.7378039,-74.0019928
node,4532901890,Pokeworksco,fast_food,,40.7516899,-73.9860342
node,4540025872,Pizza Paradise,fast_food,italian,40.7388998,-73.9929649
node,4550150891,,bar,,40.7200282,-73.987818
node,4551144664,Hudson Malone,restaurant,american,40.7572639,-73.9686379
node,4551150920,Cherry Tavern,bar,,40.7257543,-73.9843812
node,4551157295,Cafe Mogador,restaurant,moroccan,40.7273469,-73.984402
node,4551161735,Abraço,cafe,coffee_shop,40.7273019,-73.9861875
node,4551449492,Juice Press,fast_food,juice,40.7258602,-74.0013476
node,4552992889,The Smith,restaurant,american,40.7442427,-73.9887217
node,4555620974,Starbucks Reserve,cafe,coffee_shop,40.7416112,-74.005149
node,4555818591,Satsko,restaurant,japanese,40.7245384,-73.9802202
node,4555833813,Pita Yeero,fast_food,greek,40.7516142,-73.9740562
node,4555837496,Blue-Park Kitchen,restaurant,american,40.7516202,-73.974679
node,4555837497,Chopt,fast_food,salad,40.7515562,-73.9745328
node,4556115321,Sanwicherie,fast_food,sandwich,40.7504311,-73.9741053
node,4557494991,Olio e Più,restaurant,italian,40.732773,-73.9877871
node,4557537890,Soothr,restaurant,,40.7323273,-73.9873238
node,4557584378,La Dong,restaurant,vietnamese,40.7376427,-73.9912505
node,4557782565,Bagel Market,cafe,deli,40.752013,-73.975055
node,4557948221,Nolita Pizza,restaurant,pizza,40.7209123,-73.9961959
node,4560493914,Mixue,cafe,ice_cream;bubble_tea,40.7186763,-74.0012084
node,4561048492,CAVA,restaurant,mediterranean,40.7522516,-73.9736217
node,4561126589,David Burke Kitchen,restaurant,,40.7227812,-74.0048748
node,4562952595,Betony,restaurant,,40.7641941,-73.9764545
node,4564273493,Birch Coffee,cafe,coffee_shop,40.7436151,-73.9863949
node,4568929156,Chipotle,fast_food,mexican,40.7187757,-74.0021962
node,4571057189,Wa Jeal Sichuan Chili House,restaurant,chinese,40.7754148,-73.9532859
node,4585519689,Menkui Teu,restaurant,japanese;asian;noodle,40.7632437,-73.9771564
node,4587458727,Wagamama,restaurant,asian,40.743289,-73.9885756
node,4589167406,Dizen Goff,restaurant,mediterranean,40.7421092,-74.005517
node,4589454992,The National,restaurant,,40.7565537,-73.9721358
node,4589608994,Fiat Café,restaurant,italian,40.7214382,-73.995646
node,4591231254,Mulberry & Vine,restaurant,new_american,40.7452909,-73.9903934
node,4593242838,Baita by Birreria,restaurant,italian,40.7419337,-73.9898018
node,4604252268,Momoya,restaurant,japanese,40.7426475,-73.9964607
node,4611765242,Grill 212,restaurant,middle_eastern;grill,40.7841089,-73.9788151
node,4616328313,Socarrat Paella Bar,restaurant,spanish,40.7426481,-73.9995427
node,4617801350,The Cabin,restaurant,,40.7239695,-73.9838019
node,4629708840,Up & Down,bar,,40.7393278,-74.0018755
node,4629748728,La Nacional,restaurant,,40.7393804,-74.0012272
node,4629752125,MatchaBar,cafe,,40.740124,-74.0014925
node,4629755383,Pierre Loti,bar,,40.7401651,-74.0015899
node,4629883934,Chipotle,fast_food,mexican,40.8612284,-73.970423
node,4629887666,Linwood Pizza,restaurant,pizza,40.8613057,-73.9702633
node,4637936849,Pierre Loti,restaurant,mediterranean;continental,40.7360901,-73.9874452
node,4638395922,Junoon,restaurant,indian,40.7431207,-73.9909146
node,4651010148,Taboonette,restaurant,middle_eastern,40.734646,-73.9927932
node,4652798789,Lubian Chinese Grilled Fish,restaurant,chinese;seafood,40.7606163,-73.9908082
node,4661316591,Cook Eatery,cafe,,40.7572001,-73.983437
node,4664765789,Joe Coffee Company,cafe,coffee_shop,40.7290876,-73.9982833
node,4664799789,Skinny Louie,fast_food,burger,40.7291102,-73.9875349
node,4668049689,Boba Guys,cafe,bubble_tea,40.7206037,-73.984423
node,4680472389,Smithfield Hall,bar,,40.7447503,-73.993589
node,4681739598,Old Town Bar,bar,american,40.7375383,-73.9892094
node,4686173789,Mozzarella & Vino,restaurant,italian,40.7619597,-73.9772624
node,4687113395,Carve: Unique Sandwich,restaurant,,40.7602363,-73.9873789
node,4687114892,New York Luncheonette,cafe,,40.7564367,-73.971716
node,4687187091,2 Bros Pizza,fast_food,pizza,40.7546935,-73.9918631
node,4687199589,Adyar Ananda Bhavan,restaurant,indian,40.7497376,-73.9774652
node,4687813992,Astoria Coffee,cafe,,40.7671306,-73.9224642
node,4691611733,Financier,cafe,,40.7546713,-73.9745591
node,4699675791,Schnippers Quality Kitchen,fast_food,american,40.7562997,-73.9902122
node,4708888896,Fresh From Hell,restaurant,,40.7607941,-73.9886943
node,4708888898,Black Fox coffee co.,cafe,,40.7064444,-74.0079647
node,4708892892,Dianne & Elisabeth,bar,,40.7615967,-73.9938286
node,4708892893,Five Guys,fast_food,burger,40.7571061,-73.9890903
node,4708892894,Natsumi,restaurant,sushi;japanese,40.7617708,-73.9850779
node,4709047192,Antalia,restaurant,turkish,40.7559182,-73.9804278
node,4711117992,Yuca Bar & Restaurant,restaurant,american,40.7262151,-73.9835939
node,4711118291,Empellón Al pastor,bar,mexican,40.7266479,-73.9832781
node,4711391870,Mangia Organic,cafe,,40.7526386,-73.9845169
node,4711391880,The Kati Roll Company,fast_food,,40.7526965,-73.9846551
node,4714002691,Egg Shop,restaurant,breakfast;sandwich,40.7204398,-73.9951556
node,4714009789,Stone Street,cafe,,40.7202282,-73.9965346
node,4714345894,Hana Michi,restaurant,japanese,40.7476739,-73.986996
node,4716523571,Sahara East,restaurant,middle_eastern,40.7294592,-73.9837203
node,4720357294,Friedman`s,restaurant,american,40.7552614,-73.9984356
node,4725247810,Demo,restaurant,new_american,40.7300299,-74.0030254
node,4725248791,Jack's Wife Freda,restaurant,,40.7298568,-74.0035384
node,4725248792,P.S. Burgers,restaurant,,40.7301922,-74.0033333
node,4725251649,Numero 28 Pizzeria,restaurant,,40.7301093,-74.0027854
node,4738808807,Pommes Frites,restaurant,fries,40.7300993,-74.0002841
node,4739202153,Locande Verde,restaurant,,40.7199242,-74.0099897
node,4739221813,Locande,restaurant,pizza,40.7204523,-74.0087431
node,4744338823,51st Bakery & Cafe,cafe,,40.7423375,-73.9553503
node,4745476137,Loreley Beer Garden,restaurant,german,40.7213361,-73.9928125
node,4745482625,Spicy Moon,restaurant,chinese,40.7234427,-73.992596
node,4746065322,Red Café,fast_food,,40.7479937,-73.9475873
node,4747209924,La Marina Restaurant and Lounge,bar,,40.8689919,-73.9321732
node,4747210026,Chipped Cup Coffee & Victuals,cafe,,40.8285671,-73.9485323
node,4747234521,The Hudson,restaurant,,40.8688176,-73.9319524
node,4749896522,Okonomi,restaurant,japanese;ramen,40.7125574,-73.9487358
node,4751507921,lupe's East L.A. Kitchen,restaurant,mexican,40.723681,-74.0045295
node,4754091360,Pret A Manger,fast_food,sandwich,40.715906,-74.0050867
node,4754291326,375° Chicken 'n Fries,fast_food,chicken,40.7606609,-73.9912341
node,4755575513,Dunkin',fast_food,donut;coffee_shop,40.7635006,-73.9817213
node,4755575514,Tender,restaurant,,40.7584335,-73.9831005
node,4755575516,Roxy Diner & Delicatessen,restaurant,burger;sandwich,40.7633892,-73.9818081
node,4755831441,Think Coffee,cafe,coffee_shop,40.7212663,-74.0005133
node,4757137103,Roxy Diner,restaurant,,40.7583293,-73.9886792
node,4757294821,Taïm,fast_food,mediterranean,40.7219917,-73.9961366
node,4757307022,Doughnut Plant,cafe,donut,40.742791,-73.9352138
node,4757312021,Doughnut Plant,cafe,donut,40.7443091,-73.9966612
node,4757891123,Earls,restaurant,american,40.7873339,-73.9516565
node,4757977331,Oslo Coffee Roasters,cafe,,40.7691438,-73.9536834
node,4757977351,Birria LES,fast_food,mexican,40.7182075,-73.9574772
node,4758938143,Cafe Isabel,fast_food,,40.7017973,-73.9670887
node,4759945018,Semicolon,cafe,coffee_shop;sandwich,40.7461999,-73.978007
node,4760672500,Breads Bakery,cafe,,40.7545627,-73.9839414
node,4762006023,Clinton Hall,bar,,40.7080962,-74.0146254
node,4762031974,Joe Coffee Company,cafe,coffee,40.7534774,-73.9842882
node,4762558058,Pret A Manger,fast_food,sandwich,40.7334093,-73.991257
node,4764733058,Heaven's Hot Bagel,fast_food,bagel,40.7214245,-73.9843008
node,4764733059,Ivan Ramen,restaurant,ramen;japanese,40.7205419,-73.9844418
node,4764733065,Ariel's Latin Bistro,restaurant,caribbean,40.7213435,-73.9840279
node,4764733068,Uncle Sam's Pizza,restaurant,pizza,40.7208152,-73.9843043
node,4764733069,Brick,bar,,40.7207405,-73.9843387
node,4764733072,Donnybrook,bar,,40.72019,-73.984615
node,4767635212,Jora,restaurant,peruvian,40.7438006,-73.9514397
node,4767635213,Noodlecraft,restaurant,chinese,40.7446342,-73.9518851
node,4768083425,Safir Mediterranean,restaurant,turkish,40.7445273,-73.9533431
node,4768083426,Madera Cuban Grill,restaurant,cuban,40.7445922,-73.9532693
node,4768241540,Corner Bistro,restaurant,,40.7449291,-73.9535546
node,4768241543,Slice,restaurant,pizza,40.7437118,-73.9536207
node,4768308054,CommuniTea,cafe,coffee_shop,40.7455378,-73.9501596
node,4768971123,Marylou,restaurant,french,40.7284935,-73.9871165
node,4770094251,Chairman Sun,restaurant,chinese,40.7446623,-73.9536385
node,4770094252,"Gizi Wine, Cheese, Chocolate",restaurant,,40.7445767,-73.9536537
node,4770094253,Tamashi Ramen,restaurant,,40.7445395,-73.9536714
node,4770094256,,restaurant,sushi,40.7444679,-73.9536832
node,4770624017,Pret A Manger,fast_food,sandwich,40.7533736,-73.9869019
node,4771852121,Verlaine,bar,,40.7200177,-73.9878219
node,4771881059,One More Thai,restaurant,thai,40.7210877,-73.9839283
node,4771881068,Davelle NYC,cafe,,40.7185107,-73.9862303
node,4773391724,Stanton Social,restaurant,,40.7212197,-73.9880769
node,4775546659,Le Cafe Coffee,cafe,,40.7597637,-73.9698075
node,4775571737,Hou Yi Hot Pot,restaurant,,40.7162008,-73.9925703
node,4775572071,Jin Ramen,restaurant,japanese,40.7853423,-73.9769585
node,4775572230,Taiwan Pork Chop House,restaurant,chinese,40.7142816,-73.9979466
node,4775572231,Wah Fung Fast Food,fast_food,chinese,40.7172946,-73.9944721
node,4776647779,Popeyes,fast_food,chicken,40.7483945,-73.9927527
node,4776647780,Teremok,fast_food,russian,40.7385982,-73.9961608
node,4776954938,Serafina Fabulous Pizza,restaurant,italian,40.7761311,-73.9624593
node,4781188614,Getting Hungry,cafe,deli,40.7289162,-74.0054734
node,4784576322,Cafe Integral,cafe,coffee_shop,40.7202995,-73.9952147
node,4784602636,Bánh Mi Saigon,fast_food,vietnamese;sandwich,40.7192547,-73.9967252
node,4786042527,Silk Road Cafe,cafe,,40.7146942,-73.9986811
node,4786076422,Parlor Coffee,cafe,,40.7138876,-73.9562351
node,4787109621,Masha & The Bear,bar,,40.7119185,-73.9423984
node,4790054821,Karczma,restaurant,polish,40.7298901,-73.9551052
node,4792129913,88 palace,restaurant,dim_sum,40.7139447,-73.9942578
node,4792136731,Fu Zhou Wei Zhong Wei Jia Xiang Feng Wei,fast_food,chinese;soup;dumpling,40.714027,-73.9945129
node,4792165597,CoCo Fresh Tea & Juice,cafe,bubble_tea,40.7141971,-73.9937931
node,4792165598,,restaurant,,40.7139194,-73.9935677
node,4794092321,Ruth's Chris Steak House,restaurant,american;steak_house,40.7613487,-73.9822791
node,4798955921,IHOP,restaurant,breakfast;pancake,40.8475193,-73.9378226
node,4799733303,Pebble Bar,restaurant,seafood,40.7592111,-73.9804982
node,4803985122,Van Dam Diner,restaurant,american,40.7430465,-73.9337016
node,4803999022,Chinese Musician,restaurant,chinese,40.7303643,-73.9537452
node,4811875621,sweatshop,cafe,coffee_shop,40.714903,-73.9597145
node,4811903022,Los Tacos NYC,restaurant,,40.7265987,-73.9843126
node,4811993324,Agavi,fast_food,health_food;juice,40.7272836,-73.9867192
node,4812032522,Two Hands,fast_food,corn_dog,40.7178102,-74.005449
node,4815675028,Johny's Luncheonette,restaurant,diner,40.7445513,-73.9929939
node,4816185281,Joe Coffee Company,cafe,coffee_shop,40.8075501,-73.9636821
node,4816775623,Sobaya,restaurant,japanese,40.7295926,-73.9879292
node,4818137923,Birch Coffee,cafe,,40.7638732,-73.9665249
node,4818137924,Birch Coffee,cafe,,40.7434555,-73.9800007
node,4822836522,Bemelmans Bar,bar,bar,40.7742561,-73.962989
node,4825114330,St Mazie,bar,,40.7125929,-73.9558255
node,4825695925,Café Patoro,cafe,brazilian,40.7073526,-74.0022569
node,4825800433,Hungry Ghost,cafe,coffee_shop,40.7160182,-73.959494
node,4827096321,one bedford,bar,,40.7237111,-73.9512503
node,4827882221,Don Dean Bakery,cafe,,40.7426975,-73.9337688
node,4828711722,55 bar,bar,,40.7337752,-74.0022582
node,4832284232,Corkbuzz Wine Bar and Restaurant,bar,,40.7422803,-74.0056577
node,4837682322,Raffaello's,restaurant,pizza;italian;sandwich,40.7546704,-73.9162578
node,4837696323,Kings County Brewers Collective,bar,,40.7060306,-73.9236202
node,4838600621,Fabio's Pizzeria & Restaurant,restaurant,,40.7223005,-73.9412454
node,4838600622,Nonna's Pizzeria,fast_food,pizza;italian,40.7259712,-73.9418462
node,4840055623,The Place Pizzeria & Bar,bar,,40.7278699,-73.9421681
node,4840395322,Deep Indian Kitchen,restaurant,indian,40.7657503,-73.9833487
node,4842467840,Roast Kitchen,restaurant,international,40.7536984,-73.9921149
node,4843833623,Trix,bar,,40.7189463,-73.9563743
node,4843833624,As is NYC,bar,,40.7646909,-73.9915481
node,4843851221,The Waylon,restaurant,,40.7647616,-73.9915059
node,4844071626,Dig,fast_food,regional,40.7060487,-74.0072938
node,4844071627,Chopt,fast_food,salad,40.7061617,-74.0071682
node,4844144321,Plaza Deli,fast_food,,40.7073599,-74.0051668
node,4844210421,Mark's Off Madison,restaurant,italian,40.7424702,-73.9862953
node,4845789723,Bluestone Lane,cafe,,40.704646,-74.0084317
node,4845866423,Nelson Blue,restaurant,grill,40.7075857,-74.0018061
node,4845866424,Barbalu,restaurant,italian,40.7074502,-74.0020779
node,4845866425,Cafe Patoro,cafe,,40.7073586,-74.0022266
node,4845866426,Dorlan's Tavern & Oyster Bar,restaurant,,40.707271,-74.0023954
node,4845906822,Playa Bowls,fast_food,açaí,40.7081954,-74.004803
node,4846131422,Dill & Parsley,restaurant,,40.7064877,-74.0067196
node,4846152821,Sweetgreen,fast_food,salad,40.7056103,-74.0082609
node,4846158321,La Colombe Coffee Roasters,cafe,coffee_shop,40.7056733,-74.0083741
node,4846658821,The Bread Factory Cafe,cafe,,40.7520894,-73.9900673
node,4847502523,Captain's Cafe,cafe,,40.7472688,-73.9841528
node,4848257929,Rebelle,restaurant,,40.7219422,-73.9936778
node,4848257931,The Ripple Room,bar,,40.7204602,-73.9937507
node,4848257932,Distilled,restaurant,american;coffee,40.7188968,-74.0063291
node,4848257933,Chanson le Salon,cafe,,40.7188835,-74.0101049
node,4848257934,Sunday in Brooklyn,restaurant,,40.7141954,-73.9653382
node,4848257935,Sea Thai Restaurant,restaurant,asian,40.718121,-73.95991
node,4848257937,Shelter,restaurant,pizza,40.7195708,-73.9607486
node,4848258121,Four Four South Village,restaurant,,40.7606384,-73.9903951
node,4848258123,12 Chairs Cafe,restaurant,,40.7144619,-73.9652269
node,4848258522,310 Bowery Bar,bar,pizza,40.7249654,-73.9925829
node,4848258525,Terra,restaurant,,40.719227,-74.0065567
node,4848258526,Tabare,restaurant,,40.7130087,-73.9590127
node,4848258527,Juanchi's Hamburguesería,fast_food,,40.7129782,-73.9589272
node,4849652021,Le Gratin,restaurant,,40.7112644,-74.0066645
node,4849663224,Momoya,restaurant,japanese,40.7234888,-73.9957917
node,4850205421,Little Italy Pizzeria,fast_food,pizza,40.7081289,-74.0047604
node,4850205425,Osteria del Porto,restaurant,,40.7073416,-74.0027202
node,4850227822,SUteiShi,restaurant,japanese,40.707782,-74.0018443
node,4850227823,Jeremy's Ale House,bar,,40.7076703,-74.0020534
node,4850227824,The Hideaway Seaport,restaurant,american,40.7080782,-74.0020772
node,4850229121,Il Brigante,restaurant,italian;pizza,40.7073831,-74.002626
node,4850230746,Made Fresh Daily,cafe,sandwich,40.7075935,-74.0021812
node,4850230829,Starbucks,cafe,coffee_shop,40.7061594,-74.008845
node,4850904721,Citizens of Chelsea,restaurant,,40.7479759,-74.0005778
node,4850904724,Plowshares Coffee Roasters,cafe,,40.8001351,-73.9677641
node,4851501923,Joe's Ginger,restaurant,chinese,40.7148384,-73.998357
node,4851671822,Fools Gold,bar,,40.723084,-73.9897897
node,4860132622,Siena Bakehouse,cafe,,40.7080709,-74.0137437
node,4860141023,Sauce & Barrel,restaurant,,40.7080225,-74.0143548
node,4860141724,No. 1,restaurant,chinese,40.7046891,-74.0105964
node,4860241127,Chelsea Craft Brewing Company,bar,,40.841904,-73.9015282
node,4867303121,Hooters,restaurant,burger,40.7502806,-73.9904398
node,4867347824,Fresco Deli Cafe,cafe,,40.7443589,-73.9315047
node,4870096821,Halal Munchies,restaurant,,40.7443417,-73.9313867
node,4870280864,,cafe,,40.7631599,-74.0005711
node,4872523321,Famous Calabria Pizza,restaurant,pizza,40.7119244,-73.9993673
node,4872523621,Subway,fast_food,sandwich,40.703228,-74.0110682
node,4872742422,Pranzo Pizza & Pasta,restaurant,pizza,40.7035882,-74.0100394
node,4872760421,Matryoshka,restaurant,russian,40.7090684,-74.0057404
node,4875073021,McDonald's,fast_food,burger,40.7576352,-73.9818383
node,4875112182,Karaoke City,bar,,40.7474989,-73.9869456
node,4875126273,Ginseng Museum Cafe,cafe,,40.7469708,-73.9853055
node,4875134692,Cloud Social,bar,,40.7472064,-73.986396
node,4880872875,Limón Jungle,restaurant,mexican,40.7430465,-73.9961727
node,4881021657,Swine,restaurant,,40.7342421,-74.0064282
node,4881021908,Au Bon Pain,fast_food,sandwich,40.734669,-73.9897677
node,4884737113,Artichoke Basille's Pizza,fast_food,pizza,40.7064078,-73.9228419
node,4887019669,Crescent Kitchen,restaurant,,40.7685765,-73.9252559
node,4893055722,Delis 48,fast_food,,40.7581221,-73.9804241
node,4894493421,Ost Cafe,cafe,,40.7144862,-73.9821342
node,4899954121,Le Pain Quotidien,cafe,coffee_shop,40.7037798,-74.0109286
node,4900271321,Maman NYC,fast_food,,40.7189179,-74.0062313
node,4900542421,Mexico 2000,restaurant,,40.7075441,-73.9549967
node,4909121424,Ground Central,cafe,coffee_shop,40.7036165,-74.0103766
node,4909127621,Leon Bakery,restaurant,mexican,40.7621257,-73.9901556
node,4909127623,Abace Sushi,restaurant,japanese,40.7621602,-73.9901271
node,4909127624,Dunkin',fast_food,donut;coffee_shop,40.7620698,-73.9901894
node,4909127625,Casa Agave,restaurant,mexican,40.762045,-73.9902183
node,4909127627,Sombrero,restaurant,mexican,40.761217,-73.987191
node,4909655521,Partners Coffee,cafe,coffee_shop,40.7349281,-74.0022788
node,4909655522,Dominique Ansel Kitchen,restaurant,,40.7347972,-74.0018919
node,4913377711,KungFu Kitchen,restaurant,chinese,40.7555903,-73.9907507
node,4913377715,The Hummus and Pita Co.,fast_food,,40.7557005,-73.9906662
node,4913377822,The Juice Shop,fast_food,juice,40.7042305,-74.0117191
node,4913377823,Gregorys Coffee,cafe,,40.7041988,-74.0117201
node,4915258223,Westville,restaurant,,40.7048909,-74.0066253
node,4915258225,Juice Generation,cafe,,40.7069204,-74.0067667
node,4915258227,Golden Wuish,restaurant,chinese,40.7074441,-74.0066143
node,4915759323,Archway Cafe,cafe,,40.7029481,-73.9874794
node,4922310910,Dunkin',fast_food,donut;coffee_shop,40.7141835,-73.9511858
node,4922311227,787 Coffee,cafe,,40.7273626,-73.9888015
node,4922311231,Panera Bread,fast_food,sandwich;bakery,40.7349295,-73.9897844
node,4922311233,Starbucks,cafe,coffee_shop,40.7351434,-73.9897998
node,4922432824,Seaport Deli,fast_food,,40.7088076,-74.0053094
node,4922439621,Gregorys Coffee,cafe,coffee_shop,40.7050363,-74.0068254
node,4924478623,Bagel Joint,restaurant,kebab,40.7290263,-73.9502931
node,4924481993,Joe Coffee Company,cafe,coffee_shop,40.8080617,-73.963265
node,4924671521,Barano,restaurant,italian,40.7105754,-73.9679413
node,4924850830,Subway,fast_food,sandwich,40.7786751,-73.9563703
node,4924851227,Dunkin' Donuts,fast_food,donut;coffee_shop,40.7888601,-74.0165895
node,4925422622,Mark Joseph Steakhouse,restaurant,,40.7084019,-74.0014771
node,4927169621,Sophie's Cuban Cuisine,restaurant,caribbean,40.7089459,-74.0054867
node,4928962209,Chopped Parsley,restaurant,japanese,40.8259256,-73.9473575
node,4928962211,Mumbai Masala Indian Grill,restaurant,indian,40.8268145,-73.9466673
node,4930944423,Parm Battery Park City,restaurant,italian,40.7144941,-74.016133
node,4931598255,Sissy McGinty's,bar,,40.7662224,-73.9128957
node,4931621739,Domino's,fast_food,pizza,40.766525,-73.9126731
node,4931621748,Mombar,restaurant,egyptian,40.7675031,-73.9123302
node,4931621761,Merguez and Frites,restaurant,algerian;african,40.7677156,-73.9115083
node,4931621762,Little Morocco Mediterranean Cuisine,restaurant,moroccan,40.7679918,-73.9114597
node,4931633945,Texas Chicken & Burgers,fast_food,burger;chicken,40.7686833,-73.9108993
node,4931686522,,cafe,,40.7407674,-73.9918982
node,4933560324,Subway,fast_food,sandwich,40.7796355,-74.0159794
node,4933562122,Dunkin',fast_food,donut;coffee_shop,40.779143,-74.0158738
node,4937245524,T.J. Byrnes,restaurant,irish,40.7090349,-74.0046918
node,4937245525,Squires Diner,restaurant,diner,40.7088587,-74.0040288
node,4937329121,Prince Street Pizza,restaurant,pizza,40.7229906,-73.9945851
node,4937376821,Casa Taqueria,fast_food,mexican,40.7087823,-74.0058244
node,4938688122,House of Joy,restaurant,asian,40.7149659,-73.9984077
node,4941136076,¡Ya Valió!,restaurant,mexican,40.7708905,-73.9082205
node,4942076011,Steinway Marketplace,cafe,,40.7677239,-73.911692
node,4942694536,Café Grumpy,cafe,coffee_shop,40.7039608,-74.0118856
node,4944843921,Coffee Project NY,cafe,coffee_shop,40.7270679,-73.9893826
node,4945827921,Bondurants,bar,american,40.7771345,-73.9518481
node,4945848221,Jeremy's,bar,,40.7775087,-73.9517881
node,4946370275,Rumba Cubana Restaurant & Bar,restaurant,cuban;latin_american,40.7912545,-74.0009105
node,4947115422,Spaghetti Incident,restaurant,italian,40.7223365,-73.9899431
node,4947130221,Rice to Riches,restaurant,,40.7219052,-73.9958088
node,4947135921,Masala Times,restaurant,indian,40.7292524,-74.0016278
node,4947717722,Meama,restaurant,georgian,40.7263816,-73.9890411
node,4947717723,Sushi Oku,restaurant,sushi;japanese,40.7153647,-73.9915333
node,4947722221,Gramercy Tavern,restaurant,american,40.7383894,-73.988414
node,4947749921,Perry St,restaurant,,40.7344402,-74.0098339
node,4947754523,Kingston Hall,bar,jamaican,40.7295009,-73.9872677
node,4947760421,Szechuan Gourmet,restaurant,chinese;tea,40.7523558,-73.9835488
node,4947761822,Kang Ho Dong Baekjeong,restaurant,,40.7470756,-73.9850776
node,4947762721,Kaijitsu,restaurant,,40.7498696,-73.9777147
node,4947767421,L'Appart,restaurant,,40.7122659,-74.0153279
node,4949133722,Izzies,fast_food,sandwich,40.719775,-73.9848378
node,4950995921,The Roost,cafe,breakfast;coffee_shop;pastry,40.7290639,-73.9784477
node,4953706821,Altro Paradiso,restaurant,italian,40.7254542,-74.0047415
node,4953971785,OurtBox Cafe,cafe,,40.8105082,-73.9395267
node,4956041078,Sakagura,bar,japanese,40.7512804,-73.9731904
node,4957074132,Amore Pizza Cafe,cafe,pizza;pasta;salad;pastry;italian,40.7684196,-73.9851251
node,4957663866,Loopy Doopy Rooftop Bar,bar,,40.7149555,-74.0153365
node,4961172027,Springbone,restaurant,,40.7142331,-73.9613388
node,4966951439,Starbucks,cafe,,40.7602638,-73.918128
node,4969177865,Subway,fast_food,sandwich,40.7903641,-73.9453333
node,4969397721,Mughlai Indian Cuisine,restaurant,indian,40.721049,-73.9839492
node,4971119410,Hot Jalapeño Mexican Restaurant,restaurant,mexican,40.7976941,-73.9390545
node,4971119419,Burger King,fast_food,burger,40.798355,-73.9414234
node,4971235210,Basurero,restaurant,latin_american,40.7585291,-73.9191613
node,4971235212,Lunera,restaurant,latin_american,40.7583823,-73.9192954
node,4971235213,Ritmos 60,bar,,40.7584179,-73.9192706
node,4971985122,Tribeca's Kitchen,restaurant,american,40.7161674,-74.0071773
node,4972315823,George's New York,restaurant,,40.7078644,-74.0134822
node,4972322721,Wogies,restaurant,sandwich,40.7075864,-74.0134624
node,4976266820,Match 65,restaurant,,40.7672415,-73.9681374
node,4977281127,Spunto Thin Crust Pizza,restaurant,,40.7297927,-74.0046364
node,4977281128,Village Tavern,bar,burger,40.7305538,-74.0042275
node,4978024823,L' Amore,restaurant,,40.7200616,-73.9972674
node,4980494073,Wimpy's Hamburger Place,restaurant,burger;american,40.7993,-73.935886
node,4987134521,Amy Ruth's,restaurant,southern;american,40.8024602,-73.9502299
node,4995779508,Manducatis Rustica,restaurant,,40.7459104,-73.9528742
node,4995779517,Glory Deli and Grocery,fast_food,,40.7460322,-73.9531548
node,4995779518,Overflow Coffee,cafe,,40.7459049,-73.9532104
node,4995779519,Sweet Chick,restaurant,,40.7457629,-73.9532491
node,4995779520,Izakaya Noname,restaurant,japanese,40.7456978,-73.9532648
node,4995779921,Petey's Burger,fast_food,,40.7456145,-73.9532999
node,4995779922,Gantry,bar,,40.7454239,-73.9533567
node,4995779923,Blend,restaurant,,40.7453396,-73.9533797
node,4995779924,Woodbines,restaurant,american,40.7452114,-73.9534365
node,4995779929,Centro Pizza Bar & Italian Kitchen,restaurant,pizza;italian,40.7449402,-73.9531923
node,4995781960,Manducatis,restaurant,,40.7445894,-73.9490417
node,4995781962,Court Square Diner,restaurant,diner,40.7460771,-73.945811
node,4995784456,Chipotle,fast_food,mexican,40.7472173,-73.941624
node,4995784462,L.A. Gourmet,restaurant,,40.7468454,-73.9443921
node,4995784464,Dim Sum Palace,restaurant,hong_kong,40.7462573,-73.9441291
node,4995784468,Joypot,restaurant,chinese;hotpot,40.745772,-73.9452155
node,4995784470,Heng Thai,restaurant,thai,40.7457517,-73.9453583
node,4995784471,Dunkin',fast_food,donut;coffee_shop,40.7457309,-73.9454194
node,4995839311,5 Star,restaurant,,40.750993,-73.9460359
node,4995839314,Concept Coffee,cafe,,40.7483354,-73.9494339
node,4995839317,Kakes NYC,restaurant,,40.7488173,-73.9501159
node,4995839498,The Beast Next Door Cafe & Bar,bar,gastropub,40.748908,-73.9408313
node,4995844722,Dunkin',fast_food,donut;coffee_shop,40.7475173,-73.9477385
node,4995844725,Yi Fang,cafe,taiwanese,40.7478123,-73.9476249
node,4995844732,Jassi's Deli,fast_food,,40.7497947,-73.9466224
node,4995849478,Trump Bar,bar,,40.7623579,-73.9739804
node,4995849479,Trump Grill,restaurant,,40.7623774,-73.9739888
node,4995849480,Trump Cafe,fast_food,,40.7624477,-73.9738979
node,4995849481,Starbucks,cafe,coffee_shop,40.7624366,-73.9739908
node,4995853545,McDonald's,fast_food,burger,40.8279618,-73.9253385
node,4998805612,Outro,cafe,,40.7327767,-73.9910309
node,4998805616,Hex & Co.,cafe,coffee_shop,40.73265,-73.9914016
node,5004045121,American Legion Post 398,bar,,40.8139532,-73.9467615
node,5005918101,Maialino,restaurant,trattoria,40.7384152,-73.9857609
node,5007572821,Bricola,restaurant,italian,40.7638883,-73.9882214
node,5009311521,Hellcat Annie's taproom,bar,,40.7617087,-73.9941785
node,5015212723,Pepe Rosso,restaurant,italian,40.7279209,-74.0013375
node,5017258825,Wasabi,fast_food,japanese,40.7548184,-73.9875946
node,5017262721,Bar Italia,restaurant,,40.7678887,-73.968481
node,5017262722,Nello,restaurant,,40.7657768,-73.9700287
node,5017835623,Nur,restaurant,,40.7386202,-73.9887321
node,5019124322,,restaurant,,40.7287239,-74.0000031
node,5019124421,The Sea Grill,restaurant,fish,40.7584571,-73.9782662
node,5021171906,Parlay,restaurant,,40.7647797,-73.9171695
node,5022189196,Crepe House,restaurant,crepes,40.7660014,-73.9191452
node,5023063821,Ignazio's,restaurant,pizza,40.7032229,-73.9938516
node,5025302549,Dunkin',fast_food,donut;coffee_shop,40.7846947,-73.9469922
node,5026582327,Becco,restaurant,italian,40.7605173,-73.9900277
node,5026600021,Lattanzi,restaurant,italian,40.7605821,-73.9901543
node,5032403221,John's Pizza,restaurant,,40.7590021,-73.9882743
node,5041286121,Kikoo,restaurant,sushi,40.7280522,-73.9851965
node,5052125055,Pueblo Querido,cafe,colombian;coffee_shop,40.7305282,-73.9517696
node,5054908622,Lima Wok & Bowl,restaurant,peruvian;chinese,40.7331904,-73.9519263
node,5054920521,Dunkin',fast_food,donut;coffee_shop,40.7348187,-73.9521773
node,5056336975,Subway,fast_food,sandwich,40.7085163,-74.0113024
node,5056802621,Fuku,fast_food,,40.7050615,-74.0063583
node,5057079090,Rudy's Bar & Grill,bar,,40.759988,-73.9917263
node,5057349221,Sapporo Ichiban,restaurant,japanese,40.7236421,-73.9505661
node,5057358322,Taqueria La Norteña,restaurant,mexican,40.7247372,-73.951192
node,5057358326,Sunshine Laundromat & Pinball,bar,,40.7292524,-73.9537238
node,5057453101,Chano's Cantina,restaurant,mexican,40.7566589,-73.9294381
node,5057453978,Cafe Henri,restaurant,french,40.7425569,-73.953817
node,5060721321,Carroll Place,restaurant,italian;pizza,40.7286314,-73.9997681
node,5061206121,Da Marino,restaurant,italian,40.7609089,-73.985336
node,5063245468,Woodside Cafe,restaurant,,40.7449069,-73.9042142
node,5063260810,Stop Inn,restaurant,,40.7454098,-73.9036938
node,5063261227,F. Ottomanelli Burgers & Belgian Fries,restaurant,,40.7451387,-73.9040375
node,5065187821,Retro Polish Restaurant and Wine Bar,restaurant,polish,40.729096,-73.9539689
node,5075011630,Nomad,restaurant,fine_dining,40.7448905,-73.9885998
node,5077756421,Planet Taco,fast_food,tacos,40.762529,-73.9898663
node,5078008449,Mum Feteer,restaurant,egyptian,40.7668216,-73.9128253
node,5079331940,Friend of a Farmer,restaurant,new_american,40.7368477,-73.9868637
node,5081230407,Tanjawi Halal Sandwich Shop,fast_food,,40.7663604,-73.9127781
node,5081230609,Aria Kebab,fast_food,afghan,40.7665958,-73.9129908
node,5082105221,Griddle Cafe & Deli,cafe,,40.7403729,-73.937536
node,5082647022,Oak & Iron,bar,,40.7314664,-73.9580086
node,5082829401,Stephanie Spanish Food,restaurant,,40.7439584,-73.9068416
node,5082832236,Dear Han,cafe,,40.7452314,-73.9054991
node,5082832548,Peking BBQ,restaurant,peruvian;chicken;barbecue,40.7456144,-73.9058707
node,5082832551,Dunkin',fast_food,donut;coffee_shop,40.7457051,-73.9061838
node,5082834123,Dos Broncos,restaurant,mexican;italian,40.7443929,-73.9128314
node,5082835847,Orange Hut,restaurant,,40.7534631,-73.9069621
node,5083557375,Que Rico,cafe,colombian,40.7586389,-73.9194747
node,5086527123,Panda Express,fast_food,chinese,40.7609688,-73.9910398
node,5087049881,Lolita's Kitchen,restaurant,mexican;burger,40.7822962,-73.9537168
node,5087340721,Forma,restaurant,italian,40.7237585,-73.9515147
node,5087340722,Wasabi,restaurant,japanese,40.724099,-73.9508426
node,5087340921,Bot Bar,cafe,,40.7246703,-73.9511656
node,5087395922,Lake Street,bar,,40.7257346,-73.9516885
node,5087399221,Russ Pizza,fast_food,pizza,40.7264382,-73.9524538
node,5087638556,Art Bar,bar,,40.7384967,-74.0035172
node,5087640508,Panda Express,fast_food,chinese,40.7500519,-73.9947718
node,5087641962,the Chelsea Bell,bar,,40.7468774,-73.9970849
node,5087643578,Houndstooth Pub,bar,,40.7538643,-73.9919513
node,5088726754,McDonald's,fast_food,burger,40.8543058,-73.9072167
node,5090743953,Starbucks,cafe,coffee_shop,40.7786181,-73.9559843
node,5090749091,Barbaresco,restaurant,italian,40.765439,-73.9656562
node,5090752521,Lilli and Loo,restaurant,chinese;sushi,40.7635568,-73.9670208
node,5090752551,Pret A Manger,fast_food,sandwich,40.7543705,-73.973706
node,5090753899,Jumieka Grand,restaurant,jamaican,40.7499785,-73.9772998
node,5092488424,Starbucks,cafe,coffee_shop,40.7434084,-73.9183013
node,5093178522,General Green,fast_food,,40.7243937,-73.9510032
node,5093178523,Bulbap Grill,bar,,40.7243304,-73.9508047
node,5093187023,Cheeseboat,bar,,40.7198823,-73.9578411
node,5096342022,Jackson's,bar,,40.7424531,-73.9532705
node,5097810483,Hearth,restaurant,italian,40.7299792,-73.9832142
node,5097819389,John's of 12th Street,restaurant,italian,40.7307115,-73.9854886
node,5099589357,Mint Masala,restaurant,indian,40.7294683,-74.001062
node,5101299223,Sale & Pepe,restaurant,,40.7070263,-74.0132592
node,5101542322,Siena Pizza & Cannoli,fast_food,pizza,40.7081115,-74.0138737
node,5104089343,Cafe Espresso,cafe,,40.7665842,-73.9125947
node,5104092315,,cafe,,40.769666,-73.9111067
node,5104092550,Alembi Hookah Bar,bar,,40.7696717,-73.9096777
node,5108281325,Patacon Pisao,fast_food,venezuelan,40.7203526,-73.9874524
node,5111785602,Jimbo's,restaurant,,40.770352,-73.9186683
node,5111788798,Veracruzano,cafe,mexican,40.7702499,-73.9182902
node,5120608722,Black Seed Bagels,cafe,bagel,40.7209019,-73.9946997
node,5120908815,Mama's Empanadas,fast_food,colombian,40.7578315,-73.9197121
node,5123001199,Johnny's Cafe,restaurant,,40.7159953,-73.9013659
node,5123007829,Patsy's Pizzeria,restaurant,italian,40.7971206,-73.9348001
node,5123011525,Broadway China Station,fast_food,chinese,40.7617384,-73.9258145
node,5123011708,Papa John's,fast_food,pizza,40.7570106,-73.9296776
node,5123299921,Frankel's Delicatessen and Appetizing,restaurant,bagel;sandwich;deli,40.7239127,-73.9510094
node,5123314121,Mile End Deli,restaurant,,40.7257657,-73.9926595
node,5123352621,Pastrami Queen,restaurant,jewish,40.7743516,-73.9591659
node,5126143714,Reserve Cut,restaurant,steak_house;modern,40.7608201,-73.9706096
node,5130497522,Wow Sushi,fast_food,sushi,40.7376297,-74.0000994
node,5132368123,Sweet Moment,cafe,,40.7175925,-73.9971381
node,5134065491,First Stop,bar,,40.750003,-73.9396844
node,5134067423,Dunkin',fast_food,donut;coffee_shop,40.7500303,-73.9397393
node,5135848733,The Capital Grille,restaurant,,40.7078716,-74.0102438
node,5136293339,La Candela,bar,,40.7659235,-73.9131374
node,5136293340,HOA,bar,,40.7641845,-73.9145628
node,5136305343,7th Street Burger,fast_food,,40.7652339,-73.9181614
node,5136305517,Judy & Punch,bar,,40.7655055,-73.918796
node,5136305742,Seva,restaurant,indian,40.76569,-73.9184617
node,5136305886,The Shady Lady,restaurant,,40.7655545,-73.9182196
node,5136306087,The Wolfhound,bar,,40.7639277,-73.9154228
node,5136315012,Sweet Scene,cafe,,40.7580814,-73.9235018
node,5136316454,Sugar Freak,restaurant,,40.7645484,-73.9160567
node,5136318319,United Miner's Soccer Club,restaurant,,40.7546369,-73.9168525
node,5136624206,Station Bar,bar,,40.7458706,-73.9034348
node,5136637549,Lechonera Dominicana,restaurant,,40.8436867,-73.9126376
node,5136637552,McDonald's,fast_food,burger,40.8446346,-73.9150043
node,5136637554,Taqueria Huarache,restaurant,,40.8440474,-73.9143901
node,5137895930,Thonglor,restaurant,,40.7651552,-73.9879518
node,5139539139,Vesta,restaurant,italian,40.7697031,-73.9277101
node,5142544476,Calle Dao,restaurant,cuban;chinese,40.7522319,-73.9841646
node,5143000827,Create,restaurant,,40.7650433,-73.9171231
node,5143003508,Crave,restaurant,,40.765236,-73.9170229
node,5143006253,Via Trenta,restaurant,,40.7648114,-73.9166379
node,5143907528,Norma,restaurant,italian,40.7435153,-73.979957
node,5145009822,Djerdan Burek,restaurant,balkan,40.7629835,-73.9209469
node,5147364151,Chiddy's CheeseSteaks,restaurant,sandwich,40.762105,-73.9184114
node,5147365425,Taste of Gyro,restaurant,greek,40.7744785,-73.9016395
node,5147365832,Golden Dragon,fast_food,chinese,40.7629552,-73.9209063
node,5147366467,Mom's Kitchen & Bar,bar,,40.763625,-73.9216805
node,5147565958,Sze's Garden,fast_food,chinese,40.7082768,-73.9197658
node,5149722061,Kween,bar,,40.76548,-73.918729
node,5150908021,The Cantor Roof Garden Bar,bar,,40.7787822,-73.9645659
node,5152316163,,restaurant,,40.7230602,-73.9973087
node,5152965393,59 Studio,bar,,40.7690368,-73.9128077
node,5154037340,KUNI sushi,restaurant,japanese,40.7317814,-74.003445
node,5155660121,Tina's Place,restaurant,american;wrap;pancake;sandwich,40.7036407,-73.9311723
node,5155767304,Sampan,restaurant,chinese,40.7643952,-73.9147823
node,5156146591,Blue Sea Taverna,restaurant,greek,40.7674767,-73.9229465
node,5156146592,Tikka Indian Grill,restaurant,indian,40.765438,-73.9186187
node,5156146675,Happy Garden,fast_food,chinese,40.7673529,-73.9227605
node,5156147046,Salerno Pizza,fast_food,pizza;mexican;sandwich,40.7673795,-73.9228339
node,5156147337,Grand Avenue Pizza,restaurant,pizza,40.7653318,-73.9183999
node,5156147425,Ample Hill,restaurant,,40.7656077,-73.9189553
node,5156147426,La Sabrosura,cafe,,40.7657215,-73.9191914
node,5156147905,Ponchana,restaurant,thai,40.7657513,-73.9193084
node,5156168422,Koroni Souvlaki & Grill,restaurant,greek,40.7685396,-73.9212065
node,5156180444,The Teapsy,cafe,,40.7659528,-73.9190629
node,5156182752,Hot Peopers,restaurant,mexican,40.7648336,-73.9140416
node,5156183124,The Grand,bar,,40.7646797,-73.9163496
node,5156183131,Athens Grill and Sport Bar,restaurant,mexican,40.7672494,-73.9218524
node,5159857122,Domaine,bar,,40.7426159,-73.9543343
node,5159984903,Freddo Coffee Pot Espresso,cafe,,40.7668872,-73.9210453
node,5160028818,Sutton Cafe Restaurant,cafe,diner,40.7577131,-73.9631242
node,5160030823,Kiss My Slice Pizzaria,fast_food,pizza,40.7584479,-73.9626027
node,5163878627,Foster Sundry,cafe,,40.7033994,-73.9261758
node,5163881289,Arepera Guacuco,restaurant,venezuelan;arepa,40.7046454,-73.924545
node,5163985623,Serafina,restaurant,,40.715813,-74.0087939
node,5163985624,The Odeon,restaurant,,40.716972,-74.0078817
node,5163989224,Cafe Clementine,cafe,,40.7192673,-74.0060718
node,5164012128,Dunkin',fast_food,donut;coffee_shop,40.7309822,-73.9936586
node,5164012821,Tataki,restaurant,japanese,40.7206703,-74.0048609
node,5166457633,Plant Blossom,fast_food,,40.7694706,-73.9885357
node,5167467623,Bobwhite Lunch and Supper Counter,fast_food,chicken;sandwich;american,40.7236481,-73.978988
node,5169555923,Casanova,restaurant,pizza;italian,40.734101,-73.9520666
node,5170130279,Lemonia Cafe,cafe,,40.7693293,-73.914814
node,5172045822,Guy’s American Kitchen & Bar,restaurant,,40.7575599,-73.9868366
node,5172092122,Neary’s,restaurant,irish,40.7583472,-73.963455
node,5172257681,Texas Chicken & Burgers,fast_food,burger;chicken,40.8078255,-73.9192757
node,5172258801,El Botecito,restaurant,,40.8035692,-73.9192978
node,5172260375,Emergency,restaurant,,40.8038643,-73.9200331
node,5172260376,Camagüey Restaurant,restaurant,,40.8072915,-73.9190639
node,5172266179,Margarita's Mexican Cuisine,restaurant,,40.8220752,-73.9076024
node,5172274610,Colony Fried Chicken,fast_food,,40.8200938,-73.9011455
node,5175559548,Antique Garage,restaurant,,40.7214704,-74.0013728
node,5176756822,Lily’s,restaurant,,40.7121461,-73.9979687
node,5176785022,Domino's,fast_food,pizza,40.7119348,-73.9967748
node,5178499860,Wyckoff Starr,cafe,coffee_shop,40.7061395,-73.9224225
node,5178500822,Nassau Bar,bar,,40.7108198,-74.0069468
node,5178655527,Llama Inn,restaurant,peruvian;international,40.716681,-73.9504137
node,5179043122,NY Bagels & Cafe,fast_food,bagel;sandwich,40.7435512,-73.9739144
node,5181119423,Cosme,restaurant,mexican,40.7395503,-73.9883884
node,5181120222,Dutch Freds,bar,,40.760714,-73.9879098
node,5182465253,Dunkin',cafe,,40.7666655,-73.9206293
node,5189146499,Sushi teria,restaurant,sushi,40.7483977,-73.9855536
node,5190571558,Shah's Halal Food,fast_food,middle_eastern,40.7474348,-73.9830094
node,5190579540,,bar,,40.7134891,-73.9416342
node,5190720806,Kawande Martin Cafe,cafe,coffee_shop,40.7485816,-73.9863247
node,5190738089,Market Crates,fast_food,breakfast;sandwich;salad;pastry,40.7482802,-73.986539
node,5190742036,Turntable Chicken Jazz,restaurant,chicken,40.7482195,-73.9864149
node,5192896322,Bateaux New York,restaurant,,40.7470019,-74.0084506
node,5193274490,Casino,restaurant,french;italian,40.7139367,-73.9896705
node,5193359231,Spicy Village,restaurant,chinese,40.7170069,-73.993396
node,5193382596,Hanoi House,restaurant,asian,40.7269632,-73.9835719
node,5193469080,Le Coucou,restaurant,french,40.7190849,-74.0001395
node,5193508103,Lure Fishbar,restaurant,seafood,40.7246694,-73.9983531
node,5193554969,I Sodi,restaurant,italian,40.7334026,-74.0048765
node,5193578002,Shuko,restaurant,asian,40.7334964,-73.9915121
node,5193872436,The Breslin,restaurant,,40.7459976,-73.9881746
node,5194541225,The Bedford,bar,,40.7200298,-73.9555273
node,5195050821,New Moon,restaurant,chinese,40.7425277,-73.9777593
node,5201154019,Gino's Pizzeria,restaurant,pizza,40.7576184,-73.9158588
node,5209387822,ABC Beer Co.,bar,,40.7237025,-73.9789483
node,5209387823,Ten Bells,bar,tapas,40.7179116,-73.9898326
node,5209395821,Craft,restaurant,,40.7381171,-73.9886874
node,5209395822,Ayah Restaurant,restaurant,moroccan,40.7265987,-73.999651
node,5213130662,Crab House Times Square,restaurant,seafood,40.7550966,-73.9889837
node,5213278663,Bagels and Brew,restaurant,,40.7578324,-73.9162822
node,5213278665,Baltazar Cafe,bar,,40.7578548,-73.9163597
node,5213278666,Las Manos Quietas,restaurant,,40.7577043,-73.9160327
node,5213820731,The Counter,restaurant,burger,40.7552841,-73.9868258
node,5213939821,Dunkin',fast_food,donut;coffee_shop,40.754875,-73.9817101
node,5213944830,Cafe Water,restaurant,,40.7370625,-73.9973172
node,5214031642,McDonald's,fast_food,burger,40.7378693,-73.9967494
node,5215246722,Golden Steamer,fast_food,chinese,40.7187355,-73.9967322
node,5215491822,Tacos Morelos,fast_food,,40.7273626,-73.9831865
node,5215515121,Dimes,restaurant,american,40.7149208,-73.9915629
node,5215527122,Top of the strand,bar,,40.7512626,-73.9848169
node,5216100926,Creamline,cafe,,40.7420228,-74.005159
node,5216127223,Dante,restaurant,,40.7287909,-74.0016623
node,5218236722,Urbanspace Vanderbilt,fast_food,,40.7547019,-73.97651
node,5218361626,Dhaba,restaurant,indian,40.742372,-73.9828447
node,5218361627,Pongal,restaurant,indian,40.7424205,-73.9828108
node,5219851821,Tao,restaurant,diner;american;international;asian,40.7625746,-73.9714449
node,5222613656,The Lost Draft,cafe,,40.7207973,-73.9972546
node,5223098154,Yung Sun Seafood Restaurant,restaurant,,40.7134411,-73.9958191
node,5224940635,Thai Kitchen,restaurant,thai,40.7593699,-73.9905606
node,5227511227,Petrarca Cucina e Vino,restaurant,italian,40.7189298,-74.0045309
node,5227527424,La Colombe Coffee Roasters,cafe,coffee_shop,40.7198938,-74.0038297
node,5228777784,Moe's Southwest Grill,fast_food,mexican,40.7527033,-73.98593
node,5228861784,Potbelly,fast_food,sandwich,40.7529274,-73.988938
node,5228861785,Chipotle,fast_food,mexican,40.7530839,-73.9888387
node,5231393244,Ajisen Ramen,restaurant,ramen,40.7141518,-73.9986409
node,5231411428,Mama Eatery,restaurant,,40.7150097,-73.9995414
node,5231412448,Famous Sichuan,restaurant,chinese,40.7147876,-73.9976233
node,5231705717,Mee Sum Cafe,cafe,,40.7149276,-73.9983164
node,5231706548,Noodle Q,restaurant,chinese,40.7135492,-73.9975548
node,5231707145,Tasty Dumpling,fast_food,chinese,40.7149026,-73.9995325
node,5231707775,Sichuan Hot Pot Cuisine,restaurant,chinese,40.7149933,-73.9986519
node,5231707921,Tasty Hand-Pulled Noodles,restaurant,chinese,40.7141917,-73.9978766
node,5231708178,Mabu Hong Kong Cafe,restaurant,chinese,40.714727,-73.9980048
node,5231708184,Vegetarian Dim Sum House,restaurant,chinese,40.7149226,-73.9982376
node,5231708531,Taiwan Bear House,restaurant,taiwanese,40.714712,-73.9978045
node,5235602684,A Taste of Seafood,restaurant,seafood,40.8162289,-73.9465284
node,5238704577,Early,cafe,breakfast;pastry,40.7321529,-73.9547389
node,5241637007,Ambassador Grill,restaurant,,40.7504784,-73.9692826
node,5242327895,Barn Joo 35,restaurant,korean,40.7496997,-73.9857683
node,5242330303,missKOREA BBQ,restaurant,korean,40.747407,-73.9863928
node,5242331829,Jongro BBQ,restaurant,korean,40.7475599,-73.9869049
node,5243548102,Black Cat LES,cafe,sandwich;smoothie;coffee;beer,40.7190103,-73.9845737
node,5243548103,Casa Adela,restaurant,caribbean;puerto_rican,40.7226329,-73.9797146
node,5243561776,Little Canal,cafe,coffee_shop,40.7143078,-73.9903911
node,5243561820,Landmark Coffee Shop & Pancake House,restaurant,diner;breakfast;american;greek;burger,40.719947,-73.9985925
node,5243567855,Morgenstern's Finest Ice Cream,cafe,ice_cream,40.727163,-73.9999069
node,5243570858,Voula,restaurant,,40.732235,-74.0021598
node,5243573749,Spain Restaurant,restaurant,basque,40.7370892,-73.9979596
node,5244657822,Mughlai Indian Cuisine,restaurant,indian,40.7095698,-74.012718
node,5248792786,San Loco,fast_food,mexican,40.7243323,-73.9788618
node,5248792788,Josie's,bar,,40.7249188,-73.9828997
node,5248792880,Horus,restaurant,egyptian,40.7245431,-73.9814615
node,5248793777,El Camion Cantina,restaurant,mexican,40.7291278,-73.9811072
node,5248812939,Babbo,restaurant,italian,40.7323821,-73.9991969
node,5249718038,El Quetzalito,restaurant,guatemalan,40.7455095,-73.9067375
node,5249718274,Matsuri,restaurant,japanese,40.7458036,-73.9034436
node,5251345185,Hallah Food Van,fast_food,hallah,40.7350937,-73.9918819
node,5253549614,Royal 35 Steakhouse,restaurant,steak_house,40.748984,-73.9835103
node,5254366208,Libretto's Pizzeria,restaurant,pizza,40.7472798,-73.9772262
node,5254374730,Sarge's Delicatessan & Diner,restaurant,jewish;diner,40.7473351,-73.9771952
node,5254379511,Chipotle,fast_food,mexican,40.7491105,-73.9759256
node,5254383176,Just Salad,fast_food,salad,40.7493246,-73.9757476
node,5254559384,Amaze,restaurant,asian;sushi,40.7518926,-73.9738545
node,5254559385,Café Hestia,fast_food,breakfast;sandwich;american;asian;coffee_shop,40.7517097,-73.9739843
node,5254559386,NAYA Express,fast_food,middle_eastern,40.7517464,-73.9739594
node,5254559387,Slice,fast_food,pizza,40.7520569,-73.9737378
node,5256910222,B&W Deli & Pizzeria,fast_food,pizza;sandwich,40.7534469,-73.9960216
node,5262944262,Dunkin',fast_food,donut;coffee_shop,40.7986774,-73.94132
node,5263685960,Wendy's,fast_food,burger,40.797704,-73.9398548
node,5265712258,Caliente Cab,restaurant,mexican,40.7318243,-74.0036027
node,5265712582,AOC,restaurant,french;breakfast,40.7327936,-74.0040298
node,5265713043,Tre Giovani,restaurant,italian;pizza;pasta;tuscan,40.7290362,-73.9983208
node,5265713044,Chihiro Tea,cafe,bubble_tea,40.7292145,-73.9981725
node,5265713182,Ferrara,cafe,italian,40.7191024,-73.9970647
node,5265713219,Vincent's,restaurant,italian,40.7178273,-73.9972773
node,5265713463,Supreme Restaurant,restaurant,chinese,40.7172968,-73.9973195
node,5265714493,Cafe Roma,cafe,,40.720329,-73.9967563
node,5265742302,1915 Lanzhou Hand-Pulled Noodles & Dumplings,restaurant,chinese,40.7406194,-73.9812508
node,5265743035,The Gem Saloon,restaurant,american,40.741373,-73.9810484
node,5265743423,Blue Mountain,restaurant,sushi;asian,40.7422058,-73.9809161
node,5265744995,El Cocotero,restaurant,venezuelan,40.7415489,-73.99934
node,5265745626,McDonald's,fast_food,burger,40.7419301,-73.9932565
node,5265746609,Go Go Curry,fast_food,curry,40.7411607,-73.9966191
node,5265746760,Futago,restaurant,japanese,40.7388199,-73.9941252
node,5265747703,Blank Street Coffee,cafe,coffee_shop,40.7388326,-73.9955295
node,5265747921,Think Coffee,cafe,coffee_shop,40.7384445,-73.9958164
node,5265747927,Jue Lan,restaurant,chinese,40.7408103,-73.9933813
node,5265747977,Union Fare,restaurant,,40.7377464,-73.9915574
node,5265748974,BXL Zoute,bar,,40.7417874,-73.9925761
node,5265753026,Lillie's,bar,irish,40.7375784,-73.9911901
node,5266889691,Pil Pil,restaurant,spanish,40.772875,-73.9558334
node,5266894493,Calexico,restaurant,mexican,40.7725833,-73.9558526
node,5266896777,Coffee Inn,cafe,coffee_shop,40.7667545,-73.9564674
node,5266897039,Persepolis,restaurant,persian,40.7697735,-73.9578876
node,5266897272,Xi'an Famous Foods,fast_food,chinese,40.7720725,-73.9544698
node,5266902651,Wingstop,fast_food,wings,40.80756,-73.9445108
node,5266905501,Chez Alain,restaurant,senegalese,40.8073593,-73.9498334
node,5266905521,BLVD Bistro,restaurant,soul_food,40.8058627,-73.9472248
node,5266906129,Paris Blues,restaurant,,40.8064034,-73.9498758
node,5269095818,Taco Mix,fast_food,mexican,40.7972011,-73.9386694
node,5269095866,Capy,cafe,,40.7971288,-73.9384911
node,5273490726,Lucky's,restaurant,mediterranean,40.7221177,-73.9975189
node,5273499021,Jac's On Bond,bar,,40.7265452,-73.9936365
node,5276454721,Baker’s Dozen,fast_food,bagel,40.727568,-73.9528273
node,5281908451,Jimbo's Hamburgers,restaurant,,40.8257932,-73.9493394
node,5281909155,Sugar Hill Café,cafe,,40.8242066,-73.9456088
node,5285116722,Chipotle,fast_food,mexican,40.8069999,-73.9902257
node,5285124522,Flaming’s Prime Steakhouse & Wine,restaurant,steak_house,40.8059593,-73.9873449
node,5285124823,The Original Pancake House,restaurant,breakfast;pancake,40.8072224,-73.989782
node,5285129721,Panera Bread,fast_food,sandwich;bakery,40.806774,-73.9896542
node,5285133322,Baumgart’s Cafe,restaurant,asian,40.8062375,-73.9873021
node,5285133323,Greek Taverna,restaurant,greek,40.8063203,-73.9874491
node,5285138721,Bareburger,restaurant,burger,40.8061349,-73.9880365
node,5285151125,Moe's Southwest Grill,fast_food,mexican,40.8048531,-73.9919426
node,5285152846,Five Guys,fast_food,burger,40.8038398,-73.9921527
node,5285613531,Blend on the Water,restaurant,latin_american;fusion,40.7483501,-73.9570976
node,5285613533,BLVD Wine Bar,bar,,40.7460868,-73.9569862
node,5285613534,SHI,restaurant,asian,40.7460067,-73.9570719
node,5286638872,Maiella,restaurant,italian,40.7472011,-73.9566542
node,5286724776,Anable Basin Sailing,restaurant,bar_and_grill,40.7495238,-73.9557872
node,5291959036,Tuk Tuk,restaurant,thai,40.7432002,-73.9540984
node,5296101437,Tsion Cafe,restaurant,ethiopian,40.8262841,-73.9434171
node,5296489068,Dunkin',fast_food,donut;coffee_shop,40.7511998,-73.9855652
node,5298910427,Pieces Bar,bar,,40.7339116,-74.0001214
node,5300023721,The Vegoist,restaurant,,40.7545475,-73.9246416
node,5300023726,Gino's Pizzeria,restaurant,pizza,40.7452723,-73.9033783
node,5301474422,La Adelita de Woodside,restaurant,mexican,40.7448428,-73.9108153
node,5301593821,Solid State,bar,,40.7444269,-73.9108778
node,5302771422,Dunkin',fast_food,donut;coffee_shop,40.8080988,-73.9457657
node,5309510964,Gotham Pizza,restaurant,,40.7775355,-73.9491248
node,5309513732,Mama's,restaurant,jamaican,40.7998654,-73.935909
node,5317406322,Sophie’s,restaurant,caribbean,40.7559483,-73.9804969
node,5319150021,The Campbell Bar,bar,,40.752605,-73.9778482
node,5322770746,Dark Horse,bar,,40.713588,-74.0081258
node,5328483492,L’Adresse American Bistro,cafe,american,40.7538023,-73.9851089
node,5331099591,Mokafé,cafe,,40.7660721,-73.9130283
node,5333551106,Mona,cafe,,40.7505545,-73.9702839
node,5334051621,Voyager Espresso,cafe,,40.7087364,-74.0069962
node,5338901935,Mr. Chang Halal Chinese,restaurant,chinese,40.7667736,-73.9124469
node,5340972945,Panda Express,fast_food,chinese,40.8629794,-73.9012474
node,5341002048,Panda Express,fast_food,chinese,40.7562861,-73.9701991
node,5342142088,Butcher Bar,restaurant,barbecue;burger,40.7643701,-73.9163184
node,5343780578,Milo's Yard,bar,,40.704576,-73.9109461
node,5343780579,The Footlight Bar,bar,,40.7060602,-73.9128809
node,5343780580,The Bad Old Days,bar,,40.7010715,-73.9080839
node,5343985152,While In Kathmandu,restaurant,nepalese,40.7020423,-73.9066086
node,5344113218,Rizzo's Fine Pizza,restaurant,pizza,40.7633801,-73.9152182
node,5344178933,Guantanamera,restaurant,cuban,40.7658518,-73.9837506
node,5346072552,Sunnyside Up Cafe,cafe,,40.74291,-73.9190312
node,5347874321,983 Bushwick's Living Room,restaurant,american;breakfast,40.7030314,-73.9333829
node,5347938250,Medusa,bar,,40.7111836,-73.9474446
node,5348290122,The Keep,bar,,40.7081836,-73.9196099
node,5348392455,Rudy's Pastry Shop,cafe,,40.7006712,-73.9038041
node,5354151028,George's Pizza,restaurant,pizza,40.8503636,-73.9369872
node,5358087423,La Bergamote,cafe,french,40.7448363,-74.0028199
node,5359960222,Senya,restaurant,japanese,40.7268813,-73.98608
node,5359963421,Tipsy Village,cafe,,40.7225293,-73.9890867
node,5364830121,Chachawan Thai Restaurant,restaurant,thai,40.7025681,-73.9015363
node,5364834478,The Ridgewood Ale House,bar,,40.7003282,-73.9022051
node,5364870788,Aunt Ginny's,bar,,40.7055595,-73.9070695
node,5364870801,Hungry Burrito,restaurant,mexican;salad;soup;chicken,40.7013348,-73.9049929
node,5364882848,Rosa's Pizza and Pasta,restaurant,pizza;pasta,40.7121746,-73.9001214
node,5364983018,Stanley's Pierogi,restaurant,polish,40.713266,-73.9103785
node,5364995687,Super Pollo,restaurant,chicken;mexican,40.7028088,-73.9019258
node,5365011095,The Windjammer,bar,,40.7091645,-73.9069695
node,5365021885,Burek Pizza,restaurant,pizza,40.702058,-73.9006591
node,5365021891,Cypress Inn Cafe,cafe,italian;sandwich;bagel;pastry,40.7056597,-73.9153112
node,5365021892,Grace Thai 2,restaurant,thai,40.7003417,-73.9020597
node,5365035494,Norma's Corner Shoppe,cafe,sandwich;bagel;bakery;pastry;soup,40.7023975,-73.9008093
node,5365041383,Simon's Kitchen,restaurant,nepalese;indian,40.7006373,-73.9037242
node,5365041384,Old Stanley's,bar,,40.7009726,-73.9139612
node,5365304610,Gottino Enoteca Salumeria,restaurant,italian,40.7357734,-74.0004381
node,5366663829,Garlic to the Chicken,restaurant,korean,40.7049977,-73.9021872
node,5367390412,Talon Bar,bar,,40.701142,-73.9143303
node,5368706802,Julia's Beer and Wine,restaurant,american,40.7031672,-73.9029995
node,5368787741,Milk & Pull,cafe,coffee_shop;pastry;bagel,40.7017554,-73.9061681
node,5368793575,Fresh Taco,fast_food,tex-mex,40.700508,-73.9066338
node,5368795079,New Texas Chicken and Grill,fast_food,chicken,40.7003755,-73.906333
node,5368845850,K&K Super Buffett,restaurant,chinese,40.700944,-73.9092337
node,5368863986,El Manaba,restaurant,ecuadorian,40.7006224,-73.9095872
node,5369797599,UFC Chicken,restaurant,chicken;korean;fried_chicken,40.7560518,-73.9941118
node,5373522803,Rogner Cafe and Lounge,cafe,,40.7092698,-73.9042364
node,5378336828,Bravo's Café and Restaurant,cafe,breakfast;sandwich,40.7072182,-73.9147797
node,5379604853,Gordon Bennett,bar,,40.7108154,-73.9642105
node,5383045522,C&B,cafe,,40.7251418,-73.98162
node,5383989328,Friendly Gourmet Pizza,restaurant,italian,40.7091871,-74.0088819
node,5383989329,Nobu Nobu,restaurant,,40.7110282,-74.0095711
node,5384049146,Landín Macaroni & Cheese,restaurant,,40.820035,-73.9161445
node,5388487797,Bounce Sporting Club,bar,,40.7413895,-73.9929254
node,5391391216,Levant,fast_food,,40.7664588,-73.9131011
node,5391393228,Sahara New York,bar,,40.7664971,-73.9130633
node,5393321622,Pocha 32,bar,korean,40.7477356,-73.9863789
node,5393341922,Gammeeok,restaurant,korean,40.7476232,-73.9861377
node,5395638564,Dunkin',fast_food,donut;coffee_shop,40.7705919,-73.9572796
node,5395639744,Honeybrains,cafe,sandwich,40.7270961,-73.993997
node,5395641129,The Harold,restaurant,american;breakfast,40.7482961,-73.9884959
node,5397270880,Cha-An Teahouse,cafe,,40.7294568,-73.9881288
node,5397287133,Brooklyn Ball Factory,restaurant,,40.7071949,-73.9458677
node,5397498623,¡Ayy Chihuahua!,restaurant,mexican,40.7738847,-73.907763
node,5397500865,Osteria Brooklyn @LIC On the Water,restaurant,,40.7435421,-73.9590758
node,5397501569,The Bao,restaurant,dumplings;chinese,40.7292798,-73.988977
node,5398461822,Joomak Banjum,restaurant,korean;chinese,40.7470115,-73.985841
node,5398699799,Astor Court,restaurant,international;fine_dining,40.761318,-73.9744256
node,5399779853,Naruto Ramen,restaurant,japanese,40.7969719,-73.9697524
node,5399823086,Ground Support Café,cafe,coffee_shop;sandwich;pastry,40.7242595,-74.0019929
node,5400446681,Curley's Bagels,cafe,bagel,40.7413267,-73.9216544
node,5400474152,Rai Rai Ken,restaurant,japanese,40.8171459,-73.9532953
node,5400480690,Craft & Carry,bar,,40.7854795,-73.9768599
node,5400492388,Amura,restaurant,japanese,40.7749658,-73.9540704
node,5400492993,Ajisen Ramen,restaurant,japanese,40.7466178,-73.9921722
node,5400494705,MamaSushi,restaurant,japanese,40.8661804,-73.9277496
node,5400495584,Raku It’s Japanese II,restaurant,japanese,40.7799567,-73.9765204
node,5400495618,B & Co,restaurant,breakfast,40.7127376,-74.0085794
node,5400495619,Suma Sushi,restaurant,japanese,40.8014191,-73.9652121
node,5400496891,Tenho Ramen,restaurant,japanese,40.7471757,-73.977288
node,5400496979,Asuka Sushi,restaurant,sushi,40.7452899,-73.9988852
node,5400497481,Pret A Manger,fast_food,sandwich,40.8078085,-73.9644022
node,5400497580,Bellini,restaurant,italian,40.7846115,-73.9733118
node,5400497624,Sushi Yuki,restaurant,japanese,40.7784967,-73.9809142
node,5400500704,Zurutto,restaurant,japanese,40.7779076,-73.9804064
node,5400684948,Halaal cart,fast_food,falafel;gyros,40.7253883,-73.9970628
node,5401946270,Honeybrains,restaurant,,40.7861943,-73.975865
node,5401946285,Al Horno,restaurant,mexican,40.7250635,-73.9873946
node,5401946289,Di Di Dumpling,restaurant,asian,40.740051,-73.9845353
node,5401946294,Big Famous Deli & Grocery,cafe,,40.7392879,-74.001853
node,5401946310,Burp Bowl Cafe,fast_food,chinese,40.7517893,-73.9711471
node,5401978031,Al Horno,cafe,,40.7620536,-73.9910987
node,5401978050,Imm,restaurant,thai,40.7098472,-74.0080033
node,5401978051,Empanada Mama,fast_food,latin_american,40.754813,-73.9883037
node,5402541794,Ramen Ishida,restaurant,japanese,40.7196475,-73.9884561
node,5402542590,Amaze,restaurant,chinese;japanese,40.7590092,-73.9621925
node,5402542691,Bistro Vendôme,restaurant,french,40.7588838,-73.961895
node,5402543162,The Pita Grill,restaurant,,40.7595293,-73.9653575
node,5402543163,Chochin,restaurant,japanese,40.7819228,-73.9478219
node,5402543258,Sutton Bar Room,restaurant,,40.7592018,-73.9620435
node,5402622059,Sushi Inoue,restaurant,japanese,40.8108361,-73.9435614
node,5403591848,Bora Bora Smoothie Cafe,cafe,,40.7585227,-73.9195571
node,5403595290,Shawarma House,fast_food,middle_eastern,40.753556,-73.9236009
node,5403595965,Donguri,restaurant,japanese,40.7756921,-73.9523756
node,5403598926,Aki Sushi,restaurant,japanese,40.7691693,-73.9522998
node,5403602687,Madison Restaurant,restaurant,diner,40.7559475,-73.9648697
node,5403602691,Matcha House,cafe,matcha,40.7296787,-73.9863187
node,5403603958,Little Poland,restaurant,polish,40.7311482,-73.9855345
node,5403606223,Brushstroke,restaurant,japanese,40.7167151,-74.0089922
node,5404019801,Julie's Pizzeria,restaurant,pizza;italian,40.7041724,-73.9073249
node,5404039252,Ridgewood Eats,restaurant,american;breakfast,40.7007132,-73.9038653
node,5404054421,Guadalajara De Dia 2,restaurant,mexican;burrito;tacos;nachos;burger,40.7045358,-73.9108564
node,5404131004,Carlo’s Pizzeria,fast_food,pizza;italian,40.704581,-73.9104581
node,5404269258,Domino's,fast_food,pizza,40.7021668,-73.9039099
node,5405720273,Nena Sweets Cakes,cafe,breakfast;sandwich;ice_cream,40.7080973,-73.9052062
node,5405958524,Aura Bar & Kitchen,restaurant,,40.7269395,-73.9860426
node,5406237866,German Doner Kebab,fast_food,,40.7593724,-73.918474
node,5406247910,Nanitas Coffee,restaurant,coffee_shop;ecuadorian,40.7475089,-73.9026904
node,5406247911,Kathmandu Fusion Kitchen,restaurant,nepalese,40.7465211,-73.903131
node,5406247912,Five Guys,fast_food,burger,40.7519709,-73.9097953
node,5406249601,Ruma's Kitchen,restaurant,bengali,40.7492402,-73.9015961
node,5406249630,Juju Momo Dumpling,restaurant,,40.7464526,-73.9031631
node,5406249631,Puebla Restaurant,restaurant,mexican,40.7465772,-73.9031124
node,5406249632,Sweet Basil,restaurant,thai,40.7464828,-73.9031473
node,5406249749,Eastern Nights,bar,,40.7669543,-73.9123038
node,5406250237,Steinway Coffee Shop,cafe,,40.7564484,-73.9212667
node,5406252037,Miranda Cafe,cafe,,40.7516547,-73.9095464
node,5406372923,Yuka Japanese,restaurant,japanese,40.7745924,-73.9543714
node,5406549522,Martiniello's,restaurant,pizza;italian,40.7108655,-73.9052868
node,5406550837,Hong Kong,fast_food,chinese;cantonese;szechuan,40.7109377,-73.9049867
node,5406734893,Beijing,fast_food,chinese;japanese;sushi,40.7070971,-73.909085
node,5408681221,Starbucks,cafe,coffee_shop,40.7026645,-73.9908577
node,5411674660,Madison Pizza,restaurant,pizza;italian;pasta;sandwich,40.70406,-73.9038694
node,5412537499,Tasty's Diner,restaurant,american;burger;sandwich,40.7003465,-73.9013261
node,5413047959,El Fogon Costeno,restaurant,latin_american,40.7018784,-73.9089122
node,5413104642,Wan's Garden,fast_food,chinese,40.7028803,-73.9013429
node,5413112474,Taco Bell,fast_food,tex-mex,40.7006366,-73.9025756
node,5413131840,Yummy Chinese,fast_food,chinese,40.7004253,-73.9055203
node,5413459679,Burger King,fast_food,burger,40.7003453,-73.9029764
node,5413492269,La Casa Del Mofongo,restaurant,dominican,40.850444,-73.9331798
node,5413506167,Bar 180,bar,,40.8498121,-73.9363744
node,5413507961,Lola Lola Restaurant,restaurant,latin_american,40.8456605,-73.9361488
node,5413541062,The Heights Bar and Restaurant,restaurant,,40.8450432,-73.9348447
node,5413543118,Kazza Wine Bar,restaurant,wine,40.8475475,-73.9387283
node,5413546871,Chispa,cafe,coffee,40.7025203,-73.9129232
node,5413554330,Monkey Room,bar,burger;american,40.8549084,-73.9371187
node,5414456109,Starbucks,cafe,coffee_shop,40.8510936,-73.9384166
node,5414460813,Great Wall Chinese Restaurant,restaurant,chinese,40.8508316,-73.9385026
node,5414645880,181 Cabrini,restaurant,,40.8511684,-73.9401391
node,5414819121,Flaming Saddles Saloon,bar,,40.7652832,-73.9878804
node,5414820121,Posh,bar,,40.7643912,-73.9888626
node,5415312366,La Canoa,restaurant,ecuadorian,40.7046661,-73.9079742
node,5415350325,Mee,restaurant,noodle;chinese,40.730937,-73.9831109
node,5415434959,Kavasutra Kava Bar,bar,,40.7284736,-73.9834305
node,5415631321,Mickey Spillane's,bar,,40.7626874,-73.9892881
node,5415638323,Caffé Borbone,cafe,,40.767622,-73.9117641
node,5415638384,Dan & John's Wings,fast_food,wings,40.7376976,-73.9972115
node,5415639405,Prime One 16,restaurant,new_american,40.7959347,-73.9356816
node,5415641532,Panda Express,fast_food,chinese,40.765732,-73.9577294
node,5415641570,No. 1 New York Kitchen,fast_food,chinese,40.7323811,-73.9820615
node,5415642281,Au Za'atar,restaurant,,40.7589604,-73.9626861
node,5415642282,Parnell's,bar,,40.7557341,-73.9650357
node,5415647133,Hungry Ghost,cafe,coffee_shop,40.715278,-74.0074529
node,5415649562,Starbucks,cafe,coffee_shop,40.719848,-74.0049417
node,5415650671,Pokerice,restaurant,,40.7318916,-74.0013962
node,5415839909,Kismat Indian Restaurant,restaurant,indian,40.8552442,-73.9370234
node,5417085078,Randy's,fast_food,chinese,40.7003373,-73.9068093
node,5417209191,La Flor Del Paraiso,restaurant,dominican,40.7003999,-73.9055896
node,5417709937,Club House Sports Bar,bar,,40.7140158,-73.9008032
node,5418882814,C.Lo Cafe,cafe,guatemalan;burrito;breakfast;tacos,40.7063536,-73.9054469
node,5418888909,Joe's Italian Restaurant,restaurant,italian,40.7074864,-73.9032378
node,5419491621,Cinnamon snail,restaurant,,40.7503235,-73.9918003
node,5423595681,L'aroma Dei Cafe,cafe,,40.7118667,-73.9057757
node,5423606660,La Casita Mexicana,restaurant,mexican,40.7124024,-73.9060211
node,5425463232,Ootoya,restaurant,japanese,40.7553036,-73.9869647
node,5425572212,Corvo Coffee,cafe,,40.755117,-73.9909801
node,5425889492,Subway,fast_food,sandwich,40.75198,-73.9097044
node,5425890143,Cafeteria 55,restaurant,,40.7535308,-73.9061603
node,5425891067,Fiesta Mexicana,restaurant,mexican,40.7452574,-73.9057803
node,5429181224,Ritz Bar Lounge,bar,,40.7608904,-73.9902567
node,5430590323,Sally Roots,restaurant,caribbean;barbecue,40.7027281,-73.9163976
node,5431110530,Eddie Jr's Sports Lounge,bar,,40.7128623,-73.955265
node,5431114704,Rocka Rolla,bar,snack,40.7139355,-73.952822
node,5432424616,Friendly Restaurant,fast_food,chinese,40.7560215,-73.942454
node,5433332835,The Picnic Basket,cafe,,40.7554688,-73.9707954
node,5433333127,Sarabeth's,restaurant,american,40.7652199,-73.9755591
node,5433333128,Pavé,cafe,coffee_shop;breakfast;sandwich,40.7564172,-73.9802703
node,5434089022,Sarabeth's,restaurant,,40.7424934,-73.984422
node,5440512346,Sushi of Miso,restaurant,sushi,40.742341,-73.9525773
node,5443670322,Joe & The Juice,cafe,coffee_shop,40.705529,-74.008115
node,5443702879,Sauce,restaurant,italian;coffee,40.7204957,-73.9894353
node,5446493018,Bareburger,restaurant,burger,40.743502,-73.9536871
node,5446727422,Barcade,bar,pub,40.7292159,-73.9894764
node,5446733056,The Boiler Room,bar,,40.7259518,-73.9891412
node,5446855821,Sauced,bar,,40.7254343,-73.9902504
node,5449764621,Pyza,restaurant,polish,40.7243013,-73.9488166
node,5452715527,Lucky Garden,fast_food,chinese,40.7003007,-73.9122298
node,5454170709,East Coast Burger,restaurant,american;burger,40.713397,-73.9121616
node,5454201643,Gonzo's Wine & Grill,restaurant,,40.7134382,-73.913081
node,5455263427,New York Diner,restaurant,,40.7535222,-73.9129819
node,5455263628,Popeyes,fast_food,chicken,40.7538567,-73.9145136
node,5455462001,Cafe Himalaya,restaurant,tibetan,40.723193,-73.9879942
node,5463758239,Katra Lounge,bar,,40.7217163,-73.9931901
node,5465480118,Los Marineros,restaurant,mexican,40.7033817,-73.9179925
node,5465717722,Washington Square Dinner,restaurant,breakfast;burger;salad;greek,40.7314198,-74.0006911
node,5468419221,Chez Nick,restaurant,american,40.7790963,-73.94508
node,5468601029,Knitting Factory,bar,,40.7142437,-73.9558401
node,5471038017,Jim's China King,restaurant,chinese,40.7047765,-73.9107447
node,5471046230,Delcias Sucuenas,restaurant,,40.7043021,-73.9104974
node,5471049400,Estrella Del Mar,restaurant,seafood;latin_american;breakfast,40.704825,-73.9113797
node,5472917477,Curry Leaf Indian Cuisine,restaurant,indian,40.7034022,-73.9120294
node,5472929440,Lucha Lucha,restaurant,mexican;burrito,40.7022568,-73.9197812
node,5472952097,Milk & Pull,restaurant,coffee_shop;donut;sandwich,40.7020994,-73.9194804
node,5473383610,,cafe,,40.739498,-74.007702
node,5477794022,Reunion,cafe,,40.7167956,-73.951889
node,5481496774,New York City Bagel Coffee House,cafe,,40.7658549,-73.9195051
node,5481498113,Burger Club,restaurant,burger,40.7663306,-73.9205555
node,5481498114,Astoria Pizza,restaurant,,40.7663001,-73.9204838
node,5481546589,One Girl Cookies,cafe,bakery,40.7033726,-73.9904309
node,5483786324,Pita Pi,restaurant,middle_eastern;pizza,40.7098124,-73.9510894
node,5484494529,Heidi’s House,bar,american,40.7723296,-73.9550482
node,5485534337,Mally's 2,fast_food,burrito;tacos;mexican;sopes,40.7039694,-73.9098811
node,5487091369,Fresco's Cantina,restaurant,mexican,40.7684896,-73.9330039
node,5487110395,Katch,restaurant,american,40.7671361,-73.9202693
node,5487117025,The Bonnie,bar,,40.774704,-73.9136014
node,5487128329,Il Falco,restaurant,italian,40.7475726,-73.9455369
node,5487142339,Basil Brick Oven Pizza,restaurant,pizza;italian,40.770745,-73.9201255
node,5489315616,Serafina,restaurant,italian,40.7645598,-73.9820354
node,5489661622,Kabayan Authentic,restaurant,filipino,40.742437,-73.91548
node,5490145121,The Narrows,bar,,40.7040364,-73.9307858
node,5493851469,Tropical,restaurant,ecuadorian;seafood;chicharron;ceviches,40.713096,-73.9005153
node,5496799526,Pizza Hut,restaurant,pizza,40.713597,-73.9013605
node,5497657255,La Bella Mariella,restaurant,pizza;pasta,40.7153727,-73.9011417
node,5497696423,Forcella,restaurant,italian,40.7114995,-73.9490739
node,5497878061,Joe's Pizza,restaurant,pizza,40.7212554,-73.9034141
node,5499677222,Halo Deli,fast_food,sandwich,40.7651878,-73.9763206
node,5500005644,Charrua Uruguayan Restaurant,restaurant,uruguayan,40.7200308,-73.9876041
node,5500013794,La Choza del Gordo,restaurant,colombian,40.7530111,-73.9225402
node,5500029100,Barkada Social Club,restaurant,,40.761211,-73.9234494
node,5500033650,Tipp Inn,restaurant,italian,40.7607294,-73.9224149
node,5500393532,Joe Coffee,cafe,,40.7029465,-73.9894489
node,5501191105,Reclamation Bar,bar,,40.7148154,-73.9415959
node,5501633021,Barking Dog,restaurant,american,40.7840697,-73.9503873
node,5502443030,Apollo Bagels,cafe,bagel;sandwich,40.718457,-73.9585343
node,5504037324,Gelso & Grand,restaurant,,40.7195003,-73.9973762
node,5511982448,Lord's,restaurant,british,40.7276864,-73.9994646
node,5511988543,Mocha Burger,restaurant,burger,40.7274205,-73.9997484
node,5511992166,Molcajete Taqueria,restaurant,mexican,40.7273229,-73.9997885
node,5512015924,Madame X,bar,,40.7272671,-74.0000807
node,5512636204,Madam Ji,restaurant,indian,40.7282329,-73.9995481
node,5512653817,Grandma’s One Pizza,restaurant,pizza,40.7287649,-74.0000832
node,5512656726,The Comedy Shop,bar,,40.7288048,-74.0001586
node,5514228220,The Market Place at Kimmel,fast_food,italian;mexican;sandwich,40.7296364,-73.9981099
node,5514272788,Karakatta,restaurant,ramen,40.7293419,-73.9987713
node,5515156304,Pera SoHo,restaurant,mediterranean,40.723831,-74.0033719
node,5515185730,The Gordon Bar,bar,,40.7239715,-74.003139
node,5515196277,Sessanta,restaurant,italian;coffee,40.7239998,-74.0031136
node,5515220109,Aurora SoHo,restaurant,italian,40.7235403,-74.0031561
node,5517243775,The Bushwick Diner,restaurant,american;coffee;burger;bagel;sandwich;pastry,40.700512,-73.9126039
node,5519546126,Mercury Bar,bar,,40.7608507,-73.9911042
node,5520366534,Chipotle,fast_food,mexican,40.7107442,-74.0163169
node,5520366543,Healthy Joe’s,restaurant,,40.7133701,-74.0081717
node,5520380022,Aahar,restaurant,indian,40.7133082,-74.0080416
node,5522613821,The Drunken Munkey,restaurant,indian,40.7809852,-73.9475594
node,5523437746,Chipotle,fast_food,mexican,40.7225421,-73.9974861
node,5523561003,Neat,fast_food,burger;salad;sandwich,40.7218424,-73.9971335
node,5526583418,Thonglor,restaurant,thai,40.7576414,-73.9198893
node,5526583419,Connect Sports Lounge,bar,,40.7585411,-73.9195356
node,5526584383,Wingstop,fast_food,wings,40.7609538,-73.9175715
node,5526584391,Plern Thai Restaurant & Noodle Bar,restaurant,thai,40.7619866,-73.9167215
node,5527575303,City Vineyard,restaurant,,40.721372,-74.0127131
node,5528676228,Margon Restaurant,cafe,cuban,40.7579702,-73.9838946
node,5529262382,New Mexico Place II,restaurant,mexican;coffee,40.7016552,-73.9059862
node,5529300860,Crown Fried Chicken & Pizza,fast_food,chicken;pizza,40.7028355,-73.9074792
node,5529398013,Cabana Jorge,fast_food,,40.7028333,-73.9079971
node,5529401043,Cachapas y Mas,restaurant,venezuelan,40.7030354,-73.9083439
node,5529406034,Tequila Time,bar,,40.7033316,-73.908163
node,5529410364,Susanos Pizzeria,fast_food,pizza;burger;seafood,40.7031924,-73.9080852
node,5531175035,Jorge's,restaurant,dominican;coffee,40.7029932,-73.9076846
node,5531185014,#1 Natural Juice Bar,cafe,,40.7030612,-73.9078624
node,5531208932,Ambato,restaurant,ecuadorian,40.7032549,-73.9086975
node,5531214552,Lin's Garden,fast_food,chinese,40.7035131,-73.9091592
node,5531226108,Seneca Fiesta Corporation,bar,,40.7041125,-73.9096158
node,5532127441,McDonald's,fast_food,burger,40.7185828,-74.0010744
node,5534031217,Onderdonk Cafe,cafe,coffee_shop;indonesian,40.7085319,-73.9146219
node,5534447352,Sicily's Best Pizza,fast_food,pizza,40.7052219,-73.9151121
node,5537914954,Bouley at Home,restaurant,fine_dining,40.7411298,-73.992128
node,5538175004,Del Posto,restaurant,italian,40.7434562,-74.0075595
node,5540447973,Rico Pollo 1 Ridgewood,restaurant,colombian;coffee;chicken,40.7001331,-73.9072579
node,5540454525,Cantina 33,restaurant,peruvian,40.7000974,-73.9074002
node,5540462860,Nick's,restaurant,italian,40.7827672,-73.9479303
node,5540465914,El Montañero,restaurant,colombian,40.700074,-73.9077575
node,5540568923,Coyote Bohemio,restaurant,coffee;mexican,40.700076,-73.907828
node,5541240618,San Remo,restaurant,pizza;sandwich,40.7002664,-73.906164
node,5541527930,Espuma Viannely Deli & Grocery,restaurant,mexican,40.7004765,-73.9130992
node,5541527963,Mi Sueno,restaurant,mexican,40.7008138,-73.9131054
node,5541534557,Place Fried Chicken,restaurant,chicken;pizza;american;burger,40.7007776,-73.913023
node,5543332789,Kennedy Fried Chicken & Pizza,fast_food,pizza;fried_chicken,40.8376792,-73.9106675
node,5543332793,Kennedy Fried Chicken & Pizza,fast_food,pizza;fried_chicken,40.8381361,-73.912713
node,5544177806,$1.50 Fresh Slice Pizza,fast_food,pizza,40.7210704,-73.987549
node,5544177807,San Loco,fast_food,mexican,40.7210507,-73.9874657
node,5547626023,Bowery Meat Company,restaurant,steak_house,40.7245658,-73.9918599
node,5548115057,Reif's Tavern,bar,,40.7814029,-73.9485796
node,5548140929,Delizia 92,restaurant,italian,40.7815133,-73.9488508
node,5549105921,Dunkin',fast_food,donut;coffee_shop,40.7139689,-74.0089327
node,5549670841,Linda's Pizzeria,restaurant,pizza,40.823693,-73.9086754
node,5550498111,D' Montazo,restaurant,spanish;coffee;burger;chicken;sandwich,40.7012212,-73.9144979
node,5550525387,Starr Bar,bar,burger;mexican;wrap,40.7050054,-73.9230385
node,5550978111,Breakroom,fast_food,burger;tacos,40.7166208,-73.9997625
node,5550978112,Dr. Clark,restaurant,japanese,40.7161851,-73.9998239
node,5550983600,Cholula Deli Corporation,restaurant,mexican,40.7010358,-73.9140703
node,5551498985,The Magician,bar,,40.7198504,-73.9872976
node,5553457642,Motel No Tell,bar,eclectic,40.7297578,-73.9806443
node,5553460385,Waiting On A Friend,bar,,40.7294965,-73.9808235
node,5553506737,ReVision Lounge and Gallery,bar,,40.7289041,-73.978241
node,5554842593,Gordo’s Cantina,cafe,bagel;sandwich;burger;coffee,40.7049338,-73.9175904
node,5555401924,Ambar Lounge,bar,,40.7087521,-73.9125042
node,5556738950,Burp Bowl Cafe,cafe,chinese,40.7827225,-73.9479691
node,5560580460,Bella Sera Pizza,fast_food,pizza,40.700208,-73.9041983
node,5561024647,Butter Smashburgers,restaurant,burger,40.7294539,-74.0008102
node,5565427921,Capizzi,restaurant,pizza,40.757441,-73.9935684
node,5573636404,Yorkville Bagel & Cafe,fast_food,,40.7832735,-73.9480375
node,5574666644,Bar Six,restaurant,,40.7364211,-73.9972187
node,5576457143,William Barnacle Tavern,bar,pub,40.7276327,-73.985743
node,5576503130,Windfall Lounge,restaurant,,40.752335,-73.9836718
node,5577592712,Taco Bell,fast_food,tex-mex,40.7865921,-73.950228
node,5578984004,Blue Bottle Coffee,cafe,coffee_shop,40.7530461,-73.9840983
node,5579089817,Asami Sushi,restaurant,,40.7370148,-73.9973474
node,5579096756,E.A.K Ramen,restaurant,,40.7356331,-73.9983668
node,5580549290,Akaru Sushi,restaurant,sushi;tea,40.7025314,-73.9161329
node,5580549887,Taqueria Cocoyoc,restaurant,mexican,40.7023535,-73.9158319
node,5584491156,Rofaqaa,cafe,,40.7018009,-73.914846
node,5585248522,Bluestone Lane,cafe,coffee_shop;breakfast;sandwich;health_food,40.7007786,-73.9883118
node,5585374466,Ludlow Coffee Supply,cafe,coffee_shop,40.7216695,-73.9873956
node,5585385019,68 Jay Street Bar,bar,,40.7030075,-73.9868156
node,5585390098,Olympia Bar,bar,,40.7032631,-73.9867714
node,5585532432,Design Cafe Usagi,cafe,coffee_shop,40.7038562,-73.9869538
node,5585626075,CUPER,restaurant,,40.704309,-73.9873475
node,5587111257,Debutea,cafe,bubble_tea,40.7290847,-73.9992444
node,5588878334,Guajillo,restaurant,mexican,40.7968525,-73.9350057
node,5588989245,Mrs. An Thai,restaurant,thai,40.7873895,-73.9482837
node,5593000021,Anotheroom,bar,,40.7198236,-74.0056055
node,5593004899,Tribeca Tavern,bar,,40.7197629,-74.005662
node,5593016867,Bâtard,restaurant,french,40.7195759,-74.0058025
node,5593041648,,restaurant,,40.7187167,-74.0060375
node,5594554949,Lady Jay's,bar,,40.7114869,-73.9468057
node,5594567812,Crystal Lake Brooklyn,bar,,40.7115262,-73.9463966
node,5594575502,Bahia,restaurant,salvadoran;coffee,40.7113887,-73.9449741
node,5594587546,Los Primos,restaurant,dominican,40.7114248,-73.9445268
node,5594595555,Ammazzacaffè,restaurant,italian;coffee,40.7114031,-73.9446152
node,5594913172,Second Chance Saloon,bar,,40.7115676,-73.9460436
node,5595354776,Haven Lounge,bar,,40.7116684,-73.9452005
node,5595546826,Sunset Diner,restaurant,diner,40.7217163,-73.9420866
node,5596262150,Mama Taco,restaurant,mexican,40.7018238,-73.9367711
node,5596263398,Bushwick Ice House,bar,,40.7070838,-73.9324951
node,5597395539,C M Coffee Shop,cafe,sandwich;coffee;salad,40.703584,-73.9174318
node,5599232076,The Milton,restaurant,british;american;irish,40.781267,-73.9490461
node,5599264049,Starbucks,cafe,coffee_shop,40.7827156,-73.9484523
node,5599364192,East River Bar,bar,,40.7108861,-73.9646654
node,5599496976,Bibble & Sip,cafe,coffee;coffee_shop;tea;dessert;bakery,40.7628613,-73.985265
node,5599768646,Boom Boom Room,bar,,40.74079,-74.0078393
node,5603357400,Au Za'atar,restaurant,middle_eastern;lebanese,40.7289381,-73.9812454
node,5603368243,Santa Barbara Deli,fast_food,,40.7282563,-73.9790922
node,5603534984,Boris and Horton,cafe,coffee_shop,40.7292335,-73.9814002
node,5603537158,Gomi,bar,,40.7288636,-73.9813167
node,5603550886,Tompkins Square Bar,bar,,40.7258995,-73.9834824
node,5603563258,Starbucks,cafe,coffee_shop,40.7268161,-73.9831737
node,5603575358,Pizza Studio Tamaki,restaurant,italian;pizza,40.7269086,-73.9834027
node,5604044815,Crab Du Jour Xpress Cajun,restaurant,seafood,40.7163717,-73.9875854
node,5607902921,Wonton Noodle 1978,restaurant,chinese,40.7157853,-73.9982634
node,5607967821,Boxers,bar,,40.7407461,-73.9931415
node,5611937541,Birch Coffee,cafe,coffee_shop,40.7265689,-73.9996226
node,5612407421,Deweys Pub,bar,,40.7481126,-73.9911219
node,5613044405,The Fiction,cafe,,40.7073204,-73.9537223
node,5614134321,Sweetleaf Coffee,cafe,,40.7345353,-73.9553797
node,5614222314,Vietnaam,restaurant,vietnamese,40.7792107,-73.9505504
node,5614271261,Wok 88,restaurant,chinese,40.7803566,-73.9531066
node,5614292204,Móle,restaurant,mexican,40.7802891,-73.9502159
node,5615317878,Rocky's Pizzeria,fast_food,pizza,40.7443769,-73.976406
node,5615998343,Rosie's,restaurant,mexican,40.7249227,-73.9906582
node,5616137907,Pokee,restaurant,japanese,40.7305853,-74.000436
node,5616255180,McDonald's,fast_food,burger,40.7128315,-73.9892273
node,5616317452,Delicious Chinese Food Inc,restaurant,chinese,40.7876253,-73.9443966
node,5618064691,American Wing Café,cafe,coffee_shop;sandwich,40.7802595,-73.9635992
node,5618087850,Petrie Court Café,cafe,coffee_shop,40.7791519,-73.9644503
node,5618087852,Met Dining Room,restaurant,,40.7788973,-73.9644595
node,5618087854,Great Hall Balcony Café & Bar,bar,,40.7791444,-73.9627323
node,5618087856,The Eatery,fast_food,,40.7796005,-73.9638164
node,5618177645,Irving Farm Coffee Roasters,cafe,,40.736787,-73.9869081
node,5618804276,Juice Generation,fast_food,juice,40.7240396,-73.9969462
node,5618838622,New Suki Ichiro,restaurant,sushi;japanese,40.7788724,-73.9507751
node,5620520170,SideBAR,bar,,40.7346858,-73.9886233
node,5620855721,DB Bistro Moderne,restaurant,french,40.755845,-73.9822708
node,5623442598,The Johnson's,bar,,40.7058302,-73.9237933
node,5624790243,The Sampler Bushwick,bar,,40.7055984,-73.9224758
node,5625446393,Sea Wolf,restaurant,seafood,40.7067737,-73.9228508
node,5625450294,Lot 45 Bushwick,bar,,40.7070059,-73.9226871
node,5625462945,AP Cafe,cafe,,40.7068582,-73.9223165
node,5625467798,Little Beaver,bar,,40.7074513,-73.9217751
node,5625524341,Pearl's Social & Billy Club,bar,,40.7071565,-73.9212797
node,5625533849,Desi Grill,restaurant,indian,40.7057323,-73.9217649
node,5625538225,Manousheh,restaurant,lebanese,40.7293785,-74.0013718
node,5626983263,Left Hand Path,bar,,40.7051123,-73.9202649
node,5627237353,Sal's Pizzeria,restaurant,pizza,40.7044944,-73.9192531
node,5627254765,Lee Garden,fast_food,chinese,40.7043384,-73.9190212
node,5627490317,Dunkin' Donuts / Baskin Robbins,fast_food,donut;coffee_shop,40.7846375,-73.9494427
node,5627868448,Crown Chicken & Grill,restaurant,fried_food;fried_chicken,40.7042127,-73.9188024
node,5627868643,VEX El Cafe,cafe,,40.7039682,-73.9190111
node,5627875085,Dunkin',fast_food,donut;coffee_shop,40.704028,-73.9185229
node,5627875250,Bakhter Halal Food Cart,fast_food,,40.7038479,-73.9183322
node,5627875406,Gyro,restaurant,greek,40.7037765,-73.9179885
node,5627882539,Inca Chicken,restaurant,chicken,40.7034857,-73.9182324
node,5627943322,Le Jardin Bistro,restaurant,french,40.7186318,-73.9893489
node,5628809026,Sadelle’s,restaurant,seafood;bagel,40.7262525,-74.0001116
node,5628928424,Westville,restaurant,american,40.7272539,-74.0075081
node,5630477424,North River Lobster Company,restaurant,,40.7617789,-74.0027011
node,5632288423,Roof Top at Public,bar,,40.723034,-73.9920355
node,5634165227,In Between Cafe,cafe,,40.7118521,-73.919257
node,5635121621,The Butcher’s Daughter,restaurant,,40.7363404,-74.0060825
node,5635174819,Klom Klorm,restaurant,thai,40.7031166,-73.9170639
node,5635284299,Ops,restaurant,pizza,40.7026827,-73.9171262
node,5638294523,Panini Cafe,fast_food,sandwich;salad;juice,40.7436155,-73.9738683
node,5640004458,Bamboo House,fast_food,chinese;sushi,40.7867586,-73.9501119
node,5640186355,Cafe Lafayette,fast_food,,40.7170952,-74.0019536
node,5640199665,Corte Cafe,fast_food,american;salad;pizza,40.7140838,-74.0036284
node,5640736950,Tal Bagels,cafe,bagel,40.7355345,-73.9797733
node,5640741631,Tal Bagels,cafe,bagel,40.777498,-73.9503988
node,5640748792,H&H Midtown Bagels East,cafe,bagel,40.7744439,-73.9544897
node,5640753251,H&H Midtown Bagels East,cafe,bagel,40.7861849,-73.9726071
node,5642349667,888 Kitchen,fast_food,chinese,40.7206993,-73.9043875
node,5642382126,Chobani SoHo,cafe,yogurt;coffee_shop,40.7257638,-74.0011009
node,5642913664,Amaranto,restaurant,mexican,40.703075,-73.9218056
node,5642916810,Amanda's Kitchen,restaurant,salvadoran,40.7020214,-73.9236569
node,5642918230,Mi Bella Dama,restaurant,dominican;seafood,40.7016763,-73.9237546
node,5642926348,Sabores De Mi Tierra,fast_food,colombian,40.7020781,-73.9243236
node,5643003004,Sushi & Noodles,restaurant,noodle;sushi,40.7034447,-73.925762
node,5643052165,Ayat,restaurant,,40.7026307,-73.9253849
node,5655770463,Just Salad,fast_food,salad,40.7906865,-73.9693649
node,5663816949,Miss Yolo's Tacos,fast_food,mexican,40.7545121,-73.9764098
node,5664788646,Café Grumpy,cafe,,40.7542367,-73.9889033
node,5664814202,Café Grumpy,cafe,coffee_shop,40.7521444,-73.9757163
node,5666755639,Le Viêt Thai,restaurant,vietnamese;thai,40.7811676,-73.9491151
node,5666796392,Bangrak Thai Cuisine,restaurant,thai,40.7811358,-73.9491383
node,5666870630,Biddy's Pub,bar,,40.7810045,-73.9490049
node,5667083630,Dragon Family,fast_food,chinese,40.7607543,-73.9613603
node,5669779496,Zucker's Bagels & Smoked Fish,cafe,bagel,40.7778553,-73.9782475
node,5672759305,El Paso Taqueria,restaurant,mexican,40.7873686,-73.9527035
node,5672782246,Champignon Café,cafe,sandwich;breakfast;coffee_shop,40.7874897,-73.953786
node,5672860212,Da Capo Aperitivo e Caffe,cafe,italian,40.7876673,-73.954025
node,5673291209,Beco,restaurant,brazilian,40.7183558,-73.9504513
node,5673681505,The Little Beet,fast_food,american,40.7578639,-73.9739361
node,5673830851,McDonald's,fast_food,burger,40.7133033,-73.9097256
node,5679657868,Faro,restaurant,italian,40.7074483,-73.9229012
node,5679677533,Bunker Vietnamese,restaurant,sandwich;vietnamese,40.7104957,-73.9232382
node,5680293321,Ella Social,restaurant,spanish,40.7770276,-73.978849
node,5680634291,Hwa Yuan,restaurant,chinese,40.7137082,-73.9959474
node,5683379031,The GAF,bar,irish,40.7789493,-73.9507243
node,5686408267,Coffee Ave,cafe,,40.7575483,-73.9269653
node,5686427721,Strokos Deli,restaurant,,40.805466,-73.9622848
node,5695103857,La Perla Del Ulua,restaurant,honduran,40.7038798,-73.9276682
node,5695146691,Teriyaki Japanese Grill,fast_food,japanese;sushi,40.7036385,-73.926618
node,5695149896,Leos,fast_food,mexican,40.7034658,-73.9263138
node,5695162348,Molly's Milk Truck,restaurant,american;burger;ice_cream;salad,40.703232,-73.9264546
node,5697641883,Sazon Nuñez,restaurant,dominican,40.7042927,-73.9194903
node,5697730312,Cassette,bar,,40.702567,-73.9011814
node,5700167965,Thursday,fast_food,korean;international,40.7276075,-73.983771
node,5700167968,Veselka,restaurant,ukrainian,40.7289775,-73.9869985
node,5700877721,Tiny Shanghai,restaurant,chinese,40.7178259,-73.9979942
node,5703492189,Cafe d'Alsace,restaurant,french,40.7794382,-73.9508292
node,5703494368,Tenzan 89,restaurant,japanese;sushi,40.7796344,-73.9502395
node,5703497866,Vegan Grill,restaurant,sandwich;chicken;mexican;mediterranean;italian;burger;breakfast,40.7801105,-73.9498604
node,5705270759,Ora Wine Bar,bar,,40.7723382,-73.9272822
node,5707209574,IKYU,restaurant,sushi,40.7798844,-73.9500298
node,5709100551,Liffy II Bar,bar,,40.8693733,-73.9171298
node,5709136460,El Nuevo Sabor,restaurant,dominican,40.8694438,-73.9155626
node,5709144091,Cafe Tabaco and Ron,cafe,,40.8690737,-73.9158442
node,5709149508,Made In Mexico,restaurant,mexican,40.8672533,-73.9171554
node,5709611765,Fantastic,bar,latin_american,40.86614,-73.9196001
node,5709614591,Guadalupe,restaurant,,40.8674262,-73.9207651
node,5709672352,Sahara Cafe,cafe,,40.8693627,-73.9155908
node,5709973043,Taco Bell Cantina,fast_food,tex-mex,40.734237,-73.9806908
node,5709999337,Infinitea,cafe,bubble_tea,40.7717619,-73.9238515
node,5710000050,Sophistian Mexican Pizzeria,restaurant,pizza;mexican,40.7732879,-73.927208
node,5711108963,Under Pressure Espresso Bar,cafe,,40.764795,-73.9233644
node,5711111191,Starbucks,cafe,coffee_shop,40.752547,-73.9094196
node,5711589045,Cloisters Deli & Grill,fast_food,american;chicken,40.8666594,-73.9299994
node,5711614094,Seawalk Restaurant,restaurant,seafood,40.8666758,-73.9283593
node,5711620241,Pat'e Palo,restaurant,latin_american,40.8665532,-73.9282148
node,5711713030,Tabu,bar,american,40.8661116,-73.9276937
node,5711722291,Papasito,restaurant,mexican,40.8659316,-73.9274671
node,5711728432,Dyckman Bar,bar,,40.8659128,-73.9274496
node,5711735763,Starbucks,cafe,coffee_shop,40.8657529,-73.9272044
node,5712386122,Prestige Deli,fast_food,sandwich,40.8647304,-73.9280417
node,5712392304,El Jefe Sport Cantina,bar,mexican,40.8644051,-73.9268547
node,5713788140,Goodfellas,fast_food,pizza,40.7532471,-73.9372587
node,5716101714,Blue Bottle Coffee,cafe,coffee_shop,40.70593,-73.9365884
node,5716116193,Blue Bottle Coffee,cafe,coffee_shop,40.7521248,-73.9780805
node,5716458603,Midnight Express Diner,restaurant,diner,40.7797622,-73.9505867
node,5717527827,Layali,restaurant,,40.7573863,-73.91537
node,5719018954,Empire Corner 2,restaurant,chinese,40.8004366,-73.9463914
node,5721469500,The Haab Mexican Cafe,restaurant,,40.7389983,-73.9177966
node,5721470075,Sunnyside Fresh Bites,restaurant,sandwich,40.7435022,-73.924182
node,5721470367,de Mole,restaurant,mexican,40.7392696,-73.9202773
node,5721470753,Danubius,restaurant,romanian,40.7403152,-73.9238799
node,5721471863,Chakra Cafe,cafe,breakfast,40.7436528,-73.9203646
node,5721472335,Teriyaki King,fast_food,japanese,40.7412614,-73.9189523
node,5721472458,El Rodeo,bar,,40.7416382,-73.9191413
node,5721473272,Mad For Chicken,restaurant,chicken,40.7431115,-73.9207685
node,5721473579,Bajeko Sekuwa The Himalayan Grill,restaurant,,40.7431316,-73.9209224
node,5721473581,Dunkin',fast_food,donut;coffee_shop,40.7433103,-73.9226285
node,5721473954,The Original American #2 Chicken,fast_food,colombian,40.7434678,-73.9238906
node,5721475988,The Goat,bar,,40.7436888,-73.9207172
node,5721476025,Teppanyaki One,restaurant,japanese,40.7440319,-73.9236153
node,5721476134,Doma,restaurant,korean,40.7442007,-73.9230967
node,5721476364,Sotto le Stelle,restaurant,italian;pizza,40.7436231,-73.9201306
node,5721476514,Bar 43,bar,pub,40.7449648,-73.9213586
node,5721476603,Sunnyside Bro's Cafe,restaurant,diner; greek; mexican,40.7442397,-73.9240432
node,5721487665,Bardolino Pizza,fast_food,,40.7866343,-73.9501997
node,5721493494,El Tepeyac Taqueria,restaurant,mexican,40.7866636,-73.9501801
node,5721784935,The Seneca,bar,american;burger;sandwich,40.7042564,-73.9104377
node,5725918582,Blue Bottle Coffee,cafe,coffee_shop,40.7106548,-74.0121277
node,5725985607,Blue Bottle Coffee,cafe,coffee_shop,40.7169605,-73.9610201
node,5726008201,Blue Bottle Coffee,cafe,coffee_shop,40.7340809,-73.9924617
node,5726015580,Sweetgreen,fast_food,salad,40.7339919,-73.9925385
node,5726231038,Robert's Steakhouse,restaurant,steak,40.7630348,-73.9972682
node,5726345621,Blue Bottle Coffee,cafe,coffee_shop,40.7596136,-73.9754488
node,5726883078,BBF,restaurant,japanese,40.7219414,-73.987541
node,5726883079,Taverna Di Bacco,restaurant,italian,40.7218756,-73.9875758
node,5726897054,Le French Diner,restaurant,french,40.7220477,-73.9880873
node,5729305630,Tacos & Tequilla,restaurant,mexican,40.7807448,-73.9494056
node,5729310496,Il Carino,restaurant,italian,40.7795132,-73.9503284
node,5729312617,Mughlai Indian Cuisine,restaurant,indian,40.7800549,-73.9498849
node,5729339305,JJ Brown Cup,cafe,coffee_shop,40.7795258,-73.9507703
node,5730758414,Chef's Table at Brooklyn Fare,restaurant,,40.7560775,-73.996449
node,5734394321,Xe Lua,restaurant,vietnamese,40.7165861,-73.9987702
node,5734407321,Burger It Up,restaurant,burger;chicken;sandwich;salad,40.7043445,-73.9283824
node,5734425560,Taqueria El Fogon,restaurant,mexican,40.7044239,-73.929124
node,5734434230,Tomo,restaurant,japanese,40.704672,-73.9292626
node,5734677162,No Bull NYC,bar,,40.7043902,-73.9299803
node,5734886422,The Spaniard,restaurant,american,40.7327579,-74.0021665
node,5734944621,Patent Coffee,cafe,coffee_shop,40.7452186,-73.9902413
node,5735191733,Popeyes,fast_food,chicken,40.704403,-73.9289293
node,5735248331,Crossroads Cafe,cafe,sandwich;pastry,40.7050509,-73.928984
node,5737939508,Norwind's,restaurant,latin_american,40.7041085,-73.9306031
node,5737951060,Tabaré,restaurant,,40.7038002,-73.93073
node,5739490582,Apt 512,bar,,40.7034302,-73.9302342
node,5741364421,George Keeley,bar,,40.785875,-73.976089
node,5741661610,Ajihei,restaurant,japanese,40.7041321,-73.9280327
node,5747406152,Partners Coffee,cafe,coffee_shop,40.7475924,-73.9415538
node,5747443416,Leroy's,restaurant,,40.7335223,-73.9583596
node,5748057621,Dallas BBQ,restaurant,barbecue,40.7701167,-73.9600332
node,5750222459,Wendy's,fast_food,burger,40.8391748,-73.9415213
node,5750222852,Dallas BBQ,restaurant,barbecue,40.8395821,-73.9404606
node,5750540226,Pine Box Rock Shop,bar,,40.7053329,-73.9326938
node,5751854223,Ange Noir Cafe,cafe,bagel;sandwich,40.7041849,-73.9341582
node,5752611173,The Grey Dog,restaurant,sandwich;burger;salad,40.7337512,-73.9931307
node,5752764087,The Skylark,bar,,40.7541745,-73.9888207
node,5754424777,Montagu's Gusto,fast_food,breakfast;sandwich;salad,40.7456827,-73.9754601
node,5754424778,Garlic New York Pizza Bar,restaurant,pizza,40.7451397,-73.975856
node,5754424781,Lan Larb Esan,restaurant,thai,40.745334,-73.9757137
node,5754485897,Ginza,fast_food,japanese,40.7456647,-73.9756623
node,5754826808,Swift Eats,restaurant,,40.7593502,-73.9921758
node,5754840578,Dalton's,bar,,40.7593932,-73.9921445
node,5754840579,Ajisai,restaurant,japanese,40.7595043,-73.9920502
node,5754840626,ViVi Bubble Tea,cafe,,40.7593056,-73.9921933
node,5754840633,Lenwich,restaurant,sandwich,40.759443,-73.9920938
node,5754840634,Blossom Du Jour,fast_food,,40.7595895,-73.9919989
node,5756089923,Sweet Water,restaurant,,40.7184595,-73.9599718
node,5756089924,Emily,restaurant,pizza,40.7293542,-74.0038432
node,5756089925,Dreamers Coffee,cafe,coffee_shop,40.7189834,-74.0009997
node,5756090021,The Loyal,restaurant,,40.7321386,-74.0033283
node,5756090121,Avocaderia,restaurant,,40.7518551,-74.0051335
node,5756090122,Milk Bar Financial District,restaurant,,40.7047951,-74.0065116
node,5757232056,SUGARFISH by sushi nozawa,restaurant,sushi,40.7389499,-73.9888714
node,5757237337,Daily Provisions,cafe,coffee_shop,40.7376051,-73.9875777
node,5759363659,China House,fast_food,chinese,40.7131565,-73.9087622
node,5759364647,Bella Donna Pizzeria,restaurant,pizza,40.7133969,-73.9107423
node,5759472203,,cafe,,40.7139319,-73.9204123
node,5759612785,Le Pain Quotidien,cafe,coffee_shop,40.7518535,-73.9733935
node,5760191985,Pollos a la Brasa Mario,restaurant,chicken,40.7587516,-73.9182472
node,5762488554,The Roof,bar,,40.7646319,-73.9785599
node,5762528453,Wolfgang’s Steakhouse,restaurant,,40.746628,-73.9820041
node,5762582554,The Village Vanguard,bar,,40.7426244,-73.9969669
node,5763507715,Mongkhon Thai Cuisine,restaurant,thai,40.7609108,-73.9089346
node,5763533381,Subway,fast_food,sandwich,40.7456848,-73.9036493
node,5763533382,Kennedy Fried Chicken,fast_food,,40.7456963,-73.9035273
node,5763535285,Momo Ashi,cafe,bubble_tea,40.7456218,-73.9041444
node,5763904853,Chateau le Woof,cafe,french,40.7689891,-73.9356112
node,5766202314,Bua Thai Ramen & Robata Grill,restaurant,thai,40.7763429,-73.9530891
node,5766671053,Oda House,restaurant,georgian,40.7240335,-73.9821057
node,5768241171,Atrium Dumbo,restaurant,french,40.7035169,-73.9904314
node,5771831853,Bluestone Lane,cafe,,40.7524881,-73.9880033
node,5772058553,The Original Espinal Deli 2 Comida Dominicana,restaurant,dominican,40.7538485,-73.9031732
node,5772058759,Sum Fung,restaurant,chinese,40.7534828,-73.9065742
node,5773932353,"El Almacén, 557 Driggs Ave, Brooklyn, NY 11211, USA",restaurant,argentinian,40.7169461,-73.9566296
node,5775244861,Jack Jones,restaurant,,40.7733796,-73.9065644
node,5775247318,Dunkin',fast_food,donut;coffee_shop,40.7757134,-73.9103509
node,5778906637,The Raines Law Room,bar,,40.7387302,-73.9945926
node,5780277997,New Chinatown Restaurant,restaurant,chinese;japanese,40.7828869,-73.9512532
node,5780289848,Korali Estiatorio,restaurant,greek;seafood,40.7834335,-73.9508414
node,5780292853,Isohama,restaurant,sushi,40.7835485,-73.950757
node,5781227153,Brasserie Cognac Américain,restaurant,french;american,40.7522238,-73.9815331
node,5781268723,Bondi Sushi,restaurant,sushi,40.7523763,-73.9814434
node,5781374253,Skinny's Cantina on the Hudson,restaurant,mexican,40.8202694,-73.9588986
node,5782481566,Sweet Spot Sporting Lounge & Bar,bar,,40.774712,-73.912713
node,5782486184,Balkh Shish Kabab House,restaurant,afghan,40.7742036,-73.9133194
node,5782486382,Dionysos Restaurant,restaurant,greek,40.7739028,-73.9131611
node,5782488527,Wendy Teriyaki,fast_food,sushi;japanese;bubble_tea,40.7617883,-73.9108432
node,5782494844,Effy's Kitchen,restaurant,american,40.7885453,-73.9488126
node,5782495642,Café d'Anvers,restaurant,belgian,40.7884657,-73.9488874
node,5782496201,Love Cafe,cafe,,40.7945777,-73.9337278
node,5782500846,Yura's Blue Plate,restaurant,,40.795666,-73.9354419
node,5782504258,Pipo's,restaurant,mexican,40.799484,-73.9398336
node,5784718253,Crispy Heaven Bakery,cafe,breakfast;sandwich,40.722027,-73.9975629
node,5787675353,Norm's Pizza,fast_food,pizza,40.7100634,-74.0103373
node,5788137439,Tucci New York,bar,,40.7266858,-73.9959215
node,5788183778,Sweetwater Social,bar,,40.7267077,-73.9959009
node,5788273495,Gregorys Coffee,cafe,coffee_shop,40.726876,-73.995752
node,5790696454,Popeyes,fast_food,chicken,40.7178504,-74.0006031
node,5792264307,The Press Shop,fast_food,sandwich,40.726242,-73.9955434
node,5792264308,Cafe Angelique,cafe,breakfast;sandwich,40.726208,-73.9954844
node,5792284140,Lafayette Grand Café & Bakery,cafe,french,40.7275742,-73.993705
node,5793095927,Upper East Café,cafe,,40.7634155,-73.9654893
node,5794668191,Loosie Rouge,bar,,40.7109906,-73.9649151
node,5796438080,La Colombe Coffee Roasters,cafe,coffee_shop,40.7257887,-74.0011724
node,5798954995,Bunna Cafe,restaurant,ethiopian,40.7048893,-73.9278626
node,5799024753,Ten Ren,cafe,chinese;tea,40.7163524,-73.9981687
node,5799183353,Pep's on Grand,restaurant,italian_pizza,40.7190831,-73.9969787
node,5799510957,Sandwich House,restaurant,italian,40.7109248,-74.0078117
node,5799511379,Omar's Mediterranean Cuisine,restaurant,,40.7109559,-74.0078671
node,5799683086,2 Bros. Pizza,fast_food,,40.8048767,-73.9381538
node,5799923766,McDonald's,fast_food,burger,40.77777,-73.9545025
node,5801611455,CHOWK,bar,,40.745173,-73.9052274
node,5801848000,Thai @ Lex,restaurant,thai,40.7781312,-73.9567486
node,5801862103,Malii Thai Kitchen,restaurant,thai,40.7894559,-73.943061
node,5801870934,Manhatta,bar,,40.7078151,-74.0086882
node,5801889162,Plue,restaurant,thai,40.7889193,-73.9485485
node,5801942482,Bake Shop,cafe,,40.7032509,-73.9328762
node,5801942483,Koda Restaurant & Lounge,restaurant,american,40.7030761,-73.9333087
node,5801959654,New York Deli Cafe & Pizza,fast_food,,40.7549945,-73.9775058
node,5801975953,Morton's The Steakhouse,restaurant,steak_house,40.7552012,-73.9786908
node,5801976053,Carol's Cafe (in Greenacre park),fast_food,breakfast;sandwich,40.7561938,-73.969411
node,5802125734,Jade Dragon,fast_food,chinese,40.7891863,-73.9406099
node,5804694233,Marcelina's,restaurant,mexican,40.7022687,-73.9360786
node,5805307866,,bar,,40.7563367,-73.92954
node,5805307868,Fresco Tortillas,restaurant,mexican;tacos,40.7562584,-73.9293522
node,5805314299,Samosa Bites,fast_food,indian,40.7573714,-73.9288746
node,5805318408,East Garden,fast_food,chinese,40.7562853,-73.9294097
node,5805320716,LIC Bagel,restaurant,,40.7563143,-73.9294719
node,5805320749,Napoli Pizza & Pasta,restaurant,pizza,40.7571943,-73.9268304
node,5806583254,Taylor St. Baristas,cafe,,40.7512755,-73.9793045
node,5806583255,Patent Pending,bar,,40.7452323,-73.9902152
node,5806583655,Buvette Gastrotheque,restaurant,,40.7327006,-74.0043588
node,5808091324,Fresh Basil's,restaurant,italian,40.7595622,-73.9682586
node,5810383921,Bravo Kosher Pizza,restaurant,pizza;sushi,40.7066673,-74.0135136
node,5810746758,Flying Fox Tavern,bar,,40.7050758,-73.9062739
node,5812464935,Madman Espresso,cafe,coffee_shop,40.7521357,-73.9915345
node,5813254081,Wined Up,bar,,40.739611,-73.9898047
node,5813254082,Punch Bar & Grill,bar,,40.739606,-73.989805
node,5815748397,Swagat,restaurant,indian,40.7481269,-73.9932265
node,5815748398,Pioneers Bar NYC,bar,,40.7472543,-73.9918207
node,5815855454,’Wichcraft,fast_food,sandwich,40.7394275,-73.990111
node,5816276401,Macaron Café,restaurant,french;sandwich;salad,40.7518625,-73.9890435
node,5816276453,Chopstick House,restaurant,,40.751597,-73.9883856
node,5816354728,Delmonico's Kitchen,restaurant,steak,40.7525209,-73.9899817
node,5816354729,District Social,bar,,40.7536244,-73.9913698
node,5816447409,Stitch Bar & Lounge,bar,,40.7539106,-73.991226
node,5816447410,El Sabroso,restaurant,latin_american;ecuadorian,40.7540751,-73.9916562
node,5816447411,Venisalvi Cafe,restaurant,mediterranean;tapas,40.7547857,-73.9921429
node,5816964481,Alan's Kitchen,restaurant,mexican,40.7556117,-73.992188
node,5816964482,Aya Sushi,restaurant,sushi;japanese,40.7555965,-73.9921405
node,5817720353,Blue Bottle Coffee,cafe,coffee_shop,40.7793161,-73.9808861
node,5818318680,Poketown,restaurant,hawaiian,40.755361,-73.9915727
node,5818318681,Rattle N Hum West,restaurant,pizza;sandwich;breakfast;american,40.7554555,-73.9917531
node,5818318906,Chipotle,fast_food,mexican,40.7556739,-73.9911563
node,5818417408,Jollibee,fast_food,burger,40.7557387,-73.9911118
node,5818417409,Pret A Manger,fast_food,sandwich,40.7555152,-73.9912691
node,5818421646,Aleef Coffee House Inc,cafe,sandwich;soup;salad;ice_cream;pastry,40.7560886,-73.9926331
node,5823260853,,restaurant,,40.7569712,-73.967446
node,5823525571,Aiyara Thai,restaurant,thai,40.7550458,-73.9948474
node,5823823343,19 Cafe,cafe,,40.7052284,-73.9444215
node,5824465672,Cafe Manna,fast_food,sandwich;smoothie;ramen;burger,40.7367286,-73.9914999
node,5824798471,Flats Fix,bar,mexican,40.7366611,-73.9913319
node,5826449659,Desi Indo-Chinese,restaurant,indian;chinese,40.7897114,-73.9428704
node,5828664373,Lulu & Teddy's Cafe,restaurant,,40.794225,-73.9400173
node,5832407897,Thai Select,restaurant,thai,40.754807,-73.9950154
node,5836731215,Supper,restaurant,italian,40.7228995,-73.9852816
node,5837218437,Between the Bread,restaurant,,40.7518739,-74.0052935
node,5837218439,La Colombe Coffee Roasters,cafe,coffee_shop,40.7515815,-74.0053292
node,5844606724,"""one star""",bar,,40.7444948,-73.9941795
node,5847402986,Balzem,bar,,40.7213037,-73.9954744
node,5849787600,Black Seed Bagels,cafe,bagel,40.7291067,-73.9839653
node,5849801770,Black Seed Bagels,cafe,bagel,40.7456636,-73.9884874
node,5849929497,Irving Farm Coffee Roasters,cafe,,40.7296596,-73.9987543
node,5852314821,Oren's Daily Roast,cafe,,40.8055083,-73.9653737
node,5852337187,Shinka ramen & sake bar,restaurant,japanese,40.7170503,-73.9950047
node,5852364693,Pick-A-Bagel,cafe,bagel,40.7718742,-73.9563636
node,5854108697,Dunkin',fast_food,donut;coffee_shop,40.717557,-74.0005298
node,5854119088,Jack's,fast_food,burger,40.8303571,-73.9724046
node,5855939724,La Pecora Bianca,restaurant,italian,40.7549287,-73.9682465
node,5856271836,McDonald's,fast_food,burger,40.73694,-73.9791955
node,5857677523,Gracie Mews Restaurant,restaurant,diner,40.7734398,-73.9516051
node,5857904387,The Mansion Restaurant,restaurant,diner,40.7759935,-73.9468405
node,5858916395,Dos Toros Taqueria,fast_food,mexican,40.7739313,-73.959453
node,5858931307,Dos Toros Taqueria,fast_food,mexican,40.7604539,-73.9782298
node,5858957558,Dos Toros Taqueria,fast_food,mexican,40.7336586,-73.9896862
node,5858968568,Dos Toros Taqueria,fast_food,mexican,40.7398357,-73.986375
node,5858972175,Dos Toros Taqueria,fast_food,mexican,40.7539442,-73.9744212
node,5858990356,Dos Toros Taqueria,fast_food,mexican,40.7540112,-73.9858173
node,5858992900,Dos Toros Taqueria,fast_food,mexican,40.7413456,-73.9937024
node,5859015295,Dos Toros Taqueria,fast_food,mexican,40.7568342,-73.9773589
node,5859028053,Dos Toros Taqueria,fast_food,mexican,40.7175299,-73.9578837
node,5859940717,Joe Coffee Company,cafe,coffee_shop,40.7720548,-73.9608314
node,5859955160,The Original Venice Restaurant,restaurant,italian,40.8127411,-73.9074547
node,5862744811,Joe Coffee Company,cafe,,40.7750206,-73.9803155
node,5866143628,Paul & Jimmy's Ristorante,restaurant,italian,40.7367294,-73.9873227
node,5866143629,Javelina,restaurant,tex-mex,40.7367842,-73.9874574
node,5867036817,Chipotle,fast_food,mexican,40.7759561,-73.9112143
node,5868596706,Birch Coffee,cafe,,40.7803846,-73.9533857
node,5868658667,Bagels & More,cafe,bagel,40.7807678,-73.9523027
node,5871106370,Chandni Restaurant,restaurant,,40.7459321,-73.9878023
node,5871114517,La Lanterna di Vittorio,restaurant,italian,40.7306519,-74.0000731
node,5873568860,Sfoglia,restaurant,italian,40.7834917,-73.9528749
node,5874439929,Cafe M Seneca,cafe,,40.7027119,-73.907272
node,5876444850,Le Pain Quotidien,cafe,coffee_shop,40.7465581,-73.9814145
node,5876966551,109 Pizzeria,fast_food,,40.793333,-73.9436206
node,5876977173,Dear Mama Coffee,cafe,,40.7922821,-73.9406837
node,5879671792,Budapest Café & Restaurant,restaurant,hungarian,40.7770924,-73.9525379
node,5879680238,Ethyl's Alcohol & Food,bar,,40.7770415,-73.9525966
node,5879976048,Supreme Eats Pizza & Pasta Corp,restaurant,pizza;italian,40.7892151,-73.9486629
node,5882076665,3 Decker Restaurant & Cafe,restaurant,diner,40.7808932,-73.949317
node,5883645807,Old Tbilisi Garden,restaurant,georgian,40.7288339,-74.0007577
node,5889477161,Astoria Tavern,bar,,40.7731772,-73.9114417
node,5889478638,Dunkin',fast_food,donut;coffee_shop,40.7479259,-73.985705
node,5889547501,Ninth Street Espresso,cafe,,40.7270509,-73.9801128
node,5891192633,Fields Good Chicken,restaurant,,40.7070134,-74.0069368
node,5891289418,McDonald's,fast_food,burger,40.757554,-73.989917
node,5891324852,Burger King,fast_food,burger,40.7579166,-73.9909951
node,5891429762,DD Soup Dumpling & Fuji Hibachi,restaurant,japanese;dumpling;chinese,40.757824,-73.9907567
node,5891688632,Gregory 26 Corner,restaurant,greek,40.7763423,-73.915912
node,5891689501,Rocky McBride's,bar,,40.7760481,-73.9150267
node,5891689506,Sandro's Latin Food,restaurant,colombian;ecuadorian,40.7760149,-73.9149847
node,5891690588,San Aroy,restaurant,thai,40.7748289,-73.9137828
node,5891690591,Telly's Tavern,restaurant,greek,40.7753199,-73.9140086
node,5896851985,Seven Grams Caffé,cafe,coffee_shop;cake,40.7273043,-74.0059691
node,5897652745,Kiki's,restaurant,greek,40.7145315,-73.9919097
node,5899626375,Clandestino,bar,,40.7147395,-73.9908755
node,5900010185,ESSEN - Fast Slow Food,fast_food,,40.7265969,-74.00541
node,5903046274,Nakamura,restaurant,japanese;ramen,40.717863,-73.9851883
node,5903115786,Papatzu Mexican Restaurant,restaurant,mexican,40.7222091,-74.0036238
node,5904850531,"Happy Express Cafe, Inc.",cafe,,40.7146071,-73.9924298
node,5906764089,,cafe,,40.751312,-73.9401037
node,5906811390,El Ancela,restaurant,,40.7709902,-73.9271641
node,5906816686,Checkers,fast_food,burger,40.7499251,-73.9395515
node,5906828486,Lic Grill,restaurant,indian,40.7555356,-73.9412153
node,5906840086,Chubby Burger,fast_food,,40.7720292,-73.9258604
node,5906840087,Oh! Bagels,cafe,,40.7554977,-73.9412472
node,5906843688,Subway,fast_food,sandwich,40.7554621,-73.941273
node,5906911085,Peppercorn Kitchen,restaurant,,40.7302029,-73.9940209
node,5907398054,The Supply House,restaurant,grill;american,40.7775557,-73.9522212
node,5907398185,Tiramisu,restaurant,italian;tuscan,40.7774392,-73.952309
node,5916553158,Fat Choy,restaurant,asian,40.7180934,-73.9897625
node,5916567906,Hotel Chantelle,restaurant,american,40.7184164,-73.9890541
node,5918030057,Limani,restaurant,seafood,40.7596918,-73.978275
node,5922862086,Junior's Deli,restaurant,,40.7611297,-73.9839743
node,5924114805,Café East,cafe,bubble_tea;pizza,40.8066955,-73.9638287
node,5924114807,Blue Java,cafe,,40.8067796,-73.9637662
node,5924114808,Blue Java,cafe,,40.8065269,-73.9631276
node,5925003683,Starbucks,cafe,coffee_shop,40.8071136,-73.9649082
node,5926890969,I O Cafe,restaurant,,40.7047502,-73.9023202
node,5932590518,Maggie Reilly's,bar,,40.7504683,-73.9982081
node,5932619925,Amor y Amargo,bar,,40.7257034,-73.9842602
node,5932754534,Le Pain Quotidien,cafe,coffee_shop,40.7792964,-73.9533764
node,5932979098,Rasa,restaurant,malaysian;thai;indonesian,40.7329128,-73.9976584
node,5934767188,East Season Restaurant House,restaurant,chinese,40.7180742,-74.0003269
node,5934793658,Nomad Cafe and Eatery,cafe,sandwich;bagel;breakfast,40.7040845,-73.901837
node,5934969264,Smile To Go,fast_food,breakfast;sandwich;salad,40.7195276,-74.0003689
node,5934969278,Soho Thai,restaurant,thai,40.7201707,-73.9995759
node,5937855588,Pitanga,cafe,health_food;sandwich;juice,40.7049815,-73.9234111
node,5937855594,Santa Salsa,fast_food,venezuelan,40.7055629,-73.922511
node,5938006749,Juke Bar,bar,,40.7062774,-73.9229865
node,5939542595,Joanne Trattoria,restaurant,italian,40.7745302,-73.9802971
node,5939555190,Francesco's Pizza,restaurant,pizza,40.775134,-73.9807023
node,5939555287,La Traviata Pizzeria,restaurant,pizza,40.7750501,-73.9808413
node,5939562686,Noi Due Carne,restaurant,,40.7761691,-73.9815274
node,5939562687,Noi Due Cafe,cafe,,40.7761994,-73.9815882
node,5939562688,Westside Restaurant,restaurant,,40.7763049,-73.9818443
node,5947869885,Dialogue,cafe,,40.7219208,-73.9887501
node,5950163185,Nish Nush,restaurant,mediterranean,40.715602,-74.0076362
node,5955435385,Shanghai Asian Cruisine,restaurant,chinese,40.7158894,-73.9972598
node,5956312861,Cafe Luna Astoria,restaurant,american;coffee_shop;sandwich;brunch;breakfast,40.7722369,-73.9291489
node,5957624985,The Bowery Beer Garden,bar,,40.7171233,-73.9952844
node,5960471088,Sushiya,restaurant,,40.76314,-73.976775
node,5962184849,Gertie,restaurant,coffee_shop;sandwich;american;regional,40.7124366,-73.9555551
node,5962563885,Best Pizza,restaurant,pizza,40.7156064,-73.9534877
node,5963034386,7 Grain Army,cafe,,40.7162589,-73.9554176
node,5963217485,Cerveceria Havemeyer,restaurant,mexican,40.7117455,-73.9573259
node,5970419085,Very Fresh Noodles,restaurant,,40.7421597,-74.0053901
node,5972697424,The Famous Jimbo's Hamburgers Palace,restaurant,,40.8035129,-73.9378803
node,5972697822,Dallas Chicken & Biscuits,fast_food,,40.8035481,-73.9378506
node,5978510489,Sushi West,restaurant,sushi;japanese,40.7353756,-74.00585
node,5978510502,Gotham Pizza,restaurant,pizza,40.7699155,-73.9517326
node,5978510504,Roma Pizza,restaurant,pizza,40.7630158,-73.9853514
node,5978556693,Colomba Coffee,cafe,coffee_shop,40.7715971,-73.9611763
node,5978556694,Sashimi Express II,restaurant,,40.7706984,-73.9584885
node,5978556699,London & Martin Co.,bar,,40.7039598,-74.0124974
node,5978556700,Flavors,cafe,,40.7035005,-74.0129805
node,5978556702,Pizza Etalia,restaurant,pizza,40.7048978,-74.0122892
node,5978556705,Gregory’s Coffee,cafe,,40.7061538,-74.0128132
node,5978556709,Italian Village Pizzeria & Restaurant,restaurant,pizza,40.7714871,-73.9531102
node,5978556710,Kobe Sushi,restaurant,japanese,40.7707529,-73.9506465
node,5978556714,Madison Bagel & Grill,cafe,bagel,40.711896,-74.0005122
node,5978556716,El Toro,restaurant,mexican,40.7056381,-74.012428
node,5978556721,Koyzina Kafe,cafe,,40.707216,-74.008596
node,5978556725,Open Kitchen,cafe,,40.7090861,-74.0070176
node,5978556730,Felice,restaurant,italian,40.7078356,-74.006959
node,5978556732,Variety Coffee,cafe,,40.711246,-74.0063142
node,5978556740,Vernon Grille,restaurant,,40.7435607,-73.9540049
node,5978556743,Yip’s,restaurant,,40.7048564,-74.0123904
node,5978556750,Cedar Local,bar,,40.7071162,-74.0081489
node,5978556751,The Baroness,bar,,40.7520777,-73.9405389
node,5978556757,Two Boots Pizza,restaurant,pizza,40.7169651,-73.9567286
node,5978556760,McDonald's,fast_food,burger,40.7094918,-74.0100706
node,5978556769,Cotter Barber,cafe,coffee_shop,40.7223584,-73.9501246
node,5978556770,Charlotte Patisserie,cafe,,40.7230585,-73.9502459
node,5978556771,Rosella’s Pizza,restaurant,pizza,40.71016,-74.0057517
node,5978556777,Fornino,restaurant,pizza,40.7289765,-73.95391
node,5978556807,Dante’s,cafe,,40.7102157,-74.0057019
node,5978557687,BentOn Cafe,cafe,japanese,40.7093091,-74.0068103
node,5978557699,Ainsworth,bar,,40.7102896,-74.0069766
node,5978557700,Nicola’s,restaurant,italian,40.7779571,-73.9562606
node,5978557988,Dunkin',fast_food,donut;coffee_shop,40.7037452,-74.0117645
node,5978557989,Just Salad,fast_food,salad,40.7036415,-74.0117897
node,5978557992,Grotto Pizza,restaurant,pizza,40.7057086,-74.0123861
node,5978557997,Lazzaro,cafe,,40.7095297,-74.0119738
node,5978557998,Hank’s Pizza,cafe,pizza,40.7094109,-74.0120305
node,5978558001,Starbucks,cafe,coffee_shop,40.7083708,-74.0074301
node,5978558008,Pita Press,cafe,greek,40.7070318,-74.0080353
node,5978558013,Xi'an Famous Foods,fast_food,chinese,40.7091773,-74.0093052
node,5978558017,Pronto Pizza,fast_food,pizza,40.7098419,-74.01228
node,5978558885,Gina La Fornina,restaurant,,40.7840338,-73.9567964
node,5978558886,Manon Cafe,cafe,,40.7082492,-74.0101892
node,5978561187,The Abbey,restaurant,,40.7174628,-73.95617
node,5978561188,Fushimi,restaurant,sushi;japanese,40.718719,-73.9544582
node,5978745697,Nish Nush,restaurant,mediterranean,40.7093537,-74.008
node,5978745702,Burger King,fast_food,burger,40.7905139,-73.9456581
node,5978745705,KFC,fast_food,chicken,40.7914975,-73.9449706
node,5978745715,Kesté Pizza e Vino,restaurant,pizza,40.7091806,-74.004849
node,5978745721,Himalayan Curry House,restaurant,indian,40.8026396,-73.9671313
node,5978745723,Picnic by The Black Parrot,restaurant,,40.8004252,-73.9652605
node,5978792101,Salt+Charcoal,restaurant,japanese;steak_house,40.7146299,-73.9613291
node,5978792115,Pret A Manger,fast_food,sandwich,40.7101018,-74.0099231
node,5978792116,Sons of Thunder,cafe,,40.7073322,-74.0059333
node,5978792119,Fu Wing,fast_food,chinese,40.7921977,-73.9457591
node,5978792125,Madame Vo,restaurant,vietnamese,40.729344,-73.9860416
node,5978792493,Domino's,fast_food,pizza,40.7937545,-73.9428375
node,5978792495,Piatto d’Oro,restaurant,italian,40.7918405,-73.9390061
node,5978792508,Pinkerton,bar,,40.7148899,-73.9542821
node,5978792512,10 Corso Como Cafe,restaurant,,40.7070691,-74.002825
node,5978792516,Della's,restaurant,,40.7147978,-74.009995
node,5978792890,Tres Coronas,bar,,40.7448033,-73.9107459
node,5978792897,Armada,bar,,40.7179442,-73.9902067
node,5978795186,Da Claudio,restaurant,italian,40.7108219,-74.0076301
node,5978795487,La Mia Pizza,restaurant,pizza,40.7743846,-73.9509533
node,5978795488,Café 52,cafe,,40.7443569,-73.9125569
node,5978795489,52nd Sushi,restaurant,,40.7445824,-73.9116352
node,5978795490,Checkers,fast_food,burger,40.7088661,-73.9586271
node,5978832686,Ju-Go Juice Bar,cafe,,40.7444812,-73.9125355
node,5978837386,Starbucks,cafe,coffee_shop,40.7234561,-73.9514323
node,5978837391,Setagaya,restaurant,ramen,40.7147818,-73.9611571
node,5978837392,Healthy Way Market,restaurant,,40.7147436,-73.9608457
node,5978837396,Wingstop,fast_food,wings,40.7084968,-73.958569
node,5978837398,Tajin,restaurant,mexican,40.7077341,-74.0135393
node,5978837401,NYC Falafel Co.,fast_food,middle_eastern,40.7224746,-73.9891072
node,5978868291,Dunkin’s Donuts,fast_food,donut;coffee_shop,40.7928695,-73.9439951
node,5978868292,Papa John's,fast_food,pizza,40.7915205,-73.9389069
node,5978868293,La Nostra,restaurant,pizza,40.7932055,-73.9403004
node,5978868385,Famous Famiglia Pizzeria,fast_food,pizza,40.7878623,-73.9538985
node,5978870985,Dreamer’s Pizza,restaurant,pizza,40.7892557,-73.946623
node,5978873885,The Inkan,restaurant,peruvian,40.7468469,-73.9455032
node,5980089186,La Parisienne,restaurant,coffee_shop;cafe;sandwich,40.709609,-74.0093344
node,5980592885,$1.50 Fresh Pizza,fast_food,,40.7646117,-73.9824665
node,5981262800,Burger King,fast_food,burger,40.8034524,-73.9357042
node,5981350385,Sugar Factory,restaurant,,40.7404403,-74.0076639
node,5983797885,OBAO,restaurant,asian,40.7571908,-73.9685241
node,5983984047,El Vez,restaurant,mexican,40.7147631,-74.0156301
node,5983989122,Le Pain Quotidien,cafe,coffee_shop,40.7113076,-74.016162
node,5984008357,Miramar,restaurant,seafood,40.7079986,-74.0179927
node,5984058502,Hilltop Perk,fast_food,asian,40.8443009,-73.9424306
node,5984378186,The Heights Bar & Grill,restaurant,,40.805184,-73.9664024
node,5984409285,Badshah,restaurant,,40.7648841,-73.9876636
node,5984431287,Wokuni,restaurant,japanese;seafood,40.7492545,-73.9774425
node,5984435987,Friki Tiki,bar,,40.7597133,-73.9913358
node,5984450685,Amelie Wine Bar,restaurant,,40.7887162,-73.9744949
node,5985141785,Mezeh Mediterranean Grill,restaurant,mediterranean,40.7389158,-73.9896744
node,5985763486,Starbucks,cafe,coffee_shop,40.758148,-73.9824848
node,5985838985,Starbucks,cafe,coffee_shop,40.7596521,-73.9852254
node,5986770785,Saint Tropez Wine Bar,restaurant,,40.7370507,-74.0038711
node,5987826185,Adda,restaurant,indian,40.7268139,-73.9861401
node,5987843785,Pinch Chinese,restaurant,chinese,40.7263749,-74.0018624
node,5987859685,The Wayland,restaurant,american,40.7251343,-73.9779025
node,5987980586,Los Tacos No.1,fast_food,mexican,40.7574218,-73.9878145
node,5987980588,Lava,fast_food,middle_eastern,40.7195941,-73.9849333
node,5994163585,Dutch Kills,bar,,40.7477058,-73.9402242
node,5994163586,The Shanty,bar,,40.7185593,-73.9486682
node,5994163587,Little Branch,bar,,40.7301156,-74.0050252
node,5994541085,Sun Hing Lung Co,fast_food,,40.7128526,-73.9950956
node,5994541185,DokoDemo,restaurant,japanese,40.7264163,-73.9897056
node,5994548785,L’industrie pizzeria,fast_food,pizza,40.7115764,-73.9578034
node,5994557885,A-Pou’s Taste,restaurant,chinese,40.7132054,-73.9361207
node,5994570785,Taco Mahal,restaurant,indian,40.7322928,-74.0033379
node,6001361798,Le Pain Quotidien,cafe,coffee_shop,40.7154345,-74.01633
node,6001364870,Seamores,restaurant,seafood,40.7141819,-74.0154644
node,6001617585,Mixteca,bar,,40.7318504,-74.001369
node,6002923285,3 Dollar Bill,bar,tacos;burger;burrito;nachos,40.7084122,-73.9381164
node,6003316900,Taco Bell,fast_food,tex-mex,40.8595598,-73.971393
node,6004765085,City of Saints Coffee Roasters,cafe,,40.7088941,-73.9360587
node,6006036285,Bus Stop Cafe,restaurant,american;breakfast;burger;salad,40.7370158,-74.0059509
node,6006060909,Cava,restaurant,mediterranean,40.7791537,-73.9535112
node,6006276987,Maman,cafe,coffee_shop;pastry;sandwich,40.7202413,-73.9983154
node,6006276988,Maman,cafe,,40.7433245,-73.9901642
node,6006289990,Bakeri,cafe,coffee_shop;breakfast;sandwich;pastry,40.7343048,-73.9575298
node,6006320286,Moka Matcha,cafe,coffee_shop,40.7544586,-73.9764655
node,6007303592,Hoa Cafe,restaurant,asian,40.7486997,-73.9957832
node,6008970685,Masseria Caffe & Bakery,cafe,,40.7606732,-73.985793
node,6008979885,St Kilda Coffee,cafe,,40.7589838,-73.9901759
node,6010185999,The Park Cafe,cafe,,40.7853986,-74.0085852
node,6010238022,Dairy Queen,fast_food,ice_cream;burger,40.8326836,-74.0097585
node,6013503383,Hangawi,restaurant,korean,40.7466917,-73.9846896
node,6014692936,Kurant,restaurant,,40.759747,-73.9652954
node,6018127885,Bamonte's,restaurant,italian,40.7166443,-73.9512196
node,6020011159,KFC,fast_food,chicken,40.7629027,-73.9160154
node,6020091159,Blarney Stone,restaurant,irish,40.7065551,-74.0136373
node,6023478828,Bombay Grill House,restaurant,indian,40.7641853,-73.988146
node,6023967288,Subway,fast_food,sandwich,40.7141043,-73.9014453
node,6026088130,Matto Espresso,cafe,coffee_shop,40.7430002,-73.9966979
node,6030389800,Robusta Espresso Bar,cafe,coffee_shop;sandwich;soup,40.7572238,-73.9807255
node,6030861392,Double Down Saloon,bar,,40.7225821,-73.985875
node,6032479080,El Cantinero,restaurant,mexican,40.7336295,-73.9932341
node,6037057833,Club Lambda BK,bar,,40.7137492,-73.9339734
node,6037257725,Vittoria,cafe,coffee_shop,40.7183032,-73.9573744
node,6040235138,Grand Banks,restaurant,seafood,40.7202788,-74.0159252
node,6044339377,Kaigo Coffee Room,cafe,coffee_shop,40.7186713,-74.0005149
node,6045033660,Marinara Pizza,fast_food,pizza,40.7826175,-73.9535049
node,6045304933,Kelly's Sports Bar,bar,,40.7615931,-73.9634044
node,6046944585,Sd,restaurant,,40.7639563,-73.9883317
node,6047027643,McDonald's,fast_food,burger,40.8198106,-73.9270452
node,6050149079,Newtown,restaurant,mediterranean,40.7091248,-73.9371954
node,6051280588,Naruto Ramen,restaurant,japanese,40.7811481,-73.9525139
node,6051473585,Stone Street Tavern,restaurant,,40.7042777,-74.010273
node,6052834496,Macri Park,bar,,40.7143043,-73.9514899
node,6052834893,Jasmine's,restaurant,,40.7609547,-73.9902635
node,6053002884,Koo Thai,restaurant,thai,40.7801715,-73.9467438
node,6053070785,Soba Noodle Azuma,restaurant,japanese,40.7652737,-73.9832071
node,6053181185,Pasta Wiz,restaurant,,40.7164167,-73.9647019
node,6053182486,Upstate,restaurant,seafood,40.7263208,-73.986456
node,6053192785,Much Obliged,bar,tapas,40.7229202,-73.9829225
node,6053220685,Empire Diner,restaurant,american,40.7471834,-74.0043111
node,6053253585,Top Thai Greenwich,restaurant,asian;thai,40.7297907,-73.9994469
node,6053282586,North Dumpling,restaurant,chinese,40.7158165,-73.9897834
node,6053407685,Toasties,restaurant,deli,40.7599574,-73.9831315
node,6053487985,Ben's Delicatessen,restaurant,deli,40.7539008,-73.9892603
node,6053537386,Boqueria Spanish Tapas,restaurant,tapas,40.7402954,-73.9937183
node,6053555793,Veniero's Pasticceria & Caffé,cafe,pastry;coffee_shop,40.7294715,-73.9844822
node,6053876585,Congee Village,restaurant,chinese,40.7187155,-73.9903472
node,6055311151,Conmigo,restaurant,mexican,40.7883648,-73.9535158
node,6058065730,Boston Market,fast_food,american;chicken,40.8155576,-73.9158738
node,6058065732,Dunkin',fast_food,donut;coffee_shop,40.8154616,-73.915769
node,6058065757,Burger King,fast_food,burger,40.8150988,-73.9144194
node,6058065758,Dunkin',fast_food,donut;coffee_shop,40.818771,-73.9275216
node,6059038904,Wonder Pho,restaurant,vietnamese,40.7785992,-73.9478668
node,6061789674,2nd Av Pizza,fast_food,pizza,40.7409183,-73.9789234
node,6061800022,Orion Diner & Grill,restaurant,diner,40.7377882,-73.9811952
node,6064019621,Popeyes,fast_food,chicken,40.8191708,-73.9272525
node,6064019622,Burger King,fast_food,burger,40.819115,-73.9272752
node,6064400688,Udon Lab,restaurant,japanese,40.7480981,-73.9874846
node,6064439285,The Kunjip,restaurant,korean,40.7477457,-73.9871706
node,6064439585,New Wonjo,restaurant,korean,40.7477885,-73.9867366
node,6064442885,Addictive NYC,restaurant,mediterranean,40.7565516,-73.9799617
node,6066607540,Juice Press,fast_food,juice,40.7412013,-73.9905143
node,6066762932,Applejack Diner,restaurant,diner,40.7646805,-73.9824427
node,6067214134,Le Café Coffee,cafe,,40.7541518,-73.9861387
node,6067527908,Las Margaritas Sunset,restaurant,mexican,40.7176793,-73.9450625
node,6068979466,Starbucks,cafe,coffee_shop,40.7603546,-73.9611323
node,6068987529,99¢ Fresh Pizza,fast_food,,40.7546586,-73.9874094
node,6068993408,Pheasant,restaurant,,40.7185124,-73.9451974
node,6068993409,Tom & Joan's Whiskey Bar,bar,,40.7182433,-73.9451454
node,6068993414,Florentina's,restaurant,mexican,40.7186788,-73.9449333
node,6069013277,99¢ Fresh Pizza,fast_food,,40.7581569,-73.9924082
node,6069090669,$1.50 Fresh Pizza,fast_food,,40.7537385,-73.9742067
node,6069467945,Chipotle,fast_food,mexican,40.7364858,-73.9972213
node,6069470119,Slice & Co Pizza,fast_food,,40.7373013,-73.9971115
node,6070911185,David's Bagels,fast_food,bagel;breakfast;sandwich,40.7325039,-73.9819747
node,6071389285,La Cocina De Mama,restaurant,dominican;chicken;salad;seafood;steak,40.7130456,-73.9065211
node,6071416266,El Alto,restaurant,mexican,40.7129947,-73.9052543
node,6071485490,Birch Coffee,cafe,,40.7681491,-73.9853167
node,6071549934,Burger Joint,fast_food,burger,40.7642601,-73.9785941
node,6071905708,El Chevere Cuchifritos,restaurant,caribbean,40.7940663,-73.9430902
node,6073872369,Dunkin',fast_food,donut;coffee_shop,40.7127391,-73.9068471
node,6073872634,Sebastian's Cafe,cafe,,40.7131587,-73.9087002
node,6074315900,Birch Coffee,cafe,,40.7108654,-74.0059234
node,6074574908,$1.50 Fresh Pizza,fast_food,pizza,40.7264182,-73.9894893
node,6077947286,Morning Star Cafe,restaurant,diner,40.7552034,-73.9685534
node,6086423444,Shalom Japan,restaurant,japanese;jewish,40.7092035,-73.9558364
node,6088743385,Royal Seafood,restaurant,chinese,40.7173582,-73.997581
node,6093646105,Pret A Manger,fast_food,sandwich,40.7541607,-73.9848539
node,6097103250,Little Caesars,fast_food,pizza,40.8443417,-73.9151048
node,6104250725,Heytea,cafe,bubble_tea,40.7535315,-73.9874051
node,6109290986,Hunan Slurp,restaurant,chinese,40.7267171,-73.9856982
node,6109307685,Unique Omakase,restaurant,sushi,40.7270696,-73.9854654
node,6109352286,Twilight Lounge,restaurant,chinese,40.7266682,-73.9857438
node,6109932937,Rebel Coffee,cafe,,40.7378288,-74.0047228
node,6110126636,Turks and Frogs,restaurant,turkish,40.7357449,-74.0073406
node,6110162467,Orient Express,bar,,40.735738,-74.0074526
node,6110220409,Pic Up Stix,restaurant,chinese,40.7825365,-73.9535711
node,6110828687,Tin Wong,restaurant,chinese,40.7174266,-73.9961333
node,6110870385,Mango Mango,cafe,asian;dessert,40.7153768,-73.9980301
node,6110907588,Mango Mango Dessert,cafe,asian;dessert,40.7291946,-73.9886324
node,6110940186,Yaya Tea,cafe,bubble_tea;japanese,40.7191116,-73.9963326
node,6112597817,RedFarm,restaurant,chinese,40.7341879,-74.0064162
node,6112610009,Sobre Masa,restaurant,mexican,40.7063356,-73.9313613
node,6119467321,Aria West Village,restaurant,italian,40.7351369,-74.00673
node,6119467431,Left Bank,restaurant,american,40.7351393,-74.0067873
node,6119467432,The Otheroom,bar,,40.7349434,-74.0080378
node,6121777877,Upholstery Store: Food and Wine,restaurant,seafood,40.7352507,-74.0082526
node,6121777878,Wallsé,restaurant,austrian,40.7354186,-74.0082138
node,6121853241,Shake Shack,fast_food,burger,40.7106146,-74.0090139
node,6122271185,Zest Sushi,restaurant,sushi,40.717926,-73.989878
node,6124318002,Pho Thanh Hoai,restaurant,vietnamese;rice_noodle,40.7162381,-73.9992609
node,6124372218,Jolly Goat Coffee,cafe,coffee_shop,40.7632811,-73.9939987
node,6125305149,Cilantro Club,cafe,coffee_shop;sandwich,40.7003011,-73.9293438
node,6125413922,Burger One,restaurant,diner,40.775402,-73.9587626
node,6125536239,99 Cents Fresh Pizza & Deli,fast_food,,40.7479047,-73.9889195
node,6126008888,Yours Sincerely,bar,,40.7028281,-73.929185
node,6126008889,Gold Sounds Bar,bar,,40.7027061,-73.9295401
node,6126009713,Clara's,bar,burger,40.7025745,-73.9287202
node,6126745231,Fine Time,bar,,40.700717,-73.9300935
node,6127400954,Millie’s Cuban Café,restaurant,cuban,40.700436,-73.9249689
node,6127401069,Brooklyn Kava,bar,,40.7003984,-73.9255802
node,6127401335,Tres Marias,restaurant,mexican;tacos,40.7004609,-73.9255609
node,6127408828,Shen Zhou,fast_food,chinese;sushi,40.7002505,-73.9246854
node,6127449695,The Wheelhouse,restaurant,sandwich,40.7000438,-73.9242916
node,6127452092,El Sol De Cholula,restaurant,mexican,40.7002211,-73.9246127
node,6139494134,Porchlight,restaurant,american;southern,40.7520063,-74.0049953
node,6139559484,Bathtub Gin,bar,american;continental;brunch,40.7435663,-74.0031566
node,6139560285,Stone Street Coffee Company,cafe,,40.7435856,-74.0032089
node,6139560286,Stella’s Pizza,fast_food,pizza,40.7429716,-74.0036553
node,6139645147,Tequila Chito's,restaurant,mexican,40.7461064,-74.0008419
node,6141565385,Amami,restaurant,japanese;sushi,40.7234589,-73.9520947
node,6142309885,Indochine,restaurant,vietnamese,40.7292596,-73.99246
node,6142321585,Sigiri Sri Lankan Restaurant,restaurant,asian;indian,40.7262145,-73.986534
node,6157219531,Tailor Public House,bar,,40.7531008,-73.9930272
node,6157219597,Patron,restaurant,mexican,40.7592579,-73.9918074
node,6163748697,The Wren,restaurant,american;pub;brunch,40.7262691,-73.9920866
node,6165189267,Chick-fil-A,fast_food,chicken,40.7574015,-73.9819995
node,6165202887,Chick-fil-A,fast_food,chicken,40.7525361,-73.9790574
node,6165206350,Chick-fil-A,fast_food,chicken,40.7650203,-73.983827
node,6166299441,Chick-fil-A,fast_food,chicken,40.7104837,-74.008512
node,6167135401,Sheero,cafe,,40.8471534,-73.9982318
node,6167135402,Mama Chicken,restaurant,,40.8472522,-73.9981584
node,6167135403,Bunsiknara,restaurant,,40.8473298,-73.9981335
node,6167135407,Bomul Island,restaurant,korean,40.8477383,-73.9977588
node,6167135408,Chinese Restaurant,restaurant,chinese,40.8478609,-73.9976918
node,6167330319,La Esquina Chapina,restaurant,,40.8433639,-74.0013836
node,6167330327,Abiko Curry,restaurant,,40.844282,-74.0003061
node,6167330335,Tofu & Noodles,restaurant,noodle,40.8453713,-73.9999413
node,6167330336,,restaurant,vietnamese,40.8454289,-73.9998868
node,6167330343,Cap Udon,restaurant,,40.8457093,-73.999265
node,6167330345,Tospia,restaurant,,40.8460184,-73.9994827
node,6168774285,4 Charles Prime Rib,restaurant,,40.7351585,-74.0006431
node,6168816885,Upland,restaurant,,40.7418061,-73.9846404
node,6169401685,Vin sur Vingt,cafe,french,40.7757422,-73.9897532
node,6171412797,10th Avenue Pizza & Cafe,restaurant,pizza,40.7487521,-74.0031663
node,6171872892,Boss,bar,,40.8462578,-73.9994425
node,6171872893,Cafe Leah,cafe,,40.8464697,-73.9991697
node,6171872894,Mr. Burger,fast_food,,40.8463265,-73.9995353
node,6171872900,So Moon Nan Jip,restaurant,korean,40.8465876,-73.9985759
node,6171872901,Crown,restaurant,,40.8469147,-73.9988134
node,6171872964,Pizzamaru,restaurant,pizza;korean,40.8485502,-73.9971542
node,6171872966,Catering House/Dumpling House,restaurant,,40.8486847,-73.9971028
node,6171872978,Totowah,restaurant,,40.849447,-73.9970527
node,6171873491,Donna's,restaurant,pizza,40.849964,-73.9961382
node,6173403985,,restaurant,japanese,40.7573506,-73.9702706
node,6174050007,Jacques Brasserie,restaurant,french,40.7778783,-73.9541391
node,6174369085,Tiny’s and The Bar Upstairs,restaurant,,40.7168221,-74.0080094
node,6174373286,Sanctuary T,cafe,,40.7224336,-74.0034695
node,6174670657,"""U"" Like",fast_food,chinese,40.8674322,-73.9215066
node,6178461392,The Little Beet,restaurant,,40.7503146,-73.9917756
node,6178461393,Pat LaFrieda Meat Purveyors,restaurant,steak;sandwich,40.7502973,-73.991726
node,6178461394,The Pennsy Bar,bar,,40.7503212,-73.9917437
node,6178461399,Ribalta,restaurant,pizza,40.7503054,-73.9917525
node,6178461400,Sabi Sushi,restaurant,sushi,40.7503324,-73.9918249
node,6179753683,Taïm,restaurant,mediterranean,40.7078003,-74.0077463
node,6179821278,CoCo Fresh Tea & Juice,cafe,bubble_tea,40.7099202,-74.0091218
node,6182605480,Vera Cruz,restaurant,mexican,40.7173677,-73.9580295
node,6184111793,Thai Villa,restaurant,thai,40.7389809,-73.9907059
node,6184945674,2 Bros Pizza,fast_food,pizza,40.7287607,-73.9883895
node,6185054327,Sticky's The Finger Joint,fast_food,chicken;sandwich,40.7092935,-74.0089886
node,6185296504,Bagels & Schmear,fast_food,bagel,40.7428556,-73.983222
node,6187464284,Dot’s Cafe,cafe,american,40.766411,-73.991661
node,6191339187,duckduck,bar,,40.707503,-73.9427869
node,6201492297,Joe & The Juice,cafe,coffee_shop,40.7627635,-73.9779699
node,6201492492,Randolph's Bar & Lounge,bar,,40.7624567,-73.9783185
node,6206430650,Gnocchi on 9th,fast_food,italian,40.7289116,-73.9863304
node,6206434889,New Mizu Sushi,fast_food,sushi,40.7282747,-73.985326
node,6206438191,The Immigrant,bar,,40.7285237,-73.9854028
node,6206442504,Cabin on 9th,cafe,,40.7288312,-73.9866503
node,6206445239,Baya Bar,fast_food,health_food;juice,40.7474743,-73.9736931
node,6206584785,Banter,cafe,,40.7278638,-74.001067
node,6206630769,San Babila,restaurant,italian,40.7684737,-73.9588271
node,6206633382,Jumbo Bagels,fast_food,bagel;breakfast;sandwich,40.7587562,-73.9654652
node,6206634710,Dunkin',fast_food,donut;coffee_shop,40.7597673,-73.9651804
node,6206635060,Mee's Noodle,restaurant,noodle,40.7544604,-73.9685958
node,6206635061,Mimi's Piano Bar,restaurant,italian,40.7561485,-73.9673746
node,6206637801,Margari Pizza,fast_food,pizza,40.7588099,-73.9654294
node,6206640245,B&B Bagels,cafe,,40.7632916,-73.9626295
node,6206645059,Green Kitchen,restaurant,,40.7767393,-73.9527941
node,6206645850,Joju,restaurant,vietnamese,40.7761403,-73.9532229
node,6206711584,El Paso,restaurant,mexican,40.7952819,-73.9452985
node,6206712391,Raspberry Deli & Grocery,cafe,sandwich,40.7928702,-73.9410205
node,6206834487,Da Nico,restaurant,italian,40.7196752,-73.9970458
node,6206842885,Jose Luis,restaurant,italian,40.7176717,-73.9983849
node,6207774942,Dig,fast_food,regional,40.7237755,-73.9969179
node,6209861993,Maz Mescal,restaurant,mexican,40.7774087,-73.9510298
node,6209895325,Sandro's,restaurant,italian,40.7773212,-73.9508445
node,6211849520,Claudia's,restaurant,guatemalan;brunch,40.7135511,-73.9412857
node,6213783610,Wendy's,fast_food,burger,40.7267453,-73.9954511
node,6216923972,Ajisai,restaurant,japanese;fish;sushi,40.7637974,-73.9668355
node,6216923973,August,restaurant,american,40.7636984,-73.9669147
node,6216927488,Gina Mexicana,restaurant,mexican,40.7633888,-73.9667985
node,6217347883,Dunkin',fast_food,donut;coffee_shop,40.7664681,-73.9652594
node,6217348319,Panda Bubble Tea,cafe,,40.7657733,-73.9657807
node,6217350508,Famous Original Ray's Pizza,fast_food,pizza,40.7643097,-73.9664864
node,6217351141,Korean Express,restaurant,korean,40.7642222,-73.9665468
node,6218981269,Sweets Bakery,cafe,,40.71729,-73.9996503
node,6218981270,Thai Son,restaurant,vietnamese,40.7168178,-73.9996119
node,6219132402,The Pie Guy Pizza,restaurant,pizza,40.7166527,-73.9997447
node,6219132403,Bayard Sushi,restaurant,sushi,40.7156845,-73.9988884
node,6219132404,Appethaize,restaurant,thai,40.7163269,-73.9999364
node,6219538439,Bocaditos Bistro,restaurant,latin_american;caribbean,40.8668683,-73.9239764
node,6221183785,Nutella café,cafe,,40.7347592,-73.9925643
node,6222019581,Yummy City,fast_food,chinese,40.7880075,-73.9491833
node,6222075595,W4 Noodle House,restaurant,chinese,40.7313519,-74.0004653
node,6222189346,Von,bar,,40.7254448,-73.9926303
node,6222190782,C as in Charlie,restaurant,korean,40.7254629,-73.9927069
node,6222318519,Vol de Nuit,bar,,40.7314218,-74.0006056
node,6223911885,Victor’s Café,restaurant,,40.7629409,-73.984028
node,6228048387,Fumo,restaurant,italian;pizza;brunch,40.742602,-73.9801487
node,6228150877,caffé bene,cafe,dessert,40.748044,-73.9873353
node,6228622528,Kaia Wine Bar,restaurant,south_african,40.7818145,-73.9520354
node,6230652173,Fei Ma,fast_food,chinese,40.7250839,-73.9844183
node,6230656614,Juicy Lucy,cafe,,40.7252668,-73.984294
node,6230656975,$1.50 Pizza,fast_food,pizza,40.7253961,-73.9841839
node,6230657023,Sing Sing,bar,,40.7251191,-73.9843896
node,6230657923,Takahachi,restaurant,japanese,40.7252898,-73.984266
node,6231238816,Paris Baguette,cafe,,40.7473548,-73.9862282
node,6231480473,Food King,restaurant,chinese,40.7117283,-73.9940837
node,6231491545,,restaurant,spanish,40.7117182,-73.9967192
node,6231491546,LianJiangDongDai INC,restaurant,chinese,40.711788,-73.9967369
node,6231491547,Shun Wei,fast_food,chinese,40.7118563,-73.9967572
node,6231491557,A2Z Dominican,cafe,donut;coffee,40.7119876,-73.9945141
node,6231502058,Phở Gà Vàng,restaurant,vietnamese,40.7127475,-73.9942698
node,6231502060,Golden Diner,restaurant,chinese,40.7124474,-73.9942216
node,6231514598,,restaurant,,40.71321,-73.99082
node,6231514602,12 Corners,cafe,coffee_shop,40.7138584,-73.990386
node,6231514605,Ming's Cafe,restaurant,chinese,40.7143291,-73.9904108
node,6231529909,Jajaja Plantas Mexicanas,restaurant,mexican,40.714283,-73.9903859
node,6231529910,Cheong Fun Cart on Rutgers,fast_food,chinese,40.7139326,-73.9900802
node,6231529911,Wu's Wonton King,restaurant,chinese,40.7139189,-73.989957
node,6231529913,169 Bar,bar,,40.7139326,-73.9897603
node,6231541014,Forgtmenot,restaurant,mediterranean,40.7146073,-73.9913792
node,6231541017,Bacaro,restaurant,italian,40.7145454,-73.9914975
node,6233725908,Set L.E.S,restaurant,asian,40.7198803,-73.9885811
node,6233725911,Izakaya Juraku,restaurant,japanese,40.7196705,-73.9886785
node,6233725914,Mehanata Bulgarian Bar,bar,,40.7194846,-73.9888709
node,6233725915,Kuma Inn,restaurant,filipino;thai,40.719468,-73.9888217
node,6233725916,Los Feliz,restaurant,mexican,40.719392,-73.9888436
node,6233803804,375° Chicken 'n Fries,fast_food,chicken,40.7196774,-73.9884415
node,6233803805,Caffè Vita,cafe,coffee_shop,40.7197029,-73.9884286
node,6233803807,Pretty Ricky's,bar,,40.7199647,-73.9882898
node,6233954065,Max Fish,bar,,40.7194025,-73.9894514
node,6233954069,Contra,restaurant,american,40.7199157,-73.9891737
node,6233954071,Wildair,restaurant,american,40.7200045,-73.9891428
node,6233979172,Theatre Row Diner,restaurant,diner,40.7587807,-73.9938672
node,6233982619,Chez Josephine,restaurant,french,40.758598,-73.9934953
node,6233982654,West Bank Cafe,restaurant,,40.7587872,-73.9930533
node,6233985512,Chirping Chicken,fast_food,chicken,40.7588675,-73.9925294
node,6233991635,Turkish Cuisine,restaurant,turkish,40.7600863,-73.9916414
node,6233991645,Obao,restaurant,thai;vietnamese,40.7606269,-73.9912736
node,6233992412,Mari,restaurant,korean,40.7615248,-73.9906111
node,6233995698,Lilly's,restaurant,,40.7613761,-73.9906947
node,6233995772,Mom's Kitchen & Bar,restaurant,american;diner,40.7624142,-73.9899588
node,6233999017,Gazalas,restaurant,turkish,40.7626427,-73.9897868
node,6233999093,IPizzaNY,fast_food,pizza,40.7625938,-73.9898265
node,6234654089,5 Bar Karaoke Lounge,bar,,40.7477867,-73.9874231
node,6236928052,Antler Beer & Wine Dispensary,bar,,40.7198154,-73.9903628
node,6236928056,Joey Bats Café,cafe,coffee_shop,40.7200481,-73.9902485
node,6236943852,Sushi King,restaurant,sushi,40.7208864,-73.9898054
node,6236943854,Copper & Oak,bar,,40.7210247,-73.9897308
node,6236943855,Ms. Yoo,restaurant,korean,40.7211839,-73.9896938
node,6237222967,Omakase Shihou,restaurant,,40.775369,-73.9533215
node,6237270525,my pie Pizzeria Romana,fast_food,,40.7606542,-73.969513
node,6237394819,New Sunny East 88,restaurant,chinese,40.777924,-73.9483586
node,6237469173,Up Thai,restaurant,thai,40.7698909,-73.9577946
node,6237520255,Bangklyn East Harlem,restaurant,thai,40.7902533,-73.9429411
node,6237581035,Thai Peppercorn,fast_food,thai,40.7882101,-73.9536309
node,6237598299,Zabb PuTawn,restaurant,thai,40.7745221,-73.9508675
node,6240316486,parma Nuova,restaurant,italian,40.7748819,-73.9571029
node,6242162275,The Less Dead,bar,,40.7131206,-73.9365744
node,6244721154,Hale and Hearty Soups,cafe,sandwich;soup;salad,40.765555,-73.9655855
node,6248588890,Oslo Coffee,cafe,,40.7146755,-73.9566512
node,6248967379,Krispy Kreme,fast_food,donut,40.7794108,-73.9558383
node,6249882586,Chipotle,fast_food,mexican,40.7593045,-73.9825453
node,6250062022,Variety Coffee Roasters,cafe,coffee_shop,40.7788421,-73.9558617
node,6250063179,Hing Wong Chinese Restaurant,restaurant,,40.8485854,-73.9163628
node,6250176401,Variety Coffee Roasters,cafe,coffee_shop,40.745206,-73.9946116
node,6250764200,Happy Garden Palace,restaurant,chinese,40.7137479,-73.99549
node,6250836566,Dunkin',fast_food,donut;coffee_shop,40.7704002,-73.9180037
node,6252179316,Saluggi's,restaurant,italian,40.7201178,-74.0036225
node,6253978434,Rose Gold Cocktail Lounge,bar,,40.7072158,-73.9319875
node,6256357476,Wonder,fast_food,fried_chicken;pizza,40.7990617,-73.9521933
node,6258099099,Añejo Tribeca,restaurant,,40.7193126,-74.0042535
node,6258331006,Westville,restaurant,american,40.7018224,-73.9895039
node,6259694363,ViVi Bubble Tea,cafe,,40.7151944,-73.9975111
node,6259730842,ViVi Bubble Tea,cafe,,40.7438479,-73.9954656
node,6259767847,Gong Cha,cafe,bubble_tea,40.7474567,-73.9865203
node,6259787768,Gong Cha,cafe,bubble_tea,40.7156257,-73.9982259
node,6260059211,ViVi Bubble Tea,cafe,,40.7136566,-73.9974429
node,6260632696,Mille-Feuille Bakery Cafe,cafe,,40.7823302,-73.9811871
node,6260877963,Young Xinjiang BBQ Cart,restaurant,chinese,40.7136196,-73.993807
node,6260877964,Xing Wong BBQ,restaurant,chinese,40.7136265,-73.9937134
node,6260877968,New Wong,restaurant,chinese,40.7136792,-73.9931769
node,6260877969,Lan Zhou Ramen 107,restaurant,ramen;chinese,40.7136866,-73.9930117
node,6261876005,Sun Sai Gai Restaurant,restaurant,chinese,40.717196,-73.9993781
node,6264476981,Gong Cha,cafe,bubble_tea,40.7105042,-74.0091441
node,6270577093,JuicCToo,fast_food,juice,40.7927768,-73.9503007
node,6270644226,Starbucks,cafe,coffee_shop,40.7906349,-73.9519553
node,6270647902,Dunkin',fast_food,donut;coffee_shop,40.7877616,-73.9536057
node,6270649485,Starbucks,cafe,coffee_shop,40.7871321,-73.9544023
node,6270650093,Pascalou,restaurant,french,40.7851416,-73.9558929
node,6270653121,The Wright,restaurant,,40.7828127,-73.959174
node,6274225043,Ji Bei Chuan,restaurant,chinese,40.7175647,-73.994344
node,6277896351,CAFETERIA,restaurant,american,40.7404947,-73.9980066
node,6278117442,L'Express,restaurant,french,40.7380991,-73.9876326
node,6278128485,Superiority Burger,restaurant,,40.7264466,-73.9834307
node,6278185444,2nd Ave Deli,restaurant,diner,40.7695617,-73.9544914
node,6285668319,Sushi By Bou,restaurant,sushi,40.7584918,-73.983254
node,6289181740,Previti Pizza,fast_food,pizza,40.7438283,-73.9740333
node,6293395631,,fast_food,pizza,40.7181631,-73.9856666
node,6293417989,Cibao Restaurant,restaurant,latin_american,40.7191277,-73.9849303
node,6293667225,Koneko Cat Cafe,cafe,coffee_shop;japanese,40.7204867,-73.9842269
node,6295899093,Mori Coffee,cafe,,40.7419897,-73.978152
node,6295899095,Lena's Italian Kitchen,fast_food,italian,40.7426242,-73.9776885
node,6295899096,Subway,fast_food,sandwich,40.7433361,-73.9771672
node,6296848317,El San Juan Restaurant,restaurant,seafood;soul_food,40.8010858,-73.9459088
node,6296848388,Jacob Restaurant,restaurant,soul_food,40.8217176,-73.9429665
node,6296851635,Jacob Restaurant,restaurant,soul_food,40.8102607,-73.9439964
node,6296851689,Hot Pot Under De Tree,restaurant,jamaican,40.826923,-73.9391666
node,6296852085,Charles Country Pan Fried Chicken,fast_food,fried_chicken,40.8145607,-73.9481969
node,6304108185,Kimmel Cafe,fast_food,american;breakfast;health_food,40.7430462,-73.9727483
node,6304108186,Kimmel Bar,cafe,coffee_shop,40.7429857,-73.9733767
node,6308405187,Berlin Currywurst,fast_food,,40.7421941,-74.0052882
node,6308814785,Amy Ruth's Downtown,restaurant,american;southern,40.7369618,-73.9954517
node,6308814786,Burger King,fast_food,burger,40.7503015,-73.988226
node,6309060188,Vite Vinosteria,restaurant,italian,40.7628885,-73.9211994
node,6311383922,KJUN,restaurant,cajun;korean,40.7489626,-73.9763378
node,6311383928,Sushi Ryusei,restaurant,sushi;japanese,40.7484457,-73.9751358
node,6311990216,Norikoh,restaurant,japanese,40.7504909,-73.9819457
node,6314496485,Tropical Grill,fast_food,dominican,40.8104354,-73.9469283
node,6316813126,The World Bar,bar,,40.7526022,-73.9675407
node,6321504681,St. Pat's Bar & Grill,bar,irish,40.7564278,-73.9803554
node,6330494628,Good Century Cafe,fast_food,chinese,40.7181988,-73.994421
node,6331547404,Chimu,restaurant,peruvian,40.7148743,-73.9515998
node,6334123626,The Bar at Baccarat Hotel,bar,,40.7608428,-73.9773161
node,6335392584,Pita & Beyond,restaurant,middle_eastern;eclectic,40.7426715,-73.9801025
node,6335667330,Hawa Smoothie,fast_food,smoothie;juice,40.7449945,-73.9782081
node,6341278785,Le Burger,restaurant,burger;french,40.7240438,-73.9827327
node,6342212317,The Lobster Club,restaurant,japanese;sushi;fine_dining,40.7584777,-73.9721247
node,6342778286,Jimmy at The James,bar,,40.7224501,-74.0048185
node,6343311740,Domino's,fast_food,pizza,40.7827511,-73.9453053
node,6344011421,Quantum Leap,restaurant,,40.7606061,-73.9614838
node,6345333428,Irving Farm New York,cafe,coffee_shop;breakfast,40.7312029,-73.9899196
node,6345862104,Cafe 53,cafe,,40.7620218,-73.9803454
node,6346043620,Dorrian's,restaurant,american,40.7763756,-73.9525898
node,6347916312,Phalia Restaurant,fast_food,pakistani;indian;bangladeshi,40.7429445,-73.9824279
node,6347916313,Utopia Bagels,cafe,bagel;breakfast;sandwich,40.7463142,-73.9799924
node,6348576200,Clinton Hall 36,restaurant,new_american,40.7500481,-73.9847324
node,6351737294,Le Reve,restaurant,mediterranean,40.7593749,-73.9711618
node,6352784394,Miraj Healthy Grill,restaurant,middle_eastern,40.7465244,-73.980481
node,6356425186,Tap NYC,cafe,brazilian,40.7776871,-73.9783679
node,6356436787,Three Times,restaurant,,40.7328388,-73.9910154
node,6356444688,San Matteo Pizzeria e Cucina,restaurant,italian,40.774651,-73.9543326
node,6356460186,Fedoroff’s Roast Pork,restaurant,,40.7190444,-73.9554283
node,6356475285,Harlem Public,restaurant,,40.828715,-73.9484416
node,6356480886,Meijin Ramen,restaurant,ramen,40.7750498,-73.9535584
node,6356571487,Shorty’s,restaurant,sandwich,40.7581173,-73.9925987
node,6356581985,Kame Ramen,restaurant,,40.7442489,-73.9831707
node,6356748087,Keki Modern Cakes,restaurant,,40.7164858,-73.9980912
node,6356918085,The Little One,restaurant,,40.714103,-73.9909671
node,6356932387,Catmint Wheel Cake,restaurant,,40.7299964,-74.0003585
node,6356964285,DIU Tea,restaurant,,40.7209969,-73.9886406
node,6361314207,Saffron Indian Cuisine,restaurant,indian,40.7033386,-73.9074043
node,6362867801,16 Handles,cafe,frozen_yogurt;health_food,40.7431214,-73.9802602
node,6367931785,The Monster,bar,,40.7334177,-74.0021471
node,6369348885,Fresh&Co,restaurant,,40.7573465,-73.9693316
node,6369348985,Dae Dae,cafe,coffee_shop,40.7541973,-73.9738747
node,6369617399,Nam Son,restaurant,vietnamese,40.7181712,-73.9943317
node,6370603208,Merzouka Cafe,restaurant,moroccan,40.7689633,-73.9250036
node,6370603209,Green Apple Delight,restaurant,juice;frozen_yogurt,40.7689855,-73.9249842
node,6371366885,McDonald's,fast_food,burger,40.7561694,-73.9707413
node,6371366886,Fresh & Co,restaurant,,40.7569432,-73.9717891
node,6371402485,The Polo Bar,bar,,40.7615247,-73.9743066
node,6371402585,Bon Courage,bar,,40.7154148,-74.0071919
node,6371442486,Estela,restaurant,american,40.7246217,-73.9947736
node,6371446385,Nur,restaurant,,40.7385414,-73.9888236
node,6371534686,Bowery Palace,bar,,40.7257417,-73.991767
node,6371590885,MeMe,cafe,,40.7363825,-74.0060719
node,6371598588,Zuma,restaurant,,40.7504796,-73.9806195
node,6371628985,꽃,restaurant,korean;steak_house,40.7410352,-73.9914328
node,6371990037,Chipotle,fast_food,mexican,40.7398467,-73.9851257
node,6373095685,Frijoleros,restaurant,mexican,40.7302724,-73.9548518
node,6374756585,Dunkin',fast_food,donut;coffee_shop,40.7738645,-73.9598733
node,6374756586,Don Filippo,restaurant,italian;pizza,40.7745987,-73.9589824
node,6375303885,The Fleur Room,bar,,40.746374,-73.9909682
node,6376472185,Ralph's Coffee,cafe,,40.7716285,-73.9657301
node,6376760972,Dunkin',fast_food,donut;coffee_shop,40.7460777,-73.9793673
node,6378468600,The Horny Ram,restaurant,american,40.7552533,-73.9685194
node,6379666403,Metropolitan Bar,bar,,40.7136339,-73.9494852
node,6384745285,Percy's Pizza,fast_food,pizza,40.7291744,-74.0014494
node,6389147188,Chipotle,fast_food,mexican,40.7949272,-73.9657711
node,6389702965,Billymark's West,bar,,40.7502652,-73.9983421
node,6392106685,Dweebs,cafe,,40.7003851,-73.9226935
node,6392106885,El Pin Pollo,restaurant,,40.7087764,-73.9124936
node,6394873173,Yoon Haeundae Galbi,restaurant,korean;barbecue,40.7499088,-73.9844632
node,6396451192,Ostrica,restaurant,seafood,40.7418537,-73.9777299
node,6396562543,7th Street Burger,fast_food,burger,40.7410994,-73.9817253
node,6397326468,Sweetgreen,fast_food,salad,40.7526876,-74.0011152
node,6398111372,Barracuda Bar,bar,,40.7445405,-73.998373
node,6399642997,Queen's Room,cafe,,40.7741707,-73.9082046
node,6400825486,Mighty Quinn's,restaurant,barbecue,40.7531767,-73.987425
node,6402959206,China Express,restaurant,chinese,40.7060759,-73.9501176
node,6402959207,Subway,fast_food,sandwich,40.7061597,-73.950132
node,6403009246,Pete's Candy Store,bar,snack,40.7181021,-73.9501774
node,6403172123,Patsy's Pizzaria,restaurant,pizza,40.761859,-73.9656837
node,6403172421,Starbucks,cafe,coffee_shop,40.7734593,-73.9598061
node,6407817393,Ess-a-Bagel,fast_food,bagel;sandwich,40.7486317,-73.9893492
node,6407832772,Sid Gold's Request Room,bar,pizza;snack,40.7458591,-73.9936087
node,6407832773,B&B Restaurant,fast_food,african,40.7458845,-73.9936778
node,6407882846,Plant Made,restaurant,mexican;italian;pizza,40.7260386,-73.9897726
node,6411869610,Charlotte Cafe,cafe,coffee_shop;sandwich,40.7443305,-73.976439
node,6412172122,787 Coffee,cafe,coffee_shop;latin_american,40.7298631,-73.9873007
node,6412243455,New York 27 Lexington Deli & Grocery,fast_food,middle_eastern,40.7419814,-73.9825553
node,6412273637,Black Press Coffee,cafe,,40.7422489,-73.9831597
node,6412293526,Coletta Italian Vegan Restaurant,restaurant,italian,40.7409361,-73.981374
node,6417073975,Kebab Cafe,restaurant,middle_eastern,40.7677943,-73.9120055
node,6417073976,Olive Fast Food,restaurant,middle_eastern,40.7677007,-73.912076
node,6417075998,Tropical Smoothie Cafe,cafe,,40.7600107,-73.9179508
node,6418252593,Olive Garden,restaurant,italian,40.7594748,-73.9847715
node,6418362084,Fig & Olive,restaurant,fine_dining,40.7405856,-74.0069587
node,6418373475,Cafe Boulud,restaurant,french,40.7743902,-73.9639545
node,6418378714,Carbone,restaurant,italian,40.7280028,-74.0002252
node,6418607492,Massa's Coal Fired Pizzeria and Bar,restaurant,,40.7494601,-73.9395756
node,6418623098,Ginger Root Vegan,restaurant,chinese,40.7625034,-73.9596396
node,6421845186,Joe's Pizza,fast_food,pizza,40.754762,-73.9869439
node,6422248286,Porto Rico Importing Co.,cafe,,40.7295309,-74.0015887
node,6422254286,,restaurant,italian,40.7607166,-73.9794734
node,6422307085,Tartinery,cafe,french;juice,40.7687105,-73.9827974
node,6423386492,Cecconi’s Dumbo,restaurant,italian,40.7036177,-73.9916537
node,6424147876,Five Senses,restaurant,korean,40.7475798,-73.9861702
node,6426473697,Dragon One,restaurant,chinese,40.8020768,-73.956844
node,6426977889,Buffalo Wild Wings,restaurant,wings,40.7601612,-73.9864034
node,6433889787,Norma’s,restaurant,,40.7642411,-73.9785007
node,6434573686,B&H Dairy,restaurant,breakfast;sandwich;eastern_european;jewish,40.7284226,-73.988016
node,6437021178,Shake Shack,fast_food,burger,40.7292079,-74.0054593
node,6441649386,Sugar Factory,cafe,,40.758854,-73.9883847
node,6445549431,Tipsy Shanghai,restaurant,chinese,40.7487961,-73.9761031
node,6457357185,Casellula,restaurant,,40.76003,-73.9764733
node,6457983889,The Press Lounge - Rooftop,bar,,40.7645137,-73.9958411
node,6458026085,Avant Garden,restaurant,eclectic,40.7256438,-73.9840147
node,6458055785,Pietro Nolita,restaurant,,40.7210061,-73.9947024
node,6461990216,Bourke Street Bakery,cafe,breakfast;sandwich;coffee_shop,40.7443072,-73.9861386
node,6462387667,Joe & The Juice,cafe,coffee_shop,40.7402571,-73.989675
node,6462532123,The Smith,restaurant,american,40.7309828,-73.9886341
node,6462866685,Sushi Para 88,restaurant,sushi,40.7386729,-74.0007672
node,6462874433,Chef 28,restaurant,chinese;japanese,40.7438416,-73.9849909
node,6462921786,NAYA Express,fast_food,lebanese,40.7025859,-74.0116726
node,6466486185,Iguana New York,restaurant,,40.7641961,-73.9832028
node,6468283466,Les Enfants de Bohème,restaurant,,40.7136197,-73.9887706
node,6468793385,Awash,restaurant,ethiopian,40.7265709,-73.9868216
node,6473236071,Sophie’s,bar,,40.7247462,-73.9838567
node,6473280860,B Cup Café,cafe,coffee_shop,40.7286956,-73.9787601
node,6473303178,Ukrainian East Village Restaurant,restaurant,ukrainian,40.7288929,-73.9871544
node,6475002986,Tad’s Steakhouse,restaurant,steak_house,40.7612776,-73.9828873
node,6475053286,Soho Sushi,restaurant,sushi,40.7297573,-73.9994822
node,6475062686,Bento Nouveau,restaurant,sushi,40.7059216,-74.0129774
node,6475365538,Bento NYC,fast_food,japanese;sushi,40.7483931,-73.9759419
node,6476902282,M&S Nice Bakery and Restaurant,restaurant,ecuadorian,40.7012367,-73.9047883
node,6478973525,Pongal,restaurant,indian,40.7421877,-73.9826126
node,6478973526,Desi Galli,fast_food,indian,40.7421411,-73.9826417
node,6481688224,Il Posto Accanto,restaurant,italian,40.7223924,-73.9840765
node,6483003192,Orso,restaurant,,40.7601137,-73.9890051
node,6483237643,Nizza,restaurant,italian,40.7600473,-73.9911963
node,6484411496,Bibi Wine Bar,bar,,40.7238517,-73.983598
node,6493242785,Lilly's,bar,american,40.7771326,-73.9785802
node,6495270312,Flame Hibachi,restaurant,asian,40.7415111,-73.9809588
node,6495293349,Dunkin',fast_food,donut;coffee_shop,40.7425419,-73.9807256
node,6495340586,Wok in the Clouds,restaurant,asian;indian,40.7428983,-73.9827962
node,6497976385,GFG. Greek Food from Greece,restaurant,,40.7639657,-73.9888381
node,6497976386,The Coffee Pot,cafe,coffee_shop,40.7643238,-73.9887289
node,6499655685,Zazzy's Pizza,restaurant,pizza,40.7215656,-73.9885854
node,6501259685,bella vita tranttoria,restaurant,,40.7568075,-73.9867028
node,6504416501,Champion Pizza,fast_food,,40.7176352,-73.9577851
node,6507019898,Al's Delicatessen,fast_food,,40.7515777,-73.9904412
node,6507019904,Lenwich,restaurant,,40.7506665,-73.9915474
node,6507019906,Starbucks,cafe,coffee_shop,40.7518367,-73.9902569
node,6507019907,Liberty Bagels,fast_food,bagel,40.7519075,-73.9902101
node,6511811723,King Barka,fast_food,jamaican,40.8167511,-73.9466927
node,6511840938,Jaahlookova,restaurant,,40.8168689,-73.9465164
node,6511867025,Abyssinia,restaurant,ethiopian,40.8160376,-73.9458914
node,6511878535,Acts III Bagels,cafe,,40.8157311,-73.9451417
node,6511917719,Ponty Bistro,restaurant,,40.8176235,-73.9416508
node,6525036187,Proof Coffee Roasters,cafe,coffee_shop,40.7398248,-73.977416
node,6530593033,Downtown Yummy Restaurant,restaurant,chinese,40.7134187,-73.9961407
node,6534229343,Gardenia Terrace,bar,,40.7676505,-73.989397
node,6536906987,Zibetto Espresso Bar,cafe,coffee_shop;italian,40.7639054,-73.977729
node,6538373186,NAYA Mezze & Grill,restaurant,lebanese,40.7584922,-73.9661187
node,6538393285,NAYA Express,restaurant,lebanese,40.7588799,-73.9749741
node,6538395986,NAYA Express,restaurant,lebanese,40.7632356,-73.9769411
node,6538493024,Raku East Village,restaurant,japanese,40.7265,-73.9866532
node,6542803859,Ahimsa,restaurant,indian,40.7479448,-73.9758207
node,6542803861,ACC Cafe,cafe,coffee_shop,40.7472769,-73.9750012
node,6543504647,Pepe Giallo,restaurant,italian,40.7468928,-74.0050275
node,6549322049,Cafe Frederick,cafe,cake;breakfast;coffee_shop,40.8029397,-73.956201
node,6550407925,Matchaful,cafe,tea;teahouse;donut;cookie,40.7335428,-74.0039268
node,6551670585,Miss Du’s Tea Shop,cafe,bubble_tea,40.7149012,-73.9986222
node,6554084385,Mr. Broadway Kosher,restaurant,sandwich,40.7524576,-73.9871786
node,6558563123,787 Coffee Co.,cafe,coffee,40.7263237,-73.9838601
node,6558575360,The Gradient,restaurant,,40.7068038,-73.9229328
node,6561269443,Bird & Branch,cafe,coffee_shop,40.7602787,-73.9907472
node,6562024133,Le Privé,restaurant,french,40.7195765,-73.9878525
node,6564102311,Death By Pizza,restaurant,pizza,40.7409605,-74.0049638
node,6565329289,Banh Mi Zon,fast_food,vietnamese;sandwich,40.7257262,-73.9843145
node,6565478400,Spicy Moon,restaurant,chinese,40.7267295,-73.9871986
node,6566684054,Starbucks,cafe,coffee_shop,40.7531459,-73.9851227
node,6566728785,East dumpling,restaurant,,40.715869,-73.9928944
node,6566728787,Go! Go! Curry,restaurant,,40.7098464,-74.0090195
node,6566728885,Poké Bowl,restaurant,,40.7042695,-74.0117256
node,6566817085,Taquería El Chato,fast_food,mexican,40.72356,-73.9505226
node,6566940485,Kati Roll Company,restaurant,,40.7091007,-74.0091471
node,6568369185,off the wagon,bar,,40.7299118,-74.0008153
node,6568734440,Inhabit karaoke lounge,bar,,40.7157167,-73.9934918
node,6568734638,Hao Noodle,restaurant,chinese,40.7407628,-74.0044284
node,6568734640,The Grand Daddy,cafe,coffee_shop,40.7177214,-73.992045
node,6568734704,Dumpling Man,restaurant,asian,40.7271837,-73.9847349
node,6568735408,Takumi,restaurant,japanese,40.7181774,-73.9918389
node,6568736486,Parm,restaurant,italian,40.7230403,-73.9957307
node,6568743285,CAVA,restaurant,mediterranean,40.7219556,-73.996497
node,6568795185,Spring Lounge,bar,,40.7219227,-73.9964156
node,6568807585,b&b winebar,bar,,40.7258103,-73.9981248
node,6568824111,At Thai Restaurant,restaurant,thai,40.7618562,-73.9940965
node,6572536243,Oishi Bay,fast_food,sushi,40.7418406,-73.9789271
node,6575701885,Pastis,restaurant,french,40.7392357,-74.0069542
node,6575702086,Blue Box Cafe - Tiffany,cafe,,40.7627483,-73.9738435
node,6582979193,Fried Dumpling,restaurant,chinese,40.7145376,-73.9992597
node,6582979194,Xi'an Famous Foods,fast_food,chinese,40.7151273,-73.9973245
node,6582979385,Barn Joo,restaurant,korean,40.7368428,-73.9906883
node,6583001086,Ho Foods,restaurant,taiwanese,40.7264166,-73.9847126
node,6583004985,886,restaurant,chinese,40.7288654,-73.9886584
node,6593957085,Domino's,fast_food,pizza,40.7326445,-73.9975117
node,6594768414,Oh! Calcutta,restaurant,indian,40.7427048,-73.9526771
node,6595131965,Corozon Mexico,restaurant,mexican,40.7427742,-73.953543
node,6597691422,Joey Pepperoni’s Pizza,restaurant,pizza,40.7187899,-74.0026198
node,6597932385,refinery rooftop,bar,,40.7522458,-73.9853353
node,6605121108,D. Salam African Cuisine,fast_food,west_african,40.7155114,-73.9934666
node,6605132001,Think Coffee,cafe,coffee_shop,40.7522199,-74.0017007
node,6606909410,Prohibition,bar,,40.7852443,-73.9728265
node,6606935746,Blossom on Columbus,restaurant,,40.7853903,-73.9727245
node,6611254398,Paper,cafe,coffee_shop,40.7462448,-73.9894965
node,6611254400,Auntie Anne's,fast_food,pretzel,40.7011331,-74.0133908
node,6611254401,Stumptown Coffee Roasters,cafe,coffee_shop,40.7456554,-73.9880474
node,6612404170,Le Café coffee,cafe,cafe,40.735804,-73.9926767
node,6612404173,Pret A Manger,fast_food,sandwich,40.7567943,-73.9746344
node,6612404174,Little Italy Pizza,fast_food,,40.7563955,-73.9815322
node,6612404175,Le Pain Quotidien,cafe,coffee_shop,40.7541498,-73.9787021
node,6612404178,Starbucks,cafe,coffee_shop,40.7555697,-73.9802192
node,6615272809,Pret A Manger,fast_food,sandwich,40.7563383,-73.9819829
node,6615272810,Yum yum too,restaurant,thai,40.7609971,-73.9905173
node,6615272815,Mitr Thai,restaurant,thai,40.7567769,-73.9804939
node,6615272821,For five coffee roasters,cafe,coffee,40.7578879,-73.9831141
node,6615272822,Starbucks,cafe,coffee_shop,40.7570592,-73.9811663
node,6615272823,Manhattan,cafe,,40.756182,-73.9810387
node,6615272824,The Dawson,restaurant,,40.7559902,-73.9805626
node,6615272827,Chipotle,fast_food,mexican,40.7561133,-73.9808717
node,6615272828,Xi'an Famous Foods,fast_food,chinese,40.7562816,-73.9818582
node,6615272829,Valerie,restaurant,american,40.7562438,-73.9812159
node,6621617747,O Café,cafe,,40.7358148,-73.9976834
node,6621617750,Paradis,cafe,,40.7326818,-73.9902436
node,6621617751,Blue stripes,cafe,cacao,40.7347019,-73.9929545
node,6621617759,Yanni's coffee,cafe,,40.739814,-73.999021
node,6622046385,Bar Snack,bar,,40.7269947,-73.9886158
node,6622046485,Pho Grand,restaurant,vietnamese;rice_noodle,40.7176968,-73.9927709
node,6622063385,McDonald's,fast_food,burger,40.7546612,-73.9881821
node,6622066087,Water Tower Bar,bar,,40.7215126,-73.9587112
node,6622136387,Taco Bell,fast_food,tex-mex,40.73545,-73.9927297
node,6622185985,il Buco,restaurant,,40.7258235,-73.9929943
node,6622267485,The Woo,restaurant,,40.7252195,-74.0037768
node,6622274385,Red Poke,fast_food,korean;poke,40.7589374,-73.9920318
node,6630118961,Bareburger LES,fast_food,burger,40.7216328,-73.9885495
node,6630276325,Poke Bowl,fast_food,poke,40.7213875,-74.0049853
node,6630517161,CAVA,restaurant,mediterranean,40.7274974,-74.0071128
node,6630517163,MakiMaki,restaurant,sushi,40.7277372,-74.0070702
node,6630517164,Glaze,restaurant,japanese,40.7277965,-74.0070614
node,6630517166,Dunkin',fast_food,donut;coffee_shop,40.7273979,-74.0057208
node,6630517167,Chipotle,fast_food,mexican,40.7281983,-74.0051594
node,6631198486,Church Cafe Outside,cafe,,40.757132,-73.9733698
node,6631461418,Inside Park at St. Beet’s,cafe,,40.7571723,-73.9734536
node,6633208285,Pazza Notte,restaurant,italian,40.7634136,-73.9781054
node,6635017885,Pomme Palais Bakery and Coffee,cafe,,40.7581131,-73.974725
node,6636462195,Starbucks,cafe,coffee_shop,40.715754,-74.003128
node,6638585608,Cafe Bravo,cafe,,40.7508895,-73.9978633
node,6644248562,Bella Luna Restaurant,restaurant,italian,40.7877722,-73.9714975
node,6648440332,Pret A Manger,fast_food,sandwich,40.763468,-73.9825401
node,6648520617,Angelo's Pizza,restaurant,pizza,40.7638111,-73.982806
node,6649647161,Afghan Kebab House,restaurant,afghan,40.7699162,-73.9542186
node,6651068562,Gus and Marty's,restaurant,greek,40.7192891,-73.9529959
node,6653117609,Mamma Joan's,fast_food,pizza,40.7081627,-73.9195643
node,6654169785,Smith's Bar,restaurant,american,40.7587626,-73.9888983
node,6659539085,L'accolade,restaurant,french,40.732491,-74.0038579
node,6662115185,The Standard,restaurant,,40.727873,-73.9907388
node,6666722028,The People's Forum,cafe,,40.754399,-73.993352
node,6670244825,Claire's Kitchen Cafe,cafe,,40.7676839,-73.9528947
node,6670244826,Tanoshi Sushi NYC,restaurant,sushi,40.7676209,-73.9529255
node,6670244827,Finestra Restaurant,restaurant,italian,40.7675579,-73.9529698
node,6670244847,Sophie's Cuban Cuisine,restaurant,,40.765174,-73.9574182
node,6670244857,Heavenly Market Cafe,cafe,,40.7654737,-73.9574423
node,6670244858,Lenwich,fast_food,sandwich,40.7655712,-73.9578728
node,6670244863,MATTO,cafe,coffee_shop,40.7654726,-73.9581504
node,6670244872,Gotham Café,cafe,coffee_shop;breakfast;sandwich,40.7663291,-73.9599375
node,6677440689,Shake Shack,fast_food,burger,40.7300007,-73.9898144
node,6678076906,GoodFeathers,fast_food,,40.7004693,-73.92588
node,6679254459,Beaucoup at Bar Freda,bar,,40.7015425,-73.9052425
node,6680394972,Kennedy Chicken,fast_food,burger;american;chicken;milkshake,40.8089411,-73.9486836
node,6680604278,Chipotle,fast_food,mexican,40.8073872,-73.9449972
node,6680604281,Dunkin',fast_food,donut;coffee_shop,40.805705,-73.9401762
node,6680604284,Daps Caribbean Cuisine,restaurant,caribbean,40.80563,-73.9399632
node,6680686157,Sweetgreen,fast_food,salad,40.76368,-73.9674808
node,6680686990,Chipotle,fast_food,mexican,40.7589303,-73.9687176
node,6680695923,Starbucks,cafe,coffee_shop,40.7526738,-73.9950505
node,6680695929,Sahib Indian Cuisine,restaurant,indian,40.7422764,-73.9829114
node,6680695932,O'Hanlons Bar,bar,,40.7316647,-73.9829175
node,6681888952,Fishs Eddy,cafe,,40.7026351,-73.9897815
node,6682052647,Avenue Cafe,cafe,,40.7090225,-73.9639893
node,6684049777,Broken Land,bar,,40.7295259,-73.9576837
node,6684049782,Brooklyn Safehouse,bar,,40.7288633,-73.9572833
node,6685453124,GuestHouse Restaurant & Bar,restaurant,caribbean;brunch,40.711204,-73.9440053
node,6689828325,The Huntress,bar,,40.7526572,-73.9396832
node,6689909660,The Raven Pub,bar,,40.7708772,-73.953993
node,6689909684,Zuri Coffee,cafe,,40.7700555,-73.9516342
node,6689923799,Bagels & Co.,fast_food,,40.7692607,-73.9517547
node,6689923801,Dän Bakery,cafe,,40.7693501,-73.9521524
node,6689923802,Subway,fast_food,sandwich,40.7692861,-73.9522114
node,6691104532,Jerk Off the Grill,restaurant,jamaican,40.7717892,-73.9537771
node,6691104536,East Side Bagel Cafe,fast_food,bagel;breakfast,40.771667,-73.9529405
node,6691104542,Maruzzella,restaurant,,40.7713169,-73.9536779
node,6691104543,Dunkin',fast_food,donut;coffee_shop,40.771128,-73.9533372
node,6691851910,New China,fast_food,chinese,40.7382246,-73.983365
node,6693478207,Everyman Espresso,cafe,,40.7327461,-73.9883025
node,6696993241,Kopitiam Malaysian Coffee,cafe,,40.7138499,-73.9908808
node,6699570658,Dream Baby Dream,bar,,40.7271258,-73.9798605
node,6704527437,B. Cafe,restaurant,belgian,40.7708948,-73.9576006
node,6704581665,La Esquina,restaurant,mexican,40.7692931,-73.9577451
node,6708917485,Kahve,cafe,,40.815325,-73.9959848
node,6709864873,Ace Bar,bar,,40.7243649,-73.9829025
node,6713109639,Amituofo Vegan Cuisine,restaurant,asian,40.7037331,-73.9330639
node,6719106993,Almondine Bakery,cafe,coffee_shop;pastry;sandwich,40.7033645,-73.9912069
node,6725351887,Juice Press,fast_food,juice,40.777166,-73.955477
node,6725433358,The Hummus & Pita Co.,restaurant,mediterranean,40.7786166,-73.9530659
node,6732642778,Dunkin',fast_food,donut;coffee_shop,40.7293761,-74.0072149
node,6732642783,Five Boys Fresh Pizza,restaurant,pizza,40.7287287,-74.0050957
node,6733980472,Great Wall,restaurant,,40.7950928,-73.9358471
node,6733996099,The Rice Noodle,restaurant,asian,40.7292129,-74.0015146
node,6733996101,Hello Saigon,restaurant,vietnamese,40.7289364,-74.0009503
node,6734071958,,cafe,,40.7276892,-74.0004432
node,6734071961,The Brooklyneer,bar,,40.7286547,-74.0045899
node,6743201150,Pinks Cantina,restaurant,,40.7592498,-73.9527737
node,6744695372,Starbucks,cafe,coffee_shop,40.7502199,-73.9401895
node,6744695382,Subway,fast_food,sandwich,40.7615578,-73.9248102
node,6744698192,Kennedy Fried Chicken,restaurant,chicken,40.7670978,-73.9215146
node,6744698195,Petey's Burger,restaurant,burger,40.7671664,-73.9216675
node,6744698202,McDonald's,fast_food,burger,40.7751384,-73.9122143
node,6744698207,Popeyes,fast_food,chicken,40.7756652,-73.9115587
node,6744698208,Taco Bell,fast_food,tex-mex,40.7757059,-73.9115149
node,6744726774,New City Billiards & Cafe,cafe,,40.7439734,-73.9148875
node,6744726782,Subway,fast_food,sandwich,40.7409584,-73.9024301
node,6744726783,Dunkin',fast_food,donut;coffee_shop,40.7409584,-73.9023583
node,6746716268,Golden Krust,fast_food,caribbean,40.8415531,-73.9023459
node,6752564944,Starbucks,cafe,coffee_shop,40.7418737,-73.9933052
node,6752564947,Memo Shish Kebab,fast_food,kebab,40.7428322,-73.9931189
node,6752564949,Dunkin',fast_food,donut;coffee_shop,40.7432274,-73.9931396
node,6754439369,Pizza City,fast_food,,40.7802333,-73.9466997
node,6758042171,Paladar Brazilian BBQ,restaurant,brazilian,40.7935062,-73.9376879
node,6758200121,Casa Lalo,restaurant,,40.7885984,-73.9487694
node,6761624789,Juke Bar,bar,,40.7310697,-73.9855764
node,6761763979,Marcy and Myrtle,cafe,,40.7207076,-73.9577014
node,6762609288,Fillmore Delicatessen,restaurant,sandwich,40.7836113,-73.950714
node,6763864286,Peppercorn Station,restaurant,chinese,40.7526496,-73.985124
node,6764076981,Starbucks,cafe,coffee_shop,40.747162,-73.9418041
node,6764557213,Ming Wong,restaurant,chinese,40.716,-73.9983757
node,6767975287,Grays Papaya,fast_food,,40.7556341,-73.9907181
node,6769036965,Sarabeth's,restaurant,,40.7182859,-74.01025
node,6775582688,Cascade,restaurant,diner,40.7644289,-73.9842669
node,6779401468,Chickpea,fast_food,,40.7493889,-73.9391838
node,6779861449,Lucky Pizzeria & Cafe,restaurant,pizza,40.7499601,-73.9396159
node,6781739945,Carlow East,bar,,40.7786314,-73.9564131
node,6781789416,La Vita Pizza,restaurant,italian,40.7836719,-73.9506652
node,6783954786,Sullivan Street Bakery,cafe,,40.7635914,-73.9947575
node,6784987781,Bluestone Lane,cafe,,40.783644,-73.9777252
node,6789471481,Starbucks,cafe,coffee_shop,40.7646846,-73.9665681
node,6791095179,Olympia Pita,restaurant,middle_eastern,40.7300818,-74.0002912
node,6791524796,San Carlo Osteria Piemonte,restaurant,italian,40.7251488,-74.0022186
node,6791541460,Chipotle,fast_food,mexican,40.7373282,-73.990088
node,6791611135,The Migrant Kitchen,cafe,,40.7742751,-73.9808432
node,6795570589,Empire Steakhouse,restaurant,steak_house,40.7561488,-73.971257
node,6795887931,Shun Chang Chicken Duck Super,restaurant,,40.7141785,-73.9905853
node,6795908680,99 cent Pizza,fast_food,,40.7141277,-73.9909319
node,6795916190,He Xie Grocery Store,restaurant,,40.7141804,-73.9906771
node,6796160726,Variety Coffee,cafe,coffee_shop,40.723174,-73.94425
node,6800244686,Naked Dog,restaurant,italian,40.7313073,-73.9593693
node,6800246087,Café Alula,cafe,,40.7345902,-73.9582212
node,6800262485,Maman,cafe,,40.7304598,-73.9581342
node,6800611085,Ichiran,restaurant,,40.7074745,-73.9333777
node,6802800188,CAVA,restaurant,mediterranean,40.7058652,-74.0087804
node,6804305685,XI’AN Town,restaurant,,40.7184023,-73.9569449
node,6807706733,Olde City,bar,sandwich,40.7834971,-73.9507978
node,6807878874,The Mason Jar,restaurant,barbecue,40.7448906,-73.9836804
node,6812803802,Steven's Cafe,cafe,coffee_shop,40.7734349,-74.0119812
node,6814208895,Quique Crudo,restaurant,mexican;seafood,40.7291813,-74.0036625
node,6815431436,Jacob's Pickles,restaurant,american,40.7911792,-73.969073
node,6816455651,The Hamilton,bar,,40.8027402,-73.9642554
node,6816991370,Smile To Go,cafe,,40.7399793,-73.9841814
node,6817702871,NY 99¢ Pizza,fast_food,pizza,40.7179999,-74.0007283
node,6817950285,Juice Generation,restaurant,,40.7376211,-73.9899652
node,6818147882,Akami Sushi,restaurant,japanese;sushi,40.7804769,-73.9470077
node,6818179470,Fresh Wok,restaurant,hawaiian;chinese,40.7806162,-73.9468726
node,6818558685,Goldie’s,bar,,40.7256462,-73.9451382
node,6833456285,Death Ave brewing Co.,bar,,40.7510637,-74.0019532
node,6833456286,Hearth on the High Line,cafe,,40.7429989,-74.007331
node,6834261087,John Devon's,bar,,40.7423414,-73.984547
node,6836077126,Shalel,restaurant,moroccan,40.7760721,-73.9794282
node,6848929237,Döner Kabab,fast_food,doner,40.7056339,-73.9224406
node,6852143017,Starbucks,cafe,coffee_shop,40.7491928,-73.9751891
node,6852143019,Wagamama,restaurant,asian,40.748833,-73.975442
node,6852207223,Hunan Village,restaurant,chinese,40.7496807,-73.9771518
node,6852207230,Bagel Express,fast_food,bagel;breakfast;sandwich;coffee_shop,40.7498651,-73.9769986
node,6852273046,La Stanza,restaurant,italian,40.7497088,-73.9775565
node,6852273047,Sushi Zo,restaurant,japanese;sushi,40.7497373,-73.9776384
node,6852273049,Kokage,restaurant,japanese,40.749812,-73.9777557
node,6852273050,La Brochette Steakhouse,restaurant,steak_house;sushi,40.7498479,-73.9774133
node,6852303847,Dunkin',fast_food,donut;coffee_shop,40.7505447,-73.9768719
node,6852303849,Katagiri,fast_food,japanese;ramen;sushi,40.7509194,-73.9771424
node,6852303850,Maki Maki Sushi,fast_food,sushi,40.7504633,-73.9769308
node,6852554239,Chick-fil-A,fast_food,chicken,40.7792238,-73.9539252
node,6852623278,Chipotle,fast_food,mexican,40.7777066,-73.9545461
node,6852842985,Juban,cafe,japanese,40.7473146,-74.0046803
node,6853619386,Skylark,bar,,40.7364946,-73.9930574
node,6867727852,Cheeze Louiez,fast_food,pizza,40.701057,-73.9410741
node,6872279128,Sauce & Soda,fast_food,pizza,40.7058357,-73.9219458
node,6872279129,Hala Coffee & Kitchen,cafe,breakfast;sandwich,40.7058096,-73.9219002
node,6872279133,The Bad Bagel,cafe,bagel;breakfast;sandwich,40.7058618,-73.9219914
node,6876300971,Carmenta's Italian Specialties,fast_food,sandwich;italian,40.7011782,-73.9268242
node,6876300972,Leslie's Kitchen,restaurant,american,40.7013684,-73.9266136
node,6879539642,Kismet Garden,bar,,40.7056695,-73.9224054
node,6898115689,Dear Irving,bar,,40.755519,-73.9919666
node,6898115690,Flûte,bar,,40.7639513,-73.9819712
node,6898129085,Lillie‘s,bar,,40.7615503,-73.9859763
node,6898244691,Da Capo,cafe,,40.7795881,-73.9774283
node,6900257452,La Morada,restaurant,mexican,40.8106041,-73.9215395
node,6902874803,Banzarbar,bar,eclectic;seafood,40.7220111,-73.9924309
node,6903042182,Spring Cafe,cafe,asian;burger,40.7178852,-74.0002468
node,6904407682,Dig,fast_food,regional,40.8055514,-73.9653417
node,6910650054,Indi Thai,restaurant,thai,40.7198493,-73.9903448
node,6910698799,Revival,restaurant,,40.7214223,-73.9877903
node,6910698801,Gnocchi on 9th,fast_food,italian,40.7209648,-73.9886535
node,6910698803,Bonsai Kakigori,cafe,pastry;sandwich,40.7213951,-73.9880234
node,6910728948,Mama Fina's House of Filipino Sisig,restaurant,filipino,40.7282376,-73.9821344
node,6910733392,Kelly's,bar,pizza;snack,40.7225188,-73.9859212
node,6910758321,Ahimsa,restaurant,indian,40.7283918,-73.983236
node,6910758323,From Lucie,cafe,,40.7284391,-73.9833486
node,6910793420,Dim Sum Bloom,restaurant,chinese,40.7310339,-73.982565
node,6910793421,New Arc Chicken,restaurant,middle_eastern,40.7311721,-73.9829309
node,6916463756,Setsugekka,cafe,pastry;japanese,40.7272465,-73.9866334
node,6916667785,Beatnic,cafe,,40.7064892,-74.0041271
node,6916679485,Big Gay Ice Cream,cafe,,40.7071884,-74.0030763
node,6916714072,Hao Xin Qing Fashion,restaurant,,40.7141341,-73.9908408
node,6916949630,Hanamizuki,cafe,japanese,40.7474576,-73.9917001
node,6917406686,Sky Room,bar,,40.7565519,-73.9924744
node,6919152917,Au Cheval Diner,restaurant,american,40.7180421,-74.0019638
node,6919152919,Sawada Coffee,cafe,,40.7180129,-74.0019883
node,6920037989,Grand Central Oyster Bar and Restaurant,restaurant,seafood,40.7524188,-73.9773429
node,6925229785,Scalino,restaurant,italian,40.7245177,-73.9513799
node,6927650853,Massawa,restaurant,ethiopian;east_african,40.8097913,-73.9586122
node,6927650856,Dunkin',fast_food,donut;coffee_shop,40.8097065,-73.9586754
node,6937498381,Joe & The Juice,cafe,coffee_shop,40.7700367,-73.9623088
node,6939934109,Lao Jie Hot Pot & BBQ,restaurant,chinese,40.7176315,-73.9950282
node,6940009755,Sauce Pizzeria,fast_food,pizza,40.7204308,-73.9891931
node,6940016036,Rise Brewing Company,cafe,,40.7189073,-73.9901737
node,6940112503,Trapizzino,restaurant,italian,40.7203717,-73.9889547
node,6941252618,Bambu,cafe,vietnamese;bubble_tea,40.7169602,-73.9947013
node,6943588586,Rose's Italian Deli,restaurant,italian,40.8062215,-74.0099536
node,6943963085,above 6 sushi rooftop bar,bar,,40.7674142,-73.9831796
node,6943977885,Monarch Rooftop,bar,snack,40.7503902,-73.9867656
node,6944119885,Cantina Rooftop,bar,,40.7649566,-73.995973
node,6946052985,Dunkin',fast_food,donut;coffee_shop,40.7067517,-74.0054525
node,6946422550,Ricardo Steak House,restaurant,steak,40.793484,-73.9405846
node,6949740429,Bel Ami Cafe,restaurant,,40.7690363,-73.9671242
node,6949740433,Nectar of 82nd Street,restaurant,,40.7782135,-73.9609828
node,6951956385,La Cava Wine Bar,bar,,40.7548244,-73.968816
node,6952884368,Starbucks,cafe,coffee_shop,40.7000569,-73.9411085
node,6955002285,Le Botaniste Organic Vegetarian Wine Bar,restaurant,,40.7513984,-73.9742258
node,6955003385,Joe The Juice Coffee,cafe,,40.7512579,-73.9743148
node,6955034544,Pret A Manger,fast_food,sandwich,40.7418034,-73.9907234
node,6955034545,Mangia,restaurant,italian,40.7417763,-73.9906298
node,6955034546,Lenwich,fast_food,sandwich,40.7416763,-73.9904033
node,6957709096,Domino's,fast_food,pizza,40.7986152,-73.9411525
node,6957709097,Dunkin',fast_food,donut;coffee_shop,40.8017353,-73.94858
node,6957709110,Popeyes,fast_food,chicken,40.801767,-73.9486604
node,6958104276,the avenue,restaurant,,40.765197,-73.9174481
node,6958104278,Golden House,fast_food,chinese,40.7650861,-73.9178489
node,6958104280,Pink Nori,restaurant,japanese,40.7648117,-73.9172299
node,6958104281,Mad For Chicken,fast_food,chicken,40.7647477,-73.9171081
node,6966448551,Brass Monkey,bar,,40.7406797,-74.0084922
node,6967870385,Pete's Tavern,restaurant,,40.7365064,-73.9867109
node,6969654187,Eim Khao Mun Kai,restaurant,thai,40.72845,-73.987993
node,6969716317,Thyme & Tonic,restaurant,american;asian,40.7844564,-73.9739015
node,6969716318,Tridim West,restaurant,chinese,40.7841086,-73.9736584
node,6979980085,Saba's Pizza,restaurant,pizza;italian,40.7770944,-73.9571567
node,6979980086,Famous Famiglia Pizzeria,restaurant,pizza,40.778314,-73.9566244
node,6980177370,Grotta Azzurra,restaurant,italian,40.7204043,-73.9969996
node,6981865793,Istanbul Kebab House,restaurant,,40.7625456,-73.9893759
node,7003610135,Symposium,restaurant,greek,40.8055157,-73.9642686
node,7004346066,Arts & Crafts Beer Parlor,bar,,40.8065783,-73.9609934
node,7004354698,Haji's Famous Deli,restaurant,sandwich,40.8064186,-73.961107
node,7004376566,Wendy's,fast_food,burger,40.7012718,-74.0129447
node,7004392888,Wu + Nussbaum,restaurant,,40.8060976,-73.9656359
node,7004462869,Hooda Halal,fast_food,,40.807503,-73.9646912
node,7006780985,Cinnabon,fast_food,dessert,40.7574504,-73.9893771
node,7006781185,Cinnabon,fast_food,dessert,40.7501893,-73.9881253
node,7012052492,The Original Ray's Pizza Restaurant,restaurant,pizza,40.7841453,-73.9741189
node,7013001983,Javelina,restaurant,tex-mex,40.7693428,-73.9581971
node,7013006319,Kravé Cafe and Juice Bar,cafe,,40.769443,-73.958137
node,7020792234,Kennedy Chicken & Burgers,fast_food,chicken,40.7556848,-73.9122975
node,7022680977,Maxwell’s,bar,,40.7975028,-73.9485228
node,7024106348,Mille-Feuille,cafe,coffee_shop;sandwich;pastry;french,40.7291839,-73.9982031
node,7024236396,McDonald's,fast_food,burger,40.7943776,-73.9723549
node,7024236397,Xi'an Famous Foods,fast_food,chinese,40.8032994,-73.9669951
node,7036452476,Sunflower Cafe,cafe,breakfast;american,40.7398896,-73.9821488
node,7036473776,Tara Rose,restaurant,pub;american;irish;brunch,40.7417613,-73.9812336
node,7039222846,Pierozek,restaurant,polish,40.7230006,-73.9502167
node,7039664885,A Slice of New York,restaurant,,40.7596528,-73.988293
node,7040362186,Anar,restaurant,indian,40.8002094,-73.9656338
node,7040457482,Gusto Latino Cafe Rest,cafe,,40.7161905,-73.9571819
node,7040464286,Golden Years,bar,,40.7143939,-73.9564479
node,7040480785,Boon Thai,restaurant,thai,40.7249803,-73.9516152
node,7040598185,Sant Ambroeus,cafe,,40.7643995,-73.969084
node,7041663061,Dunkin',fast_food,donut;coffee_shop,40.7831282,-73.9531084
node,7041713699,Dig,fast_food,regional,40.7803991,-73.9547518
node,7041755289,Joe & The Juice,cafe,coffee_shop,40.771859,-73.9592877
node,7041755291,Pret A Manger,fast_food,sandwich,40.7501096,-73.9746863
node,7041755296,Best Subs Sandwich Shop,fast_food,sandwich,40.7919127,-73.9446658
node,7041755297,Chopt,fast_food,salad,40.7738405,-73.9578436
node,7041755310,Little Caesars,fast_food,pizza,40.7921662,-73.9444762
node,7041983091,Living Thai,restaurant,thai,40.8000987,-73.9657163
node,7042386585,Dunkin',fast_food,donut;coffee_shop,40.7221381,-73.9851799
node,7045370991,Los Tacos Al Pastor,fast_food,mexican,40.7025526,-73.9874957
node,7045376572,Love and Dough,restaurant,italian,40.703047,-73.9874743
node,7045713638,Desmond's Tavern,bar,,40.7441961,-73.9832046
node,7047004787,Hold Fast,restaurant,,40.7606026,-73.9902545
node,7047037587,STK Midtown,restaurant,,40.7548374,-73.9827653
node,7047041785,Cathédral,restaurant,,40.7315779,-73.9895131
node,7047049185,St. Cloud Rooftop Bar,bar,,40.7552396,-73.9860413
node,7047104991,Despaña,cafe,spanish;tapas,40.7210501,-73.997846
node,7047129386,Fig. 19,bar,,40.7194981,-73.993485
node,7047133885,TLounge,bar,,40.7436095,-74.0031089
node,7047617885,Dear Irving,bar,,40.7361389,-73.9874097
node,7047644285,The Empire Rooftop,bar,,40.7713394,-73.9827159
node,7047818085,Ophelia Lounge NYC,bar,,40.7533299,-73.966171
node,7047818086,The Crown,bar,snack,40.7159358,-73.9966617
node,7047831585,Harriet's Rooftop,bar,,40.7024228,-73.9955097
node,7047832885,Spyglass Rooftop,bar,,40.7519614,-73.9847937
node,7047864187,Castell Rooftop Lounge,bar,,40.755533,-73.9902804
node,7048001985,Piccola Cucina,restaurant,,40.7262766,-74.0021542
node,7048004285,Sottocasa Pizzeria,restaurant,,40.805587,-73.9475248
node,7048022347,"One if by Land, Two by if See",restaurant,,40.7325495,-74.0026275
node,7048160885,Pokito,bar,,40.7115821,-73.961763
node,7048165985,The Polynesian,bar,,40.7583871,-73.9930724
node,7048181785,Excuse My French,bar,french;eclectic,40.7184645,-73.9899363
node,7049475985,Posh,bar,,40.738536,-73.9857699
node,7049483885,NoMad Bar,bar,,40.7448615,-73.9882503
node,7049620585,The Blonde,bar,,40.7191934,-74.000084
node,7054940498,Mellow Yellow Coffee & Vibes,cafe,mediterranean,40.7792219,-73.9479072
node,7055185614,Lenwich,restaurant,sandwich,40.7725796,-73.958785
node,7055777987,Lindys,restaurant,,40.762939,-73.9821435
node,7061462485,Pokéworks,restaurant,hawaiian,40.7181935,-73.9571885
node,7061899686,Noodies Thai Kitchen,restaurant,thai,40.7662252,-73.9867368
node,7061916385,Kashkaval Garden,restaurant,mediterranean,40.7667648,-73.9861831
node,7061919185,Blue Seafood Bar,restaurant,seafood,40.7668916,-73.9861952
node,7062148443,Casa Pública,restaurant,mexican,40.7181966,-73.9521426
node,7062657176,Empanada Mama,restaurant,colombian,40.7644156,-73.9885174
node,7062675586,The Standard Rooftop Bar,bar,,40.7406851,-74.0079045
node,7067158485,Butter,fast_food,burger,40.7292149,-73.9888086
node,7067197489,Cello's Pizzeria,fast_food,pizza,40.7286656,-73.9881768
node,7072974787,Smør,restaurant,nordic,40.7293429,-73.9816876
node,7075366387,Compagnie des Vins Surnaturels,bar,charcuterie;snack;international,40.7204999,-73.9980785
node,7075387185,Wayan,restaurant,,40.7213704,-73.9950789
node,7077542685,Onieal’s,restaurant,american,40.7196632,-73.9978597
node,7077578988,Cafeta Social Club Italian Restaurant,restaurant,,40.7241895,-73.9945177
node,7077876287,The Leopard at des Artistes,restaurant,,40.773462,-73.9788968
node,7078534435,Shabu-Tatsu,restaurant,japanese;hotpot,40.7292812,-73.9858915
node,7078534436,Rai Rai Ken,restaurant,ramen,40.7292423,-73.9857986
node,7078534437,Hard to Explain,bar,japanese,40.7291395,-73.9855532
node,7078542076,Apollo Bagels,fast_food,bagel,40.7288353,-73.9848267
node,7079145390,BB.Q Olive Chicken,restaurant,korean;chimaek,40.747835,-73.986847
node,7080440667,Bravo Pizza,restaurant,pizza,40.7484534,-73.9927079
node,7084620591,Starbucks,cafe,coffee_shop,40.7330316,-73.9809522
node,7084629298,Chipotle,fast_food,mexican,40.7329436,-73.9810163
node,7085164539,Mighty Quinn's,restaurant,barbecue,40.7723544,-73.9555308
node,7085207163,Ed's Elbow Room,bar,,40.7723172,-73.9550167
node,7085207165,Anand Indian Cuisine,restaurant,indian,40.7723678,-73.955182
node,7087039285,Una Pizza Napoletana,restaurant,pizza,40.7217167,-73.9884995
node,7087207951,Abaya Thai,restaurant,thai,40.7537597,-73.9935174
node,7087208400,Glur Thai,restaurant,thai,40.7411945,-73.9967198
node,7089435597,NR,restaurant,japanese,40.7700616,-73.9550189
node,7091113349,Di Fara,fast_food,pizza,40.7170794,-73.9617981
node,7093547132,Trattoria Dell'Arte,restaurant,italian,40.7652832,-73.9804165
node,7093547285,H,restaurant,,40.7613327,-73.9675293
node,7093921924,Starbucks,cafe,coffee_shop,40.757792,-73.9796085
node,7093921925,Five Guys,fast_food,burger,40.7578848,-73.9798864
node,7093921927,Kitchen Paradise,fast_food,chinese,40.7580685,-73.9802871
node,7093921928,Pronto Pizza,fast_food,pizza,40.7582165,-73.9806429
node,7093921929,TsuroTonTan,restaurant,japanese,40.7582536,-73.9807387
node,7093921932,Yama Ramen,restaurant,noodle;japanese,40.7581457,-73.9806079
node,7093921939,Cafe Alice,cafe,,40.7565007,-73.9778114
node,7093921941,Ippudo,restaurant,ramen,40.7564517,-73.9804099
node,7093921942,Pizza Foto,fast_food,pizza,40.7566965,-73.9802852
node,7093921943,Subway,fast_food,sandwich,40.7566345,-73.9807599
node,7093921944,Via Brasil,restaurant,brazilian,40.7566081,-73.9806982
node,7093921945,Nino's 46,restaurant,italian,40.7568086,-73.9805692
node,7093921947,2 Bros. Pizza,fast_food,pizza,40.7568805,-73.9807404
node,7093921948,Café Cello,cafe,american;latin_american;breakfast,40.7568104,-73.9811459
node,7093921956,Starbucks,cafe,coffee_shop,40.7588628,-73.9789097
node,7094126612,Picky Barista,cafe,coffee_shop,40.7984981,-73.9686236
node,7097820976,Happy Sandwich & Drink,fast_food,bubble_tea;sandwich,40.7003717,-73.9933043
node,7097867545,The Skinny Bar,bar,,40.7215883,-73.9883313
node,7097867546,Ankara #3,restaurant,turkish,40.7225587,-73.988108
node,7097867547,El Churro,fast_food,churro;dessert;chocolate,40.7226618,-73.9884425
node,7098499225,Sushi Kai,restaurant,sushi,40.728599,-73.9860977
node,7098944758,BLT Prime,restaurant,steak_house,40.7715244,-73.9615969
node,7098987894,Orsay,restaurant,french,40.7724091,-73.9605564
node,7099017456,Melody's Piano Bar,bar,,40.7710341,-73.9619458
node,7099088294,Popeyes,fast_food,chicken,40.7911877,-73.9451916
node,7102342430,Jean Claude,restaurant,french,40.7710056,-73.9509459
node,7108601966,Eli's Table,restaurant,american,40.7750684,-73.95648
node,7112624485,Sophra Grill,restaurant,turkish,40.7466487,-73.9771934
node,7112758739,5ive Spice,restaurant,vietnamese,40.7408703,-73.9814116
node,7120041760,Queen Bakery II,fast_food,chinese,40.7174773,-74.0005922
node,7125397465,Vinateria,restaurant,italian;spanish,40.8065375,-73.9540554
node,7125399099,67 Orange Street,bar,,40.8022415,-73.9567108
node,7125417491,Cecil,restaurant,,40.8047922,-73.9525262
node,7125417493,Moca Bar & Lounge,restaurant,,40.806371,-73.9536786
node,7125552538,Motel Morris,restaurant,american,40.7410077,-73.9981275
node,7125925885,,restaurant,,40.7412449,-74.0053836
node,7125925886,Cha Chang Tang,restaurant,chinese,40.7152633,-73.9988232
node,7125925887,Sweet Chick,restaurant,american;soul_food,40.7217365,-73.987391
node,7125928685,Friedman’s,restaurant,american,40.7483305,-73.9905021
node,7129746386,Kogame Ramen,restaurant,,40.740654,-74.0042571
node,7134303414,,cafe,,40.7618661,-73.9730709
node,7134303426,Sant Ambroeus,restaurant,,40.7754041,-73.9629918
node,7139389687,Burger & Lobster,restaurant,burger;seafood,40.7558772,-73.9850095
node,7139740737,Happy Wok,fast_food,chinese,40.726378,-73.9774027
node,7140597234,Dunkin',fast_food,donut;coffee_shop,40.7805277,-73.9524939
node,7149223689,Rezdôra,restaurant,italian,40.7390943,-73.9893691
node,7150082985,T2 tea,cafe,,40.7238897,-73.9967151
node,7157191432,brgr,fast_food,burger,40.7461296,-73.9939142
node,7159068915,Nobody Told Me,bar,,40.8008066,-73.9651977
node,7159068916,Tropical Sensation,restaurant,,40.8008723,-73.9651512
node,7159068917,Awash,restaurant,ethiopian,40.800689,-73.9652812
node,7159151800,Raenu Thai,restaurant,thai,40.7975001,-73.9680762
node,7159193384,The Throwback,bar,,40.7931377,-73.9712655
node,7159217185,Dive Bar,bar,,40.7939248,-73.9707003
node,7159234141,Miyako,restaurant,sushi,40.7911097,-73.9727374
node,7159496528,Indian Tanpura,restaurant,indian,40.7886183,-73.97456
node,7159516092,Gyu-Kaku,restaurant,japanese;barbecue,40.7904105,-73.9732592
node,7159624185,Mixue,cafe,ice_cream;bubble_tea,40.7482318,-73.9883698
node,7160825479,Sathi,restaurant,,40.7362201,-73.9852797
node,7161597623,Kitaro Sushi,restaurant,sushi,40.7868795,-73.9758248
node,7161597627,Flor de Mayo,restaurant,latin_american,40.7860372,-73.9764478
node,7162418888,Le Botaniste,restaurant,health_food;eclectic,40.7204727,-74.000209
node,7163469999,Zona de Cuba,restaurant,cuban,40.8188673,-73.9266015
node,7164989985,Barolo,restaurant,,40.7242457,-74.0023993
node,7165016685,The New Amity Restaurant,restaurant,diner;greek,40.7798039,-73.9597899
node,7165016688,Mighty Bowl,restaurant,asian,40.7738414,-73.9595305
node,7167147108,Berlin Under A,bar,,40.7230062,-73.9860348
node,7173360085,K Rico Steakhouse,restaurant,steak_house;american;grill,40.7643751,-73.988007
node,7173648216,Ryujin Brooklyn,restaurant,japanese;ramen,40.7111282,-73.9506003
node,7173648217,Redd's Tavern,bar,,40.7111208,-73.9506787
node,7173648218,New Apolo Restaurant,restaurant,chinese;creole,40.7108482,-73.9507667
node,7173664039,Carneval,restaurant,latin_american,40.7111122,-73.9507698
node,7173763932,Bar Beau,restaurant,american;coffee_shop,40.7169693,-73.9500958
node,7173763933,Jimmy's Diner,restaurant,diner;southern,40.7176985,-73.9524081
node,7182174119,Six Happiness,fast_food,chinese,40.747583,-73.9740638
node,7182200996,Sai Gon Dep,restaurant,,40.7477679,-73.9739443
node,7191405785,The Grand Delancey,bar,,40.7182693,-73.9881502
node,7192228723,Luke's Lobster,restaurant,seafood,40.7841802,-73.9778051
node,7192228727,Caledonia Bar,restaurant,,40.7841195,-73.9778588
node,7192228729,The Gin Mill,bar,,40.7847131,-73.9774249
node,7193770269,,bar,,40.7136326,-73.9525044
node,7194269384,Momoya,restaurant,japanese,40.7840363,-73.9774282
node,7194308185,Sandwell,cafe,,40.78367,-73.9781784
node,7194308188,Jake's Dilemma,bar,,40.7843285,-73.977698
node,7195064985,Piccola Cuccina Estiatorio,restaurant,sicilian;italian,40.72461,-74.0030234
node,7195308557,Jam Rock Cafe,cafe,coffee_shop,40.8327737,-73.9135292
node,7195334843,Caffeine on The Concourse,cafe,coffee_shop;bakery,40.8327788,-73.9201009
node,7204685441,Las Chilangas,restaurant,mexican;tacos,40.7019067,-73.9064015
node,7214689751,Little Caesars,fast_food,pizza,40.8359385,-73.9215238
node,7221421720,Bee Cafe,cafe,coffee;espresso;korean;american;pastry;bubble_tea,40.7474218,-73.9030322
node,7223921085,Republic of Booza,cafe,,40.7170895,-73.961193
node,7228213185,Taqueria al Pastor,restaurant,mexican,40.7033983,-73.9180101
node,7230710385,Peter McManus Cafe,restaurant,,40.7418314,-73.9975703
node,7231049619,Wingstop,fast_food,wings,40.7412317,-73.9832221
node,7231049620,Popeyes,fast_food,chicken,40.741185,-73.9833214
node,7235441898,Club Luz,bar,,40.8336525,-73.914025
node,7237689588,Emmy Squared,restaurant,pizza;burger,40.7259556,-73.9867236
node,7237833660,Suki Sushi,restaurant,sushi,40.7745346,-73.948381
node,7239676094,Chipotle,fast_food,mexican,40.7659615,-73.9571093
node,7239728455,Joe & The Juice,cafe,coffee_shop,40.7880551,-73.9537505
node,7241143782,Chipotle,fast_food,mexican,40.7666415,-73.9626289
node,7243408476,Bar Primi,restaurant,italian;pasta,40.7256687,-73.991784
node,7243548687,Greenpoint Brewery,bar,,40.7284503,-73.9595287
node,7245875445,Brooklyn Bagel & Coffee Company,restaurant,,40.76469,-73.9169875
node,7245875446,T-Swirl Crepe,restaurant,japanese,40.7646627,-73.9169255
node,7245875447,Emoji Burger,fast_food,burger,40.7645988,-73.9167661
node,7254235917,MaLa Project,restaurant,chinese,40.72713,-73.9854213
node,7256020396,Lenz's Delicatessen,restaurant,deli,40.7336058,-73.9775005
node,7258184197,Argo Tea,cafe,coffee_shop;breakfast,40.7414369,-73.9744358
node,7259558970,Zoe Café and Hookah Lounge,cafe,,40.807773,-73.9531593
node,7259558972,Clay,restaurant,,40.8094423,-73.9537567
node,7272018487,Poppy,restaurant,american,40.7290033,-73.9808662
node,7275209203,AOI Kitchen,restaurant,japanese,40.7268711,-73.987535
node,7278381685,,bar,,40.7559966,-73.9941587
node,7278461587,Long Spring Garden,restaurant,chinese;barbecue,40.7458794,-73.9019159
node,7278595729,Home Kitchen,restaurant,comfort_food,40.7780696,-73.9560043
node,7280998685,Quality Eats,restaurant,,40.734487,-74.0000708
node,7282840009,Las Panteras Negras,restaurant,mexican,40.792726,-73.9406769
node,7290190311,Agaveria La Diagonal,restaurant,,40.8060758,-73.9530327
node,7298030171,Cafe Paradiso,restaurant,cafe;wine;italian,40.7734245,-73.9834903
node,7298120657,MIGHTY Bowl,restaurant,,40.7298889,-74.0003515
node,7314202221,Ramen Takumi,restaurant,japanese,40.7307321,-73.9953031
node,7314202222,Kung Fu Tea,cafe,bubble_tea,40.7306776,-73.9952135
node,7314202223,Bowllin',restaurant,korean,40.7305854,-73.9950403
node,7317595435,Dame,restaurant,,40.7290052,-74.0014767
node,7320764985,Wendy's,fast_food,burger,40.8404645,-73.917814
node,7324239647,Lao Ma Spicy,restaurant,chinese,40.7309117,-73.9934941
node,7324240299,Yaso Noodle Bar,restaurant,,40.7302173,-73.9940092
node,7330107131,Li'l Jay's Cafe,cafe,coffee_shop;salad,40.7710875,-73.9905939
node,7343444030,Dunkin',fast_food,donut;coffee_shop,40.8355029,-73.9209615
node,7343495708,Checkers,fast_food,burger,40.8360092,-73.9228069
node,7343645076,Wendy's,fast_food,burger,40.7354191,-73.9926501
node,7343651428,McDonald's,fast_food,burger,40.83515,-73.9198904
node,7360048855,Juice Generation,fast_food,juice,40.7401699,-73.9858241
node,7360048859,Paris Baguette,cafe,coffee_shop;french;bakery,40.7404201,-73.9859376
node,7360048867,Bravo Pizza,fast_food,pizza,40.7386142,-73.9872457
node,7360048870,Barbounia,restaurant,mediterranean,40.7382829,-73.9880343
node,7360048871,Farmers & the Fish,restaurant,seafood,40.7379953,-73.9876977
node,7360048872,MoMo,restaurant,sushi,40.7378703,-73.9877775
node,7360048873,Union Square Cafe,cafe,,40.7377576,-73.9878579
node,7360048875,Boucherie,restaurant,french,40.7373226,-73.9881724
node,7360048881,Seahorse NYC,restaurant,seafood,40.7365859,-73.9887196
node,7360048882,Dunkin',fast_food,donut;coffee_shop,40.7361617,-73.9890388
node,7362789424,Lexington Famous Pizza,fast_food,pizza,40.7404706,-73.984298
node,7362789427,CAVA,restaurant,mediterranean,40.7408801,-73.9855827
node,7362999640,Artichoke Basille's Pizza,fast_food,pizza,40.7320931,-73.9839076
node,7362999642,Clara's Gramercy,bar,,40.7377165,-73.9812475
node,7363764831,Hibachi Express,fast_food,chinese,40.7295427,-73.9787049
node,7363764833,Kijitora,cafe,coffee_shop;japanese,40.7295928,-73.9788241
node,7366099843,Bobby's Night Out,bar,mexican,40.7254543,-73.9780492
node,7366099854,Yankee Pizza,fast_food,pizza,40.7267069,-73.9771566
node,7366099856,Neighborhood Deli,fast_food,,40.7268065,-73.9770815
node,7366142878,Prosciutto,restaurant,italian,40.7276307,-73.9832512
node,7366142883,Poke N' Roll,fast_food,hawaiian,40.7275413,-73.9830427
node,7367435626,Mikado,restaurant,japanese,40.7372427,-73.9971516
node,7368466282,Biao Sugar,cafe,chinese,40.7482654,-73.9884306
node,7369844952,The Little Beet,fast_food,,40.7440199,-73.9887759
node,7369844955,Dr. Smood,cafe,juice,40.7442688,-73.9891139
node,7386955794,Casa Theodoro Pizzaria & Brazilian Eatery,restaurant,brazilian; italian,40.7569116,-73.906757
node,7395477870,Publique,cafe,,40.8072257,-73.9596805
node,7412581460,Klong,restaurant,thai,40.7293986,-73.9892603
node,7418114253,Senn Thai Comfort Food,restaurant,thai,40.7850269,-73.9771886
node,7418118988,Land Thai Kitchen,restaurant,thai,40.784963,-73.9772434
node,7418122341,Dunkin',fast_food,donut;coffee_shop,40.7852677,-73.9785603
node,7424179942,Crema Brooklyn,cafe,coffee_shop,40.7230127,-73.9456976
node,7424179947,Dar 525,restaurant,mediterranean,40.7230828,-73.9453034
node,7424179949,Ms. Ohho,restaurant,korean,40.7247426,-73.9475591
node,7475192460,Starbucks,cafe,coffee_shop,40.7691681,-73.9882442
node,7477289147,The Boil,restaurant,cajun;seafood,40.7301569,-73.9941457
node,7503867831,South of the Clouds,restaurant,chinese;noodle,40.7326017,-73.9974121
node,7503878459,Eva's x Cinco de Mayo,fast_food,health_food;mexican,40.7327076,-73.9971694
node,7507436397,Ringolevio,restaurant,,40.7190611,-73.9433506
node,7507468160,FourFiveSix,bar,,40.7191201,-73.9431975
node,7507478441,Dough Vale,restaurant,pizza,40.7093286,-73.9540657
node,7509089435,Askili Orchard,restaurant,georgian,40.7334356,-73.9999276
node,7554344636,Babbalucci,restaurant,italian;pizza,40.8088971,-73.9450332
node,7591060171,Morty's Wine & Beer Bar,bar,,40.772094,-73.9906024
node,7591060173,Starbucks,cafe,coffee_shop,40.7728466,-73.9898648
node,7591060174,Friedman's,restaurant,,40.7731777,-73.989566
node,7591060175,Kossar's Bialys Bagels,fast_food,bagel,40.7732349,-73.989524
node,7593143561,Chipotle,fast_food,mexican,40.7696655,-73.9883974
node,7593868773,Le Soleil,restaurant,caribbean,40.7686023,-73.988717
node,7593868777,Casabianca,restaurant,italian;pizza,40.7685334,-73.9887733
node,7596986485,Jua,restaurant,,40.7397337,-73.9878018
node,7596986631,Atoboy,restaurant,korean,40.7436985,-73.9845074
node,7596991341,Crown Shy,restaurant,,40.706227,-74.0075097
node,7609989955,No Pork Kitchen,restaurant,chinese,40.7931128,-73.9408588
node,7609989957,Tastings NYC,restaurant,,40.7934903,-73.9409967
node,7620039824,Serengeti Teas & Spices,cafe,,40.8058245,-73.9412641
node,7629823948,Alibi Lounge,bar,,40.8178209,-73.9422219
node,7633747474,Forever Taste Restaurant,restaurant,chinese,40.7129251,-73.9899262
node,7633747475,Madison St Pizza,restaurant,pizza,40.7128689,-73.9888428
node,7633814592,Dunkin',fast_food,donut;coffee_shop,40.7127929,-73.9897817
node,7633814598,El Castillo De Manhattan,restaurant,hispanic,40.7128198,-73.9895012
node,7643827696,Morton Williams Cafe,fast_food,,40.7379388,-73.9804107
node,7653745267,Potbelly,fast_food,sandwich,40.7475471,-73.9928885
node,7653745273,Haymaker,restaurant,,40.748746,-73.9952843
node,7653745278,Ninth Street Espresso,cafe,,40.7483337,-73.9937884
node,7657200159,Perfect Picnic,restaurant,,40.7944156,-73.9628889
node,7657278602,Rolls & Bowls,restaurant,sushi,40.7718581,-73.9855139
node,7657302426,Moko,restaurant,sushi,40.7288045,-73.9872898
node,7658594646,Il Gnoccochi,restaurant,,40.7987711,-73.9423685
node,7658594652,Subway,fast_food,sandwich,40.797975,-73.9396511
node,7674034886,Les,fast_food,pizza,40.7140084,-73.9892129
node,7678152117,Starbucks,cafe,coffee_shop,40.740175,-73.9868031
node,7678152118,Spin,cafe,,40.7402771,-73.987007
node,7678152119,Naya,fast_food,middle_eastern,40.7403122,-73.9870939
node,7678152120,Zucker's,fast_food,bagel,40.7403924,-73.9872967
node,7678152122,Skewr Kabob Kitchen,fast_food,kebab,40.74049,-73.9875381
node,7678152124,Summer Salt,fast_food,mexican,40.7405601,-73.9876943
node,7678152126,Sophie's Cuban Cuisine,restaurant,cuban,40.7406022,-73.9877902
node,7678152127,Taco Bell,fast_food,tex-mex,40.7407221,-73.9880906
node,7678152128,Chopt,fast_food,salad,40.7407613,-73.9881691
node,7678152129,Tous les Jours,cafe,bakery;coffee_shop,40.7406591,-73.987929
node,7680594076,London Deli,fast_food,,40.7448408,-73.9990635
node,7680594079,Dish Restaurant,restaurant,,40.7436917,-73.9999031
node,7680594082,el coco,restaurant,,40.7435443,-73.9995047
node,7680594083,Charm's,restaurant,asian,40.7434956,-73.9995423
node,7685677612,Terremoto Coffee,cafe,coffee_shop,40.7408507,-74.0033241
node,7692711168,Burger King,fast_food,burger,40.7646096,-73.9327422
node,7692711172,Popeyes,fast_food,chicken,40.7644716,-73.9328708
node,7700115285,Subway,fast_food,sandwich,40.7076803,-74.005917
node,7700135685,Taq,restaurant,tacos,40.7151708,-74.0104716
node,7700142886,Vcafe,restaurant,,40.7184168,-74.0102722
node,7700168785,Zona Tribeca,restaurant,italian,40.7186643,-74.0102017
node,7700401455,Walters,restaurant,,40.7493415,-73.995763
node,7700401457,,restaurant,chinese,40.7494967,-73.9956416
node,7700401461,Rowdy Rooster Indian Fried Chicken,restaurant,indian,40.7490376,-73.9902532
node,7700401463,Dunkin',fast_food,donut;coffee_shop,40.7493927,-73.9957184
node,7706043307,Brother’s Pizza,restaurant,pizza,40.7696498,-73.9310661
node,7706043309,Ita-Mex,restaurant,mexican;italian;health_food;breakfast,40.7687252,-73.9314744
node,7706043318,Ecuadorian Restaurant,restaurant,ecuadorian,40.7558766,-73.9194924
node,7714514235,Subway,fast_food,sandwich,40.7656289,-73.930757
node,7717760985,Tacombi,restaurant,mexican,40.7046131,-74.0116878
node,7722146852,Make Believe Bakeshop,cafe,,40.771319,-73.9222831
node,7722146857,El Rey,restaurant,mexican,40.7712572,-73.9220526
node,7722294818,Xing's Chef,fast_food,chinese,40.7698472,-73.9020301
node,7722294823,,restaurant,pizza,40.769287,-73.9007471
node,7722306080,Sakura,restaurant,japanese;sushi,40.7746021,-73.9083052
node,7722312786,Retro Pizza,fast_food,pizza,40.7758053,-73.9100057
node,7722312788,Lefkos Pyrgos,restaurant,greek,40.7751791,-73.9096244
node,7732026821,Sonbob’s,cafe,,40.7672465,-73.9171552
node,7732385843,Poulette,fast_food,chicken,40.7649435,-73.9876477
node,7762379278,Andiamo Pizza,fast_food,pizza,40.7461304,-73.9902219
node,7768153642,omakase Osukāā,restaurant,,40.7550569,-73.9774184
node,7768254311,Orale Taco!,fast_food,mexican,40.7689976,-73.9255689
node,7770887627,Mary’s Taqueria,fast_food,mexican,40.772229,-73.9295883
node,7785298654,Krispy Kreme,fast_food,donut,40.8107485,-73.952123
node,7794379162,noreetuh,restaurant,hawaiian,40.7273102,-73.9852896
node,7801840745,The Barn,cafe,,40.7722798,-73.9206498
node,7813803006,Hunan “K”,restaurant,chinese,40.7410384,-73.9040792
node,7813969137,Macoletta,restaurant,pizza,40.7731535,-73.9163771
node,7820550080,Thai Farm Kitchen Seaport,restaurant,thai,40.7082346,-74.0016985
node,7844677285,Poke Bowl,fast_food,poke,40.7372756,-73.9909861
node,7844677385,Chopt,fast_food,salad,40.7372963,-73.9910349
node,7844677485,Potbelly,fast_food,sandwich,40.7373218,-73.9910864
node,7904863244,Onigiri Tanakaya,fast_food,japanese,40.7347321,-73.985884
node,7905888984,Recente,restaurant,italian,40.7306355,-73.9859173
node,7906873339,Socarrat Paella Bar,restaurant,spanish,40.7244928,-73.9950083
node,7916923628,Upscale International Cafe,restaurant,,40.7527882,-73.9062781
node,7916955986,Pacific Moon,restaurant,chinese,40.7511863,-73.902685
node,7918381234,Twisted Mexican Grill,restaurant,mexican,40.7723874,-73.9265965
node,7920742170,Manaslu Cafe & Restaurant,restaurant,himalayan,40.7462539,-73.9000459
node,7923125559,Taqueria Diana,restaurant,mexican,40.7142028,-73.9556881
node,7924986025,Starbucks,cafe,coffee_shop,40.8638139,-73.9752091
node,7925421799,Dinastia Ecuadorian Food #2,restaurant,ecuadorian,40.710754,-73.9638048
node,7951139837,Hamachi Sushi,restaurant,japanese,40.7472523,-73.9822072
node,7951139842,Dunkin',fast_food,donut;coffee_shop,40.7502038,-73.9813548
node,7951223515,Gogi,restaurant,asian,40.7536287,-73.9912381
node,7951223520,Sakura Of Japan,restaurant,japanese,40.7546559,-73.9912359
node,7951223521,Pizzacafe,restaurant,pizza,40.7542417,-73.9917234
node,7951223525,Black Burger,fast_food,burger,40.7546993,-73.9913304
node,7951223526,Go! Go! Curry!,restaurant,japanese,40.7546364,-73.9911871
node,7951223530,Blue Maiz Kitchen,restaurant,mexican,40.7554759,-73.990837
node,7951223532,Poke Bowl,fast_food,,40.7546771,-73.9912808
node,7951259781,McKenna’s Bar,bar,,40.7394065,-74.0021129
node,7951261386,Grace's,bar,,40.7394377,-74.0021913
node,7964143166,The Café @ Cornell Tech,cafe,,40.7553536,-73.9564818
node,7975003159,La Mercerie,cafe,french,40.7202081,-74.0021478
node,8000650772,Milano's Bar,bar,,40.724629,-73.9946134
node,8014564675,Angel of Harlem,restaurant,american;brunch,40.8080588,-73.9524756
node,8019763087,Crab du Jour,restaurant,seafood,40.810819,-73.9509742
node,8047166431,Barzola,restaurant,ecuadorian,40.7612692,-73.9235628
node,8047166470,Omonia Cafe,cafe,greek,40.7611903,-73.9240141
node,8062702032,AO Organic Japanese,restaurant,japanese,40.7527533,-73.9875518
node,8063914708,Burger City,restaurant,burger,40.7127496,-73.9061711
node,8064363282,Rome,restaurant,korean,40.8612794,-73.9880309
node,8064363283,Nakahara,restaurant,japanese,40.8612567,-73.9880531
node,8064384986,China Taste,restaurant,chinese,40.8612216,-73.9880732
node,8073300003,,cafe,,40.8616773,-73.9882304
node,8073300004,,restaurant,italian,40.8618402,-73.9883619
node,8097608582,Mughlai Indian Cuisine,restaurant,indian,40.7397511,-73.9822372
node,8097694955,Pick a Bagel,cafe,bagel,40.7383947,-73.9825269
node,8098089419,Zest Ramen,restaurant,asian;japanese;ramen,40.7181242,-73.9918666
node,8098089422,Lucky King Bakery,fast_food,chinese,40.7178755,-73.9925404
node,8098170626,Cuci Burger,fast_food,chicken;sandwich,40.7158283,-73.9972967
node,8109403685,Poetica Coffee,cafe,coffee;pastry,40.7137246,-73.9494826
node,8109403686,Sushi Yoshi,fast_food,sushi,40.7135773,-73.949434
node,8110365548,Yummy Yummy in my Tummy,restaurant,middle_eastern,40.7146707,-73.9516495
node,8111388487,M Noodle Shop,restaurant,chinese,40.71419,-73.9506347
node,8111388488,Brooklyn Roasting Company,cafe,coffee_shop,40.7141926,-73.9508267
node,8111388490,London Tandoori,restaurant,indian,40.7139473,-73.9511599
node,8116745926,La Cafeteria by de Mole,restaurant,mexican,40.7627267,-73.9128114
node,8122409592,Golden Dragon,fast_food,chinese,40.7139526,-73.955277
node,8132573637,Milk Bar,restaurant,ice_cream;cookie;pastry;cake;pie,40.7139434,-73.9554597
node,8132573638,Savory Thai,restaurant,thai,40.7139481,-73.9555594
node,8132573639,Rosa's Pizza,fast_food,pizza,40.713947,-73.9556358
node,8139045391,Kokomo,restaurant,caribbean,40.7219904,-73.9597438
node,8150030340,Cafe Benne,cafe,,40.8498919,-73.9681396
node,8150030341,Fudgarten,restaurant,american,40.8499363,-73.9683495
node,8151649108,Caffè Palermo,cafe,italian,40.7190027,-73.9973094
node,8151649109,Angelo's,restaurant,italian,40.7189102,-73.9973496
node,8151649110,Bellacio,restaurant,italian,40.7189295,-73.9976487
node,8151649111,Puglia,restaurant,italian,40.7181753,-73.9976755
node,8151649114,Buona Notte,restaurant,italian,40.7177738,-73.9980262
node,8151656721,Manolo's Pizza,restaurant,pizza,40.7176091,-73.9984198
node,8151656730,Tiger Sugar,cafe,bubble_tea,40.7171319,-73.9981749
node,8151656740,Da Long Yi Hot Pot,restaurant,chinese,40.7166189,-73.9966791
node,8168395026,bb.q Chicken,restaurant,korean;chicken,40.8453636,-73.9785636
node,8197411876,Monte Carlo Diner,restaurant,diner,40.7938421,-73.9398645
node,8197484224,Enzo Bruni La Pizza Gourmet,restaurant,pizza;italian,40.7834235,-73.947941
node,8202108197,Sushi Dairo,restaurant,sushi,40.7360172,-73.9854336
node,8202108199,Taqueria Gramercy,restaurant,mexican,40.7362675,-73.9852525
node,8233070274,Papa John's,fast_food,pizza,40.739593,-73.9246585
node,8238256286,Starbucks,cafe,coffee_shop,40.7364893,-73.9784178
node,8250739674,Boqueria,restaurant,spanish;tapas,40.77152,-73.9561132
node,8250819292,Crave Fishbar,restaurant,,40.7715896,-73.9560688
node,8250820319,Lusardi's,restaurant,italian,40.7724145,-73.9554921
node,8250837717,Hanabi,fast_food,japanese;sushi,40.7710568,-73.9564846
node,8260453144,Frank's Pizza at Shadyside,restaurant,pizza;italian,40.8098285,-73.9901976
node,8260463722,Rebecca's,restaurant,cuban,40.8089668,-73.9909253
node,8260474180,Pa De Thai Restaurant,restaurant,thai,40.8094852,-73.9904903
node,8260474228,Cafe Archetypus,restaurant,,40.8095461,-73.9904412
node,8260705161,Food for Life,restaurant,sushi;deli,40.8096706,-73.9903383
node,8260705162,Porto by Antonio,restaurant,pizza;italian,40.804925,-73.993408
node,8272824072,Gaia Italian Cafè,cafe,italian,40.7222054,-73.9821254
node,8272824078,Avenue D Pizza,restaurant,pizza,40.7205741,-73.9784977
node,8272824079,New Chinatown,restaurant,chinese;american,40.7204948,-73.978558
node,8272848251,Eastpoint,bar,mexican;pub,40.7222739,-73.9830893
node,8279418775,China Wok,fast_food,chinese,40.722117,-73.9773685
node,8279787430,L'Atelier de Joël Robuchon,restaurant,french,40.7431114,-74.0078356
node,8284627179,Madame Bonté Café,cafe,coffee_shop,40.7832576,-73.9475535
node,8284627180,A-Jiao Sichuan Cuisine,restaurant,chinese;sichuan,40.7831068,-73.9481432
node,8288058348,The Red Grill,restaurant,mexican,40.7793403,-73.9509033
node,8289646188,Prince Tea House,cafe,coffee_shop;breakfast;sandwich,40.7189751,-73.9947937
node,8289646189,Casa Bocada,restaurant,mexican,40.7194963,-73.9946356
node,8289799740,Starbucks,cafe,coffee_shop,40.7515183,-73.9949349
node,8289844990,P.J. Clarke’s,restaurant,american;seafood,40.7715266,-73.982747
node,8289844991,Rosa Mexicano,restaurant,mexican,40.771471,-73.982597
node,8307416282,Llama San,restaurant,peruvian;japanese,40.7322375,-74.0007701
node,8307757298,Le Pain Quotidien,cafe,coffee_shop,40.7727091,-73.9816717
node,8309469077,King,restaurant,italian,40.7275806,-74.0034217
node,8316237175,sLICe,restaurant,pizza,40.7590267,-73.9194594
node,8332419151,Toast & Roast,cafe,sandwich,40.761568,-73.9242011
node,8332419153,sek'ənd sun,restaurant,,40.7615076,-73.9240826
node,8332419154,Nueva Victoria Restaurant,restaurant,latin_american;chinese,40.7615956,-73.9242634
node,8332419158,Bad Habits Astoria,bar,,40.7616206,-73.9243276
node,8333736444,Savida,restaurant,,40.7165611,-74.0076634
node,8333736446,Dilli Bistro,restaurant,indian,40.7156689,-74.0075739
node,8333736447,Soup & Gyro,restaurant,turkish,40.7157083,-74.0075514
node,8333736448,Burrito Mariachi,restaurant,,40.7157901,-74.0070493
node,8333736449,Hawa Smoothie,fast_food,juice,40.7158255,-74.0069978
node,8333736450,Akimoto Sushi,restaurant,,40.7157534,-74.0070887
node,8333736452,Fresh Curry,restaurant,,40.7156736,-74.0071471
node,8333736453,Domino's,fast_food,pizza,40.7156466,-74.0071734
node,8333736454,1803,restaurant,american,40.7154295,-74.0072402
node,8333736457,Subway,fast_food,sandwich,40.7150577,-74.0076117
node,8333736458,Tavern On Reade,restaurant,american,40.7148666,-74.0066475
node,8333736459,Gran Morsi,restaurant,,40.7143289,-74.0077874
node,8333736460,Dark Horse,restaurant,,40.713638,-74.0080761
node,8333736461,Little Italy Pizza,restaurant,,40.7130755,-74.0083507
node,8333736462,Five & Dime,bar,,40.7126108,-74.008134
node,8333736464,H K Wonton Garden,restaurant,chinese;cantonese,40.7164477,-73.9991412
node,8333736465,Tonii's Fresh Rice Noodle,restaurant,chinese,40.7157002,-73.998936
node,8333736467,Hop Kee,restaurant,chinese,40.7144157,-73.9990521
node,8333736468,Noodle Village,restaurant,,40.7141756,-73.9988776
node,8333736469,Pinklady Cheese Tart,restaurant,,40.7140958,-73.9989117
node,8333736470,Wok Wok Southeast Asian Kitchen,restaurant,asian;malaysian,40.7140513,-73.9988292
node,8333736471,Chinese Tuxedo,restaurant,,40.7143245,-73.998035
node,8333736473,Juku,restaurant,,40.7145994,-73.9995122
node,8333736474,Asia Roma,restaurant,asian;italian;pub,40.7148391,-73.9995232
node,8333736475,Chipilo,restaurant,,40.7151452,-73.9995275
node,8333736477,波記潮州小食,restaurant,,40.7158511,-73.9986411
node,8333736478,WK,restaurant,,40.7153415,-73.9985703
node,8333736479,Yeah Shanghai Deluxe,restaurant,,40.7155413,-73.9984504
node,8333736480,Sweet House Drinks and Desserts,restaurant,,40.7154484,-73.9982419
node,8333736481,Kong Sihk Tong,restaurant,,40.715404,-73.9981108
node,8333736483,Yunshang Rice Noodle,restaurant,chinese;noodle,40.7152603,-73.997673
node,8333736484,Cafe Hong Kong,restaurant,,40.7152049,-73.9975319
node,8333736485,Shinsen Sushi Izakaya & Bar,restaurant,sushi,40.7155856,-73.9967114
node,8333736486,Joe's Shanghai,restaurant,chinese,40.7156823,-73.9966551
node,8333736487,Chikarashi Isso at Hotel 50 Bowery,restaurant,,40.715936,-73.9965677
node,8333736488,Sushi Noz,restaurant,japanese;sushi,40.7738874,-73.9581318
node,8333736489,Noz Market,restaurant,,40.773817,-73.9579582
node,8333736490,Tri Dim Shanghai,restaurant,chinese;shanghai,40.7739606,-73.9578708
node,8333736491,Rothschild TLV,restaurant,mediterranean,40.7745082,-73.9590066
node,8333736492,Wrap-N-Run Grill,restaurant,sandwich;american,40.7744055,-73.9591389
node,8333736493,Eli's Night Shift,restaurant,american,40.7744968,-73.9573847
node,8333736495,Due,restaurant,italian,40.7746639,-73.9572619
node,8333736496,Modern Bread and Bagel,cafe,bagel;pizza;sandwich;salad;pastry,40.7753173,-73.9563154
node,8333736497,Springbone,restaurant,,40.7753561,-73.9562803
node,8333736499,Emmy Squared–Upper East Side,restaurant,,40.7755873,-73.9565983
node,8333736500,Antonucci Cafe,restaurant,italian,40.7756861,-73.9567751
node,8333736503,Sistina,restaurant,,40.7777128,-73.9616509
node,8333736504,E.A.T.,cafe,jewish;american,40.7773359,-73.9615905
node,8333736505,Serafina Juice Bar,restaurant,,40.7760832,-73.9625104
node,8333736507,Three Guys,restaurant,,40.7741366,-73.963997
node,8333736508,Caravaggio,restaurant,,40.7733732,-73.9647547
node,8333736509,Via Quadronno,restaurant,,40.7727444,-73.965157
node,8333736510,Avena,restaurant,,40.7680543,-73.9686238
node,8333736511,Altesi,restaurant,,40.7667433,-73.9696115
node,8333736512,Supreme Snail Emporium,restaurant,,40.7662456,-73.9713791
node,8333736513,Amaranth,restaurant,,40.765752,-73.9703344
node,8333736514,Avra Madison Estiatorio,restaurant,,40.7644233,-73.9717418
node,8333736515,Freds Madison Avenue,restaurant,,40.7645918,-73.9714574
node,8333736516,Nathan's,fast_food,hot_dog,40.764688,-73.9725062
node,8333740818,The Garden,restaurant,,40.762177,-73.9714951
node,8333740819,Serafina Osteria,restaurant,,40.7627413,-73.9716949
node,8333740821,Peperino,restaurant,pizza,40.7727893,-73.9906757
node,8333740825,Marea,restaurant,,40.7675041,-73.9811088
node,8333740826,Super Taste,restaurant,chinese,40.7151467,-73.9933719
node,8333740828,Kuih Cafe,restaurant,malaysian,40.7159151,-73.9929989
node,8333740829,Nuan Xin Rice Roll,fast_food,chinese,40.7165938,-73.9928861
node,8333740831,S. Wan Cafe,cafe,,40.717267,-73.9925517
node,8333740832,99 Favor Taste,restaurant,chinese,40.7176228,-73.9925201
node,8333740833,New Kim Tuong,restaurant,chinese,40.717438,-73.9943959
node,8333740834,Osaka Fusion Sushi,restaurant,sushi,40.7173646,-73.994434
node,8333740835,New York Canton Lounge,restaurant,chinese,40.7162473,-73.9979811
node,8333740837,Kingwuu,restaurant,,40.7173742,-73.9997709
node,8333740839,Halal Food,fast_food,middle_eastern,40.7192255,-74.0018328
node,8333740840,HUMBLE FISH,restaurant,,40.7200227,-74.0034996
node,8333740841,Antique Garage,restaurant,,40.7197223,-74.0039458
node,8333740842,Macao,restaurant,,40.719643,-74.0040209
node,8333740845,Grand Kosher Cafe,restaurant,,40.7147579,-73.9821321
node,8333740846,A. 1. PIZZA SHOP,restaurant,,40.7149914,-73.9828256
node,8333740847,East Side Glatt,restaurant,,40.7149749,-73.9827649
node,8333740848,Ernesto's,restaurant,basque,40.7143271,-73.9854388
node,8333740849,May Kaidee,restaurant,thai,40.7141554,-73.9874744
node,8333740850,Cater to You,restaurant,,40.7100736,-74.0055035
node,8333828555,Camila's Tasting Room,restaurant,,40.8277391,-73.9461261
node,8333828557,Freedom Deli 2,restaurant,,40.8311981,-73.9410187
node,8333828558,Savory Fried Chicken & Grill,restaurant,,40.8284252,-73.9455705
node,8333828559,Wimpy's,restaurant,,40.8287,-73.9454264
node,8333828560,Savory,restaurant,,40.8292395,-73.9450264
node,8333828561,Sita Thai,restaurant,,40.8288048,-73.9491362
node,8333828562,Uptown Bourbon,bar,,40.8294475,-73.9486657
node,8333828563,Taco Bell,fast_food,tex-mex,40.8299508,-73.9483096
node,8333828564,KFC,fast_food,chicken,40.8299044,-73.9483541
node,8333828566,Crown Fried Chicken,restaurant,,40.829518,-73.9486476
node,8333828567,Yellow Banana,restaurant,,40.8293505,-73.9487609
node,8333828568,Domino's,fast_food,pizza,40.8296372,-73.9477156
node,8333828570,The Honey Well,restaurant,american,40.8284805,-73.9486189
node,8333828573,Jumbos Pizza Coffee Shop,restaurant,pizza,40.8280217,-73.9489143
node,8333828574,Broadway Wholesome Food & Beer Garden,restaurant,,40.8275316,-73.9493119
node,8333828575,Tacos Azteca Food Truck,restaurant,,40.8272038,-73.949673
node,8333828576,Sing Wah Kitchen,restaurant,,40.8276305,-73.9499637
node,8333828577,Mamasushi,restaurant,,40.8274612,-73.9502495
node,8333828578,White Castle,fast_food,burger,40.808729,-73.9488499
node,8333828579,New York Gourmet Deli,restaurant,,40.8085008,-73.9489844
node,8333828580,Savanna Raes,restaurant,,40.8083041,-73.9492718
node,8333828581,Red Star,restaurant,,40.8076883,-73.9496777
node,8333828583,Knew King Wok,restaurant,,40.8064714,-73.9498101
node,8335033421,Dominie's Hoek,bar,,40.7435557,-73.9536593
node,8335747734,Tao Downtown,restaurant,asian,40.7423232,-74.0041344
node,8335897912,Palermo,restaurant,italian,40.7771072,-73.9213493
node,8335897915,Kinship Coffee,cafe,coffee_shop,40.7769144,-73.9214749
node,8335903718,Meet The Meat,restaurant,,40.7770454,-73.9214452
node,8343502893,Dunkin',fast_food,donut;coffee_shop,40.7702572,-73.9045788
node,8343502899,Porto Bello Pizzaria,restaurant,italian,40.7705111,-73.9042524
node,8355860496,Ichiran,restaurant,ramen,40.7483096,-73.9904415
node,8356109203,Rolo's,restaurant,american,40.7019307,-73.9034953
node,8375908251,Dragon Sushi,restaurant,sushi;bubble_tea;ramen,40.8111683,-73.9581016
node,8375908253,Dun Huang,restaurant,chinese,40.8110353,-73.9582026
node,8385594245,West Place,restaurant,chinese,40.811599,-73.9578096
node,8392095432,Alewife Brewing,bar,,40.746969,-73.9253569
node,8392198894,D-lite caffe,cafe,,40.7568961,-73.91424
node,8392198906,New York City Bagel Coffee House,cafe,bagel,40.7589383,-73.9186347
node,8392198908,New Ho Wah,restaurant,chinese,40.75827,-73.9171947
node,8392457214,Tamashi Ramen,restaurant,japanese,40.7627202,-73.9266573
node,8400846480,Dahlia Comida Mexicana,fast_food,mexican,40.7020563,-73.9242864
node,8410114663,Thai Hot Box,restaurant,thai,40.7812501,-73.9524521
node,8410329010,Hole In The Wall,restaurant,brunch;australian,40.714452,-73.9614832
node,8418834099,CAVA,restaurant,mediterranean,40.7528591,-73.9875245
node,8418913545,Red Poke,fast_food,poke;korean,40.7640869,-73.9850545
node,8418913546,Broad Nosh Bagels,restaurant,bagel,40.7638536,-73.9852266
node,8419168031,Little Italy Pizza III,fast_food,pizza,40.7347668,-73.9922972
node,8424054821,The Craftsman,bar,juice;coffee_shop;tea;sandwich;beer;wine,40.8146576,-73.9593713
node,8427233986,Lenwich,fast_food,sandwich,40.778979,-73.9778964
node,8427233988,Black Press Coffee,cafe,coffee_shop,40.7780161,-73.978577
node,8438585854,Dive 106,bar,,40.8007289,-73.9657309
node,8445979143,Roberta's Domino Park,restaurant,pizza,40.7161871,-73.966645
node,8455829693,Starbucks,cafe,coffee_shop,40.7452485,-73.9822953
node,8464866745,Mika,bar,,40.7049847,-73.9319496
node,8473899183,BangBang Bangkok,restaurant,thai,40.7151004,-73.962475
node,8478124655,La Superior,restaurant,mexican,40.7135582,-73.963635
node,8486713328,Lovely Day,restaurant,japanese;breakfast;eclectic,40.7217995,-73.9943861
node,8495279807,Conmigo,restaurant,mexican,40.7778653,-73.9488853
node,8495326287,Milano's Pizzeria,fast_food,italian,40.796838,-73.9381306
node,8501001447,New Win Shing,restaurant,chinese,40.7557631,-73.9124618
node,8511743557,Torch & Crown Brewing Company,bar,,40.7261365,-74.0043283
node,8514846262,Kung Fu Tea,cafe,bubble_tea,40.8557438,-73.9676475
node,8514846272,The Gyro Project,restaurant,greek,40.8563646,-73.9680411
node,8514846275,Glaze Donuts,fast_food,donut,40.8564594,-73.9675509
node,8514846276,Pumkin Blossom Bistro,restaurant,korean,40.8564463,-73.9674939
node,8514846277,Binghamton Bagel & Deli,fast_food,bagel,40.8564295,-73.9674416
node,8514846278,Jersey Mike's Subs,fast_food,sandwich,40.8564148,-73.9673927
node,8514846279,Pho Today,restaurant,vietnamese,40.8563859,-73.9673062
node,8530330752,Electric Burrito,fast_food,mexican,40.7278249,-73.9855253
node,8530354116,Nón Lá,restaurant,vietnamese,40.7252756,-73.9875315
node,8530362367,Boba Land,cafe,bubble_tea,40.8444019,-74.0001985
node,8530362368,Pho 32,restaurant,asian,40.8465107,-73.9991347
node,8530362373,Shaburo,restaurant,asian,40.8477081,-73.9848379
node,8530362374,Menya Sandaime,restaurant,japanese,40.8492007,-73.9844064
node,8530362375,Yamyam Chicken,restaurant,asian,40.8497293,-73.9844387
node,8530362376,Pelicana Chicken,restaurant,asian,40.8412743,-73.9882388
node,8530843700,Andiamo Pizza,fast_food,pizza,40.7400208,-73.985548
node,8534476567,Joe's Pizza,fast_food,pizza,40.7101224,-74.0077473
node,8541844957,Brownstone Pancake Factory,restaurant,breakfast;pancake;sandwich,40.8247073,-73.9752685
node,8541930262,Blackbeard Ramen,restaurant,noodle,40.8243522,-73.9876881
node,8542012539,Doña Antonia,restaurant,latin_american;salvadoran,40.7942467,-74.0048554
node,8542062389,Punta Cana,restaurant,dominican,40.8557621,-73.9676989
node,8542077916,Romano Pizza,restaurant,pizza,40.7753806,-74.0198225
node,8542108505,On The Rocks,bar,,40.7637689,-73.9922272
node,8548766065,Oakberry Açaí bowls,fast_food,açaí,40.7672292,-73.9224243
node,8551226979,Daly's Pub,bar,,40.7623557,-73.9253272
node,8551295310,Just Salad,fast_food,salad,40.7598118,-73.969756
node,8551295312,Starbucks,cafe,coffee_shop,40.7594589,-73.9700026
node,8551295315,Subway,fast_food,sandwich,40.7607398,-73.9694695
node,8551326223,Glaze,restaurant,,40.7592021,-73.9701987
node,8551468889,Starbucks,cafe,coffee_shop,40.7567499,-73.9726202
node,8551468891,Juice Generation,fast_food,juice,40.7579528,-73.9710489
node,8551468898,Ground Central,cafe,coffee_shop,40.7529752,-73.9747483
node,8551468902,Starbucks,cafe,coffee_shop,40.7522546,-73.9752551
node,8551640061,Juice Generation,fast_food,juice,40.7514075,-73.9764378
node,8570165360,Noodle Fun,restaurant,chinese,40.7795944,-73.9471609
node,8571541076,Sabor A Mexico,restaurant,mexican,40.7795643,-73.9471823
node,8571998198,Halal Munchies,restaurant,middle_eastern,40.7881634,-73.9473978
node,8572129658,Dunkin',fast_food,donut;coffee_shop,40.8274768,-73.9258037
node,8572129660,Billy's Sports Bar,restaurant,,40.827419,-73.9256233
node,8572129665,Yankee Tavern,restaurant,,40.8273023,-73.9252136
node,8572129669,,restaurant,pizza,40.8271343,-73.9246302
node,8572129678,Court Deli Restaurant,restaurant,,40.8270547,-73.9244009
node,8587042214,Buddy Buddy,cafe,,40.7261377,-73.9921319
node,8593629442,Anatoli 56,restaurant,greek,40.758653,-73.9655557
node,8599156659,Amylos Taverna,restaurant,greek,40.7610154,-73.9230367
node,8599156665,Junko Sushi,restaurant,sushi,40.7610262,-73.923769
node,8599156687,Trestle,restaurant,,40.7606824,-73.922959
node,8599211031,Michael's Restaurant,restaurant,mediterranean,40.7610456,-73.9230836
node,8607504514,Dumbo Station,bar,,40.7030779,-73.9883028
node,8612091311,Elias Corner,restaurant,greek;fish,40.7723033,-73.9157007
node,8614943071,Dunkin',fast_food,donut;coffee_shop,40.7461801,-73.9938802
node,8614943073,La Noxe,bar,,40.7470484,-73.9931695
node,8615466792,BJ Pizza&Deli,restaurant,pizza,40.7487921,-73.9957069
node,8622510722,Lan Larb Chiang Mai,restaurant,thai,40.7199764,-73.9985336
node,8622598771,Starbucks,cafe,coffee_shop,40.7197342,-73.9991471
node,8622749691,Champion Pizza,fast_food,pizza,40.7215851,-73.9972328
node,8627283437,Skinny Louie,fast_food,burger,40.7749225,-73.9541155
node,8630492211,Caffe Buon Gusto,restaurant,italian,40.7723547,-73.9570678
node,8630513486,Chicken Insider,fast_food,chicken;korean,40.7812353,-73.9490728
node,8632736467,Quality Italian,restaurant,steak;italian,40.7645688,-73.976773
node,8632743394,Pret A Manger,fast_food,sandwich,40.7655576,-73.9765642
node,8638470025,Isle of Capri,restaurant,italian,40.7627893,-73.9659429
node,8638490154,Scalinatella Ristorante,restaurant,italian,40.7627899,-73.9653786
node,8640802179,DiWine Bar & Restaurant,restaurant,american;pizza;wine,40.7607854,-73.9156508
node,8640802182,Milkflower,restaurant,pizza,40.7628868,-73.9207423
node,8640802183,Bar Dalia,restaurant,mexican,40.7634157,-73.9212273
node,8640802194,Il Bambino,restaurant,italian,40.7629247,-73.9208479
node,8640802195,Bareburger,restaurant,burger,40.7633621,-73.9211204
node,8641328556,PlantShed New York Flowers,cafe,coffee_shop,40.7935231,-73.9705072
node,8641328557,green lane coffee,cafe,coffee_shop,40.7941755,-73.9710563
node,8644302518,Los Tacos No. 1,restaurant,,40.7143494,-74.0086532
node,8644307517,Starbucks,cafe,coffee_shop,40.7137611,-74.009094
node,8644307717,Little Italy Pizza,restaurant,,40.7151424,-74.0079858
node,8644312717,Jack’s Stir Brew Coffee,restaurant,,40.719358,-74.0049418
node,8648127018,Tamarind,restaurant,,40.7191453,-74.0089504
node,8648127019,Bar 135,bar,,40.7162708,-74.009711
node,8648127118,Puffy’s Tavern,bar,,40.7185511,-74.0090368
node,8648142317,Gee Whiz Diner,restaurant,,40.7157042,-74.0109385
node,8648175817,Greenwich st. Tavern,bar,,40.7208602,-74.0098439
node,8648214117,Azabu,restaurant,,40.7224066,-74.0099147
node,8648214118,Juice Press,fast_food,juice,40.7219647,-74.0096402
node,8648214218,Interlude Coffee and Tea,cafe,,40.7211682,-74.0085684
node,8648230017,Benares,restaurant,indian,40.7141066,-74.0092265
node,8649515305,,fast_food,pizza,40.7670525,-73.9832349
node,8651758954,Polpette 71,restaurant,italian,40.776731,-73.978826
node,8651793617,The Owl's Tail,bar,,40.7809547,-73.9808772
node,8651832617,Lucciola,restaurant,,40.7903054,-73.9727706
node,8653238617,The Ribbon,restaurant,,40.7766127,-73.9772794
node,8653253617,Dive 75,bar,,40.7796024,-73.9776732
node,8653604469,Dave's Hot Chicken,fast_food,chicken,40.7779242,-73.9548807
node,8657538245,Vito's Slices & Ices,fast_food,pizza,40.7545073,-73.9952611
node,8660568320,North Fork,restaurant,american,40.7330886,-74.0057418
node,8660568321,Rivoli Pizza,restaurant,pizza,40.7331158,-74.0065738
node,8660588517,Snack Taverna,restaurant,,40.7310534,-74.0047569
node,8666113117,Covacha,restaurant,mexican,40.7809673,-73.9764315
node,8669140491,Starbucks,cafe,coffee_shop,40.7526793,-73.992874
node,8669172817,Burger King,fast_food,burger,40.7096697,-74.0069073
node,8669186117,Justino’s,restaurant,pizza,40.7087191,-74.0053207
node,8669186118,Dunkin',fast_food,donut;coffee_shop,40.7085278,-74.0051108
node,8669227466,Essen,cafe,,40.7534341,-73.9928127
node,8669771128,Haru Sushi,restaurant,sushi;japanese,40.7572312,-73.9873203
node,8670047823,Tavola,restaurant,italian,40.7554296,-73.9945691
node,8670105218,Just Salad,fast_food,salad,40.7526921,-73.9951674
node,8670146200,The Times Eatery,cafe,,40.7579172,-73.9890503
node,8674499414,Wonder,restaurant,,40.7766055,-73.9818159
node,8678847687,Taste Kitchen,restaurant,chinese,40.7537404,-73.9934233
node,8685702116,Cafe Plein Air,cafe,french;italian;coffee,40.7026414,-73.9012082
node,8685728799,Hellbender,restaurant,mexican,40.7029889,-73.901376
node,8686059884,Dunkin',fast_food,donut;coffee_shop,40.8300252,-73.9856444
node,8687853803,Dagon,restaurant,,40.7912561,-73.9739207
node,8687853816,Osteria Accademia,restaurant,italian,40.7912328,-73.9726585
node,8687882643,New Asia,restaurant,asian,40.7918743,-73.9722097
node,8687882712,Charlotte Cafe,cafe,,40.7942067,-73.9724815
node,8691963728,Sedona Taphouse,restaurant,,40.8286449,-73.9869328
node,8692133531,Wok City,fast_food,chinese,40.7751897,-73.983888
node,8692133534,El Fish Marisqueria,restaurant,mexican;seafood,40.7752478,-73.9838439
node,8694261204,XO Taste,restaurant,chinese,40.7169943,-73.9968589
node,8695143164,Eleni's Goods,cafe,greek;coffee_shop,40.7368812,-73.9848111
node,8697676632,Kura Sushi,fast_food,sushi,40.8557109,-73.9675799
node,8699111881,Pig Beach BBQ,restaurant,barbecue,40.7550805,-73.9249238
node,8699239264,Mimi's Pizza,restaurant,pizza,40.7895392,-73.975853
node,8709392098,Royal Coffee,cafe,coffee_shop,40.7853877,-73.9791671
node,8709397335,Naya,restaurant,middle_eastern,40.7876752,-73.9774262
node,8713039931,NYC A place For Gentleman,bar,,40.7613396,-73.9022388
node,8727756019,Pizza Collective,fast_food,pizza,40.7775837,-73.981778
node,8727756020,The Gyro Project,fast_food,greek,40.777635,-73.9817566
node,8729437331,Charlie Palmer Steak,restaurant,steak_house,40.7555484,-73.9853184
node,8732086709,Rice & Beans,restaurant,,40.7574351,-73.9077938
node,8732421661,Frenchy Cafe,cafe,coffee_shop;french,40.7898312,-73.9482267
node,8734915591,Jaz,restaurant,indian,40.7659038,-73.987426
node,8749301123,888 Hudson Thai,restaurant,thai,40.8509966,-73.9391855
node,8750011522,Bites of Xi’an,fast_food,chinese,40.779641,-73.9506856
node,8750573619,Heytea,cafe,bubble_tea,40.7180873,-74.001073
node,8757557471,Mastro's,restaurant,,40.7613876,-73.980456
node,8762810418,The Flower Shop,restaurant,american,40.7180663,-73.992134
node,8765317221,Lenwich,fast_food,sandwich,40.7132343,-74.0088443
node,8765403718,Dunkin',fast_food,donut;coffee_shop,40.7128883,-74.0080601
node,8765413917,Saffron,fast_food,indian,40.7146705,-74.0076718
node,8769344317,Sweetgreen,fast_food,salad,40.7154591,-74.0088142
node,8769344318,Edward’s,restaurant,,40.7169431,-74.0083198
node,8772495902,Black Star Bakery & Cafe,cafe,cafe,40.7749318,-73.9480822
node,8783927952,Dunkin',fast_food,donut;coffee_shop,40.7815875,-73.9792178
node,8785244238,Sweetgreen,fast_food,salad,40.7652451,-73.9817646
node,8785244239,Joe & The Juice,cafe,coffee_shop,40.7655854,-73.981766
node,8787410946,Maman,restaurant,,40.7740276,-73.9815102
node,8787410949,Le Boite en Bois,restaurant,french,40.7748346,-73.9803624
node,8787410950,Le Botaniste,cafe,,40.7741425,-73.9814385
node,8787410956,Blank Street Coffee,cafe,coffee_shop,40.775414,-73.9804759
node,8787410957,Sweetgreen,fast_food,salad,40.7743806,-73.9807521
node,8789178531,Croft Alley,cafe,breakfast;salad,40.7270606,-74.0031671
node,8789533321,Heaven On 7th Marketplace,fast_food,breakfast;sandwich;pizza;coffee_shop,40.763953,-73.9814089
node,8789533322,Little Collins,cafe,,40.7523935,-73.9735028
node,8789731894,B-Side,bar,,40.728413,-73.9789264
node,8789958334,IHOP,restaurant,breakfast;pancake,40.7765324,-73.9099212
node,8791561182,Nobu,restaurant,sushi,40.7635878,-73.9759916
node,8791888439,Claudette,restaurant,,40.7330582,-73.9960229
node,8791888442,Kaña Tapas Bar,restaurant,tapas,40.7258943,-74.0094182
node,8791888444,Grace Street,cafe,ice_cream;korean,40.7476872,-73.9864866
node,8792307147,Think Coffee,cafe,coffee_shop,40.7381183,-73.9838989
node,8792307154,Yaya Tea,fast_food,japanese;snack,40.738384,-73.9837
node,8792950864,Dan & John's Wings,fast_food,wings,40.7433947,-73.9795856
node,8792950866,Nobi Sushi,restaurant,sushi;japanese,40.7433399,-73.9796256
node,8807180556,Evil Twin Brewing DUMBO,bar,,40.7029844,-73.9905451
node,8815548641,Hole In The Wall,restaurant,american;coffee_shop;brunch,40.7440742,-73.9717381
node,8816873617,La Palapa Cocina Mexicana,restaurant,mexican,40.7278825,-73.9856624
node,8819045747,Siena Cafe,restaurant,italian,40.7806652,-73.9528593
node,8832734925,Starbucks,cafe,coffee_shop,40.7092166,-74.0141592
node,8835719632,Le Moulin à Café,restaurant,french,40.769795,-73.9518426
node,8835719633,Dai Hachi,restaurant,sushi;japanese,40.7588609,-73.9653897
node,8851156980,Cafe Atelier,cafe,coffee_shop,40.719582,-74.0084712
node,8857482017,China Red,fast_food,chinese,40.7151067,-74.0085967
node,8872982362,Cook,cafe,,40.7538538,-73.9868085
node,8872982375,Just Salad,fast_food,salad,40.7537279,-73.986851
node,8872982377,Starbucks,cafe,coffee_shop,40.7543258,-73.9871718
node,8878664656,Juice Generation,fast_food,juice,40.7308861,-74.0026761
node,8880884693,Jiang Nan,restaurant,chinese,40.7175656,-73.9950572
node,8881081277,one cup tea,cafe,smoothie;tea,40.7169447,-73.994646
node,8883769317,Starbucks,cafe,coffee_shop,40.7148605,-74.0059829
node,8883778718,Dunkin',fast_food,donut;coffee_shop,40.7160212,-74.0049448
node,8883778719,Burger King,fast_food,burger,40.7161952,-74.0048063
node,8883780917,Subway,fast_food,sandwich,40.7163789,-74.0049643
node,8889104300,Misi,restaurant,italian,40.7134037,-73.9672238
node,8890918163,Starbucks,cafe,coffee_shop,40.7535964,-73.9992946
node,8902260459,Pokeworks,restaurant,poke;bubble_tea,40.7362888,-73.991817
node,8902290376,Park Bar,bar,,40.7362386,-73.9917531
node,8902339333,Tacos Güey,restaurant,mexican;tacos;seafood,40.740002,-73.9932194
node,8902631945,Gem,restaurant,,40.7191565,-73.9922969
node,8906038450,Francie,restaurant,,40.7101619,-73.9641329
node,8907715017,Mon Cher Market,fast_food,,40.7165986,-74.0044759
node,8910317103,Dunkin',fast_food,donut;coffee_shop,40.7529783,-73.9971471
node,8914329517,Laughing Man,cafe,coffee_shop,40.7145719,-74.0171487
node,8914342617,Cicci Di Carne,cafe,coffee_shop,40.713932,-74.0164953
node,8927528256,Dunkin',fast_food,donut;coffee_shop,40.7542078,-73.9419711
node,8936666521,Dunkin',fast_food,donut;coffee_shop,40.7643455,-73.9330039
node,8939919537,Chong Qing Noodle,restaurant,noodle,40.7651283,-73.9875105
node,8939922335,Ray’s Pizza,fast_food,pizza,40.7632213,-73.981471
node,8939922344,Turkuaz,restaurant,,40.7643561,-73.9854472
node,8941943723,Notable,fast_food,sandwich;jamaican;breakfast,40.7685213,-73.9245501
node,8941943724,Sip A Cup,cafe,,40.7684383,-73.9243666
node,8941943727,Pita Hot,fast_food,,40.7684936,-73.9244865
node,8942067797,Pao De Queijo,restaurant,brazilian,40.7626517,-73.9261051
node,8942067800,Honey Fitz,bar,,40.7622738,-73.9257392
node,8942090275,Champion,fast_food,pizza,40.7616405,-73.9249711
node,8942090276,Piperi Gyro,restaurant,,40.7615895,-73.9248568
node,8942090280,Starbucks,cafe,coffee_shop,40.7619161,-73.9249421
node,8942090286,Salvatoria,restaurant,,40.7614163,-73.9248951
node,8942090287,Bahari,restaurant,greek,40.7616099,-73.9249179
node,8942134594,3308 Eats And Drinks,restaurant,,40.7609728,-73.9235876
node,8942134597,Sunrise Chinese,fast_food,chinese,40.7608091,-73.9232148
node,8945092117,Gyro City,restaurant,greek,40.7644272,-73.9164424
node,8946454864,Ditmars Thai,restaurant,thai,40.7746366,-73.9083541
node,8946454865,The Bier & Cheese Collective,restaurant,german,40.7746757,-73.9084094
node,8953971445,Ooi Sushi,restaurant,sushi,40.7497381,-73.9415598
node,8953971449,Red Sorghum 夜宴,restaurant,szechuan; hunan; chinese,40.7484928,-73.9390719
node,8953971450,Sweet Leaf Coffee Roasters,cafe,,40.7483015,-73.9386495
node,8953971452,Möge tee,cafe,,40.7498284,-73.9414818
node,8958124461,Peppa's Jerk Chicken,fast_food,caribbean,40.7409482,-73.9789009
node,8958124462,Patrizia's,restaurant,italian,40.7398994,-73.9791296
node,8958124463,Dunkin' Donuts/Baskin Robbins,fast_food,donut;breakfast;ice_cream,40.7401458,-73.9789411
node,8958489051,Plado,restaurant,international;tapas,40.7223532,-73.9839834
node,8958523249,Yopparai,restaurant,japanese,40.7197247,-73.9848672
node,8958523251,Square Pizza,fast_food,pizza,40.7199934,-73.9847283
node,8958523253,Thailicious,restaurant,thai,40.7192706,-73.9850944
node,8960429322,Yopparai Ronin,restaurant,japanese,40.7193451,-73.9850545
node,8974574626,Bread N Wine,cafe,sandwich,40.7836736,-73.9523572
node,8977622627,,restaurant,,40.7716612,-73.9266195
node,8986962109,The Summit,bar,oyster;snack,40.7249939,-73.9783775
node,8986962110,Lilly's Shakes & Crepes,fast_food,,40.7248962,-73.9780558
node,8990769665,Starbucks,cafe,coffee_shop,40.7423244,-73.9490982
node,8991451354,Market Pantry Eatery,restaurant,,40.7461334,-73.9444137
node,8991988670,Jin Mei Dumpling,restaurant,chinese,40.7129801,-73.9965808
node,8991994598,Yin Ji Chang Fen,restaurant,chinese;cantonese,40.7158075,-73.9992587
node,8996587925,Mike’s Coffee & Deli,fast_food,breakfast;sandwich,40.7459027,-73.9827829
node,8996587926,Bentos,restaurant,asian,40.7468478,-73.9850316
node,8996587937,Five Guys,fast_food,burger,40.7464994,-73.9842154
node,8996587938,Fields Good Chicken,fast_food,chicken,40.7464484,-73.9841202
node,8996587943,Lucid Cafe,cafe,coffee_shop,40.7486986,-73.9778705
node,8999499117,Teppen Ramen,restaurant,,40.7591125,-73.9687519
node,9015352692,Sushi Gama Restaurant & Lounge,restaurant,sushi,40.7696619,-73.9579847
node,9015394965,Centro Pizza,fast_food,pizza,40.7717444,-73.9564358
node,9015415485,Rangoli,restaurant,indian,40.7692773,-73.9582547
node,9015418871,The Ainsworth Midtown,restaurant,,40.7467911,-73.9824398
node,9015420300,Seamore's,restaurant,seafood,40.7707712,-73.9601195
node,9015420301,Mezzaluna,restaurant,italian,40.7711935,-73.9593206
node,9015429849,Six Happiness,fast_food,chinese,40.7699786,-73.957736
node,9018132187,Amsterdam Billiards & Bar,bar,,40.7317897,-73.9900368
node,9018168387,Chopt,fast_food,salad,40.7303916,-73.9903911
node,9029130049,Brandy's Piano Bar,bar,,40.7770063,-73.9534632
node,9029195976,Ellie's,fast_food,chinese,40.77494,-73.953637
node,9032860330,Subway,fast_food,sandwich,40.7843277,-73.9522316
node,9035676817,Tea Makers,cafe,,40.7476635,-73.9864189
node,9036181630,Rakka,fast_food,middle_eastern;juice,40.728427,-73.9844713
node,9036389118,Shaji BBQ,restaurant,barbecue;chinese,40.7288297,-73.9898662
node,9036389121,Thai for Thought,fast_food,thai,40.7283078,-73.9891631
node,9036389122,Astor Plate,cafe,breakfast;sandwich,40.7297204,-73.9909801
node,9036389125,Le Petit Parisien,cafe,sandwich;pastry;french,40.7282924,-73.9891267
node,9045283641,Oscar's Place,cafe,british,40.7317675,-74.0064128
node,9049400014,Red Lobster,restaurant,seafood,40.8100567,-73.9504391
node,9049424120,The Blue Dog Cookhouse & Bar,restaurant,,40.7623492,-73.9867012
node,9051241922,Ceremonia Bakeshop,cafe,coffee_shop;bakery,40.7124741,-73.9605821
node,9051252639,Butler,cafe,,40.7118326,-73.9647216
node,9054635034,Anyway Cafe,restaurant,russian,40.7251224,-73.9905271
node,9063322817,5ive Spice,restaurant,,40.722565,-73.996178
node,9064064217,The Lazy Llama Coffee Bar,cafe,,40.7234822,-73.9886664
node,9064514717,Dante,restaurant,,40.7351968,-74.0062713
node,9068869758,"KebabishQ,",fast_food,american,40.7283148,-73.9876436
node,9075286389,Famous Famiglia,fast_food,pizza,40.7657055,-73.9572936
node,9075295302,Yia Yia's Homemade Greek Food,cafe,greek,40.7656124,-73.9570688
node,9081441806,Quesadillas Doña Mary,restaurant,mexican,40.7934257,-73.9408572
node,9081448356,New Ivoire,restaurant,african,40.8013289,-73.9423745
node,9082427770,Santouka,fast_food,noodle,40.8162019,-73.979573
node,9088344065,Tompkins Square Bagels,cafe,bagel,40.7306929,-73.9858959
node,9089315805,LaRustica,restaurant,italian,40.7841141,-73.9523871
node,9091304270,Essex Taqueria,fast_food,mexican,40.7196981,-73.987782
node,9091304272,Essex Pizza,fast_food,pizza,40.7197641,-73.9877502
node,9091328243,Dim Sum Palace,restaurant,chinese,40.7486013,-73.9867586
node,9092875648,Bangia,restaurant,korean,40.746876,-73.9845761
node,9094620024,Dolly Varden,bar,,40.7629436,-73.986239
node,9097226516,Yoan Ming Garden,fast_food,chinese,40.7881921,-73.9532775
node,9098890025,Matto Espresso,cafe,coffee_shop,40.768399,-73.958881
node,9098923529,Shanghai Chinese Restaurant,fast_food,chinese,40.7683195,-73.958488
node,9101703556,Chili,restaurant,chinese,40.7500083,-73.9821348
node,9104671450,Little Chef Little Café,cafe,,40.7443565,-73.9542634
node,9106019883,Atomic Wings,fast_food,wings,40.7541764,-73.9285841
node,9106019884,Atomic Wings,fast_food,wings,40.7558769,-73.9675585
node,9106019885,Atomic Wings,fast_food,wings,40.7155885,-74.0053623
node,9115231670,Flavor's House,fast_food,sandwich;latin_american,40.7395692,-73.9799077
node,9120810077,Luna Pizza,restaurant,pizza,40.713186,-73.9986181
node,9120821898,Big Al's Chicago Style Pizza,restaurant,pizza,40.7088439,-74.0113831
node,9121440014,Eleva,cafe,,40.7363882,-73.9585835
node,9128276521,The Delancey,bar,,40.717912,-73.9853522
node,9130216017,Panineria,restaurant,italian;sandwich,40.7320814,-73.9956374
node,9138091002,Kettle of Fish,bar,,40.7338361,-74.0024203
node,9140832070,Lavazza Caffè,cafe,italian,40.7420578,-73.9894927
node,9140853417,Champion Pizza,restaurant,,40.7359676,-73.9940291
node,9144041599,Starbucks,cafe,coffee_shop,40.810303,-73.9526624
node,9147146733,Club Cumming,bar,,40.7253473,-73.9834179
node,9149294696,The Malt House,restaurant,american,40.7095464,-74.0092712
node,9155415177,Crif Dogs,fast_food,hot_dog,40.727057,-73.9837711
node,9161539625,Kennedy Chicken,fast_food,chicken,40.7185728,-73.9825351
node,9165725161,Bella Union,restaurant,american;pub,40.7424121,-73.9803008
node,9167795118,Little Italy Pizzeria & Deli,restaurant,pizza,40.7272672,-74.005323
node,9170066779,Famous Ben's Pizza,restaurant,pizza,40.724918,-74.00246
node,9171803773,Blue Willow,restaurant,chinese,40.7630197,-73.976469
node,9172181018,Zou Zou’s,restaurant,mediterranean,40.7528942,-73.9987297
node,9173102299,Iggy's,bar,,40.7711285,-73.9564384
node,9173283016,Starbucks,cafe,coffee_shop,40.7742116,-73.9546884
node,9173303873,7th Street Burger,fast_food,burger,40.776176,-73.9531977
node,9174977864,$1.50 Fresh Pizza,restaurant,pizza,40.7216296,-74.0047353
node,9181495782,Dunkin',fast_food,donut;coffee_shop,40.8219141,-73.9926272
node,9181495785,,restaurant,pizza,40.8130344,-73.9842581
node,9181495790,The Great Story,cafe,,40.8241979,-74.0097736
node,9181495791,Gong Cha,cafe,bubble_tea,40.8243776,-74.0098844
node,9187969159,Bánh Mì Cô Út,fast_food,vietnamese;sandwich,40.7181176,-73.9961279
node,9188375881,La Vera Pizzeria,fast_food,pizza,40.7405975,-73.9821085
node,9188375882,Beef Up Noodle,fast_food,chinese,40.7406512,-73.9820636
node,9200910436,Brasserie Saint Marc,restaurant,french,40.7287407,-73.9873366
node,9208846804,El Santo Taqueria Brooklyn,restaurant,mexican,40.7042788,-73.9302135
node,9215191284,KFC,fast_food,chicken,40.8595032,-73.9713031
node,9224567154,La Cocina II,restaurant,mexican,40.7037706,-73.9415052
node,9224791783,Grand Street Pizza,restaurant,pizza,40.7163988,-73.987669
node,9224803926,Kings Co Imperial LES,restaurant,chinese,40.7179347,-73.9854269
node,9225315179,Krispy Kreme,fast_food,donut,40.7902431,-73.9458871
node,9227637566,Partea NYC,fast_food,chicken,40.732763,-73.9863355
node,9228265907,Brasserie Toast Cafe,cafe,,40.7507114,-73.9868695
node,9228778075,Mr. Cow,fast_food,corn_dog,40.7169782,-73.9947628
node,9230873409,Bar Pendry,bar,,40.7530996,-73.9985376
node,9235536634,Rosa's Pizza,restaurant,pizza,40.7504377,-73.9907795
node,9241571160,Xi'an Famous Foods,fast_food,chinese,40.7684581,-73.9583947
node,9241590661,Vivi Bubble Tea,cafe,,40.7672671,-73.9592472
node,9241607677,Ko Sushi,restaurant,sushi,40.7676579,-73.9594376
node,9241632888,Beach Cafe,restaurant,,40.7673188,-73.9592266
node,9253544617,99¢ Delicious Pizza,restaurant,pizza,40.751653,-73.9903779
node,9261414116,Zara Pizza,restaurant,pizza,40.7162212,-73.9922638
node,9270383717,Delice Sarrasin,restaurant,,40.7338495,-74.0005994
node,9272996385,Sippy Cafe,cafe,breakfast;sandwich;coffee_shop,40.7323041,-73.95783
node,9273033983,Le Gamin,restaurant,french,40.7282896,-73.9571753
node,9273167176,Two Hands,cafe,american;brunch,40.7161023,-73.9663432
node,9275805190,Williamsburg Pizza,restaurant,pizza,40.7765368,-73.9529397
node,9275807581,Hummus Kitchen,restaurant,middle_eastern,40.7764218,-73.9530214
node,9275819963,New Hong Wong Seafood,restaurant,chinese;seafood,40.7177539,-73.9953729
node,9275855423,Subway,fast_food,sandwich,40.7763873,-73.953049
node,9276228950,Forefeathers Chicken Madness,fast_food,chicken;american,40.7404309,-73.9817475
node,9278349050,Wanpaku,restaurant,japanese;ramen,40.7235765,-73.9508233
node,9283283266,Dig,fast_food,regional,40.715736,-73.95907
node,9283502337,Dig,fast_food,regional,40.7572491,-73.9706146
node,9283504354,Dig,fast_food,regional,40.7611499,-73.9687742
node,9283523800,Dig,fast_food,regional,40.7458346,-73.994148
node,9283527807,Dig,fast_food,regional,40.7126107,-74.0156441
node,9283550594,Dig,fast_food,regional,40.7670479,-73.9567664
node,9283557221,Dig,fast_food,regional,40.7532522,-73.9878951
node,9283586621,Dig,fast_food,regional,40.7281492,-73.9946724
node,9283593494,Koba,fast_food,korean,40.7452451,-73.9831578
node,9283609979,Dig,fast_food,regional,40.763131,-73.985279
node,9283623320,Dig,fast_food,regional,40.7333299,-73.9897455
node,9285956796,Yellow Rose,restaurant,texan;mexican,40.7325074,-73.987978
node,9286572691,2 Bros Pizza,restaurant,pizza,40.7095655,-74.0082984
node,9287217315,East End Bar & Grill,bar,pub,40.7837376,-73.9506306
node,9289282803,Augers Well,bar,,40.7270326,-73.9836776
node,9309134691,Artistic Pizza,restaurant,pizza,40.730675,-74.0004193
node,9312819779,Marathon Coffee,cafe,,40.781057,-73.9525772
node,9313170137,Fresh Pizza 99 Cents,fast_food,,40.7527385,-73.9853724
node,9313457709,The Harrison Restaurant & Bar,restaurant,,40.7607466,-73.9847512
node,9321723922,le Réveil,cafe,,40.7671717,-73.9593112
node,9321760830,Ella's Cafe,cafe,,40.7715895,-73.956552
node,9321922522,Bigoi Venezia,restaurant,italian,40.770009,-73.957712
node,9325661455,Tranzit,restaurant,,40.7569192,-73.9933312
node,9325661456,Tabata Noodle Restaurant,restaurant,japanese,40.7569082,-73.9935083
node,9325661457,Cafe Aroma,cafe,,40.7559346,-73.9942088
node,9327461658,Tacuba Cantina Mexicana,restaurant,mexican,40.7654494,-73.9872699
node,9332464948,Sant Ambroeus,restaurant,italian,40.723302,-73.9965416
node,9339796691,Joey Roses,fast_food,sandwich,40.7189918,-73.9845134
node,9340040548,Three Times ,restaurant,chinese;dim_sum,40.7183759,-73.9853057
node,9340191554,99¢ Pizza,fast_food,pizza,40.7181201,-73.986015
node,9340215860,Hawa Smoothies,cafe,smoothie,40.7181358,-73.9860644
node,9344068499,Taco Bell,fast_food,tex-mex,40.7379392,-73.9814392
node,9344072219,Que Rico,fast_food,latin_american,40.7384967,-73.9819475
node,9344329007,D'albano,fast_food,italian;albanian,40.7310041,-74.0011406
node,9349745675,Boston Market,fast_food,american;chicken,40.7126089,-73.9045331
node,9349778596,Papa John's,fast_food,pizza,40.7128722,-73.9074171
node,9351530419,Pronto,restaurant,,40.7135279,-73.9143983
node,9352851045,Fukuyama Sushi & Ramen,restaurant,japanese;sushi;ramen,40.7140346,-73.948298
node,9353053456,Angelo's,restaurant,,40.7175552,-73.9182942
node,9353067726,Tacombi,restaurant,mexican,40.7148432,-73.9594218
node,9353480366,,restaurant,pizza,40.7221292,-73.9043547
node,9353480378,59 Grand Coffee Shop,cafe,,40.7205405,-73.9084625
node,9353655484,Ocean Prime Restaurant,restaurant,,40.7228306,-73.9009175
node,9371206973,GrandLo Cafe,cafe,coffee_shop,40.7168549,-73.9856403
node,9371453785,Levante,restaurant,italian,40.7475401,-73.9416816
node,9371453786,Xi'an Famous Foods,fast_food,chinese;noodle,40.7475141,-73.9417539
node,9373115640,The Whiskey Brooklyn,bar,,40.7210279,-73.9567005
node,9373538597,Vin Sur Vingt,bar,,40.7849237,-73.9728113
node,9373941165,Village Square Pizza,restaurant,pizza,40.7275037,-73.9826761
node,9374707264,Zerza,restaurant,,40.7175692,-73.9879462
node,9374707265,Café d'Avignon,cafe,,40.7175729,-73.9880757
node,9374707269,Dominican Cravings,restaurant,dominican,40.7176315,-73.9880451
node,9374707270,Mille Nonne,restaurant,,40.7176799,-73.9880718
node,9374707271,Puebla Mexican Food,restaurant,,40.7176452,-73.9880905
node,9374707272,Peasant Stock,restaurant,soup,40.7176603,-73.9881324
node,9374707273,Eat Gai,restaurant,,40.7177582,-73.9881516
node,9374707279,Arancini Bros.,restaurant,,40.7179128,-73.988306
node,9374707280,Heroes & Villains,fast_food,sandwich,40.7179964,-73.9881825
node,9374707281,Don Ceviche,restaurant,peruvian,40.7179878,-73.9882622
node,9374707282,Kotti Berliner Döner Kebab,restaurant,kebab,40.7180014,-73.9882157
node,9374707284,Essex Squeeze,fast_food,juice,40.7179555,-73.9882848
node,9374707290,Shopsin's,restaurant,american,40.7180763,-73.988245
node,9374707295,Saffron,restaurant,,40.7181833,-73.9881853
node,9374707296,Dhamaka,restaurant,indian,40.718235,-73.9880781
node,9378004599,Le Crocodile,restaurant,french,40.7219452,-73.9580218
node,9382602108,Burger King,fast_food,burger,40.7208364,-73.9444976
node,9392834429,Consuelo,restaurant,mexican,40.7994604,-73.9677137
node,9392834430,Amali,restaurant,mediterranean,40.7633492,-73.9685858
node,9392834432,Spice Symphony,restaurant,fusion;indian;chinese,40.7558918,-73.9716131
node,9409060624,Qahwah House,cafe,coffee_shop,40.8052243,-73.966289
node,9411604725,MAMO,restaurant,italian,40.7219313,-74.0039657
node,9411612934,Cafe Desayunos,cafe,,40.7558287,-73.9128976
node,9429596760,Chopt,fast_food,salad,40.7281463,-74.0051594
node,9432238405,Harlem Pizza Co.,restaurant,pizza,40.8028171,-73.9511423
node,9434253289,Thai Delight,restaurant,thai,40.7348485,-73.9858048
node,9434253290,Chito Gvrito,restaurant,georgian,40.7347769,-73.9858522
node,9448907812,Paris Baguette,cafe,,40.779167,-73.9560063
node,9450485817,Saigon Vietnamese Sandwich,fast_food,sandwich;vietnamese,40.7199901,-73.9958654
node,9456122836,Iconyc Brewing Company,restaurant,,40.7501555,-73.9486815
node,9459121054,Baylander Steel Beach,restaurant,seafood,40.8191878,-73.9621644
node,9459150758,La Constancera,restaurant,dominican,40.8009324,-73.9613874
node,9459150759,Curry King,restaurant,curry;indian,40.7995276,-73.9628941
node,9459150760,Doaba Deli,restaurant,indian;curry,40.799434,-73.9624791
node,9459167484,Los 3 Charros,restaurant,mexican,40.8001097,-73.9513997
node,9459180036,Zaad,restaurant,mediterranean,40.8012053,-73.9649165
node,9469126092,King Wok,fast_food,chinese,40.7290598,-74.0050475
node,9469126096,Wingstop,fast_food,chicken,40.7294492,-74.0048903
node,9470233170,Bustan,restaurant,mediterranean,40.7859388,-73.9760419
node,9470239473,Grainne Cafe,restaurant,french,40.7453914,-74.0023623
node,9472858517,Bites of Xi’an,restaurant,chinese,40.7632868,-73.9771154
node,9472863017,Che Li,restaurant,chinese,40.7292178,-73.9886913
node,9473109135,Kenka,restaurant,sushi;japanese,40.7290769,-73.988483
node,9473109136,Boka,restaurant,korean,40.7293497,-73.9891443
node,9476721913,Artichoke Basille's Pizza,restaurant,pizza,40.706345,-74.0073491
node,9478398286,El Pingüino,restaurant,seafood,40.7298114,-73.9597837
node,9480316905,Peng's Noodle Folk,restaurant,ramen;chinese;japanese,40.7709533,-73.96202
node,9482649821,Minton's Playhouse,restaurant,,40.8047396,-73.9523755
node,9484086236,Salma's Halal Food Cart,fast_food,kebab;chicken;burger,40.806807,-73.9607926
node,9487723017,Empire Steak House,restaurant,steak_house,40.7644424,-73.9830805
node,9490050218,Kings of Kobe,restaurant,burger;american,40.7614427,-74.0003975
node,9490051317,Schaller’s Stube,fast_food,german,40.7775473,-73.9517596
node,9490051417,Kings of Kobe,restaurant,,40.7649715,-73.9876439
node,9490323917,The Happiest Hour,restaurant,,40.734817,-73.9996236
node,9490966717,,restaurant,,40.7530188,-73.9868395
node,9491020917,Hortus NYC,restaurant,asian,40.7454468,-73.9865063
node,9496907917,Stone Bridgetown Pizza & Salad,restaurant,,40.7523314,-73.9805676
node,9496920117,Mama’s TOO!,restaurant,pizza,40.800798,-73.967649
node,9496940702,Dunkin',fast_food,donut,40.7773283,-73.9492713
node,9496964891,Pavin,restaurant,italian,40.7774156,-73.9492157
node,9496985492,Tacos Mi Mexico,fast_food,mexican,40.782488,-73.948544
node,9497022154,Sushi Jin,restaurant,sushi,40.7761353,-73.951958
node,9497036165,Madame Bontè Café,cafe,,40.7761004,-73.9518782
node,9501235662,For the Record,cafe,coffee_shop,40.7363076,-73.9554676
node,9501459860,Coffee Project New York,cafe,,40.7408478,-73.9489553
node,9501915452,Dunkin',fast_food,donut;coffee_shop,40.7593578,-73.9804732
node,9505710292,Tom & Jerry,bar,,40.7246444,-73.9932411
node,9505939777,Kissaki Sushi,restaurant,japanese,40.7785113,-73.9782049
node,9506639903,Fish Bar,bar,,40.727095,-73.9894463
node,9508244826,Anytime NYC,restaurant,korean,40.747815,-73.9867152
node,9509187745,Chubby Tan,restaurant,japanese,40.7270215,-73.9892732
node,9509187746,J-Spec,restaurant,japanese;steak_house,40.7270458,-73.9893304
node,9509211693,Oasis Jimma Juice Bar,restaurant,juice;smoothie,40.8149795,-73.9591551
node,9509211694,Peking Garden,restaurant,chinese,40.814926,-73.9591949
node,9509211696,Trufa Pizzeria,fast_food,pizza,40.8148374,-73.9592623
node,9509211697,Toast,bar,,40.8147613,-73.9593075
node,9509211698,Falafel on Broadway,restaurant,falafel;middle_eastern,40.8144899,-73.9595004
node,9509211699,El Porton,restaurant,mexican,40.8144371,-73.959541
node,9509211701,Cap't Loui,restaurant,seafood,40.8142658,-73.9596702
node,9509315843,Frozen Love,restaurant,dessert,40.8138324,-73.9602013
node,9511112455,Shihou Omakase,restaurant,japanese,40.7783033,-73.9779157
node,9530084241,Village Square Pizza,fast_food,pizza,40.7331226,-74.005521
node,9530089580,Dunkin',fast_food,donut;coffee_shop,40.7521025,-73.9877735
node,9535050121,Sveta,restaurant,russian,40.729671,-74.0041564
node,9535119733,Mishka Soho,restaurant,eastern_european,40.7236733,-74.0038719
node,9542864478,Cantinflas Mexican Deli,restaurant,mexican,40.791418,-73.9450229
node,9542866767,La Fonda,restaurant,caribbean;puerto_rican,40.7919013,-73.9450329
node,9542956845,Meli's,restaurant,,40.7901672,-73.9470764
node,9543489013,Little Italy Pizza,fast_food,pizza,40.7778525,-73.9825517
node,9543860017,PROOF Coffee Roasters,cafe,,40.8149807,-73.9443109
node,9543863717,BO's Bagels,cafe,bagel,40.8041731,-73.9541227
node,9543870917,Cuchifritos,restaurant,,40.7981041,-73.9410798
node,9543871617,Afficionado Coffee Roasters,cafe,coffee_shop,40.7675057,-73.9931234
node,9543882217,Ess-a-Bagel,fast_food,bagel;breakfast;sandwich,40.7342454,-73.9800538
node,9543883517,Los Mariscos,restaurant,seafood;mexican;tacos,40.742149,-74.0056195
node,9543883817,Miznon,restaurant,,40.7424326,-74.0062542
node,9543885217,Saltwater Coffee,cafe,,40.7303032,-73.9839567
node,9543892117,La Cabra,cafe,,40.7293965,-73.9868649
node,9543899217,Blackstone Coffee Roaster,cafe,,40.7332768,-74.0061716
node,9543899218,Oslo Coffee Roasters,cafe,,40.7337757,-74.0054727
node,9543907017,Joe's Steam Rice Roll,restaurant,,40.7190696,-74.0007786
node,9543908517,Fong On,fast_food,chinese,40.7141992,-73.9936957
node,9543909517,El Castillo de Jagua,restaurant,latin_american,40.719825,-73.9878343
node,9543909617,Empanada Mama,restaurant,colombian,40.7187446,-73.9909123
node,9543912717,Cheong Fun Cart,restaurant,,40.7176997,-73.9961879
node,9543912817,Yi Ji Shi Mo,restaurant,chinese,40.7182009,-73.9958285
node,9543917517,% Arabica,cafe,coffee_shop,40.7025978,-73.9941382
node,9543930717,The Freakin Rican®,restaurant,,40.7552942,-73.9183285
node,9543937717,Birch Coffee HQ,cafe,,40.7401553,-73.9283362
node,9543939118,Paloma Coffee & Bakery,cafe,coffee_shop,40.7107068,-73.9512259
node,9543940517,Hungry Ghost Coffee,cafe,coffee_shop,40.7145938,-73.9450381
node,9543941517,Alex Coffee Roasters Brooklyn,cafe,,40.7194959,-73.96067
node,9543945217,Oasis,restaurant,middle_eastern,40.7182557,-73.9574255
node,9550708171,Ralph's Coffee,cafe,coffee_shop,40.7400868,-73.9909032
node,9552593824,The Donut Pub,cafe,donut,40.7297984,-73.9928785
node,9552593825,Potbelly,fast_food,sandwich,40.7298459,-73.9928398
node,9553068941,Le Baobab Gouygui,restaurant,senegalese;african,40.8023545,-73.9509307
node,9553068946,Safari,restaurant,african;somali,40.8038486,-73.9535718
node,9553068947,Keur Coumba,restaurant,african;senegalese,40.8026563,-73.9507343
node,9553068948,BLVD Bistro,restaurant,soul_food;southern,40.8043653,-73.9556713
node,9553068949,Harlem Food CT,restaurant,middle_eastern,40.8016692,-73.9492812
node,9553127998,Tropilyz,restaurant,dominican;caribbean,40.8028721,-73.9521254
node,9553134899,La Savane,restaurant,african,40.8041288,-73.9542537
node,9553153273,Pikine,restaurant,senegalese;african,40.8041913,-73.9543835
node,9555199603,Wandering Barman,bar,,40.7089774,-73.9351379
node,9555414817,Strangelove Bar NYC,bar,,40.7572826,-73.9681405
node,9556844292,Romeo And Juliet Colombian Coffee,cafe,coffee_shop,40.7608594,-73.997937
node,9558935214,Chama Mama,restaurant,georgian,40.7384151,-73.9989186
node,9559075749,Keys & Heels,bar,,40.7722433,-73.955622
node,9559184085,Uva Next Door,restaurant,italian,40.7721374,-73.9556862
node,9559184086,Ollie's To Go,restaurant,chinese,40.7719736,-73.9556563
node,9559184087,Uva,restaurant,italian,40.7721955,-73.9556505
node,9559184088,the Blue Mezze Bar,restaurant,mediterranean;tapas,40.7720432,-73.9557634
node,9559467211,Sabor A Mexico II,restaurant,mexican,40.7725552,-73.957013
node,9559639727,Hi-Collar,restaurant,japanese,40.7295825,-73.9878389
node,9559658875,Beard Papa's,cafe,dessert,40.7293544,-73.989023
node,9560130501,Echoes of Siam,restaurant,thai,40.7604877,-73.9615727
node,9560186050,Phil Hughes Bar,bar,irish,40.7780024,-73.9482923
node,9560223183,Avoca,bar,,40.7778711,-73.9483951
node,9566783579,Subway,fast_food,sandwich,40.7608403,-73.9978768
node,9566829984,Nan Xiang Xiao Long Bao,restaurant,chinese;dumpling,40.7292575,-73.9889137
node,9566829985,Szechuan Mountain House - 川山甲,restaurant,chinese;sichuan,40.7291717,-73.9885755
node,9566829986,N25 Nitro Tea & Coffee,cafe,vietnamese,40.7290595,-73.9884404
node,9571265607,Island,restaurant,seafood;american,40.7849377,-73.9556277
node,9571408096,Vicolina,restaurant,italian,40.784982,-73.9560188
node,9571408097,Table d'Hôte,restaurant,french,40.7844621,-73.9557959
node,9571664618,Al Vaporetto,restaurant,italian,40.7757456,-73.9569141
node,9571769981,Cafè Blériot,cafe,coffee_shop,40.7762901,-73.9542806
node,9571832579,OM,restaurant,indian,40.7726896,-73.9497324
node,9571832581,Bistro Nando,restaurant,mediterranean,40.7756602,-73.9535891
node,9578260093,Sweet Linda,bar,seafood;charcuterie;snack,40.7246493,-73.9907779
node,9579194108,Oasis Cafe,cafe,coffee_shop;mediterranean;sandwich,40.7366185,-73.9815739
node,9579194112,Malii Gramercy,restaurant,thai,40.7376694,-73.9812818
node,9579314646,MooMooCha,cafe,bubble_tea,40.7329596,-73.9859835
node,9579352615,Ruby’s,restaurant,Australian,40.7310793,-73.9883694
node,9579352616,The Dolar Shop,restaurant,chinese,40.7311047,-73.9885452
node,9579377217,Sammy L Coffee,cafe,coffee_shop;sandwich;pastry,40.7316535,-73.9880652
node,9579458318,Popeyes,fast_food,chicken,40.7804247,-73.953048
node,9579458320,Yasouvlaki,restaurant,greek,40.780315,-73.9531563
node,9579615886,Ooki Sushi,restaurant,japanese;sushi,40.7803272,-73.9526335
node,9579615888,Effy's Cafe on York,restaurant,mediterranean,40.7775912,-73.9456744
node,9581299655,Daikanyama,restaurant,japanese,40.7619777,-73.9672689
node,9581299658,Anassa Taverna,restaurant,greek,40.7619879,-73.9659672
node,9581876700,Beron Beron,restaurant,japanese,40.7287959,-73.9841615
node,9581876701,Sabor A Mexico,restaurant,mexican,40.7285297,-73.9843806
node,9581876702,Joe & Pat's,restaurant,pizza,40.7289087,-73.9840953
node,9581954770,Polash Indian,restaurant,indian,40.7978413,-73.9342993
node,9581958450,Evelyn's Kitchen,cafe,,40.7977141,-73.9343965
node,9586083803,Boar's Head,restaurant,sandwich,40.7636101,-73.9669772
node,9586083804,Joe & The Juice,cafe,coffee_shop,40.7639375,-73.9667072
node,9586584588,Eat Here Now,restaurant,diner,40.7651445,-73.9658755
node,9586659413,Alice's Tea Cup,cafe,tea,40.7651701,-73.9657768
node,9586659414,JoJo,restaurant,french,40.7651273,-73.9656648
node,9590309771,Grabstein's Bagels,cafe,bagel,40.7870041,-73.9540362
node,9595690718,Pure Green,fast_food,juice,40.7359093,-73.9595129
node,9595950536,Tong,restaurant,thai,40.707848,-73.920557
node,9595950537,Za-Ya,restaurant,ramen,40.7079761,-73.9204264
node,9595950539,Kings Kolache,cafe,texan;breakfast,40.7081895,-73.9202089
node,9595950540,Empanada City,fast_food,latin_american,40.7082711,-73.9202317
node,9596901539,Paola's,restaurant,italian,40.7822852,-73.95338
node,9596938816,Tal Bagels,cafe,,40.7809445,-73.954711
node,9611990778,Sake Bar Hagi,restaurant,japanese;ramen;sushi;yakitori;sake;shochu;cocktails,40.7627414,-73.9849799
node,9615063330,Fresh 99 cents pizza,restaurant,pizza,40.7386552,-74.0004096
node,9615093450,Zazzy's Pizza,restaurant,pizza,40.7366471,-74.0013787
node,9622672881,Taco Bell Cantina,fast_food,tex-mex,40.7508937,-73.9867321
node,9624789645,SF BK,cafe,new_mexican;breakfast,40.7179646,-73.9566853
node,9630352308,Douska,restaurant,sushi;japanese,40.7190702,-73.990767
node,9630409564,Factory Tamal,fast_food,mexican,40.726859,-73.9907702
node,9630440537,The Hideout Chai Bar,cafe,tea,40.7210014,-73.9911028
node,9633471059,Dear Mama,cafe,,40.8167277,-73.9585099
node,9633919717,Teranga,restaurant,african,40.7962743,-73.9494139
node,9634779296,Sojourn Social,restaurant,american,40.7794524,-73.950373
node,9641678793,Roma Pizza,fast_food,pizza,40.7783491,-73.948518
node,9641688817,Kora,restaurant,donut,40.7511265,-73.9499187
node,9642113264,Mamoun's Falafel,restaurant,middle_eastern,40.7288007,-73.9885054
node,9644541103,Machi machi,cafe,bubble_tea,40.7479431,-73.987102
node,9644541105,Antoya Korean BBQ,restaurant,korean,40.7480141,-73.9872738
node,9644596253,E-MO,restaurant,korean;gimbap;sushi,40.7473128,-73.9861372
node,9644596254,Hong Chun Cheon Dak Galbi,restaurant,korean,40.7472762,-73.9861356
node,9644596255,Kushi Kushi Yaki,restaurant,japanese;ramen,40.7472788,-73.9860623
node,9644596256,Koku Ramen,restaurant,japanese;ramen,40.7472957,-73.9860976
node,9644596257,MUI,restaurant,korean,40.747333,-73.9864401
node,9644596258,Abiko Curry,restaurant,japanese,40.7473223,-73.9861681
node,9644617681,Itaewon Pocha,restaurant,korean;gastropub,40.7476554,-73.9870454
node,9646862886,McDonald's,fast_food,burger,40.7999642,-73.9678175
node,9646952138,Olivia - Spanish Tapas,restaurant,spanish,40.8169614,-73.9578631
node,9646952139,The Botanist,fast_food,,40.8168,-73.9579462
node,9646952140,Shai Hummusiya,fast_food,middle_eastern,40.8168315,-73.9579315
node,9646952141,Benny Casanova's,fast_food,,40.8168842,-73.9578926
node,9646952142,Butterfunk BIscuit Co.,fast_food,,40.8168589,-73.9579113
node,9651946306,Criollas baked empanadas,restaurant,pizza,40.7314661,-74.0013819
node,9651970578,Williamsburg Pizza,fast_food,pizza,40.7183056,-73.9911276
node,9652130907,Saperavi,restaurant,georgian,40.779573,-73.9502846
node,9652138965,Meller's Sports Hub & Grill,bar,american;italian,40.7792739,-73.9505041
node,9652307132,Krispy Kreme,fast_food,donut,40.7404651,-73.9874499
node,9652667219,Stanton Street Pizza,restaurant,pizza,40.7207983,-73.9866677
node,9652667817,The Little Beet,cafe,,40.7052164,-74.0091284
node,9653343576,Dig,fast_food,regional,40.7375465,-73.9910075
node,9654088076,Spice Lamb,restaurant,chinese,40.8001788,-73.96613
node,9654088080,DBL Pie Pizza,fast_food,pizza,40.8000784,-73.9662074
node,9655041169,fresh&co,fast_food,sandwich;salad;breakfast,40.7297602,-73.9932978
node,9655048217,Katana Kitten,bar,,40.7342532,-74.0064058
node,9658251141,Liberty Bagels Midtown,cafe,bagel,40.7525226,-73.9924763
node,9658995859,Northerly Coffee,restaurant,coffee_shop,40.7105767,-73.9580361
node,9659096580,Old Country Coffee,cafe,breakfast;sandwich,40.7545045,-73.998504
node,9659096582,Subway,fast_food,sandwich,40.7544402,-73.9983475
node,9659208992,Masala King,restaurant,indian,40.747152,-73.9819585
node,9659208994,Chelsea Bagel & Pizzeria,fast_food,bagel;sandwich;pizza,40.7471784,-73.982025
node,9659538027,Okiboru House of Udon,restaurant,japanese,40.728188,-73.9877361
node,9659554656,Ogawa,restaurant,japanese,40.727284,-73.99223
node,9661358859,Kettl,cafe,oriental,40.7266373,-73.991949
node,9661358860,Current Coffee,cafe,coffee_shop,40.7266017,-73.9919637
node,9661820817,Il Gusto Pizza,fast_food,pizza,40.725384,-73.9897913
node,9663197993,Have A Bagel,fast_food,sandwich,40.7100045,-73.9584131
node,9664467134,Luna Asian Bistro,restaurant,asian,40.7572434,-73.9206368
node,9664809923,Bistro les Amis,restaurant,french,40.7247352,-74.0025962
node,9665442785,American Brass,restaurant,american,40.7437979,-73.958419
node,9666379842,Kamisama,restaurant,ramen,40.7326075,-73.9859694
node,9668165673,Il Buco Alimentari,restaurant,italian,40.7265607,-73.9924685
node,9668165674,Elvis,bar,,40.7267174,-73.9921853
node,9668674894,Drinkology,restaurant,,40.7553237,-73.9184041
node,9670997117,Claudio’s Pizza & Pasta,restaurant,pizza,40.7603948,-73.9946972
node,9671008374,Vic's,restaurant,italian,40.7269244,-73.9932027
node,9671326908,Misirizzi,restaurant,italian,40.7272644,-73.9921901
node,9671893385,Good Luck,fast_food,chinese,40.7392056,-73.9197806
node,9671893391,The Jar,bar,,40.739242,-73.9201241
node,9671893394,Dolci Paradise Bakery,cafe,,40.7390365,-73.9203347
node,9673072467,Arcos de Puebla,restaurant,mexican,40.7071589,-73.9395935
node,9673089865,Pink Metal,bar,,40.7072464,-73.939549
node,9673090632,Carribean Soul,restaurant,,40.7074088,-73.9396195
node,9678600531,Dunkin',fast_food,donut;coffee_shop,40.7050772,-74.0122027
node,9681405917,Papa John's,fast_food,pizza,40.7991211,-73.9669187
node,9681503388,Tudor City Steakhouse,restaurant,steak_house,40.7492111,-73.9701909
node,9683497137,Caroline's Donuts,cafe,donut,40.7771173,-73.9525218
node,9683499914,Café Maud,cafe,american;brunch,40.7772229,-73.951999
node,9683526577,Elio's,restaurant,,40.776803,-73.9527507
node,9683548273,Fumo,restaurant,italian,40.7766475,-73.9523881
node,9683990784,Al-Andalus,restaurant,arab;spanish;tapas,40.7246902,-73.9836974
node,9684925126,Ovelia,restaurant,greek,40.7658643,-73.9187427
node,9685676341,Delicacy,fast_food,sandwich,40.7543174,-73.9790946
node,9688958147,Tomo21 Sushi,restaurant,japanese,40.7276995,-74.0001628
node,9690650984,Milk and Roses,restaurant,italian;american,40.737425,-73.9550647
node,9690757649,Bar Felice,bar,italian,40.7748417,-73.9510989
node,9690757650,Inase,restaurant,sushi,40.7745535,-73.9508433
node,9690757651,AOC East,restaurant,french,40.774688,-73.9507292
node,9690757653,QUATORZE bis,restaurant,french,40.7743123,-73.950992
node,9690757655,Felice,restaurant,italian;tuscan,40.7748986,-73.951071
node,9690757656,Le Pain Quotidien,cafe,coffee_shop,40.7747408,-73.9506866
node,9692134308,Tacos del Este Superior,restaurant,mexican,40.7681319,-73.9611242
node,9693342310,Watawa Sushi,restaurant,sushi,40.7750333,-73.909408
node,9693563601,Chicken Festival,restaurant,peruvian;barbecue;chicken,40.7765245,-73.9110067
node,9694850917,Snafu Bar,bar,,40.754616,-73.9732052
node,9694851017,Sticky's Finger Joint,fast_food,,40.7539151,-73.9749446
node,9695903780,Easy Lover,bar,,40.7145615,-73.9425485
node,9695903781,BRUJOS Brooklyn Taco Company,restaurant,mexican,40.7143075,-73.9445172
node,9696064166,Carmine & Sons Pizzeria & Sports Bar,restaurant,italian;pizza,40.7149179,-73.9442822
node,9696066131,Domino's,fast_food,pizza,40.7409038,-73.9019458
node,9696507316,Fuel Fever,cafe,coffee_shop;health_food;juice;mediterranean,40.7033542,-73.986766
node,9699175979,Rind,cafe,,40.7591032,-73.9918725
node,9699194096,Chick-fil-A,fast_food,chicken,40.7578856,-73.9895835
node,9700890359,Dunkin',fast_food,donut;coffee_shop,40.8280768,-73.9721399
node,9700890401,Sushi Cruise,restaurant,sushi,40.8183409,-73.9772752
node,9700890402,,fast_food,mexican,40.825259,-73.983191
node,9705479179,La Casa Del Sabor,cafe,,40.7595166,-73.920585
node,9706028117,NY $1.50 Fresh Pizza,restaurant,pizza,40.7356777,-74.0013735
node,9706384917,Sal’s Pizza,restaurant,pizza,40.7637091,-73.9921426
node,9707608778,Full Moon Cafe,cafe,,40.7405219,-73.9225659
node,9708208979,7th Street burger,fast_food,burger,40.7269257,-73.9853696
node,9709984690,Farook's Halal Cart,restaurant,,40.7336744,-73.9883102
node,9711419117,Healthy Green Juice Bar,cafe,,40.709544,-74.0085841
node,9715980449,Flower's Cafe,cafe,coffee_shop;sandwich,40.7162197,-73.9895853
node,9715980450,Rabbit House Omakase & Sake Bar,restaurant,japanese,40.7162726,-73.9895495
node,9716055321,El Cabron Taqueria & Marisqueria,restaurant,mexican,40.7155198,-73.9899407
node,9716055322,Tace Recipies,restaurant,mexican,40.7154324,-73.9899906
node,9717340504,Meow Parlour,cafe,,40.7156154,-73.9902595
node,9719202412,The Guthrie Inn,bar,,40.7873564,-73.9516331
node,9719216591,O Cuisine,restaurant,,40.78739,-73.9516174
node,9719703281,Silver Star,restaurant,diner,40.7641528,-73.9614942
node,9719714335,Goyana,bar,brazilian,40.7883799,-73.9487013
node,9721647917,Tivoli Trattoria,restaurant,italian;pizza,40.735976,-74.0016638
node,9725272617,1.50¢ Delicious Pizza,fast_food,pizza,40.7547334,-73.9881226
node,9726158585,Taqueria Guadalupe,restaurant,mexican,40.7937413,-73.9450054
node,9731450850,Peeps Kitchen,restaurant,chicken,40.7214116,-73.9458811
node,9731450854,Rome to Brooklyn,fast_food,pizza,40.7228531,-73.9504077
node,9733053717,Pho Maiden Lane,restaurant,vietnamese;rice_noodle,40.709698,-74.009548
node,9733707531,Chow House,restaurant,chinese,40.7290896,-74.0007802
node,9735398744,Art Bean Coffee Roasters,cafe,coffee_shop,40.7146689,-73.9981529
node,9735398749,Lei,bar,chinese,40.7145482,-73.9981894
node,9735458939,Mott Pho Bang,restaurant,vietnamese;rice_noodle,40.7194647,-73.996424
node,9735550663,Han Dynasty,restaurant,chinese,40.7322044,-73.9882118
node,9735550665,Stars,bar,,40.7321585,-73.9883569
node,9736034061,Sweet & Vicious,bar,,40.7212474,-73.9942934
node,9736053031,Hyake,restaurant,japanese,40.7187004,-73.9944776
node,9737988787,Docks,restaurant,seafood,40.7495103,-73.9751059
node,9749233913,All'Antico Vinaio,fast_food,sandwich,40.7596992,-73.9882202
node,9752174406,jajaja,restaurant,,40.7201751,-73.9617238
node,9753289207,Five Guys,fast_food,burger,40.7071308,-74.0075294
node,9753289208,Café Hestia,restaurant,american;asian;sandwich,40.707271,-74.0077613
node,9770640988,Bonjour Crepes & Waffles,cafe,,40.7755074,-73.9536926
node,9770640990,Asian 83,restaurant,chinese,40.776203,-73.9531689
node,9771053151,456 New Shanghai,restaurant,chinese;dumpling,40.7162541,-73.9982288
node,9771083990,ZAZA,restaurant,diner,40.7084333,-74.0135562
node,9772198978,Bottega,restaurant,italian,40.7678322,-73.9593373
node,9775903969,Rica's Pupusas & Mas,restaurant,salvadorian,40.739404,-73.9183599
node,9776227090,San Pietro Restaurant,restaurant,italian,40.7602607,-73.9744133
node,9777569218,Sacco Pizza,restaurant,pizza,40.7662434,-73.9871718
node,9777640617,Famous Famiglia Pizza,restaurant,pizza,40.7580372,-73.9888823
node,9780519497,Dragon 105,restaurant,chinese,40.7982462,-73.9633552
node,9784340519,Partners Coffee,cafe,,40.7624715,-73.9811369
node,9784341117,The Mermaid Inn – Chelsea,restaurant,,40.748081,-74.0041578
node,9784352417,Le Caffe Coffee,cafe,,40.759942,-73.9816372
node,9784361517,Maman,cafe,,40.7575756,-73.9790831
node,9787335517,Elis Wine Bar,restaurant,,40.8028192,-73.964203
node,9789823863,Agave,restaurant,mexican,40.7347312,-74.0023782
node,9793178849,Em Vietnamese Bistro,restaurant,vietnamese,40.7026903,-73.9914001
node,9793773981,Homemade Taqueria,restaurant,mexican,40.8011698,-73.961203
node,9793798565,Let's Meat,restaurant,korean;barbecue,40.7466986,-73.9855994
node,9793800631,WarrenPeace,restaurant,,40.7151232,-74.0103245
node,9797307326,Rim Nam Thai Kitchen,restaurant,thai,40.7033087,-73.9867687
node,9798846090,Little Gio's Pizza,fast_food,pizza,40.7237055,-73.9879163
node,9806919511,Starbucks,cafe,coffee_shop,40.7436657,-73.9738384
node,9807347128,Dunkin',fast_food,donut;coffee_shop,40.7408098,-73.9814509
node,9807449447,Downtown Social,bar,pub,40.7294584,-73.9872984
node,9809110694,Decibel,bar,japanese,40.7292871,-73.9877312
node,9811608358,La Bagel Delight,fast_food,bagel;breakfast;sandwich,40.7023931,-73.9887316
node,9812993600,Devoción,cafe,,40.701665,-73.9865228
node,9813469117,Analogue,bar,,40.7328546,-73.9974818
node,9815615205,Famous Original Ray's Pizza,restaurant,pizza,40.7604274,-73.9840645
node,9823263115,Barranco,restaurant,,40.7746732,-73.9089229
node,9826455127,Spongies Cafe,cafe,,40.7180009,-73.9989068
node,9826455128,Kam Hing Coffee Shop,cafe,,40.7179543,-73.9991906
node,9826534634,May Wah Fast Food,restaurant,chinese,40.7182323,-73.9984263
node,9838678804,Greek from Greece,restaurant,greek,40.751969,-73.9896709
node,9838737047,Yang Guo Fu,restaurant,sandwich,40.7520011,-73.9906484
node,9844215587,$1.50 Pizza,restaurant,pizza,40.7226604,-73.9883801
node,9845158012,Zio Pepe's,fast_food,pizza,40.7762115,-73.9152149
node,9845565310,Willow Vegan Bistro,restaurant,bistro;american,40.7436499,-73.9999237
node,9847048468,Our New Place,restaurant,chinese,40.7734524,-73.9557735
node,9848992562,Peacefood,restaurant,,40.7332657,-73.9929743
node,9853378374,Famous Amadeus,restaurant,pizza,40.762535,-73.9857038
node,9853694622,Pizza Plus,restaurant,pizza,40.7013142,-74.0133742
node,9858423030,Copinette,restaurant,,40.7540655,-73.9662639
node,9858440588,Plug Uglies,bar,,40.7718409,-73.9533011
node,9858441975,Sea Salt,restaurant,mediterranean,40.761263,-73.960985
node,9858455466,Little Italy Pizza,restaurant,pizza,40.7654082,-73.9579801
node,9859366273,Lamb's Bread,cafe,cannabis,40.7927777,-73.9406366
node,9861229817,Food Truck Buenos Nachos Amigos,fast_food,mexican,40.7056856,-74.008208
node,9872765493,Tisch Cafe,fast_food,eclectic,40.7425311,-73.9737976
node,9873034474,Al Horno,fast_food,mexican;health_food;juice,40.7452696,-73.979396
node,9873034475,Lucky Lyndon,bar,,40.7452397,-73.9793194
node,9874879428,Bite of Hong Kong,cafe,,40.7173256,-73.9944535
node,9874879429,The Chubby Crab,fast_food,chinese;chicken;seafood;american,40.7172475,-73.9944986
node,9874879438,Kitchen Cô Út,restaurant,vietnamese,40.7175056,-73.9943708
node,9875326357,Farina on 2nd,fast_food,italian,40.7798681,-73.9507239
node,9875403134,Möge Tee,cafe,asian;bubble_tea,40.7291644,-73.9899477
node,9875579417,,bar,,40.7027469,-73.9206221
node,9876984223,"Sincerely, Ophelia",bar,,40.73211,-73.9854278
node,9876984224,Dear Rufino,fast_food,mexican,40.7320846,-73.9853638
node,9882448221,BLACKBARN Restaurant,restaurant,american,40.7430473,-73.9870659
node,9890276213,La Vera Pizza,restaurant,pizza,40.7540737,-73.9688701
node,9890344448,Remi43 Flower & Coffee,cafe,,40.7506032,-73.9713921
node,9890798670,Xi'an Famous Foods,fast_food,chinese,40.7801571,-73.9802831
node,9895269792,Freddie & Peppers,fast_food,pizza,40.7800359,-73.9803577
node,9896425447,,restaurant,,40.7274691,-74.0034457
node,9900947175,Indo Pak Halal,restaurant,indian,40.7942779,-73.9399888
node,9901134112,Dipping Dumplings,restaurant,noodle,40.7757252,-73.9150322
node,9902816729,The Landing,restaurant,american,40.7513655,-73.9922668
node,9902852319,Presto Fresh Cafe,fast_food,mexican,40.8122183,-73.9549914
node,9904363429,49 Columbia Newsstand & Luncheonette,fast_food,,40.7173047,-73.9804441
node,9906273052,Zaytinya,restaurant,mediterranean,40.7456123,-73.988821
node,9910104398,Hidden Leaf,restaurant,asian,40.7528992,-73.9986453
node,9910104399,Midnight Cafe,bar,,40.7528931,-73.9986288
node,9910412817,,restaurant,,40.7157722,-73.9986833
node,9915437745,Black Fox Coffee Co.,cafe,coffee_shop,40.7532096,-73.9983386
node,9915437750,Chez Zou,bar,,40.753084,-73.9982078
node,9920390979,Sammy's Halal Food,fast_food,,40.7318115,-74.0007467
node,9920390980,King of Falafel & Shawarma,fast_food,falafel,40.7762175,-73.9109081
node,9920390981,King of Falafel & Shawarma,fast_food,falafel,40.7592265,-73.9728482
node,9922905117,Excellent Dumpling House,restaurant,chinese,40.7440139,-73.9950453
node,9923265667,Stamatis,restaurant,,40.7749545,-73.9134483
node,9923265668,Slappin Chick,restaurant,chicken,40.7673231,-73.9119969
node,9923265673,"Chick It Out ""Khao Man Gai""",restaurant,thai,40.7602927,-73.9225131
node,9923265674,Nene's Taqueria,fast_food,tacos,40.7596978,-73.9202099
node,9923265677,Sobremesa Cocina Mexicana,fast_food,mexican,40.750076,-73.9485838
node,9932514108,Yoi Ramen & Tea,fast_food,ramen,40.7432613,-73.9772252
node,9934396018,Cipriani Downtown NYC,restaurant,,40.7236281,-74.0028707
node,9943391607,Shillelagh Tavern,bar,,40.7608714,-73.9088572
node,9945650418,Tabletime,fast_food,,40.7529992,-73.9802104
node,9948699933,Subway,fast_food,sandwich,40.7093522,-74.0090617
node,9950542396,4 Boy 99¢ Pizza,fast_food,pizza,40.7499168,-73.994249
node,9951145664,Stick To My Pot Potstickers,restaurant,dumpling,40.7520118,-73.9912601
node,9957566525,Pico De Gallo Bar & Kitchen,restaurant,mexican,40.7951614,-73.9698158
node,9964840579,Dunkin',fast_food,donut;coffee_shop,40.7103387,-74.0089218
node,9966553542,Court Street Grocers,fast_food,sandwich,40.7288374,-73.99849
node,9966728417,Midnight's Bar,bar,,40.7174819,-73.9584012
node,9966728719,Chef Tan,restaurant,chinese,40.7288592,-73.9880038
node,9966728817,,restaurant,,40.7853079,-73.972782
node,9973562817,Paris Baguette,cafe,american;breakfast;cake;french;ice_cream;sandwich,40.8517001,-73.9691351
node,9973577917,Hiram's Roadstand,restaurant,american;burger;grill,40.8415884,-73.9747221
node,9978637389,Whiskey Town,bar,pizza,40.7258327,-73.9902044
node,9978637390,Three Jewels,cafe,,40.7262473,-73.9911911
node,9978637391,Solas,bar,,40.7294285,-73.9880625
node,9979394746,United Fried Chicken,fast_food,fried_chicken;pizza,40.8221072,-73.9383984
node,9990753838,Lullaby,bar,,40.7191923,-73.9857247
node,9993249848,Vin Sur Vingt,bar,,40.7301919,-73.986236
node,9993249851,Uluh,restaurant,chinese,40.7294457,-73.9868292
node,9993646349,7th Street Burger,fast_food,burger,40.7027509,-73.9935394
node,9993646351,Birbante,restaurant,italian;pizza,40.7029005,-73.9938186
node,10000521613,Tamam Falafel,restaurant,falafel,40.7740338,-73.9597573
node,10000638486,Soba Totto,restaurant,japanese;soba,40.7512527,-73.9732065
node,10000660266,Blue Bottle Coffee,cafe,coffee_shop,40.7514513,-73.9955788
node,10000660268,Sauce Pizzeria,fast_food,pizza,40.7518526,-73.9958286
node,10000660269,E.A.K. Ramen,fast_food,,40.7517906,-73.9958774
node,10000660270,Jacob’s Pickles,fast_food,chicken,40.7517384,-73.995919
node,10000660271,Naya,fast_food,middle_eastern,40.7516764,-73.9959678
node,10000660272,The Irish Exit,bar,,40.7517188,-73.9957296
node,10000660274,Maman,fast_food,soup;sandwich,40.7516134,-73.9956291
node,10000660277,Burger Joint,fast_food,burger,40.7517093,-73.9955526
node,10000660278,Chopt,fast_food,salad,40.7518035,-73.9955651
node,10000660280,Pressed Juicery,fast_food,juice,40.75163,-73.995203
node,10000660281,Vesuvio,fast_food,,40.7515526,-73.9950135
node,10000674926,Scen,restaurant,,40.7448287,-73.9890064
node,10007212450,Poke Zest,fast_food,poke,40.7238629,-73.9509798
node,10007479156,Gemma,restaurant,italian;breakfast,40.7261893,-73.9916167
node,10010270931,Dear Coffee,cafe,,40.778152,-73.9567392
node,10030528221,Lava Shawarma,restaurant,mediterranean,40.7825481,-73.9515068
node,10032204061,Strange Flavor Burger Shack,restaurant,burger,40.7059175,-73.9239412
node,10035107459,BierWax Queens,bar,empanada,40.7006181,-73.9073488
node,10049914828,Mad For Chicken ,restaurant,chicken,40.7913756,-73.9450558
node,10054132587,Via Della Pace,restaurant,italian,40.7264557,-73.9898004
node,10064144417,Joe & The Juice,cafe,coffee_shop,40.7225249,-73.9974462
node,10067180314,George's Latin American Bistro,restaurant,spanish;latin_american,40.7014386,-73.9424037
node,10067923318,Marcellino,restaurant,,40.7205723,-73.9966868
node,10073864123,Bangkok2,restaurant,thai,40.7352819,-73.9799548
node,10073864124,Go-Chin Khao Man Gal,fast_food,thai,40.7352297,-73.9799887
node,10073864129,Grill 21,restaurant,filipino,40.7356886,-73.9799818
node,10073864131,Frank's Trattoria,restaurant,italian;pizza,40.73608,-73.9793659
node,10073955919,Birria L.E.S.,fast_food,mexican,40.7286941,-73.9882629
node,10073955920,12th Street Ale House,bar,,40.731033,-73.9856635
node,10073955921,Odre,restaurant,korean,40.7313977,-73.9858961
node,10074094104,Acre,restaurant,japanese,40.7262824,-73.9546913
node,10074094115,Rule of Thirds,restaurant,japanese,40.7247297,-73.955217
node,10076162917,Black Seed Bagels,fast_food,bagel,40.7162116,-73.9617806
node,10077663950,The Django,bar,,40.7192738,-74.0048357
node,10078555417,Angels Cafe,cafe,bagel,40.7192029,-73.9597158
node,10081075317,Tomiño,restaurant,spanish;galician,40.7193342,-73.9969704
node,10082206108,Chick-fil-A,fast_food,chicken,40.7515314,-73.9914715
node,10087482396,Brasserie Cognac Central Park South,restaurant,french;bistro,40.7663723,-73.9796629
node,10089662146,Popeyes,fast_food,chicken,40.8560765,-73.9011762
node,10089881641,Bar Pasquale,bar,,40.7211455,-73.996916
node,10089881642,Madhufalla Organics,fast_food,juice,40.7209177,-73.9967853
node,10089920691,Le District,restaurant,french,40.7128867,-74.0158588
node,10090538375,KFC,fast_food,chicken,40.7192028,-74.0012815
node,10090538378,Los Tacos Hermanos,fast_food,mexican,40.7213158,-74.0048984
node,10090538380,Toad Hall,bar,,40.7221836,-74.0035553
node,10090538383,Matchaful,cafe,,40.7211027,-74.0039693
node,10090555737,Pylos Restaurant,restaurant,greek,40.7261637,-73.9840813
node,10090555738,Giano,restaurant,italian,40.7261935,-73.9841587
node,10091724025,Mr. Bao,restaurant,chinese,40.7170474,-73.9587441
node,10091724026,Juice Generation Bedford Ave,fast_food,juice,40.7170004,-73.9587906
node,10091724027,Williamsburg Thai Cuisine,restaurant,thai,40.7169607,-73.9588354
node,10092297323,Little Italy,restaurant,pizza,40.7179522,-73.9574512
node,10093316505,Dunkin',fast_food,donut;coffee_shop,40.8601135,-73.9024793
node,10093326819,,restaurant,chinese,40.8583346,-73.9029801
node,10093326820,Subway,fast_food,sandwich,40.8622375,-73.9012396
node,10094951526,7th Street Burger,fast_food,burger,40.7295683,-74.0007048
node,10096054217,Frisson Espresso 44,cafe,,40.7600809,-73.9921104
node,10096271927,Vanessa's Dumpling House,restaurant,chinese,40.776869,-73.9526966
node,10101226877,North Bar,bar,,40.7237077,-74.009632
node,10101940192,El Valle,restaurant,,40.8623995,-73.9011258
node,10101940198,,restaurant,,40.8598381,-73.900042
node,10101940213,,fast_food,pizza,40.8607002,-73.9022436
node,10101940215,Dinamante,restaurant,,40.8621388,-73.9017953
node,10106777980,The Chick Inn Harlem,restaurant,,40.8252449,-73.9509886
node,10108219017,ViceVersa,restaurant,italian,40.7636094,-73.9867217
node,10109714818,,fast_food,pizza,40.8625856,-73.9044559
node,10109714832,,fast_food,chicken,40.862584,-73.9045375
node,10109714833,Chopped Cheese & Grill,fast_food,,40.862896,-73.9033421
node,10115105161,Champagne Problems,bar,,40.7212764,-73.9934281
node,10115105167,N B Wing Wong,restaurant,chinese,40.7155469,-73.9967408
node,10115105172,Nakaji,restaurant,sushi,40.7157979,-73.9968327
node,10116510702,,restaurant,,40.8559459,-73.9056793
node,10116510710,,restaurant,,40.8514858,-73.9084247
node,10116520022,Domino's,fast_food,pizza,40.8545284,-73.9069798
node,10116520024,Taco Bell,fast_food,tex-mex,40.8534531,-73.9074199
node,10116520025,,restaurant,,40.8512734,-73.9080553
node,10116520026,Subway,fast_food,sandwich,40.8539386,-73.9070179
node,10117338806,Kennedy,fast_food,chicken,40.854479,-73.9023958
node,10117338807,,restaurant,,40.8554404,-73.9016138
node,10121168833,,fast_food,,40.8438511,-73.9034003
node,10134134927,Bagel Works,fast_food,bagel,40.7643097,-73.9587823
node,10134167527,Cafe Luka,restaurant,american,40.7669856,-73.9568159
node,10134605473,Bellucci's Pizzeria,restaurant,italian_pizza;pizza,40.7644002,-73.9163838
node,10143335872,Yuan Zai Bing,restaurant,chinese,40.7174307,-73.9972597
node,10145183247,Rosemary's,restaurant,italian,40.7350368,-73.979466
node,10145183252,Fortuna,restaurant,mediterranean,40.7325514,-73.9819418
node,10145183255,Rosemary's Pantry,cafe,coffee_shop;breakfast;sandwich,40.7351387,-73.9794032
node,10151666949,Carnegie Pizza,restaurant,pizza,40.755372,-73.9877527
node,10154000117,Life Rooftop Central Park,bar,,40.7645955,-73.9784506
node,10158132117,Yard House,restaurant,american,40.7551463,-73.9873113
node,10164097237,Minosban,restaurant,,40.8652621,-73.9856015
node,10164097238,Funland Chinese Restaurant,restaurant,chinese,40.8654703,-73.985448
node,10164097239,Kaya Garden,restaurant,korean,40.8656519,-73.9853247
node,10164097240,Domino's,fast_food,pizza,40.8655393,-73.9854116
node,10170251962,Pueblo Querido,cafe,,40.7371151,-73.9587661
node,10173849101,,fast_food,mexican,40.700112,-73.9119807
node,10173854611,,fast_food,mexican,40.7000537,-73.9118806
node,10177409691,Chipotle,fast_food,mexican,40.8220128,-73.9533003
node,10177409693,Flor De Broadway Restaurant,restaurant,latin_american,40.8218738,-73.9541186
node,10179119908,Rumba Cafe,restaurant,panamanian,40.8655255,-73.9855731
node,10179234747,La Librairie des Enfants Café,cafe,,40.7830092,-73.951819
node,10182473198,Sugarcane Daddy,fast_food,juice;vietnamese,40.716749,-73.9996966
node,10195646156,Charm Thai Express,fast_food,thai,40.8138643,-73.9561495
node,10195939473,Ganache Coffee,cafe,coffee_shop,40.8066718,-73.9539564
node,10196098734,Maharaja Palace,fast_food,indian,40.8033615,-73.9563955
node,10198020635,Mama's Pizza,restaurant,pizza,40.7588156,-73.9889612
node,10200267914,Ümacha,cafe,bubble_tea,40.8164568,-73.9794076
node,10202468517,Omen Azen,restaurant,japanese,40.7259881,-74.0018204
node,10207581130,Chef Mike's Sub Shop,restaurant,sandwich,40.8088483,-73.9609987
node,10210440444,Maisonetta,restaurant,mexican;french,40.8085922,-73.9291196
node,10212457222,VERS,bar,,40.7626147,-73.9893366
node,10215147033,Just Salad,fast_food,salad,40.7607496,-73.9788499
node,10215147555,Nusr Et,restaurant,steak_house,40.7613084,-73.9785249
node,10215152666,Starbucks,cafe,coffee_shop,40.7606653,-73.9786542
node,10215153345,Global Kitchen,restaurant,,40.760797,-73.9789831
node,10224009800,Tim Ho Wan,restaurant,cantonese;dumplings,40.7593435,-73.9917258
node,10224157727,Ixta,restaurant,mexican,40.7244056,-73.9922194
node,10224616954,Desi Stop,fast_food,indian,40.72653,-73.9894084
node,10224616957,Plantshed,cafe,coffee_shop,40.7312238,-73.9860512
node,10224616958,Ecce,fast_food,pizza,40.7265742,-73.9893763
node,10224616959,Mimi Cheng's,fast_food,chinese,40.73075,-73.9863523
node,10224616960,Kanoyama,restaurant,sushi,40.7305655,-73.9864902
node,10225954379,Hibino,restaurant,japanese,40.7426774,-73.952036
node,10227684169,Hey Tea,fast_food,bubble_tea,40.72835,-73.9876214
node,10234375751,Da Long Yi Hot Pot,restaurant,chinese;hotpot;asian,40.7501006,-73.9412375
node,10234443658,Gong Cha,cafe,bubble_tea,40.7503456,-73.9404398
node,10238102608,Mama Yoshi Mini Mart,restaurant,japanese;sandwich,40.7031584,-73.911078
node,10245589405,PubKey,bar,hot_dog;sandwich;chicken,40.732185,-74.0000205
node,10245927789,Las Chicas Bakery,cafe,bakery,40.7913051,-74.0008191
node,10245927792,O2 K-BBQ,restaurant,korean,40.7907526,-74.00049
node,10245927796,Antonio's Restaurant & Pizzeria,restaurant,pizza,40.7921332,-74.0037592
node,10245927803,GP's Restaurant,restaurant,italian,40.7911858,-74.001756
node,10245969538,Dunkin',fast_food,donut;coffee_shop,40.7929478,-74.0018147
node,10245969543,Lau's Wine Bar & Restaurant,restaurant,latin_american,40.7924765,-74.0034698
node,10245969545,Cavalino's,restaurant,italian,40.7912959,-74.0041164
node,10245969563,Cara Mia,restaurant,italian,40.7935843,-74.005669
node,10245969566,Loco's Burger,restaurant,latin_american,40.7937235,-74.0052553
node,10245969568,Cabo,restaurant,ecuadorian,40.7938434,-74.0051769
node,10245969569,China Express,restaurant,chinese,40.7930636,-74.0030054
node,10245969570,Lotus Thai Cuisine,restaurant,thai,40.7929312,-74.0031237
node,10261382324,Little Rascal,restaurant,turkish,40.7208393,-73.9950056
node,10268906107,Serafina Vino e Cucina,restaurant,italian,40.7062579,-74.0114037
node,10270349362,Potluck Club,restaurant,chinese,40.7195195,-73.9933301
node,10270349365,Cafecito,cafe,coffee_shop,40.7185168,-73.9938501
node,10270363605,Goodnight Sunny,bar,,40.7276083,-73.9850691
node,10270363607,Banshee,bar,,40.7281223,-73.9851452
node,10270502709,Rowdy Rooster,fast_food,indian;chicken,40.7284048,-73.9849409
node,10270502710,Nudibranch,restaurant,new_american,40.7274036,-73.9856776
node,10270502712,Crispy Burger,fast_food,chicken;burger,40.7279514,-73.9852702
node,10270502713,Paquito's,fast_food,mexican,40.7280939,-73.985166
node,10270502714,Pink's Cantina,fast_food,mexican,40.7223163,-73.9918972
node,10270502717,Area Bar,bar,,40.7278406,-73.9848961
node,10270502721,Tacos Domingo,fast_food,mexican,40.7275808,-73.9855439
node,10270699210,Little Kirin,fast_food,asian;sandwich,40.7278071,-73.985483
node,10270699211,Holiday Cocktail Lounge,bar,,40.727916,-73.985742
node,10270699213,Jiang's Kitchen,restaurant,chinese,40.7280825,-73.9861384
node,10270699215,Vegan Grill,fast_food,,40.7280168,-73.9866261
node,10270861222,Ainslie Bowery,restaurant,italian;pizza;brunch,40.7211098,-73.9934939
node,10270861223,Tom's Juice,fast_food,juice,40.7266459,-73.9902552
node,10270861225,Sushi by M,fast_food,sushi,40.7266625,-73.9902882
node,10270861227,Shifka,fast_food,middle_eastern,40.7254749,-73.9923686
node,10272388251,Sly Fox,bar,,40.7289514,-73.9871824
node,10273519033,Garden Deli and Grill,fast_food,,40.8641411,-73.9925028
node,10278477244,Dante's Italian Restaurant,restaurant,italian,40.8630143,-73.9864534
node,10281405382,Épicerie Boulud,cafe,,40.7117738,-74.0116689
node,10281524809,Stickett Inn,bar,,40.7286903,-73.984733
node,10286844703,Home Sweet Home,bar,,40.7194726,-73.9933546
node,10289996862,Lady Chow Kitchen,restaurant,chinese,40.7178502,-73.99679
node,10290384729,11 Tigers,bar,japanese;thai,40.7290538,-73.9781533
node,10292368149,Botte UES,restaurant,,40.7750757,-73.9504566
node,10292370196,Somebody's Darling,bar,,40.7773181,-73.9488236
node,10292380375,Super Taste,fast_food,chinese,40.7718529,-73.952818
node,10292396813,Canyon Road Bar & Grill,restaurant,mexican,40.7705972,-73.953715
node,10301379609,Hungry Ghost Coffee,cafe,,40.7328798,-74.0038211
node,10307594984,The Palace,bar,,40.7254611,-73.944628
node,10309927350,White Noise Coffee Co.,cafe,coffee_shop;tea,40.7701027,-73.9918251
node,10310014420,Mi Ranchito,fast_food,,40.772272,-73.9902228
node,10311585044,Le Cafe Coffee,cafe,coffee_shop,40.7712328,-73.9930809
node,10311585049,Subway,fast_food,sandwich,40.7671028,-73.9939735
node,10312046520,Nyonya,restaurant,malaysian,40.7190609,-73.9968835
node,10312413177,Farida Downtown,restaurant,russian,40.7069566,-74.0081568
node,10314828707,C. DiPalo,bar,charcuterie;italian,40.7193752,-73.9964618
node,10315377441,La Contenta,restaurant,mexican,40.718774,-73.9870405
node,10315377442,Nurse Bettie,bar,,40.7188751,-73.9869882
node,10357823724,Kestane Kebab,fast_food,turkish,40.7326188,-73.9578749
node,10357823726,Madre,restaurant,,40.7331177,-73.9579216
node,10420459501,Fusion,restaurant,peruvian;mexican,40.763499,-73.9923885
node,10420459504,Food King,restaurant,,40.763693,-73.9922685
node,10420459505,Skyline Deli,fast_food,sandwich,40.7638809,-73.9921303
node,10420459507,ViV,restaurant,thai,40.7627716,-73.9897081
node,10538211444,Pret A Manger,fast_food,sandwich,40.7627535,-73.9778633
node,10547810049,Ichiran,restaurant,japanese;ramen,40.7601354,-73.9832283
node,10552774830,Bluebird London NYC,restaurant,,40.7678592,-73.9827995
node,10552881679,LumLum,restaurant,thai,40.7629585,-73.989893
node,10557706111,Rhythm Zero,cafe,,40.7302525,-73.9598036
node,10558408062,Be Juice,fast_food,juice,40.7345599,-73.9919937
node,10558408063,13,bar,,40.7345239,-73.9919739
node,10559992345,Little Italy Pizza,restaurant,pizza,40.7597577,-73.9837192
node,10563226355,Eva's x Cinco de Mayo,fast_food,mexican,40.7625227,-73.9767093
node,10566847243,Okiboru,restaurant,noodle,40.7193755,-73.9897046
node,10570579768,Charlie's Place,restaurant,japanese,40.8061731,-73.9404894
node,10570629806,Sweet Mama's Soul Food & Salad Bar,restaurant,,40.8201562,-73.9367899
node,10570664498,Cafe Royale Restaurant,restaurant,,40.819008,-73.9283781
node,10570670803,Jimbo's Hamburger Palace,restaurant,diner,40.8208444,-73.9362759
node,10570670804,Glen Roy Bar,bar,,40.8189402,-73.9279137
node,10570671487,Ocky Fried Chicken & Pizza,restaurant,,40.8188351,-73.927628
node,10570683024,Glacken's Bar & Grill,bar,,40.8190811,-73.9286386
node,10573807982,Giacomo's Pizza,restaurant,,40.7779736,-73.9543705
node,10573838489,Chipotle,fast_food,mexican,40.7527144,-73.9833202
node,10577727225,La Lampara Cafe,cafe,,40.7151665,-73.9128882
node,10577727226,Jay Deli,fast_food,mexican,40.7151028,-73.9129744
node,10577727227,Mami Ysabel,fast_food,latin_american,40.7150507,-73.9130449
node,10577727234,New Taste Restaurant,fast_food,chinese,40.7148714,-73.9132875
node,10584741958,Paris Baguette,cafe,,40.7183915,-73.9942283
node,10584741959,New Kamboat Bakery & Cafe,cafe,,40.7177951,-73.9949335
node,10584741960,Daronghua Bakery,cafe,,40.7183685,-73.9941338
node,10584741961,Burger By Day,fast_food,burger,40.7184239,-73.9943311
node,10584741963,I'Milky,cafe,,40.7184114,-73.994286
node,10585010030,Fomo Momo,restaurant,indian,40.7260378,-73.9866634
node,10585445259,Yama,restaurant,japanese,40.7358652,-73.9876113
node,10592171291,Matto Espresso,cafe,coffee_shop,40.7404973,-73.9816996
node,10598256241,Texas Star,fast_food,breakfast;burger;sandwich,40.8255982,-73.9438453
node,10598256242,Branson Got Juice!,fast_food,juice,40.8255623,-73.9438716
node,10599105667,Made in New York Pizza,restaurant,pizza,40.7355626,-74.0061923
node,10599113564,Sal's Pizza II,fast_food,pizza,40.7295566,-73.9787379
node,10606691227,The Four-Faced Liar,bar,,40.7321644,-74.0013984
node,10613041697,pinkFROG Cafe,cafe,coffee_shop;chinese;japanese;french,40.717779,-73.9543949
node,10616783226,The Library Café by Amy's Bread,cafe,,40.7518188,-73.9815906
node,10617089797,Di Fara,restaurant,pizza,40.7070226,-74.0020088
node,10619086494,Ito,restaurant,sushi,40.7130439,-74.01008
node,10621331233,Chipotle,fast_food,mexican,40.7594327,-73.9184296
node,10628137668,Sushi House,restaurant,sushi,40.8478211,-73.9705632
node,10650625205,Okdongsik,restaurant,korean,40.7457045,-73.985371
node,10652445511,Mắm,restaurant,vietnamese,40.7170443,-73.9933568
node,10657973358,Upside Pizza,restaurant,pizza,40.7241881,-73.9508843
node,10689052120,Bao Bao Cafe,restaurant,,40.7085207,-74.0135093
node,10689197471,Matto Espresso,cafe,coffee_shop,40.7328775,-73.9877118
node,10689545494,Wolfnights - The Gourmet Wrap,restaurant,sandwich,40.7306629,-74.0003539
node,10689584425,Popeyes,fast_food,chicken,40.7351871,-73.9921001
node,10689601294,NaNa Thai Street,restaurant,thai,40.7395763,-73.9885295
node,10690152493,Taj Kebab King,restaurant,indian,40.7110523,-73.9487454
node,10691764421,The Wooly,restaurant,eclectic,40.720678,-73.9968746
node,10691764423,Niukee Shumai,fast_food,asian,40.7207342,-73.9970974
node,10691814605,,fast_food,,40.7646682,-73.9821103
node,10692993581,Hekate Café & Elixir Lounge,cafe,tea,40.7271351,-73.9795427
node,10693258589,Ontario Bar,bar,,40.7112593,-73.9492151
node,10693681226,The Local Cafe,cafe,,40.7496503,-73.9479257
node,10693681227,Partake NYC,restaurant,,40.7494953,-73.9499797
node,10693681229,Elevated at Partake NYC,bar,,40.7496234,-73.9499199
node,10693690443,Sweetgreen,fast_food,salad,40.7474269,-73.9425436
node,10693951253,Beatnic,fast_food,burger,40.7577967,-73.979009
node,10694203546,Soju Haus,restaurant,korean,40.7470064,-73.9853791
node,10695076877,The Highlight Room,bar,,40.7189483,-73.9940599
node,10695458941,American Bar,restaurant,,40.7350125,-74.0003899
node,10695638227,M Shanghai,restaurant,,40.7129145,-73.9575768
node,10695825227,Serafina Restaurant ,restaurant,italian,40.7777807,-73.9549893
node,10695864090,Venchi,cafe,dessert;chocolate;ice_cream,40.7374343,-73.9903996
node,10696133542,Le Pain Quotidien,cafe,coffee_shop,40.7400773,-73.989726
node,10696152099,Dun Huang,restaurant,chinese;noodles,40.7479995,-73.9404392
node,10697603105,Modern Bread and Bagel,cafe,bagel;pastry,40.7382535,-73.9985079
node,10698428406,Greenfeld's,fast_food,eastern_european;breakfast;pastry,40.7038318,-73.9580252
node,10698434810,Carmelo's,bar,,40.7027786,-73.9205174
node,10699487852,Ninth Street Espresso,cafe,coffee_shop,40.7500086,-73.9486443
node,10699487853,Lupo Rosso Pizzeria,restaurant,pizza,40.7500757,-73.9489688
node,10703133903,Dar 525,restaurant,mediterranean,40.7111594,-73.9502714
node,10703267650,Teazzi Tea Shop,cafe,bubble_tea,40.7479155,-73.9422563
node,10705287016,Unregular Pizza,fast_food,pizza,40.7336168,-73.9896931
node,10707474704,Mezcali,restaurant,,40.7073886,-74.0074223
node,10707548033,Exquisite Cafe,restaurant,,40.7101656,-74.0055087
node,10709962653,Chipotle,fast_food,mexican,40.7335703,-73.9998283
node,10717839773,Carmela Coffee,cafe,,40.7324116,-73.9964639
node,10717839774,Margaux,restaurant,mediterranean;continental,40.7325933,-73.9968968
node,10717839775,Marlton Esprsso Bar,cafe,,40.7325497,-73.9967931
node,10717839779,Wicked Jane,restaurant,american;eclectic,40.7327662,-73.9973089
node,10717839781,Loring Place,restaurant,american,40.7328594,-73.9975311
node,10717839785,Classic Arepas,fast_food,venezuelan,40.733033,-73.9979481
node,10717839786,Mr. Capri,restaurant,italian,40.7330575,-73.9980064
node,10717839788,Mace,bar,seafood;eclectic,40.7330903,-73.9980848
node,10717839800,Moshava Coffee,cafe,,40.7332791,-73.9985251
node,10717860317,Andiamo Pizza,fast_food,pizza,40.7336357,-73.9993159
node,10719556921,Monomono,restaurant,korean,40.7254822,-73.9880334
node,10731651157,Happy Family,restaurant,chinese,40.7599981,-73.9954299
node,10739857267,CooCooCachoo,fast_food,chicken;burger;fast_food,40.7475698,-73.9416184
node,10742589881,Raj's Indian Kitchen,restaurant,indian,40.7495206,-73.9394992
node,10742609217,Uptown Veg 2,fast_food,,40.8095139,-73.9445738
node,10746618757,T-Swirl Crepe,fast_food,crepe;japanese,40.7291779,-73.988717
node,10751283105,Hutch and Waldo,cafe,,40.7748669,-73.9542775
node,10755612112,Maman,cafe,,40.7755174,-73.9566349
node,10756703058,Kyuramen,restaurant,japanese;ramen,40.7188978,-73.9948257
node,10756703060,Matcha Cafe Maiko,cafe,coffee_shop,40.7189289,-73.9948154
node,10757509893,Cooper Town Diner,restaurant,diner,40.7348831,-73.9802298
node,10757661198,Salma,restaurant,lebanese,40.7302407,-73.9838074
node,10757661199,Sushi Lab,restaurant,sushi,40.7298004,-73.9852826
node,10757735011,Bar Veloce,bar,,40.7226537,-73.9928275
node,10757806380,Slow Food Market,restaurant,italian;chinese;mexican,40.7072563,-74.0123018
node,10762002909,Taqueria El Chiltepin 3,restaurant,mexican,40.8236682,-73.9442969
node,10762002911,Sugar Hill Fish Place,fast_food,seafood,40.8236462,-73.9442446
node,10762002912,Kingston Bakery,fast_food,jamaican,40.8236254,-73.9441951
node,10764756896,Fukurou,restaurant,japanese,40.7015342,-73.9269491
node,10764756897,101 Wilson Bar,bar,hot_dog,40.7016147,-73.9270914
node,10765067342,Yummy 88,fast_food,chinese,40.7007508,-73.9260583
node,10765067343,Hills Kitchen,restaurant,nigerian,40.7025121,-73.9251238
node,10767098336,Dunkin',fast_food,donut;coffee_shop,40.7785467,-73.9564694
node,10769253446,Starbucks,cafe,coffee_shop,40.7296098,-73.9963468
node,10772109444,Brodo,fast_food,soup,40.7301204,-73.9832431
node,10775859280,Sauced,bar,,40.7126451,-73.9623269
node,10777014284,Sushi Goda,restaurant,japanese;sushi,40.7805459,-73.952953
node,10777014286,Panera Bread,fast_food,sandwich;bakery,40.7791694,-73.9539697
node,10777014287,Original Roma Pizza,restaurant,pizza,40.780003,-73.9533458
node,10780279316,TacoVision,restaurant,mexican,40.7569068,-73.9678393
node,10780303885,Sami & Susu,restaurant,middle_eastern,40.7221103,-73.9880747
node,10780577864,Dumpling N' Dips,restaurant,chinese,40.729419,-73.9893134
node,10780585489,Corgi Jianbing,restaurant,chinese;pancake,40.7476396,-73.9432376
node,10780585490,Flavor East,restaurant,asian,40.7200334,-73.9054377
node,10780587311,Meet Fresh,restaurant,taiwanese;dessert;shaved_ice;milk_tea,40.747927,-73.9451272
node,10780593448,Bake A Bagel,cafe,bagel;breakfast;sandwich,40.7207384,-73.9043224
node,10780595125,Glen Patrick's,bar,,40.7292129,-73.9000671
node,10789194705,Angaar,restaurant,indian,40.7782095,-73.9779884
node,10790204163,Tori Bien,fast_food,japanese,40.7295936,-73.9884493
node,10791083576,Brooklyn Deli,restaurant,burger;pizza;sandwich;salad,40.7570456,-73.9869703
node,10791185413,Lucky,bar,,40.7272139,-73.9797955
node,10791218141,Krispy Kreme,fast_food,donut,40.7603024,-73.9849637
node,10791224469,Taqueria Emilio 4,restaurant,mexican,40.7272434,-73.979771
node,10793024892,Mr. Sun,restaurant,chinese,40.7580402,-73.9802119
node,10793950969,Empanada Mama,fast_food,latin_american,40.7315527,-73.982652
node,10794176923,Lagos TSQ,restaurant,west_african,40.7600479,-73.9837966
node,10796001208,Gopchang Story BBQ,restaurant,korean,40.7470406,-73.9859223
node,10796135812,Ramen Danbo,restaurant,japanese;ramen,40.7298743,-74.0034651
node,10797237705,Felix Roasting Co.,cafe,coffee_shop,40.7449381,-73.9831337
node,10798119179,Plowshares Coffee Roasters,cafe,coffee_shop,40.8137808,-73.9557256
node,10798127337,Subway,fast_food,sandwich,40.8152329,-73.9581647
node,10800150639,Carrot Express,restaurant,,40.7547138,-73.9855296
node,10803083076,LaVista Pizza,restaurant,pizza,40.7644551,-73.9917249
node,10805539785,Woodside Pizza,restaurant,pizza;italian,40.7419754,-73.9046115
node,10805868170,Chipotle,fast_food,mexican,40.7263206,-73.9091359
node,10805868171,Jersey Mike's Subs,fast_food,sandwich,40.7263615,-73.9090841
node,10805868172,Teriyaki One Japanese Grill,restaurant,japanese,40.7264246,-73.9089947
node,10805868175,Smashburger,fast_food,burger,40.7265948,-73.9087894
node,10805868182,New Maurice Deli,fast_food,sandwich,40.7259664,-73.9086931
node,10809892170,New Choi Hee II,restaurant,chinese,40.720719,-73.9079612
node,10809892176,Moon Palace Kitchen,fast_food,chinese,40.7222889,-73.9017965
node,10812420293,Ja Moy Kitchen & Bar,restaurant,chinese;japanese,40.7286078,-73.9993964
node,10817203424,Jooy Tea Shoppe,cafe,bubble_tea,40.7607909,-73.9911391
node,10817748702,Munchiez,restaurant,chinese,40.7300261,-74.0003147
node,10817753613,Spicy Moon,restaurant,chinese,40.729402,-73.9982658
node,10817754083,Yum Cha,restaurant,chinese,40.7292842,-73.9988202
node,10822789007,Land to Sea,cafe,,40.7168388,-73.944581
node,10827603581,Broadway Deli,fast_food,breakfast;sandwich;buffet,40.7248002,-73.9971149
node,10827898346,Ramen Spot Made in NY (LIC),restaurant,ramen,40.7465745,-73.945618
node,10828734041,B&L Diner,restaurant,,40.7484569,-73.9879549
node,10828734042,Early Edition Espresso Bar,cafe,coffee_shop,40.748382,-73.9878429
node,10828749043,Yi Fang Tea,cafe,bubble_tea,40.7154382,-73.9982044
node,10830522272,Sonic,fast_food,burger,40.7439371,-73.9278914
node,10830817798,Sushi Nakazawa,restaurant,japanese;sushi,40.7317406,-74.0045409
node,10830817799,Sushi Mumi,restaurant,japanese;sushi,40.7267376,-73.9835516
node,10830817800,DOMODOMO,restaurant,japanese,40.7280345,-74.0016502
node,10830954967,Il Corallo Trattoria,restaurant,italian;pasta;seafood,40.7261823,-74.0019199
node,10830968028,Joe & The Juice,cafe,coffee_shop,40.7260837,-74.001279
node,10833095528,Starbucks,cafe,coffee_shop,40.7404072,-74.0050369
node,10834126657,Oregano Brooklyn,restaurant,italian;pizza,40.7190899,-73.958676
node,10835856480,I'Milky,cafe,bubble_tea,40.7175808,-73.9590156
node,10836117227,Shake Shack,fast_food,burger,40.7173725,-73.960548
node,10836191952,Lattente,cafe,coffee_shop,40.7164698,-73.9590218
node,10836203033,Big Wong,restaurant,chinese,40.7169948,-73.9591521
node,10836229750,Pokebab,restaurant,poke,40.7168455,-73.9586289
node,10838005576,Caffè Valencia,cafe,coffee_shop,40.714913,-73.9627684
node,10838028983,Tony's Pizzeria,restaurant,pizza,40.7253798,-73.946272
node,10838413854,Shah's Halal Food,fast_food,middle_eastern,40.7570742,-73.9938486
node,10838671326,Maison Premiere,restaurant,seafood,40.7142409,-73.9616034
node,10838775155,320 Club,bar,,40.7134932,-73.9621511
node,10838775156,Super Burrito,restaurant,mexican,40.7134771,-73.9621023
node,10838958947,Fini Pizza,restaurant,pizza,40.7134723,-73.9618052
node,10839772010,Shuka,restaurant,mediterranean,40.7270593,-74.0027981
node,10844410470,Matto Espresso,cafe,coffee_shop,40.7850355,-73.951709
node,10844443810,Luzzo's La Pizza Napoletana,fast_food,pizza,40.7839055,-73.9525525
node,10844530005,Gregory’s,cafe,,40.7515977,-73.9806682
node,10847081712,Figaro,restaurant,continental,40.729034,-74.0011513
node,10853382805,Nuyorican Poets Cafe,bar,,40.7220439,-73.9817859
node,10863519205,Kubeh,restaurant,arab;lebanese;persian;turkish;middle_eastern,40.7354601,-73.9980005
node,10865913691,Brooklyn Standard,cafe,breakfast;sandwich;american,40.7116246,-73.9425422
node,10866135205,Highwater Rooftop,bar,,40.7054271,-74.0074507
node,10879790520,Sticky's,fast_food,chicken,40.7588841,-73.9920679
node,10882083194,Lupita's Restaurant,restaurant,mexican,40.7901856,-73.9429914
node,10884425202,In Common NYC Cafe,cafe,,40.7538903,-73.9961681
node,10885671406,St. Jardim,bar,,40.7343508,-74.0028751
node,10891282153,New York Kimchi,restaurant,korean,40.7576124,-73.9791762
node,10893513469,Poke,restaurant,sushi,40.7765789,-73.9505353
node,10893577514,Luna Rossa,restaurant,italian,40.7765138,-73.9503813
node,10893590822,Ryan's Daughter,bar,,40.7762991,-73.9504574
node,10896481012,Auction House,bar,,40.7795415,-73.9499453
node,10896489935,Las Panteras Negras,restaurant,mexican,40.7928237,-73.9405939
node,10896514290,Quesadillas Doña Maty,restaurant,,40.7973466,-73.939002
node,10896566081,La Avenida NYC,restaurant,mexican,40.7956906,-73.9358702
node,10897850842,Nightshade,bar,,40.7195446,-73.9457523
node,10905360703,Central Market New York,fast_food,breakfast;sandwich,40.7012352,-74.0128989
node,10906413973,Starbucks,cafe,coffee_shop,40.7026356,-74.0117836
node,10906413974,Chipotle,fast_food,mexican,40.7025162,-74.011655
node,10906413975,Inday,fast_food,indian,40.7024446,-74.0116353
node,10908633305,Gregory’s coffee,cafe,,40.7579767,-73.9694536
node,10908635405,Gregory’s coffee,cafe,,40.7282617,-74.0051457
node,10908810996,Nan Xiang Xiao Long Bao,restaurant,chinese;dumpling,40.7482511,-73.9864775
node,10908811003,Rib No. 7,restaurant,korean;barbecue,40.7483804,-73.9867781
node,10908978405,Hutaoli,restaurant,,40.7485457,-73.9871672
node,10908978406,Ai Ki Ya,restaurant,japanese;izakaya,40.7487358,-73.9870637
node,10908978409,Seoul Salon,restaurant,korean,40.7483075,-73.9866107
node,10911526106,Gregory’s coffee,cafe,,40.7477192,-73.989028
node,10914968638,The Calaveras,restaurant,mexican,40.799533,-73.9624049
node,10916272079,The Coffee Shop,cafe,coffee_shop,40.726051,-73.9409223
node,10920449810,Little Italy Pizza,fast_food,pizza,40.7605905,-73.9675122
node,10923081782,CAVA,restaurant,mediterranean,40.7337972,-73.989668
node,10923174175,Le Café Coffee,cafe,,40.7338591,-73.9896639
node,10923192180,Xi'an Famous Foods,fast_food,chinese;noodle,40.7337003,-73.9896792
node,10923249690,Butterdose,cafe,,40.7319019,-73.9863128
node,10931164934,Lo-Res,bar,american,40.7160891,-73.9624986
node,10936880905,Ellington in the park,restaurant,,40.8025839,-73.9718802
node,10936887405,The SisterYard,cafe,,40.773514,-73.9639139
node,10936887505,The Casbah,fast_food,,40.7737458,-73.981754
node,10936948507,Two Boots,restaurant,pizza,40.7331393,-74.0028099
node,10937001805,Boucherie,restaurant,french,40.7330542,-74.0029005
node,10938278205,Uptown Garrison,restaurant,american,40.8513454,-73.9393578
node,10948099761,Go Next Door,bar,mexican;tacos,40.7406287,-74.0084361
node,10951704405,Antojitos de Mangú,restaurant,caribbean,40.8680045,-73.9005976
node,10956028576,dawa's,restaurant,tibetan;brunch,40.745818,-73.9126795
node,10956028588,Prung,restaurant,thai,40.7458071,-73.9125998
node,10960870136,McDonald's,fast_food,burger,40.7577347,-73.985331
node,10963340357,Birch Coffee,cafe,,40.7510055,-73.9951268
node,10963961481,Hyodonggak,restaurant,korean,40.7501089,-73.9861942
node,10963961483,Han Bat,restaurant,korean,40.7501321,-73.9862499
node,10964087311,DH Noodles,restaurant,chinese,40.7492203,-73.9778582
node,10968067877,Sabor Latino,restaurant,latin_american,40.7106559,-73.9512325
node,10968067879,Abba Bar & Grill,bar,,40.7107897,-73.9515435
node,10968102820,The Whiskey,bar,,40.7108928,-73.9503704
node,10968102823,Lily Thai,restaurant,thai,40.7114139,-73.9475953
node,10968102825,La Chacra,restaurant,peruvian,40.7114109,-73.9476266
node,10968102826,Singas Famous Pizza,fast_food,pizza,40.7108676,-73.9506894
node,10968102828,Blinky's,bar,,40.711399,-73.9477785
node,10968102833,Da Francesco,restaurant,pizza,40.7109722,-73.9495888
node,10968151805,M & Pizza,restaurant,,40.7599977,-73.99186
node,10968324908,Alligator Lounge,bar,pizza,40.7139741,-73.9489283
node,10968324911,Montesacro,restaurant,italian;pizza,40.7133696,-73.9513545
node,10968995806,The Ranch of the Compadres,restaurant,mexican,40.8641035,-73.92509
node,10969018008,Burger King,fast_food,burger,40.8641174,-73.9261174
node,10969577294,El Valle Seafood Restaurant ,restaurant,,40.8169403,-73.9384196
node,10969584343,Chopped Cheese,fast_food,,40.8074502,-73.9453853
node,10969587131,L'encanto de Lola 2,restaurant,mexican,40.8039558,-73.9486227
node,10969605150,Dunkin',fast_food,donut;coffee_shop,40.8150983,-73.94047
node,10969651111,Sabba's Chicken,fast_food,,40.8222778,-73.9401791
node,10969661823,Wat's On Your Plate,restaurant,jamaican;seafood,40.8187143,-73.9378267
node,10979262388,Yiwanmen,fast_food,chinese,40.7193224,-73.9962605
node,10979262390,Two Hands,cafe,breakfast;coffee_shop,40.7197286,-73.9960952
node,10979262391,El Gallo,fast_food,,40.7200019,-73.9959003
node,10979262392,The Chai Spot,cafe,snack,40.719466,-73.996191
node,10979453279,The Dunes Club,restaurant,moroccan,40.7493752,-73.9831111
node,10979453280,Toledo,restaurant,spanish,40.7493423,-73.9830385
node,10981491236,Jucy Lucy,restaurant,,40.7246234,-73.9478226
node,10982264361,Black Press Coffee,cafe,,40.7638169,-73.9646685
node,10982272153,LaVista Pizza,fast_food,pizza,40.7599128,-73.9650893
node,10982272193,Frolla Cafè,cafe,coffee_shop;italian,40.7585176,-73.9629994
node,10982324243,Club A Steakhouse,restaurant,steak,40.7601469,-73.9655086
node,10982325313,Moonstruck Eatery,restaurant,diner,40.7599784,-73.9650692
node,10982332452,Chola Coastal Indian Cuisine,restaurant,indian,40.760267,-73.965753
node,10982344506,Brooklyn Pizza Masters,fast_food,pizza,40.7586838,-73.9628892
node,10982357762,Texas Rotisserie Grill & BBQ,restaurant,,40.7669203,-73.9568853
node,10982394762,Borris & Horton,cafe,,40.7270841,-73.976867
node,10982600247,Bombay Chowk,restaurant,indian,40.7687464,-73.9550642
node,10982600248,B&B Bagels,cafe,bagel,40.7685162,-73.9552447
node,10982600249,Mexiterranean Grill,restaurant,mediterranean;mexican,40.7687965,-73.9554931
node,10982822000,Tabata Ramen & Yakitori Bar,restaurant,japanese,40.7706469,-73.9572778
node,10982822001,Momokawa,restaurant,sushi;japanese,40.7705113,-73.9537874
node,10982822003,Buena Onda Mescalera,bar,mexican,40.7698331,-73.9542665
node,10983217449,Sushi W,restaurant,sushi,40.7868776,-73.9499982
node,10983296546,Beepublic,cafe,,40.7024968,-73.9862589
node,10991141052,Sasabune,restaurant,sushi,40.7684295,-73.9550644
node,10991141054,Oda House,restaurant,georgian,40.7681351,-73.9549338
node,10991141056,Westville,restaurant,american;brunch,40.7684626,-73.9557479
node,10992263589,Eataly - SoHo,restaurant,italian,40.7214319,-73.9981576
node,10993142705,Buunni,cafe,american,40.8551748,-73.9377338
node,10994970405,Semma,restaurant,indian,40.7360072,-74.0005291
node,10995386321,Shake Shack,fast_food,burger,40.7539427,-74.0010401
node,10995386324,Blue Bottle Coffee,cafe,coffee_shop,40.7531828,-74.0017525
node,10996864805,I Love Paraguay,restaurant,paraguayan,40.7410168,-73.9214463
node,10996864807,Mister Burrito Loco,restaurant,mexican,40.7410801,-73.9212988
node,11004300913,Fumo,restaurant,pizza,40.8214295,-73.9506464
node,11005206216,Bob's Your Uncle,bar,,40.7988323,-73.9629321
node,11005206217,The Wilson,restaurant,american,40.7459284,-73.992669
node,11005811332,Black Lab Cafe,cafe,coffee_shop,40.7839974,-73.9779504
node,11010933605,Blue mountain heights cafe and bar,bar,american;mexican,40.8334517,-73.941173
node,11012810126,Nargila Grill,restaurant,middle_eastern; steak_house,40.7749808,-73.9480553
node,11014744777,McLoughlin's,bar,,40.7617418,-73.9251669
node,11018270207,Dayi’nin Yeri,restaurant,turkish,40.8158859,-73.9908429
node,11018270208,Dayi'nin Yeri 2,restaurant,turkish,40.8253003,-73.9872845
node,11023996243,IHOP,restaurant,breakfast;pancake,40.7010213,-73.9412824
node,11027006805,DD Soup Dumpling & Hibachi,restaurant,asian;chinese;dumplings,40.7618183,-73.9898998
node,11031452795,Loco Coco,cafe,,40.7055551,-74.0039605
node,11031505389,Sushi Bar Hasaki,restaurant,,40.7297391,-73.9887902
node,11031505391,Shiso,restaurant,sushi,40.7296555,-73.9885942
node,11031505392,Yakinku West,restaurant,japanese,40.729627,-73.9885276
node,11033073603,MeatUp,fast_food,mediterranean,40.7025469,-73.993997
node,11035015981,Anthony GM Pizzeria,fast_food,pizza,40.8294239,-73.97262
node,11036037905,Pizza Loves Sauce,restaurant,pizza,40.7230597,-73.9897166
node,11040513632,Vegan Hood,restaurant,,40.8028363,-73.9562879
node,11044225344,Carnegie Diner & Cafe,restaurant,,40.7620418,-73.9860181
node,11045286604,Arvaci Ciffee,cafe,coffee_shop,40.7453194,-73.9795124
node,11045292805,Common Country,bar,american,40.7405187,-73.9821654
node,11045533967,Lin's Gourmet,fast_food,chinese,40.7598621,-73.9651301
node,11046991906,Jack's Stir Brew Coffee,cafe,coffee_shop,40.7345114,-74.0006277
node,11048022206,Berlina Café,cafe,international,40.75534,-73.9909383
node,11048648635,Blank Slate,cafe,,40.7264448,-74.0020207
node,11051498568,Jack's All Day,cafe,american,40.7597557,-73.9881821
node,11053422057,Bistango,restaurant,italian,40.7563844,-73.9713268
node,11055876400,Cafe 424,cafe,,40.7663841,-73.9884166
node,11061450505,Etcetera Etcetera,restaurant,italian,40.7593594,-73.9910873
node,11062619196,Firecracker Wings,fast_food,chicken,40.7616366,-73.9631472
node,11062705505,Fellini Coffee,cafe,italian,40.735914,-74.0016986
node,11063656405,Strange Tokyo,restaurant,sushi;kimbap,40.7161786,-73.9970795
node,11067172705,Lovers of Today,bar,,40.7258267,-73.9832403
node,11067979505,Old Rabbit Club,bar,,40.7299518,-74.0003667
node,11068933488,Sweetgreen,fast_food,salad,40.7578318,-73.971131
node,11074193405,Queen,restaurant,mediterranean,40.7060935,-73.9223428
node,11074193406,EBBS Brewing Co.,bar,,40.7178623,-73.9565384
node,11074226306,Eleven B,restaurant,pizza,40.727419,-73.9796782
node,11074337182,Kung Fu Tea/TKK Fried Chicken,fast_food,chicken,40.7400014,-73.985502
node,11076202065,Harajuki Ramen,restaurant,japanese,40.7693011,-73.9582398
node,11076817605,Baked by Luigi,fast_food,pizza,40.7384803,-73.9819085
node,11076895105,Gregory’s coffee,cafe,,40.7615722,-73.983214
node,11078875248,Platinum Plus Cafe,cafe,,40.7409445,-73.9762081
node,11078947131,Subway,fast_food,sandwich,40.7409248,-73.9835261
node,11078978388,Novita,restaurant,,40.7392385,-73.9864787
node,11078978853,Pure Grit BBQ,restaurant,barbecue,40.7400896,-73.984499
node,11079239444,The Smyth,restaurant,,40.7152376,-74.0091966
node,11079239445,Galerie Bar,bar,,40.7151386,-74.0092889
node,11079239449,Zucker's Bagels and Smoked Fish,fast_food,bagel,40.7157871,-74.0095636
node,11079551410,Tinos,restaurant,greek,40.7797074,-73.947083
node,11079657105,Bar 54,bar,,40.7575137,-73.9840845
node,11083519274,Roma Pizza,fast_food,pizza,40.739396,-73.9913768
node,11084144532,Kuu Ramen,restaurant,ramen,40.7097477,-74.0088749
node,11084146197,Sushi & Co,restaurant,sushi,40.7094717,-74.0085899
node,11084164914,The Irish American,bar,,40.7098633,-74.0086893
node,11084168882,Simpl Coffee Shop,cafe,coffee_shop,40.7092141,-74.0088431
node,11084195576,Dunkin',fast_food,donut;coffee_shop,40.7089211,-74.0091934
node,11085058403,Angelina Paris,cafe,pastry;french,40.7741135,-73.9593294
node,11085659419,Mala House,restaurant,chinese,40.7395221,-73.9890649
node,11088424818,Anixi Mediterranean Vegan Restaurant,restaurant,mediterranean,40.7462748,-73.9975223
node,11090520517,Pangea,restaurant,continental,40.7305261,-73.9860255
node,11090520518,Ops,restaurant,pizza;italian,40.7304624,-73.9860714
node,11091932105,Casa Lever,restaurant,italian,40.7596903,-73.9730149
node,11092315005,Palm Court,cafe,,40.7644229,-73.9746
node,11092322205,Tea room at BG,cafe,,40.7631731,-73.9733016
node,11093309492,Padoca Bakery,cafe,,40.7661833,-73.962362
node,11093347420,Bedford Falls,restaurant,,40.7662226,-73.9624711
node,11093512882,Jet's Pizza,restaurant,pizza,40.762171,-73.9634371
node,11094243741,Cafe @ McNally Jackson Seaport,cafe,,40.7062991,-74.0033886
node,11097148480,El Nuevo Caridad,restaurant,mexican,40.7970232,-73.9382609
node,11097188730,Ollin,restaurant,,40.7922071,-73.9410368
node,11097819305,Grace Wok,fast_food,chinese,40.7890451,-73.9433713
node,11098842088,Ănjelly,cafe,coffee_shop;dessert,40.7273122,-73.9842529
node,11099428487,Playa Betty's,restaurant,,40.7807434,-73.9803323
node,11100292928,J. Bespoke,bar,snack,40.7424481,-73.98357
node,11105960681,Poetica Coffee,cafe,,40.728556,-73.9879209
node,11105983005,Becco,restaurant,chicken;fine_dining;italian,40.7562331,-73.9907792
node,11110239305,Royal Napoli Pizza,restaurant,pizza,40.7630532,-73.9932262
node,11112080406,Bites of Xian,restaurant,asian,40.7546091,-73.9919826
node,11112139705,The Lunch Box,restaurant,,40.7602575,-73.9750532
node,11115334405,Il Piccolo Bufalo,restaurant,,40.7188082,-73.9977151
node,11117676693,Tacos Times Square,fast_food,mexican,40.7418032,-73.9826528
node,11117676698,Burp Bowl,fast_food,chinese;noodle,40.7417848,-73.9826066
node,11117717117,Popeyes,fast_food,chicken,40.7408327,-73.9883149
node,11119828218,Apollo Bagels,fast_food,bagel,40.7094018,-74.0080666
node,11119847161,Tutto Calcio Espresso Bar,cafe,coffee_shop,40.7096711,-74.0087599
node,11119864846,Carmen's Kitchen,fast_food,,40.7095339,-74.0082545
node,11119879312,Matto Espresso,cafe,coffee_shop,40.7094844,-74.008186
node,11120996769,Iddy’s Bubble Tea,cafe,bubble_tea,40.7107591,-73.9088746
node,11123639305,Blank Street Coffee,cafe,,40.7264761,-74.0020131
node,11124103373,Salty Lunch Lady’s Little Luncheonette,restaurant,american;sandwich,40.7067451,-73.9086124
node,11126165013,Barking Dog,restaurant,american,40.7624184,-73.9878403
node,11126764053,Gakyizompe,restaurant,tibetan,40.7411416,-73.9175767
node,11139363699,Takumen,restaurant,japanese,40.7427336,-73.9546703
node,11141909156,Miyama,restaurant,japanese;sushi;steak,40.7004668,-73.9093259
node,11153420446,Paradis in the Park,cafe,,40.7563096,-73.9997633
node,11154832263,Gong Cha,cafe,bubble_tea,40.7782804,-73.982317
node,11157793273,Dunkin',fast_food,donut;coffee_shop,40.7938392,-73.9495701
node,11157794313,Popeyes,fast_food,chicken,40.7307546,-74.0019275
node,11157794983,Starbucks,cafe,coffee_shop,40.7517217,-73.987791
node,11157798346,Moustache Pitza (Moustache),restaurant,pizza;middle_eastern,40.7306885,-74.0042533
node,11157811380,Temple Room,restaurant,,40.7113229,-74.0067467
node,11157819678,Starbucks,cafe,coffee_shop,40.7578118,-73.9758282
node,11158941426,Dunkin',fast_food,donut;coffee_shop,40.7687629,-73.9112443
node,11159643910,Vietspot,fast_food,vietnamese,40.7105429,-74.0075445
node,11159662142,Gnoccheria Wall Street,restaurant,poke;italian,40.7075759,-74.0111489
node,11159676323,Tenthousand Coffee,cafe,coffee_shop,40.7075238,-74.0110938
node,11160862105,Bozu,restaurant,japanese;sushi,40.7128849,-73.9574856
node,11161553273,Tozzo,cafe,,40.7724997,-73.9558893
node,11162249333,Panera Bread,fast_food,sandwich;bakery,40.7136995,-73.9160849
node,11162257422,New World Nutrition,cafe,,40.7007283,-73.9112011
node,11162304268,Malachy's Irish Bar,bar,,40.7776932,-73.9790357
node,11163476905,Antidote,restaurant,chinese,40.7142684,-73.9654775
node,11163481605,Deux Chats,bar,,40.7108669,-73.9677065
node,11164227707,Copper Mug Coffee,cafe,,40.7164928,-73.9598142
node,11170363349,Züri Coffee,cafe,coffee_shop,40.7835933,-73.979832
node,11170449354,Tacombi,restaurant,mexican,40.782497,-73.9785273
node,11170628909,Kuba,restaurant,asian;cuban,40.8548889,-73.9633565
node,11172253710,Liberty Bagels Wall Street,fast_food,bagel,40.7058688,-74.013024
node,11172371587,Antica,restaurant,italian,40.7039315,-74.0123687
node,11172400856,Blue Bottle Coffee,cafe,coffee_shop,40.7065445,-74.0112372
node,11175620697,Burger Village,fast_food,burger,40.7137152,-74.0091331
node,11175655140,Hawa Smoothie,fast_food,juice,40.7120646,-74.0098164
node,11175680754,Birch Coffee,cafe,,40.7142671,-74.008695
node,11175682842,Cut by Wolfgang Puck,restaurant,,40.7128293,-74.0093508
node,11175738709,Sin City Burger,fast_food,,40.7711143,-73.9555888
node,11177336337,Gastro Market,fast_food,,40.7650265,-73.9823711
node,11185922286,Made in New York Pizza,fast_food,pizza,40.7790313,-73.9810872
node,11186171538,China Dragon,fast_food,chinese,40.7787275,-73.9025782
node,11186171541,Astoria Pizza Factory,fast_food,pizza,40.7786632,-73.9026559
node,11188992731,Starbucks,cafe,coffee_shop,40.7061571,-74.0056905
node,11189011965,Blue Park Kitchen,restaurant,,40.7063928,-74.0078861
node,11189050331,Old Xi'an Delicacy,restaurant,chinese,40.7058595,-74.0075023
node,11189060644,Mikado,restaurant,sushi;japanese,40.7059064,-74.007455
node,11189423585,Lucy's Bar,bar,,40.7270608,-73.9830229
node,11191819310,Taqueria on Tenth,restaurant,mexican,40.7510117,-74.0019994
node,11193936084,Da Adriano,cafe,,40.7631111,-73.9591348
node,11194260847,Creamline,restaurant,american;burger,40.7621194,-73.9970358
node,11196323418,Villa Tapia Restaurant,restaurant,,40.8082194,-73.9190273
node,11196324908,John Pizza,fast_food,pizza,40.809996,-73.9176014
node,11196326943,Antojitos Lulu,fast_food,,40.8079784,-73.9187658
node,11196340221,El Ranchito 2,restaurant,,40.8082079,-73.9211749
node,11196350574,Chicken Spot,fast_food,chicken,40.8079378,-73.919659
node,11196355032,China House,fast_food,,40.8078571,-73.9203783
node,11196355476,Golden Pizza,fast_food,pizza,40.8074854,-73.9194927
node,11196362150,Burrata Basil Pizza,restaurant,pizza,40.7302121,-73.9807164
node,11196372406,,restaurant,mexican,40.8094901,-73.9233251
node,11196374443,Taco Veloz VIP,fast_food,mexican,40.8097292,-73.9239377
node,11196374537,Spikes,bar,,40.7300131,-73.9804574
node,11196375146,Jing Xin,fast_food,,40.8097425,-73.9239781
node,11196381765,Lili Restaurant,restaurant,mexican,40.8090571,-73.9222343
node,11196381932,Dunkin',fast_food,donut;coffee_shop,40.8101213,-73.924842
node,11196392719,Tepango's,fast_food,mexican,40.8096931,-73.9238589
node,11196397192,El Crucero,restaurant,,40.8100128,-73.9245839
node,11196403137,The Munchies,fast_food,,40.8100464,-73.9246665
node,11196493426,Serotonin Smoothies,fast_food,juice,40.71935,-73.988855
node,11196500963,Sushi by M,restaurant,sushi,40.7266211,-73.9888905
node,11196500985,Conway Diner,restaurant,american;asian,40.7264399,-73.9890013
node,11196500996,Iggy's,bar,,40.7202321,-73.9881513
node,11196519129,BlueRoad,fast_food,burger;fries,40.7202825,-73.9881263
node,11196521509,Beloved Café & Resto,cafe,,40.7225587,-73.9884993
node,11196524404,Bel-Fries,fast_food,belgian,40.72018,-73.9881813
node,11196526271,Rice to Riches,fast_food,dessert,40.7201236,-73.9881977
node,11197809340,Milo Coffee Shop,cafe,coffee_shop,40.848325,-73.9309817
node,11197809342,,restaurant,,40.848215,-73.9329297
node,11203438475,Jupioca,fast_food,juice,40.7703691,-73.9514334
node,11203441739,Kossar's Bagels & Bialys,fast_food,bagel,40.7689604,-73.9524259
node,11208744396,Split Eights,bar,,40.7058839,-74.0102847
node,11208788096,Harry's Side Bar,bar,,40.7045634,-74.0098904
node,11210780898,moodfood,restaurant,american,40.8399877,-73.9811186
node,11214345024,Auntie Anne's,fast_food,pretzel,40.8136902,-74.0132324
node,11214345025,Subway,fast_food,sandwich,40.8136636,-74.0133235
node,11214345026,Mama DeLuca’s,fast_food,pizza,40.8136315,-74.0133884
node,11214439321,Wendy's,fast_food,burger,40.8122103,-74.0131543
node,11215623327,Jersey Mike's Subs,fast_food,sandwich,40.8119997,-74.0135866
node,11222032513,Dim Sum Palace,restaurant,chinese;dumplings,40.7094131,-74.0067312
node,11223033929,Dunkin',fast_food,donut;coffee_shop,40.7098352,-74.0144325
node,11223060596,Ashby's,cafe,,40.7080354,-74.0105959
node,11223117211,Dunkin',fast_food,donut;coffee_shop,40.7080036,-74.0138979
node,11225778137,Tasty Hand Pulled Noodles II,restaurant,chinese,40.7605534,-73.9908603
node,11229897237,Seeyamañana,bar,,40.7452552,-73.9902833
node,11232603212,Pizza Park,restaurant,pizza,40.7644401,-73.9586932
node,11235077816,Popeyes,fast_food,chicken,40.7123018,-73.9001715
node,11236730518,Bagels & Co.,fast_food,bagel,40.7828691,-73.9782761
node,11236742641,Green Park Deli & Pizza,cafe,sandwich;salad;juice;smoothie;coffee_shop,40.7819547,-73.9759526
node,11236746435,Chama Mama,restaurant,georgian,40.7822176,-73.9787653
node,11240052312,Trattoria Napoli,restaurant,italian,40.7778557,-74.0181479
node,11241886838,Chambers,restaurant,american,40.7146185,-74.0075403
node,11241887323,Artesano Peruvian Cuisine,restaurant,,40.714543,-74.0073743
node,11241893998,Sarku Japan,fast_food,japanese,40.7145185,-74.00676
node,11241897898,The Hummus & Pita Co.,fast_food,greek,40.7145461,-74.0068199
node,11241986541,Bareburger,restaurant,,40.7431934,-73.9801954
node,11241986543,Gupshup,restaurant,indian,40.7368581,-73.987637
node,11242527168,Bites of Xi’an,restaurant,chinese;noodle,40.7309589,-73.9898626
node,11243946687,City Beer,bar,sandwich;snack,40.7486079,-73.9755052
node,11243946688,Spoto Pizza,fast_food,pizza,40.7484422,-73.9759099
node,11244208101,Juice Bar Plus,fast_food,juice,40.7520326,-73.973754
node,11244208102,Five Guys,fast_food,burger,40.75179,-73.9739285
node,11255243799,Taco Bell,fast_food,tex-mex,40.8042603,-73.9366585
node,11255243806,Teriyaki Madness,fast_food,japanese,40.8037045,-73.9354025
node,11255886385,Chop & Go,fast_food,,40.7083434,-74.0065373
node,11255887063,Blue Haven,bar,,40.7100277,-74.0071166
node,11255940476,Popeyes,fast_food,chicken,40.7097372,-74.0065444
node,11255953470,Poke Bowl,fast_food,,40.7101394,-74.0073449
node,11255961442,Zucker's Bagels & Smoked Fish,fast_food,bagel,40.7100946,-74.0072694
node,11257620879,El Manjar Dominicano,fast_food,dominican,40.7324559,-73.9542258
node,11258767163,Jack's Stir Brew Coffee,cafe,,40.7163547,-74.0098581
node,11258774458,Restaurant Marc Forgione,restaurant,,40.7164801,-74.0095734
node,11258782637,Chun Yang,cafe,bubble_tea,40.7151337,-74.0081532
node,11258926651,Dorado,restaurant,mexican,40.7339533,-73.9931568
node,11258926652,Sophie's Cuban Cuisine,restaurant,cuban,40.7339291,-73.9930929
node,11258947744,Fields Good Chicken,restaurant,chicken,40.7340101,-73.9932822
node,11261353690,A Taste of Seafood,fast_food,seafood,40.7934257,-73.943551
node,11264964167,Breeze,restaurant,chinese,40.7230226,-73.9505013
node,11265041504,Popeyes,fast_food,chicken,40.743907,-73.9275603
node,11265041505,Ziggle Tofu & Grill,restaurant,korean,40.7439252,-73.9277394
node,11265041506,Vivi Bubble Tea,cafe,bubble_tea,40.7439012,-73.9275242
node,11265049781,Pete's Grill,restaurant,diner,40.743595,-73.9255782
node,11270580267,Ladybird,restaurant,asian,40.7265692,-73.9845399
node,11270580268,Cadence,restaurant,,40.726539,-73.9844756
node,11278151801,Sotto La Luna,restaurant,italian,40.7581951,-73.9281803
node,11278151804,Sala Astoria,restaurant,spanish,40.7583101,-73.9281031
node,11281762405,Something Green,fast_food,,40.7423671,-73.9911107
node,11281910245,Casa Maya,restaurant,mexican,40.7894138,-73.9430894
node,11281910246,Bonjour Mixeur,restaurant,crepe,40.7843648,-73.95221
node,11281910248,Ole & Steen,cafe,,40.7801272,-73.9553231
node,11287350682,Tbites,fast_food,middle_eastern,40.7515181,-73.9705009
node,11287398069,Iron Sushi,restaurant,sushi,40.7515303,-73.9705354
node,11289970313,Artpresso Cafe,cafe,,40.7534347,-73.9340652
node,11293344177,Side Door,bar,gastropub,40.7607684,-73.9683086
node,11293344178,Tina's Cuban Cuisine,restaurant,cuban,40.7599443,-73.9680171
node,11293344179,Dunkin',fast_food,donut;coffee_shop,40.7761537,-73.9527237
node,11293344181,Adare,restaurant,american,40.760815,-73.9683972
node,11293344182,Taco Bell,fast_food,tex-mex,40.7610998,-73.968809
node,11293344183,The Naked Pig,bar,,40.7593709,-73.96841
node,11294399142,Ramen Spot,restaurant,ramen,40.7268441,-73.9523876
node,11296394818,Happy Malaysia Canteen,restaurant,malaysian,40.7164395,-73.9978779
node,11301575865,Metropolis by Marcus Samuelsson,restaurant,american,40.7125031,-74.0123419
node,11304966100,Kamasu By Kissaki,restaurant,sushi,40.7533944,-74.0012665
node,11308423815,Capital One Café,cafe,coffee_shop;tea,40.7498599,-73.9874941
node,11309501243,Starbucks,cafe,coffee_shop,40.7543433,-74.0022171
node,11310320970,NY Nutrition,cafe,,40.7033537,-73.908869
node,11314008722,Cedric’s,bar,,40.7532858,-74.0027158
node,11328372069,Lelabar,bar,,40.7303885,-74.0066375
node,11329721731,Cafe Clementine,cafe,,40.7175462,-74.0104404
node,11329730736,Thalassa,restaurant,,40.7192654,-74.0095941
node,11329752942,Terrior,restaurant,,40.71886,-74.0099987
node,11329762787,Jungsik,restaurant,,40.7187884,-74.0090911
node,11329779866,Mr. Chow,restaurant,,40.7200957,-74.0087665
node,11329790733,Sushi of Gari,restaurant,sushi,40.7167674,-74.0084565
node,11329800632,Osteria Carlina,restaurant,,40.7195801,-74.0070314
node,11329802009,Casa,restaurant,brazilian,40.7168416,-74.0086416
node,11329802030,Gigimo,restaurant,italian,40.7172588,-74.0105427
node,11329825459,Max Italian Restaurant,restaurant,italian,40.7168913,-74.0083619
node,11331402045,Blue Bottle Coffee,cafe,coffee_shop,40.7630341,-73.9786396
node,11331402046,Just Salad,fast_food,salad,40.7626917,-73.9781039
node,11332148669,Omakase 95,restaurant,sushi,40.7936206,-73.9709147
node,11332230969,Frenchette,restaurant,french,40.7196471,-74.0057569
node,11334987760,Carousel,bar,,40.7059005,-73.9220539
node,11335080026,Avra Rockefeller Center,restaurant,,40.7603719,-73.9807662
node,11342349919,Times Square Pizza,fast_food,,40.755217,-73.9892765
node,11342362811,Cafe Kitsune,cafe,coffee_shop,40.7350547,-74.0058686
node,11345588157,Kame,restaurant,ramen,40.7474506,-73.9966833
node,11347087420,Strip House,restaurant,,40.7343055,-73.9934609
node,11350370353,Cholita Coffee,cafe,,40.7015101,-73.9032604
node,11352644136,P.F. Chang's,restaurant,asian,40.7641497,-73.9850061
node,11357126369,Celestine,restaurant,,40.7046132,-73.9880229
node,11359386682,Chakra,restaurant,thai;indian,40.7265324,-73.9881174
node,11359410069,Mesiba,restaurant,mediterranean,40.711378,-73.9631216
node,11360985469,Bin 71,bar,,40.7765296,-73.9792214
node,11364618886,Domino's,fast_food,pizza,40.7692621,-73.9547215
node,11372431807,Pret A Manger,fast_food,sandwich,40.7498527,-73.9919818
node,11374517232,La Bella Vita,restaurant,italian,40.7197362,-73.9972911
node,11374517233,Empanadas Soho,cafe,empanada;argentinian,40.7207982,-73.9965628
node,11374517234,Baby John's Pizzeria,restaurant,pizza,40.7191522,-73.9972169
node,11375876806,Kyuramen,restaurant,ramen,40.8027172,-73.968113
node,11384449994,The Ricky,bar,,40.7644186,-73.9817038
node,11386500757,Hokkaido Baked Cheese Tart,cafe,coffee_shop;pastry,40.7300314,-73.986353
node,11386507858,Tartina,restaurant,italian,40.8036171,-73.9636412
node,11386539766,Springbone Kitchen,fast_food,soup;salad,40.7007856,-73.9885335
node,11386539767,Poké Mahi & Fresca Bowl,fast_food,poke;salad,40.7005882,-73.9882735
node,11396214282,Little Dokebi,restaurant,korean,40.7231493,-73.9423602
node,11396214283,Peek Inn,bar,,40.7235392,-73.9404883
node,11398489250,Abracadabra Magic Diner,restaurant,,40.7054411,-73.9099455
node,11398926734,Ace's,restaurant,american;pub,40.731346,-73.9859337
node,11399257333,Honeybrains,fast_food,,40.7649529,-73.9838673
node,11399299251,Cloud Touch,cafe,coffee_shop,40.8026503,-73.9681586
node,11399303946,Junzi Kitchen,fast_food,chinese,40.8057904,-73.9651642
node,11399352938,Song Tea,cafe,bubble_tea,40.7525257,-73.9897468
node,11399352946,Chocolate Dip,cafe,dessert;crepe;waffle;ice_cream,40.7536834,-73.9888962
node,11399352951,Pret A Manger,fast_food,sandwich,40.7540817,-73.9886207
node,11399352953,Frame Gourmet Eatery,cafe,,40.754545,-73.9882746
node,11399352960,Gregorys Coffee,cafe,coffee_shop,40.7542503,-73.9878848
node,11399352963,Starbucks,cafe,coffee_shop,40.7536851,-73.9884107
node,11399352965,Café Hestia,cafe,mexican,40.7532206,-73.9887428
node,11399372270,Legasea Bar & Grill,restaurant,american,40.7523507,-73.9893208
node,11399372272,McDonald's,fast_food,burger,40.750526,-73.990701
node,11399454039,Wonder Beach Café,cafe,sandwich;breakfast,40.7003629,-73.9884217
node,11401945048,Hula Poké,fast_food,poke,40.8034304,-73.9637775
node,11402027468,Szechuan Gourmet,restaurant,chinese,40.8004598,-73.9675769
node,11404155931,AB Fish Market,restaurant,seafood; asian,40.7901226,-73.9459722
node,11404191035,Crumbly Cafe & Bakery,cafe,,40.7801055,-73.950358
node,11405903375,Le Gourmet,restaurant,italian;pizza;sandwich;burger;salad,40.7654797,-73.9579226
node,11405963746,Matsu II,restaurant,sushi;japanese,40.7662084,-73.956028
node,11405963747,Dunkin',fast_food,donut;coffee_shop,40.7661721,-73.9559422
node,11405963748,The Hunterian,bar,snack,40.7661495,-73.9558887
node,11406407084,Andrea's Chicken,restaurant,peruvian,40.7240722,-73.9043016
node,11407297860,Ainslie,restaurant,italian;pizza,40.7124328,-73.9519688
node,11408018369,Gregory’s,cafe,,40.7599122,-73.9912526
node,11411008768,Zelma's Caffe,cafe,coffee_shop,40.7981602,-73.9695635
node,11411044569,Cool Fresh Juice Bar,fast_food,juice,40.7981027,-73.9696026
node,11411443529,Omonia Cafe,cafe,coffee_shop;dessert,40.8031476,-73.9677965
node,11411614762,Koko Wings,restaurant,korean,40.8009562,-73.9673468
node,11413565317,PokeDoke,fast_food,poke,40.8004754,-73.9661976
node,11413866656,Domino's,fast_food,pizza,40.8013353,-73.9648235
node,11413866657,Happy Hot Hunan Restaurant,restaurant,chinese,40.8013886,-73.9647833
node,11413866658,NaiSnow,cafe,tea,40.8014469,-73.964743
node,11413869531,Super Nice Coffee and Bakery,cafe,coffee_shop;dessert,40.8015058,-73.9644654
node,11414268878,Dunkin',fast_food,donut;coffee_shop,40.8029162,-73.9672696
node,11415714612,Pancho's Antojitos Mexicano,restaurant,mexican,40.8013901,-73.965234
node,11415714613,3 Times,restaurant,,40.801455,-73.965181
node,11415714614,3 Times,fast_food,chinese,40.8014845,-73.9651629
node,11418235696,Italian Trattoria,cafe,italian,40.7539389,-73.9887119
node,11418737772,Durar Café,cafe,,40.8026229,-73.9643443
node,11421707495,Mala Town,restaurant,chinese,40.8000199,-73.9657774
node,11423243400,Misipasta,restaurant,italian,40.7159245,-73.9655474
node,11429546305,Campagnola Restaurant,restaurant,italian,40.7688938,-73.9549878
node,11433238611,Délice & Sarrasin,restaurant,french,40.7287461,-74.0031498
node,11436086859,Mr. Byrdie’s Joint,fast_food,sandwich,40.8026893,-73.9643009
node,11441007599,Mangia,cafe,coffee_shop;pastry;italian,40.7248407,-73.9970753
node,11442900427,Marinara Pizza,restaurant,pizza,40.7954237,-73.9708722
node,11445034900,Matto Espresso,cafe,coffee_shop,40.7151538,-74.0056897
node,11447971796,161 Lafayette,bar,,40.7198136,-73.9990736
node,11447982727,Atlas Kitchen,restaurant,chinese,40.8032937,-73.9667641
node,11448213482,The Grand Feast,restaurant,,40.7977903,-73.9678718
node,11450728435,Increpeable,cafe,,40.7830689,-73.9511138
node,11457577943,Westside Coffee Shop,fast_food,,40.7200879,-74.0036564
node,11462657455,Hendrickson's,bar,,40.7611375,-73.960629
node,11463577700,Gold Coffee,cafe,coffee_shop,40.7451244,-73.9783409
node,11463577701,Ichibantei,restaurant,japanese,40.7324491,-73.9880197
node,11463577702,El Grillito,fast_food,mexican,40.7276552,-73.991416
node,11463577704,Sunday C&C Eatery,fast_food,eclectic,40.726619,-73.9919996
node,11465739196,La Grande Boucherie,restaurant,french,40.7626575,-73.980662
node,11465992310,El Taco,fast_food,mexican,40.7711613,-73.9564192
node,11466216391,CM Chicken,restaurant,chicken; korean,40.7803173,-73.9466456
node,11476841566,Reyna,restaurant,mediterranean,40.7350479,-73.9932044
node,11476892967,Karvouna Mezze,restaurant,greek,40.7225243,-73.9929563
node,11477076134,Blank Street Coffee,cafe,coffee_shop,40.791758,-73.9742519
node,11479001393,Frame,cafe,coffee_shop,40.7800776,-73.9803168
node,11479001567,Joe & The Juice,cafe,coffee_shop,40.781328,-73.9794069
node,11479026785,Chopt,fast_food,salad,40.7813968,-73.9793567
node,11481096478,Silky Kitchen,restaurant,Chinese; hunan,40.7527041,-73.9331668
node,11481294997,Cafe Xochimilco,restaurant,mexican,40.7544429,-73.9335482
node,11481565735,Sun Wah,restaurant,chinese,40.7565937,-73.9300873
node,11483291661,McCaffrey & Burke,bar,,40.7672663,-73.9213487
node,11483327317,Irish Whiskey Bar,bar,,40.7673949,-73.9212278
node,11483937499,Dunkin',fast_food,donut;coffee_shop,40.8487412,-73.9339132
node,11483961768,Midway,bar,,40.7130957,-73.9581236
node,11484375207,Mi Espiguita,restaurant,mexican,40.7610034,-73.9264209
node,11484390440,Antojitos Mexicanos,restaurant,mexican,40.8485499,-73.9315528
node,11490099917,Fat Boys Burgers,fast_food,burger,40.7669865,-73.9866276
node,11500492169,Kin Ramen,restaurant,ramen,40.7644156,-73.9789989
node,11500492269,Izakaya Toribar,restaurant,japanese,40.7596208,-73.9685472
node,11501454972,Qahwah House,cafe,,40.7752137,-73.9115497
node,11505171169,Bryant Park Café,cafe,,40.7537445,-73.982553
node,11505171170,Friedmans,restaurant,,40.742492,-74.0063934
node,11505171269,Kodawari,cafe,,40.7182769,-73.9927278
node,11506163553,Robert,restaurant,american,40.7674398,-73.9820336
node,11509599874,Wendy's,fast_food,burger,40.7950395,-73.9718672
node,11509837680,Sweet Chick,restaurant,southern;chicken,40.7366142,-73.9912191
node,11511674837,Champion Pizza Plus,fast_food,pizza,40.7194587,-73.9879077
node,11512084768,Reverie,restaurant,,40.7162748,-73.9622509
node,11517456127,Mom's Food Market,cafe,,40.8012634,-73.9593439
node,11517820569,Eavesdrop,bar,,40.7248795,-73.9512955
node,11517887760,Blend Astoria,fast_food,,40.7644367,-73.9158068
node,11521280860,Sweetgreen,fast_food,salad,40.7914554,-73.9737671
node,11521280861,Joe & The Juice,cafe,coffee_shop,40.7915836,-73.9736788
node,11523643171,Carlota,restaurant,spanish,40.7151017,-73.9916695
node,11523643176,Treasure Club,bar,,40.7153993,-73.9915154
node,11523643177,Scarr's Pizza,fast_food,,40.7157403,-73.9915692
node,11530393583,Tsumo Omakase,restaurant,japanese,40.7955912,-73.9694838
node,11530514625,Buceo 95,restaurant,,40.7936012,-73.9711217
node,11532552940,Panera Bread,fast_food,sandwich;bakery,40.7875103,-73.9775627
node,11532552941,Baked by Melissa,restaurant,dessert,40.7873816,-73.9776772
node,11532552942,Playa Bowls,fast_food,açaí,40.7874353,-73.9776306
node,11536106180,Cafe Zaiya,cafe,coffee_shop,40.754069,-73.9849241
node,11536202001,Dim Sum Bloom,restaurant,chinese,40.7957389,-73.9706401
node,11538333631,Soledad,restaurant,mexican,40.7833661,-73.947979
node,11538535383,Coma Bueno,restaurant,dominican,40.7996039,-73.9628318
node,11538724479,Kikoo Sushi,restaurant,sushi,40.8013869,-73.9615545
node,11539067839,Chirping Chicken,fast_food,chicken,40.7990836,-73.9632107
node,11541133669,Bareburger,restaurant,,40.7943379,-73.9661954
node,11541696469,Hoptimist,bar,,40.7840717,-73.9779024
node,11545491005,MACC Deli,cafe,,40.798879,-73.9615675
node,11548252992,Salvatore's NY Pizza,fast_food,pizza,40.7988504,-73.9633931
node,11552829180,Donnie,fast_food,chinese,40.7996839,-73.9622918
node,11552957035,Juice Press,fast_food,juice,40.7451966,-73.9772724
node,11557681070,Remi Flower & Coffee,cafe,,40.7538106,-73.9690686
node,11558098810,White Castle,fast_food,burger,40.7542498,-73.9921773
node,11558110355,Tengri Tagh Uyghur Cuisine,restaurant,uyghur,40.7525395,-73.9886477
node,11558119422,Beyond Sushi - Vegan Restaurant,restaurant,asian,40.7524663,-73.9884545
node,11558613469,MayRee,restaurant,thai,40.7237527,-73.9892869
node,11561127141,Ravagh Persian Grill,restaurant,mediterranean;persian,40.7472594,-73.98314
node,11562378234,Sonic,fast_food,burger,40.700972,-73.9425939
node,11564047840,Miss Wonton,fast_food,chinese,40.7689896,-73.952403
node,11565456366,Döner Haus,fast_food,doner;turkish;german;middle_eastern;kebab,40.7324818,-73.9856687
node,11565456368,The Belfry,bar,,40.7327433,-73.9862943
node,11565458470,Jo's Taco,fast_food,mexican,40.7326934,-73.9861749
node,11565458471,Tina's Cuban Cuisine,fast_food,cuban,40.7325131,-73.9857436
node,11565487891,Naks,restaurant,filipino,40.7302931,-73.9835696
node,11565539048,Paradise Lost,bar,,40.7271704,-73.9884869
node,11565734559,Dunkin',fast_food,donut;coffee_shop,40.7435083,-73.919003
node,11565734561,,restaurant,,40.7435542,-73.9194431
node,11565738776,Limeña Pisco Bar & Restaurant,restaurant,,40.7425407,-73.9173755
node,11565738777,La Bella,fast_food,pizza,40.7424621,-73.9176475
node,11565738780,Pelicana Chicken,restaurant,korean;chicken,40.7424855,-73.9175693
node,11575046642,Mirakuya,fast_food,japanese,40.7006432,-73.9435486
node,11575046643,Los Angeles Bakery,fast_food,breakfast;sandwich,40.70065,-73.9434762
node,11575046644,Riveras Bagel Cafe,fast_food,bagel;breakfast;sandwich,40.7007283,-73.942799
node,11577704018,Pret A Manger,fast_food,sandwich,40.7106792,-74.0083082
node,11580920969,Sugar Monk,bar,,40.8089408,-73.9518174
node,11582969069,Okinii,restaurant,sushi,40.7289222,-73.9990944
node,11583940162,Irving Farm Coffee Roasters,cafe,coffee_shop,40.7834343,-73.9794572
node,11583940164,Ciao Paisan,restaurant,italian,40.7831966,-73.9789446
node,11583940165,Blondies Sports Bar,bar,,40.7832747,-73.9791292
node,11583954373,New York Comedy Club,bar,,40.7828731,-73.9801285
node,11584626923,Picky Barista,cafe,coffee_shop,40.7794718,-73.9832116
node,11590260824,Halal Food New York,fast_food,kebab,40.7661872,-73.9543952
node,11591011685,Lamar's Bagel Express,fast_food,bagel,40.7127514,-73.9902314
node,11592874869,Cafe Luce,restaurant,italian,40.757234,-73.9680045
node,11599566088,2788 Bagels,fast_food,bagel,40.8024986,-73.9674387
node,11608604958,Yondu Culinary Studio,restaurant,,40.7083725,-74.0006182
node,11608613210,Paris Cafe,restaurant,,40.7073186,-74.0014716
node,11610991069,La Cabra,cafe,,40.7242387,-73.9961964
node,11612945463,Artisan Cafe,cafe,coffee_shop,40.7899919,-73.9735603
node,11616874334,El Gallo Taqueria,restaurant,mexican,40.7866324,-73.9760139
node,11616874335,Uptown Poké,fast_food,poke;hawaiian,40.7867303,-73.9759435
node,11617087594,Crave Fishbar,restaurant,seafood,40.7842543,-73.9777515
node,11617087595,Two Wheels,restaurant,vietnamese,40.7842096,-73.9777838
node,11619602961,,bar,,40.7691809,-73.905005
node,11620209249,SANUKI UDON,restaurant,japanese,40.7291862,-73.9955475
node,11622197425,Vanessa's Dumpling House,restaurant,chinese,40.7849937,-73.9772104
node,11624325044,Raising Cane's,fast_food,chicken,40.7297829,-73.9917766
node,11625377394,Bareburger,fast_food,burger,40.7844043,-73.9799172
node,11627433797,Sushi Nonaka,restaurant,sushi,40.7836073,-73.978221
node,11627501943,Saravanaa Bhavan,fast_food,indian;south_indian,40.7835886,-73.977765
node,11627936545,Wanpo Tea Shop,cafe,bubble_tea,40.7314777,-73.9942487
node,11629287173,Zizi's Wine Bar,bar,,40.709189,-74.0078111
node,11629642322,West Side Comedy Club,bar,,40.7807729,-73.9804016
node,11632352915,Telio,restaurant,greek,40.7982092,-73.9688522
node,11634533855,Goodfellas,fast_food,pizza,40.7420996,-73.9261559
node,11634693238,Cuencanito Sports Bar Restaurant,restaurant,ecuadorian,40.7393091,-73.9183823
node,11635411753,Blvd Diner,restaurant,diner,40.7437228,-73.9209098
node,11635480733,Souk El-Shater,restaurant,lebanese,40.7437477,-73.921173
node,11638670322,Betty,restaurant,american,40.7136688,-73.9878507
node,11638867277,Maggie Mae's Bar,bar,,40.743936,-73.9227847
node,11639925160,Chick-fil-A,fast_food,chicken,40.7942264,-73.9662752
node,11640089104,Naya,fast_food,,40.7934598,-73.9673521
node,11650669783,El Diablito,fast_food,mexican,40.72514,-73.9890755
node,11651210924,Ida's Nearabout,bar,,40.7437121,-73.9208461
node,11651290841,Brookside Market,cafe,,40.743706,-73.9207774
node,11652456194,Tigre,bar,,40.7199283,-73.9881704
node,11653913239,Lately Café,cafe,,40.7474218,-73.9446673
node,11653922817,787 Coffee,cafe,,40.7340242,-74.0039038
node,11654745957,Pop’s Bagels,cafe,,40.7245453,-73.9943619
node,11656101146,Just Salad,fast_food,salad,40.7666429,-73.9565497
node,11658333426,Sushi Lin,restaurant,sushi,40.7191841,-73.9856983
node,11658333429,Cloud Vietnamese,restaurant,vietnamese,40.7188406,-73.985309
node,11658333430,Ginger & Lemongrass,restaurant,vietnamese,40.7191673,-73.9856462
node,11658333434,Burger King,fast_food,burger,40.7183003,-73.986582
node,11658333435,Dunkin' Donuts/Baskin Robbins,fast_food,donut;coffee_shop;ice_cream,40.7183802,-73.9868648
node,11658656805,Taqueria Santa Fe,restaurant,mexican,40.7408699,-73.9178593
node,11659815869,Starbucks,cafe,coffee_shop,40.7109261,-74.0103462
node,11660279301,Yumpling,restaurant,taiwanese,40.7430058,-73.9538492
node,11660392215,AJA Dumplings,restaurant,japanese,40.74232,-73.9525613
node,11660420711,The LIC Grill,fast_food,sandwich,40.7465007,-73.9456091
node,11660425877,Riko Peruvian Cuisine,restaurant,peruvian,40.7422657,-73.9189992
node,11660428520,Paris Baguette,cafe,,40.7424541,-73.9189728
node,11662430712,The Upside,bar,,40.7894094,-73.9739936
node,11663984987,Round K by Sol,cafe,korean;coffee_shop,40.7151445,-73.9931296
node,11664042688,Savor Coffee,cafe,coffee_shop,40.7903819,-73.9727124
node,11664042689,The Shell,restaurant,seafood,40.7906078,-73.9725454
node,11665558672,787 Coffee,cafe,coffee_shop,40.766576,-73.9573829
node,11665562923,Hui Restaurant & Bar,restaurant,chinese,40.7670128,-73.958463
node,11671515584,KO Burger,fast_food,burger,40.7145,-73.9939599
node,11674325705,Bings & Noodles,restaurant,chinese,40.7299776,-73.9995858
node,11674339847,Mala Project,restaurant,chinese,40.7568355,-73.9806333
node,11674339848,Akdeniz,restaurant,turkish,40.7568615,-73.9806953
node,11674345070,SushiDelic,restaurant,sushi,40.7202273,-73.998709
node,11674345072,Butler,cafe,breakfast;sandwich,40.7201134,-73.9988044
node,11675219101,Carmen's Kitchen,fast_food,latin_american,40.7568938,-73.9807722
node,11679066899,Kijitora,cafe,coffee_shop;tea;japanese,40.7021077,-73.9121524
node,11679124966,Dig,fast_food,regional,40.7500854,-73.9751882
node,11679760934,Beatnic,restaurant,burger,40.7227424,-73.9971339
node,11686570138,Fer,restaurant,chinese,40.7509119,-73.937035
node,11686756833,Westville,cafe,,40.7860409,-73.9780219
node,11687176846,Haven,restaurant,american,40.7834563,-73.9795171
node,11687176847,Mochi Dolci & 222 Speakeasy,cafe,dessert,40.7833931,-73.9794128
node,11687210350,Joe's Steam Rice Roll,restaurant,chinese,40.7840301,-73.9779134
node,11687215264,Song'e Napule,restaurant,italian;pizza,40.7854066,-73.9769052
node,11687215265,Scarlet Lounge,bar,,40.7855628,-73.9767913
node,11687369985,Celeste,restaurant,italian,40.7866864,-73.9759752
node,11687385083,Alachi Masala,restaurant,indian,40.7861403,-73.9763768
node,11687868832,Mista Oh,restaurant,korean,40.7432446,-73.9912163
node,11688962919,Thai Diva,restaurant,thai,40.7414323,-73.9189124
node,11690216252,Marinara,fast_food,pizza,40.7858131,-73.9761297
node,11690216253,King Food Chen,restaurant,chinese,40.7860073,-73.9760003
node,11695867777,Ray's,bar,,40.7235334,-73.9518146
node,11698533189,Lucky Mr. Wonton,fast_food,chinese,40.7436126,-73.9200086
node,11701153875,The Weekender,restaurant,bhutanese,40.7443986,-73.9107588
node,11701396014,Her Boba,fast_food,,40.7645824,-73.9913265
node,11701475595,Coco Pizzaria,restaurant,pizza,40.7594129,-73.9618878
node,11704876920,Madman Espresso,cafe,coffee_shop;breakfast;sandwich,40.7525798,-73.9744452
node,11704876921,Potbelly,fast_food,sandwich,40.7522662,-73.9743014
node,11704876923,Sweetgreen,fast_food,salad,40.752375,-73.9739586
node,11704876924,Chipotle,fast_food,mexican,40.7521579,-73.9740326
node,11705836568,Bamboo Sushi,restaurant,sushi,40.7656092,-73.9573801
node,11706750747,Kuu,restaurant,japanese,40.7656902,-73.9577457
node,11712060130,Adore Brooklyn,restaurant,,40.7177358,-73.958861
node,11714928281,Fishmarket,restaurant,,40.7283393,-73.9820432
node,11715036337,Madina Halal Deli,restaurant,burger;indian,40.7291209,-73.9836233
node,11715190678,Pressed Juicery,fast_food,juice,40.7661982,-73.9573772
node,11715190679,The Little Beet,restaurant,,40.7662604,-73.9573285
node,11717251415,Cellini,restaurant,italian,40.7600534,-73.9727312
node,11717251416,Pret A Manger,fast_food,sandwich,40.7599243,-73.9723236
node,11717251431,Café Olympia,cafe,,40.7599242,-73.9700459
node,11717251435,Nerai,restaurant,greek,40.7602001,-73.9730757
node,11721695351,Variety Cafe,cafe,coffee_shop,40.7154052,-73.9443717
node,11721695352,Mesa Coyoacan,restaurant,mexican,40.7155164,-73.9443889
node,11721695353,Sel de Mer,restaurant,seafood,40.7155677,-73.9443952
node,11725744791,drip coffee makers,cafe,coffee_shop,40.7233442,-74.0065729
node,11725766040,drip coffee makers,cafe,coffee_shop,40.7040496,-74.0076741
node,11725779437,Panther Coffee,cafe,coffee_shop,40.7256642,-73.9989626
node,11729195306,The Greats of Craft,bar,,40.7563355,-73.9645648
node,11729195307,Marinara,restaurant,pizza,40.7565374,-73.9644183
node,11729195308,Sofia Pizza Shoppe,restaurant,pizza,40.7567113,-73.9643249
node,11729260580,Zuri Coffee,cafe,coffee_shop,40.7580154,-73.9629042
node,11729264201,Go Noodle,fast_food,chinese,40.7592516,-73.9624477
node,11729264202,Adyar Ananda Bhavan,restaurant,indian,40.7593014,-73.9623856
node,11730128243,Sarabeth's,restaurant,,40.7839211,-73.9775152
node,11731444670,Maria Mulata Colombian Restaurant & Bar,restaurant,regional,40.7707505,-73.9617952
node,11732252028,Floribella Bakery & Restaurant,restaurant,ecuadorian;italian;breakfast,40.7448319,-73.91882
node,11732308982,Popeyes,fast_food,chicken,40.7088731,-73.9587184
node,11732423462,El Rey de los Tacos,restaurant,tacos; mexican,40.7444161,-73.915329
node,11732795498,El Don Taqueria,restaurant,,40.74455,-73.9107994
node,11734409650,Sophie's Cuban,restaurant,,40.7412524,-73.9937682
node,11734459674,Chick-fil-A,fast_food,chicken,40.7422468,-73.9930428
node,11734474015,Great Burrito,restaurant,mexican,40.7428769,-73.9931922
node,11734648510,Periyali,restaurant,,40.7406439,-73.9929501
node,11735228973,Popeyes,fast_food,chicken,40.7937065,-73.9721295
node,11735228974,Manhattan Diner,restaurant,american,40.7936415,-73.9721751
node,11736720370,Liberty Bagels,cafe,,40.7631664,-73.972521
node,11736908591,Vert Frais,cafe,,40.748843,-73.9424279
node,11736909048,Sansan Chicken,fast_food,chicken,40.7520228,-73.9389619
node,11736925169,Sansan Ramen,restaurant,ramen,40.7520717,-73.9390626
node,11737247196,Joe Coffee,cafe,,40.7533337,-73.9401448
node,11737576669,The Best Pizza,restaurant,pizza,40.7636803,-73.988578
node,11737903614,Jing Li,restaurant,shanghai,40.7481389,-73.9400703
node,11738012197,Sui Yoga Studio.Cafe,cafe,,40.7258776,-74.0036174
node,11738086069,Osteria 57,restaurant,italian,40.7346089,-73.9978963
node,11738266640,Brunch,cafe,,40.783395,-73.9799783
node,11738335249,Chip City,cafe,dessert;cookies,40.7810607,-73.976365
node,11738972189,Big Wong,restaurant,,40.7161895,-73.998278
node,11739055903,Starbucks,cafe,coffee_shop,40.7257767,-74.0055352
node,11739055904,Vestry,restaurant,seafood,40.7255235,-74.0053247
node,11739392410,Cuppa Tea,cafe,,40.7486632,-73.9401364
node,11743343361,Wing Wah,restaurant,chinese,40.7975347,-73.9340623
node,11746463839,Singlish,bar,,40.7349796,-73.993027
node,11746463840,Music For a While,bar,,40.7504877,-74.0033783
node,11746463841,Greek Kitchen,restaurant,greek,40.7306052,-73.9541599
node,11746463842,Nobody Told Me,bar,,40.7022294,-73.9849719
node,11746463843,ONGI,restaurant,korean,40.7521719,-73.9872338
node,11746463844,Mori,restaurant,japanese,40.7270969,-74.0020062
node,11746463845,142 Sullivan Bar,bar,,40.727044,-74.0020491
node,11746576608,One Bite Omakase,restaurant,japanese,40.7835338,-73.9778072
node,11746620409,Mister Chicken II,restaurant,chicken,40.7479291,-73.9475944
node,11747267935,Amelie Cafe,cafe,coffee_shop,40.7292851,-73.953737
node,11747283974,Little Rascal Bar,bar,,40.729358,-73.9573671
node,11748179931,Lim’s Kitchen,restaurant,korean,40.7569747,-73.914407
node,11748179932,Populares,restaurant,mexican,40.7230805,-73.9825225
node,11748179933,The Lions,bar,,40.7274292,-73.9852033
node,11748179935,L’Americana,restaurant,italian,40.7360524,-73.9874848
node,11748255277,Moka & Co,cafe,,40.7643272,-73.9148728
node,11748482156,Pizza Heights,fast_food,,40.8502512,-73.9344711
node,11748483455,Burger Heights,fast_food,,40.8501887,-73.9345225
node,11748507792,Espresso Heights,cafe,pastry,40.850251,-73.9344288
node,11748612010,Popeyes,fast_food,chicken,40.8436686,-73.9381147
node,11748632677,Aqua Marina,restaurant,italian,40.8432635,-73.93898
node,11748638092,Wingstop,fast_food,wings,40.8429756,-73.9394154
node,11748659948,Havana Heights,restaurant,cuban,40.8441492,-73.9391985
node,11748675128,Jade Garden,restaurant,chinese,40.8418274,-73.9389587
node,11748824591,Domino's,fast_food,pizza,40.8235568,-73.9380017
node,11748913964,Kensi Thai,restaurant,thai,40.8227041,-73.9386287
node,11748941382,King Barka & Prince Soul Food,restaurant,,40.8219514,-73.9385123
node,11748988895,Papa John's,fast_food,pizza,40.820797,-73.9363126
node,11749409223,Bistro Punta Sal,restaurant,peruvian,40.7414883,-73.9188961
node,11750775763,Deli El Chapincito,fast_food,guatemalan,40.7442196,-73.9814876
node,11751853080,Decades,restaurant,italian;pizza,40.7048196,-73.9058328
node,11753839084,La Pollera de Mario,restaurant,colombian,40.7401489,-73.9234289
node,11753942427,The Broski Grill,fast_food,,40.7445878,-73.9106946
node,11754487748,Conwell Coffee Hall,cafe,,40.7054382,-74.0091433
node,11754487749,Grandma’s Home,restaurant,chinese,40.7419249,-73.9928293
node,11756860356,Ines,restaurant,,40.7688221,-73.9541113
node,11756860357,Sushi Ishikawa,restaurant,sushi,40.768793,-73.9540347
node,11757144937,Crown Fried Chicken,fast_food,chicken,40.7982901,-73.9416781
node,11757144940,99¢ Mega Pizza,fast_food,pizza,40.7990018,-73.9411523
node,11760994850,Susukino Ramen,restaurant,,40.7032995,-74.0107985
node,11761016107,Dos Toros Taqueria,fast_food,,40.7025642,-74.0131538
node,11761107808,Murray's Cheese Bar,restaurant,,40.7485883,-73.9377506
node,11761653832,Congee Village,restaurant,chinese,40.7187004,-73.9903564
node,11761689742,Lucien,restaurant,french,40.7233554,-73.9881736
node,11761691198,Dunkin',fast_food,donut;coffee_shop,40.7264231,-73.9859405
node,11761723978,Delizia,restaurant,italian,40.7686535,-73.955143
node,11761868947,Bravo,restaurant,italian,40.7493418,-73.9841442
node,11762033170,Zucker's Bagels & Smoked Fish,cafe,,40.7538905,-73.9850776
node,11767652269,Saperavi,restaurant,georgian,40.732635,-73.9852239
node,11772965584,Island Grill,restaurant,caribbean,40.8151875,-73.9581244
node,11773867097,PS Kitchen,restaurant,,40.7606821,-73.986622
node,11774131269,Little Italy Pizza,restaurant,pizza,40.7658115,-73.9839012
node,11774637881,Kimura,restaurant,japanese,40.7289868,-73.9882604
node,11775761069,Dude’s Pizza,restaurant,pizza,40.7532429,-73.9922559
node,11776533245,Khan Tong Thai Kitchen,restaurant,thai,40.7454989,-73.9070582
node,11776558555,Mis Tierras Colombianas,restaurant,colombian,40.7446999,-73.9102707
node,11776575251,La Flor,restaurant,,40.7443649,-73.9114136
node,11776866972,New China,restaurant,,40.7452528,-73.9060499
node,11777048922,moa coffee,cafe,,40.7447058,-73.9034401
node,11780624365,Oliver’s,restaurant,,40.7595228,-73.9198347
node,11780629169,District Saigon,restaurant,vietnamese,40.7595843,-73.9199957
node,11780963363,La Perla,bar,,40.7022819,-73.9873473
node,11789217687,Baker Falls,bar,snack,40.7257942,-73.9839054
node,11800207769,Pizza Shack,restaurant,pizza,40.7703517,-73.9919456
node,11800209769,Long Island Dumplings,restaurant,dim_sum;chinese,40.7369749,-73.9973769
node,11800248039,3 Dessert Cafe,restaurant,dessert,40.7171352,-73.9981858
node,11800318553,Lucy's Vietnamese,restaurant,vietnamese,40.71882,-73.95895
node,11808548357,Juliet's Pizza,fast_food,pizza,40.7476556,-73.9403822
node,11812125969,Marinara Pizza,restaurant,pizza,40.7826337,-73.9535649
node,11814456769,Square pizza NYC Time Square,restaurant,pizza,40.7556426,-73.9921788
node,11817061865,SigSpace,cafe,,40.7592421,-73.9951614
node,11817062170,98K Fried Chicken and Sandwich,fast_food,burger,40.714778,-73.9929489
node,11820360453,Picky Barista,cafe,coffee_shop,40.790594,-73.9689247
node,11826577618,My Food House,restaurant,chinese,40.7145666,-73.9937001
node,11826587032,Rong Hang,restaurant,chinese,40.7157089,-73.9930991
node,11829025830,Eli’s Cafe & Creperie,cafe,,40.7729377,-73.9143042
node,11829025834,Under Pressure Coffee,cafe,,40.7737349,-73.9141078
node,11832103714,Asir-Et Steak House,restaurant,turkish,40.7447523,-73.9292703
node,11833502509,Los Tacos No.1,fast_food,mexican,40.7515179,-73.9777675
node,11834595698,NYC Cafe & Juice Bar,fast_food,juice,40.7981864,-73.9340334
node,11836538423,Il Cantinori,restaurant,italian,40.7323245,-73.993126
node,11840440162,Carol's Bun,restaurant,chinese,40.7138245,-73.9914494
node,11842272663,Tía Pol,bar,,40.7472782,-74.0047099
node,11842298772,Hey Yuet,restaurant,,40.7470428,-73.9964446
node,11842373513,Shake Shack,fast_food,burger,40.7397293,-74.0082119
node,11842373514,Frenchette Bakery,cafe,,40.7395346,-74.008533
node,11842373515,Studio Bar,bar,,40.7395602,-74.0088479
node,11842400114,Cassava House,cafe,,40.796445,-73.9348477
node,11842400115,Teng Dragon,restaurant,chinese,40.7961359,-73.9350826
node,11842400116,Sapoara,restaurant,latin_american,40.7961837,-73.9350491
node,11844522999,Trailer Park Lounge,bar,,40.7452301,-73.9978783
node,11845584190,Native Noodles,restaurant,asian;singaporean,40.8382618,-73.9378722
node,11847603619,La Lonchera,restaurant,,40.8227762,-73.953819
node,11852588962,Emerald Inn,bar,,40.7793147,-73.9837288
node,11852588968,Gebhard's Beer Culture,bar,,40.7790485,-73.9831265
node,11854382369,Olas Coffee Roasters and Cafe,cafe,,40.7117857,-73.9491299
node,11860537157,Nana's Green Tea,cafe,japanese;tea;ice_cream;cake,40.7479234,-73.987814
node,11861000618,Handcraft Burgers & Brew,fast_food,,40.7537869,-73.9858642
node,11862536065,Intelligentsia Café,cafe,,40.7458606,-74.0049844
node,11865332476,Berlin Döner,restaurant,kebab,40.7294161,-74.0008633
node,11865375282,Maestro Pasta,restaurant,italian,40.7293912,-74.0008833
node,11865385955,Malai Marke,restaurant,indian,40.7269036,-73.9876124
node,11865385956,Raj Mahal,restaurant,indian,40.7268373,-73.9874547
node,11865385957,Curry Flavor,restaurant,indian,40.7268042,-73.9873761
node,11865385958,Souen,restaurant,japanese,40.7267632,-73.9872787
node,11865385959,The Izakaya NYC,restaurant,japanese,40.7267795,-73.9873173
node,11865385960,Elsewhere Espresso,cafe,coffee_shop,40.7268048,-73.9868664
node,11865426867,Chick-fil-A,fast_food,chicken,40.75116,-73.9930023
node,11865528780,,fast_food,pizza,40.7505034,-73.9930104
node,11865529110,Starbucks,cafe,coffee_shop,40.7505083,-73.9933551
node,11865534871,Raising Cane's,fast_food,chicken,40.7508733,-73.9923032
node,11866488665,Cull & Pistol Oyster Bar,restaurant,,40.7424412,-74.0055869
node,11867099054,Jajaja Mexicana,restaurant,mexican,40.7298154,-74.004554
node,11868399774,Radio Star,restaurant,,40.7297778,-73.9601363
node,11868399779,21 Greenpoint,restaurant,,40.7297977,-73.9599277
node,11868399780,Banks Tavern,bar,,40.7297911,-73.9599975
node,11870170730,Mystica,restaurant,mexican,40.7332567,-73.958002
node,11871220391,Hassy Juice Bar,fast_food,juice,40.7963198,-73.9354087
node,11872565844,The Independent,bar,,40.7546757,-73.9874489
node,11872590937,Paris Baguette,cafe,,40.7548345,-73.9864878
node,11872704825,Valbella at the Park,restaurant,italian,40.7548664,-73.985372
node,11872731412,Shake Shack,fast_food,burger,40.7547339,-73.9854024
node,11872851264,Joe & The Juice,cafe,coffee_shop,40.7545541,-73.9830108
node,11872859723,Sweetgreen,fast_food,salad,40.7545974,-73.9830893
node,11873180748,Malibu Diner,restaurant,,40.7439868,-73.9949708
node,11873613002,Ghemo Bakery,cafe,coffee_shop,40.8007231,-73.9659776
node,11873613003,Ghemo,restaurant,georgian,40.8007444,-73.9660245
node,11875083121,Bleecker Street Bar,bar,,40.7265973,-73.9953567
node,11875156397,Bagel Market,restaurant,bagel,40.7110673,-74.0065073
node,11875174372,Starbucks,cafe,coffee_shop,40.7541345,-73.9717499
node,11876253500,Niforo's Coffee Shop,restaurant,diner,40.7503311,-73.9489138
node,11879930418,Nourish,restaurant,chicken;steak;turkish;spanish;salad;cake;burger;fish,40.8074374,-73.9273111
node,11879930424,Bodega Social,restaurant,,40.8073442,-73.9268938
node,11879930429,787 Coffee,cafe,,40.808656,-73.9300156
node,11880558862,The Alcove,restaurant,tapas,40.7458886,-73.9151766
node,11881240167,Wayla,restaurant,thai,40.718289,-73.9927504
node,11881245053,Ros Niyom Thai,restaurant,thai,40.7431979,-73.9517035
node,11884796769,Pizza Town,restaurant,pizza,40.7520357,-73.9858812
node,11890647090,La Rancherita Bakery and Restaurant,restaurant,spanish,40.7937685,-74.012463
node,11890647091,Angelo's Pizzeria & Restaurant,fast_food,pizza,40.8104877,-74.0007689
node,11890647094,Hannah Fun Chinese Restaurant,restaurant,chinese,40.793957,-74.012707
node,11890647095,Sabor y Punto,restaurant,spanish,40.7939174,-74.0127348
node,11890647096,Pollos a la Brasa Kikiriki,restaurant,spanish,40.7938646,-74.0127653
node,11890647098,Blazin Chicken & Gyro,restaurant,chicken,40.7998407,-74.0078887
node,11892515469,Broni & Belle’s Pizzeria,restaurant,pizza,40.7450228,-73.99825
node,11895286667,Culture Espresso,cafe,coffee_shop,40.7551309,-73.9923795
node,11895576969,Berlina Cafe,restaurant,pizza,40.7553382,-73.9909515
node,11897338093,Restaurante Félix,restaurant,,40.7225399,-74.0038369
node,11897345667,Kintsugi,restaurant,sushi,40.7229261,-74.0046413
node,11897354380,Now or Never,cafe,,40.7228856,-74.0045762
node,11897453324,Tokuyamatcha Onigirazubar,cafe,,40.7239804,-73.9801699
node,11905528875,Goku Kitchen,restaurant,meat;asian;noodle;chinese;dumplings,40.7070267,-74.0082784
node,11907628900,Electric Burrito,fast_food,mexican,40.7419197,-74.0014144
node,11910216062,Hamburger America,fast_food,american,40.7279642,-74.0024583
node,11910381815,Tokyo Taiyaki,fast_food,japanese;ice_cream,40.7294115,-73.9891702
node,11910381816,Spot Dessert Bar,cafe,dessert,40.7292945,-73.989015
node,11910381822,Udon St Marks,restaurant,japanese,40.7293326,-73.9891008
node,11910381824,Oh! Taisho,restaurant,japanese,40.7293722,-73.9892017
node,11910768715,Chelsea Juice,fast_food,juice,40.738543,-74.00006
node,11914041769,Tropical Juice Bar,fast_food,juice,40.7852666,-74.0187977
node,11917024769,NºBetween,bar,japanese,40.7427277,-74.0069647
node,11918630622,Sour Mouse,bar,,40.7188557,-73.9883675
node,11918682921,The Monroe,cafe,,40.7117671,-73.9937291
node,11918780630,Strip House,restaurant,steak_house,40.7552726,-73.9807065
node,11918781631,Le Rivage,restaurant,french,40.7602653,-73.9895344
node,11919343061,Nan Xiang Express,fast_food,chinese,40.8025866,-73.9682034
node,11920176973,Beanstalk Cafe,cafe,,40.7448142,-73.9486449
node,11920227481,Enerugi Ramen,restaurant,,40.7338574,-73.9547008
node,11920227640,Popeyes,fast_food,chicken,40.7307386,-73.9541882
node,11922268886,The Corner Spot,cafe,,40.7712562,-73.9082317
node,11931321868,Mashed Burgers,restaurant,,40.8264032,-73.9871621
node,11933299269,Little Italy Pizza,restaurant,pizza,40.7576681,-73.9896928
node,11935609527,Gamja Tang Tang Restaurant,restaurant,korean,40.8536147,-73.9749085
node,11936665542,Dunkin,cafe,,40.7454693,-73.9030755
node,11938467682,BCD Tofu House,restaurant,korean,40.8499933,-73.9700941
node,11938485145,Ridgewood Taco Factory,restaurant,mexican;tacos,40.7048812,-73.9018408
node,11938509358,Soup Dumpling Plus,restaurant,chinese,40.8475202,-73.9706087
node,11939429373,Do Not Feed Alligators,cafe,coffee_shop,40.7336811,-74.0042611
node,11940428349,Tacos el Guero,restaurant,tex-mex,40.7447456,-73.9158829
node,11941135093,Propaganda,bar,,40.7120937,-73.9629898
node,11942932648,Duo,cafe,pastry,40.7273382,-73.9900277
node,11943260737,Torrisi,restaurant,italian,40.724217,-73.9954001
node,11943260739,Botantica Bar,bar,,40.7246846,-73.994744
node,11943293175,Dahlia,bar,,40.7777536,-73.9783192
node,11945783623,Kernel,fast_food,sandwich,40.7405842,-73.9858367
node,11948944397,Leyla,restaurant,mediterranean,40.7788358,-73.9783508
node,11949550419,Blank Street Coffee,cafe,coffee_shop,40.7880325,-73.9770984
node,11949550422,Juice Generation,fast_food,juice,40.7882001,-73.976958
node,11955118212,Ebru Halal Food,fast_food,,40.80392,-73.9666973
node,11956309391,Butcher‘s Daughter,cafe,,40.7148966,-73.9585346
node,11958687397,The Muffins Cafe,cafe,,40.7763311,-73.9798016
node,11959321244,Proletariat,bar,,40.7286675,-73.9894532
node,11959453564,Talea,bar,,40.7332328,-74.0048048
node,11961064414,Coffee For Sasquatch,cafe,,40.7205273,-73.9965666
node,11963278382,Cafe to Go,cafe,coffee_shop,40.7668738,-73.9204798
node,11963527190,Taco Bell,fast_food,tex-mex,40.8386507,-73.941176
node,11963599308,Prestige Cafe & Deli,cafe,,40.8429363,-73.9418091
node,11963599309,Subway,fast_food,sandwich,40.8428747,-73.9418371
node,11963618919,Addey Ababa,restaurant,ethiopian,40.8505785,-73.9376955
node,11963623561,Forever Coffee,cafe,,40.8502767,-73.9365435
node,11963636514,Buunni Coffee,cafe,,40.8428438,-73.942848
node,11963740469,Bombay Bistros,restaurant,indian,40.7313594,-74.002533
node,11968161061,Vanilla Gorilla Cafe,cafe,coffee_shop;sandwich;pastrino,40.7538327,-73.9925095
node,11968161063,Burgerology,restaurant,burger,40.753801,-73.9936143
node,11968218727,HaaM,restaurant,dominican;trinidadian,40.7075031,-73.950372
node,11968856800,Chrissy's Pizza,restaurant,pizza,40.7246969,-73.9476789
node,11968859203,Pairing,cafe,coffee_shop,40.7232303,-73.9415595
node,11969362703,Pressed Juicery,fast_food,juice,40.7358385,-73.9928646
node,11969362709,Subway,fast_food,sandwich,40.7355578,-73.9921902
node,11969588269,The Three Monkeys,bar,,40.7641352,-73.9830578
node,11971047114,Water St. Tavern,restaurant,american,40.7025972,-73.9865509
node,11971148917,Little Myanmar,restaurant,burmese,40.7229483,-73.9853975
node,11975933900,Kyoto Sushi,restaurant,sushi;japanese,40.7251428,-73.9469555
node,11975933906,Minnows,bar,,40.7252888,-73.9465131
node,11975933909,Greta,cafe,coffee_shop,40.7254716,-73.9447184
node,11976751722,Empanadas,restaurant,,40.8488,-73.9328221
node,11976751728,Caridad Restaurant,restaurant,,40.8488427,-73.9329282
node,11978018860,Billy’s Hot Dog Cart,fast_food,,40.7898723,-73.9662631
node,11978634498,Fortune Palace,fast_food,chinese,40.7084691,-73.9585005
node,11978707605,Testo,restaurant,italian,40.7083206,-73.9469086
node,11980017793,Omega Bakery & Cafe,cafe,,40.8102659,-73.9532009
node,11980400027,Jerk House Caribbean,restaurant,caribbean,40.8103162,-73.947018
node,11981765094,Harlem Breakfast Club,restaurant,,40.8111327,-73.9464042
node,11982189827,Red Star,restaurant,chinese,40.8225077,-73.938104
node,11986335291,Juice Press,fast_food,juice,40.7720478,-73.9586765
node,11987722720,Jeffrey's Grocery,restaurant,seafood,40.7339144,-74.0013412
node,11989224378,NY Dosas,fast_food,indian,40.7308778,-73.9988189
node,11990405945,Rocco Steakhouse,restaurant,steak,40.7438235,-73.9860292
node,11990995698,Ashford & Simpson's Sugar Bar,restaurant,,40.7793657,-73.9838442
node,11992808706,Blue Ruin,bar,,40.7572141,-73.9930662
node,11993079620,Spot Dessert Bar,cafe,asian,40.7488931,-73.938047
node,11994488267,DimSum Garden,restaurant,chinese;dim_sum,40.7586972,-73.9654903
node,11994512705,Greenport Cafe,cafe,,40.7600446,-73.9632883
node,11994512706,Sasabune Express,restaurant,,40.7600289,-73.9632487
node,11994512711,Tramway Diner,cafe,coffee_shop,40.759579,-73.9622052
node,12006510169,Zillions Pizza,restaurant,pizza,40.7581501,-73.9925308
node,12010613170,Mario's Pizza,fast_food,pizza,40.7117583,-73.9409488
node,12012953699,Costa y Mar,restaurant,peruvian;ecuadorian,40.7400145,-73.9237228
node,12014383329,Dragon Sushi,restaurant,sushi,40.8019513,-73.9569308
node,12021097574,Sido,restaurant,mediterranean,40.7777188,-73.9783437
node,12023694618,Flame,restaurant,,40.7839461,-73.9743873
node,12023789088,Variety Coffee Roasters,cafe,coffee_shop,40.7849338,-73.9767992
node,12024393753,The Milling Room,restaurant,,40.7836415,-73.9744848
node,12024393754,Starbucks,cafe,coffee_shop,40.7835809,-73.9745307
node,12034739461,Onedee Thai,restaurant,thai,40.7444121,-73.9152522
node,12034744057,Pizza Boy II,fast_food,pizza,40.7455462,-73.9055939
node,12036720750,Root Juicery,fast_food,juice,40.8020929,-73.9573085
node,12036720755,Cantina Taqueria,restaurant,,40.8027452,-73.9568209
node,12036720756,Dunkin',fast_food,donut;coffee_shop,40.8029183,-73.9566863
node,12037234983,Blvd,bar,,40.7757784,-73.9099719
node,12037259035,The Ditty,bar,,40.774834,-73.9086149
node,12037270026,Flaming Grill,restaurant,,40.7747536,-73.9085232
node,12037275769,Rivercrest,bar,,40.7751061,-73.9089946
node,12037276438,Delicias Caleñas,restaurant,colombian,40.7747858,-73.912079
node,12037313253,O'Hanlon's,bar,,40.7747971,-73.9120597
node,12037316254,Yaar Indian Restaurant,restaurant,indian,40.7748192,-73.9120307
node,12037348894,Agenda,restaurant,,40.7679813,-73.9207799
node,12042390267,Playa Bowls,fast_food,açaí,40.7777654,-73.9792046
node,12042549280,Legend 72,restaurant,chinese,40.7779742,-73.9796927
node,12042549289,Dough Doughnuts,fast_food,donut,40.778066,-73.9799072
node,12042651949,Sushi Counter,restaurant,sushi,40.7332779,-74.0055872
node,12042873185,Hungry & Healthy Marketplace,cafe,,40.7784694,-73.9808505
node,12042873186,Malka,restaurant,,40.7784417,-73.9807856
node,12043013017,Popup Bagels,fast_food,bagel,40.779961,-73.9771655
node,12045059816,Glaze,restaurant,japanese,40.7540475,-73.9859163
node,12047107430,Hooda Halal,fast_food,,40.808128,-73.9636344
node,12047655753,Sweetie’s K-Chicken,restaurant,korean;fried_chicken,40.7249302,-73.9512899
node,12047723586,MáLà Project,restaurant,sichuan,40.7232072,-73.9506159
node,12048266251,Chi Chicken,restaurant,chinese;asian,40.7486889,-73.9400537
node,12055614728,Los Tacos No.1,restaurant,tacos,40.7262725,-73.9946961
node,12055618255,Cafe Lyria,cafe,,40.725889,-73.9954623
node,12055649675,Raf's,cafe,italian;french;breakfast;pastry,40.7246991,-73.9932247
node,12057896375,Empire Sandwich Shop,fast_food,,40.7416799,-73.9257658
node,12060241049,Popeyes,fast_food,chicken,40.7242596,-73.9879409
node,12065422572,Green Lane Coffee,cafe,,40.7744639,-73.9509001
node,12065453677,Chick-fil-A,fast_food,chicken,40.773641,-73.9545554
node,12067967003,Bella Blue,cafe,,40.7410235,-73.9326532
node,12068842073,High Hill Diner,restaurant,diner;american,40.8551632,-73.9373884
node,12070389068,SUGARFISH by Sushi Nozawa,restaurant,sushi,40.7651959,-73.9816218
node,12070394872,Topaz,restaurant,thai,40.7643677,-73.9789336
node,12070422440,K-bap,restaurant,korean,40.7632955,-73.9771622
node,12070468651,Tina's Cuban Cuisine,restaurant,,40.7630129,-73.9757399
node,12070476839,Il Tinello Ristorante,restaurant,italian,40.7625761,-73.9756396
node,12070492977,Dim Sum Palace,restaurant,chinese,40.7627231,-73.9760278
node,12070736700,Veselka,restaurant,ukrainian,40.7163681,-73.949593
node,12070920014,Alex Cafe & Deli,cafe,sandwich;breakfast,40.7674269,-73.9547221
node,12070920019,York Ave Pizza,restaurant,pizza;sandwich,40.7669295,-73.954327
node,12074578120,SUGARFISH by Sushi Nozawa,restaurant,sushi,40.7579501,-73.9703988
node,12076152433,Baby Grand Flatiron,bar,,40.738683,-73.9937194
node,12077150283,Springbone Kitchen,restaurant,,40.7865605,-73.9718824
node,12077150288,Beer Run UWS,bar,,40.7866912,-73.9717938
node,12078860384,Cafe Sabarsky,restaurant,german,40.7812646,-73.960373
node,12079568551,& Son Steakeasy,restaurant,steak_house,40.7339041,-73.9986749
node,12079653418,Cotta Osteria,restaurant,italian,40.7854771,-73.9726638
node,12081310371,Noi Due,restaurant,italian,40.7848847,-73.9731089
node,12081310372,Mughlai Indian Cuisine,restaurant,indian,40.7848167,-73.9731531
node,12081310373,Cilantro NYC,restaurant,,40.7846872,-73.973253
node,12081819275,Lokal Mediterranean Kitchen,restaurant,lebanese,40.7842949,-73.9735265
node,12081972242,About Coffee,cafe,coffee_shop,40.783362,-73.974207
node,12083521695,Chez les Frenchies,cafe,french;sandwich,40.7686957,-73.9518229
node,12084131484,Ayat,restaurant,palestinian,40.7242306,-73.9789217
node,12084131486,Kosmic Community Anti Bar,cafe,,40.7244254,-73.9787948
node,12084823913,Patsy's Pizzeria,fast_food,pizza,40.7786667,-73.9773852
node,12086289679,Le Petit Parisien,cafe,french,40.776121,-73.9837543
node,12091218600,Takeria 718,fast_food,tacos,40.7425958,-73.9188459
node,12093994492,Bread and Stone,restaurant,pizza,40.7270613,-73.9879869
node,12093994493,Wonderland Bar,bar,chinese,40.7270554,-73.9885712
node,12093994494,Taishoken,restaurant,ramen,40.7269369,-73.9886581
node,12093994495,Frank,restaurant,italian,40.7268894,-73.988693
node,12094235323,The Ocky Blend,fast_food,juice,40.7902185,-73.9425059
node,12095095042,Sushi Yoshizawa,restaurant,sushi,40.764094,-73.9592768
node,12095137001,Naya,cafe,mediterranean,40.7655727,-73.9543985
node,12095137002,Pret A Manger,fast_food,sandwich,40.7656668,-73.9543644
node,12095137003,Starbucks,cafe,coffee_shop,40.7659365,-73.9541722
node,12097219114,Pollo Campero,fast_food,chicken,40.7506563,-73.9869127
node,12097569302,Lucia Alimentari,restaurant,coffee_shop,40.7216106,-74.004245
node,12101284215,Kyuramen,restaurant,ramen,40.760232,-73.9886968
node,12102851138,Paris Baguette,cafe,,40.7514912,-73.9862834
node,12102901861,Joe & The Juice,cafe,coffee_shop,40.7157994,-74.0109094
node,12103601620,Bomdama,restaurant,korean,40.8480626,-73.9975674
node,12106988183,Antojitos Charly,fast_food,tacos,40.7420683,-73.9188432
node,12107605899,Agave 31,restaurant,mexican,40.7607859,-73.9173207
node,12109229017,Jiang Nan,restaurant,chinese,40.746475,-73.9422389
node,12111676581,Nan Xiang Express,fast_food,dumplings,40.7146618,-73.9614069
node,12117177344,Leon's Bagels,fast_food,bagel,40.7194264,-73.9561701
node,12117530628,DAGNY Astoria,cafe,,40.7701886,-73.93438
node,12117552171,Costco Food Court,fast_food,hot_dog;pizza;sandwich,40.767542,-73.9380098
node,12117597451,New Lucky Star Kitchen,restaurant,chinese,40.7726627,-73.9321924
node,12118435378,Cafe Massawa,restaurant,ethiopian;east_african,40.8145806,-73.9594549
node,12118471440,Pho Amsterdam,restaurant,vietnamese,40.8109107,-73.9582924
node,12119061943,Arcadia Bar and Kitchen,restaurant,american,40.7722352,-73.9292436
node,12119150998,Casa Galicia,restaurant,spanish,40.7620256,-73.9182898
node,12119276721,Burger Box,fast_food,,40.764625,-73.9168744
node,12119373021,ukus,restaurant,balkan,40.762883,-73.9131458
node,12120372893,Birch Coffee,cafe,coffee_shop,40.7575906,-73.9674597
node,12122432674,Starbucks,cafe,coffee_shop,40.755991,-73.9904415
node,12123555215,Hutch Astoria,bar,gastropub,40.7627846,-73.9198884
node,12123586826,Sugarfish,restaurant,sushi,40.7808701,-73.9806557
node,12123675444,Champion Pizza,fast_food,pizza,40.7754171,-73.9118527
node,12132326271,Pokeworks,restaurant,salad,40.7664794,-73.9208167
node,12133056406,Mayahuel,restaurant,mexican,40.7593073,-73.9261544
node,12133056407,Abi Sushi,restaurant,sushi;japanese,40.7601536,-73.9266299
node,12133056408,Arepa Lady Astoria,restaurant,colombian,40.7585613,-73.9279023
node,12133056409,Mister Everything,bar,,40.7584495,-73.9279813
node,12133056410,Urban Vegan Roots,restaurant,,40.7583845,-73.928045
node,12133056411,Elevenses,cafe,,40.7581078,-73.9281495
node,12136840064,Melody Cafe & Restaurant,restaurant,,40.7655779,-73.9133934
node,12136868100,Al-Sham Restaurant,restaurant,,40.765768,-73.9137009
node,12138595510,Rocco’s,fast_food,sandwich,40.7523072,-73.9125191
node,12146166169,Hi-Note,cafe,snack,40.7278978,-73.9792841
node,12148712255,Spoon & Chopstick,restaurant,,40.8479404,-73.9848025
node,12148713030,Johnny's Pizza,restaurant,pizza,40.8478279,-73.984823
node,12150569640,Hawa,cafe,bubble_tea,40.7663014,-73.9573166
node,12150641967,The Spotted Owl,bar,,40.7298793,-73.9809353
node,12150720897,Nino's Ristorante,restaurant,italian,40.7681889,-73.9554974
node,12158731804,Pye Boat Noodle,restaurant,thai,40.7603461,-73.9216186
node,12162106178,7th Heaven Pizza,fast_food,pizza,40.8215475,-73.9394828
node,12162116557,City One,fast_food,chinese,40.8225708,-73.9418953
node,12162522174,OK Café,cafe,,40.7752427,-73.909958
node,12162663961,Fountainhas,cafe,,40.7038444,-73.9867404
node,12162675630,Uncle Drink,cafe,,40.7575196,-73.9199801
node,12162695407,Tokugawa,restaurant,sushi,40.776242,-73.9623694
node,12162704257,Vida,restaurant,steak,40.7631118,-73.9154445
node,12162717778,Fitrition,cafe,,40.7635075,-73.9151169
node,12162738618,The Local,bar,,40.7607186,-73.9161782
node,12164415649,Diamond Thai,restaurant,thai,40.7197179,-73.988654
node,12164467268,The Last Word,bar,,40.7753994,-73.9099221
node,12164498046,Acento,restaurant,,40.7751043,-73.9095237
node,12164540030,LightHouse Rooftop,restaurant,mexican;japanese,40.7435704,-73.9278857
node,12164678229,Halal Munchies,fast_food,middle_eastern,40.7669961,-73.9122627
node,12164684990,Zyara Halal Shawarma,restaurant,middle_eastern,40.7665583,-73.9126376
node,12164701230,Nosh Up Deli & Grill,fast_food,,40.7607445,-73.9224809
node,12165852305,Souvlaki Lady,fast_food,,40.7753117,-73.909755
node,12166885751,Seek Coffee,cafe,coffee_shop,40.7766515,-73.9117101
node,12166906021,KX Burger & Beyond,fast_food,burger,40.7766052,-73.9116379
node,12168940159,Mochiron Izakaya,restaurant,japanese,40.7653977,-73.9185165
node,12169093627,El Rey del Taco,restaurant,mexican,40.7639597,-73.9223772
node,12170467434,The Liberty,restaurant,american;pizza,40.7498622,-73.9856035
node,12171054081,Shuya,restaurant,japanese,40.7460894,-73.9776287
node,12174194089,Auntie Anne's,fast_food,pretzel,40.7949447,-73.9712488
node,12174223748,,fast_food,,40.808222,-73.9641205
node,12175767750,Dunkin,cafe,donut,40.7523869,-73.9211157
node,12175944629,Nishida Sho-ten,restaurant,ramen;japanese;asian,40.7540126,-73.9686892
node,12177578856,9th Avenue Saloon,bar,,40.7607594,-73.9906983
node,12177578857,Le Sia,restaurant,chinese;seafood,40.7607048,-73.9912033
node,12177578858,Matto Espresso,cafe,coffee_shop,40.7605195,-73.9908845
node,12177578860,Juice Generation,cafe,juice,40.7604588,-73.9909339
node,12177578861,Loveley's Old Fashioned Hamburgers,fast_food,burger,40.7603992,-73.9909724
node,12177578862,Osaka Fusion Sushi,restaurant,sushi,40.7607118,-73.9907302
node,12179123583,Playa Bowls,fast_food,açaí,40.7178883,-73.9574736
node,12179336448,Dunkin,cafe,,40.7367571,-73.9321955
node,12179338199,Saucey Pizza Bar,restaurant,pizza,40.733978,-73.9374032
node,12183004901,Bangkok Supper Club,restaurant,thai,40.7390218,-74.0056634
node,12189158950,Playa Bowls,fast_food,açaí,40.7464318,-73.9936906
node,12189238901,Roberta's,restaurant,italian_pizza,40.7507736,-73.9914958
node,12192271812,ThisBowl,fast_food,salad,40.7263159,-73.995058
node,12195273418,Ashour,restaurant,mediterranean,40.7599557,-73.9180072
node,12195365777,Chocolate House,cafe,crepes,40.765853,-73.9136305
node,12195636501,Suzuki Shokudo,restaurant,,40.7535922,-73.931946
node,12195740987,Aria,restaurant,italian,40.7291517,-74.0034544
node,12195740993,Starbucks Pickup,cafe,coffee_shop,40.7293401,-74.0049942
node,12195740994,Ubani,restaurant,georgian,40.7296289,-74.0039259
node,12195740995,Cotenna,restaurant,italian,40.7290298,-74.0035786
node,12195829068,,fast_food,,40.7936076,-73.9727971
node,12200001128,Jean Claude,restaurant,french,40.7592586,-73.9620057
node,12200027413,La Pizza Italia,fast_food,pizza;italian;chicken,40.7607838,-73.9613398
node,12200095988,Dough,fast_food,donut,40.7765356,-73.9104902
node,12200096731,Create,fast_food,,40.7764851,-73.9109577
node,12200487947,Love Mi Yogurt,cafe,bubble_tea,40.7335751,-73.9897
node,12202445851,Antojitos Mexicanos,fast_food,mexican,40.7448128,-73.9097617
node,12202478856,My Coffee Shop,cafe,,40.7443879,-73.9113528
node,12202814149,Mimoza,restaurant,,40.765007,-73.9170579
node,12202866924,Tufino,restaurant,pizza,40.7740652,-73.9080342
node,12202962323,Tokyo Ya,restaurant,japanese;sushi,40.7741049,-73.9080857
node,12203059235,Kumo,restaurant,japanese,40.7734699,-73.9072066
node,12203223067,Oishii Sushi,restaurant,japanese,40.7736787,-73.9074891
node,12203235008,The Pomeroy,restaurant,,40.7739873,-73.9079267
node,12204681777,Broadway Grill,fast_food,,40.7889327,-73.9761921
node,12205927160,Starbucks,cafe,coffee_shop,40.7927202,-73.9984786
node,12205927168,Dunkin',fast_food,donut;coffee_shop,40.803518,-73.9913815
node,12206311669,City Winery,restaurant,,40.7431021,-74.009291
node,12207203839,Muse Paintbar,bar,,40.7176962,-74.0104084
node,12207560722,Liberty Bagel Deli and Grocery,fast_food,bagel,40.7624175,-73.9894514
node,12207775922,Bad Roman,restaurant,italian,40.7686801,-73.9824413
node,12207819344,Kopifellas,cafe,singaporean;coffee;bubble_tea,40.7609179,-73.9823212
node,12207824657,Jakarta Munch,fast_food,indonesian,40.7609535,-73.9823011
node,12207936053,Ditmars Dragon Phoenix,fast_food,chinese,40.774198,-73.9077168
node,12209989224,McDonald's,fast_food,burger,40.8267303,-73.9506135
node,12210077044,Rokc,restaurant,ramen,40.8235362,-73.9522214
node,12216969188,Koliba,restaurant,,40.7741836,-73.912376
node,12216971627,Bartolinos,bar,,40.7785044,-73.9089924
node,12216995926,The LetLove Inn,bar,,40.7755381,-73.9147688
node,12216995940,Figlia,restaurant,pizza,40.7744544,-73.9132403
node,12217009578,Jack's Pizza,fast_food,pizza,40.7737637,-73.911784
node,12217014148,Compton's,fast_food,sandwich,40.7753714,-73.9145454
node,12217024777,Via vai,restaurant,pizza,40.7742143,-73.9124202
node,12219168443,King Souvlaki,fast_food,,40.7729252,-73.9062192
node,12230255301,Danger Danger,bar,,40.7029064,-73.9257946
node,12230629417,787 Coffee,cafe,coffee_shop,40.7743341,-73.9555786
node,12230640779,Taste Of China,restaurant,chinese,40.7571427,-73.9148002
node,12231142207,Walnut Bus Stop Diner,restaurant,,40.8004869,-73.9106534
node,12231142208,Walnut Bar & Grill,bar,,40.8004356,-73.9105726
node,12232386092,Kabob Town,fast_food,middle_eastern,40.7174797,-73.9996271
node,12233478849,Charlie's Bar & Kitchen,restaurant,,40.8077697,-73.9292688
node,12233587106,42nd Street Restaurant,restaurant,pizza;greek,40.7617745,-74.0000776
node,12233725009,Gamja TangTang,restaurant,korean,40.8498663,-73.9701464
node,12233725010,Möge Tee,cafe,bubble_tea,40.8522831,-73.9696485
node,12233725012,Bonjuk 본죽 FortLee,restaurant,korean,40.8505784,-73.968764
node,12233725013,Dunkin',fast_food,donut;coffee_shop,40.8524019,-73.9695737
node,12233725014,Fresh Bites Dosirak,restaurant,korean,40.8508473,-73.9688023
node,12233725015,Shabu House AYCE 샤브하우스,restaurant,korean,40.8507945,-73.9697499
node,12233725016,Sa Rit Gol,restaurant,korean,40.8508222,-73.9686452
node,12233725017,Myung Dong Noodle House,restaurant,noodle,40.851876,-73.9698907
node,12233725019,Jiangnan - Fort Lee,restaurant,chinese,40.8497409,-73.9701193
node,12233725021,Daehan Gopchang 대한곱창,restaurant,korean,40.8509235,-73.9691013
node,12233725022,Gong Cha,cafe,bubble_tea,40.8506269,-73.970133
node,12233732594,Machi machi,cafe,bubble_tea,40.8517345,-73.9693135
node,12233732596,Gayeon,restaurant,korean,40.8516051,-73.9688376
node,12233732597,Bean&Bean Coffee,cafe,coffee_shop,40.851749,-73.9693947
node,12235107075,Loopy's,restaurant,korean,40.7474883,-73.9923022
node,12235107077,New M & J,restaurant,asian;sushi,40.7474645,-73.9922458
node,12241732008,Rosa’s Pizza,fast_food,pizza,40.7464147,-73.9936422
node,12241733433,Emperor Dumpling,restaurant,chinese;japanese,40.7462639,-73.9938221
node,12244426994,Revel & Rye,restaurant,,40.7585073,-73.9858673
node,12244830003,Align Coffee,restaurant,coffee_shop;pancake;savory_pancakes,40.7082911,-73.9534105
node,12245045899,Nonnas 1977,fast_food,pizza,40.7748685,-73.913326
node,12245062416,To Laiko,cafe,coffee_shop,40.7745929,-73.9129453
node,12245064378,Ambrosia Garden,restaurant,greek,40.7749018,-73.9133719
node,12245068122,Rice K,restaurant,asian,40.7747461,-73.9131796
node,12246368911,Salsa Pizza Napoletana,restaurant,pizza,40.7264357,-73.9552079
node,12246616257,Starbucks,cafe,coffee_shop,40.7585572,-73.9865632
node,12247152956,"Hello, Yam!",fast_food,japanese;sweet_potato,40.727499,-73.9829136
node,12248356098,Zaruma,cafe,coffee_shop,40.7024095,-73.990195
node,12253456376,Win Son Bakery,cafe,coffee_shop;asian;taiwanese;pastry,40.7072233,-73.9430166
node,12254980775,The Dutchess Tea House,cafe,,40.7217666,-73.9921781
node,12255809586,,restaurant,greek,40.7702424,-73.9067857
node,12255818807,,restaurant,pizza,40.771037,-73.9032569
node,12259319359,Soho Diner,restaurant,,40.7220958,-74.0042287
node,12264912665,52 Lounge,restaurant,,40.7844603,-74.0198765
node,12264912675,Como En Tu Casa,restaurant,,40.7846431,-74.019737
node,12264961506,Cafe Tospia,cafe,,40.7925482,-74.0137903
node,12264961507,Noches de Colombia,restaurant,,40.792701,-74.0136666
node,12264961509,El Chalateco,restaurant,,40.794287,-74.0124568
node,12264970745,Noches de Colombia,restaurant,,40.7872301,-74.0177991
node,12269398149,Selva,bar,,40.7062229,-73.9212463
node,12269406401,La Cabra,cafe,coffee_shop,40.7061778,-73.9211621
node,12272139785,Honey Moon Coffee Shop,cafe,,40.7060756,-73.9104845
node,12272141000,Lucy’s Vietnamese,restaurant,vietnamese,40.705697,-73.9104036
node,12277592536,Wingstop,fast_food,wings,40.8232571,-73.9522616
node,12286185499,McDonald's,fast_food,burger,40.8070184,-74.0170145
node,12286201163,McDonald's,fast_food,burger,40.8179503,-73.9413546
node,12286268521,McDonald's,fast_food,burger,40.7262258,-73.9067201
node,12288613872,Björk Cafe,cafe,scandinavian,40.7494227,-73.9799574
node,12300150547,The Spotted Dog,bar,,40.7622657,-73.9598052
node,12300150548,Lunetta Pizza,restaurant,pizza;italian,40.7624401,-73.959689
node,12300459338,Daddy's Bar,bar,,40.7068127,-73.9122223
node,12307257374,Urban Vegan Kitchen,restaurant,,40.7451722,-73.9976887
node,12307831703,Modern Coffee House,cafe,,40.7136888,-73.993096
node,12307861590,Kings Kitchen,restaurant,chinese,40.7139084,-73.9936669
node,12307862278,David’s Bar,bar,,40.7172354,-73.993296
node,12307902941,Palace Grill,fast_food,chicken,40.754008,-73.9421683
node,12307938441,Yi Zhang Fishball,restaurant,chinese,40.7146634,-73.9938681
node,12308291433,Inca Paisa,restaurant,latin_american,40.7649965,-73.9305327
node,12308518420,Hub Thai,restaurant,thai,40.7239243,-73.9848973
node,12309214382,cloudM Rooftop-Bar,bar,,40.7206975,-73.993476
node,12309226999,Electric Lemon,bar,,40.7545273,-74.0020433
node,12309958845,Kelloggs Diner,restaurant,,40.713895,-73.95174
node,12310131789,Lake Como Pizza,restaurant,pizza;fries,40.8513973,-73.9282776
node,12310131790,Golden  City Chinese Restaurant,restaurant,chinese,40.8513587,-73.9283075
node,12310137182,Burgers & Grill,restaurant,burger,40.8513447,-73.9283177
node,12310154145,Grandmas Pizza,restaurant,pizza;bagel;fries,40.8514681,-73.9282261
node,12310158066,Sushi Heights,restaurant,sushi;bubble_tea,40.8515365,-73.9281705
node,12310161588,Golan Heights,restaurant,shawarma,40.8515009,-73.9281993
node,12310173142,Falafel Crunch,restaurant,,40.8513706,-73.9282972
node,12313140240,Popeyes,fast_food,chicken,40.7303978,-73.9807498
node,12313182579,Planet Rose,bar,,40.7301469,-73.9807499
node,12319900971,La Linea,bar,,40.7235041,-73.9885185
node,12319914323,Lil Frankie’s Grocery,restaurant,,40.7236297,-73.9884264
node,12319918269,Superbueno,bar,mexican,40.7234538,-73.9885506
node,12322526000,La Pizza Italia,fast_food,pizza,40.7294385,-73.9812589
node,12322531439,Zaragoza,restaurant,mexican,40.7300094,-73.9808364
node,12322538159,Crepe City,fast_food,,40.7293716,-73.9812999
node,12322937601,Taam Tov,restaurant,,40.7576737,-73.9805449
node,12323976457,Mas Tacos,restaurant,tacos,40.7507899,-73.9932561
node,12324373160,Soogil,restaurant,french;korean,40.7256107,-73.9883555
node,12324390279,Apna Pind,restaurant,indian,40.7252983,-73.987581
node,12324410335,Benemon,restaurant,japanese,40.7255807,-73.9882731
node,12324916043,Hearty & Healthy,restaurant,,40.7267074,-73.9862218
node,12324923075,Mister Paradise,bar,,40.7267585,-73.9861797
node,12324923077,Tile Bar,bar,,40.7271559,-73.9858545
node,12324933016,The Headless Widow,bar,,40.7265948,-73.9863121
node,12327465356,Cecilia,restaurant,,40.7274504,-73.9845978
node,12327498679,St. Dymphna’s,bar,,40.7263843,-73.9834728
node,12327505161,No Fork,fast_food,sandwich,40.7269261,-73.9830877
node,12327528096,Blank Street Coffee,cafe,coffee_shop,40.7275652,-73.9826272
node,12327529700,Rosella,restaurant,sushi,40.7270984,-73.9829757
node,12327530510,$1.50 Fresh Pizza & Hot Dog,fast_food,pizza,40.7269826,-73.9830456
node,12327548513,Foxface Natural,restaurant,,40.7289642,-73.9816112
node,12327555834,Korean Street Foods,fast_food,korean,40.7274717,-73.9826938
node,12327777493,Genki Omakasa,restaurant,sushi,40.7291349,-73.9982452
node,12327810411,Little Hen,restaurant,brunch,40.7285726,-73.9997104
node,12328414023,Playa Bowls,fast_food,açaí,40.7648258,-73.980772
node,12331073196,Starbucks,cafe,coffee_shop,40.7379164,-73.9883261
node,12333426801,The Purple Tongue,restaurant,,40.7594181,-73.9932118
node,12333450784,Sugar Mouse,bar,,40.7308162,-73.9887471
node,12334487669,The Last Resort,bar,,40.7300279,-73.9818721
node,12334487675,Oasis Cafe,cafe,breakfast;sandwich,40.7292501,-73.9810072
node,12334487678,Ishq,restaurant,indian,40.7293684,-73.9809196
node,12334487681,Cafe Joah,cafe,,40.7298281,-73.9805928
node,12335788854,Yawning Cobra,bar,,40.7268534,-73.9918703
node,12350543849,L.A. Burdick Handmade Chocolates,cafe,coffee_shop;chocolate,40.7258246,-74.0012786
node,12365486436,Bonnie Vee,bar,,40.7224569,-73.9921311
node,12365498908,Forsythia,restaurant,italian,40.7225386,-73.9924913
node,12365507726,Yours Truly Coffee,cafe,coffee_shop,40.7211169,-73.9944719
node,12365512172,Vig Bar,bar,,40.7211586,-73.9946239
node,12365528289,Madé,restaurant,asian,40.7214053,-73.9951726
node,12365547753,Boba Guys,cafe,bubble_tea,40.7218228,-73.9957101
node,12365555328,Spring Lemon Tree,cafe,coffee_shop;breakfast;sandwich;juice,40.7220431,-73.9967564
node,12365588901,Beyond The Pale,bar,,40.7221898,-73.9965894
node,12365598708,The Green Room by Blank Street Coffee,cafe,coffee_shop,40.7224732,-73.9972411
node,12366546101,Double Chicken Please,bar,chicken,40.7195842,-73.9904912
node,12366551501,Overstory,bar,,40.7065765,-74.0080763
node,12368232318,International Bar,bar,,40.7264673,-73.9858887
node,12368245466,McDonald's,fast_food,burger,40.7265478,-73.9858376
node,12368274270,Pasta de Pasta,fast_food,italian,40.7297307,-73.9835233
node,12368281668,Red Beard Bakery,cafe,,40.729764,-73.9835016
node,12368307474,Appa’s Pizza,restaurant,pizza;korean,40.7303479,-73.9830787
node,12368319328,Luthun,restaurant,,40.7299937,-73.9817762
node,12373675569,Le Basque French Vegan Restaurant,restaurant,french;spanish,40.736072,-73.9918636
node,12374906401,Mocha Burger,restaurant,burger,40.7556853,-73.9784746
node,12377182082,Grand Brasserie,restaurant,french,40.7524928,-73.9775859
node,12379361958,John's Panini Grill,fast_food,sandwich,40.7591338,-73.9441341
node,12383161574,Stella 34 Trattoria,restaurant,italian,40.7506271,-73.9880621
node,12386824050,REGULAR NYC,restaurant,,40.7080263,-74.0139855
node,12389242645,Tre,restaurant,italian,40.7218109,-73.9875935
node,12389243039,Chinato,bar,,40.7212805,-73.9875664
node,12389249071,Creperie,fast_food,crepes,40.7203576,-73.9883392
node,12389252862,Oh K-Dog,fast_food,korean,40.7210944,-73.9879603
node,12389258451,Apartment 5,bar,,40.7209735,-73.9880154
node,12389262001,Morochas Cafe,fast_food,arepa,40.7209244,-73.9880432
node,12389271511,Bungalow,restaurant,indian,40.7236539,-73.9879543
node,12395382702,Society Billiards + Bar,bar,american,40.7399067,-73.9899635
node,12396937575,Da blanca pizzeria,cafe,pizza,40.7900164,-73.9477263
node,12398830774,Five Leaves,restaurant,american,40.7236676,-73.951612
node,12402813221,Alke Café,restaurant,,40.8003369,-73.9549778
node,12402918748,Mei Lai Wah Wonton Noodle,restaurant,asian,40.7148176,-73.9982893
node,12403502563,Mama Pho,fast_food,vietnamese,40.7110708,-73.9485891
node,12403502564,La Cucina Mia,fast_food,latin_american,40.710302,-73.9486357
node,12403502567,The Last Call,bar,japanese,40.7110998,-73.9483032
node,12403502569,Bushwick Country Club,bar,,40.7111521,-73.947767
node,12403502571,SoJuice,fast_food,,40.7110732,-73.9485189
node,12403502572,Starlight Tavern,bar,pub;brunch,40.711121,-73.9480859
node,12408345140,Juice Press,fast_food,juice,40.7148745,-74.0109172
node,12412959742,Le Pain Quotidien,cafe,coffee_shop,40.7507303,-73.9767376
node,12414103707,Splash Juicery,fast_food,juice,40.8045591,-73.9550152
node,12414899829,Lido,restaurant,italian,40.80492,-73.954757
node,12414899830,Peking Kitchen,restaurant,chinese,40.8047726,-73.9548625
node,12431366914,INDAY,fast_food,indian,40.7523118,-73.9735472
node,12432067901,Pasta Eater,restaurant,italian,40.7376627,-73.991342
node,12432724701,Konban,restaurant,japanese,40.7419883,-74.0015474
node,12437458881,Asian Taste,fast_food,chinese,40.7228046,-73.9830226
node,12438085768,Xi'an Famous Foods,fast_food,chinese;noodle,40.7438689,-73.950456
node,12438085769,Xi'an Famous Foods,fast_food,chinese;noodle,40.7173356,-73.955215
node,12440279485,Pop Up Grocer,cafe,,40.7296464,-74.0018437
node,12450134293,Dunkin Donuts,cafe,,40.7681609,-73.9244408
node,12453392832,Oki Poke & Ramen,restaurant,ramen;japanese,40.753269,-73.9741075
node,12453438626,Hop Won Express,restaurant,chinese,40.7532023,-73.9739738
node,12453458406,Umami Gallery,fast_food,japanese,40.7527681,-73.9734849
node,12459493482,Pizza Hut,fast_food,pizza,40.7910916,-73.9447786
node,12459875815,Tuscany Steakhouse,restaurant,steak_house,40.7653391,-73.9771919
node,12459875822,Loi Estiatorio,restaurant,greek,40.7653982,-73.9779596
node,12461975478,North Dumpling,fast_food,chinese,40.7140168,-73.9964455
node,12463360061,BentOn,fast_food,japanese,40.7527639,-73.9734709
node,12463360062,Gai Chicken & Rice,fast_food,thai,40.7527243,-73.9733742
node,12463399579,Subway,fast_food,sandwich,40.7559859,-73.9708711
node,12463668755,Uncle Charlie’s Piano Lounge,bar,,40.7532286,-73.9739994
node,12465931164,Lenwich,fast_food,sandwich,40.7548817,-73.9884733
node,12465949548,Lenwich,fast_food,sandwich,40.7638244,-73.9671922
node,12468222473,The Mallard Drake,bar,,40.7267439,-73.9575377
node,12469063673,Angelina Bakery Grand Central,cafe,coffee_shop;bakery,40.7531442,-73.974998
node,12469112391,Angelina Bakery & Pizza,cafe,bakery;coffee_shop,40.7500475,-73.9860309
node,12469609076,Verse Cafe,cafe,,40.7707562,-73.9202395
node,12469609077,Anassa Taverna Astoria,restaurant,greek,40.7706454,-73.9207206
node,12469659699,BZ Grill,restaurant,greek;gyros,40.7708021,-73.9213264
node,12470628921,Sahola Cofee Shop,cafe,coffee_shop;sandwich,40.7448189,-73.9821539
node,12470628924,Çka ka Qellue,restaurant,albanian,40.7446861,-73.9818352
node,12475018927,Posh Pop Bakeshop,cafe,,40.7846393,-73.9732917
node,12475058725,Min Sushi,fast_food,sushi;poke,40.7336518,-73.9886365
node,12475375401,Simply Natural Grill House,restaurant,,40.7164964,-73.9590083
node,12480837793,Jumbo Bagel Cafe,fast_food,sandwich,40.7519433,-73.9738152
node,12484826227,Sushi & Co,restaurant,sushi;japanese,40.7533944,-73.9744469
node,12485263600,Tiptara,restaurant,thai,40.7141483,-73.9875607
node,12485270401,Bo Hai Dumpling Town,fast_food,chinese;dumpling,40.7141626,-73.9873874
node,12485270422,Champion Pizza,fast_food,pizza,40.7140454,-73.9872559
node,12485270471,7 Elephants,fast_food,thai,40.7141956,-73.9870365
node,12485270472,Subway,fast_food,sandwich,40.7140743,-73.9870467
node,12486715026,Bondi Sushi,restaurant,sushi,40.7212469,-73.9964063
node,12488728937,Raising Cane's,fast_food,chicken,40.7573086,-73.9863445
node,12488728938,Taco Bell Cantina,fast_food,tex-mex,40.7571317,-73.9864521
node,12488728940,Popeyes,fast_food,chicken,40.7576687,-73.9853889
node,12488728941,Jollibee,fast_food,burger;filipino,40.7568823,-73.9857777
node,12492931375,Cloudy Donuts,fast_food,donut,40.7218637,-73.995478
node,12496732774,SourAji,restaurant,sushi,40.7222329,-73.9831367
node,12496752009,The Elk,cafe,,40.7223663,-73.9950617
node,12496752010,Boni & Mott,restaurant,mediterranean,40.7226448,-73.9949556
node,12503852602,Chick Rocks,fast_food,chicken,40.7638482,-73.9152353
node,12505650080,Sarkus Japan,fast_food,japanese;bubble_tea,40.7599605,-73.9183976
node,12505671172,Jaguar Café Bistro Bar,cafe,,40.7617834,-73.918434
node,12505709615,Meadow Dessert,cafe,,40.7610284,-73.9175373
node,12510451776,Quality Meats,restaurant,steak_house,40.7649266,-73.9762437
node,12512735661,Momosan Ramen & Sake,restaurant,ramen;japanese,40.7498922,-73.9773723
node,12512778763,Dimsum Garden,restaurant,chinese;dimsum,40.7497897,-73.9774286
node,12513048658,Starbucks,cafe,coffee_shop,40.7647969,-73.9770797
node,12516954542,The Dawson 39,restaurant,,40.7524292,-73.9847258
node,12525411571,Dao Dim Sum,restaurant,chinese,40.7473756,-73.9830554
node,12526669807,Le Pain Quotidien,cafe,coffee_shop,40.7476794,-73.9927573
node,12527817288,Heytea,cafe,bubble_tea,40.8033866,-73.9676206
node,12527817289,Nai Brother Sauerkraut Fish,restaurant,chinese,40.8034557,-73.9675683
node,12528016586,Cospa Ramen,fast_food,ramen,40.7443354,-73.9905424
node,12531179036,Taco Bell,fast_food,tex-mex,40.7379373,-73.996698
node,12533953501,The Monkey King,restaurant,,40.7061629,-73.9210971
node,12533959601,The Red Pavilion,bar,,40.7082603,-73.9233998
node,12542895723,Sammy's Halal,fast_food,chicken,40.7268492,-73.986104
node,12542895730,Juice Vitality,fast_food,health_food;juice,40.7297001,-73.9835434
node,12542895731,Iggy's,fast_food,pizza,40.7292437,-73.9843369
node,12542895735,Boong's Cafe,fast_food,asian,40.7305985,-73.9846616
node,12542895737,Kolachi,fast_food,pakistani,40.7273568,-73.9852536
node,12542984185,Whiskey Cellar,bar,,40.7273568,-73.9863567
node,12542984188,Blue & Gold,bar,,40.7273351,-73.9862728
node,12542984190,Big Bar,bar,,40.7274275,-73.9865089
node,12544066932,A ves,restaurant,chinese,40.7864784,-73.9725142
node,12544339981,Murphy's Irish Pub,bar,,40.7561865,-73.967351
node,12544391777,Brett's Deli,restaurant,,40.7544783,-73.9765523
node,12544598804,Subway,fast_food,sandwich,40.7562417,-73.929808
node,12544679750,Honzen Japanese Eatery,restaurant,japanese,40.7617566,-73.9183833
node,12544932851,Starbucks,cafe,coffee_shop,40.7640978,-73.9645088
node,12547321282,Bourbon Steak New York,restaurant,steak_house,40.7663058,-73.9781782
node,12547817793,Shade Bar,bar,,40.729931,-73.9993365
node,12547817799,Hot Stuff Spicy Foods,fast_food,,40.7296194,-73.9994729
node,12548036252,Smash House,restaurant,burger;sandwich;salad,40.7575147,-73.9802829
node,12548036253,Smash House,restaurant,burger;sandwich;salad,40.7516443,-73.9859621
node,12548048547,Starbucks,cafe,coffee_shop,40.7588353,-73.9735624
node,12549245008,Three Legged Cat,cafe,coffee_shop,40.7122831,-73.9380103
node,12552066544,To Eat Sushi,restaurant,sushi,40.7290286,-73.9847778
node,12552541831,tán,restaurant,mexican,40.755037,-73.9705438
node,12552598964,Yong Chuan,restaurant,chinese,40.7183609,-73.9853126
node,12554766049,Vanessa’s Dumpling House,restaurant,dumplings,40.7425308,-73.9364847
node,12554768494,Harissa Street Fare,restaurant,middle_eastern,40.7424997,-73.9362876
node,12569712669,taïm mediterranean kitchen,fast_food,mediterranean,40.7643726,-73.9796667
node,12579672001,Lella Alimentari,restaurant,italian,40.7151467,-73.9463185
node,12594065265,Bar Oliver,bar,,40.7130612,-73.9982064
node,12594394725,Food For Life,fast_food,sandwich,40.8492528,-73.9708737
node,12597075711,Rahongbu Malatang,restaurant,asian,40.847586,-73.9705852
node,12597075712,Jumong Pocha,restaurant,korean,40.8476084,-73.9702929
node,12597144546,Xin La Gong Fu,restaurant,chinese,40.8542362,-73.9759062
node,12597144548,Yea Jip,restaurant,korean,40.8518733,-73.9717413
node,12601522341,Shima Sushi,restaurant,sushi,40.755873,-73.9692659
node,12601547251,Su Khum Vit 51,restaurant,thai,40.7559192,-73.969303
node,12604039968,K Sushi & Bar,restaurant,sushi;korean,40.7471726,-73.9871962
node,12605430390,Just Salad,fast_food,salad,40.7153581,-73.958481
node,12605493017,Cava,restaurant,,40.7155855,-73.9588148
node,12610100301,Malibu Farm,restaurant,american,40.7057668,-74.0014838
node,12610829286,7th Street Burger,fast_food,burger,40.7179944,-73.9574032
node,12613416688,Piazza,restaurant,pizza,40.7605178,-73.9157166
node,12613519653,Moa Coffee,cafe,,40.7625823,-73.9125127
node,12613560949,Alnour,restaurant,middle_eastern,40.7632376,-73.9139207
node,12621592223,Sea Side NYC,restaurant,seafood,40.7597937,-73.9185439
node,12621594365,Zen Astorua,bar,,40.7642117,-73.9159906
node,12621634600,amano cafe,cafe,coffee_shop,40.7321451,-74.0017362
node,12621649169,The Coppola Cafe,cafe,coffee_shop,40.7322995,-74.0015137
node,12623522120,Lacey Burger,fast_food,burger,40.7062922,-73.921044
node,12623522121,Ra-Ra Rhino,bar,,40.7063118,-73.9210831
node,12623548203,Cafe La Fe,cafe,coffee_shop;empanada,40.7235315,-73.9887809
node,12626586012,St. George Coffee,cafe,french;coffee_shop,40.7321479,-74.0038758
node,12626648987,Sunrise East,restaurant,chinese,40.7109991,-73.9492971
node,12629120436,Dunkin',fast_food,donut;coffee_shop,40.7532311,-73.9807352
node,12631340871,Cha Cha Macha,fast_food,,40.7532341,-73.9808212
node,12632002031,Batsu,restaurant,asian;japanese,40.725374,-73.9872473
node,12635027167,Up Stairs Bar,bar,,40.7150639,-73.9920743
node,12641308672,Emperor Dumpling,fast_food,asian;chinese,40.7516863,-73.9735332
node,12641327760,Tap NYC,cafe,brazilian,40.7517488,-73.9734989
node,12643554149,Il Gradino,restaurant,italian,40.7643541,-73.9668078
node,12646644778,Matto Espresso,cafe,coffee_shop,40.7562138,-73.9797686
node,12646644780,Omar's,fast_food,mediterranean,40.7562348,-73.9798227
node,12646645001,The Woo Woo,bar,,40.7601203,-73.9872499
node,12646715570,So Gong Dong Tofu & BBQ,restaurant,korean,40.8448249,-73.999887
node,12648316745,Sabor a Campo Restaurant,restaurant,dominican,40.8201869,-73.9888376
node,12650293071,Allora 47,restaurant,italian,40.7543324,-73.9727625
node,12650293072,Foxy John's Bar & Kitchen,restaurant,,40.7543531,-73.9728052
node,12652605561,Kips Bay Gourmet Market Deli,fast_food,sandwich;coffee_shop;mexican;salad,40.7540148,-73.9693833
node,12657573701,Son del North,fast_food,mexican,40.7217779,-73.9884756
node,12662562301,Wenwen,restaurant,chinese,40.7339765,-73.9550761
node,12662569101,Sarajevo Grill,restaurant,,40.7570393,-73.9219501
node,12662579801,Ariana Afghan Kebab,restaurant,,40.7651093,-73.988016
node,12662586701,Dim Sum Palace,restaurant,chinese,40.7602273,-73.9893114
node,12662597101,Black Tap,restaurant,american;burger,40.7500629,-73.9861062
node,12662597204,Nubiani,restaurant,korean,40.7469733,-73.9853512
node,12662611901,Kazunori,restaurant,japanese,40.7451752,-73.9881914
node,12662627901,Sentir Vegan Mexican Restaurant,restaurant,mexican,40.7400275,-73.9931732
node,12662645401,Rafele,restaurant,italian,40.7309038,-74.0041193
node,12662645402,Village Taverna,restaurant,greek,40.733396,-73.9930049
node,12662681901,Chez Jacob,restaurant,african,40.8151344,-73.9478027
node,12662714201,Williamsburg Bagel,cafe,bagel,40.7073383,-73.9609982
node,12673479591,10000 Coffee,cafe,coffee_shop,40.7538462,-73.9724468
node,12674202671,La Villetta,restaurant,italian;pizza,40.7548931,-73.9649433
node,12674202672,L'Angolo della Villetta,bar,pizza,40.7549651,-73.9651356
node,12675363874,Laliko,restaurant,georgian,40.7294591,-74.0048245
node,12676843762,Aji Sushi,restaurant,sushi;japanese,40.751452,-73.9707949
node,12676888846,Land of Plenty,restaurant,chinese,40.7606166,-73.9666293
node,12676982934,Pueblo Querido Coffee,cafe,colombian;empanada,40.7500109,-73.9361659
node,12682716812,Noche de Margaritas,bar,,40.7604146,-73.9176095
node,12684907461,Mrs Green Salad & Juice,fast_food,smoothie;juice;salad,40.7317068,-73.9838435
node,12692246997,Pregame Dyckman,bar,,40.8618037,-73.9251137
node,12692247000,809,restaurant,,40.862001,-73.9252337
node,12696713244,BP Fresh,fast_food,juice,40.7147093,-74.0083384
node,12696713574,Aragvi,restaurant,georgian,40.7512616,-73.9719193
node,12696860008,Plug Uglies,bar,,40.7384971,-73.9831663
node,12707756043,Ke Aloha Sushi & Poke Bowl,restaurant,japanese;sushi,40.7561451,-73.9659724
node,12709177387,Maison Provence,restaurant,french,40.7148538,-73.9546658
node,12709183134,NewsBar,cafe,breakfast;sandwich,40.7341459,-73.9923988
node,12710030055,Darbar,restaurant,indian,40.7592533,-73.9689049
node,12713804213,Coffee & Social Club,cafe,,40.7441215,-73.9005802
node,12719181899,Skin Contact,bar,charcuterie;snack,40.7177244,-73.9903192
node,12720480767,Lungi,restaurant,indian;sri_lankan,40.761691,-73.9602236
node,12720658654,Romeos,bar,,40.7269668,-73.9840529
node,12720671571,Danny & Coop’s Cheesesteaks,restaurant,american,40.7276608,-73.9825681
node,12720698856,Apollo Bagels,restaurant,coffee_shop;bagel,40.7288795,-73.9849717
node,12720704231,Craft + Carry Saint Marks,bar,,40.7269897,-73.9841119
node,12727042268,Rice Bird,restaurant,asian,40.7285629,-73.9860192
node,12729059749,Roscioli NYC,restaurant,italian,40.7277245,-74.0025523
node,12729292980,Crown Fried Chicken,fast_food,chicken,40.7239761,-73.9760173
node,12729319283,Las Lap,bar,caribbean,40.71766,-73.9903523
node,12729328284,G's Cheesesteaks,fast_food,,40.7216887,-73.9838271
node,12729352579,Bund Dumpling House,restaurant,shanghaiese,40.76315,-73.9282227
node,12729359746,A'more Cafe,cafe,,40.7229724,-73.9854546
node,12729390265,Ven Hue,bar,,40.7221182,-73.9832236
node,12730434020,Diamond Slice,restaurant,pizza,40.7250761,-73.9464209
node,12730434023,Uzuki,restaurant,japanese,40.7245388,-73.9533898
node,12730434024,Twins Lounge,bar,,40.7262762,-73.9520758
node,12730434026,Cecily,restaurant,,40.7273016,-73.9570039
node,12730434027,Capri Social Club,bar,,40.7277065,-73.9542254
node,12730434028,Lise & Vito,bar,,40.7244434,-73.9484547
node,12730434029,The Esters,restaurant,pizza,40.7254449,-73.9452695
node,12730434030,Diamond Lil,bar,,40.7254359,-73.9461046
node,12733020264,SHIROKURO,restaurant,sushi,40.7275633,-73.9886531
node,12735162572,de Mole,restaurant,mexican,40.7138217,-73.9578455
node,12738172134,Chatti,restaurant,indian,40.7536159,-73.9914901
node,12739328855,Brasa Peruvian Kitchen,fast_food,peruvian,40.7516108,-73.9735829
node,12739649701,Binondo,restaurant,filipino,40.7137287,-73.9956663
node,12739807569,Telegraphe Café,cafe,,40.7401843,-73.9953946
node,12739827416,12 Matcha,cafe,,40.7259999,-73.9925835
node,12741901377,Pho Avenue,restaurant,vietnamese,40.75149,-73.9707581
node,12743431904,Guac Time,fast_food,mexican,40.7148131,-73.9617753
node,12743431906,Atithi,restaurant,indian,40.7147527,-73.9616283
node,12743431907,Fresh Kills Bar,bar,,40.7147284,-73.9615689
node,12744492778,Laankee,cafe,bubble_tea,40.7165259,-73.9980761
node,12744975234,888 Cafe & Bar,restaurant,,40.7651708,-73.9805398
node,12745067972,Flavor Taste,fast_food,,40.7646747,-73.9804119
node,12745283297,375,fast_food,chicken,40.7399044,-74.0033163
node,12745327708,Sud NYC,restaurant,italian;pizza,40.7157735,-73.9642133
node,12753290724,Scrappleland,bar,,40.7376306,-73.9552922
node,12754726336,Dos Caminos,restaurant,mexican,40.7542025,-73.9742699
node,12754730080,Just Salad,fast_food,salad,40.7540532,-73.9739766
node,12756515779,Bagels and Cream,fast_food,bagel,40.8000532,-73.9662268
node,12758066114,Boba Fries,cafe,bubble_tea,40.7472773,-73.9024883
node,12761328474,Thai Time,fast_food,thai,40.7385145,-73.9819899
node,12762556567,NoMo Kitchen,restaurant,american,40.71976,-73.9999039
node,12762754842,Gyu-Kaku,restaurant,japanese;barbecue,40.7555288,-73.970365
node,12762992537,Clubhouse Cafe,cafe,coffee_shop,40.8260453,-73.9267811
node,12772979822,Yoshino,restaurant,japanese,40.7262002,-73.9921115
node,12773041767,Capital One Café,cafe,coffee_shop;tea,40.7346739,-73.9909928
node,12776648151,Dunkin',fast_food,donut;coffee_shop,40.7534586,-73.9693278
node,12784193901,Fandi Mata,restaurant,,40.7189961,-73.9492194
node,12784297861,Variety Coffee Roasters,cafe,,40.7074049,-73.9035878
node,12791582997,Tasty's Diner,restaurant,,40.7744872,-73.9086454
node,12795925457,Khing,restaurant,thai,40.7457204,-73.9009097
node,12796014160,PPL,cafe,,40.7128252,-73.9584364
node,12796244533,Guarapo,restaurant,latin_american,40.7175413,-73.9634662
node,12796313302,Nem’s Japandi Bistro,cafe,,40.7189566,-73.9612182
node,12796364028,La Nonna Ristorante Bar,restaurant,italian,40.7184213,-73.9639673
node,12798525382,Heytea,cafe,bubble_tea,40.7498432,-73.9410664
node,12801080917,Pizza Hut Express,fast_food,pizza,40.7946461,-73.9635127
node,12802287301,Grand Bagel Coffee Shop,cafe,breakfast;sandwich;diner,40.7126543,-73.9383035
node,12803072800,Dos Amigos,restaurant,steak_house,40.7844217,-74.018867
node,12806870185,Joe & The Juice,cafe,coffee_shop,40.7159301,-73.9644482
node,12810225131,Vitality Bagels,cafe,,40.7567283,-73.913928
node,12812420201,Kiku,restaurant,japanese,40.7624275,-73.9770156
node,12815622096,Chopt,fast_food,salad,40.7661578,-73.9545997
node,12815668433,Gem,cafe,,40.720665,-73.9959711
node,12815687871,noodlelove,restaurant,asian,40.7209887,-73.9955775
node,12815741304,Dos Torros,fast_food,mexican,40.766089,-73.9546504
node,12818145480,RT60 Rooftop Bar & Lounge,bar,,40.7596608,-73.9832831
node,12820832963,Avra,restaurant,greek,40.7551236,-73.9725518
node,12821490787,Omakase Osukaa,restaurant,sushi,40.7557087,-73.9769678
node,12824014655,E&W Kitchen & Café,cafe,,40.7127121,-73.9183163
node,12827046801,A Salt & Battery,restaurant,,40.7383452,-74.002
node,12828447749,Chalong Southern Thai,restaurant,thai,40.7639018,-73.9888785
node,12829477259,Eatzy Thai,restaurant,thai,40.7611527,-73.923323
node,12829503001,Rosalie's,bar,,40.7611827,-73.9233892
node,12830391772,Pecking House,fast_food,chicken,40.7132144,-73.9934677
node,12837230493,Grace Chinese Food,fast_food,chinese,40.7061561,-73.9428557
node,12840446756,Serafina 777 Third Ave,restaurant,italian,40.7546507,-73.971268
node,12840466342,Caridad China,restaurant,chinese;latin_american,40.7049422,-73.9426434
node,12840466343,Kar,fast_food,chinese,40.7023699,-73.937007
node,12842754598,New Fun Sing,fast_food,chinese,40.7018538,-73.943555
node,12842754599,Mumbai Place,restaurant,indian,40.7110525,-73.9515028
node,12844709778,Link Thai,restaurant,thai,40.7116212,-73.9428081
node,12844709779,Curry in Handi,restaurant,indian,40.7023091,-73.936981
node,12847512611,Drip Coffee,cafe,,40.7124668,-73.9370734
node,12849983985,,restaurant,asian,40.7501812,-73.9844621
node,12849984712,Tonchin New York,restaurant,japanese,40.750229,-73.984535
node,12849984713,The Keg,restaurant,steak_house,40.750816,-73.9859024
node,12852097073,Chill Lounge Oven Grill,bar,latin_american,40.7579244,-73.9170739
node,12852100098,Doyle's Corner,bar,,40.7580713,-73.9173894
node,12852127403,,fast_food,,40.7600715,-73.9179116
node,12852138171,Bela Aurora,cafe,,40.7582591,-73.9197731
node,12854312940,Los Tacos No.1,fast_food,mexican,40.7547055,-74.0000563
node,12855775402,Son del North,fast_food,mexican,40.7301367,-74.0027007
node,12855947326,Tiger Sugar,cafe,bubble_tea,40.7533789,-73.9744178
node,12857850351,Bar Mexicana,restaurant,mexican,40.7561252,-73.9848062
node,12857850352,Simply Noodles & Dim Sum,restaurant,chinese,40.753814,-73.9859287
node,12861770021,Las Margaritas Astoria,restaurant,mexican,40.7634283,-73.9090033
node,12863513173,Spes,restaurant,italian,40.7297959,-73.9827359
node,12865107393,Prime Catch NYC,restaurant,steak_house,40.7393312,-73.9976946
node,12866882564,Tam Mai Thai,restaurant,thai,40.7632439,-73.9770786
node,12866882565,Bengal Tiger,restaurant,indian,40.7655983,-73.9825967
node,12874846886,Biga Bite,restaurant,pizza,40.7212657,-73.9840748
node,12887750795,Carharrt WIP Coffee Bar,cafe,coffee_shop,40.7667053,-73.982032
node,12887750796,Pizza & Shakes,fast_food,pizza,40.7658782,-73.9804648
node,12887756701,Dunkin',fast_food,donut;coffee_shop,40.7669895,-73.9829138
node,12887756702,Just Salad,fast_food,salad,40.7671935,-73.98276
node,12887936049,Downtown Burritos,fast_food,mexican,40.7254197,-73.9871131
node,12890222603,Penny,restaurant,seafood,40.7308231,-73.989714
node,12890222604,Cafe 2by2,cafe,coffee_shop;pastry,40.7309058,-73.9899035
node,12890222605,Claud,restaurant,french,40.7308697,-73.9896752
node,12893601984,Jooy Tea Shoppe,cafe,bubble_tea,40.7356607,-73.9923922
node,12896660714,La Pupusa Loca,restaurant,,40.7884882,-74.0164402
node,12897325824,Fruit Vanity,cafe,bubble_tea,40.7177259,-73.9930447
node,12898340499,Elsie Rooftop,bar,,40.753645,-73.9867772
node,12899719580,Corner Eats,cafe,,40.7528993,-73.996922
node,12902235931,Burger King,fast_food,burger,40.7914015,-74.014694
node,12902256158,Bobalcoa,cafe,bubble_tea,40.7900726,-74.0156386
node,12902271163,Brazeiro,restaurant,,40.7856104,-74.009727
node,12902272914,Sal's,restaurant,pizza,40.7904761,-74.0153656
node,12908269982,Class on 38th,restaurant,japanese_fusion,40.7520674,-73.9850554
node,12908269983,Watami Sushi,restaurant,sushi,40.7511,-73.9852329
node,12909129340,Moroccan Bites,restaurant,,40.7659646,-73.9151054
node,12909830713,Bao Bao Cafe,fast_food,chinese,40.7543796,-73.989174
node,12909830714,All'Antico Vinaio,fast_food,italian;sandwich,40.7433183,-73.9895306
node,12913282105,Sushi & Co,fast_food,sushi,40.751139,-73.986539
node,12915135054,Roma Pizza,fast_food,pizza,40.7512034,-73.9864912
node,12915135055,Oakberry Acai,fast_food,health_food;juice,40.7512648,-73.986448
node,12915135057,I'Milky,fast_food,bubble_tea;snack,40.7513786,-73.9863642
node,12917458445,Black Fox,cafe,coffee_shop,40.7546617,-73.977442
node,12917458451,Dishes,fast_food,,40.7549682,-73.9788444
node,12917458452,Wendy's,fast_food,burger,40.7555131,-73.9801041
node,12917458454,Lolita,bar,,40.7562131,-73.9811182
node,12917458455,Ground Central,cafe,coffee_shop,40.7567436,-73.982279
node,12917521995,Dill & Parsley,fast_food,mediterranean,40.7568457,-73.9833773
node,12917521996,Gumption Coffee,cafe,coffee_shop,40.7568873,-73.98349
node,12917521998,Bobby Van's Grill,restaurant,,40.7570814,-73.9838681
node,12917521999,T45,cafe,coffee_shop,40.7575283,-73.98419
node,12917522701,Starbucks,cafe,coffee_shop,40.757443,-73.9846875
node,12917522703,Le Marais,restaurant,steak_house,40.7580768,-73.9842248
node,12917522705,Prime Catch,restaurant,steak_house;pasta,40.7580046,-73.984058
node,12917522706,Silky Kitchen,restaurant,chinese,40.757981,-73.9840072
node,12917522707,Chazz Palminteri,restaurant,italian,40.756518,-73.9805238
node,12917611586,Raku,restaurant,japanese;sushi,40.7566827,-73.9692284
node,12917611587,Himalayan Curry House,restaurant,indian;nepali,40.757224,-73.9685841
node,12918215838,Marinara,fast_food,pizza,40.7423734,-73.9845095
node,12918215839,la cittá,fast_food,pizza;breakfast;sandwich,40.7345853,-73.9864705
node,12918215842,Gumpton Coffee,cafe,coffee_shop,40.7407294,-73.9890957
node,12918215843,Taza Cafe & Deli,fast_food,,40.7417722,-73.9854425
node,12918215844,Audace,restaurant,,40.7421518,-73.9846598
node,12918215845,Joju,fast_food,sandwich,40.7557148,-73.9785972
node,12918215846,Macchiato,cafe,coffee_shop,40.7558924,-73.9783736
node,12918215848,Dunkin',fast_food,donut;coffee_shop,40.7555454,-73.9782943
node,12918215850,Le café,cafe,coffee_shop,40.7434273,-73.9837129
node,12918215852,Pret A Manger,fast_food,sandwich,40.7432547,-73.9844118
node,12921924709,Uncle Vinny's Pizzeria,fast_food,pizza,40.7618193,-73.960137
node,12921924710,Marwin Thai,restaurant,thai,40.7615664,-73.9603255
node,12922047970,Starbucks,cafe,coffee_shop,40.7548868,-73.9733484
node,12922047971,Cognac,restaurant,,40.7552769,-73.9730336
node,12922047972,fresh&co,fast_food,,40.7558125,-73.9730704
node,12922047973,Park Ave Kitchen,restaurant,,40.7551732,-73.9735384
node,12922047974,Bukhara Grill,restaurant,,40.7497315,-73.9782595
node,12923101577,Dunkin',fast_food,donut;coffee_shop,40.7536607,-73.9742314
node,12923377791,Grand Sichuan Eastern,restaurant,,40.7582701,-73.9662712
node,12924977453,All'Antico Vinaio,fast_food,,40.7125574,-74.0156644
node,12924977454,Springbone,fast_food,,40.7124918,-74.0156844
node,12924977455,Mighty Quinn's,restaurant,barbecue,40.7124356,-74.0156948
node,12924977456,Milu,fast_food,taiwanese,40.7123737,-74.0157281
node,12924977457,Naya,fast_food,mediterranean,40.7122562,-74.015768
node,12924977458,Tartinery,fast_food,sandwich,40.7122987,-74.0158878
node,12924977459,Blue Ribbon Sushi Bar,fast_food,sushi,40.7126359,-74.0157842
node,12924977460,Black Seed,fast_food,bagel,40.7125603,-74.0158536
node,12924977461,Chopt,fast_food,salad,40.7127159,-74.0157462
node,12924977462,Dos Dorros,fast_food,mexican,40.7127815,-74.0157062
node,12924977463,Daily Provision,fast_food,american,40.7127353,-74.0155703
node,12924977464,Mah Ze Dahr,cafe,coffee_shop,40.712842,-74.0156587
node,12925573349,,restaurant,,40.849066,-73.9371953
node,12925573358,Buunni Coffee,cafe,coffee_shop,40.8489667,-73.9388443
node,12925573360,GWB Juice Bar,fast_food,juice,40.8489779,-73.9387392
node,12925573363,Dunkin',fast_food,donut;coffee_shop,40.8483172,-73.9379462
node,12926687501,Temple Bar,bar,,40.7257276,-73.9949997
node,12943426699,LilliStar,bar,,40.7116877,-73.9629243
node,12945602420,Lazy Sundaes,cafe,bubble_tea,40.7022446,-73.9856501
node,12946798001,Joe & The Juice,cafe,,40.7350209,-74.0062596
node,12947418669,ART Williamsburg,bar,,40.7216661,-73.9589591
node,12947418670,Sungold,restaurant,mediterranean;pizza,40.721559,-73.9585166
node,12947481677,Sake Kawa,restaurant,sushi,40.7561953,-73.9286279
node,12947494289,Cha Cha Matcha,cafe,matcha,40.7516891,-73.9954367
node,12947498608,Pastrami Queen,fast_food,sandwich,40.7516687,-73.9955845
node,12947498609,Alidoro,fast_food,sandwich,40.7516396,-73.9956086
node,12947498610,The Corner Deli;La Esquina,restaurant,mexican,40.7518394,-73.9958965
node,12947498611,Yono Sushi,restaurant,sushi,40.751735,-73.9955332
node,12947673801,Joe & The Juice,cafe,,40.7325403,-74.0038809
node,12949416382,Tommy Bahama,restaurant,,40.7554679,-73.9792098
node,12952155822,Bun-licious,fast_food,chinese;snack,40.7543778,-73.9201896
node,12952369058,Greenberg’s Bagels,fast_food,bagel,40.7300099,-74.0030941
node,12952378754,The Garden Grille & Bar,restaurant,american,40.7502152,-73.9368691
node,12954761329,Happy Gathering,fast_food,chinese;thai,40.7589756,-73.9260873
node,12956856877,,fast_food,kebab,40.7591775,-73.981126
node,12956904602,Bella Donna Pizzeria,fast_food,pizza;sandwich;pasta,40.7595176,-73.9135531
node,12959524802,Iona Bar,bar,snack,40.7142662,-73.9610178
node,12959913766,Shaking Crab,restaurant,seafood,40.7041596,-73.9304737
node,12960242112,Solid State Coffee,cafe,,40.776741,-73.9796743
node,12961191080,Apicius,restaurant,pizza;italian,40.775091,-73.9035386
node,12965227301,Pelicana Chicken,restaurant,korean;chicken,40.7476537,-73.9861935
node,12968478984,Hong Kong,fast_food,chinese,40.7631227,-73.9281461
node,12969671101,Birria Landia,fast_food,mexican,40.7241184,-73.9930127
node,12973757302,Kaiten Zushi Nomad,restaurant,,40.7458899,-73.9866573
node,12973789901,230 Fifth Rooftop,bar,,40.7441781,-73.9887861
node,12973790001,Le petit village,restaurant,,40.7359443,-74.0012558
node,12974138514,Piki Poke,fast_food,poke,40.7626278,-73.9264713
node,12974138515,Astoria No.1,fast_food,chinese,40.7704369,-73.9190027
node,12977783168,Krave It,fast_food,pizza;sandwich,40.7036668,-73.9329712
node,12977783184,Eyval,restaurant,persian,40.704136,-73.9331026
node,12977783185,Bushniwa,restaurant,japanese,40.7040836,-73.9334781
node,12980136947,Saffron Indian Cuisine,restaurant,indian,40.757285,-73.9156808
node,12980265002,Maza Mexican Restaurant,restaurant,mexican,40.7265495,-73.9850368
node,12980284301,Luckin Coffee,cafe,coffee_shop,40.7305616,-73.9926382
node,12981463706,Javitri,restaurant,indian,40.7635622,-73.9677376
node,12982612201,Schmuck,bar,,40.7263913,-73.9864117
node,12982654501,Shu Jiao Fu Zhou,restaurant,chinese,40.7174828,-73.992049
node,12986801301,Amber Sushi Asian Cuisine & Bar,restaurant,asian;sushi,40.7330675,-74.0069764
node,12986801302,L’industrie Pizza,fast_food,italian_pizza,40.7332102,-74.004952
node,12986810601,Joseph Leonard,restaurant,,40.7335787,-74.0016703
node,12987788601,Third Kingdom,restaurant,,40.7286265,-73.9893727
node,12988107101,Tipsy Shanghai,restaurant,chinese,40.7274182,-73.9883002
node,12988501252,El Rancho Burritos,fast_food,mexican,40.7602977,-73.9908094
node,12988563701,Café Maud,restaurant,,40.7286121,-73.9874271
node,12990373901,The Little Shop,bar,,40.7082968,-74.0008745
node,12990538860,Panna II,restaurant,indian,40.7262782,-73.9864936
node,12990650129,Milon,restaurant,indian,40.726249,-73.9865175
node,12990670061,345 Cantina,restaurant,mexican,40.7266301,-73.9864309
node,12990687698,Miso,restaurant,japanese,40.7267431,-73.9872344
node,12990806401,Jeju Noodle Bar,restaurant,korean,40.7330125,-74.0073265
node,12990806501,The Warren,restaurant,,40.7330917,-74.006708
node,12994299701,Me Chicken Rice,restaurant,chicken;thai,40.7304925,-74.0004761
node,12994866301,Titi’s Empanadas,restaurant,,40.7261363,-73.984021
node,12995844901,Milon Indian Restaurant,restaurant,indian,40.7262583,-73.9866312
node,12995859806,Café Bilboquet,cafe,french,40.763845,-73.9703726
node,12995859902,Le Bilboquet,restaurant,fine_dining;french,40.7638779,-73.9704399
node,12995860506,Fleming by Le Bilboquet,restaurant,fine_dining;french,40.7653865,-73.9695287
node,12996543401,Il Gattopardo,restaurant,fine_dining;italian,40.7616056,-73.9764095
node,12998413401,El Nico,bar,mexican,40.7155266,-73.9529936
node,12998414901,Darling,bar,,40.7650593,-73.9752711
node,12998414902,Dear Irving on Hudson,bar,,40.7561752,-73.9919029
node,13000003956,Tiberias,restaurant,seafood;pizza;eclectic,40.7476688,-73.9823057
node,13003067601,Village Crêperie,cafe,french,40.727471,-73.982871
node,13003072801,Whitmans,restaurant,american;burger,40.727843,-73.9843074
node,13003153501,Five Spot Jazz,bar,,40.7296107,-73.9878145
node,13007235601,STATE Grill and Bar,restaurant,,40.7483043,-73.9860187
node,13008984463,Arcane Estate Coffee,cafe,,40.7312645,-74.0028039
node,13009030345,Bright Side,cafe,,40.7186752,-73.9640457
node,13009033106,Pueblo Querido Coffee Roasters Cafe de Colombia,cafe,,40.7199461,-73.9628164
node,13009348344,Rhythm Zero - Williamsburg,cafe,coffee_shop,40.7189268,-73.9533409
node,13016310201,Carne Mare,restaurant,,40.7056919,-74.0021178
node,13016311601,Mister Dips,restaurant,,40.7056226,-74.0020585
node,13019781379,Starbucks,cafe,coffee_shop,40.7595812,-73.9735929
node,13019781381,Caviar Russe,restaurant,seafood,40.760725,-73.9737351
node,13025870768,Dan Jones Coffee Bar,cafe,breakfast;sandwich;pastry,40.7605509,-73.9675411
node,13027198401,Loaf on Paper,cafe,japanese,40.7157288,-73.9649474
node,13027471401,Tomi Jazz,bar,,40.7571763,-73.9678034
node,13030039761,Jack’s Wife Freda,restaurant,mediterranean,40.717074,-73.9632241
node,13030298571,Hilltop,restaurant,burger,40.8355593,-73.9441484
node,13030332110,Healthy Frenchy,fast_food,juice;smoothie,40.789909,-73.9484162
node,13034372961,Boqueria W40th,restaurant,spanish,40.7556286,-73.9902396
node,13034652401,OMG Shawarma,restaurant,,40.7344858,-74.0020845
node,13036069555,Made in New York Pizza,fast_food,pizza,40.75342,-73.9891053
node,13043042757,Tarallucci e Vino,restaurant,italian;breakfast,40.7381477,-73.9906882
node,13043042758,Tarallucci e Vino,restaurant,italian,40.7434574,-73.9846977
node,13043042759,Vallata,restaurant,italian,40.738039,-73.9886026
node,13049081170,Mr. Sushi,restaurant,sushi;japanese,40.7003862,-73.9009294
node,13055150701,Goal Omakase Sushi,restaurant,,40.7746573,-73.9517471
node,13056469502,Starbucks,cafe,coffee_shop,40.7637149,-73.9852986
node,13057970730,Ground Central Coffee Company,restaurant,coffee_shop,40.7637429,-73.9848071
node,13060137002,Los Tacos No. 1,fast_food,mexican,40.7065614,-74.0117171
node,13060903891,Titi's,fast_food,venezuelan,40.711492,-73.957748
node,13062290351,Dumpling Story,restaurant,,40.7183133,-73.9939503
node,13062628801,Il Mulino,restaurant,italian,40.761296,-73.9724022
node,13063730288,May May Kitchen,fast_food,chinese,40.7154586,-73.9872286
node,13064239933,Melangerie,restaurant,,40.7535527,-73.9784024
node,13064239934,The Clock,cafe,,40.7534146,-73.9780533
node,13064239935,Bergamo's,bar,,40.7535242,-73.9777794
node,13064262826,Lulla,restaurant,,40.7440402,-73.9930299
node,13065489069,Blaze BBQ & Hibachi,restaurant,chinese,40.7181784,-73.9920791
node,13065493913,Hav & Mar,restaurant,fusion,40.7509895,-74.0057562
node,13067012376,Palladino's Steak & Seafood,restaurant,seafood;steak_house,40.7531376,-73.9775826
node,13067819047,Doc Holidays,bar,,40.7076524,-73.9451047
node,13067936661,inerro,cafe,coffee_shop,40.7624706,-73.983143
node,13069249663,Fan Szechuan,restaurant,chinese,40.7190765,-73.9881143
node,13070933043,Henry & The Lions,restaurant,,40.746813,-74.001689
node,13070933044,The Canuck,bar,,40.7459665,-74.0014557
node,13071016173,Coppelia,restaurant,cuban,40.7388838,-74.0000095
node,13071727592,The Cocoa Exchange,restaurant,,40.7051235,-74.0085966
node,13071776167,NeroLab,restaurant,italian,40.7068019,-74.0099313
node,13071817975,Pearl,cafe,coffee_shop,40.7042942,-74.0094919
node,13073114764,Ramro,restaurant,asian,40.7618778,-73.9176064
node,13073165602,Sake Bar Asoko,bar,japanese,40.7137622,-73.9919916
node,13075167594,Diamond Dogs,bar,,40.7630102,-73.9209969
node,13075288501,Jones St. Wine Bar & Room,bar,,40.7262318,-73.9842408
node,13076293363,NYC Coffee Mocha,fast_food,breakfast;sandwich,40.7067656,-74.0085729
node,13078664901,Sake Bar Shigure,bar,japanese,40.7185633,-74.004808
node,13078894001,一品小笼包,restaurant,chinese,40.7183113,-73.993949
node,13081665240,Handcraft Coffee,cafe,coffee_shop,40.7736075,-73.9595127
node,13084700285,Hong Kong,fast_food,chinese,40.7927081,-73.9457629
node,13086913624,Rynn,restaurant,thai,40.7266592,-73.9884205
node,13087023017,Wing Gong,fast_food,chinese,40.7912792,-73.9390827
node,13087023018,Dragon Town,fast_food,chinese,40.7952407,-73.9422224
node,13089386425,Salt Hank's,fast_food,sandwich,40.7317339,-74.0034057
node,13094686852,pizazz,restaurant,,40.7361017,-73.9890842
node,13099256108,Seneca Bar,bar,,40.7031703,-73.9080468
node,13101998316,Compton's,fast_food,sandwich,40.7293098,-73.9576479
node,13107945801,Draught 55,bar,,40.7582895,-73.9665979
node,13107965005,The Rose,bar,,40.7449435,-73.9942824
node,13107967347,Kijitora,cafe,coffee_shop,40.7180711,-73.9579097
node,13107985270,FIFTYLAN,cafe,bubble_tea,40.735567,-73.9893851
node,13110435181,Williamsburg Pizza,fast_food,,40.7013899,-73.9142002
node,13124035507,Taftoon,restaurant,persian,40.7418865,-73.9811721
node,13125350701,Fred's Dog House,bar,,40.7123158,-73.9559231
node,13125622036,Softbite,cafe,japanese,40.7490625,-73.942171
node,13129731186,Wilka's Sports Bar,bar,,40.7225191,-73.9929312
node,13131424981,Current Coffee,cafe,,40.7423136,-73.9795144
node,13131705143,Thai Taste,fast_food,thai,40.7478978,-73.9404901
node,13133487854,Tex's Chicken & Burgers,fast_food,burger;chicken,40.8131954,-73.941872
node,13136631202,Teppanyaki One,restaurant,asian;fish;oriental;seafood;sushi,40.8070888,-73.9445455
node,13141172002,West Rice Roll King,restaurant,chinese,40.7169867,-73.9948131
node,13143970801,Joe G,restaurant,italian;italian_pizza,40.7657529,-73.9828919
node,13144932601,Patsy's,restaurant,italian,40.765555,-73.9827084
node,13151596906,Chipotle,fast_food,mexican,40.7630699,-73.9853223
node,13162323201,Sogno Toscano Market & Wine Bar,restaurant,,40.7358519,-74.0018817
node,13162330401,From Lucie,cafe,,40.7285237,-73.9832612
node,13164366801,Jack's Wife Freda,restaurant,,40.7409214,-74.0014447
node,13165461201,Ateaz Cafe,cafe,,40.707305,-74.0137268
node,13165660101,Apollo Bagels,fast_food,,40.7366233,-74.0013191
node,13165667001,Sote Coffee Roasters,cafe,,40.7807826,-73.9797975
node,13166891301,Ribalta,restaurant,,40.7332959,-73.9916085
node,13173810199,Poke & Roll Sushi,restaurant,,40.7751621,-73.9100506
node,13175355222,El Parce,fast_food,colombian;breakfast,40.7041358,-73.9046006
node,13175877701,ansā Micro Coffee Roastery,cafe,,40.7256156,-74.0021423
node,13186099585,Döner Haus,fast_food,döner;german;turkish;kebab;sandwich;middle_eastern,40.7667316,-73.9207394
node,13186112048,Döner Haus,fast_food,döner;german;turkish;sandwich;kebab;middle_eastern,40.7614363,-73.9906567
node,13207644501,The Good Good,restaurant,,40.8012553,-73.9421334
node,13228338601,Lahana Authentic Indian Cuisine,restaurant,indian,40.7655978,-73.9876226
node,13233727657,Hudson Table Brooklyn,restaurant,,40.7168706,-73.9485714
node,13243761326,Pret A Manger,fast_food,sandwich,40.7480254,-73.9930196
node,13243810169,Five Flies,cafe,,40.8343803,-73.9439731
node,13248217771,Madras Dosa Co.,fast_food,indian,40.7561258,-73.9703103
node,13248217772,Naya,fast_food,middle_eastern,40.7560833,-73.9703412
node,13250232453,DÙNDÚ,fast_food,nigerian,40.7503526,-73.9760368
node,13250232454,Albert’s Bar,bar,,40.7504146,-73.9762096
node,13250239876,Ongi,fast_food,korean,40.7501498,-73.9753413
node,13253297112,LECIEL,restaurant,american,40.7195644,-73.9869398
node,13254235312,Caravan Uyghur Cuisine,restaurant,asian;ramen;noodle;uyghur,40.7051211,-74.0096508
node,13258111003,Blank Street Coffee,cafe,coffee_shop,40.7378315,-74.0047249
node,13260156201,Genesis House,restaurant,,40.741452,-74.008311
node,13260302501,Mama’s Too,restaurant,pizza,40.733217,-74.0040346
node,13264230314,Thai Super,restaurant,,40.7994831,-73.9398653
node,13270526606,Dos Caminos,restaurant,mexican,40.7593685,-73.9853155
node,13276407496,Embriago Coffee,cafe,,40.7213716,-73.9929319
node,13276407498,Cocoron,restaurant,japanese,40.7202582,-73.9930775
node,13276407499,Casa 13urger,fast_food,burger,40.7199794,-73.9936963
node,13276804568,Gulp,restaurant,,40.7487438,-73.941009
node,13281497564,Pulperia,restaurant,,40.7602775,-73.9894412
node,13281517266,Sicily,restaurant,italian,40.7601744,-73.9891823
node,13284267481,La Caverna,restaurant,mexican,40.7198122,-73.9871697
node,13284267483,Essex,restaurant,mediterranean;steak_house,40.7197876,-73.9870989
node,13284869658,Citrico Cafe,restaurant,mexican;cafe,40.7579762,-73.9232915
node,13286404301,Madeline’s Martini,bar,,40.7262812,-73.9774787
node,13294811814,Grand Salon at Baccarat Hotel,restaurant,fine_dining;breakfast;tea;seafood,40.7608743,-73.9774286
node,13307068143,La Contenta Oeste,restaurant,mexican,40.7352064,-73.9981795
node,13308349706,Reforester’s Labratory,cafe,,40.7161413,-73.9620378
node,13314150825,Golden Forest,fast_food,chinese,40.7166953,-73.9894448
node,13315559055,Franny Bean Coffee & Tea,cafe,,40.8221102,-73.9992285
node,13318560443,Chiko,restaurant,,40.7318991,-73.9542272
node,13322193023,Sakura,restaurant,sushi;thai,40.723877,-73.9946519
node,13322230433,Messy,fast_food,kebab;sandwich,40.7272354,-74.0016104
node,13322266754,Duane Park Patisserie,cafe,,40.7174977,-74.0100469
node,13322321326,Wo Hop Next Door,restaurant,chinese,40.7142577,-73.9988632
node,13323782501,Holy Burger,fast_food,,40.7588414,-73.9687772
node,13324400764,Columbia Deli & Cafe,restaurant,deli,40.815329,-73.9582622
node,13324405038,McDonald's,fast_food,burger,40.8159131,-73.9587349
node,13324560997,King's Kitchen,fast_food,chinese,40.7158774,-73.9982231
node,13324633698,Wok in Duane,restaurant,asian,40.7175026,-74.0101435
node,13326302618,Gandhi Cafe,restaurant,indian,40.7319374,-74.0033019
node,13326385962,Burgers & Beer,restaurant,burger,40.7320136,-74.001509
node,13326385965,Tio Pepe,restaurant,spanish,40.7320656,-74.0015562
node,13326545699,La Bonbonniere,restaurant,diner,40.7377771,-74.0043559
node,13326545700,Kawa Sushi,restaurant,sushi;japanese,40.7377209,-74.0044229
node,13326575775,Golden Woks,fast_food,chinese,40.7328484,-74.0082976
node,13328243767,Take Sushi & Bowl,fast_food,sushi,40.7615158,-73.9639119
node,13344162737,Dive Bar BK,bar,,40.7065985,-73.9226462
node,13344400974,Dive Bar LIC,bar,,40.75557,-73.9278846
node,13346680018,Simple Peruvian,restaurant,peruvian,40.7417997,-73.9196633
node,13346761048,Dunkin',fast_food,donut;coffee_shop,40.7553207,-73.9895185
node,13346761049,MomenTea Kitchen,fast_food,asian;bubble_tea,40.7551548,-73.98857
node,13346761050,Popeyes,fast_food,chicken,40.7553437,-73.9895743
node,13346761051,Taco Bell,fast_food,tex-mex,40.7552666,-73.9893919
node,13346761052,Bagel To Sandwiches,fast_food,bagel;breakfast;sandwich,40.7552911,-73.9894492
node,13346761054,Dim Sum Sam,restaurant,dim_sum;chinese,40.7553674,-73.9896313
node,13346761055,Printers Alley,bar,pub,40.7552067,-73.9886987
node,13348997186,IPizzaNY,restaurant,pizza,40.8349001,-73.9446331
node,13349055114,Chipotle,fast_food,mexican,40.8342667,-73.9450684
node,13357853589,Burger Mania,fast_food,burger,40.7526812,-73.9851902
node,13357893399,Burger Mania,fast_food,burger,40.7557328,-73.9904761
node,13359605121,Playa Bowls,fast_food,açaí,40.7718154,-73.9563927
node,13360795105,Shake Shack,fast_food,burger,40.7549317,-73.9852834
node,13361833583,H&I Express Thai,fast_food,thai,40.7017163,-73.9367273
node,13361861905,Faith's Food,fast_food,chinese,40.7075731,-73.9430907
node,13362068601,Taberu Nomu,restaurant,,40.7446274,-73.9930033
node,13368606981,WatchHouse,cafe,coffee_shop,40.7517893,-73.9751114
node,13370072999,Melba's American Comfort Food.,fast_food,,40.7526717,-73.9768806
node,13370403665,Tofubox,fast_food,chinese,40.7112483,-73.9467961
node,13370403666,Lucy's Vietnamese,fast_food,vietnamese,40.7115322,-73.9463283
node,13370403667,Thip Osha,restaurant,thai,40.7119986,-73.9414177
node,13370403668,Alita Cafe,cafe,,40.7120049,-73.9413565
node,13370929774,Cortadito's,cafe,coffee_shop;sandwich,40.7772011,-74.0187926
node,13370931774,Don Jose Taqueria,restaurant,tacos,40.8222348,-73.9900551
node,13372848249,Amarin Café,restaurant,thai,40.7234775,-73.9507661
node,13372867017,Tørst,bar,burger;snack,40.7234245,-73.9507393
node,13375040754,The Domino Room,bar,,40.7772814,-73.9519558
node,13375144704,Fonda,restaurant,mexican,40.745526,-74.0022513
node,13375145201,Leitao,restaurant,portuguese,40.7349472,-74.0062794
node,13375145202,recess grove,cafe,,40.712784,-73.9562828
node,13375145301,Osteria Nonnino,restaurant,italian,40.7388401,-74.0056653
node,13375145302,Don Panchito Taco Truck,fast_food,mexican,40.7154282,-73.9602576
node,13376679547,Kanoxxo Cafe & Deli,fast_food,sandwich;soup,40.7615914,-73.962545
node,13389975250,Stella & Fly,cafe,,40.7785117,-73.9483986
node,13394483421,Luckin Coffee,cafe,coffee_shop,40.7096187,-74.0067778
node,13396111436,2 Bros. Pizza,fast_food,pizza,40.7632775,-73.9819215
node,13399308029,Lyly’s Vietnamese Cookhouse,restaurant,vietnamese,40.774359,-73.9536586
node,13408740002,Gnocco,restaurant,,40.7271198,-73.9802734
node,13411508501,abcV,restaurant,,40.7380365,-73.9892448
node,13414761778,The am-thai,restaurant,,40.7129861,-73.9588835
node,13416351451,Starbucks,cafe,coffee_shop,40.7509044,-73.9752338
node,13429529829,Ippudo V,restaurant,ramen,40.700359,-73.9879126
node,13433045060,Sushi Nikkei,fast_food,sushi,40.7622023,-73.9625411
node,13447161800,Ioannis Coffee Chef,cafe,coffee_shop,40.732115,-73.9839991
node,13451735151,Milano Cafe,cafe,,40.7750553,-73.9035939
node,13454928531,Luckin Coffee,cafe,coffee_shop,40.7538379,-73.9990267
node,13454928532,Suram,restaurant,sushi,40.7564792,-73.9982784
node,13458596602,Zia Maria,restaurant,italian;italian_pizza,40.7186398,-73.997516
node,13460888786,ARVACI coffee,cafe,,40.7547972,-73.9940657
node,13462411686,Brown Bag Sandwich Shop,fast_food,sandwich,40.7290026,-73.9990495
node,13464396101,Pee Dee Steak House,restaurant,steak_house,40.794367,-73.9428652
node,13472190594,Dunkin',fast_food,donut;coffee_shop,40.7520522,-73.9888833
node,13477811985,The Mermaid Bar,restaurant,seafood,40.7561847,-73.9849769
node,13502657369,Godunk,restaurant,thai,40.7259196,-73.9922038
node,13503003830,The Factory 380,restaurant,american;eclectic;brunch,40.7416424,-73.9813187
node,13503053012,Smashed,fast_food,burger,40.7322915,-73.9881357
node,13503053013,YGF Malatang,restaurant,chinese,40.7322499,-73.988166
node,13506841657,Little Uluh,cafe,"pastry;sandwich,ececltic",40.7327805,-73.9863779
node,13507277200,La Colombe Coffee Roasters,cafe,coffee_shop,40.7306339,-73.9951375
node,13510354134,Xing Fu Tang,cafe,bubble_tea,40.7472671,-73.9851526
node,13512486590,Paloma Coffee & Bakery,cafe,,40.7272447,-73.9526078
node,13512486591,Paloma Coffee & Bakery,cafe,,40.7251868,-73.9468436
node,13514824809,LuAnne's Wild Ginger,restaurant,,40.7204982,-73.9964428
node,13516817471,Sunn's,restaurant,korean,40.7144225,-73.9909621
node,13517110251,Mido Omakase,restaurant,sushi,40.729858,-73.9991597
node,13517110252,Il Mulino,restaurant,italian,40.7298203,-73.9990828
node,13517110254,Ananda,restaurant,indian,40.7287751,-73.999252
node,13520165301,Curry House,restaurant,malaysian;thai,40.7146812,-73.997729
node,13522439948,Best Pizza on 1st Avenue,fast_food,pizza,40.75794,-73.9629608
node,13525138501,Ye’s Apothecary,restaurant,chinese,40.7194241,-73.9896952
node,13527372236,Old Flings,bar,,40.7230273,-73.9860849
node,13527372237,Bite & Sip,restaurant,chinese,40.7226201,-73.986643
node,13530139915,Davidovich,cafe,bagel;sandwich,40.7234391,-73.9852506
node,13530139916,Virginia's,restaurant,american,40.7227097,-73.9833118
node,13530139919,Cosmic Cat Cafe,cafe,coffee_shop,40.7226759,-73.9847501
node,13530551350,Blue Ruin Bar,bar,,40.756877,-73.993538
node,13537288691,Hello Sweet Spot,fast_food,crepe;juice,40.7080991,-73.9528134
node,13541547191,Kaafi,cafe,tea;coffee;pakistani,40.8038597,-73.9487211
node,13550914365,B-Side,bar,sandwich,40.7249446,-73.9784115
node,13550914367,The Cabinet,bar,,40.7254995,-73.9782351
node,13556272940,Tatiana by Kwame Onwuachi,restaurant,caribbean,40.7726956,-73.9833419
node,13556349768,Borgo,restaurant,italian,40.7421669,-73.9835268
node,13556403203,Kabawa,restaurant,caribbean,40.7249557,-73.9913634
node,13556409379,Shota Omakase,restaurant,sushi,40.7135787,-73.9662288
node,13567251701,Shy Shy,bar,,40.7426605,-74.0006676
node,13567940798,YOKO-CHO,restaurant,japanese,40.73297,-73.9882845
node,13568423501,Felix’s Handmade Empanadas,restaurant,argentinian,40.7221731,-73.9880406
node,13572901546,Shinzo Omakase,restaurant,sushi,40.7236946,-73.9876705
node,13574795162,Di An Di,restaurant,,40.7295921,-73.9582524
node,13574820653,Taku Sando,restaurant,,40.7298426,-73.9596521
node,13576389913,AperiBar,restaurant,italian,40.7544954,-73.9857539
node,13587113340,El Rinconcito,restaurant,latin_american,40.7231513,-73.9797154
node,13593289331,Bridge Coffee Shop,restaurant,latin_american;diner,40.7022665,-73.984589
node,13598070918,Chinelos II,restaurant,mexican,40.8203184,-73.9537637
node,13599837478,Burger King,fast_food,burger,40.7440419,-73.9236948
node,13607537876,Rome to Brooklyn,fast_food,pizza,40.7118589,-73.9428659
node,13607702109,Indian Kitchen,restaurant,indian,40.711829,-73.9433096
node,13618751192,The Chofi Spot,restaurant,mexican,40.7818927,-74.0125409
node,13623835801,Noglu,cafe,cake;coffee_shop,40.7835825,-73.9570103
node,13625909897,Shake Shack,fast_food,burger,40.7681635,-73.9827123
node,13625943001,Million Goods,bar,,40.727519,-73.9570373
node,13631119409,Sunshine Cafe,cafe,cafe,40.7807046,-73.9167888
node,13634945565,Four Seasons Joyful,fast_food,chinese;bubble_tea,40.7232969,-73.9410152
node,13638108901,Inti Peruvian Cuisine,restaurant,peruvian,40.7674175,-73.9895057
node,13638108902,Saar Indian Restaurant,restaurant,indian,40.7626964,-73.9848623
node,13638109001,Mamasita Bar and Grill/Mexican Fast Food,restaurant,mexican,40.767364,-73.9895472
node,13639122763,Le Chalet du Terroir,cafe,haitian,40.7295661,-73.9511998
node,13643792686,Opening Move Cafe,cafe,,40.7791275,-73.9528873
node,13644379822,Enso,restaurant,sushi,40.7187696,-73.9587012
node,13644404173,Bricktown Bagel and Cafe,fast_food,bagel,40.7418209,-73.95459
node,13647675501,Banhmigos,restaurant,vietnamese,40.7253553,-73.9523204
node,13647734165,WatchHouse,cafe,coffee_shop,40.7600671,-73.9766465
node,13649390323,Tompkins Square Bagels,restaurant,bagel,40.737435,-73.9907696
node,13650265301,New York Beer Dispensary,bar,,40.7392333,-74.0005929
node,13650297730,Falu House,cafe,,40.7244187,-73.9544257
node,13651103801,Uncle Ray's Chicken Rice,restaurant,,40.7649095,-73.9875598
node,13651115806,Ay Güey,restaurant,,40.7575132,-73.907766
node,13653008578,Sushi Heights,restaurant,sushi,40.8516574,-73.9280737
node,13653136005,Best Sicily Bottega,restaurant,,40.7054178,-74.0087581
node,13657589521,Chick Rocks,restaurant,fried_chicken_takeaway;fried_chicken;halal-certified_fried_chicken;crawfish_sandwiches,40.7638491,-73.9152346
node,13659094688,Stone & Soil,bar,japanese,40.7428266,-73.9831866
node,13662363962,Wonder,fast_food,pizza;mexican;chinese;burger;thai;italian;american;mediterranean;korean;asian;indian;salad;chicken;greek;middle_eastern,40.7554467,-73.9713185
node,13665777801,Inday,restaurant,indian,40.7419677,-73.9929267
node,13680208001,Akura Sushi,restaurant,sushi,40.7455629,-73.9833851
node,13680208009,Wagyu Room,restaurant,japanese;steak_house,40.7461046,-73.9833811
node,13680208010,Sushi by Bou,restaurant,sushi,40.7461418,-73.983354
node,13680208011,Noa,cafe,coffee_shop;breakfast;sandwich,40.7461129,-73.983285
node,13680449615,Lucinda's,bar,,40.7283033,-73.9821252
node,13683332549,Prix Fixe,restaurant,,40.7599849,-73.9783826
node,13687332825,Chama Mama,restaurant,georgian,40.7066077,-73.932128
node,13695599913,Sophie's Cuban Cuisine,fast_food,,40.7162564,-74.0047537
node,13696414199,La Caridad 72,restaurant,asian;caribbean,40.7777245,-73.9800442
node,13696452301,CoCo Fresh Tea & Juice,cafe,bubble_tea,40.7776367,-73.9798206
node,13696452302,Thai 72,restaurant,thai,40.7776928,-73.979973
node,13709991501,Don Antonio,restaurant,pizza,40.7626392,-73.9866549
node,13712271597,Susuru Ramen,restaurant,,40.755624,-73.9273795
node,13714066606,Dunkin',fast_food,donut;coffee_shop,40.7867703,-73.9419023
node,13714964773,Fusion Bites,restaurant,sushi,40.7276184,-73.952854
node,13714964774,Juice Point,fast_food,juice,40.7274777,-73.9527816
node,13714964775,Gong Cha,cafe,bubble_tea,40.7270813,-73.9524288
node,13715232901,Chi Restaurant,restaurant,chinese,40.7554661,-73.9943756
node,13719726601,The Lost & Found,bar,,40.748755,-73.9957363
node,13723655701,Ants Coffee,cafe,,40.718432,-73.94996
node,13725701950,San Cafe,cafe,pastry,40.7241144,-73.9045049
node,13728521372,Subway,fast_food,sandwich,40.7610851,-73.9508628
node,13730020898,Holydog Pilates and Cafe,cafe,,40.745105,-73.9809056
node,13730194944,Skirt Steak,restaurant,steak_house,40.7468354,-73.9901878
node,13730649403,Val Pizza,restaurant,pizza,40.7580884,-73.984193
node,13730649416,Caffé Rinaldi,cafe,,40.7676858,-73.9856384
node,13730649424,Baya Bar,bar,,40.7694784,-73.9848107
node,13730649426,Angie,restaurant,,40.7680448,-73.9854037
node,13731188445,Dunkin',fast_food,donut;coffee_shop,40.7576543,-73.990345
node,13736507651,Whit's,fast_food,burger,40.7287446,-73.9883526
node,13740004141,Zuri,cafe,,40.7349577,-74.0047159
node,13740052381,Edge,restaurant,,40.7540153,-74.0005901
node,13740052382,Edge,bar,,40.7539892,-74.0005939
node,13740325210,Fellini coffee,cafe,,40.7413525,-74.0067837
node,13740348057,Filaga,restaurant,pizza,40.7422692,-74.005294
node,13740348058,Toey Bats,cafe,,40.7422928,-74.0053872
node,13740348059,Lobster Place Seafood hall,fast_food,,40.7427133,-74.0061532
node,13745836169,Playa Bowls,fast_food,açaí,40.7024432,-73.9891585
node,13745836171,Gair,restaurant,,40.7031092,-73.9894258
node,13745836172,Pura Vida Miami,cafe,,40.70268,-73.9897467
node,13746128578,EYE SOLUTION,restaurant,,40.7150174,-73.9989641
node,13746145186,Banh mi Cafe,cafe,,40.7150986,-73.9995294
node,13746145188,Chipilo,fast_food,,40.715187,-73.9995008
node,13746336798,First Round's on Me Social Club,cafe,,40.7444566,-73.9922276
node,13746339801,IndiCo Coffee Co.,cafe,indian,40.7447926,-73.9916723
node,13753046846,Perros y Vainas - The Battery,fast_food,,40.7022338,-74.0132709
node,13753275744,Starbucks,cafe,coffee_shop,40.7095402,-74.0105903
node,13755928644,Tacos del Barrio,restaurant,,40.7097234,-74.0083503
node,13756162808,The Corner Store,restaurant,,40.7266398,-73.9999617
node,13756238632,Suprema Provisions,restaurant,italian,40.7325948,-74.0036624
node,13761070679,Dunkin',fast_food,donut;coffee_shop,40.8504784,-73.9372737
node,13761070680,McDonald's,fast_food,burger,40.8501152,-73.9361114
node,13761505070,Taco Bell Cantina,fast_food,tex-mex,40.7443958,-73.9956965
node,13761505071,ZUZU,restaurant,,40.7445758,-73.9955617
node,13761505073,Chelsea Papaya,fast_food,,40.7442807,-73.9952664
node,13761505077,Sushi Seki,restaurant,,40.7441557,-73.9962015
node,13763391819,MR Pizza,restaurant,pizza,40.7621973,-73.9832979
node,13763391820,Junior's Restaurant and Bakery,restaurant,,40.7609503,-73.9840152
node,13763544692,The Libary Café by Amys Bread,cafe,,40.7530803,-73.9822414
node,13764099993,Eataly Caffè,cafe,,40.753424,-74.0004788
node,13764217537,Taikii Cafe,cafe,japanese,40.7196684,-73.9848869
node,13765412125,Auntie Anne's,fast_food,pretzel,40.8033386,-73.9669675
node,13765783002,Liquid Bar & Restaurant,restaurant,,40.8639781,-73.9190293
node,13767469452,EJ BBQ & Sushi,fast_food,,40.7451477,-73.9944068
node,13767535451,Blank Street Coffee,cafe,coffee_shop,40.7459132,-73.9946057
node,13780830894,Subway,fast_food,sandwich,40.763329,-73.9818677
node,13781081398,Dunkin',fast_food,donut;coffee_shop,40.7495336,-73.9924051
node,13781081400,Decide to Ride,fast_food,,40.7496507,-73.9925302
node,13781153301,Auntie Anne's,fast_food,pretzel,40.7496733,-73.9925748
node,13781153302,Primo! Cappuccino,cafe,,40.7497549,-73.9924986
node,13781153305,Back,bar,,40.7496952,-73.9926393
node,13781153306,Kripsy Kreme,fast_food,,40.7497236,-73.9926597
node,13781153308,,fast_food,,40.7497336,-73.9926955
node,13781153310,Gong Cha,cafe,bubble_tea,40.7497455,-73.9927323
node,13781153311,Penn Sushi,fast_food,,40.7497492,-73.9927629
node,13781153312,Side,bar,,40.7497573,-73.9928093
node,13781153313,,fast_food,,40.7497675,-73.9928335
node,13781153314,Penn Café Eatery,cafe,,40.7497765,-73.9928638
node,13781153315,chickpea,fast_food,,40.7497911,-73.9929048
node,13781153317,Dunkin',fast_food,donut;coffee_shop,40.7498223,-73.9929792
node,13783705801,Johnny’s,restaurant,,40.716075,-73.9495656
node,13785835101,At Cave,bar,,40.7236064,-73.9874692
node,13806073520,Margaux by La Sirène,restaurant,french,40.7499322,-73.9816759
node,13806657901,Pasta Rullo,restaurant,italian,40.7275145,-73.9830036
node,13806666903,Sol de Quito,restaurant,international,40.7018311,-73.9190161
node,13809236569,Kyuubi Omakase,restaurant,sushi,40.7271894,-73.9845884
node,13811467918,EZ Paella & Tapas,restaurant,spanish,40.7635858,-73.9886464
node,13811467920,Rooster Pizza,fast_food,fried_chicken;pizza,40.7636477,-73.9886075
node,13812601041,Con Sabor A Mexico,restaurant,mexican,40.8504955,-73.9363212
node,13812640983,KFC,fast_food,chicken,40.8499096,-73.9357117
node,13812645847,Chipotle,fast_food,mexican,40.8495546,-73.9360833
node,13812670156,Little Caesars,fast_food,pizza,40.8463743,-73.935652
node,13812670405,Popeyes,fast_food,chicken,40.8491175,-73.9341396
node,13812678563,Taco Bell,fast_food,tex-mex,40.8471919,-73.9355635
node,13815471481,Bedford Gardens,restaurant,asian;sushi,40.7181733,-73.9575142
node,13815471482,Mama Pho,restaurant,vietnamese,40.7181456,-73.957544
node,13815471488,Charleston,bar,pizza,40.7181084,-73.9575841
node,13816377931,Inwood Bagels,fast_food,bagel,40.8688212,-73.9221512
node,13816385159,Fito,restaurant,,40.8648384,-73.928179
node,13816395497,La Cantina Heights,restaurant,,40.8567685,-73.9323832
node,13816417190,Locksmith Bar,bar,,40.857327,-73.9325779
node,13816443478,Taquería Sinaloense,restaurant,,40.8746063,-73.9107473
node,13816463909,Grandpa's Brick Oven Pizza,restaurant,pizza,40.8683401,-73.9195388
node,13816463910,Serrano Salsa,restaurant,mexican,40.8683851,-73.9193891
node,13817897414,China Wang,restaurant,chinese,40.8745754,-73.9106684
node,13818599161,Olde City,fast_food,sandwich,40.7768364,-73.9826679
node,13819637001,Soft Bar,bar,,40.7250533,-73.9557248
node,13822943937,Dunkin',fast_food,donut;coffee_shop,40.8510702,-73.9308919
node,13822955745,DisFruta,fast_food,juice,40.854578,-73.9301256
node,13822965424,Nelly’s Chicken & Pizza,fast_food,chicken,40.8419406,-73.9356509
node,13822966800,Dunkin',fast_food,donut;coffee_shop,40.8548651,-73.9299607
node,13822971851,Popeyes,fast_food,chicken,40.8560532,-73.9290712
node,13822984357,Mediterraneo Pizza,fast_food,pizza,40.8547642,-73.9300024
node,13822986244,Bon Bon Juice Bar & Grill,fast_food,juice,40.8492745,-73.9321382
node,13822991643,L Chingon Mexican Cuisine,restaurant,mexican,40.8513692,-73.9306364
node,13823830852,Pergola,restaurant,mediterranean_restaurant,40.7454548,-73.9894903
node,13827198365,Nisi Estiatorio,restaurant,greek,40.7665329,-73.9202935
node,13827686598,Terravita,restaurant,,40.8480812,-73.9380552
node,13827689162,Geisha Asian Fusion,restaurant,sushi,40.84796,-73.9376189
node,13829652108,Hello Hello,bar,,40.7457533,-73.9933769
node,13832177902,Obscure Coffee Roasters,cafe,,40.701956,-73.9299215
node,13841010267,Alessa Cucina & Bar,restaurant,italian,40.7523841,-73.9915795
node,13841010268,Lalyn,restaurant,thai,40.7524228,-73.9916808
node,13841150678,Subway,fast_food,sandwich,40.7011756,-74.0131969
node,13845839495,Thai Ya,restaurant,thai,40.7197583,-73.9886392
node,13845839496,Souvlaki GR,restaurant,greek,40.7211327,-73.9871627
node,13849083048,Jimbo's Hamburger Palace,restaurant,,40.8370262,-73.939304
node,13858299444,Saltwater Coffee,cafe,,40.7326451,-73.9998008
node,13860656901,Honeybird Coffee,cafe,,40.7205953,-73.9632757
node,13863452601,Down the Hatch,bar,,40.7324622,-74.001664
node,13868328704,Heytea,cafe,bubble_tea,40.7299399,-73.9942188
node,13869532701,Sip & Guzzle,restaurant,american;japanese,40.7314144,-74.0024463
node,13874600395,Virgil's Real Barbecue,restaurant,barbecue,40.7911831,-73.9739882
node,13874623731,Starbucks,cafe,coffee_shop,40.7884542,-73.9760086
node,13878485101,Coffee Check,cafe,,40.7333653,-73.959421
node,13878623712,Chop Shop,restaurant,asian,40.7487103,-74.0031942
node,13892089958,Sushi & Co,restaurant,sushi,40.7530947,-73.9874909
node,13892113660,Luke's Lobster,restaurant,,40.7533449,-73.9873987
node,13899747366,Loong Noodles,restaurant,noodle,40.7288373,-73.9885803
node,13899988340,Accidental Bar,bar,,40.7237498,-73.9789138
node,13900021201,Dahlia’s Garden & Terrace,restaurant,fine_dining,40.7455603,-73.9889275
node,13901776901,All’Antico Vinaio,restaurant,italian;sandwich,40.7518645,-73.9781677
node,13904419301,Mikado,restaurant,japanese;sushi,40.737745,-73.9973076
node,13907249077,Well& by Durst (1WTC),cafe,,40.7130433,-74.0132388
node,13915515688,Café Fleuri,restaurant,,40.7085943,-74.014148
node,13916540944,Premier Shōjin,restaurant,japanese,40.7403317,-73.992193
node,13918600001,Xinjiang BBQ Cart,fast_food,chinese;kebab,40.7182933,-73.9940231
node,13918879573,Central Perk,cafe,coffee_shop,40.7591763,-73.984248
node,13924051472,Old Mates Pub,bar,,40.70579,-74.0041784
node,13926420801,Mission Chinese Food,restaurant,chinese,40.7152503,-73.9988502
node,13926596098,Cafe Fred,cafe,coffee_shop,40.7332341,-73.9908735
node,13926989362,Emerald Cafe,cafe,,40.7056102,-73.9180783
node,13929976601,Lava Shawarma NYC,restaurant,middle_eastern,40.741636,-73.990248
node,13929988175,Naya,fast_food,middle_eastern,40.7018531,-73.9865307
node,13929988176,Devine'r,cafe,coffee_shop,40.7033006,-73.9897075
node,13930134963,Starbucks,cafe,coffee_shop,40.7529135,-73.9810755
node,13940637521,High Tide,restaurant,,40.7032865,-73.994946
node,13944100034,Pizza Hut,restaurant,pizza,40.7449579,-73.9981204
node,13946608301,Dayglow,cafe,,40.7035192,-73.9309684
node,13946609102,Loveless Coffees,cafe,,40.7022005,-73.928411
node,13946656701,Moon Coffee Lab,cafe,,40.7237798,-73.9899214
node,13946658504,Tera,bar,,40.7162949,-73.9896409
node,13946658702,Bazu! by Superwow Coffee,cafe,,40.7140709,-73.9955535
node,13946678401,PARK at KIMS,cafe,,40.7192945,-73.9956097
node,13946679302,Maru Coffee,cafe,,40.7153182,-73.9648491
node,13946692301,Sojourner Coffee,cafe,,40.8028756,-73.9512158
node,13946693101,KABIN,bar,,40.7257764,-74.0079354
node,13946716701,Interlude Coffee and Tea,cafe,,40.7153875,-74.0127994
node,13947193197,MAD Bar & Lounge,bar,,40.7500557,-73.9809035
node,13953100101,Catzuneko Shokudo,restaurant,japanese;sushi,40.7562896,-73.9939732
node,13953195501,Modern Tea & Salad,restaurant,bubble_tea,40.7553816,-73.9915875
node,13954726601,Sofia's of Little Italy,restaurant,italian,40.7188589,-73.9976766
node,13956183003,Fiaschetteria Pistoia,restaurant,,40.7266708,-73.9772984
node,13958478463,Lazzara's Pizza,restaurant,pizza;italian,40.7539708,-73.9895694
node,13958820934,Versa,restaurant,,40.7515882,-73.9911676
node,13963477336,Greenpoint Cafe & Bakery,cafe,,40.7399865,-73.9237751
node,13965635842,Souvlaki GR,restaurant,greek,40.7572885,-73.9680743
node,13965635843,Shah's Halal Food,fast_food,middle_eastern,40.7572656,-73.9680914
node,13965635844,Utopia Bagels,fast_food,bagel,40.7571042,-73.9695094
node,13965909401,,restaurant,greek,40.7581167,-73.9824872
node,13969350501,Cellys Bar,bar,,40.7503041,-73.9983285
node,13970570901,Kebab aur Sharab,restaurant,indian,40.7795249,-73.9833358
node,13973107137,Maaser Okakase,restaurant,sushi,40.7331627,-74.004003
node,13973360501,Gazab,restaurant,indian,40.7219601,-73.9866449
node,13976267583,Ty's,bar,,40.7331554,-74.0053076
node,13976267584,Fiaschetteria Pistoia,restaurant,italian,40.7331443,-74.0053795
node,13976267585,Red Paper Clip,restaurant,american,40.7331156,-74.0055665
node,13976267586,The Beer Garage,bar,pub,40.7331293,-74.0054775
node,13980008580,Qahwah Valley,cafe,coffee_shop,40.7452678,-73.971996
node,13989611013,My First Cup,cafe,,40.7574052,-73.9311503
node,13991194718,Murray Cafe,cafe,coffee_shop;asian;american,40.7440777,-73.9812369
node,13991570502,Pelicana Chicken,restaurant,korean;chicken,40.7314174,-73.9546418
node,13991865117,Good Neighbor Queens,fast_food,smoothie;sandwich;soup;salad,40.7426459,-73.9353823
node,13991865118,Royal Delight Classic Cafe,cafe,coffee_shop,40.7425834,-73.9353923
node,13991865121,CWC,fast_food,southern,40.7425331,-73.9352898
node,13991865126,Juice Press,fast_food,juice,40.7423259,-73.9352869
node,13991865155,The Café at the Factory,cafe,,40.7428972,-73.9364686
node,13991865169,Pizza Factory,restaurant,pizza,40.7423936,-73.9362964
node,13991865170,Omakase Osukāā Factory LIC,restaurant,japanese,40.7422803,-73.9363058
node,13997444829,As you like,cafe,coffee_shop,40.7165619,-73.942891
node,14000238297,Hungry Spicy,restaurant,thai,40.7408543,-74.0014967
node,14004623865,The Greats of Craft Rooftop,restaurant,,40.7513023,-73.9488187
node,14007116864,Stretch,fast_food,pizza,40.7138384,-73.9673235
node,14007116865,Frita Batidos,fast_food,cuban,40.7134478,-73.9675012
node,14007161384,Gai Chicken,fast_food,chicken;bubble_tea;thai,40.7154474,-73.9987165
node,14015637001,Eel Bar,restaurant,,40.7181715,-73.9898145
node,14016367119,Knori Hand Roll Bar,restaurant,sushi,40.7302231,-73.955278
node,14020909265,"AKB, a hotel bar",bar,,40.7521011,-73.9847073
node,14022329800,Kanahashi,restaurant,sushi,40.732629,-73.9548299
node,14022569114,Lingo,restaurant,japanese,40.7298161,-73.9597159
node,14022894232,Tria Diner,restaurant,diner;bakery,40.713253,-73.9979983
node,14023091701,La Esquina,restaurant,mexican,40.7213759,-73.9976767
node,14027807047,The Residence of Mr. Moto,restaurant,japanese;sushi,40.7142078,-73.960876
node,14027807048,Paolina,fast_food,middle_eastern,40.7140402,-73.9614603
node,14027807052,Baci & Abbracci,restaurant,italian,40.7140032,-73.960379
node,14031495780,Essa Bagel,fast_food,bagel,40.7541587,-73.9722269
node,14032210516,Poke Burrito,fast_food,poke,40.7464089,-73.9410289
node,14039198574,Vista Lounge,cafe,breakfast,40.7531642,-73.9984123
node,14039320513,Kub Kao,restaurant,thai,40.7328635,-73.9545348
node,14039398982,So Good,fast_food,,40.7294569,-74.0014332
node,14039399835,Hop Lee Kitchen,restaurant,chinese,40.7329128,-73.9545452
node,14053151280,Jooy Tea Shoppe,cafe,bubble_tea,40.7190861,-73.9962403
node,14053151852,Q Tea Tapas,cafe,poke;bubble_tea;crepe,40.8517012,-73.9719569
node,14055381273,Pho Shop,restaurant,vietnamese,40.778181,-73.9801761
node,14055395236,Mikado Sushi,restaurant,sushi,40.7781223,-73.980039
node,14055679592,La Dinastia,restaurant,chinese;latin,40.7782305,-73.9802918
node,14056701371,Kofee,cafe,coffee_shop,40.8083722,-73.93125
node,14060104847,Maracuya,bar,,40.7132166,-73.9577872
node,14060379227,Harlem Poke,cafe,poke,40.8100914,-73.9434239
node,14062118642,Border Town,restaurant,mexican,40.7256033,-73.9456037
node,14062646411,Off the Hook Raw Bar & Grill,restaurant,seafood,40.7671044,-73.9180459
node,14063046604,A-Frame Cafe,cafe,coffee_shop,40.7242875,-73.9967926
node,14066885111,Fa San Coffee,cafe,,40.7158267,-73.9918445
node,14069288289,ChaHalo,cafe,,40.7291284,-73.9886073
node,14073978455,Poke Bowl,fast_food,poke,40.7577737,-73.9710435
node,14074734908,Café Coco,cafe,american;breakfast;sandwich,40.747529,-73.9454944
node,14078845517,Revelie,restaurant,brunch;sandwich;french,40.7264074,-74.0019546
node,14079070103,Desi Galli,restaurant,indian,40.7273582,-73.9797043
node,14079336724,Mriga Bread & Wine,bar,,40.7463809,-73.9176239
node,14079356047,Makina Eritrean-Ethiopian Eatery,restaurant,ethiopian; eritrean,40.7466545,-73.9176229
node,14079412801,The Handpulled Noodle,restaurant,chinese,40.8099123,-73.9435182
node,14086497097,Kasbah Grill,restaurant,,40.7879619,-73.9774861
node,14095410997,Hummus Place,restaurant,,40.7800623,-73.9803302
node,14099411901,Sweet Afton,restaurant,,40.7654083,-73.9191216
node,14100373311,Tessa,restaurant,,40.7814607,-73.9793101
node,14104386939,Spanglish NYC,restaurant,mexican,40.7743243,-73.9078987
node,14107855667,Yaasa,restaurant,african,40.7523003,-73.972371
node,14108397393,Little Big,bar,,40.7198562,-73.9845582
node,14111515436,Corgi Cafe,cafe,coffee_shop,40.7424109,-73.9835495
node,14112392749,Terra Thai,restaurant,thai,40.7249612,-73.9829995
node,14115637121,Post,restaurant,breakfast;american,40.7224857,-73.9822588
node,14120251013,Naya,fast_food,middle_eastern,40.7434709,-73.9892219
node,14121311834,Maman,cafe,,40.7841143,-73.9773689
node,14121389199,Hi Life Bar & Grill,bar,,40.785555,-73.9763306
node,14123872902,Nook Coffee,cafe,coffee_shop,40.7632784,-73.9215758
node,14125445101,Spitfire Cheese & Sundry,cafe,,40.7653901,-73.9840315
node,14126280403,Hawa Smoothies & Bubble Tea,cafe,smoothies;bubble_tea;acai;açaí;fruit tea;juice,40.7526377,-73.9926679
node,14130239277,Casa Next Door,cafe,,40.7376392,-74.0044549
node,14132002098,Smacking Burger,fast_food,burger,40.7390099,-74.0035561
node,14133312122,Midnight Blue,bar,,40.7372697,-73.9873976
node,14133923680,La Pizza Italia,fast_food,pizza,40.7861275,-73.9759137
node,14133956268,e's Bar,bar,,40.786708,-73.9754786
node,14133974122,Halmae Noodle,restaurant,korean,40.8504602,-73.9962467
node,14134189477,Corner Lounge Restaurant,restaurant,,40.8088605,-73.9385709
node,14135017096,Koré Coffee,cafe,asian,40.7161549,-73.9970933
node,14135072935,The Oasis Cafe,cafe,,40.7670867,-73.9865686
node,14135567861,T Magazine,cafe,tea;chinese,40.7167261,-73.9933717
node,14137844402,Banh By Lauren,cafe,cake;coffee_shop,40.7122297,-73.9942189
node,14138024501,Crave Fishbar,restaurant,,40.7551349,-73.9686906
node,14138025502,Crave Sushi Bar,restaurant,,40.7551554,-73.9685872
node,14138048101,Vin Sur Vingt,restaurant,french,40.755755,-73.9689695
node,14138097143,L’Adresse,restaurant,french,40.7455211,-73.9884942
node,14138097147,Bagel Pub,fast_food,bagel,40.7462514,-73.9906317
node,14138097148,Oramen,restaurant,sushi;ramen;japanese,40.738974,-73.9959094
node,14138363713,CADET Coffee,cafe,coffee_shop,40.7236074,-73.9509274
node,14138363714,GiGi's,restaurant,chicken;french,40.7296211,-73.9574244
node,14138363715,Cove,restaurant,american,40.7285945,-74.0077329
node,14140707954,Sailor & Siren,restaurant,,40.7281963,-73.9534448
node,14140803266,Flower Cat,cafe,coffee_shop,40.7287041,-73.9539046
node,14142670688,Keepers,bar,pizza,40.7379085,-74.0042043
node,14142670689,Mary's Fish Camp,restaurant,seafood,40.7382784,-74.005394
node,14142670691,Graciela,restaurant,argentinian,40.7370687,-74.0015669
node,14142808399,Starbucks,cafe,coffee_shop,40.7110106,-74.000879
node,14144926736,Georgie's Cafe & Bar,cafe,coffee_shop,40.7171213,-73.9864452
node,14145023521,Hummus Kitchen,restaurant,,40.7642983,-73.9880484
node,14152576001,Nene’s Taqueria,restaurant,,40.7001638,-73.9277893
node,14155704505,Musaek,bar,korean,40.7467421,-73.9848076
node,14157261002,El Carretero,restaurant,international,40.7987978,-74.0086603
node,14157263002,El Carretero,restaurant,international,40.7987978,-74.0086603
node,14157320101,Gandolfo Pizzería and Restaurant,restaurant,,40.7994528,-74.0085813
node,14158370844,Dunkin',fast_food,donut;coffee_shop,40.7973609,-74.0157564
node,14158398134,Howoo,restaurant,korean;barbecue,40.7463284,-73.985172
node,14159717767,Halal Munchies,fast_food,middle_eastern,40.7180486,-73.9857486
node,14159734143,Le Botaniste,cafe,,40.7540605,-73.9818348
node,14159981901,KOBA Korean BBQ,restaurant,korean,40.7092596,-74.0064687
node,14160190821,Xi'an Famous Foods,fast_food,chinese,40.7086729,-74.005184
node,14161565501,Maki a Mano,restaurant,japanese;peruvian,40.7428142,-74.0069089
node,14167035601,Bagel Pub,cafe,bagel;breakfast,40.7481346,-73.9929334
node,14167130512,Master Panda,cafe,dessert,40.7444231,-73.9547241
node,14170564169,Aunt Jake's,restaurant,italian,40.7745384,-73.9544037
node,14170602713,Ngatso Cafe,cafe,coffee_shop;tibetan,40.7464449,-73.9009455
node,14170602714,Rasuwa Lirung,restaurant,nepalese;tibetan,40.7457195,-73.9009173
node,14176300098,Leonardo's Pizza,restaurant,pizza,40.7459175,-73.9154328
node,14178027103,Donna,bar,,40.731784,-74.0015974
node,14178148301,Paris Sandwich Bakery Caré,restaurant,,40.7187834,-73.9960734
node,14181474078,Old John's Luncheonette,restaurant,american,40.7751694,-73.9836481
node,14181628714,D'Todo Sabores,bar,,40.746699,-73.9012397
node,14181628717,Tenzin's Kitchen,restaurant,tibetan,40.7460327,-73.9004352
node,14181628718,King's Teriyaki & Sushi,restaurant,japanese,40.7452561,-73.9034016
node,14181628720,Foodside,restaurant,korean,40.7452579,-73.9036976
node,14181628721,The Dugout,bar,,40.7452247,-73.9037077
node,14181628723,Don Panchito Tacos,fast_food,mexican,40.7453979,-73.9043793
node,14181628724,MH Halal Food,fast_food,mediterranean,40.7454096,-73.904262
node,14181628725,Indian Biryani House,fast_food,mediterranean,40.7454323,-73.9033824
node,14181628726,Taqueria 16 de Septiembre,fast_food,mexican,40.7461564,-73.9030566
node,14181628727,B&B Best of the Best Halal Food,fast_food,mediterranean,40.7432597,-73.9174909
node,14181628730,Pizza Hut,restaurant,pizza,40.7455117,-73.9053058
node,14181628732,Belo,restaurant,brazilian,40.7462011,-73.9158571
node,14181628736,Sloth Brew,cafe,coffee_shop,40.7464168,-73.9178288
node,14182018601,Experimental Cocktail Club,bar,,40.7424965,-73.9903761
node,14182055901,Casa Next Door,cafe,,40.7376845,-74.0044553
node,14182107802,7th Street Burger,fast_food,,40.7441238,-73.9952586
node,14183116913,Le Botaniste,cafe,,40.724808,-73.9515199
node,14183484801,COQODAQ,restaurant,,40.7401221,-73.9886544
node,14185424001,Bite,restaurant,,40.7419837,-73.9929783
node,14185735402,Soup Spot,restaurant,,40.7495127,-73.9932652
node,14188405201,Primrose,bar,,40.7454306,-73.992556
node,14190062196,Or'esh,restaurant,mediterranean,40.7260535,-74.000905
node,14190314401,:3 Coffee,cafe,,40.7410253,-73.9920423
node,14190820101,Barlume,restaurant,,40.7389324,-73.9896191
node,14190820102,Barlume Downstairs,bar,,40.7389526,-73.9895779
node,14191775601,White Maize,restaurant,,40.7408494,-73.9996568
node,14197708201,Little More,bar,,40.71581,-74.0086442
node,14202192201,Lucky Tiger,restaurant,,40.7035248,-74.0107406
node,14202192202,Toraya Bar,bar,,40.7033457,-74.0107086
node,14204623144,,restaurant,chinese,40.8221433,-73.9986516
node,14204623147,,restaurant,barbecue,40.8214039,-73.9990967
node,14205415766,Semm,cafe,coffee_shop;tea;dessert,40.7286245,-73.9922988
node,14206444475,,cafe,,40.8159413,-73.9502541
node,14206939777,Spicy Moon,restaurant,chinese,40.7457987,-73.9447888
node,14207673778,Caffè Torino,cafe,,40.7557647,-73.9192251
node,14208234902,Basta,restaurant,moroccan,40.7620542,-73.9910919
node,14208263601,Nami Nori West Village,restaurant,sushi,40.7302092,-74.0032745
node,14209779685,Tacos y Quesadillas,fast_food,mexican,40.7458334,-73.9021915
node,14210281540,7th Street Burger,fast_food,burger,40.7752916,-73.9092967
node,14216453501,Kerber's Farm,cafe,coffee_shop,40.7312364,-74.0031196
node,14221050629,Rosa's at Park,restaurant,,40.8129472,-73.9284736
node,14227963604,Close Up Jazz,bar,,40.7208265,-73.9887455
node,14229152784,Baya Bar,fast_food,juice,40.7066982,-74.0097371
node,14229499709,Fushimi Times Square,restaurant,japanese;sushi,40.7583524,-73.9900126
node,14229540501,Millie's Coffee Co.,cafe,coffee_shop,40.7684597,-73.919679
node,14232746897,Apollo Bagels,fast_food,bagel,40.7161242,-74.0093949
way,118527538,Sofrito,restaurant,regional,40.8273089,-73.955297
way,163332640,,restaurant,,40.8160862,-73.9786336
way,184688727,McDonald's,fast_food,burger,40.8558442,-73.9666276
way,184854470,Outback Steakhouse,restaurant,american;steak,40.8122908,-73.9821154
way,241159315,Traif,restaurant,american,40.7105975,-73.9589348
way,241832822,Lazy Siu's,restaurant,,40.7126243,-73.9608094
way,241836472,McDonald's,fast_food,burger,40.7663922,-73.9309686
way,241837976,Vanessa's Dumpling House,restaurant,chinese,40.7138231,-73.961987
way,245118636,Luke's Lobster,fast_food,seafood,40.7034856,-73.9941336
way,245118651,Juliana's Pizza,restaurant,pizza,40.7027593,-73.9934334
way,247839756,Yawning Cobra,bar,,40.7269146,-73.9919525
way,247842935,Great Jones Distilling Co,bar,,40.72791,-73.9942311
way,247862492,Bagel Belly,cafe,bagel;sandwich,40.7330728,-73.9877024
way,247862508,Joe's Pizza,fast_food,pizza,40.7332732,-73.9876565
way,247862527,Gen Korean BBQ House,restaurant,korean;barbecue,40.733182,-73.9875466
way,247865132,Pi Bakerie,restaurant,greek,40.7236472,-74.003243
way,248142897,EastSide Story,restaurant,kebab,40.7284786,-73.9831928
way,248143749,nuar,cafe,thai;dessert;tea,40.7449407,-73.990409
way,248144059,Black Door,restaurant,bar,40.7454841,-73.9925164
way,248144152,McDonald's,fast_food,burger,40.7460385,-73.9909271
way,248156555,Leon's Bagels,fast_food,bagel,40.7276803,-74.0004627
way,248159971,The Kati Roll Company,restaurant,indian,40.7296514,-74.0010795
way,248163476,Groove,bar,,40.7306042,-74.0002266
way,248757328,Sushi On Jones,restaurant,sushi,40.7217454,-73.9903154
way,248771057,Odd Sister,restaurant,pizza;burger;pancake,40.7216775,-74.0014104
way,248773555,McDonald's,fast_food,burger,40.7370527,-73.990741
way,248773603,ABC Kitchen,restaurant,,40.7379073,-73.9894927
way,249657332,The House,restaurant,american,40.7361486,-73.9877114
way,249664994,,restaurant,,40.7288293,-74.0048708
way,249665003,Houston Hall,bar,,40.7287936,-74.0047387
way,249665508,Top Thai 55 Carmine,restaurant,,40.7299664,-74.0042295
way,249666367,Kish Kash,restaurant,,40.7314092,-74.0069836
way,249847965,New Cameron Bakery,fast_food,pastry;coffee_shop;chinese,40.7179821,-74.0003232
way,250266762,The Whiskey Ward,bar,,40.7196519,-73.9878918
way,250267944,Corima,restaurant,,40.7146788,-73.9931153
way,250268196,Reception Bar,restaurant,,40.7163474,-73.9913466
way,250269766,The Landing at Pier 45 by Coffeed,cafe,,40.7331577,-74.0107419
way,250423458,Three Diamonds Door,bar,,40.70349,-73.9261998
way,250424668,Dock Asian Eatery,restaurant,japanese;thai;vietnamese,40.7062074,-73.9228066
way,250424743,Cobra Club,bar,coffee_shop,40.7066929,-73.9235048
way,250440701,Tortilleria Mexicana Tres Hermanos,restaurant,mexican,40.7066564,-73.9219813
way,250440714,Good Morning Brooklyn,cafe,breakfast;health_food,40.7065004,-73.9222926
way,250445516,Il Gigante,restaurant,italian,40.7023276,-73.9016662
way,250490408,Mēdüzā Mediterrania,restaurant,,40.7396721,-74.0055895
way,264638572,Petite Abeille,restaurant,belgian,40.7386662,-73.994496
way,264644249,Wisefish Poke,restaurant,,40.7427981,-73.9996766
way,264685189,Nuchas,fast_food,mexican,40.7484769,-73.988342
way,264859125,Santorini Taverna,restaurant,greek,40.8513301,-73.9656924
way,265038907,Shake Shack,fast_food,burger,40.741511,-73.9881733
way,265042463,on,restaurant,korean,40.7450748,-73.9852647
way,265151149,Wendy's,fast_food,burger,40.7655716,-73.9833081
way,265151173,McDonald's,fast_food,burger,40.7658077,-73.9831257
way,265262005,McDonald's,fast_food,burger,40.74497,-73.9790819
way,265273018,Break Bar,bar,pizza;snack,40.7542926,-73.9953345
way,265277004,McDonald's,fast_food,burger,40.7524799,-73.9928388
way,265277039,Avenida,restaurant,mexican,40.7518247,-73.9931986
way,265282545,Farida,restaurant,uzbek;kazakh,40.7556154,-73.9942678
way,265301776,Salt & Pepper Restaurant,fast_food,pakistani;indian;american,40.7500787,-73.9899996
way,265329530,Lucky's Famous Burger,restaurant,burger,40.7644563,-73.9876823
way,265345354,All'Antico Vinaio,fast_food,sandwich,40.7636816,-73.9700442
way,265347589,Ballfields Café,cafe,,40.7703137,-73.9759043
way,265357847,P.D. O'Hurley's,restaurant,,40.7630922,-74.0006322
way,265869510,The Capital Grille,restaurant,,40.7512722,-73.9749279
way,266034057,Grind,cafe,coffee_shop,40.7590894,-73.9918227
way,266149322,Mapo Asian Restaurant & Bar,restaurant,asian,40.7592353,-73.9879969
way,266149324,Playwright Celtic Pub,bar,irish,40.7593274,-73.9879292
way,266149332,Sardi's,restaurant,,40.7577618,-73.9876108
way,266170542,Dervish,restaurant,mediterranean,40.7585629,-73.9836775
way,266170669,Wu Liang Ye,restaurant,chinese,40.7577997,-73.9799504
way,266170732,The Blue Bar,bar,,40.7560836,-73.9824341
way,266170759,Amor Loco,restaurant,mexican,40.7578443,-73.9839258
way,266170809,The Red Flame,fast_food,diner,40.7561488,-73.9826856
way,266206759,Ravagh Persian Grill,restaurant,persian,40.7618581,-73.9606433
way,266206761,Sushi Seki,restaurant,japanese;sushi,40.7619695,-73.9605921
way,266212062,Chick-fil-A,fast_food,chicken,40.7611704,-73.9685952
way,266236282,Smashburger,fast_food,burger,40.76431,-73.9669862
way,266864331,Java Girl,cafe,,40.7640528,-73.9594468
way,266875353,The East Wing,restaurant,,40.7710267,-73.9560688
way,266879142,Starbucks,cafe,coffee_shop,40.7663567,-73.9634322
way,266921688,McDonald's,fast_food,burger,40.7846962,-73.9471254
way,266926747,Sweetgreen,fast_food,salad,40.7780282,-73.9549214
way,271212711,White Castle,fast_food,burger,40.7880437,-73.9417141
way,271219053,Lechonera Tropical & Grill,restaurant,caribbean;puerto_rican;latin_american,40.789723,-73.9466072
way,271219074,McDonald's,fast_food,burger,40.7900398,-73.9462174
way,271290745,Texas Chicken & Burgers,fast_food,burger;chicken,40.8041908,-73.9552951
way,271291107,Double Dutch Espresso,restaurant,coffee_shop,40.8058403,-73.9539949
way,271291111,Patisserie Des Ambassades,restaurant,,40.8060811,-73.95382
way,271626093,Il Caffe Latte,cafe,,40.8043981,-73.9484157
way,271798850,Red Rooster Harlem,restaurant,southern,40.8079659,-73.9449106
way,271807581,Cove Lounge,bar,,40.8088135,-73.9452115
way,271808028,,restaurant,,40.8087322,-73.9452922
way,271810345,African and American Best Food,restaurant,,40.8110714,-73.9425988
way,271844957,KFC,fast_food,chicken,40.8209428,-73.9363828
way,271923842,Cotton Club,bar,,40.8175864,-73.9602803
way,275114025,,restaurant,,40.862187,-73.9254495
way,275256988,Mottley Kitchen,cafe,,40.810125,-73.921691
way,275278174,Texas Chicken & Burgers,fast_food,burger;chicken,40.8128103,-73.9234113
way,275317446,Kennedy Fried Chicken & Pizza,fast_food,chicken;pizza;sandwich,40.8231932,-73.9089051
way,275322921,McDonald's,fast_food,burger,40.8251808,-73.9086221
way,276024101,McDonald's,fast_food,burger,40.8417558,-73.9047288
way,276419322,Dunkin',fast_food,donut;coffee_shop,40.8771441,-73.9066555
way,276499335,Chick-fil-A,fast_food,chicken,40.8737838,-73.9090347
way,276503031,Dunkin',fast_food,donut;coffee_shop,40.8747268,-73.9100882
way,277890497,Lilly O'Briens,restaurant,irish,40.7146752,-74.0102341
way,277890498,Mulberry & Vine,restaurant,american,40.7149828,-74.0102093
way,278053568,Battery Gardens,restaurant,,40.7013567,-74.0150152
way,278053570,Cafe Exchange,fast_food,american,40.7067305,-74.0131134
way,278053575,Adrienne's Pizza Bar,restaurant,pizza,40.7042869,-74.0101223
way,278053589,Fraunces Tavern,restaurant,american,40.7033713,-74.0113183
way,278076364,Pearl Diner,restaurant,diner,40.7069106,-74.0062478
way,278076392,Luchadores,fast_food,mexican,40.7058546,-74.0041588
way,278084746,Fish Market,restaurant,,40.7071775,-74.0019244
way,278106006,Ping's Seafood,restaurant,chinese,40.7144395,-73.9985238
way,278241777,Good Good Taste,restaurant,chinese,40.7133917,-73.9947576
way,278245473,,bar,,40.7145656,-73.9915462
way,279410751,Chart House,restaurant,,40.7606746,-74.0181302
way,279483424,P.F. Chang's,restaurant,asian,40.7802379,-74.0095843
way,279592920,Giando On the Water,restaurant,,40.710761,-73.9693407
way,279622790,McDonald's,fast_food,burger,40.7013601,-73.9434909
way,279647094,Lella Alimentari,restaurant,italian,40.711899,-73.9571777
way,279651105,Otis,restaurant,,40.7060345,-73.9326097
way,279655081,The Rosemont,bar,,40.7071192,-73.947434
way,279664956,Loving Hut,restaurant,international,40.7125184,-73.9411974
way,279772352,El Almacen,restaurant,argentinian,40.7168147,-73.9564401
way,279777009,Monarch,restaurant,asian,40.7159095,-73.9622524
way,279777184,St. Anselm,restaurant,american;steak_house,40.7142784,-73.9560431
way,279778320,Cafe Mogador,restaurant,,40.7197222,-73.9599473
way,279896861,Ando Patisserie,cafe,coffee_shop,40.7158254,-73.9439543
way,279921676,La Locanda,restaurant,italian,40.7178345,-73.9446959
way,280075385,BABA on Withers,bar,,40.7170163,-73.9507374
way,280075425,The Exley,bar,,40.716115,-73.9515141
way,280081156,Kestane Kebab,restaurant,,40.724094,-73.9492718
way,280081408,A Bar,bar,,40.7230448,-73.9505998
way,280081506,Vegan QuickBites by Next Stop Vegan,restaurant,,40.7250111,-73.9517264
way,280081656,Dunkin',fast_food,donut;coffee_shop,40.7240826,-73.9512388
way,280081671,Greenpoint Fish & Lobster Co,restaurant,,40.7241411,-73.9491141
way,280100302,Raizes Churrascaria,restaurant,portuguese,40.7249069,-73.9480783
way,280115144,,restaurant,,40.7272999,-73.9514893
way,280115171,Amber Steak House,restaurant,steak_house,40.7246051,-73.9490635
way,280118573,Berry Park,bar,,40.7224689,-73.9552527
way,280132272,Oxomoco,restaurant,mexican,40.7298052,-73.9554664
way,280137526,McDonald's,fast_food,burger,40.7304026,-73.9540372
way,280140756,Taku Sando,restaurant,,40.729855,-73.9596471
way,280160267,Wendy's,fast_food,burger,40.7143286,-73.9005653
way,280299784,Dunkin',fast_food,donut;coffee_shop,40.7281466,-73.9068696
way,280340462,KFC,fast_food,chicken,40.7422852,-73.907785
way,280349642,Tropical,restaurant,ecuadorian,40.7375144,-73.9295365
way,280352262,McDonald's,fast_food,burger,40.7435268,-73.9268701
way,280354482,Wendy's,fast_food,burger,40.7428404,-73.9200379
way,280354512,Chihuahua Cantina & Restaurant,restaurant,mexican,40.7423193,-73.9177658
way,280355824,White Castle,fast_food,burger,40.7430069,-73.9213363
way,280371318,The Globe Tavern,bar,,40.7459713,-73.9148497
way,280375132,Cool Beans,cafe,,40.7486058,-73.9130718
way,280375133,Donato's Restaurant & Pizza,restaurant,pizza;italian,40.7485795,-73.9130148
way,280380541,Panda Garden,restaurant,chinese,40.7456095,-73.9046719
way,280395962,Taco Bell,fast_food,tex-mex,40.7535732,-73.9017796
way,280403201,Dunkin',fast_food,donut;coffee_shop,40.7523541,-73.9152366
way,280403706,McDonald's,fast_food,burger,40.7534147,-73.9083564
way,280577029,Popeye's,fast_food,,40.7596195,-73.9188285
way,280578465,La Vecina Astoria,restaurant,colombian,40.762361,-73.9165966
way,280579177,,fast_food,,40.7654803,-73.9133497
way,280584259,Brooklyn bagel & coffee company,restaurant,,40.7646019,-73.9170563
way,280588833,Burger King,fast_food,burger,40.7694674,-73.9164707
way,280613202,Bel Aire Diner,restaurant,diner,40.7652721,-73.9312848
way,281332601,Big Alice Brewing,bar,,40.7520879,-73.9505711
way,281342549,Pumpernickel Bagel & Delicatessan,cafe,bagel,40.7472973,-73.9446394
way,281342861,Gulp,restaurant,taiwanese,40.7489917,-73.9406592
way,281342887,M. Wells Steakhouse,restaurant,,40.7483896,-73.9423543
way,281349616,Sports Bar and Billiards,bar,,40.7702996,-73.9096332
way,281355419,Truva Cafe & Grill,cafe,mediterranean,40.775065,-73.9116059
way,281355454,Los Amigos By Restaurant,restaurant,mexican,40.7744741,-73.9123699
way,281356720,Starbucks,cafe,coffee_shop,40.7757084,-73.9117233
way,284849522,Dunkin',fast_food,donut;coffee_shop,40.8043598,-73.922245
way,285900672,The Bonnefont,restaurant,,40.8607653,-73.9327596
way,312354284,The Rookery,bar,,40.7074304,-73.9224412
way,312354296,Union Pizza Works,restaurant,pizza;italian,40.7073752,-73.9224998
way,319773435,Wafels & Dinges,restaurant,dessert,40.7505003,-73.9876084
way,337839343,Ulysses',restaurant,,40.7043845,-74.0100085
way,340774615,Viva Margarita,restaurant,mexican,40.80649,-73.9927121
way,340774616,Viva Margarita,bar,,40.8064693,-73.9925594
way,370571238,Dunkin',fast_food,donut;coffee_shop,40.8039426,-74.0196857
way,377632917,Waterside Restaurant,restaurant,,40.7949164,-73.9939258
way,377645810,Molo's,restaurant,greek;mediterranean;seafood,40.7711798,-74.0134227
way,379804456,Pier i Cafe,cafe,,40.7798617,-73.9884794
way,388123075,The Snack Shack,restaurant,seafood,40.8758405,-73.9465192
way,415074615,Dairy Queen,fast_food,ice_cream;burger;chicken,40.8706739,-74.0141009
way,417593856,Green Kitchen,restaurant,,40.7674303,-73.9596352
way,451645067,Xi'an Famous Foods,fast_food,chinese;noodle,40.7510694,-73.9064412
way,454994625,Tulemia Pizza,restaurant,,40.7805641,-74.0189679
way,455247605,McDonald's,fast_food,burger,40.7850811,-74.0188182
way,455651002,Popeyes,fast_food,chicken,40.7851074,-74.0195082
way,455824088,Taco Bell,fast_food,tex-mex,40.789918,-74.0159149
way,456759381,Mi Rinconsito Colombiano,restaurant,colombian,40.7923544,-74.0140698
way,465645403,White Castle,fast_food,burger,40.8099959,-74.0013094
way,465645404,Noches De Colombia,restaurant,spanish,40.8101523,-74.0010708
way,473560431,CIPRIANI,restaurant,,40.7528722,-73.9775916
way,488317523,Charrito's Restaurant,restaurant,mexican,40.7771457,-74.0136298
way,491213356,The Springs,bar,,40.7332611,-73.9577456
way,495949645,Dong Bo Sung,restaurant,korean;chinese,40.8565574,-73.9670717
way,504045550,Pi Greek Café Bakerie,cafe,,40.7073461,-74.0084396
way,531131926,Sushi Kai Omakase - Fort Lee,restaurant,japanese,40.8511011,-73.9706026
way,531131927,Cap't Loui,restaurant,seafood,40.8510778,-73.9706854
way,547012226,Cyclo,restaurant,vietnamese,40.7456816,-73.9535274
way,552034990,,cafe,,40.8507127,-73.967373
way,552034993,So Kong Dong,restaurant,korean,40.8504866,-73.9670475
way,552034995,Napoli,restaurant,italian,40.8505658,-73.9663381
way,552035000,Mennya Sandaime,restaurant,japanese,40.8497328,-73.967716
way,562591843,The Turk's Inn,restaurant,middle_eastern,40.7056026,-73.9222841
way,584343352,Perk Kafe,cafe,coffee_shop,40.7845374,-73.947159
way,591988954,Dave & Buster's,restaurant,american,40.7565216,-73.9886418
way,591988959,Applebee's,restaurant,american,40.7565781,-73.9887779
way,628067380,McDonald's,fast_food,burger,40.8136296,-73.983776
way,650692265,Choo Choo Train,restaurant,sushi,40.8635604,-73.9869933
way,650731946,Kot Cafe,cafe,,40.8658327,-73.9853326
way,651652780,Shake Shack,fast_food,burger,40.7789188,-73.9549595
way,659924742,Burger King,fast_food,burger,40.8042362,-74.0192695
way,661614773,,restaurant,mexican,40.8032599,-74.0123117
way,664619106,Go Cups,cafe,frozen_yogurt,40.7833727,-73.9474504
way,664632831,Merrion Square Pub,bar,,40.7835603,-73.9472416
way,664941289,Bagel Shop,cafe,bagel,40.7830235,-73.950594
way,664941293,La Voglia,restaurant,italian,40.7826935,-73.9508361
way,665897391,O'Reilly's Pub,bar,pub,40.7475728,-73.9888643
way,676468878,,restaurant,american,40.8031672,-74.0059204
way,677571043,,cafe,coffee_shop,40.8020145,-74.006715
way,677571044,,restaurant,spanish,40.8020986,-74.0066471
way,702073570,JoeCoffee,cafe,,40.7534772,-73.9842892
way,702073749,LOR Porch at Bryant Park,restaurant,american,40.7538162,-73.9843174
way,726936057,,cafe,,40.7734309,-74.0119818
way,763268998,Jury Duty,bar,,40.7135782,-74.0033351
way,790870125,Dunkin' Donuts and Baskin Robbins,fast_food,donut;coffee_shop,40.8506661,-73.9856554
way,790870126,Wendy's,fast_food,burger,40.8502845,-73.9853703
way,793720071,Sweetgreen,fast_food,salad,40.7441899,-73.9728706
way,801384585,Burger King,fast_food,burger,40.8299927,-73.9800421
way,806098198,Iichiya Sushi,restaurant,japanese,40.8290451,-73.9804867
way,806195885,Pomodoro,restaurant,pizza,40.8309774,-73.9828002
way,884524432,Five Stuy Cafe,cafe,,40.7319191,-73.9789613
way,923404957,G&J's Pizzeria,restaurant,pizza,40.790323,-73.9460793
way,926954130,Seitan's Helper,cafe,sandwich,40.7041072,-73.931122
way,975290221,Beckett's Bar and Grill,restaurant,,40.7041312,-74.0103395
way,975290222,Route 66 Smokehouse,restaurant,american;barbecue,40.7040832,-74.0104091
way,975290223,Mad Dog and Beans,restaurant,mexican,40.704177,-74.0102739
way,975290224,Havana Social,bar,,40.7043432,-74.0106208
way,988038375,Taco Cina,restaurant,mexican,40.7152215,-73.9676587
way,996903168,Luke's Lobster,restaurant,seafood,40.7747138,-73.9545294
way,1037001758,Silvana,restaurant,middle_eastern,40.8044313,-73.9559025
way,1039477323,Kennedy's Chicken & Sandwiches,fast_food,chicken,40.7902913,-73.9472174
way,1112170141,Springbone,cafe,,40.7365465,-73.9903398
way,1117027348,Dunkin',fast_food,donut;coffee_shop,40.8624842,-73.987122
way,1118800534,Happy Market,fast_food,,40.8628202,-73.9865439
way,1149319923,Cha Cha Matcha,cafe,,40.7254173,-73.9948299
way,1149319925,Gasoline Alley Coffee,cafe,,40.7255061,-73.9947732
way,1176522315,Elite Williamsburg,restaurant,latin_american,40.7161678,-73.9627904
way,1180497242,,cafe,,40.7602647,-73.9750758
way,1182743758,Hex & Co,cafe,,40.7703765,-73.9537802
way,1183932080,Tacombi,restaurant,tex-mex,40.7478453,-73.9417497
way,1186021638,Pixie Scout Canteen,cafe,,40.7017551,-74.0154969
way,1186021650,Pixie Scout Canteen,cafe,,40.7025054,-74.0161
way,1187332657,McDonald's,fast_food,burger,40.8186471,-74.0015809
way,1187332670,Boulevard Buffet,restaurant,buffet,40.8156537,-74.0029003
way,1187968991,Industry Kitchen,restaurant,eclectic;pizza,40.704921,-74.0048741
way,1187969031,Cobble Fish,restaurant,seafood,40.7051819,-74.0024557
way,1280583782,Tutto A Modo Mio (Piccolo's Gastronomia Italiana),restaurant,italian,40.8244246,-73.997079
way,1318882791,Starbucks,cafe,coffee_shop,40.792721,-73.9984162
way,1340286561,Pica Pica,fast_food,latin_american,40.7070942,-73.9545373
way,1384098915,Settepani on the meer,cafe,italian;coffee_shop,40.7956995,-73.9550015
way,1498878042,Morningside Cafe,cafe,seafood;coffee_shop,40.8024228,-73.959075
way,1510441123,,bar,,40.747939,-73.9546165
way,1530254762,Brown Sugar Bar and Restaurant,restaurant,cuban,40.8698643,-73.9154155
relation,3698871,Loeb Boathouse,restaurant,,40.7753271,-73.9687665
relation,7459068,Tavern on the Green,restaurant,american,40.7721945,-73.9775654
