reporting_year,aggregate_level_citywide,aggregate_level_id,total_storefronts,median_square_feet,average_square_feet,storefront_leased_to_tenants,storefront_leased_and_not_operating_on_12_31,median_monthly_rent_per_square,average_monthly_rent_per,median_years_leased,average_years_leased,storefronts_with_leases_ending,median_years_lease_term,average_years_lease_term,number_whose_lease_is_due,storefront_reported_occupied,median_years_occupied_by,average_years_occupied_by,storefront_reported_not_leased,median_years_not_leased_and,average_years_not_leased,storefront_under_construction,median_years_for_construction,average_years_for_construction
2019,CENSUS TRACT,2.0089.00,57,850,1990,47,,3,5.38,5,7.27,36,3.13,4.18,14,*,*,*,*,*,*,0,0,0
2019,CENSUS TRACT,2.0244.00,22,950,1377,18,,2.17,2.43,1.58,3.99,*,*,*,*,*,*,*,*,*,*,0,0,0
2019,CENSUS TRACT,3.0363.00,12,886,3515,*,,*,*,*,*,*,*,*,*,0,0,0,*,*,*,0,0,0
2019,CENSUS TRACT,3.0364.00,17,2000,1881,13,,4.14,4.32,6,6.87,*,*,*,*,*,*,*,*,*,*,0,0,0
2019,CENSUS TRACT,3.0366.00,13,800,1358,12,,5.97,5.4,1,2.25,*,*,*,0,*,*,*,*,*,*,0,0,0
2019,CENSUS TRACT,3.0441.00,43,650,993,37,,3,4.5,5,6.7,28,3.25,3.57,*,*,*,*,*,*,*,0,0,0
2019,CITYWIDE,CITYWIDE,69654,1220,3032,"59,266",,4.51,10.74,8,9.16,"42,467",3.84,4.92,"12,442","4,658",1,7.87,"5,511",1,1.53,416,1.97,2.34
2019,BOROUGH,MANHATTAN,25282,1250,2959,"22,068",,9,19.51,10.01,10.97,"17,753",4.33,5.5,"4,550",869,1,9.19,"2,274",1,1.74,176,1.69,2.08
2019,BOROUGH,BRONX,9944,1031,2854,"8,721",,3,4.75,7,8.79,"6,435",3.58,4.41,"2,023",493,1,7.77,658,1,1.51,*,*,*
2019,BOROUGH,BROOKLYN,16353,1250,2938,"13,504",,3.19,5.19,5,7.73,"8,736",3.42,4.56,"2,796","1,448",1,8.55,"1,362",1,1.43,122,2.19,2.59
2019,BOROUGH,QUEENS,15075,1240,3208,"12,695",,3.67,5.88,5,8.09,"8,268",3.5,4.44,"2,649","1,369",1,7.26,980,1,1.25,77,2.11,2.57
2019,BOROUGH,STATEN ISLAND,3000,1560,3852,"2,278",,3,6.66,5,7.57,"1,275",3.42,5,424,479,1,5.28,237,1,1.29,*,*,*
2019,COUNCIL DISTRICT,1,4702,1300,2619,"4,026",,9,15.83,8.97,9.38,"3,085",3.84,5.23,906,204,1,7.83,467,1,1.47,37,1.78,2.36
2019,COUNCIL DISTRICT,2,2714,1145,2607,"2,357",,9,10.75,10.01,11.08,"1,898",4.42,5.57,464,125,1,8.17,223,1,1.32,23,1,1.63
2019,COUNCIL DISTRICT,3,4930,1600,3734,"4,253",,11,28.65,10.01,11.82,"3,552",4.67,6.1,827,161,1,10,507,1,1.55,53,1.64,1.89
2019,COUNCIL DISTRICT,4,4949,1600,3658,"4,288",,14,37.01,10.34,12.62,"3,565",4.73,5.78,833,172,1,8.73,463,1,2.11,40,2.07,2.3
2019,COUNCIL DISTRICT,5,1585,1000,2385,"1,410",,9,9.65,10.01,11.05,"1,151",4.42,5.34,309,46,1,17.04,126,1,1.72,*,*,*
2019,COUNCIL DISTRICT,6,1311,1250,3413,"1,182",,11,13.11,10.05,12.38,984,4.67,5.71,232,31,1,7.73,93,1,1.73,*,*,*
2019,COUNCIL DISTRICT,7,1192,900,2150,"1,084",,7,7.64,10,10.74,917,4.25,5.45,230,15,3,6.17,93,1,2.01,*,*,*
2019,COUNCIL DISTRICT,8,1562,1000,3122,"1,330",,4,8.21,6.08,8.46,957,3.5,4.34,310,91,2.43,8.22,123,1,1.2,12,4.81,3.97
2019,COUNCIL DISTRICT,9,1312,1100,2530,"1,154",,4,5.21,8.72,9.55,879,3.58,4.64,255,39,5.75,10.77,114,1,3.2,*,*,*
2019,COUNCIL DISTRICT,10,1789,833,1630,"1,646",,5.58,5.95,10,9.57,"1,261",3.84,4.52,356,20,1,6.03,118,1,1.68,0,0,0
2019,COUNCIL DISTRICT,11,1130,1000,2389,991,,3.25,3.81,9.46,9.82,729,4.09,4.84,200,55,1,9.46,64,1,1.76,*,*,*
2019,COUNCIL DISTRICT,12,987,1201,2996,862,,2.66,2.83,9,9.61,635,4.09,4.81,176,61,1,6.22,64,1,1.94,*,*,*
2019,COUNCIL DISTRICT,13,1108,1101,3184,912,,3,10.78,5,7.76,597,3.5,4.34,176,112,1,6.5,80,1,1.85,*,*,*
2019,COUNCIL DISTRICT,14,1178,965,2258,"1,079",,4,4.21,9,9.18,853,3.33,4.07,280,44,1,10.49,50,1,1.46,*,*,*
2019,COUNCIL DISTRICT,15,1378,1000,2351,"1,205",,3,3.64,7,8.13,865,3.42,4.21,278,63,1,10.15,103,1,1.49,*,*,*
2019,COUNCIL DISTRICT,16,892,946,2215,805,,3,4.53,7,8.58,628,3.46,4.09,217,24,1,4.31,50,1,1.34,*,*,*
2019,COUNCIL DISTRICT,17,1591,1200,3387,"1,386",,3,4.08,5.75,8.16,969,3.5,4.6,315,63,1,7.52,141,1,1.11,*,*,*
2019,COUNCIL DISTRICT,18,907,1000,3100,813,,3,3.72,9,9.4,657,3.67,4.49,207,36,1,10.32,50,1,1.83,0,0,0
2019,COUNCIL DISTRICT,19,1412,1400,3415,"1,168",,3,3.95,5.01,8.7,766,3.5,4.44,249,167,1,7.23,76,1,0.94,*,*,*
2019,COUNCIL DISTRICT,20,1717,1250,2946,"1,495",,4.75,7.17,5,6.51,941,3.09,4.01,317,105,1,6.13,116,1,1.15,*,*,*
2019,COUNCIL DISTRICT,21,1158,1142,1846,"1,015",,5,10.91,5,6.78,613,3.75,4.53,183,67,1,5.54,75,1,1.58,*,*,*
2019,COUNCIL DISTRICT,22,1418,1200,2692,"1,162",,4,4.5,6,8.77,762,4,4.93,210,164,1,8.36,91,1,1.26,13,3.69,3.28
2019,COUNCIL DISTRICT,23,690,1280,3369,593,,3.23,3.67,10,12.48,477,3.67,5.03,139,49,1,3.83,47,1,0.82,0,0,0
2019,COUNCIL DISTRICT,24,956,1100,2283,826,,4,11.32,6,8.31,544,3.25,4.32,190,70,1,7.5,58,1,1.2,*,*,*
2019,COUNCIL DISTRICT,25,982,980,2297,865,,5,5.81,5.54,8.22,592,3.16,4.15,190,66,1,10.94,50,1,1.28,*,*,*
2019,COUNCIL DISTRICT,26,1745,1537,4746,"1,431",,3.5,4.8,5,7.49,919,3.67,4.51,273,171,1,7.1,142,1,1.43,17,1.98,2.6
2019,COUNCIL DISTRICT,27,807,1420,4304,675,,3,5.87,5,7.85,417,3.25,4.67,138,74,1,6.77,56,1,1.18,*,*,*
2019,COUNCIL DISTRICT,28,544,1200,2311,433,,3,3.03,3,6.56,226,2.63,4.28,90,81,1,7.64,29,1,1.44,*,*,*
2019,COUNCIL DISTRICT,29,1220,1200,2963,"1,092",,4,4.46,10,10.18,812,3.94,4.55,242,69,1,5.49,57,1,1.69,*,*,*
2019,COUNCIL DISTRICT,30,833,1340,4690,659,,2.5,3.19,5,7.44,419,3.09,4.18,152,120,1,8.89,54,1,0.86,*,*,*
2019,COUNCIL DISTRICT,31,573,1319,3800,456,,2,2.59,4,7.37,277,2.67,3.88,116,43,1,3.91,58,1,1.41,*,*,*
2019,COUNCIL DISTRICT,32,704,1450,3291,563,,3,9.16,5,7.47,343,3.84,4.7,103,88,1,8.56,52,1,1.08,*,*,*
2019,COUNCIL DISTRICT,33,1970,1573,3756,"1,622",,4.67,6.36,9.22,9.31,"1,137",4.25,5.49,317,157,1,7.62,177,1,1.63,29,1.59,2.59
2019,CENSUS TRACT,2.0405.02,14,663,969,12,,4.46,4.36,7,6.42,*,*,*,*,*,*,*,*,*,*,0,0,0
2019,COUNCIL DISTRICT,34,1613,1334,2897,"1,342",,3.43,8.86,5.09,7.25,929,3.42,4.41,311,130,1,6.6,139,1,1.43,*,*,*
2019,COUNCIL DISTRICT,35,836,1163,3537,655,,4,5.38,7,8.62,509,3.25,4.58,181,64,1,5.96,117,1,1.82,20,2.84,2.92
2019,COUNCIL DISTRICT,36,736,1050,1904,585,,3,3.45,5.08,7.22,413,3.67,4.74,119,57,1,11.66,93,1,1.18,*,*,*
2019,COUNCIL DISTRICT,37,747,1200,2336,630,,3,6.13,5.54,7.37,431,3.5,4.52,136,61,1,6.71,56,1,1.5,*,*,*
2019,COUNCIL DISTRICT,38,1532,1500,3470,"1,205",,3,4.62,3,5.46,636,3.25,4.15,199,187,1,7.87,137,1,1.29,*,*,*
2019,COUNCIL DISTRICT,39,1283,1115,2600,"1,054",,4,4.87,5,7.83,675,3.25,4.51,225,112,1,9.83,114,1,1.25,17,1.33,1.47
2019,COUNCIL DISTRICT,40,829,950,2111,734,,4,6.61,6.38,8.75,536,3.16,4.3,178,23,1,5.72,72,1,1.47,*,*,*
2019,COUNCIL DISTRICT,41,767,1100,2303,646,,3,4.59,7,8.74,482,3.58,4.48,152,64,1,7.37,57,1,1.59,*,*,*
2019,COUNCIL DISTRICT,42,555,1800,5743,463,,3,3.64,5.33,8.26,321,3.09,4.58,104,52,1,4.89,39,1,1.3,*,*,*
2019,COUNCIL DISTRICT,43,1122,1200,2681,937,,3.37,4.2,5,7.05,528,3.16,4.4,190,119,1,9.54,63,1,1.43,*,*,*
2019,COUNCIL DISTRICT,44,998,1100,2313,838,,3,3.49,5.58,8.57,513,3.25,4.19,181,121,1,10.78,39,1,1.47,*,*,*
2019,COUNCIL DISTRICT,45,750,1304,3645,594,,2.83,3.13,5,6.98,352,3.33,4.01,120,96,1,7.86,59,1,1.3,*,*,*
2019,COUNCIL DISTRICT,46,706,1500,2832,586,,2.66,2.88,5,8.81,363,3.42,4.4,117,62,3.28,11.3,54,1,1.49,*,*,*
2019,COUNCIL DISTRICT,47,938,1225,2366,792,,3,3.56,4.47,6.63,425,3,4.28,139,89,1,13.32,54,1,1.74,*,*,*
2019,COUNCIL DISTRICT,48,1267,1208,2193,"1,071",,4,5.14,5,7.22,634,3.5,4.43,183,88,1,6.59,104,1,1.02,*,*,*
2019,COUNCIL DISTRICT,49,1002,1540,3427,737,,2.33,3.29,4.74,6.69,427,3,4.44,167,182,1,5.22,82,1,1.09,*,*,*
2019,COUNCIL DISTRICT,50,1023,1497,3380,761,,3,3.78,3.8,7.23,383,3.84,5.3,116,155,1,5.96,106,1,1.51,0,0,0
2019,COUNCIL DISTRICT,51,975,1750,4783,780,,4,12.56,5.02,8.74,465,3.5,5.27,141,142,1,4.63,49,1,1.16,*,*,*
2019,CENSUS TRACT,1.0002.01,12,784,941,10,,7.5,10.1,10.04,11.16,*,*,*,*,*,*,*,*,*,*,0,0,0
2019,CENSUS TRACT,1.0006.00,89,750,946,76,,6.06,10.37,5.46,7.76,53,2.75,3.76,23,*,*,*,*,*,*,*,*,*
2019,CENSUS TRACT,1.0007.00,114,2530,7109,90,,8,12.15,15.01,14.32,86,7.05,7.75,10,*,*,*,*,*,*,*,*,*
2019,CENSUS TRACT,1.0008.00,214,630,1087,157,,5,11.67,3.33,5.14,89,2,3.23,43,*,*,*,*,*,*,*,*,*
2019,CENSUS TRACT,1.0009.00,121,2134,4773,114,,9.82,18.71,12.14,15.41,107,6.67,7.4,15,*,*,*,*,*,*,*,*,*
2019,CENSUS TRACT,1.0012.00,10,978,1781,*,,*,*,*,*,*,*,*,*,0,0,0,*,*,*,0,0,0
2019,CENSUS TRACT,1.0013.00,105,2300,4402,88,,10,17.08,10.26,11.81,74,6.29,6.51,18,*,*,*,*,*,*,*,*,*
2019,CENSUS TRACT,1.0014.01,29,900,1994,29,,8,7.1,12.01,14.19,29,3.67,4.27,5,0,0,0,0,0,0,0,0,0
2019,CENSUS TRACT,1.0014.02,58,600,1758,53,,6,15.03,5,6.44,31,4.92,5.79,*,*,*,*,*,*,*,0,0,0
2019,CENSUS TRACT,1.0015.01,112,1465,3092,94,,9.92,21.94,10.34,11.38,69,4.42,6.03,15,*,*,*,*,*,*,*,*,*
2019,CENSUS TRACT,1.0015.02,201,1400,3130,177,,11,15.57,10.01,11.85,140,4.84,6.19,31,*,*,*,*,*,*,*,*,*
2019,CENSUS TRACT,1.0016.00,326,885,1394,289,,6.16,13.45,5,6.27,208,2.5,3.02,83,10,1,6.55,27,1,1.12,0,0,0
2019,CENSUS TRACT,1.0018.00,327,1000,1620,275,,8,12.85,6.74,7.66,222,3.75,4.25,74,18,1,5.75,34,1,1.17,*,*,*
2019,CENSUS TRACT,1.0021.00,186,1722,4025,163,,12,15.11,10.08,12.02,125,5.5,6.85,29,*,*,*,*,*,*,0,0,0
2019,CENSUS TRACT,1.0022.01,56,734,974,46,,6,6.69,7,9.89,37,4.25,6.15,*,*,*,*,*,*,*,0,0,0
2019,CENSUS TRACT,1.0022.02,25,1000,1885,20,,7,6.84,8.48,10.43,16,4.42,5.43,*,*,*,*,*,*,*,0,0,0
2019,CENSUS TRACT,1.0026.01,29,800,1883,27,,5,6.2,7,10.04,22,2.42,4.31,11,*,*,*,*,*,*,0,0,0
2019,CENSUS TRACT,1.0026.02,47,783,1967,42,,6,8.79,5,9.23,29,1.25,4.58,14,*,*,*,*,*,*,*,*,*
2019,CENSUS TRACT,1.0027.00,42,950,1787,40,,6,11.75,5.21,6.35,38,3.79,3.88,15,*,*,*,*,*,*,0,0,0
2019,CENSUS TRACT,1.0028.00,44,946,1482,38,,5.9,8.81,10.01,9.76,29,5.17,5.81,*,*,*,*,*,*,*,*,*,*
2019,CENSUS TRACT,1.0029.00,323,900,1463,291,,8,13.37,5,6.57,227,2.75,3.32,88,12,6.13,9.12,20,1,1.35,0,0,0
2019,CENSUS TRACT,1.0030.01,185,800,1248,154,,9,14.73,5,7.06,113,3.29,4.23,34,*,*,*,*,*,*,*,*,*
2019,CENSUS TRACT,1.0030.02,79,1070,1376,64,,8.46,10.74,6.84,7.99,44,3.58,4.51,10,*,*,*,*,*,*,*,*,*
2019,CENSUS TRACT,1.0031.00,91,1850,4048,76,,10,14.2,6.42,8.46,54,4.58,5.18,17,*,*,*,*,*,*,*,*,*
2019,CENSUS TRACT,3.0198.00,14,1650,2591,10,,2,2.6,5,5.96,*,*,*,*,*,*,*,*,*,*,0,0,0
2019,CENSUS TRACT,1.0032.00,165,800,1067,143,,9,10.65,7.96,8.65,109,4.62,4.85,28,*,*,*,*,*,*,0,0,0
2019,CENSUS TRACT,1.0033.00,250,2201,3471,221,,8,13.4,10.01,12.42,159,5.17,7.08,41,11,1,5.25,16,1,1.41,*,*,*
2019,CENSUS TRACT,1.0034.00,153,650,1026,142,,8.5,11.48,10,10.18,119,3.33,5.15,33,*,*,*,*,*,*,0,0,0
2019,CENSUS TRACT,1.0036.01,54,1000,2887,46,,7,17.98,5.92,7.38,26,3.33,4.02,*,*,*,*,*,*,*,0,0,0
2019,CENSUS TRACT,1.0036.02,45,875,1482,38,,6.5,8.65,9.47,9.04,33,3,4.12,10,*,*,*,*,*,*,0,0,0
2019,CENSUS TRACT,1.0037.00,129,2414,5690,103,,6.52,20.97,10.21,11.48,90,6.75,6.59,11,*,*,*,*,*,*,*,*,*
2019,CENSUS TRACT,1.0038.00,314,800,1141,296,,8.52,10.09,8.84,9.05,215,4.33,4.92,52,*,*,*,*,*,*,0,0,0
2019,CENSUS TRACT,1.0039.00,120,2206,3241,84,,7,15.37,10.05,12.53,72,4,5.86,20,14,1,6.38,22,1,0.93,0,0,0
2019,CENSUS TRACT,1.0040.00,178,874,1225,161,,10,11.05,10,9.88,136,3.92,4.73,44,*,*,*,*,*,*,0,0,0
2019,CENSUS TRACT,1.0041.00,386,995,1722,337,,11,18.34,6,7.17,247,3.33,4.09,83,19,5,8.96,30,1,2.03,*,*,*
2019,CENSUS TRACT,1.0042.00,72,1528,4901,66,,11.44,12.79,10.35,11.88,52,6.46,6.44,*,*,*,*,*,*,*,0,0,0
2019,CENSUS TRACT,1.0043.00,224,1004,2489,196,,15,17.32,5,7.32,158,2.71,3.82,56,*,*,*,*,*,*,*,*,*
2019,CENSUS TRACT,1.0044.00,24,2177,3885,22,,8,7.91,10.64,11.02,0,0,0,0,*,*,*,*,*,*,0,0,0
2019,CENSUS TRACT,1.0045.00,175,2040,3086,152,,11,15.27,8.67,8.93,123,3.42,4.96,38,*,*,*,*,*,*,*,*,*
2019,CENSUS TRACT,1.0047.00,204,1942,3330,169,,12,24.15,9.01,9.46,124,3.88,5.47,26,21,1,8.02,12,1,0.94,0,0,0
2019,CENSUS TRACT,1.0048.00,100,900,1624,86,,8,8.84,8.06,9.65,65,2.33,4.44,29,*,*,*,*,*,*,0,0,0
2019,CENSUS TRACT,1.0049.00,334,2000,2955,272,,17,29.26,10,11.77,200,4.75,8.2,46,29,1.66,15.63,33,1,0.73,*,*,*
2019,CENSUS TRACT,1.0050.00,87,1500,3369,80,,9,10.44,10.55,13.79,67,5.01,5.93,11,*,*,*,*,*,*,*,*,*
2019,CENSUS TRACT,1.0052.00,154,3300,6302,129,,12,14.04,10.51,12.73,103,4.67,6.54,21,*,*,*,*,*,*,*,*,*
2019,CENSUS TRACT,1.0054.00,177,2750,5267,153,,9,17.72,10.36,13.44,121,5.13,7.46,26,*,*,*,*,*,*,*,*,*
2019,CENSUS TRACT,1.0055.01,35,2000,3304,28,,15.33,24.59,13.17,15,24,7.09,6.71,*,*,*,*,*,*,*,0,0,0
2019,CENSUS TRACT,1.0055.02,119,2160,3435,99,,12,18.45,9.97,10.08,80,3.25,5.89,26,*,*,*,*,*,*,*,*,*
2019,CENSUS TRACT,1.0056.00,108,2428,4420,97,,10.75,13.28,11.59,14.55,88,6.33,6.53,22,*,*,*,*,*,*,0,0,0
2019,CENSUS TRACT,1.0057.00,65,2000,5458,55,,13.44,12.84,10.47,13.18,44,5.17,5.93,13,*,*,*,*,*,*,0,0,0
2019,CENSUS TRACT,1.0058.00,222,2424,4906,191,,9.72,33.01,10.09,10.88,172,4.79,5.66,37,*,*,*,*,*,*,*,*,*
2019,CENSUS TRACT,1.0059.00,77,1359,2857,61,,11,12.31,10.26,14.31,55,5.42,5.26,8,*,*,*,*,*,*,0,0,0
2019,CENSUS TRACT,1.0061.00,144,2335,4991,107,,9.42,12.6,10.34,13.16,84,5.88,6.83,15,22,1,7.41,15,0.33,0.76,*,*,*
2019,CENSUS TRACT,1.0063.00,166,1500,2486,146,,11,34.18,10.01,11.73,112,4.54,6.06,29,*,*,*,*,*,*,*,*,*
2019,CENSUS TRACT,1.0064.00,109,1025,1994,91,,8,9.97,10,10.55,75,4.59,4.82,21,*,*,*,*,*,*,*,*,*
2019,CENSUS TRACT,1.0065.00,225,1077,1425,200,,12.84,22.31,10.01,11,155,5.25,6.07,34,10,8,11.01,15,1,1.14,0,0,0
2019,CENSUS TRACT,1.0066.00,94,980,2138,79,,9,11.84,10,10.38,58,4.61,6.08,11,*,*,*,*,*,*,*,*,*
2019,CENSUS TRACT,1.0067.00,176,982,1448,159,,13,33.23,10.01,11.49,118,5.67,6.53,18,*,*,*,*,*,*,0,0,0
2019,CENSUS TRACT,1.0068.00,159,1322,2659,141,,9,10.76,10.05,13.42,124,4.41,6.83,23,*,*,*,*,*,*,*,*,*
2019,CENSUS TRACT,1.0069.00,31,5200,6534,28,,6,7.82,13.18,15.09,26,6.01,5.6,*,*,*,*,*,*,*,0,0,0
2019,CENSUS TRACT,1.0070.00,111,1100,2499,98,,10,9.93,10.01,11,76,4.5,5.05,15,*,*,*,*,*,*,*,*,*
2019,CENSUS TRACT,1.0071.00,172,1150,1773,152,,10,23.6,9.97,9.56,116,3.63,4.74,34,*,*,*,*,*,*,0,0,0
2019,CENSUS TRACT,1.0072.00,139,1400,3378,127,,8,9.31,10.09,12.11,100,5.01,5.73,20,*,*,*,*,*,*,*,*,*
2019,CENSUS TRACT,1.0073.00,199,709,1213,177,,18.83,40.64,10,9.66,153,3.5,4.24,52,*,*,*,*,*,*,*,*,*
2019,CENSUS TRACT,1.0074.00,217,2000,4040,186,,9,26.56,10.54,13.29,168,5.54,6.7,35,*,*,*,*,*,*,*,*,*
2019,CENSUS TRACT,1.0075.00,52,1000,2656,45,,13,32.43,10,9.73,30,4.91,4.75,*,*,*,*,*,*,*,0,0,0
2019,CENSUS TRACT,1.0076.00,287,1755,3346,242,,12,39.01,10,9.69,206,3.79,4.92,58,11,4,10.12,33,1,1.09,*,*,*
2019,CENSUS TRACT,1.0077.00,129,767,1282,118,,15,34.02,10.01,10.46,97,5.09,5.17,26,*,*,*,*,*,*,*,*,*
2019,CENSUS TRACT,1.0078.00,94,1080,1739,75,,8.49,12.13,10.01,12.64,65,4.67,4.95,16,*,*,*,*,*,*,*,*,*
2019,CENSUS TRACT,1.0079.00,106,2500,5348,86,,12.5,25.07,10.01,8.95,64,5.48,5.87,13,*,*,*,*,*,*,*,*,*
2019,CENSUS TRACT,1.0080.00,138,1200,2901,119,,8,16.62,12.05,14.44,107,5.59,6.01,19,*,*,*,*,*,*,*,*,*
2019,CENSUS TRACT,1.0081.00,142,1680,3738,129,,11,21.08,10.05,11.28,112,4.38,5.04,24,*,*,*,*,*,*,0,0,0
2019,CENSUS TRACT,1.0082.00,180,2400,3658,156,,11.8,31.4,10.57,12.74,142,5.17,5.7,33,*,*,*,*,*,*,*,*,*
2019,CENSUS TRACT,1.0083.00,118,1441,3221,104,,14,17.35,10,9.6,96,3.17,4.84,32,*,*,*,*,*,*,0,0,0
2019,CENSUS TRACT,1.0084.00,155,2200,3185,132,,7,29.66,10.04,10.65,116,5.05,5.97,28,10,1,3.09,11,1,1.18,*,*,*
2019,CENSUS TRACT,1.0086.03,30,909,1798,22,,9,23.68,7.82,10.31,18,3.16,3.59,*,*,*,*,*,*,*,0,0,0
2019,CENSUS TRACT,1.0087.00,139,1235,3401,128,,10,17.1,10.01,11.57,114,4.75,5.35,24,*,*,*,*,*,*,*,*,*
2019,CENSUS TRACT,1.0088.00,105,1700,3473,95,,13,54.34,10.59,13.81,74,4.96,6.24,21,*,*,*,*,*,*,*,*,*
2019,CENSUS TRACT,1.0089.00,40,1829,2485,36,,10.84,30.47,10.01,12.15,33,4.92,5.68,*,*,*,*,*,*,*,*,*,*
2019,CENSUS TRACT,1.0090.00,124,1400,3521,109,,11,18,10.01,13.49,92,4.17,4.81,27,*,*,*,*,*,*,*,*,*
2019,CENSUS TRACT,1.0091.00,220,1710,3621,187,,10,17.25,10,10.83,144,4.67,5.34,36,13,1,1.66,20,1,1.05,0,0,0
2019,CENSUS TRACT,1.0092.00,168,1922,4252,141,,16,21.25,14.77,16.3,132,5.34,6.38,22,*,*,*,*,*,*,*,*,*
2019,CENSUS TRACT,1.0093.00,85,1280,2453,80,,9,11.12,10.01,10.75,70,4.21,5.17,15,*,*,*,*,*,*,0,0,0
2019,CENSUS TRACT,1.0094.00,144,2336,6174,133,,16,44.12,10.48,13.69,114,4.88,6.28,22,*,*,*,*,*,*,*,*,*
2019,CENSUS TRACT,1.0095.00,258,2064,3255,221,,7,15.24,10,14.39,180,4.59,9.56,49,11,1,3.72,26,1,1.34,*,*,*
2019,CENSUS TRACT,1.0096.00,392,1245,2427,352,,24.5,50.62,7.89,9.96,250,4.17,5.73,72,10,6.99,12.25,26,1,1.24,*,*,*
2019,CENSUS TRACT,1.0098.00,182,1500,2274,153,,11,23.48,10.25,12,129,5.25,5.88,19,*,*,*,*,*,*,*,*,*
2019,CENSUS TRACT,1.0099.00,244,2798,6126,197,,7,17.76,10.04,10.13,165,4.84,6.46,33,*,*,*,*,*,*,*,*,*
2019,CENSUS TRACT,1.0100.00,173,1610,3710,151,,14.46,43.1,13.01,14.07,130,4.88,5.77,27,0,0,0,22,1.12,3.12,*,*,*
2019,CENSUS TRACT,1.0101.00,180,2453,5479,162,,10,24.39,10.49,12.69,130,4.75,5.9,27,*,*,*,*,*,*,*,*,*
2019,CENSUS TRACT,1.0102.00,166,2590,7871,147,,21.59,68.79,15.34,16.08,129,6.09,6.83,23,*,*,*,*,*,*,*,*,*
2019,CENSUS TRACT,1.0103.00,62,2095,9013,44,,9,39.5,12.6,13.3,38,6.21,7.44,6,0,0,0,18,1,1.64,*,*,*
2019,CENSUS TRACT,1.0104.00,223,2087,6473,196,,14.99,29.22,13.42,15.46,181,5.42,6.83,41,12,12.09,12.48,15,1,3.05,*,*,*
2019,CENSUS TRACT,3.0116.00,12,1200,1874,*,,*,*,*,*,*,*,*,0,*,*,*,*,*,*,0,0,0
2019,CENSUS TRACT,1.0106.01,44,987,1511,41,,12,11.88,10.92,13.72,36,5.5,5.98,*,*,*,*,*,*,*,0,0,0
2019,CENSUS TRACT,1.0106.02,37,1290,1721,32,,10,9.2,10.01,9.83,27,4.34,4.14,10,*,*,*,*,*,*,0,0,0
2019,CENSUS TRACT,1.0108.00,191,1200,3628,162,,9,12.14,10.01,11.39,126,4.38,5.9,25,*,*,*,*,*,*,*,*,*
2019,CENSUS TRACT,1.0109.00,339,2032,3734,296,,8.33,27.84,10.31,12.58,268,4.59,5.55,70,*,*,*,*,*,*,*,*,*
2019,CENSUS TRACT,1.0110.00,197,1200,2485,158,,10.07,33.47,10.01,10.96,139,4.5,5,27,13,8.15,14.26,24,1,0.92,0,0,0
2019,CENSUS TRACT,1.0111.00,133,1980,3206,102,,7.92,29.52,10.01,11.28,86,4.84,5.97,18,*,*,*,*,*,*,*,*,*
2019,CENSUS TRACT,1.0112.01,87,1941,6262,72,,17.5,72.24,10.01,12.81,58,4.54,5.93,17,*,*,*,*,*,*,*,*,*
2019,CENSUS TRACT,1.0112.02,92,2993,7098,76,,28,40.46,10.55,12.85,73,5.33,5.99,14,*,*,*,*,*,*,0,0,0
2019,CENSUS TRACT,1.0112.03,118,2300,4012,103,,12.47,28.92,12.42,14.45,92,4.96,6.35,28,0,0,0,15,0.16,2.39,0,0,0
2019,CENSUS TRACT,1.0113.00,250,2076,5272,207,,15,32.68,10.51,12.69,169,5.75,6.48,27,*,*,*,*,*,*,*,*,*
2019,CENSUS TRACT,1.0114.01,88,2628,8137,73,,20.87,33.09,10.59,12.24,66,4.17,4.98,19,*,*,*,*,*,*,*,*,*
2019,CENSUS TRACT,1.0114.02,126,1118,2669,111,,12,19.51,10.08,12.13,91,3.92,5.04,17,*,*,*,*,*,*,0,0,0
2019,CENSUS TRACT,1.0115.00,101,1300,3219,79,,9,18.38,10,10.5,64,4.54,6.39,17,*,*,*,*,*,*,*,*,*
2019,CENSUS TRACT,1.0116.00,24,640,3507,19,,11,12.51,1,4.85,*,*,*,*,*,*,*,*,*,*,0,0,0
2019,CENSUS TRACT,1.0117.00,16,1808,14948,14,,2,2.97,10.35,40.57,12,9.21,39.94,*,*,*,*,*,*,*,0,0,0
2019,CENSUS TRACT,1.0118.00,116,972,2336,95,,12,41.65,10.18,12.49,74,3.42,4.8,21,*,*,*,*,*,*,0,0,0
2019,CENSUS TRACT,1.0119.00,133,3211,8795,118,,20,77.77,10,11.46,71,4.6,6.25,16,*,*,*,*,*,*,*,*,*
2019,CENSUS TRACT,1.0120.00,84,1200,2174,74,,12,31.06,10.12,12.69,61,5.09,5.86,10,*,*,*,*,*,*,*,*,*
2019,CENSUS TRACT,1.0121.00,149,1215,2285,135,,13,28.2,10.45,13.38,118,5.29,5.94,21,*,*,*,*,*,*,*,*,*
2019,CENSUS TRACT,1.0122.00,144,1500,2390,111,,21.83,44.74,10.01,12.2,100,3.29,4.26,36,12,1,16.34,21,1,2.12,*,*,*
2019,CENSUS TRACT,1.0124.00,69,1085,3442,63,,10.66,11.46,10.42,14.47,53,5.01,7.02,11,*,*,*,*,*,*,0,0,0
2019,CENSUS TRACT,1.0125.00,130,2104,3854,120,,19,52.72,14.01,15.25,102,6.38,7.05,16,*,*,*,*,*,*,*,*,*
2019,CENSUS TRACT,1.0126.00,137,1000,2023,121,,11,24.49,10,11.21,94,4.63,6.07,24,*,*,*,*,*,*,0,0,0
2019,CENSUS TRACT,1.0127.00,188,1108,1599,166,,12,35.47,10.01,12.49,150,4.67,5.22,40,*,*,*,*,*,*,*,*,*
2019,CENSUS TRACT,1.0128.00,138,1200,2554,121,,13.03,19.59,10.01,10.65,88,3.71,4.95,25,*,*,*,*,*,*,0,0,0
2019,CENSUS TRACT,1.0129.00,90,1605,7195,72,,7,25.14,10.01,12.3,68,3.63,6.31,16,*,*,*,*,*,*,0,0,0
2019,CENSUS TRACT,1.0130.00,117,1625,2773,103,,29,37.79,10.34,12.49,91,4.42,5.2,20,*,*,*,*,*,*,0,0,0
2019,CENSUS TRACT,1.0131.00,143,1923,5130,119,,14,34.76,12.01,13.72,108,5.52,5.84,20,*,*,*,*,*,*,*,*,*
2019,CENSUS TRACT,1.0132.00,91,833,1570,83,,9,9.66,10,9.84,71,4.59,5.27,20,*,*,*,*,*,*,0,0,0
2019,CENSUS TRACT,1.0133.00,134,878,1491,115,,17,61.32,10,9.13,85,5.09,5.56,19,*,*,*,*,*,*,0,0,0
2019,CENSUS TRACT,1.0134.00,171,1043,1899,158,,9,15.63,10,10.31,121,4.33,4.97,35,*,*,*,*,*,*,0,0,0
2019,CENSUS TRACT,1.0135.00,74,2526,8509,68,,7.08,16.21,14.01,16,48,7.86,11.87,*,*,*,*,*,*,*,0,0,0
2019,CENSUS TRACT,1.0136.00,84,800,1786,79,,8,8.59,9.84,9.07,60,3.17,4.02,23,*,*,*,*,*,*,0,0,0
2019,CENSUS TRACT,1.0137.00,199,1800,3697,171,,16,39.44,11,13.98,143,5.2,6.22,29,*,*,*,*,*,*,*,*,*
2019,CENSUS TRACT,1.0138.00,162,757,1706,142,,9.42,9.85,10,10.17,115,3.92,4.21,40,*,*,*,*,*,*,0,0,0
2019,CENSUS TRACT,1.0139.00,138,1100,2810,123,,14,45.13,10.27,14.05,102,4.21,7.02,21,*,*,*,*,*,*,0,0,0
2019,CENSUS TRACT,1.0140.00,182,800,1392,173,,16,31.51,10.09,13.82,155,4.67,5.65,47,*,*,*,*,*,*,0,0,0
2019,CENSUS TRACT,1.0142.00,111,1013,1933,102,,20,32.42,10,12.12,82,3.42,6.49,24,*,*,*,*,*,*,0,0,0
2019,CENSUS TRACT,1.0144.01,32,1300,1758,30,,5.37,7.18,6,9.97,20,4.75,4.82,*,*,*,*,*,*,*,0,0,0
2019,CENSUS TRACT,1.0144.02,44,916,1271,35,,9,9.15,10,11.32,32,4.5,4.7,*,*,*,*,*,*,*,0,0,0
2019,CENSUS TRACT,1.0145.00,42,3861,6428,39,,15.5,29.29,15.08,14.04,33,4.17,4.71,*,*,*,*,*,*,*,0,0,0
2019,CENSUS TRACT,1.0146.01,95,1575,2893,82,,8.26,9.69,10.14,13.25,75,5.09,5.58,19,*,*,*,*,*,*,0,0,0
2019,CENSUS TRACT,1.0146.02,74,1500,3538,65,,8.71,9.24,11.42,12.21,52,4.42,5.72,*,*,*,*,*,*,*,0,0,0
2019,CENSUS TRACT,1.0147.00,14,1657,2459,11,,5.3,6.9,10.01,11.77,10,5.76,6.59,*,*,*,*,*,*,*,0,0,0
2019,CENSUS TRACT,1.0148.01,50,1480,2836,46,,13,18.04,10.01,10.02,28,6.09,7.43,*,*,*,*,*,*,*,0,0,0
2019,CENSUS TRACT,3.0326.00,19,1100,2522,16,,2.27,2.64,1,4.5,*,*,*,0,*,*,*,*,*,*,0,0,0
2019,CENSUS TRACT,1.0148.02,116,949,2226,103,,11,14.57,10.01,12.92,84,4.33,5.34,21,*,*,*,*,*,*,*,*,*
2019,CENSUS TRACT,1.0149.00,37,3100,6599,34,,11,13.52,15.01,16.19,34,4.16,5.69,12,*,*,*,*,*,*,0,0,0
2019,CENSUS TRACT,1.0150.01,35,1238,2331,32,,14.5,18.65,10.01,11.85,23,3,7.34,*,*,*,*,*,*,*,0,0,0
2019,CENSUS TRACT,1.0150.02,61,1000,1481,56,,20.5,30.52,10.01,11.11,54,4.17,5.1,17,*,*,*,*,*,*,0,0,0
2019,CENSUS TRACT,1.0151.00,43,2238,7106,34,,5.41,5.69,10.03,9.17,24,7.8,7.33,*,*,*,*,*,*,*,0,0,0
2019,CENSUS TRACT,1.0152.00,39,1000,1751,34,,6.88,7.01,10.01,11.34,32,5.17,5.4,*,*,*,*,*,*,*,0,0,0
2019,CENSUS TRACT,1.0153.00,105,1250,3279,96,,12.5,15.87,10.34,12.22,81,4,5.67,22,*,*,*,*,*,*,0,0,0
2019,CENSUS TRACT,1.0154.00,116,1500,2862,103,,6.61,6.96,10.01,9.95,90,3.42,4.99,32,*,*,*,*,*,*,0,0,0
2019,CENSUS TRACT,1.0155.00,36,2326,5518,33,,6,8.66,14.34,12.49,29,4,5.5,*,*,*,*,*,*,*,0,0,0
2019,CENSUS TRACT,1.0156.01,29,1500,4499,25,,5,5.54,9.76,9.31,19,3.67,4.85,*,*,*,*,*,*,*,0,0,0
2019,CENSUS TRACT,1.0157.00,169,1000,1578,157,,14,16.38,10.05,13.65,144,4.96,5.69,30,*,*,*,*,*,*,0,0,0
2019,CENSUS TRACT,1.0158.01,58,914,1270,48,,9.83,9.55,10,9.8,43,4.5,5.29,9,0,0,0,10,1,1.31,0,0,0
2019,CENSUS TRACT,1.0158.02,30,750,2217,29,,8,8.25,10,10.11,21,4.67,5.55,*,*,*,*,*,*,*,0,0,0
2019,CENSUS TRACT,1.0159.00,55,1500,4042,49,,9,10.66,7,11.09,27,3.33,4.88,11,*,*,*,*,*,*,0,0,0
2019,CENSUS TRACT,1.0160.01,29,1000,1181,24,,16.1,20.72,10.04,11.44,24,3.54,4.23,*,*,*,*,*,*,*,0,0,0
2019,CENSUS TRACT,1.0160.02,18,1307,1860,18,,8.21,10.73,12.01,16.03,16,4.63,6.13,3,0,0,0,0,0,0,0,0,0
2019,CENSUS TRACT,1.0161.00,57,1200,1945,50,,15.58,16.7,10.25,11.81,39,4.33,5.15,*,*,*,*,*,*,*,0,0,0
2019,CENSUS TRACT,1.0162.00,18,2058,4668,18,,2.06,2.4,14.8,13.89,14,4,5.55,3,0,0,0,0,0,0,0,0,0
2019,CENSUS TRACT,1.0163.00,53,2000,5353,44,,13.29,14.4,10.45,12.85,35,4.33,6.16,*,*,*,*,*,*,*,*,*,*
2019,CENSUS TRACT,1.0164.00,17,739,3286,16,,4.5,4.43,10,9.65,14,6.42,6.74,2,0,0,0,0,0,0,0,0,0
2019,CENSUS TRACT,1.0165.00,60,1000,8858,58,,10.09,11.52,10.01,11.51,48,4.63,5.17,*,*,*,*,*,*,*,0,0,0
2019,CENSUS TRACT,1.0166.00,90,720,1593,68,,4,5.93,8.96,8.72,52,3.42,4.9,16,*,*,*,*,*,*,0,0,0
2019,CENSUS TRACT,1.0167.00,122,884,2037,104,,13,14.98,10.01,11.61,82,4.63,5.13,20,*,*,*,*,*,*,*,*,*
2019,CENSUS TRACT,1.0169.00,108,950,2187,103,,11,12.41,9.96,9.82,90,3.33,4.44,31,*,*,*,*,*,*,0,0,0
2019,CENSUS TRACT,1.0170.00,77,1000,2036,66,,5,9.82,1,7.4,28,4.92,5.81,*,*,*,*,*,*,*,*,*,*
2019,CENSUS TRACT,1.0171.00,59,1286,2799,51,,13,14.4,10.08,14.83,49,3.75,5.01,19,*,*,*,*,*,*,0,0,0
2019,CENSUS TRACT,1.0172.00,129,1000,1488,112,,4,10.2,5.44,8.55,79,2.09,3.5,41,*,*,*,*,*,*,0,0,0
2019,CENSUS TRACT,1.0173.00,47,1300,2319,45,,8.02,9.59,10.01,11.03,37,6.01,6.29,*,*,*,*,*,*,*,0,0,0
2019,CENSUS TRACT,1.0174.01,15,1344,1532,14,,4,5.43,7.08,6.31,*,*,*,0,*,*,*,*,*,*,0,0,0
2019,CENSUS TRACT,1.0174.02,19,1597,2979,17,,4,3.63,9.67,9.1,12,3.33,2.85,*,*,*,*,*,*,*,0,0,0
2019,CENSUS TRACT,1.0175.00,59,1200,2723,52,,10.88,12.86,12.02,15.14,48,5.88,6.88,*,*,*,*,*,*,*,0,0,0
2019,CENSUS TRACT,1.0177.00,34,1760,4843,32,,7.5,6.87,14.63,13.83,29,9.09,7.38,*,*,*,*,*,*,*,0,0,0
2019,CENSUS TRACT,1.0178.00,57,800,6364,41,,4,7.08,5,8.59,34,3.37,5.4,12,*,*,*,*,*,*,0,0,0
2019,CENSUS TRACT,1.0179.00,63,1070,2310,58,,11,12.36,10.01,11.14,44,5.09,6.69,10,*,*,*,*,*,*,0,0,0
2019,CENSUS TRACT,1.0180.00,62,856,1306,52,,4,17.83,5,6.22,35,4.25,5.19,*,*,*,*,*,*,*,0,0,0
2019,CENSUS TRACT,1.0181.00,38,2028,2951,32,,9,9.77,10.04,9.63,25,3.84,4.11,*,*,*,*,*,*,*,*,*,*
2019,CENSUS TRACT,1.0182.00,113,1000,1462,96,,5,6.78,5,6.64,81,2.92,3.76,27,*,*,*,*,*,*,*,*,*
2019,CENSUS TRACT,1.0183.00,90,1076,2116,80,,12.26,13.27,11.3,15.05,67,6.42,6.17,10,*,*,*,*,*,*,0,0,0
2019,CENSUS TRACT,1.0184.00,72,1346,2160,61,,3.74,6.31,7,8.24,40,3.54,4.33,10,*,*,*,*,*,*,0,0,0
2019,CENSUS TRACT,1.0185.00,29,4955,15118,29,,4.78,6.36,14.43,14.56,29,6.09,7.73,6,0,0,0,0,0,0,0,0,0
2019,CENSUS TRACT,1.0186.00,13,1972,2596,12,,4.5,5.58,12.3,16.66,12,3.16,4.86,*,*,*,*,*,*,*,0,0,0
2019,CENSUS TRACT,1.0187.00,68,1033,1343,64,,9.5,10.45,10.01,10.79,58,4.09,4.71,15,*,*,*,*,*,*,0,0,0
2019,CENSUS TRACT,1.0188.00,102,868,1193,85,,4,8.52,5,6.66,47,3.92,4.15,*,*,*,*,*,*,*,*,*,*
2019,CENSUS TRACT,1.0189.00,42,750,986,36,,6.33,6.46,10.01,11.28,32,5.01,5.97,*,*,*,*,*,*,*,0,0,0
2019,CENSUS TRACT,1.0190.00,22,1873,6171,20,,4,4.36,9.48,9,13,6.67,5.71,*,*,*,*,*,*,*,0,0,0
2019,CENSUS TRACT,1.0191.00,63,1025,1915,57,,9,9.41,10,10.41,45,5.67,6.24,10,*,*,*,*,*,*,0,0,0
2019,CENSUS TRACT,1.0193.00,88,695,971,83,,6,6.21,8.96,9.15,68,3.87,4.41,19,*,*,*,*,*,*,0,0,0
2019,CENSUS TRACT,1.0194.00,38,1000,2414,30,,3,13.23,4.92,5.73,17,2.84,3.18,*,*,*,*,*,*,*,0,0,0
2019,CENSUS TRACT,1.0195.00,58,950,1544,54,,10,11.11,10.08,12.89,50,5.13,5.34,*,*,*,*,*,*,*,0,0,0
2019,CENSUS TRACT,1.0196.00,89,2200,4035,79,,5.38,18.58,9.51,9.79,60,4.46,5.41,*,*,*,*,*,*,*,0,0,0
2019,CENSUS TRACT,1.0197.02,10,2443,2278,10,,3,3.88,5,5.78,*,*,*,*,0,0,0,0,0,0,0,0,0
2019,CENSUS TRACT,1.0198.00,43,1400,2190,38,,4,5.27,5,11.3,27,5.33,5.88,*,*,*,*,*,*,*,*,*,*
2019,CENSUS TRACT,1.0199.00,52,1500,2513,51,,10.32,9.9,10.04,19.04,50,5.21,10.25,15,*,*,*,*,*,*,0,0,0
2019,CENSUS TRACT,1.0200.00,68,1539,2656,54,,7,7.1,10,9.61,42,5.88,6.5,8,*,*,*,*,*,*,0,0,0
2019,CENSUS TRACT,1.0201.02,26,1547,2698,22,,4.64,5.19,3.86,6.59,12,3.79,4.53,*,*,*,*,*,*,*,0,0,0
2019,CENSUS TRACT,1.0206.00,36,1235,2344,31,,2.78,2.55,6.81,9.97,30,3.16,3.28,10,*,*,*,*,*,*,0,0,0
2019,CENSUS TRACT,1.0207.01,13,1200,1682,13,,6,5.96,7,12.02,13,2.16,4.09,9,0,0,0,0,0,0,0,0,0
2019,CENSUS TRACT,1.0208.00,22,838,1723,19,,3.5,3.77,11.01,11.64,17,4.09,5.62,*,*,*,*,*,*,*,0,0,0
2019,CENSUS TRACT,1.0209.01,44,1028,1337,38,,5.85,7.56,10.01,10.88,35,5.84,5.53,*,*,*,*,*,*,*,0,0,0
2019,CENSUS TRACT,1.0211.00,48,1020,3675,47,,5.58,6.69,10.01,14.85,41,4.25,8.06,*,*,*,*,*,*,*,0,0,0
2019,CENSUS TRACT,1.0212.00,56,1200,2442,38,,3,3.56,17.68,20.55,33,2.09,3.44,19,*,*,*,*,*,*,0,0,0
2019,CENSUS TRACT,1.0213.03,26,900,3037,24,,3.92,4.37,9.92,11.69,23,2.33,2.99,*,*,*,*,*,*,*,0,0,0
2019,CENSUS TRACT,1.0215.00,21,975,2065,19,,3,5.76,8.58,9.03,14,3.37,4.37,*,*,*,*,*,*,*,0,0,0
2019,CENSUS TRACT,1.0216.00,29,960,1448,27,,5.76,5.51,8,6.76,18,2.79,4.3,*,*,*,*,*,*,*,0,0,0
2019,CENSUS TRACT,1.0218.00,78,1000,2288,71,,4,5.17,10,10.29,58,4.08,5.17,10,*,*,*,*,*,*,0,0,0
2019,CENSUS TRACT,1.0219.00,54,897,5212,49,,5,6.76,6.75,7.44,36,4.46,5.53,11,*,*,*,*,*,*,0,0,0
2019,CENSUS TRACT,1.0220.00,53,841,1022,47,,4.92,5.95,6.16,8.42,33,3,3.98,12,*,*,*,*,*,*,0,0,0
2019,CENSUS TRACT,1.0221.02,20,800,1747,20,,4.83,5.18,5.05,8.9,13,2,3.21,5,0,0,0,0,0,0,0,0,0
2019,CENSUS TRACT,1.0222.00,89,2000,5545,76,,6,7.34,10.01,11.38,61,2.75,5.24,19,*,*,*,*,*,*,0,0,0
2019,CENSUS TRACT,1.0223.01,53,763,1252,50,,6.04,6.92,7,8.09,35,3.92,3.85,*,*,*,*,*,*,*,0,0,0
2019,CENSUS TRACT,1.0223.02,12,295,1178,12,,14,20.39,4.08,4.4,*,*,*,*,0,0,0,0,0,0,0,0,0
2019,CENSUS TRACT,1.0224.00,36,950,1757,33,,3,4.05,4.37,7.96,21,1.5,4.55,*,*,*,*,*,*,*,0,0,0
2019,CENSUS TRACT,1.0225.00,90,874,1499,84,,6,6.24,9.98,9.07,68,3.8,4.33,16,*,*,*,*,*,*,0,0,0
2019,CENSUS TRACT,1.0226.00,66,775,882,64,,4,4.39,9.98,8.8,57,3.42,4.1,19,*,*,*,*,*,*,0,0,0
2019,CENSUS TRACT,1.0227.00,31,580,1465,26,,7,7.1,10.01,9.74,23,3.16,3.6,*,*,*,*,*,*,*,0,0,0
2019,CENSUS TRACT,1.0228.00,58,850,1107,49,,4,4.4,5,6.66,31,3.67,4.45,*,*,*,*,*,*,*,0,0,0
2019,CENSUS TRACT,1.0229.00,82,1400,2078,70,,6,6.32,10,9.9,61,4.42,4.63,14,*,*,*,*,*,*,*,*,*
2019,CENSUS TRACT,1.0230.00,65,950,1741,55,,4,4.67,5.67,8.58,41,4.09,4.41,10,0,0,0,10,1,5.48,*,*,*
2019,CENSUS TRACT,1.0231.00,43,945,1429,37,,4.42,5.89,10,11.23,30,4.21,5.34,*,*,*,*,*,*,*,0,0,0
2019,CENSUS TRACT,1.0232.00,115,800,1253,108,,3.67,4.67,5,6.84,81,3.25,3.69,27,*,*,*,*,*,*,0,0,0
2019,CENSUS TRACT,1.0233.00,71,800,1349,63,,7.3,7.31,10,10.6,54,4.25,5.28,10,*,*,*,*,*,*,0,0,0
2019,CENSUS TRACT,1.0234.00,28,793,1114,22,,3.88,3.86,10.01,10.36,18,3.92,4.12,*,*,*,*,*,*,*,0,0,0
2019,CENSUS TRACT,1.0235.01,26,975,3026,22,,2.46,6.68,5,6.98,16,1.33,5.12,*,*,*,*,*,*,*,0,0,0
2019,CENSUS TRACT,1.0235.02,18,1400,3704,17,,1,4.67,5,7.78,13,2.84,3.19,*,*,*,*,*,*,*,0,0,0
2019,CENSUS TRACT,1.0236.00,30,978,2934,28,,4.41,8.67,10.01,11.91,27,4.17,5.7,*,*,*,*,*,*,*,0,0,0
2019,CENSUS TRACT,1.0237.00,33,857,830,30,,4.59,5.41,5.18,6.54,17,3.42,4.12,*,*,*,*,*,*,*,0,0,0
2019,CENSUS TRACT,1.0238.01,15,1443,3941,10,,3.5,3.6,15.39,18.34,10,5.59,10.12,*,*,*,*,*,*,*,0,0,0
2019,CENSUS TRACT,1.0239.00,11,760,921,11,,5,5.02,9.98,8.96,*,*,*,*,0,0,0,0,0,0,0,0,0
2019,CENSUS TRACT,1.0241.00,57,805,1809,46,,7,7.31,10.01,10.28,33,4.17,4.71,8,0,0,0,11,1,1.96,0,0,0
2019,CENSUS TRACT,1.0242.00,17,1500,9310,16,,2.72,3.63,1,4.7,*,*,*,0,*,*,*,*,*,*,0,0,0
2019,CENSUS TRACT,1.0243.01,33,750,983,30,,4,4.05,9.96,8.42,30,2.63,3.64,13,*,*,*,*,*,*,0,0,0
2019,CENSUS TRACT,1.0245.00,200,713,1052,179,,7,7.86,10,11.06,160,4.05,5.26,41,0,0,0,21,1.16,1.82,*,*,*
2019,CENSUS TRACT,1.0249.00,18,800,1941,15,,4,4.21,9.01,9.07,14,3.88,4.76,*,*,*,*,*,*,*,0,0,0
2019,CENSUS TRACT,1.0251.00,34,718,952,28,,4.46,4.88,10.01,11.75,25,6.25,6.27,*,*,*,*,*,*,*,0,0,0
2019,CENSUS TRACT,1.0253.00,127,800,1264,120,,6.41,6.22,10,10.49,101,4.67,5.23,17,*,*,*,*,*,*,0,0,0
2019,CENSUS TRACT,1.0257.00,35,4000,7101,32,,6,6.88,10.57,13.91,27,4.17,6.2,*,*,*,*,*,*,*,0,0,0
2019,CENSUS TRACT,1.0259.00,40,901,3317,37,,3.07,4.08,1.08,5.53,16,2.08,3.27,*,*,*,*,*,*,*,0,0,0
2019,CENSUS TRACT,1.0261.00,120,742,1101,106,,5.42,6.23,10,10.11,93,3.58,4.15,32,*,*,*,*,*,*,0,0,0
2019,CENSUS TRACT,1.0263.00,132,807,2138,124,,7,6.83,10,11.1,105,4,4.99,24,*,*,*,*,*,*,0,0,0
2019,CENSUS TRACT,1.0265.00,105,821,965,100,,8,7.58,10,10.92,75,5.84,5.42,16,*,*,*,*,*,*,0,0,0
2019,CENSUS TRACT,1.0269.00,143,835,1665,128,,6,6.74,5.02,7.63,85,3.48,4.11,25,*,*,*,*,*,*,0,0,0
2019,CENSUS TRACT,1.0271.00,112,800,2016,104,,7.58,7.62,9.91,9.03,72,5.01,5.11,13,*,*,*,*,*,*,0,0,0
2019,CENSUS TRACT,1.0273.00,62,757,1271,59,,6.5,6.8,10.01,11.67,53,3.09,4.02,20,*,*,*,*,*,*,0,0,0
2019,CENSUS TRACT,1.0277.00,45,750,859,38,,5.75,5.71,9.98,8.31,28,3.54,4.14,*,*,*,*,*,*,*,0,0,0
2019,CENSUS TRACT,1.0279.00,87,660,1232,81,,5.92,5.57,10,11.12,74,3.46,4.31,29,*,*,*,*,*,*,0,0,0
2019,CENSUS TRACT,1.0283.00,69,705,1085,60,,5,4.93,10.01,12.38,58,3.29,3.68,20,*,*,*,*,*,*,0,0,0
2019,CENSUS TRACT,1.0285.00,100,999,1400,90,,4.77,4.76,1.5,5.43,44,2.88,3.54,14,0,0,0,10,1,1.16,0,0,0
2019,CENSUS TRACT,1.0287.00,73,895,1954,70,,6,5.64,10.01,10.43,52,4.46,4.92,15,*,*,*,*,*,*,0,0,0
2019,CENSUS TRACT,1.0291.00,103,800,1716,97,,5.33,5.65,10,9.89,72,4.42,5.02,14,*,*,*,*,*,*,0,0,0
2019,CENSUS TRACT,1.0293.00,175,913,1699,162,,5,5.44,5,7.94,106,2.96,4.26,38,*,*,*,*,*,*,0,0,0
2019,CENSUS TRACT,1.0295.00,67,800,1090,62,,6,6.64,6.02,8.8,39,4.33,4.48,*,*,*,*,*,*,*,0,0,0
2019,CENSUS TRACT,1.0299.00,44,2108,4991,41,,3.07,4.24,7.01,7.53,30,3.29,3.83,12,*,*,*,*,*,*,0,0,0
2019,CENSUS TRACT,1.0303.00,56,750,1197,50,,4,4.99,10,11.45,48,4,4.47,13,*,*,*,*,*,*,0,0,0
2019,CENSUS TRACT,1.0307.00,12,2368,3393,10,,2,2.07,10.88,11.58,10,5.13,5.81,*,*,*,*,*,*,*,0,0,0
2019,CENSUS TRACT,1.0309.00,49,1500,4033,47,,4.67,4.68,10,9.58,24,3.46,3.99,*,*,*,*,*,*,*,0,0,0
2019,CENSUS TRACT,1.0317.03,48,2322,4947,41,,6,8.29,10.04,9.39,29,2.84,4.54,13,*,*,*,*,*,*,0,0,0
2019,CENSUS TRACT,1.0317.04,33,1910,2401,26,,7,7.5,10.18,8.71,16,7.05,6.49,*,*,*,*,*,*,*,*,*,*
2019,CENSUS TRACT,2.0004.00,10,1150,1617,*,,*,*,*,*,*,*,*,*,*,*,*,*,*,*,0,0,0
2019,CENSUS TRACT,2.0019.00,84,1852,9494,73,,2,3.3,5,6.42,47,3.33,4.18,13,*,*,*,*,*,*,0,0,0
2019,CENSUS TRACT,2.0020.00,13,3750,3601,10,,1.2,1.96,3.5,6.6,*,*,*,0,*,*,*,*,*,*,0,0,0
2019,CENSUS TRACT,2.0025.00,53,819,1226,49,,5,4.9,8,11.4,37,2.5,3.21,16,*,*,*,*,*,*,0,0,0
2019,CENSUS TRACT,2.0027.01,16,800,1279,14,,3.62,4.54,4.5,7.01,*,*,*,*,*,*,*,*,*,*,0,0,0
2019,CENSUS TRACT,2.0027.02,27,1070,2209,23,,4,6.4,6.01,10.25,21,2.5,3.69,*,*,*,*,*,*,*,0,0,0
2019,CENSUS TRACT,2.0028.00,32,2050,4365,27,,2.96,3.13,10.01,13.36,27,3.58,4.29,*,*,*,*,*,*,*,0,0,0
2019,CENSUS TRACT,2.0031.00,48,1999,4513,37,,2,3.05,6.17,7.64,31,2.25,3.3,16,*,*,*,*,*,*,0,0,0
2019,CENSUS TRACT,2.0033.00,10,1400,3608,*,,*,*,*,*,*,*,*,*,*,*,*,0,0,0,0,0,0
2019,CENSUS TRACT,2.0035.00,24,750,2063,23,,3,3.24,10.3,9.6,19,1.75,3.23,9,0,0,0,0,0,0,0,0,0
2019,CENSUS TRACT,2.0039.00,80,974,1292,74,,4,5.32,5.5,7.21,61,2.09,3.02,28,*,*,*,*,*,*,0,0,0
2019,CENSUS TRACT,2.0041.00,18,993,1100,13,,4.44,6.49,14.01,16.7,12,5.03,5.97,*,*,*,*,*,*,*,0,0,0
2019,CENSUS TRACT,2.0042.00,51,3000,11691,42,,4,4.98,10.01,9.62,40,4.38,5.5,*,*,*,*,*,*,*,0,0,0
2019,CENSUS TRACT,2.0043.00,106,1634,2618,90,,4,8.31,6,6.75,68,3.79,4.5,20,*,*,*,*,*,*,0,0,0
2019,CENSUS TRACT,2.0044.00,15,1044,4237,14,,2.34,2.97,1,6.65,*,*,*,0,*,*,*,*,*,*,0,0,0
2019,CENSUS TRACT,2.0046.00,10,1120,4996,10,,5.5,5.6,20.04,19.38,10,5.42,5.33,2,0,0,0,0,0,0,0,0,0
2019,CENSUS TRACT,2.0048.00,30,981,1906,29,,3.21,3.81,5,9.31,28,3,4.11,*,*,*,*,*,*,*,0,0,0
2019,CENSUS TRACT,2.0050.01,18,522,1110,13,,3,3.5,10.01,11.74,12,5.5,6.09,*,*,*,*,*,*,*,0,0,0
2019,CENSUS TRACT,2.0050.02,40,1168,2102,39,,3,3.68,10.01,12.09,35,3.5,3.72,12,*,*,*,*,*,*,0,0,0
2019,CENSUS TRACT,2.0051.00,33,2474,5764,22,,3,5.6,4.33,6.07,*,*,*,*,*,*,*,*,*,*,*,*,*
2019,CENSUS TRACT,2.0054.00,74,927,1204,73,,3.74,4.59,7,9.89,70,3.13,3.66,20,*,*,*,*,*,*,0,0,0
2019,CENSUS TRACT,2.0056.00,21,720,1020,19,,4,5.05,10,9.17,18,4.13,4.49,0,*,*,*,*,*,*,0,0,0
2019,CENSUS TRACT,2.0059.02,22,838,977,21,,4,5.33,5,5.89,15,3.75,3.79,*,*,*,*,*,*,*,0,0,0
2019,CENSUS TRACT,2.0060.00,14,2284,8380,11,,2,3.2,14.8,12.86,11,4.33,4.21,*,*,*,*,*,*,*,0,0,0
2019,CENSUS TRACT,2.0061.00,39,4088,8109,36,,4.5,5.18,10.42,14.08,33,6.17,7.01,*,*,*,*,*,*,*,0,0,0
2019,CENSUS TRACT,2.0062.00,23,600,961,18,,4,4.44,1,1.38,*,*,*,*,*,*,*,*,*,*,0,0,0
2019,CENSUS TRACT,2.0063.00,123,1518,11483,102,,6,7.73,10.12,12.96,83,4.5,5.15,22,*,*,*,*,*,*,*,*,*
2019,CENSUS TRACT,2.0065.00,160,1200,2728,143,,4.17,6.37,5.13,9.99,83,4.42,9.23,16,*,*,*,*,*,*,*,*,*
2019,CENSUS TRACT,2.0067.00,73,880,1457,66,,4,4.34,7.13,8.46,57,3.42,3.8,17,*,*,*,*,*,*,0,0,0
2019,CENSUS TRACT,2.0069.00,27,1200,2080,25,,3.06,3.02,10,11.73,20,4.17,5.32,*,*,*,*,*,*,*,0,0,0
2019,CENSUS TRACT,2.0070.00,26,1050,1534,25,,3.38,3.29,7.81,9.25,19,5.17,5.88,*,*,*,*,*,*,*,0,0,0
2019,CENSUS TRACT,2.0071.00,65,2300,6891,53,,4,5.58,12.04,15.21,49,4.84,5.31,13,*,*,*,*,*,*,0,0,0
2019,CENSUS TRACT,2.0072.00,45,1000,1686,42,,3.71,3.61,9.3,10.71,34,4.17,5.16,11,*,*,*,*,*,*,0,0,0
2019,CENSUS TRACT,2.0073.00,32,705,2714,28,,4.83,6.6,9.01,9.01,25,3.33,3.89,*,*,*,*,*,*,*,0,0,0
2019,CENSUS TRACT,2.0075.00,24,1492,3341,22,,2.31,2.44,1,5.8,*,*,*,*,*,*,*,*,*,*,0,0,0
2019,CENSUS TRACT,2.0076.00,79,650,1043,78,,2.42,2.95,10.01,9.79,66,4,4.92,21,*,*,*,*,*,*,0,0,0
2019,CENSUS TRACT,2.0077.00,27,1608,1915,25,,2,2.43,1,2.72,*,*,*,*,*,*,*,*,*,*,0,0,0
2019,CENSUS TRACT,2.0078.00,31,800,1312,27,,2,3.09,8,7.58,22,3.84,3.94,*,*,*,*,*,*,*,0,0,0
2019,CENSUS TRACT,2.0079.00,29,840,2522,25,,2.97,3.76,1,6.63,10,3.92,5.44,*,*,*,*,*,*,*,0,0,0
2019,CENSUS TRACT,2.0083.00,44,1650,3614,40,,2.54,2.58,5.11,6.79,26,3.5,4.25,*,*,*,*,*,*,*,0,0,0
2019,CENSUS TRACT,2.0085.00,33,900,1561,27,,2,3.81,5,5.49,15,1.67,3.72,*,*,*,*,*,*,*,0,0,0
2019,CENSUS TRACT,2.0087.00,55,874,1613,52,,2.68,2.81,9.5,9.7,43,4.09,4.66,14,*,*,*,*,*,*,0,0,0
2019,CENSUS TRACT,2.0090.00,27,2318,20849,24,,2,3.87,9.17,15.82,18,4,3.99,*,*,*,*,*,*,*,0,0,0
2019,CENSUS TRACT,2.0092.00,84,750,1227,73,,4,4.63,5,6.03,61,2,2.93,26,*,*,*,*,*,*,0,0,0
2019,CENSUS TRACT,2.0093.00,102,2500,10858,80,,2,3.02,4.92,5.93,44,2.08,3.71,21,11,1,9.41,11,1,1.62,0,0,0
2019,CENSUS TRACT,2.0096.00,31,4500,6379,24,,3,5.84,8.5,9.23,20,4.05,4.61,*,*,*,*,*,*,*,0,0,0
2019,CENSUS TRACT,2.0098.00,11,838,1632,*,,*,*,*,*,*,*,*,*,*,*,*,*,*,*,0,0,0
2019,CENSUS TRACT,2.0115.02,40,1000,2312,39,,2,3.62,9.34,10.56,34,2.44,3.19,15,*,*,*,*,*,*,0,0,0
2019,CENSUS TRACT,2.0117.00,18,4656,4880,18,,1,1.56,5.05,5.62,12,1.37,2.83,7,0,0,0,0,0,0,0,0,0
2019,CENSUS TRACT,2.0119.00,57,1200,2073,57,,5.92,5.93,10,10.63,49,3.5,4.22,19,0,0,0,0,0,0,0,0,0
2019,CENSUS TRACT,2.0123.00,16,2129,4194,10,,2,3.75,7.51,7.8,*,*,*,*,*,*,*,*,*,*,0,0,0
2019,CENSUS TRACT,2.0125.00,24,1100,2559,17,,2.61,5.04,5,4.27,10,3.34,3.21,*,*,*,*,*,*,*,0,0,0
2019,CENSUS TRACT,2.0127.01,35,675,1576,33,,6,6.4,10,10.74,31,3.58,4.86,11,*,*,*,*,*,*,0,0,0
2019,CENSUS TRACT,2.0129.01,53,900,1533,40,,2.83,3.43,3.75,4.48,19,3,3.71,7,0,0,0,13,1,1.29,0,0,0
2019,CENSUS TRACT,2.0131.00,22,1200,3155,20,,2.17,3,1,4,*,*,*,*,*,*,*,*,*,*,0,0,0
2019,CENSUS TRACT,2.0132.00,16,2000,2500,16,,3.28,10.29,10,13.69,16,2.84,4.3,3,0,0,0,0,0,0,0,0,0
2019,CENSUS TRACT,2.0133.00,14,480,1539,12,,1.79,4.19,7.21,9.48,*,*,*,*,*,*,*,*,*,*,0,0,0
2019,CENSUS TRACT,2.0141.00,54,1000,2052,48,,3,3.64,7.5,7.13,35,3.67,3.97,*,*,*,*,*,*,*,0,0,0
2019,CENSUS TRACT,2.0143.00,20,2250,3411,13,,4.5,5.77,1,2.88,*,*,*,*,*,*,*,*,*,*,*,*,*
2019,CENSUS TRACT,2.0145.00,50,1470,5181,41,,3,3.91,1.4,4.69,20,3.71,3.79,*,*,*,*,*,*,*,0,0,0
2019,CENSUS TRACT,2.0149.00,34,731,1017,29,,3,3.04,1,4.59,14,2.96,3.48,*,*,*,*,*,*,*,0,0,0
2019,CENSUS TRACT,2.0151.00,49,870,1306,40,,4,3.87,5,5.03,24,2.83,3.41,*,*,*,*,*,*,*,0,0,0
2019,CENSUS TRACT,2.0152.00,26,1208,2582,20,,5,18.21,1.75,7.28,10,3.04,3.83,*,*,*,*,*,*,*,0,0,0
2019,CENSUS TRACT,2.0153.00,10,808,984,10,,2,2.64,4.5,4.5,*,*,*,*,0,0,0,0,0,0,0,0,0
2019,CENSUS TRACT,2.0155.00,40,1088,1976,35,,2,2.04,5,10.56,11,1.33,4.1,*,*,*,*,*,*,*,*,*,*
2019,CENSUS TRACT,2.0157.00,13,3443,4268,11,,1.22,1.47,1,1.73,*,*,*,*,*,*,*,*,*,*,0,0,0
2019,CENSUS TRACT,2.0158.00,10,1618,2597,*,,*,*,*,*,*,*,*,*,*,*,*,0,0,0,0,0,0
2019,CENSUS TRACT,2.0159.00,46,1704,3461,41,,4.85,5.34,9.98,9.11,33,4.33,4.48,12,*,*,*,*,*,*,0,0,0
2019,CENSUS TRACT,2.0161.00,70,1626,3411,58,,3.09,3.37,9.88,9.29,44,2.67,3.93,14,*,*,*,*,*,*,*,*,*
2019,CENSUS TRACT,2.0162.00,14,700,1176,13,,3.41,10.4,1,3.41,*,*,*,*,*,*,*,*,*,*,0,0,0
2019,CENSUS TRACT,2.0164.00,28,1000,1355,18,,3,3.28,1,4.64,*,*,*,*,*,*,*,*,*,*,*,*,*
2019,CENSUS TRACT,2.0165.00,18,1980,2633,16,,1.92,3.84,4,5.7,14,2.29,2.51,*,*,*,*,*,*,*,0,0,0
2019,CENSUS TRACT,2.0166.00,27,1100,1404,25,,3,3.85,1,4.16,*,*,*,*,*,*,*,*,*,*,0,0,0
2019,CENSUS TRACT,2.0167.00,25,1000,1796,23,,2.05,3.96,6,6,18,3,3.2,*,*,*,*,*,*,*,0,0,0
2019,CENSUS TRACT,2.0169.00,13,1328,1472,10,,3,2.84,1,1.8,*,*,*,*,*,*,*,*,*,*,0,0,0
2019,CENSUS TRACT,2.0173.00,21,1026,1964,21,,4,4.46,5,7.01,12,4.25,5.95,4,0,0,0,0,0,0,0,0,0
2019,CENSUS TRACT,2.0175.00,27,720,1285,26,,2.5,4.61,8.5,8.63,23,4,4.08,*,*,*,*,*,*,*,0,0,0
2019,CENSUS TRACT,2.0177.01,28,1118,2385,28,,3,3.42,2.66,4.09,11,1.67,3.28,7,0,0,0,0,0,0,0,0,0
2019,CENSUS TRACT,2.0177.02,29,1250,2139,28,,2,3.85,6.5,6.65,24,2.75,3.55,10,*,*,*,*,*,*,0,0,0
2019,CENSUS TRACT,2.0179.01,31,800,943,31,,5,7.05,10.09,11.93,29,3.33,3.64,11,0,0,0,0,0,0,0,0,0
2019,CENSUS TRACT,2.0179.02,19,565,926,16,,3,6.08,6,7.93,15,2.75,3.83,*,*,*,*,*,*,*,0,0,0
2019,CENSUS TRACT,2.0181.01,36,633,1047,35,,4,4.47,5,8.19,26,3.92,4.92,*,*,*,*,*,*,*,0,0,0
2019,CENSUS TRACT,2.0181.02,38,655,719,33,,4,5.13,10,7.97,25,4.16,4.12,*,*,*,*,*,*,*,*,*,*
2019,CENSUS TRACT,2.0183.01,19,1176,5488,17,,3,3.5,5,8.14,11,3.16,3.43,*,*,*,*,*,*,*,0,0,0
2019,CENSUS TRACT,2.0183.02,22,525,852,21,,3,3.09,10.01,10.58,21,4.42,4.87,5,0,0,0,0,0,0,0,0,0
2019,CENSUS TRACT,2.0184.00,32,1330,1574,26,,3.5,9.01,5,8.15,13,2.67,4.11,*,*,*,*,*,*,*,0,0,0
2019,CENSUS TRACT,2.0185.00,85,1750,3532,64,,2.14,3.81,7.98,8.26,57,3.25,3.66,21,*,*,*,*,*,*,0,0,0
2019,CENSUS TRACT,2.0189.00,39,975,1204,32,,2.06,4.83,7.98,9,28,3.67,4.26,*,*,*,*,*,*,*,0,0,0
2019,CENSUS TRACT,2.0193.00,12,1248,3925,12,,2,2.82,1,4.7,*,*,*,0,0,0,0,0,0,0,0,0,0
2019,CENSUS TRACT,2.0194.00,13,710,69995,*,,*,*,*,*,*,*,*,*,*,*,*,*,*,*,*,*,*
2019,CENSUS TRACT,2.0195.00,53,1200,1895,51,,5.17,9.69,10.12,11.86,48,4.46,5,17,*,*,*,*,*,*,0,0,0
2019,CENSUS TRACT,2.0197.00,79,700,1225,76,,4,4.74,10.01,12.28,73,4,4.81,18,*,*,*,*,*,*,0,0,0
2019,CENSUS TRACT,2.0199.00,37,1100,1491,32,,3,4.87,10.01,11.03,26,3.75,4.54,11,*,*,*,*,*,*,0,0,0
2019,CENSUS TRACT,2.0200.00,116,1063,2516,93,,3,8.56,6.09,8.35,70,2.75,4.43,21,*,*,*,*,*,*,0,0,0
2019,CENSUS TRACT,2.0201.00,20,800,920,12,,3,5.67,5,5.88,12,2.37,2.66,*,*,*,*,*,*,*,0,0,0
2019,CENSUS TRACT,2.0202.00,23,1000,1474,16,,3,2.85,9.25,10,12,2.67,3.36,*,*,*,*,*,*,*,0,0,0
2019,CENSUS TRACT,2.0206.01,24,1235,2141,23,,2.64,2.6,10.01,11.49,23,4.75,5.27,*,*,*,*,*,*,*,0,0,0
2019,CENSUS TRACT,2.0209.00,39,1200,3394,37,,3,3.35,7,9.23,34,2.5,3.24,15,*,*,*,*,*,*,0,0,0
2019,CENSUS TRACT,2.0211.00,28,1300,2028,26,,2.5,2.64,9.98,9.41,23,3.09,4.15,10,*,*,*,*,*,*,0,0,0
2019,CENSUS TRACT,2.0213.01,21,661,1242,14,,3.5,4.23,7.01,8.08,*,*,*,0,*,*,*,*,*,*,0,0,0
2019,CENSUS TRACT,2.0213.02,11,1600,1258,10,,1,4.57,9,8.78,10,3.96,3.96,*,*,*,*,*,*,*,0,0,0
2019,CENSUS TRACT,2.0215.01,35,987,1550,32,,3.5,4.18,10,8.62,28,4.24,4.96,*,*,*,*,*,*,*,0,0,0
2019,CENSUS TRACT,2.0215.02,37,850,1658,33,,3,3.81,5,8.05,22,3.31,4.76,*,*,*,*,*,*,*,0,0,0
2019,CENSUS TRACT,2.0216.01,25,600,700,25,,3,3.15,1,3.33,*,*,*,*,0,0,0,0,0,0,0,0,0
2019,CENSUS TRACT,2.0216.02,109,1270,4464,95,,3,3.9,5.32,7.74,85,3.09,4,34,0,0,0,14,1,1.72,0,0,0
2019,CENSUS TRACT,2.0217.00,22,2500,4011,20,,1.44,2.07,7.48,8.47,14,1.05,1.5,11,*,*,*,*,*,*,0,0,0
2019,CENSUS TRACT,2.0218.00,25,700,1545,23,,2,2.82,6.17,7.43,21,2.58,3.85,*,*,*,*,*,*,*,0,0,0
2019,CENSUS TRACT,2.0219.00,23,1000,3883,20,,4,3.68,6.21,6.84,12,1.71,3.01,*,*,*,*,*,*,*,0,0,0
2019,CENSUS TRACT,2.0220.00,17,800,962,12,,2.5,2.9,7.92,7.83,10,4.71,4.87,*,*,*,*,*,*,*,0,0,0
2019,CENSUS TRACT,2.0221.01,44,1250,2383,42,,3,4.49,10.01,10.78,38,3.79,4.38,11,*,*,*,*,*,*,0,0,0
2019,CENSUS TRACT,2.0221.02,35,990,1304,35,,3,4.24,7,11.99,23,3.33,4.03,7,0,0,0,0,0,0,0,0,0
2019,CENSUS TRACT,2.0222.00,99,1152,1892,91,,3,3.2,10,9.99,74,3.46,4.66,28,*,*,*,*,*,*,0,0,0
2019,CENSUS TRACT,2.0223.00,43,940,2123,40,,7,7.88,7,8.44,32,3.46,3.6,*,*,*,*,*,*,*,0,0,0
2019,CENSUS TRACT,2.0224.01,34,1578,2739,31,,54,41.97,15.01,14.01,30,4.17,4.63,10,*,*,*,*,*,*,0,0,0
2019,CENSUS TRACT,2.0224.03,38,1225,1962,32,,5.81,16.86,10,10.1,24,3.88,4.35,*,*,*,*,*,*,*,0,0,0
2019,CENSUS TRACT,2.0224.04,48,1215,1744,45,,35,33.32,10,11.27,32,4.05,4.14,10,*,*,*,*,*,*,0,0,0
2019,CENSUS TRACT,2.0225.00,46,588,1122,42,,4,4.46,9.96,9.89,40,3.33,3.38,13,*,*,*,*,*,*,0,0,0
2019,CENSUS TRACT,2.0227.01,42,1019,2638,40,,3.15,3.42,9.92,10.75,27,3.49,4.89,*,*,*,*,*,*,*,*,*,*
2019,CENSUS TRACT,2.0227.02,26,780,1196,23,,4,3.77,10.59,13.08,21,3.42,4.52,*,*,*,*,*,*,*,0,0,0
2019,CENSUS TRACT,2.0227.03,10,535,627,10,,4.79,5.24,10,9.78,*,*,*,*,0,0,0,0,0,0,0,0,0
2019,CENSUS TRACT,2.0228.00,35,938,1200,34,,3,3.03,10,8.38,27,4,3.78,*,*,*,*,*,*,*,0,0,0
2019,CENSUS TRACT,2.0229.01,10,500,713,*,,*,*,*,*,*,*,*,*,0,0,0,*,*,*,0,0,0
2019,CENSUS TRACT,2.0229.02,19,588,646,19,,5,4.73,9.78,8.73,18,2.96,2.99,5,0,0,0,0,0,0,0,0,0
2019,CENSUS TRACT,2.0230.00,15,1200,2774,12,,3.96,10.02,5.5,7.91,10,2.75,3.53,*,*,*,*,*,*,*,0,0,0
2019,CENSUS TRACT,2.0231.00,45,1706,3185,40,,3,3.13,6.42,7.56,30,2.25,3.84,11,*,*,*,*,*,*,0,0,0
2019,CENSUS TRACT,2.0232.00,27,1600,2590,27,,3,5,6.84,7.97,22,3.63,4.46,6,0,0,0,0,0,0,0,0,0
2019,CENSUS TRACT,2.0233.01,43,1100,2747,40,,2,2.64,6,7.01,38,1.71,2.24,22,*,*,*,*,*,*,0,0,0
2019,CENSUS TRACT,2.0235.01,44,1071,1658,35,,4,3.95,10,8.51,30,2.75,3.97,*,*,*,*,*,*,*,0,0,0
2019,CENSUS TRACT,2.0235.02,43,1000,1323,39,,3.92,3.71,5.42,7.8,30,3.37,3.63,11,*,*,*,*,*,*,0,0,0
2019,CENSUS TRACT,2.0236.00,43,653,932,37,,2.25,2.59,4,6.7,22,5.08,5.06,*,*,*,*,*,*,*,0,0,0
2019,CENSUS TRACT,2.0237.02,53,1322,3268,46,,4.21,5.19,5,6.34,25,5.59,5.79,*,*,*,*,*,*,*,0,0,0
2019,CENSUS TRACT,2.0237.03,101,775,1090,95,,4.95,5.17,9.25,9.62,79,3.75,4,21,*,*,*,*,*,*,0,0,0
2019,CENSUS TRACT,2.0237.04,57,518,690,55,,4.92,4.61,7,7.71,46,2.88,3.81,16,*,*,*,*,*,*,0,0,0
2019,CENSUS TRACT,2.0238.00,27,1000,2685,24,,2.05,2.27,5.01,5.28,15,2.42,2.45,*,*,*,*,*,*,*,0,0,0
2019,CENSUS TRACT,2.0239.00,114,1000,2396,105,,3.03,4.28,8,9.17,80,2.92,3.92,29,*,*,*,*,*,*,*,*,*
2019,CENSUS TRACT,2.0240.00,15,1000,2484,*,,*,*,*,*,*,*,*,*,*,*,*,*,*,*,0,0,0
2019,CENSUS TRACT,2.0241.00,70,1000,1962,66,,3.5,4.16,10,9.54,51,4.67,4.88,14,*,*,*,*,*,*,0,0,0
2019,CENSUS TRACT,2.0243.00,64,1075,1848,54,,3,4.15,2.75,4.7,28,3.33,3.59,*,*,*,*,*,*,*,0,0,0
2019,CENSUS TRACT,2.0245.01,14,505,827,14,,4.62,4.14,10,9.01,14,4.88,5.04,5,0,0,0,0,0,0,0,0,0
2019,CENSUS TRACT,2.0245.02,19,827,798,19,,4,4.22,10.01,9.74,18,4.25,3.77,5,0,0,0,0,0,0,0,0,0
2019,CENSUS TRACT,2.0248.00,28,1500,1608,22,,3,10.01,10,8.36,19,4,4.46,*,*,*,*,*,*,*,0,0,0
2019,CENSUS TRACT,2.0250.00,31,685,1370,27,,3,4.33,6,7.12,19,3.84,3.8,*,*,*,*,*,*,*,0,0,0
2019,CENSUS TRACT,2.0251.00,61,900,1620,58,,4,3.94,5.54,7.42,44,3.37,3.81,15,*,*,*,*,*,*,0,0,0
2019,CENSUS TRACT,2.0252.00,22,700,759,21,,3,14.21,2,3.99,11,3.5,4.18,*,*,*,*,*,*,*,0,0,0
2019,CENSUS TRACT,2.0253.00,39,1045,1804,38,,4,4.3,10,9.62,32,3.71,4.39,*,*,*,*,*,*,*,0,0,0
2019,CENSUS TRACT,2.0254.00,29,700,943,22,,3,5.72,5,6.36,14,3.37,4.27,*,*,*,*,*,*,*,0,0,0
2019,CENSUS TRACT,2.0255.00,14,1083,1696,12,,4,4.5,10.01,10.89,12,5.71,5.53,*,*,*,*,*,*,*,0,0,0
2019,CENSUS TRACT,2.0256.00,17,1000,2175,13,,6.71,11.3,5,4.35,*,*,*,*,*,*,*,*,*,*,0,0,0
2019,CENSUS TRACT,2.0263.00,23,596,896,23,,6,6.08,12.64,15.13,23,4.67,4.38,6,0,0,0,0,0,0,0,0,0
2019,CENSUS TRACT,2.0264.00,20,925,1875,16,,2.58,4.13,1,5.55,*,*,*,*,*,*,*,*,*,*,0,0,0
2019,CENSUS TRACT,2.0265.00,54,1000,2556,52,,5.32,6.31,10,8.84,36,4,4.62,*,*,*,*,*,*,*,0,0,0
2019,CENSUS TRACT,2.0266.01,19,521,1319,16,,3.44,6.39,5.17,7.53,10,3.04,3.3,*,*,*,*,*,*,*,0,0,0
2019,CENSUS TRACT,2.0266.02,79,800,1376,69,,4,10.75,5.08,8.37,50,3.33,4.35,14,*,*,*,*,*,*,0,0,0
2019,CENSUS TRACT,2.0267.01,31,980,982,30,,3,3.83,9.98,10.5,30,2.84,4.4,14,*,*,*,*,*,*,0,0,0
2019,CENSUS TRACT,2.0273.00,25,800,1188,23,,2.79,2.95,8,10,21,4.25,4.49,*,*,*,*,*,*,*,0,0,0
2019,CENSUS TRACT,2.0277.00,20,1000,1083,18,,2.8,3.24,3.12,7.75,*,*,*,*,*,*,*,*,*,*,0,0,0
2019,CENSUS TRACT,2.0279.00,33,875,1688,25,,3,2.4,3,6.53,13,4.33,4.32,*,*,*,*,*,*,*,0,0,0
2019,CENSUS TRACT,2.0283.00,89,2375,7367,70,,3,3.97,10.04,9.41,56,5.75,6.04,6,*,*,*,*,*,*,*,*,*
2019,CENSUS TRACT,2.0285.00,25,1346,2186,20,,3,2.88,6.67,7.25,13,4.42,4.95,*,*,*,*,*,*,*,0,0,0
2019,CENSUS TRACT,2.0287.00,14,3513,5513,13,,3.2,3.49,6.78,7.43,11,3.5,4.5,*,*,*,*,*,*,*,0,0,0
2019,CENSUS TRACT,2.0288.00,45,900,1345,34,,4.66,15.02,5,6.87,20,3.88,4.62,*,*,*,*,*,*,*,0,0,0
2019,CENSUS TRACT,2.0289.00,113,864,1129,107,,5,5.31,10.03,11.9,88,3.13,3.99,32,*,*,*,*,*,*,0,0,0
2019,CENSUS TRACT,2.0293.02,38,1119,8156,35,,4,3.91,21.1,23.84,35,3.58,5.22,10,*,*,*,*,*,*,0,0,0
2019,CENSUS TRACT,2.0295.00,89,1100,1639,86,,4,4,9.99,12.95,72,5.01,5.59,11,*,*,*,*,*,*,0,0,0
2019,CENSUS TRACT,2.0296.00,34,2500,3492,24,,1.46,2.43,1,5.64,*,*,*,0,*,*,*,*,*,*,0,0,0
2019,CENSUS TRACT,2.0297.00,39,1120,1411,36,,5.5,5.62,10.01,14.05,25,4.33,5.11,*,*,*,*,*,*,*,0,0,0
2019,CENSUS TRACT,2.0300.00,31,1400,1685,27,,3,4,2,5.52,13,1.42,2.18,*,*,*,*,*,*,*,0,0,0
2019,CENSUS TRACT,2.0302.00,19,1131,2508,19,,2.67,2.81,10.01,13.9,19,6.17,6.15,5,0,0,0,0,0,0,0,0,0
2019,CENSUS TRACT,2.0310.00,12,9054,19824,*,,*,*,*,*,*,*,*,0,*,*,*,*,*,*,0,0,0
2019,CENSUS TRACT,2.0312.00,36,1504,2202,31,,3.39,11.55,5,6.89,29,2.75,2.93,12,*,*,*,*,*,*,0,0,0
2019,CENSUS TRACT,2.0323.00,20,1805,2332,11,,4,4.36,11.01,15.16,11,6.25,5.24,2,0,0,0,0,0,0,0,0,0
2019,CENSUS TRACT,2.0324.00,15,900,1301,10,,27.5,21.55,6,5.6,*,*,*,*,*,*,*,*,*,*,0,0,0
2019,CENSUS TRACT,2.0326.00,18,850,2157,13,,2.8,10.75,9.92,13.39,10,3.01,3.99,*,*,*,*,*,*,*,0,0,0
2019,CENSUS TRACT,2.0328.00,26,980,2391,22,,3,5.49,3,4.94,14,2.37,3.35,*,*,*,*,*,*,*,0,0,0
2019,CENSUS TRACT,2.0330.00,81,1050,2135,78,,3,3.04,6.34,8.02,51,3.67,4.49,13,*,*,*,*,*,*,0,0,0
2019,CENSUS TRACT,2.0332.02,18,625,871,18,,5.75,5.81,10.13,12.67,17,2.75,3.76,6,0,0,0,0,0,0,0,0,0
2019,CENSUS TRACT,2.0336.00,46,965,2440,45,,3.08,3.47,10.05,11.79,44,2.96,4.45,14,*,*,*,*,*,*,0,0,0
2019,CENSUS TRACT,2.0337.00,47,960,1306,34,,2.38,3.41,10,9.58,25,3,3.59,12,*,*,*,*,*,*,0,0,0
2019,CENSUS TRACT,2.0338.00,37,1000,2681,33,,2,2.71,1,4.85,16,3.54,3.78,*,*,*,*,*,*,*,0,0,0
2019,CENSUS TRACT,2.0342.00,21,1885,2029,17,,2.66,2.58,2,3.77,*,*,*,*,*,*,*,*,*,*,0,0,0
2019,CENSUS TRACT,2.0344.00,10,800,1198,*,,*,*,*,*,*,*,*,*,*,*,*,0,0,0,0,0,0
2019,CENSUS TRACT,2.0345.00,17,750,961,12,,3.28,4.11,6.54,6.59,*,*,*,*,*,*,*,*,*,*,0,0,0
2019,CENSUS TRACT,2.0348.00,29,1100,1968,26,,2.16,2.38,10.51,14.6,20,4.46,5.16,*,*,*,*,*,*,*,0,0,0
2019,CENSUS TRACT,2.0350.00,11,680,1381,*,,*,*,*,*,*,*,*,0,0,0,0,*,*,*,0,0,0
2019,CENSUS TRACT,2.0358.00,35,1100,1379,24,,2.29,2.64,1,5.49,11,2.92,2.69,5,*,*,*,*,*,*,0,0,0
2019,CENSUS TRACT,2.0359.00,18,925,1129,18,,4,3.71,5,5.69,14,1.75,2.96,7,0,0,0,0,0,0,0,0,0
2019,CENSUS TRACT,2.0363.00,41,1250,1691,38,,2,2.52,5.59,11.05,30,2.88,3.7,*,*,*,*,*,*,*,0,0,0
2019,CENSUS TRACT,2.0364.00,41,1125,2020,29,,3,3.26,5.08,6.03,10,5,5.14,2,*,*,*,*,*,*,0,0,0
2019,CENSUS TRACT,2.0365.01,45,900,1785,41,,3,3.33,1,4.1,15,3.84,4.93,*,*,*,*,*,*,*,0,0,0
2019,CENSUS TRACT,2.0365.02,24,1280,1667,21,,3.58,3.57,5,5.9,15,3.75,4.9,*,*,*,*,*,*,*,0,0,0
2019,CENSUS TRACT,2.0369.01,34,1100,2023,27,,4,4.64,6,6.41,19,3.42,3.59,*,*,*,*,*,*,*,0,0,0
2019,CENSUS TRACT,2.0370.00,17,1000,2050,17,,3.75,3.2,1,4.44,*,*,*,*,0,0,0,0,0,0,0,0,0
2019,CENSUS TRACT,2.0371.00,29,1500,1805,28,,3,3.84,7.84,8.12,23,3.84,4.98,*,*,*,*,*,*,*,0,0,0
2019,CENSUS TRACT,2.0372.00,13,1290,3316,10,,2,2.2,6.9,6.18,*,*,*,*,*,*,*,*,*,*,0,0,0
2019,CENSUS TRACT,2.0373.00,63,950,1477,58,,3.29,3.17,5,6,37,3.75,3.79,11,*,*,*,*,*,*,0,0,0
2019,CENSUS TRACT,2.0374.00,41,1318,2461,33,,2.61,2.51,3,5.31,19,2.25,2.83,*,*,*,*,*,*,*,0,0,0
2019,CENSUS TRACT,2.0375.04,45,1850,4402,41,,2.58,3.03,8,8,30,4.88,5.3,10,*,*,*,*,*,*,*,*,*
2019,CENSUS TRACT,2.0378.00,17,1000,2381,14,,3.08,3.3,11.25,11.51,11,6.09,6.68,*,*,*,*,*,*,*,*,*,*
2019,CENSUS TRACT,2.0379.00,21,1350,4139,19,,2,2.31,8,7.46,17,2.09,3.11,*,*,*,*,*,*,*,0,0,0
2019,CENSUS TRACT,2.0380.00,41,702,1596,40,,3.33,3.39,5,5.36,24,2.83,3.54,11,*,*,*,*,*,*,0,0,0
2019,CENSUS TRACT,2.0381.00,50,545,854,45,,3,3.08,9.34,9.43,33,3.67,5.42,*,*,*,*,*,*,*,*,*,*
2019,CENSUS TRACT,2.0383.01,42,633,1212,41,,5,5.27,4,5.38,28,2.79,3.21,11,*,*,*,*,*,*,0,0,0
2019,CENSUS TRACT,2.0383.02,44,2030,5266,37,,2.42,3.82,8,9.2,25,4.33,5.51,*,*,*,*,*,*,*,0,0,0
2019,CENSUS TRACT,2.0385.00,37,980,2829,35,,3,2.81,10,9.29,30,3.29,4.35,*,*,*,*,*,*,*,0,0,0
2019,CENSUS TRACT,2.0386.00,79,1014,1586,74,,2.23,2.53,5,7.57,45,2.33,3.23,24,*,*,*,*,*,*,0,0,0
2019,CENSUS TRACT,2.0387.00,42,2000,4328,38,,3.33,4.06,10,9.56,33,4.09,4.32,*,*,*,*,*,*,*,*,*,*
2019,CENSUS TRACT,2.0389.00,98,720,1631,77,,3.17,3.48,5,6.35,46,2.88,4.26,17,*,*,*,*,*,*,0,0,0
2019,CENSUS TRACT,2.0390.00,25,880,1117,22,,2.48,2.3,1,6.21,*,*,*,*,*,*,*,*,*,*,0,0,0
2019,CENSUS TRACT,2.0391.00,95,700,1343,80,,3.06,3.63,5,7.64,49,4.09,4.48,15,*,*,*,*,*,*,0,0,0
2019,CENSUS TRACT,2.0392.00,19,800,1291,16,,3.88,3.54,10,9.76,15,3.2,4.59,*,*,*,*,*,*,*,*,*,*
2019,CENSUS TRACT,2.0393.00,24,793,1888,22,,3,3.88,10,11.03,22,4.17,4.67,*,*,*,*,*,*,*,0,0,0
2019,CENSUS TRACT,2.0394.00,24,1225,1922,22,,3,3.35,5,5.34,14,3.46,3.56,*,*,*,*,*,*,*,0,0,0
2019,CENSUS TRACT,2.0395.00,67,1775,3997,55,,2.48,2.85,10,10.81,42,3.83,4.63,15,*,*,*,*,*,*,0,0,0
2019,CENSUS TRACT,2.0396.00,46,786,1317,43,,2.81,2.85,5.11,7.97,31,3.25,4.07,*,*,*,*,*,*,*,0,0,0
2019,CENSUS TRACT,2.0397.00,37,1600,4466,29,,3.29,3.69,8,7.58,19,2.5,3.66,*,*,*,*,*,*,*,0,0,0
2019,CENSUS TRACT,2.0399.01,82,1170,2401,66,,5,5.63,5.67,7.88,40,4.41,4.04,13,*,*,*,*,*,*,0,0,0
2019,CENSUS TRACT,2.0399.02,61,704,1819,53,,3,3.74,10,9.8,39,2.25,3.59,18,*,*,*,*,*,*,0,0,0
2019,CENSUS TRACT,2.0401.00,68,1553,6156,63,,4,4.46,10.01,11.27,47,2.42,3.7,23,*,*,*,*,*,*,0,0,0
2019,CENSUS TRACT,2.0403.02,13,800,979,11,,2.81,2.85,10,9.78,10,4.04,4.71,*,*,*,*,*,*,*,0,0,0
2019,CENSUS TRACT,2.0403.04,21,600,1440,21,,5,4.68,5,8.85,21,1.92,2.42,10,0,0,0,0,0,0,0,0,0
2019,CENSUS TRACT,2.0404.00,27,840,1118,25,,3,2.49,10.01,11.86,24,4.88,5.03,*,*,*,*,*,*,*,0,0,0
2019,CENSUS TRACT,2.0405.01,18,750,891,18,,3.82,3.83,8,7.35,11,5.42,5.6,2,0,0,0,0,0,0,0,0,0
2019,CENSUS TRACT,2.0406.00,49,1148,1379,46,,2.33,2.47,9.56,9.18,34,2.75,3.46,12,*,*,*,*,*,*,0,0,0
2019,CENSUS TRACT,2.0407.01,44,900,1002,40,,2.83,3.02,1,5.86,16,6.51,6.99,*,*,*,*,*,*,*,0,0,0
2019,CENSUS TRACT,2.0407.02,25,750,1691,22,,3,3.13,5.1,6.93,16,1.92,2.67,*,*,*,*,*,*,*,0,0,0
2019,CENSUS TRACT,2.0408.00,14,1187,2400,14,,2.24,2.38,8.5,9.93,12,2.42,4.28,7,0,0,0,0,0,0,0,0,0
2019,CENSUS TRACT,2.0411.00,30,1246,4126,23,,3.58,3.6,10.01,9.76,16,5.88,6.31,*,*,*,*,*,*,*,*,*,*
2019,CENSUS TRACT,2.0413.00,24,901,1033,20,,3.18,3.17,5.04,6,16,1.09,2.73,*,*,*,*,*,*,*,0,0,0
2019,CENSUS TRACT,2.0414.00,38,1250,2871,26,,3,3.22,4.5,8.84,16,5.17,7.87,*,*,*,*,*,*,*,0,0,0
2019,CENSUS TRACT,2.0418.00,41,1000,2021,39,,2.58,2.69,10.01,9.57,31,2.84,4,13,*,*,*,*,*,*,0,0,0
2019,CENSUS TRACT,2.0419.00,25,1050,1905,24,,3.97,4.23,10,11.57,24,4.25,5.43,*,*,*,*,*,*,*,0,0,0
2019,CENSUS TRACT,2.0420.00,30,876,1587,26,,3,3.18,8.55,9.09,23,4,4.93,*,*,*,*,*,*,*,0,0,0
2019,CENSUS TRACT,2.0421.00,49,1432,2035,49,,4.86,4.51,1,7.41,19,4.17,4.98,4,0,0,0,0,0,0,0,0,0
2019,CENSUS TRACT,2.0422.00,69,1000,1542,60,,3,3.34,5,7.08,43,2.58,3.89,18,*,*,*,*,*,*,0,0,0
2019,CENSUS TRACT,2.0423.00,56,600,1157,50,,3.83,3.89,4.96,6.9,26,4.21,4.14,*,*,*,*,*,*,*,0,0,0
2019,CENSUS TRACT,2.0424.00,20,895,1941,18,,2.99,2.93,5.87,11,13,4.75,5.75,0,*,*,*,*,*,*,0,0,0
2019,CENSUS TRACT,2.0425.00,65,910,1953,61,,2.96,3.26,8,8.99,44,4.5,4.7,17,*,*,*,*,*,*,0,0,0
2019,CENSUS TRACT,2.0429.02,32,767,1992,32,,3,3.14,10.01,10.59,28,5.05,5.02,9,0,0,0,0,0,0,0,0,0
2019,CENSUS TRACT,2.0431.00,75,800,1771,67,,3.47,3.89,5,6.81,45,3.61,4.82,13,*,*,*,*,*,*,0,0,0
2019,CENSUS TRACT,2.0434.00,45,750,1114,40,,3.58,3.45,9.24,8.76,35,4.25,4.54,*,*,*,*,*,*,*,0,0,0
2019,CENSUS TRACT,2.0442.00,21,896,1166,13,,2.68,2.77,5.09,7.59,*,*,*,*,*,*,*,*,*,*,0,0,0
2019,CENSUS TRACT,2.0449.02,26,753,980,24,,3,3.17,5.12,6.75,14,3.96,4.53,*,*,*,*,*,*,*,0,0,0
2019,CENSUS TRACT,2.0451.01,11,1200,1832,10,,2,1.93,7.76,10.15,10,3,3.59,*,*,*,*,*,*,*,0,0,0
2019,CENSUS TRACT,2.0451.02,15,800,1277,15,,2.25,2.37,4,5.26,10,3,3.4,5,0,0,0,0,0,0,0,0,0
2019,CENSUS TRACT,2.0462.01,193,2817,6906,181,,3,3.29,10.92,14.5,176,5.09,6,29,*,*,*,*,*,*,0,0,0
2019,CENSUS TRACT,2.0462.02,62,2971,4716,50,,2,2.08,9.5,11.31,43,3.75,5.02,13,*,*,*,*,*,*,0,0,0
2019,CENSUS TRACT,2.0484.00,30,1500,2346,19,,1.65,1.92,6,7.81,16,2.92,3.72,*,*,*,*,*,*,*,0,0,0
2019,CENSUS TRACT,2.0516.00,35,2950,3105,20,,2,2.61,5.62,8.16,*,*,*,*,15,1,7.7,0,0,0,0,0,0
2019,CENSUS TRACT,3.0001.00,15,1140,2502,14,,5.42,6.01,8.75,11.1,12,4.17,6.23,*,*,*,*,*,*,*,0,0,0
2019,CENSUS TRACT,3.0002.00,57,2500,3711,43,,2.75,6.32,2,6.03,22,2.25,3.22,11,*,*,*,*,*,*,0,0,0
2019,CENSUS TRACT,3.0005.01,24,1200,1630,21,,7,6.95,9.98,8.63,15,5.09,4.73,*,*,*,*,*,*,*,0,0,0
2019,CENSUS TRACT,3.0005.02,53,1750,3113,47,,7,8.21,10.01,12.78,33,2.84,5.32,*,*,*,*,*,*,*,0,0,0
2019,CENSUS TRACT,3.0007.00,51,1100,1613,41,,4,4.85,1,4.26,15,3.75,4.15,*,*,*,*,*,*,*,0,0,0
2019,CENSUS TRACT,3.0009.00,101,2000,4252,88,,7.5,7.96,10.08,11.62,66,4.63,6.01,17,*,*,*,*,*,*,0,0,0
2019,CENSUS TRACT,3.0011.00,103,1500,3977,94,,7,8.6,10,12.4,72,5.92,6.69,15,*,*,*,*,*,*,*,*,*
2019,CENSUS TRACT,3.0013.00,17,4440,5795,15,,5,9.79,10.09,8.79,*,*,*,0,*,*,*,*,*,*,0,0,0
2019,CENSUS TRACT,3.0015.00,65,2557,14781,52,,3.67,4.64,5.05,8.04,36,3.36,4.65,17,*,*,*,*,*,*,0,0,0
2019,CENSUS TRACT,3.0018.00,162,5000,9777,116,,2,3.16,1,3.42,32,2.5,4.06,9,*,*,*,*,*,*,*,*,*
2019,CENSUS TRACT,3.0020.00,36,2400,3434,27,,2.46,7.35,3,3.56,15,1.84,2.78,*,*,*,*,*,*,*,0,0,0
2019,CENSUS TRACT,3.0021.00,133,2353,3429,108,,5,7.31,10.03,11.14,101,4.75,5.66,26,*,*,*,*,*,*,*,*,*
2019,CENSUS TRACT,3.0022.00,33,1800,2016,23,,1.2,1.95,5,6.65,13,8.01,7.49,*,*,*,*,*,*,*,0,0,0
2019,CENSUS TRACT,3.0033.00,75,2395,6542,54,,5.38,6.28,10.01,9.41,39,7.42,6.43,8,*,*,*,*,*,*,0,0,0
2019,CENSUS TRACT,3.0035.00,55,2000,10552,49,,6,8.38,13.72,12.61,44,2.05,3.32,19,*,*,*,*,*,*,0,0,0
2019,CENSUS TRACT,3.0037.00,133,2250,7102,114,,6,8.35,10.08,14.23,95,5.01,7.9,24,*,*,*,*,*,*,0,0,0
2019,CENSUS TRACT,3.0039.00,34,1651,3351,26,,5,6.53,1,4.84,10,4.58,4.75,*,*,*,*,*,*,*,0,0,0
2019,CENSUS TRACT,3.0041.00,41,713,1320,37,,5,7.02,5.01,7.75,22,3.92,4.3,*,*,*,*,*,*,*,0,0,0
2019,CENSUS TRACT,3.0043.00,58,1600,3012,51,,6,7.02,10,10.49,37,5.33,5.97,*,*,*,*,*,*,*,0,0,0
2019,CENSUS TRACT,3.0045.00,41,1100,2140,35,,7,7.36,9,9.11,27,3.5,4.12,*,*,*,*,*,*,*,0,0,0
2019,CENSUS TRACT,3.0051.00,22,1797,2904,17,,2,2.36,10,8.77,12,4.05,5.5,*,*,*,*,*,*,*,0,0,0
2019,CENSUS TRACT,3.0053.00,47,2000,8974,38,,3,4.63,7,8.07,26,4.46,4.55,*,*,*,*,*,*,*,0,0,0
2019,CENSUS TRACT,3.0054.00,17,643,1892,16,,4,5.06,1,4.81,*,*,*,*,*,*,*,*,*,*,0,0,0
2019,CENSUS TRACT,3.0056.01,17,1133,2324,13,,3,3.11,5.08,12.18,*,*,*,0,*,*,*,*,*,*,0,0,0
2019,CENSUS TRACT,3.0056.02,24,1340,2133,23,,4,4.43,1,5.59,*,*,*,*,*,*,*,*,*,*,0,0,0
2019,CENSUS TRACT,3.0058.00,90,1475,2767,71,,3,3.69,1,5.56,20,4.47,6.58,8,*,*,*,*,*,*,0,0,0
2019,CENSUS TRACT,3.0059.00,28,3500,5895,21,,2,1.98,1,2.05,*,*,*,*,*,*,*,*,*,*,0,0,0
2019,CENSUS TRACT,3.0060.00,53,1000,1086,47,,4,4.74,5.01,7.26,32,3.96,5.13,*,*,*,*,*,*,*,0,0,0
2019,CENSUS TRACT,3.0062.00,36,950,1305,35,,4.14,4.46,1,3.74,13,5.59,4.87,*,*,*,*,*,*,*,0,0,0
2019,CENSUS TRACT,3.0063.00,16,975,1544,10,,2.52,2.53,2,6.57,*,*,*,*,*,*,*,*,*,*,0,0,0
2019,CENSUS TRACT,3.0064.00,37,600,1686,31,,5,5.09,6.25,9.44,21,4.67,3.84,*,*,*,*,*,*,*,0,0,0
2019,CENSUS TRACT,3.0065.00,20,1250,1531,19,,5,6.39,2.41,4.36,11,1.84,3.51,*,*,*,*,*,*,*,0,0,0
2019,CENSUS TRACT,3.0066.00,35,1125,1811,27,,3.33,3.51,10,11.24,23,3.84,4.52,*,*,*,*,*,*,*,*,*,*
2019,CENSUS TRACT,3.0067.00,23,1219,2024,14,,6,5.41,8.84,9.85,10,4.5,4.14,*,*,*,*,*,*,*,*,*,*
2019,CENSUS TRACT,3.0068.00,40,1030,1993,34,,3.44,3.96,5,8.18,19,3.75,4.27,*,*,*,*,*,*,*,0,0,0
2019,CENSUS TRACT,3.0069.00,46,1375,2492,36,,5.62,6.31,5,7.16,20,2.29,5.55,*,*,*,*,*,*,*,*,*,*
2019,CENSUS TRACT,3.0071.00,19,2500,3828,15,,3,5.65,3,4.32,*,*,*,*,*,*,*,*,*,*,0,0,0
2019,CENSUS TRACT,3.0074.00,35,900,1116,32,,3.92,5.07,8.17,8.15,25,3.09,4.21,*,*,*,*,*,*,*,0,0,0
2019,CENSUS TRACT,3.0075.00,24,1275,2038,14,,6.13,5.78,8,6.8,11,5.17,5.34,*,*,*,*,*,*,*,0,0,0
2019,CENSUS TRACT,3.0076.00,40,968,1648,33,,4.41,4.68,5,7.18,19,3.25,3.93,*,*,*,*,*,*,*,0,0,0
2019,CENSUS TRACT,3.0077.00,34,1093,2381,25,,3.42,3.93,2.08,5.85,11,5.42,4.4,*,*,*,*,*,*,*,0,0,0
2019,CENSUS TRACT,3.0078.00,44,1738,2728,36,,4,5.59,6.92,8.41,26,3.09,4.21,10,*,*,*,*,*,*,0,0,0
2019,CENSUS TRACT,3.0080.00,25,900,1169,20,,5,4.95,10,7.57,15,4.33,5.26,*,*,*,*,*,*,*,0,0,0
2019,CENSUS TRACT,3.0082.00,20,850,1879,17,,3.92,3.84,1,3.74,*,*,*,*,*,*,*,*,*,*,0,0,0
2019,CENSUS TRACT,3.0084.00,64,1450,3366,49,,2.5,3.87,5,8.19,30,3,4.14,9,*,*,*,*,*,*,0,0,0
2019,CENSUS TRACT,3.0088.00,10,531,1057,*,,*,*,*,*,*,*,*,*,*,*,*,0,0,0,0,0,0
2019,CENSUS TRACT,3.0090.00,38,2296,2748,30,,2,2.25,2.88,4.63,17,3,3.48,*,*,*,*,*,*,*,0,0,0
2019,CENSUS TRACT,3.0092.00,26,1400,1784,18,,2.29,3.59,1.17,4.18,11,2,2.4,*,*,*,*,*,*,*,0,0,0
2019,CENSUS TRACT,3.0094.00,24,858,1292,23,,4,4.69,2.41,6.62,15,2,2.35,*,*,*,*,*,*,*,0,0,0
2019,CENSUS TRACT,3.0096.00,47,811,883,45,,4,6.07,5,6.01,28,4.13,4.77,*,*,*,*,*,*,*,0,0,0
2019,CENSUS TRACT,3.0098.00,36,1457,1720,32,,3,3.94,4.5,4.82,18,3.96,4.18,*,*,*,*,*,*,*,0,0,0
2019,CENSUS TRACT,3.0100.00,33,980,1069,30,,4,4.61,1.04,4.19,19,1.41,2.55,*,*,*,*,*,*,*,0,0,0
2019,CENSUS TRACT,3.0101.00,67,2800,4287,48,,2,2.84,2.54,4.72,23,2.16,3.86,9,*,*,*,*,*,*,0,0,0
2019,CENSUS TRACT,3.0102.00,37,800,1218,31,,5,4.89,1,3.37,14,2.75,3.25,*,*,*,*,*,*,*,0,0,0
2019,CENSUS TRACT,3.0104.00,89,1400,1569,76,,4,5.53,2.17,4.1,39,3.01,3.24,16,*,*,*,*,*,*,*,*,*
2019,CENSUS TRACT,3.0106.00,62,1272,1501,54,,4.87,6.19,1,4.48,25,3,4.57,10,*,*,*,*,*,*,0,0,0
2019,CENSUS TRACT,3.0108.00,41,925,1306,36,,3.04,4.12,1.58,3.46,18,4.38,3.56,*,*,*,*,*,*,*,0,0,0
2019,CENSUS TRACT,3.0110.00,14,1280,1550,10,,2.5,3.01,5,6.56,*,*,*,0,*,*,*,*,*,*,0,0,0
2019,CENSUS TRACT,3.0112.00,16,1480,1694,12,,3.05,5.18,10,10.46,*,*,*,*,*,*,*,*,*,*,0,0,0
2019,CENSUS TRACT,3.0114.00,16,1200,1618,15,,3,3.68,1,7.69,*,*,*,*,*,*,*,*,*,*,0,0,0
2019,CENSUS TRACT,3.0117.00,68,2744,4272,56,,1.58,3.04,5,6.77,45,2.04,2.53,22,*,*,*,*,*,*,*,*,*
2019,CENSUS TRACT,3.0118.00,73,1750,3140,55,,3,3.11,4,5.8,29,7.01,6.42,4,*,*,*,*,*,*,0,0,0
2019,CENSUS TRACT,3.0119.00,67,2000,11798,59,,3,6.5,3.79,6.04,29,3,2.78,10,*,*,*,*,*,*,0,0,0
2019,CENSUS TRACT,3.0120.00,90,4000,5770,60,,3.44,5.92,2,4.76,32,3.21,4.67,8,*,*,*,*,*,*,0,0,0
2019,CENSUS TRACT,3.0404.00,10,1377,2635,*,,*,*,*,*,*,*,*,*,*,*,*,0,0,0,0,0,0
2019,CENSUS TRACT,3.0121.00,30,2265,2758,22,,2.6,3.18,5.84,7.14,12,1.92,3.44,*,*,*,*,*,*,*,0,0,0
2019,CENSUS TRACT,3.0122.00,43,850,1197,39,,4,5.03,4.98,6.32,25,3.33,3.37,*,*,*,*,*,*,*,0,0,0
2019,CENSUS TRACT,3.0126.00,14,1478,6452,13,,3,3.91,10.01,9.7,*,*,*,*,*,*,*,*,*,*,0,0,0
2019,CENSUS TRACT,3.0127.00,24,2015,4423,22,,3,4.13,9.05,8.08,14,4.79,5.44,*,*,*,*,*,*,*,0,0,0
2019,CENSUS TRACT,3.0129.01,20,1164,4093,13,,5,5.17,4.75,7.93,*,*,*,*,*,*,*,*,*,*,*,*,*
2019,CENSUS TRACT,3.0129.02,28,900,1456,20,,6.04,6.26,9.29,8.73,17,3.25,3.59,*,*,*,*,*,*,*,0,0,0
2019,CENSUS TRACT,3.0130.00,54,1000,1923,49,,3,3.52,8,8.11,37,3.09,4.15,11,*,*,*,*,*,*,0,0,0
2019,CENSUS TRACT,3.0131.00,47,900,1060,36,,7.21,7.82,9.13,8.18,28,2.67,3.62,10,*,*,*,*,*,*,*,*,*
2019,CENSUS TRACT,3.0132.00,16,580,1017,14,,3,2.71,2.33,3.58,*,*,*,*,*,*,*,*,*,*,0,0,0
2019,CENSUS TRACT,3.0133.00,51,1200,1801,47,,6.2,5.84,8.55,9.11,33,4.64,5.34,*,*,*,*,*,*,*,0,0,0
2019,CENSUS TRACT,3.0134.00,27,1200,2148,17,,3,4.25,5,6.85,10,3.45,3.2,4,10,6.13,11.6,0,0,0,0,0,0
2019,CENSUS TRACT,3.0135.00,31,740,1634,31,,5,5.41,2.5,6.16,16,3,5.45,6,0,0,0,0,0,0,0,0,0
2019,CENSUS TRACT,3.0136.00,39,840,937,32,,3.54,3.57,5,9.74,25,1.75,2.84,*,*,*,*,*,*,*,0,0,0
2019,CENSUS TRACT,3.0137.00,35,1700,2934,22,,5,4.58,5,7.05,10,4.57,4.29,*,*,*,*,*,*,*,*,*,*
2019,CENSUS TRACT,3.0138.00,54,1250,1927,44,,4.25,5.06,7.67,8.98,33,1.84,3.2,22,*,*,*,*,*,*,0,0,0
2019,CENSUS TRACT,3.0139.00,61,1400,2535,52,,3,4.08,5,7.32,25,3.33,5.23,11,*,*,*,*,*,*,0,0,0
2019,CENSUS TRACT,3.0140.00,13,800,967,*,,*,*,*,*,*,*,*,*,*,*,*,*,*,*,0,0,0
2019,CENSUS TRACT,3.0141.00,44,2238,2979,36,,4,4.16,10.01,10.1,31,3.5,4.19,12,*,*,*,*,*,*,*,*,*
2019,CENSUS TRACT,3.0142.00,38,925,2255,28,,5,5.14,1,6.47,13,5.17,4.68,*,*,*,*,*,*,*,0,0,0
2019,CENSUS TRACT,3.0143.00,33,1600,2265,25,,4,5.85,1.89,4.52,12,1.79,2.74,*,*,*,*,*,*,*,0,0,0
2019,CENSUS TRACT,3.0145.00,45,1058,1752,35,,3,5.75,5,5.89,24,4.42,4.65,*,*,*,*,*,*,*,0,0,0
2019,CENSUS TRACT,3.0149.00,38,775,762,32,,5.13,5.12,5,9.97,27,3.25,4.19,10,*,*,*,*,*,*,0,0,0
2019,CENSUS TRACT,3.0151.00,30,700,820,24,,5.68,5.54,9.5,9.07,18,4.42,5.08,*,*,*,*,*,*,*,*,*,*
2019,CENSUS TRACT,3.0153.00,25,850,2306,22,,5,8.82,3,7.53,11,3.5,4.31,*,*,*,*,*,*,*,0,0,0
2019,CENSUS TRACT,3.0155.00,27,975,1135,18,,5.4,5.98,10,13.89,17,4.54,6.51,*,*,*,*,*,*,*,0,0,0
2019,CENSUS TRACT,3.0157.00,60,900,1353,48,,6.07,6.63,5,6.22,33,3.25,4.42,10,*,*,*,*,*,*,0,0,0
2019,CENSUS TRACT,3.0159.00,52,1000,1178,43,,5,5.16,5,5.76,22,4.88,4.91,*,*,*,*,*,*,*,0,0,0
2019,CENSUS TRACT,3.0160.00,103,1725,5240,92,,4.92,5.56,6,9.15,62,2.92,5.42,23,*,*,*,*,*,*,0,0,0
2019,CENSUS TRACT,3.0161.00,40,938,2270,36,,5.19,5.94,11.3,14.11,28,5.5,5.54,*,*,*,*,*,*,*,0,0,0
2019,CENSUS TRACT,3.0162.00,12,1453,2030,10,,3,3.05,10.01,7.22,*,*,*,*,*,*,*,*,*,*,0,0,0
2019,CENSUS TRACT,3.0163.00,24,1825,2997,21,,5.08,7.39,2,5.97,17,3.92,4.1,*,*,*,*,*,*,*,0,0,0
2019,CENSUS TRACT,3.0167.00,10,1348,4633,*,,*,*,*,*,*,*,*,*,0,0,0,*,*,*,*,*,*
2019,CENSUS TRACT,3.0169.00,27,800,945,27,,5.08,5.44,5,7.67,16,2.75,3.63,6,0,0,0,0,0,0,0,0,0
2019,CENSUS TRACT,3.0170.00,10,2185,3022,*,,*,*,*,*,*,*,*,*,*,*,*,*,*,*,0,0,0
2019,CENSUS TRACT,3.0176.00,10,1682,2345,*,,*,*,*,*,*,*,*,*,0,0,0,*,*,*,0,0,0
2019,CENSUS TRACT,3.0178.00,28,2000,3765,22,,4,5.65,1,6.18,10,4,4.61,*,*,*,*,*,*,*,0,0,0
2019,CENSUS TRACT,3.0180.00,11,1240,2667,10,,3.33,3.71,7,8.54,*,*,*,*,*,*,*,*,*,*,0,0,0
2019,CENSUS TRACT,3.0181.00,16,1150,1204,14,,5.5,5.29,2,5.41,11,2.5,3.18,*,*,*,*,*,*,*,0,0,0
2019,CENSUS TRACT,3.0182.00,12,1100,1771,11,,3,7.45,2,3.99,*,*,*,*,*,*,*,*,*,*,0,0,0
2019,CENSUS TRACT,3.0183.00,16,1100,1504,11,,5.17,5.36,8,8.38,*,*,*,*,*,*,*,*,*,*,0,0,0
2019,CENSUS TRACT,3.0190.00,30,1700,2409,22,,3,2.61,1.96,4.71,11,3.09,3.81,*,*,*,*,*,*,*,*,*,*
2019,CENSUS TRACT,3.0191.00,41,1400,2682,35,,3,3.73,5,6.39,29,3.17,4.28,10,*,*,*,*,*,*,0,0,0
2019,CENSUS TRACT,3.0192.00,24,1550,2925,14,,2,2.3,2,3.4,*,*,*,*,*,*,*,*,*,*,0,0,0
2019,CENSUS TRACT,3.0193.00,23,1500,2997,21,,3,3.33,8.42,8.37,12,3.63,5.08,*,*,*,*,*,*,*,0,0,0
2019,CENSUS TRACT,3.0194.00,20,750,1699,12,,3,3.3,1.57,5.9,*,*,*,*,*,*,*,*,*,*,0,0,0
2019,CENSUS TRACT,3.0195.00,16,1437,1875,14,,5.5,5.38,10.01,13.72,11,4.33,5.02,0,*,*,*,*,*,*,0,0,0
2019,CENSUS TRACT,3.0196.00,33,900,1850,28,,3.4,5.17,3,6.16,14,3.21,3.53,*,*,*,*,*,*,*,0,0,0
2019,CENSUS TRACT,3.0199.00,34,1182,6244,26,,4.08,4.62,10.7,15.93,26,8.21,10.51,*,*,*,*,*,*,*,0,0,0
2019,CENSUS TRACT,3.0200.00,26,1109,1780,17,,3,3.52,1,4,*,*,*,*,*,*,*,*,*,*,0,0,0
2019,CENSUS TRACT,3.0201.00,24,900,1717,23,,5.95,6.37,1,3.78,*,*,*,*,*,*,*,*,*,*,0,0,0
2019,CENSUS TRACT,3.0203.00,16,1100,1789,11,,3.18,4.15,5.49,5.99,*,*,*,*,*,*,*,*,*,*,0,0,0
2019,CENSUS TRACT,3.0205.00,10,750,1104,10,,4.07,4.79,7.5,7.37,*,*,*,*,0,0,0,0,0,0,0,0,0
2019,CENSUS TRACT,3.0210.00,17,750,1059,15,,3.17,3.29,5,5.82,11,4.09,4.67,*,*,*,*,*,*,*,0,0,0
2019,CENSUS TRACT,3.0211.00,18,950,2324,13,,3.42,7.22,3,4.52,*,*,*,*,*,*,*,*,*,*,0,0,0
2019,CENSUS TRACT,3.0212.00,15,1500,1828,13,,2.17,4.57,1,4.26,*,*,*,*,*,*,*,*,*,*,0,0,0
2019,CENSUS TRACT,3.0213.00,17,1000,1097,16,,4,4.81,10.01,10.53,14,5,5.24,0,*,*,*,*,*,*,0,0,0
2019,CENSUS TRACT,3.0214.00,14,2800,3447,10,,2,2.63,3.5,5.24,*,*,*,*,*,*,*,*,*,*,0,0,0
2019,CENSUS TRACT,3.0215.00,21,500,1274,17,,5.29,5.31,5,6.57,14,1.25,2.22,*,*,*,*,*,*,*,*,*,*
2019,CENSUS TRACT,3.0216.00,11,850,1425,*,,*,*,*,*,*,*,*,*,*,*,*,*,*,*,*,*,*
2019,CENSUS TRACT,3.0217.00,30,685,762,22,,6,8.66,9.38,8.29,19,2.58,3.68,*,*,*,*,*,*,*,0,0,0
2019,CENSUS TRACT,3.0218.00,22,1030,2214,15,,2.25,2.44,1,7.35,*,*,*,*,*,*,*,*,*,*,0,0,0
2019,CENSUS TRACT,3.0219.00,22,1918,2226,11,,6,7.36,10.36,9.97,10,3.71,3.75,*,*,*,*,*,*,*,0,0,0
2019,CENSUS TRACT,3.0220.00,86,1060,1679,74,,3,3.42,9.5,10.2,60,2.46,3.53,27,*,*,*,*,*,*,0,0,0
2019,CENSUS TRACT,3.0222.00,52,1425,1992,43,,4.04,4.59,7.01,8.94,32,4.17,4.91,12,*,*,*,*,*,*,0,0,0
2019,CENSUS TRACT,3.0224.00,18,2008,2217,15,,3,3.43,10.01,10.59,13,3.5,4.98,*,*,*,*,*,*,*,0,0,0
2019,CENSUS TRACT,3.0226.00,20,950,2079,18,,2,2.41,7.84,7.92,14,2.37,3.36,*,*,*,*,*,*,*,0,0,0
2019,CENSUS TRACT,3.0227.00,49,1000,1876,41,,3,3.49,5,7.47,27,3,3.78,*,*,*,*,*,*,*,*,*,*
2019,CENSUS TRACT,3.0228.00,16,1800,2868,11,,2,5.13,4.96,8.03,*,*,*,*,*,*,*,*,*,*,0,0,0
2019,CENSUS TRACT,3.0229.00,13,1200,1522,13,,4.05,4.86,1,1.63,*,*,*,0,0,0,0,0,0,0,0,0,0
2019,CENSUS TRACT,3.0230.00,32,1075,1587,26,,2,2.39,6,6.53,20,1.33,3.91,*,*,*,*,*,*,*,0,0,0
2019,CENSUS TRACT,3.0232.00,45,1440,1633,37,,3,3.8,7,9.64,26,4.17,4.22,10,*,*,*,*,*,*,0,0,0
2019,CENSUS TRACT,3.0233.00,20,1300,1852,17,,3,2.94,10,7.98,14,2.33,2.95,*,*,*,*,*,*,*,*,*,*
2019,CENSUS TRACT,3.0234.00,38,1160,1504,36,,4,4.2,7,8.18,16,6.3,6.35,*,*,*,*,*,*,*,0,0,0
2019,CENSUS TRACT,3.0235.00,32,725,851,19,,3.03,4.3,10.01,8.84,12,7.01,8.1,*,*,*,*,*,*,*,0,0,0
2019,CENSUS TRACT,3.0236.00,34,1160,1471,27,,3,3.13,10.01,10.8,18,4.59,4.82,*,*,*,*,*,*,*,0,0,0
2019,CENSUS TRACT,3.0238.00,15,1250,1591,13,,3,3.68,10.01,9.85,*,*,*,*,*,*,*,*,*,*,0,0,0
2019,CENSUS TRACT,3.0240.00,13,850,1112,*,,*,*,*,*,0,*,*,0,*,*,*,*,*,*,0,0,0
2019,CENSUS TRACT,3.0241.00,17,1000,11315,13,,4,6.07,10.01,13.74,12,6.76,7.94,*,*,*,*,*,*,*,0,0,0
2019,CENSUS TRACT,3.0243.00,21,575,842,13,,6,6.54,5,5.87,*,*,*,*,*,*,*,*,*,*,0,0,0
2019,CENSUS TRACT,3.0244.00,20,400,686,17,,3,3.09,1,2.53,*,*,*,*,*,*,*,*,*,*,0,0,0
2019,CENSUS TRACT,3.0245.00,32,900,2423,26,,3.71,4.24,5.88,8.03,18,5.21,6.9,*,*,*,*,*,*,*,0,0,0
2019,CENSUS TRACT,3.0247.00,50,2320,4415,42,,4,4.12,6.14,7.59,23,4,4.86,*,*,*,*,*,*,*,*,*,*
2019,CENSUS TRACT,3.0248.00,27,1200,2569,18,,3,3.29,3,7.32,*,*,*,*,*,*,*,*,*,*,0,0,0
2019,CENSUS TRACT,3.0249.00,25,650,726,16,,4,3.8,1,3.16,*,*,*,*,*,*,*,*,*,*,0,0,0
2019,CENSUS TRACT,3.0250.00,15,1808,2957,*,,*,*,*,*,*,*,*,0,*,*,*,*,*,*,0,0,0
2019,CENSUS TRACT,3.0251.00,12,1229,1126,*,,*,*,*,*,*,*,*,0,0,0,0,*,*,*,0,0,0
2019,CENSUS TRACT,3.0252.00,23,1950,3449,19,,4,6.56,10,10.46,10,5.09,7.24,*,*,*,*,*,*,*,0,0,0
2019,CENSUS TRACT,3.0253.00,14,985,2050,14,,3,3.65,9.46,7.91,11,6.38,6.01,2,0,0,0,0,0,0,0,0,0
2019,CENSUS TRACT,3.0254.00,16,1500,2188,13,,2,3.27,8.76,7.75,*,*,*,*,*,*,*,*,*,*,0,0,0
2019,CENSUS TRACT,3.0256.00,23,940,1825,20,,3.81,3.67,1,3.75,*,*,*,*,*,*,*,*,*,*,0,0,0
2019,CENSUS TRACT,3.0257.00,18,1163,1429,12,,3,2.95,7.71,7.04,*,*,*,*,*,*,*,*,*,*,0,0,0
2019,CENSUS TRACT,3.0258.00,27,800,1411,23,,2,2.64,6.92,7.66,18,3.54,4.79,*,*,*,*,*,*,*,0,0,0
2019,CENSUS TRACT,3.0259.01,24,1140,1180,21,,2,2.52,3,3.21,18,0.96,1.87,10,*,*,*,*,*,*,0,0,0
2019,CENSUS TRACT,3.0260.00,29,1300,2198,26,,3.1,4.21,4.71,7.07,15,1.84,2.84,*,*,*,*,*,*,*,0,0,0
2019,CENSUS TRACT,3.0261.00,15,1775,3171,*,,*,*,*,*,*,*,*,*,*,*,*,*,*,*,0,0,0
2019,CENSUS TRACT,3.0264.00,28,1240,1833,25,,2.04,2.16,2,3.86,14,1.13,2.3,*,*,*,*,*,*,*,0,0,0
2019,CENSUS TRACT,3.0265.00,10,600,740,*,,*,*,*,*,*,*,*,*,0,0,0,*,*,*,0,0,0
2019,CENSUS TRACT,3.0266.00,18,1000,1548,14,,2.78,3.16,5,7.83,10,3.44,3.77,*,*,*,*,*,*,*,0,0,0
2019,CENSUS TRACT,3.0268.00,20,525,745,14,,2.29,2.41,1,4.47,*,*,*,*,*,*,*,*,*,*,0,0,0
2019,CENSUS TRACT,3.0269.00,18,805,1101,17,,4,3.79,5,6.73,13,4.59,5.74,*,*,*,*,*,*,*,0,0,0
2019,CENSUS TRACT,3.0271.00,16,904,1983,13,,3,4.12,10,6.96,12,3.58,4.36,*,*,*,*,*,*,*,0,0,0
2019,CENSUS TRACT,3.0273.00,23,1050,1896,18,,2.61,2.59,8.38,8.18,13,4.16,5.03,*,*,*,*,*,*,*,0,0,0
2019,CENSUS TRACT,3.0274.00,12,1500,1505,*,,*,*,*,*,*,*,*,*,*,*,*,*,*,*,0,0,0
2019,CENSUS TRACT,3.0275.00,27,600,808,19,,3.11,3.78,6.84,6.51,17,3.09,3.23,*,*,*,*,*,*,*,0,0,0
2019,CENSUS TRACT,3.0276.00,40,1000,2212,36,,3,3.25,1,3.99,14,2.15,3.35,*,*,*,*,*,*,*,0,0,0
2019,CENSUS TRACT,3.0277.00,16,1638,3950,12,,2,2.06,10,9.91,11,3.5,5.1,*,*,*,*,*,*,*,0,0,0
2019,CENSUS TRACT,3.0278.00,42,1178,3085,37,,3,3.18,5,6.02,24,2.88,3.57,*,*,*,*,*,*,*,0,0,0
2019,CENSUS TRACT,3.0279.00,16,1007,2509,*,,*,*,*,*,*,*,*,*,*,*,*,*,*,*,0,0,0
2019,CENSUS TRACT,3.0280.00,15,950,1367,14,,3,3.71,1.16,4.39,*,*,*,*,*,*,*,*,*,*,0,0,0
2019,CENSUS TRACT,3.0281.00,32,1013,1759,25,,2,2.4,5,6.51,17,4.09,4.9,*,*,*,*,*,*,*,0,0,0
2019,CENSUS TRACT,3.0282.00,16,927,852,14,,4.04,3.56,1.5,3.13,*,*,*,*,*,*,*,*,*,*,0,0,0
2019,CENSUS TRACT,3.0283.00,19,989,1802,15,,3,3,5.5,7.48,15,3.42,3.32,*,*,*,*,*,*,*,0,0,0
2019,CENSUS TRACT,3.0284.00,30,1000,1517,25,,3.33,3.56,2,6.62,13,3.92,5.18,*,*,*,*,*,*,*,0,0,0
2019,CENSUS TRACT,3.0285.01,18,1717,2089,12,,2.92,3.3,1,2.82,*,*,*,*,*,*,*,*,*,*,*,*,*
2019,CENSUS TRACT,3.0286.00,20,1511,1960,17,,3.3,3.13,9.92,10.25,14,3.94,4.31,*,*,*,*,*,*,*,0,0,0
2019,CENSUS TRACT,3.0287.00,17,1200,2274,16,,4,4.67,7.5,9.33,12,7.55,7.98,*,*,*,*,*,*,*,0,0,0
2019,CENSUS TRACT,3.0288.00,53,1500,2110,46,,4,4.11,2,5.42,23,3.58,4.36,*,*,*,*,*,*,*,0,0,0
2019,CENSUS TRACT,3.0289.00,24,1360,1888,21,,3,2.64,5,5.81,15,3.5,3.61,*,*,*,*,*,*,*,*,*,*
2019,CENSUS TRACT,3.0290.00,43,2000,3211,36,,4,4.62,3.52,8.54,17,5.42,5.87,*,*,*,*,*,*,*,*,*,*
2019,CENSUS TRACT,3.0292.00,22,918,1147,21,,2.67,2.63,7.34,7.33,20,3.71,4.27,*,*,*,*,*,*,*,0,0,0
2019,CENSUS TRACT,3.0294.00,15,2958,20227,13,,7,6.54,6.92,8.02,13,4.92,6.45,*,*,*,*,*,*,*,0,0,0
2019,CENSUS TRACT,3.0295.00,13,700,844,12,,3,3.5,2.62,4.19,*,*,*,0,*,*,*,*,*,*,0,0,0
2019,CENSUS TRACT,3.0296.00,49,1300,1583,45,,4,3.93,2.25,5.44,25,2.58,3.23,*,*,*,*,*,*,*,*,*,*
2019,CENSUS TRACT,3.0298.00,29,1200,2766,25,,4,4.32,6,9.1,16,4.96,7.8,*,*,*,*,*,*,*,0,0,0
2019,CENSUS TRACT,3.0300.00,35,1200,3048,30,,3,2.84,4,7.1,16,2.73,4.13,*,*,*,*,*,*,*,0,0,0
2019,CENSUS TRACT,3.0301.00,17,750,2874,16,,3.5,7.49,6.21,9.87,16,3.17,3.3,*,*,*,*,*,*,*,0,0,0
2019,CENSUS TRACT,3.0303.00,17,1300,6962,12,,3,3.38,14.26,13.31,11,2.84,4.11,*,*,*,*,*,*,*,0,0,0
2019,CENSUS TRACT,3.0305.00,26,2443,5404,19,,3,4.3,10.01,12.52,16,4.93,7.51,*,*,*,*,*,*,*,0,0,0
2019,CENSUS TRACT,3.0308.00,15,2000,4225,12,,9.5,7.62,1,3.31,*,*,*,0,*,*,*,*,*,*,0,0,0
2019,CENSUS TRACT,3.0309.00,21,2000,3375,16,,3,3.58,10.03,12.26,13,4.42,7.6,*,*,*,*,*,*,*,0,0,0
2019,CENSUS TRACT,3.0311.00,14,1775,2889,*,,*,*,*,*,*,*,*,*,*,*,*,*,*,*,0,0,0
2019,CENSUS TRACT,3.0314.00,13,1100,1335,*,,*,*,*,*,*,*,*,*,*,*,*,*,*,*,0,0,0
2019,CENSUS TRACT,3.0315.00,30,1000,1300,28,,3,3.16,8.22,8.31,18,3.96,3.92,*,*,*,*,*,*,*,0,0,0
2019,CENSUS TRACT,3.0317.01,28,950,2397,27,,3.54,3.73,10,10.13,22,5.63,5.63,*,*,*,*,*,*,*,0,0,0
2019,CENSUS TRACT,3.0317.02,23,400,514,23,,6,8.32,6,7.36,20,4,4.93,6,0,0,0,0,0,0,0,0,0
2019,CENSUS TRACT,3.0319.00,20,965,1777,19,,2.59,3.04,2,4.26,13,0.58,0.77,*,*,*,*,*,*,*,0,0,0
2019,CENSUS TRACT,3.0321.00,28,874,1937,24,,3,3.19,3.96,3.75,17,3.75,3.32,*,*,*,*,*,*,*,0,0,0
2019,CENSUS TRACT,3.0323.00,28,850,2555,22,,3,4.71,6.08,7.28,19,1.84,2.5,*,*,*,*,*,*,*,0,0,0
2019,CENSUS TRACT,3.0325.00,17,900,1351,*,,*,*,*,*,*,*,*,*,*,*,*,*,*,*,0,0,0
2019,CENSUS TRACT,3.0327.00,38,1500,4364,30,,2.01,5.17,5,6.02,21,3.09,4.19,*,*,*,*,*,*,*,0,0,0
2019,CENSUS TRACT,3.0328.00,11,1500,4818,11,,3.42,5.81,10.01,12.46,*,*,*,*,0,0,0,0,0,0,0,0,0
2019,CENSUS TRACT,3.0329.00,32,680,1120,28,,4,5.02,3.16,5.4,28,1.17,3,15,*,*,*,*,*,*,0,0,0
2019,CENSUS TRACT,3.0331.00,14,850,2655,13,,2.97,5.22,10.01,9.21,12,2.83,3.51,*,*,*,*,*,*,*,0,0,0
2019,CENSUS TRACT,3.0333.00,11,840,1126,10,,5,4.44,1.79,2.87,*,*,*,*,*,*,*,*,*,*,0,0,0
2019,CENSUS TRACT,3.0337.00,13,1216,1674,12,,3,5.25,5.96,9,11,2.92,2.97,*,*,*,*,*,*,*,0,0,0
2019,CENSUS TRACT,3.0339.00,18,475,1556,13,,3.75,5.59,9.01,14.93,11,3.09,3.68,*,*,*,*,*,*,*,0,0,0
2019,CENSUS TRACT,3.0342.00,19,2400,2733,18,,2.2,2.41,7.74,6.8,12,3,3.58,*,*,*,*,*,*,*,0,0,0
2019,CENSUS TRACT,3.0345.00,27,550,1099,25,,2.67,2.87,7,8.06,25,3.25,3.53,*,*,*,*,*,*,*,0,0,0
2019,CENSUS TRACT,3.0348.00,41,2080,5998,32,,2,2.44,5,6.73,16,2.96,3.66,*,*,*,*,*,*,*,*,*,*
2019,CENSUS TRACT,3.0349.00,31,1071,1632,25,,3,3.94,5.08,11.33,18,3.5,3.7,*,*,*,*,*,*,*,0,0,0
2019,CENSUS TRACT,3.0350.00,20,2550,4398,13,,2.75,2.62,6,7.57,*,*,*,*,*,*,*,*,*,*,*,*,*
2019,CENSUS TRACT,3.0351.00,58,1340,2506,43,,3,3.7,5,7.8,29,3.25,4.5,7,*,*,*,*,*,*,*,*,*
2019,CENSUS TRACT,3.0352.00,13,1600,2793,11,,5.5,7.53,3.58,13.38,*,*,*,*,*,*,*,*,*,*,0,0,0
2019,CENSUS TRACT,3.0353.00,13,500,605,12,,4,3.96,8,6.8,10,4.17,3.5,*,*,*,*,*,*,*,0,0,0
2019,CENSUS TRACT,3.0354.00,31,2433,6709,16,,4.18,4.15,15.01,16.95,16,11.76,11.45,*,0,0,0,13,1,1,0,0,0
2019,CENSUS TRACT,3.0355.00,33,735,870,25,,2.5,2.67,4,4.85,20,2.67,2.94,*,*,*,*,*,*,*,*,*,*
2019,CENSUS TRACT,3.0356.02,11,1075,1432,10,,4,4,3,7.15,*,*,*,0,*,*,*,*,*,*,0,0,0
2019,CENSUS TRACT,3.0359.00,13,750,2657,12,,2.5,2.5,9.97,11.05,10,3.67,3.99,*,*,*,*,*,*,*,0,0,0
2019,CENSUS TRACT,3.0360.01,43,796,1617,39,,6,6.18,1,3.57,*,*,*,*,*,*,*,*,*,*,0,0,0
2019,CENSUS TRACT,3.0360.02,17,2400,2827,17,,5,7.06,10,10.38,13,3,4.28,5,0,0,0,0,0,0,0,0,0
2019,CENSUS TRACT,3.0361.00,18,1277,2664,16,,3.5,6.52,9.42,8.21,14,2.01,2.95,*,*,*,*,*,*,*,*,*,*
2019,CENSUS TRACT,3.0362.00,82,1510,1783,74,,4.95,6.02,9.13,7.74,49,5.01,5.21,13,*,*,*,*,*,*,0,0,0
2019,CENSUS TRACT,3.0369.00,17,1000,1456,14,,4.09,8.7,5.71,5.93,12,1.58,3.25,*,*,*,*,*,*,*,0,0,0
2019,CENSUS TRACT,3.0370.00,18,1130,2501,15,,4,3.98,7,9.74,12,3.67,3.86,*,*,*,*,*,*,*,0,0,0
2019,CENSUS TRACT,3.0373.00,16,1407,2452,14,,4.25,11.43,10.01,10.87,11,6.01,6,*,*,*,*,*,*,*,0,0,0
2019,CENSUS TRACT,3.0374.02,17,2500,3923,13,,4.09,4.25,1,2.26,*,*,*,0,*,*,*,*,*,*,0,0,0
2019,CENSUS TRACT,3.0375.00,15,800,2993,12,,3,2.87,5.04,10.9,10,3,9.46,*,*,*,*,*,*,*,0,0,0
2019,CENSUS TRACT,3.0377.00,15,592,604,12,,2.92,2.86,4.46,4.83,10,2.13,3.38,*,*,*,*,*,*,*,*,*,*
2019,CENSUS TRACT,3.0385.00,15,746,754,11,,3,3.1,6.96,7.71,*,*,*,*,*,*,*,*,*,*,0,0,0
2019,CENSUS TRACT,3.0386.00,28,1600,2115,21,,3.17,4.19,6.17,7.43,*,*,*,0,*,*,*,*,*,*,0,0,0
2019,CENSUS TRACT,3.0387.00,15,1120,1328,11,,2.55,2.39,7.92,6.87,*,*,*,*,*,*,*,*,*,*,0,0,0
2019,CENSUS TRACT,3.0388.00,12,950,1625,12,,3,2.81,1,3.25,*,*,*,0,0,0,0,0,0,0,0,0,0
2019,CENSUS TRACT,3.0389.00,43,2000,3446,36,,3.48,11.94,5.5,7.8,26,4,5.38,10,*,*,*,*,*,*,0,0,0
2019,CENSUS TRACT,3.0391.00,16,907,1828,*,,*,*,*,*,*,*,*,*,*,*,*,*,*,*,0,0,0
2019,CENSUS TRACT,3.0392.00,28,1391,1731,25,,2.67,2.8,1,4.46,10,2.65,3.08,*,*,*,*,*,*,*,0,0,0
2019,CENSUS TRACT,3.0393.00,24,1600,2292,22,,2,2.5,6.17,6.96,17,2.01,3.18,*,*,*,*,*,*,*,0,0,0
2019,CENSUS TRACT,3.0394.00,23,1300,1652,21,,2.73,3.57,4.75,6.24,11,1.84,2.94,*,*,*,*,*,*,*,0,0,0
2019,CENSUS TRACT,3.0395.00,15,3000,4127,14,,9.5,17.22,8.38,9.11,10,3.33,3.61,*,*,*,*,*,*,*,0,0,0
2019,CENSUS TRACT,3.0396.00,18,1435,1923,15,,3.63,3.82,4,6.32,*,*,*,*,*,*,*,*,*,*,0,0,0
2019,CENSUS TRACT,3.0397.00,24,2900,5315,18,,2.74,2.66,3.79,6.69,10,2.71,4.22,*,*,*,*,*,*,*,0,0,0
2019,CENSUS TRACT,3.0398.00,32,1000,2265,27,,2.73,4.12,1,3.32,11,3.42,3.3,*,*,*,*,*,*,*,0,0,0
2019,CENSUS TRACT,3.0400.00,34,1288,1696,25,,2.93,3.28,4,8.65,13,1.42,3.41,*,*,*,*,*,*,*,0,0,0
2019,CENSUS TRACT,3.0401.00,15,2100,2656,13,,9,15.37,10.01,8.55,11,4.09,4.46,*,*,*,*,*,*,*,0,0,0
2019,CENSUS TRACT,3.0402.00,31,1190,1691,30,,3,2.8,1,4.71,*,*,*,*,*,*,*,*,*,*,0,0,0
2019,CENSUS TRACT,3.0403.00,37,1333,1918,32,,3,2.66,4,5.99,17,2.92,3.31,*,*,*,*,*,*,*,0,0,0
2019,CENSUS TRACT,3.0408.00,21,800,996,18,,3,3.71,1,2.06,*,*,*,*,*,*,*,*,*,*,0,0,0
2019,CENSUS TRACT,3.0409.00,10,3250,3702,*,,*,*,*,*,*,*,*,*,0,0,0,*,*,*,0,0,0
2019,CENSUS TRACT,3.0412.00,31,1200,2910,27,,3.46,4.45,4.92,5.99,14,3.37,4.78,*,*,*,*,*,*,*,0,0,0
2019,CENSUS TRACT,3.0414.01,16,1100,2126,13,,3,3.84,8,9.99,*,*,*,*,*,*,*,*,*,*,0,0,0
2019,CENSUS TRACT,3.0418.00,44,1070,2117,40,,4,3.76,5,8.29,23,4,4.9,*,*,*,*,*,*,*,0,0,0
2019,CENSUS TRACT,3.0420.00,23,1100,2483,20,,6,5.1,3.5,7.78,10,3.79,4.35,*,*,*,*,*,*,*,0,0,0
2019,CENSUS TRACT,3.0421.00,15,1400,1296,13,,3,7.15,5,4.72,*,*,*,*,*,*,*,*,*,*,0,0,0
2019,CENSUS TRACT,3.0422.00,39,1400,2165,28,,3,3.37,7.06,9.59,13,2.84,4.14,*,*,*,*,*,*,*,0,0,0
2019,CENSUS TRACT,3.0423.00,18,775,1490,17,,2.19,9.58,1.08,3.46,12,1.04,2.61,*,*,*,*,*,*,*,0,0,0
2019,CENSUS TRACT,3.0424.00,15,1000,2162,12,,2.29,3.37,4.96,4.74,*,*,*,*,*,*,*,*,*,*,0,0,0
2019,CENSUS TRACT,3.0425.00,11,1400,3062,*,,*,*,*,*,*,*,*,*,*,*,*,0,0,0,0,0,0
2019,CENSUS TRACT,3.0426.00,21,1150,2305,20,,3.95,3.67,6.5,8.49,12,4.88,6.68,*,*,*,*,*,*,*,0,0,0
2019,CENSUS TRACT,3.0427.00,27,1200,1821,20,,3,5.56,5.05,6.49,14,3.88,4.53,*,*,*,*,*,*,*,0,0,0
2019,CENSUS TRACT,3.0428.00,16,2710,2664,13,,3,2.79,10.01,9.9,12,5.09,6.35,*,*,*,*,*,*,*,0,0,0
2019,CENSUS TRACT,3.0429.00,69,1400,1656,58,,4,6.3,7.25,8.05,47,3.54,4.18,10,*,*,*,*,*,*,0,0,0
2019,CENSUS TRACT,3.0430.00,22,755,1615,20,,3.08,3.41,9.42,9.59,17,3.01,3.52,*,*,*,*,*,*,*,0,0,0
2019,CENSUS TRACT,3.0431.00,68,1450,2985,61,,3,5.41,9.59,10.37,49,4.59,5.97,14,*,*,*,*,*,*,0,0,0
2019,CENSUS TRACT,3.0432.00,31,850,1823,26,,3,3.43,5.46,6.88,20,3.5,4.02,*,*,*,*,*,*,*,0,0,0
2019,CENSUS TRACT,3.0433.00,29,1000,1437,27,,3.67,6.26,5,7.66,15,2.42,4.43,*,*,*,*,*,*,*,0,0,0
2019,CENSUS TRACT,3.0434.00,14,1000,1105,13,,1.58,1.97,10.01,9.7,11,4.5,4.4,*,*,*,*,*,*,*,0,0,0
2019,CENSUS TRACT,3.0435.00,10,706,842,10,,2,2.5,8.12,8.42,*,*,*,*,0,0,0,0,0,0,0,0,0
2019,CENSUS TRACT,3.0436.00,32,750,936,30,,3,3.21,10,10.68,23,4.01,5,*,*,*,*,*,*,*,0,0,0
2019,CENSUS TRACT,3.0437.00,11,450,584,*,,*,*,*,*,*,*,*,*,0,0,0,*,*,*,0,0,0
2019,CENSUS TRACT,3.0438.00,33,3000,3775,30,,2,2.67,1,2.8,16,0.73,2.57,*,*,*,*,*,*,*,0,0,0
2019,CENSUS TRACT,3.0439.00,55,800,1547,50,,4,10.89,3.42,5.07,29,1.58,3.03,18,*,*,*,*,*,*,0,0,0
2019,CENSUS TRACT,3.0443.00,35,1076,1087,30,,3.12,4.79,1.36,4.04,14,2.55,2.99,*,*,*,*,*,*,*,*,*,*
2019,CENSUS TRACT,3.0445.00,31,1250,2121,26,,4,5.66,5,6.58,18,5.21,6.6,*,*,*,*,*,*,*,0,0,0
2019,CENSUS TRACT,3.0447.00,57,1756,3566,48,,4,4.32,8.76,7.26,35,7.59,6.75,*,*,*,*,*,*,*,0,0,0
2019,CENSUS TRACT,3.0449.00,65,6852,13149,51,,1.98,3.82,5,6.83,32,3,3.38,11,*,*,*,*,*,*,0,0,0
2019,CENSUS TRACT,3.0453.00,67,1788,2580,57,,3,7.56,5,5.59,45,1.58,2.72,22,*,*,*,*,*,*,0,0,0
2019,CENSUS TRACT,3.0454.00,29,1000,1771,24,,2.38,2.91,6,11.46,12,4.75,5.89,*,*,*,*,*,*,*,0,0,0
2019,CENSUS TRACT,3.0456.00,11,600,1423,*,,*,*,*,*,*,*,*,*,*,*,*,*,*,*,0,0,0
2019,CENSUS TRACT,3.0460.00,19,1500,2021,18,,3,3.19,4,5.42,*,*,*,*,*,*,*,*,*,*,0,0,0
2019,CENSUS TRACT,3.0462.02,16,1442,4691,10,,3.44,5.04,10.01,10.8,*,*,*,*,*,*,*,*,*,*,0,0,0
2019,CENSUS TRACT,3.0474.00,33,1200,7550,31,,2.75,2.93,10.01,15.32,23,3,4.39,10,*,*,*,*,*,*,0,0,0
2019,CENSUS TRACT,3.0476.00,32,725,959,29,,3,2.95,1,5.8,10,3.17,2.99,*,*,*,*,*,*,*,0,0,0
2019,CENSUS TRACT,3.0477.00,17,1000,1793,14,,4.5,5.71,5,6.48,10,2.92,3.79,*,*,*,*,*,*,*,0,0,0
2019,CENSUS TRACT,3.0478.00,30,913,2209,25,,2,2.68,6.51,8.14,19,1,1.48,15,*,*,*,*,*,*,0,0,0
2019,CENSUS TRACT,3.0480.00,14,1000,1136,12,,3.04,3.15,4,4.19,*,*,*,*,*,*,*,*,*,*,0,0,0
2019,CENSUS TRACT,3.0481.00,20,4278,4493,14,,1.67,4.38,4.98,5.54,11,3.17,3.19,*,*,*,*,*,*,*,0,0,0
2019,CENSUS TRACT,3.0482.00,10,881,1020,*,,*,*,*,*,*,*,*,*,0,0,0,*,*,*,0,0,0
2019,CENSUS TRACT,3.0484.00,22,1066,2202,22,,4,4.7,5,6.27,13,4.75,4.7,4,0,0,0,0,0,0,0,0,0
2019,CENSUS TRACT,3.0485.00,85,2500,4947,67,,2,4.45,3,4.85,33,3.33,3.36,14,*,*,*,*,*,*,0,0,0
2019,CENSUS TRACT,3.0486.00,34,730,1819,30,,3,2.99,1,3.85,11,3.5,5.76,*,*,*,*,*,*,*,0,0,0
2019,CENSUS TRACT,3.0488.00,21,600,986,17,,3,3.67,8.25,9.66,*,*,*,*,*,*,*,*,*,*,0,0,0
2019,CENSUS TRACT,3.0491.00,97,1375,3067,83,,5,20.44,10,9.88,54,5.09,5.41,*,*,*,*,*,*,*,0,0,0
2019,CENSUS TRACT,3.0492.00,18,2200,5259,14,,12,11.05,10.01,18.58,11,8.09,15.48,*,*,*,*,*,*,*,0,0,0
2019,CENSUS TRACT,3.0493.00,44,1325,1801,40,,5,12.6,6.5,7.66,33,2.25,3.13,16,*,*,*,*,*,*,*,*,*
2019,CENSUS TRACT,3.0494.00,15,806,817,13,,5,5,6,5.47,*,*,*,*,*,*,*,*,*,*,0,0,0
2019,CENSUS TRACT,3.0495.00,66,889,1681,53,,4.29,9.58,5,5.92,43,3.33,3.98,13,*,*,*,*,*,*,0,0,0
2019,CENSUS TRACT,3.0496.00,43,800,1428,35,,3.63,4.28,1,4.45,17,3.01,4.15,*,*,*,*,*,*,*,*,*,*
2019,CENSUS TRACT,3.0497.00,38,900,1274,30,,5.58,19.37,6,7.28,15,4.25,4.31,*,*,*,*,*,*,*,0,0,0
2019,CENSUS TRACT,3.0498.00,12,2556,3783,12,,5.96,9.47,6.5,13.6,*,*,*,*,0,0,0,0,0,0,0,0,0
2019,CENSUS TRACT,3.0499.00,17,1148,1916,14,,3.39,4.11,4,5.04,10,2.21,3.08,*,*,*,*,*,*,*,*,*,*
2019,CENSUS TRACT,3.0501.00,21,1200,1661,14,,3.5,3.88,2,4.41,*,*,*,*,*,*,*,*,*,*,0,0,0
2019,CENSUS TRACT,3.0503.00,21,1375,2590,16,,4,19.6,9.07,8.82,12,3.63,4.11,*,*,*,*,*,*,*,0,0,0
2019,CENSUS TRACT,3.0504.00,15,1380,4145,11,,2.75,4.66,10.01,9.31,*,*,*,*,*,*,*,*,*,*,0,0,0
2019,CENSUS TRACT,3.0505.00,24,1000,1572,23,,3,5.45,3,4.74,16,1.58,2.61,*,*,*,*,*,*,*,0,0,0
2019,CENSUS TRACT,3.0506.00,27,1200,1579,27,,4,9.18,5.04,6.41,19,3,3.99,6,0,0,0,0,0,0,0,0,0
2019,CENSUS TRACT,3.0507.00,29,1400,2176,23,,4,8.16,1,3.53,*,*,*,*,*,*,*,*,*,*,*,*,*
2019,CENSUS TRACT,3.0508.01,45,1000,2222,39,,4,5.99,10,11.58,33,3.75,4.41,10,*,*,*,*,*,*,0,0,0
2019,CENSUS TRACT,3.0508.03,15,1000,2719,14,,3,3.7,10,18.36,10,4.05,4.99,*,*,*,*,*,*,*,0,0,0
2019,CENSUS TRACT,3.0509.00,13,1540,1552,12,,2,5,7.5,6.81,*,*,*,*,*,*,*,*,*,*,0,0,0
2019,CENSUS TRACT,3.0510.01,16,1178,2655,14,,7.5,13.18,9,9.71,13,4.84,6,*,*,*,*,*,*,*,0,0,0
2019,CENSUS TRACT,3.0510.02,46,1202,1859,40,,6.5,7.24,9.94,9.64,37,3.58,4.32,10,*,*,*,*,*,*,0,0,0
2019,CENSUS TRACT,3.0511.00,25,1000,1962,22,,2,10.33,7.63,11.33,18,3.13,7.96,*,*,*,*,*,*,*,0,0,0
2019,CENSUS TRACT,3.0513.00,48,1341,1646,41,,3,4.6,5,7.72,23,3.84,5.4,*,*,*,*,*,*,*,0,0,0
2019,CENSUS TRACT,3.0514.00,17,350,1543,17,,4,4.18,1,5.34,*,*,*,*,0,0,0,0,0,0,0,0,0
2019,CENSUS TRACT,3.0515.00,14,2739,5066,12,,3.5,7.43,6.5,8.5,*,*,*,*,*,*,*,*,*,*,0,0,0
2019,CENSUS TRACT,3.0516.02,16,1456,2601,12,,2.93,4.5,10,9.87,12,3.58,4.4,*,*,*,*,*,*,*,0,0,0
2019,CENSUS TRACT,3.0517.00,31,1000,1468,29,,7,7.52,10,7.54,21,3.5,4.44,*,*,*,*,*,*,*,0,0,0
2019,CENSUS TRACT,3.0519.00,56,1500,2676,41,,5,5.1,10,7.81,30,4.92,5.96,6,*,*,*,*,*,*,*,*,*
2019,CENSUS TRACT,3.0520.00,23,1100,1950,20,,4,4.3,10.44,14.84,16,6.5,6.01,*,*,*,*,*,*,*,0,0,0
2019,CENSUS TRACT,3.0523.00,78,930,1322,67,,4,10.75,6.09,7.64,59,3.09,4.7,25,*,*,*,*,*,*,0,0,0
2019,CENSUS TRACT,3.0525.00,74,920,1550,59,,3,3.72,9,9.11,40,3.03,4.83,15,*,*,*,*,*,*,0,0,0
2019,CENSUS TRACT,3.0526.00,37,600,921,36,,3,3.79,5,5.65,15,2.5,2.42,*,*,*,*,*,*,*,0,0,0
2019,CENSUS TRACT,3.0527.00,62,807,1286,49,,3.81,10.29,5,6.29,33,2.09,2.52,14,*,*,*,*,*,*,0,0,0
2019,CENSUS TRACT,3.0528.00,10,533,690,10,,2.63,3.11,7.57,7.01,*,*,*,*,0,0,0,0,0,0,0,0,0
2019,CENSUS TRACT,3.0529.00,27,990,1860,25,,2,3.02,10,10.02,24,1.42,2.86,11,*,*,*,*,*,*,0,0,0
2019,CENSUS TRACT,3.0530.00,38,1800,2713,29,,3,2.98,5,9.14,17,3.33,6.44,*,*,*,*,*,*,*,0,0,0
2019,CENSUS TRACT,3.0531.00,19,1145,1531,17,,2,2.78,7,8.02,13,2.09,3.43,*,*,*,*,*,*,*,0,0,0
2019,CENSUS TRACT,3.0533.00,42,975,1084,38,,3,3.16,2,6.99,13,5.06,4.64,*,*,*,*,*,*,*,0,0,0
2019,CENSUS TRACT,3.0534.00,40,1085,1910,37,,3,3.11,4.66,5.52,22,2.42,2.61,10,*,*,*,*,*,*,0,0,0
2019,CENSUS TRACT,3.0535.00,39,903,1131,24,,3.5,5.93,11,14.51,20,2.94,3.41,8,*,*,*,*,*,*,0,0,0
2019,CENSUS TRACT,3.0538.00,56,710,838,50,,4.33,5.21,7,8.27,44,2.94,3.7,16,*,*,*,*,*,*,*,*,*
2019,CENSUS TRACT,3.0542.00,15,1300,2190,12,,3,3.41,9.97,11.27,11,3.67,4.63,0,*,*,*,*,*,*,0,0,0
2019,CENSUS TRACT,3.0543.00,30,5942,9344,*,,*,*,*,*,*,*,*,0,*,*,*,18,3.83,3.51,16,2.84,2.62
2019,CENSUS TRACT,3.0546.00,10,1457,1529,*,,*,*,*,*,*,*,*,0,*,*,*,*,*,*,0,0,0
2019,CENSUS TRACT,3.0547.00,10,1313,5720,*,,*,*,*,*,*,*,*,*,*,*,*,0,0,0,0,0,0
2019,CENSUS TRACT,3.0549.00,54,1502,2583,45,,4,6.5,6,6.83,34,3,3.62,12,*,*,*,*,*,*,*,*,*
2019,CENSUS TRACT,3.0550.00,16,2063,1970,11,,6,9,10.01,11.04,*,*,*,*,*,*,*,*,*,*,*,*,*
2019,CENSUS TRACT,3.0551.00,55,1276,1894,42,,5.42,7.08,10,8.46,36,4.21,4.83,7,*,*,*,*,*,*,*,*,*
2019,CENSUS TRACT,3.0552.00,87,800,2325,81,,5,6.24,7.76,8.77,58,2.88,4.08,20,*,*,*,*,*,*,0,0,0
2019,CENSUS TRACT,3.0553.00,105,1618,3966,98,,9,22.81,10.01,9.46,76,6.92,7.05,14,*,*,*,*,*,*,*,*,*
2019,CENSUS TRACT,3.0554.00,92,1416,2228,74,,5,6.52,5,8.52,48,3.68,4.81,11,*,*,*,*,*,*,*,*,*
2019,CENSUS TRACT,3.0555.00,146,1674,3879,125,,5,6.9,10.01,9,102,6.84,5.88,22,*,*,*,*,*,*,*,*,*
2019,CENSUS TRACT,3.0556.00,13,800,1142,10,,3,3.2,3.5,3.3,*,*,*,*,*,*,*,*,*,*,0,0,0
2019,CENSUS TRACT,3.0557.00,51,3168,4292,35,,5,5.07,10.01,10.27,31,6.75,6.64,1,*,*,*,*,*,*,*,*,*
2019,CENSUS TRACT,3.0561.00,74,1400,3276,63,,4.87,5.38,5.96,8.17,43,4.09,4.27,15,*,*,*,*,*,*,0,0,0
2019,CENSUS TRACT,3.0563.00,39,2000,2139,33,,3,5.51,9.98,11.42,25,3.67,9.18,*,*,*,*,*,*,*,*,*,*
2019,CENSUS TRACT,3.0564.00,17,1375,1818,14,,11.83,12.88,5,6.57,14,1.33,2.34,*,*,*,*,*,*,*,0,0,0
2019,CENSUS TRACT,3.0565.00,63,1200,2036,51,,4.13,4.92,6,9.24,40,2,3.5,20,*,*,*,*,*,*,0,0,0
2019,CENSUS TRACT,3.0566.00,13,2846,3366,12,,2.17,2.2,10,9.18,11,4.5,4.86,*,*,*,*,*,*,*,0,0,0
2019,CENSUS TRACT,3.0569.00,50,1050,1243,41,,6.47,7.65,10,9.08,30,4.88,5.31,*,*,*,*,*,*,*,*,*,*
2019,CENSUS TRACT,3.0570.00,47,1190,2781,40,,3,3.19,11.16,11.73,33,4.75,5.98,*,*,*,*,*,*,*,0,0,0
2019,CENSUS TRACT,3.0571.00,33,925,1416,23,,3.5,5.08,5,6.25,15,4,4.49,*,*,*,*,*,*,*,0,0,0
2019,CENSUS TRACT,3.0574.00,29,1034,1566,28,,3,3.56,2,3.93,15,3,2.81,*,*,*,*,*,*,*,0,0,0
2019,CENSUS TRACT,3.0575.00,40,1172,1447,26,,5,6.66,9,9.36,22,4.32,5.4,3,*,*,*,*,*,*,0,0,0
2019,CENSUS TRACT,3.0576.00,27,750,1217,25,,4.04,4.22,2,4,14,1.21,2.07,*,*,*,*,*,*,*,0,0,0
2019,CENSUS TRACT,3.0578.00,62,625,1152,55,,4.49,4.73,1,4.87,24,3.25,3.75,*,*,*,*,*,*,*,0,0,0
2019,CENSUS TRACT,3.0579.00,25,3000,4344,21,,2,3.54,4.32,7.66,*,*,*,*,*,*,*,*,*,*,0,0,0
2019,CENSUS TRACT,3.0580.00,31,1875,2979,25,,4,3.93,5,6.45,13,4.59,4.67,*,*,*,*,*,*,*,0,0,0
2019,CENSUS TRACT,3.0582.00,38,775,1312,31,,3.25,4.19,5,6.17,20,1.92,3.11,10,*,*,*,*,*,*,0,0,0
2019,CENSUS TRACT,3.0584.00,12,925,898,12,,3,2.72,7.29,7.43,11,2,2.13,7,0,0,0,0,0,0,0,0,0
2019,CENSUS TRACT,3.0588.00,32,1500,2423,24,,3,3.63,1,3.37,*,*,*,*,*,*,*,*,*,*,0,0,0
2019,CENSUS TRACT,3.0589.00,30,4350,4944,21,,2,4.41,3.16,5.34,13,3.25,4.14,*,*,*,*,*,*,*,0,0,0
2019,CENSUS TRACT,3.0590.00,24,1667,1775,20,,4,3.85,5,4.76,13,2.58,2.73,*,*,*,*,*,*,*,*,*,*
2019,CENSUS TRACT,3.0591.00,13,1100,1643,12,,3.52,4.22,4,5.25,*,*,*,*,*,*,*,*,*,*,0,0,0
2019,CENSUS TRACT,3.0592.00,27,1200,3891,21,,3.75,3.94,6.16,7.21,17,4.75,4.3,*,*,*,*,*,*,*,0,0,0
2019,CENSUS TRACT,3.0593.00,19,5000,6201,15,,2,2.53,1,3.72,*,*,*,0,*,*,*,*,*,*,0,0,0
2019,CENSUS TRACT,3.0594.01,44,750,1196,33,,4,5.18,1,3.73,13,3,3.98,*,10,1,1.2,0,0,0,0,0,0
2019,CENSUS TRACT,3.0594.02,57,1700,2374,53,,2.78,2.87,10,11.19,48,4.46,5.23,*,*,*,*,*,*,*,0,0,0
2019,CENSUS TRACT,3.0596.00,20,1252,4407,15,,4.22,7.54,10,13.72,10,3.49,6.72,*,*,*,*,*,*,*,0,0,0
2019,CENSUS TRACT,3.0600.00,57,1250,3096,50,,3.5,4.62,1,7.68,22,2.63,4.24,*,*,*,*,*,*,*,0,0,0
2019,CENSUS TRACT,3.0606.00,105,1253,1707,89,,4,5.29,5,6.88,44,3.46,3.95,14,*,*,*,*,*,*,0,0,0
2019,CENSUS TRACT,3.0608.00,39,3000,4001,34,,3.11,4.23,5,8,17,5.5,5.66,*,*,*,*,*,*,*,0,0,0
2019,CENSUS TRACT,3.0610.03,16,1239,1690,14,,4,6.5,6.71,9.1,10,2.73,2.7,*,*,*,*,*,*,*,0,0,0
2019,CENSUS TRACT,3.0610.04,53,750,1899,47,,5,5.09,3.75,5.98,16,4.96,6.87,*,*,*,*,*,*,*,0,0,0
2019,CENSUS TRACT,3.0622.00,12,2300,2693,*,,*,*,*,*,*,*,*,*,*,*,*,*,*,*,0,0,0
2019,CENSUS TRACT,3.0628.00,29,1200,1723,21,,2.15,2.84,2,7.16,11,1.84,3.39,*,*,*,*,*,*,*,0,0,0
2019,CENSUS TRACT,3.0642.00,23,1200,1457,21,,2.45,3.14,4.58,4.41,11,3.09,2.71,*,*,*,*,*,*,*,0,0,0
2019,CENSUS TRACT,3.0644.00,27,691,1798,27,,2,2.49,6,6.15,23,3.75,3.85,2,0,0,0,0,0,0,0,0,0
2019,CENSUS TRACT,3.0646.00,18,1250,1359,15,,2.2,2.21,1,2.41,*,*,*,*,*,*,*,*,*,*,0,0,0
2019,CENSUS TRACT,3.0650.00,30,1250,2292,23,,3,3.27,1.33,4.07,10,2.42,3.54,*,*,*,*,*,*,*,0,0,0
2019,CENSUS TRACT,3.0652.00,28,1600,2167,23,,2.93,2.79,1,7.63,*,*,*,*,*,*,*,*,*,*,0,0,0
2019,CENSUS TRACT,3.0662.00,41,2000,4509,35,,3,3.25,1,4.48,11,3.04,3.98,*,*,*,*,*,*,*,0,0,0
2019,CENSUS TRACT,3.0672.00,19,3300,3614,14,,2,2.24,10,10.33,10,2.5,3.65,*,*,*,*,*,*,*,0,0,0
2019,CENSUS TRACT,3.0674.00,18,1446,3321,13,,2,3.61,10.25,8.88,*,*,*,*,*,*,*,*,*,*,0,0,0
2019,CENSUS TRACT,3.0676.00,13,2500,3883,13,,1.92,2.92,1,2.29,*,*,*,0,0,0,0,0,0,0,0,0,0
2019,CENSUS TRACT,3.0680.00,18,1878,3294,13,,2,1.77,10.01,10.36,13,2.92,4.29,*,*,*,*,*,*,*,0,0,0
2019,CENSUS TRACT,3.0682.00,23,2310,2763,17,,1.5,2.17,3,5.47,10,5,4.29,*,*,*,*,*,*,*,0,0,0
2019,CENSUS TRACT,3.0688.00,14,1300,1744,13,,2.33,2.4,10,10.28,11,4.25,4.9,0,*,*,*,*,*,*,0,0,0
2019,CENSUS TRACT,3.0690.00,19,1600,1966,15,,1.94,2.07,6,9.67,*,*,*,0,*,*,*,*,*,*,0,0,0
2019,CENSUS TRACT,3.0696.02,10,2000,1990,*,,*,*,*,*,*,*,*,*,*,*,*,*,*,*,0,0,0
2019,CENSUS TRACT,3.0698.00,27,2000,5473,21,,2.63,2.54,7.17,12.66,*,*,*,*,*,*,*,*,*,*,0,0,0
2019,CENSUS TRACT,3.0720.00,29,2388,2766,26,,4,3.61,19.97,17.63,21,6.09,6.06,*,*,*,*,*,*,*,0,0,0
2019,CENSUS TRACT,3.0722.00,22,1310,2266,20,,2,2.49,3,5.8,12,1.05,3.17,*,*,*,*,*,*,*,0,0,0
2019,CENSUS TRACT,3.0728.00,16,1500,2837,15,,2.15,2.27,1,4.58,*,*,*,*,*,*,*,*,*,*,0,0,0
2019,CENSUS TRACT,3.0736.00,16,1850,2837,11,,3,3.66,10.01,9.92,10,6.63,6.8,*,*,*,*,*,*,*,0,0,0
2019,CENSUS TRACT,3.0740.00,20,725,1051,15,,2,2.21,4.84,5.94,*,*,*,*,*,*,*,*,*,*,0,0,0
2019,CENSUS TRACT,3.0742.00,10,1550,2419,*,,*,*,*,*,*,*,*,*,*,*,*,0,0,0,0,0,0
2019,CENSUS TRACT,3.0746.00,22,3240,4141,*,,*,*,*,*,0,0,0,0,14,1,2.26,*,*,*,0,0,0
2019,CENSUS TRACT,3.0748.00,18,1600,2575,12,,2,3.19,5.5,10.51,*,*,*,*,*,*,*,*,*,*,0,0,0
2019,CENSUS TRACT,3.0758.00,11,900,1008,*,,*,*,*,*,0,*,*,0,*,*,*,*,*,*,0,0,0
2019,CENSUS TRACT,3.0768.00,38,1317,2548,33,,3.13,4.39,5,6.45,28,3.05,3.96,11,*,*,*,*,*,*,0,0,0
2019,CENSUS TRACT,3.0770.00,19,860,829,16,,3.67,4.24,1,3.6,*,*,*,*,*,*,*,*,*,*,0,0,0
2019,CENSUS TRACT,3.0774.00,38,2570,10614,27,,3.93,4.31,10.52,11.45,21,6.01,6.03,*,*,*,*,*,*,*,0,0,0
2019,CENSUS TRACT,3.0776.00,12,1457,2604,11,,2.42,3.67,1,4.84,*,*,*,*,*,*,*,*,*,*,0,0,0
2019,CENSUS TRACT,3.0784.00,10,700,1440,*,,*,*,*,*,*,*,*,*,0,0,0,*,*,*,0,0,0
2019,CENSUS TRACT,3.0786.00,35,800,1233,32,,3.33,4.46,10,13.66,26,2.71,3.58,12,*,*,*,*,*,*,0,0,0
2019,CENSUS TRACT,3.0790.00,37,1500,1955,31,,3,2.84,2.16,3.9,11,4.62,3.83,*,*,*,*,*,*,*,0,0,0
2019,CENSUS TRACT,3.0792.00,23,1600,4374,16,,2.67,3.49,1.67,14.98,*,*,*,0,*,*,*,*,*,*,0,0,0
2019,CENSUS TRACT,3.0794.00,43,1500,6255,35,,4.5,11.71,5,6.92,23,2.84,4.01,*,*,*,*,*,*,*,0,0,0
2019,CENSUS TRACT,3.0796.02,51,1200,3188,45,,3.39,4.96,9.67,9.87,31,4.01,4.26,*,*,*,*,*,*,*,0,0,0
2019,CENSUS TRACT,3.0798.01,42,750,738,41,,4,10.59,10.01,10.64,36,2.42,2.94,14,*,*,*,*,*,*,0,0,0
2019,CENSUS TRACT,3.0798.02,61,805,1179,56,,4,13.69,10,10.43,51,3.42,4.71,11,*,*,*,*,*,*,0,0,0
2019,CENSUS TRACT,3.0800.00,22,599,728,21,,3,3.29,6.33,8.64,11,2.75,3.16,*,*,*,*,*,*,*,0,0,0
2019,CENSUS TRACT,3.0802.00,21,700,1202,19,,3,6.82,4.66,4.38,13,3.81,4.01,*,*,*,*,*,*,*,0,0,0
2019,CENSUS TRACT,3.0804.00,31,690,1409,24,,3,3.1,9.21,11.05,22,2.42,2.86,*,*,*,*,*,*,*,0,0,0
2019,CENSUS TRACT,3.0806.00,12,560,648,*,,*,*,*,*,*,*,*,*,*,*,*,*,*,*,0,0,0
2019,CENSUS TRACT,3.0814.00,14,1250,2108,12,,3.67,13.31,10,9.08,12,5.42,5.43,*,*,*,*,*,*,*,0,0,0
2019,CENSUS TRACT,3.0816.00,14,675,1136,12,,4.58,4.47,1,4.13,*,*,*,*,*,*,*,*,*,*,0,0,0
2019,CENSUS TRACT,3.0818.00,35,725,1135,28,,5,5.27,5,6.7,24,2.42,3.33,11,*,*,*,*,*,*,*,*,*
2019,CENSUS TRACT,3.0820.00,41,850,1354,36,,2.9,3.45,8.8,10.42,28,4.25,4.28,*,*,*,*,*,*,*,0,0,0
2019,CENSUS TRACT,3.0822.00,16,800,1010,16,,3,3.45,4.02,5.78,12,2.58,4.28,4,0,0,0,0,0,0,0,0,0
2019,CENSUS TRACT,3.0824.00,34,1000,1549,30,,3,3.25,4.5,8.06,18,3.34,4.06,*,*,*,*,*,*,*,0,0,0
2019,CENSUS TRACT,3.0826.00,22,842,1448,22,,2,2.3,3,6.18,16,1.33,3.58,6,0,0,0,0,0,0,0,0,0
2019,CENSUS TRACT,3.0828.00,28,1480,1796,23,,4,4.08,5,6.57,16,4.38,4.64,*,*,*,*,*,*,*,*,*,*
2019,CENSUS TRACT,3.0830.00,13,1212,2641,13,,5.67,5.46,1,1,*,*,*,0,0,0,0,0,0,0,0,0,0
2019,CENSUS TRACT,3.0836.00,16,5000,4905,16,,2,3.77,5,9.14,10,2.13,2.97,5,0,0,0,0,0,0,0,0,0
2019,CENSUS TRACT,3.0838.00,16,1120,2563,12,,2,2.22,2.79,5.11,*,*,*,*,*,*,*,*,*,*,0,0,0
2019,CENSUS TRACT,3.0840.00,17,1000,2185,15,,2,2.4,5,8.78,*,*,*,*,*,*,*,*,*,*,0,0,0
2019,CENSUS TRACT,3.0846.00,29,1300,16677,22,,3,3.59,1.58,3.47,11,1,1.43,10,*,*,*,*,*,*,0,0,0
2019,CENSUS TRACT,3.0848.00,12,2900,3743,*,,*,*,*,*,*,*,*,0,*,*,*,*,*,*,0,0,0
2019,CENSUS TRACT,3.0856.00,16,788,1996,12,,2,3.25,6.5,6.33,11,2.84,3.28,*,*,*,*,*,*,*,0,0,0
2019,CENSUS TRACT,3.0858.00,17,1000,2249,14,,3,2.62,1,3.64,*,*,*,*,*,*,*,*,*,*,0,0,0
2019,CENSUS TRACT,3.0860.00,38,689,992,34,,2,2.38,3.75,4.82,21,2.09,3.18,10,*,*,*,*,*,*,0,0,0
2019,CENSUS TRACT,3.0862.00,28,750,1595,22,,3,3.07,5,5.42,17,2,2.98,*,*,*,*,*,*,*,0,0,0
2019,CENSUS TRACT,3.0866.00,19,780,1242,18,,2.34,2.37,5,5.66,15,4.67,4.46,*,*,*,*,*,*,*,0,0,0
2019,CENSUS TRACT,3.0868.00,51,1200,2031,44,,3.46,3.5,10.01,11.41,32,4.46,6.15,*,*,*,*,*,*,*,0,0,0
2019,CENSUS TRACT,3.0870.00,17,900,1234,13,,3.33,7.95,5,4.93,*,*,*,*,*,*,*,*,*,*,0,0,0
2019,CENSUS TRACT,3.0878.00,17,703,2482,15,,2.27,6.67,5,7.15,10,2.71,2.78,*,*,*,*,*,*,*,0,0,0
2019,CENSUS TRACT,3.0880.00,14,1063,2208,13,,3,3.05,1,5.01,*,*,*,*,*,*,*,*,*,*,0,0,0
2019,CENSUS TRACT,3.0882.00,20,650,1320,18,,3,4.16,5.01,6.53,16,1.58,1.87,*,*,*,*,*,*,*,0,0,0
2019,CENSUS TRACT,3.0884.00,13,800,918,11,,2.68,2.58,8.01,8.1,11,2.16,3.33,*,*,*,*,*,*,*,0,0,0
2019,CENSUS TRACT,3.0886.00,12,600,610,11,,3,4.09,8,8.77,10,5.13,5.72,0,*,*,*,*,*,*,0,0,0
2019,CENSUS TRACT,3.0888.00,15,1815,2715,12,,4,5.85,1,2.92,*,*,*,0,*,*,*,*,*,*,0,0,0
2019,CENSUS TRACT,3.0890.00,41,1000,1349,32,,2.67,3.01,3,5.61,18,2.63,4.34,*,*,*,*,*,*,*,0,0,0
2019,CENSUS TRACT,3.0892.00,79,1900,2785,75,,3,3.04,10.01,11.62,71,4,5.05,20,*,*,*,*,*,*,0,0,0
2019,CENSUS TRACT,3.0894.00,10,633,1265,*,,*,*,*,*,*,*,*,*,*,*,*,0,0,0,0,0,0
2019,CENSUS TRACT,3.0900.00,22,2000,5169,18,,2,3.92,2,4.82,*,*,*,*,*,*,*,*,*,*,0,0,0
2019,CENSUS TRACT,3.0902.00,39,2000,3235,32,,3,4.18,9,9.87,19,4.59,4.86,*,*,*,*,*,*,*,0,0,0
2019,CENSUS TRACT,3.0906.00,81,1666,2098,62,,2.22,3.33,5,7.22,39,3.84,4.13,11,*,*,*,*,*,*,*,*,*
2019,CENSUS TRACT,3.0908.00,28,1896,2979,21,,1.9,5.98,10.94,14.26,15,6.01,5.19,*,*,*,*,*,*,*,0,0,0
2019,CENSUS TRACT,3.0916.00,18,1052,2456,18,,1.96,3.27,4.98,7.92,11,6.25,7.38,1,0,0,0,0,0,0,0,0,0
2019,CENSUS TRACT,3.0918.00,18,1650,1874,18,,3.89,3.55,1,1.27,*,*,*,0,0,0,0,0,0,0,0,0,0
2019,CENSUS TRACT,3.0924.00,65,1750,2669,59,,4,8.3,10,9.28,45,3.58,4.71,*,*,*,*,*,*,*,0,0,0
2019,CENSUS TRACT,3.0928.00,12,2068,2986,11,,2,4.91,9.75,9.12,10,1.38,2.87,*,*,*,*,*,*,*,0,0,0
2019,CENSUS TRACT,3.0930.00,16,1400,2262,15,,2,2.84,5.33,7,10,4.29,5.64,*,*,*,*,*,*,*,0,0,0
2019,CENSUS TRACT,3.0932.00,43,4000,4430,28,,1,1.83,1,6.34,11,4,3.78,3,*,*,*,*,*,*,0,0,0
2019,CENSUS TRACT,3.0934.00,13,700,1077,*,,*,*,*,*,*,*,*,*,*,*,*,*,*,*,0,0,0
2019,CENSUS TRACT,3.0944.01,28,1700,6015,24,,1.83,3.18,9.45,14.17,24,2.67,3.2,12,*,*,*,*,*,*,0,0,0
2019,CENSUS TRACT,3.0946.00,16,3306,4460,*,,*,*,*,*,*,*,*,*,0,0,0,*,*,*,0,0,0
2019,CENSUS TRACT,3.0950.00,30,1200,1293,28,,3,3.46,5,5.76,17,2.42,2.89,*,*,*,*,*,*,*,0,0,0
2019,CENSUS TRACT,3.0954.00,28,1007,2775,25,,1,2.04,11.01,11.68,15,4.16,3.74,*,*,*,*,*,*,*,0,0,0
2019,CENSUS TRACT,3.0956.00,20,1200,2350,18,,4,4.81,5.66,8.95,11,4.5,5.22,*,*,*,*,*,*,*,0,0,0
2019,CENSUS TRACT,3.0960.00,31,4185,7053,18,,1.92,3.88,1,2.79,*,*,*,*,*,*,*,*,*,*,0,0,0
2019,CENSUS TRACT,3.0968.00,26,2483,3158,20,,4.55,4.4,10.01,11.71,17,2.33,5.61,*,*,*,*,*,*,*,*,*,*
2019,CENSUS TRACT,3.0974.00,34,915,1405,32,,3.79,4.94,9.99,11.65,26,4.71,4.42,*,*,*,*,*,*,*,0,0,0
2019,CENSUS TRACT,3.0990.00,12,1200,8911,*,,*,*,*,*,*,*,*,0,*,*,*,0,0,0,0,0,0
2019,CENSUS TRACT,3.1010.00,16,1400,2123,14,,2,2.1,7.46,8.59,11,3.95,3.5,*,*,*,*,*,*,*,0,0,0
2019,CENSUS TRACT,3.1022.00,15,1360,3564,14,,4,4.57,20.15,20.06,14,5.34,5.69,*,*,*,*,*,*,*,0,0,0
2019,CENSUS TRACT,3.1024.00,11,1800,1773,*,,*,*,*,*,*,*,*,*,0,0,0,*,*,*,0,0,0
2019,CENSUS TRACT,3.1028.00,27,2400,3020,24,,3,3.29,16.67,15.33,17,5.42,7.06,*,*,*,*,*,*,*,0,0,0
2019,CENSUS TRACT,3.1058.04,25,1993,4194,23,,3,3.39,15.01,17.66,23,1.92,2.37,15,*,*,*,*,*,*,0,0,0
2019,CENSUS TRACT,3.1070.00,67,7347,19774,58,,4,5.33,10.32,12.52,57,5.01,5.75,*,*,*,*,*,*,*,0,0,0
2019,CENSUS TRACT,3.1098.00,30,4000,7465,25,,2,4.76,5,6.3,15,0.5,2,*,*,*,*,*,*,*,0,0,0
2019,CENSUS TRACT,3.1104.00,86,1175,2864,75,,3.87,3.73,5,7.74,53,3,5.13,16,*,*,*,*,*,*,0,0,0
2019,CENSUS TRACT,3.1116.00,16,3050,7032,12,,1.42,2.2,1.87,3.44,*,*,*,*,*,*,*,*,*,*,0,0,0
2019,CENSUS TRACT,3.1126.00,12,2000,3022,11,,2,2.06,3.75,5.57,*,*,*,*,*,*,*,*,*,*,0,0,0
2019,CENSUS TRACT,3.1144.00,15,7500,12374,*,,*,*,*,*,*,*,*,*,*,*,*,*,*,*,0,0,0
2019,CENSUS TRACT,3.1146.00,10,1000,1256,*,,*,*,*,*,*,*,*,0,*,*,*,0,0,0,0,0,0
2019,CENSUS TRACT,3.1156.00,13,650,2107,10,,2,2.3,5.5,8.16,*,*,*,*,*,*,*,*,*,*,0,0,0
2019,CENSUS TRACT,3.1170.00,14,1200,1339,11,,2,2.65,6.84,7.07,10,2.46,2.86,*,*,*,*,*,*,*,0,0,0
2019,CENSUS TRACT,3.1174.00,17,1495,1537,14,,4,5.56,3.5,7.27,*,*,*,*,*,*,*,*,*,*,0,0,0
2019,CENSUS TRACT,3.1176.01,12,825,967,10,,5,3.74,10.01,11.35,10,2.94,3.47,*,*,*,*,*,*,*,0,0,0
2019,CENSUS TRACT,3.1178.00,18,1250,2343,13,,3,8.41,5,5.93,*,*,*,0,*,*,*,*,*,*,0,0,0
2019,CENSUS TRACT,3.1184.00,17,1000,2143,16,,3,2.86,6.71,7.29,14,2.96,3.37,*,*,*,*,*,*,*,0,0,0
2019,CENSUS TRACT,3.1188.00,53,1500,2181,41,,2.08,3.91,1.67,7.1,16,2.04,5.05,*,*,*,*,*,*,*,0,0,0
2019,CENSUS TRACT,3.1190.00,27,1150,2370,23,,2.25,3.53,3.25,7.74,12,6.59,7.54,*,*,*,*,*,*,*,0,0,0
2019,CENSUS TRACT,3.1196.00,15,2868,2729,11,,2,2.06,1,6.37,*,*,*,0,*,*,*,*,*,*,*,*,*
2019,CENSUS TRACT,3.1198.00,33,1600,6089,23,,3,5.93,10.01,11.19,19,4.16,5.64,*,*,*,*,*,*,*,*,*,*
2019,CENSUS TRACT,3.1200.00,10,1200,1231,*,,*,*,*,*,*,*,*,*,*,*,*,0,0,0,0,0,0
2019,CENSUS TRACT,3.1220.00,15,2550,12656,15,,4,3.15,1,5.48,*,*,*,*,0,0,0,0,0,0,0,0,0
2019,CENSUS TRACT,3.1237.00,46,2676,3974,38,,2,3.42,5,5.14,15,3.09,3.06,*,*,*,*,*,*,*,0,0,0
2019,CENSUS TRACT,3.1522.00,27,600,1938,24,,4.49,5.07,5.05,7.6,18,3.08,4.17,*,*,*,*,*,*,*,0,0,0
2019,CENSUS TRACT,4.0001.00,53,5003,17358,47,,3,3.49,10.71,12.22,37,8.42,6.74,*,*,*,*,*,*,*,0,0,0
2019,CENSUS TRACT,4.0002.00,10,1389,2856,*,,*,*,*,*,*,*,*,*,*,*,*,*,*,*,0,0,0
2019,CENSUS TRACT,4.0004.00,13,1000,4085,11,,2.21,2.3,1,7.37,*,*,*,*,*,*,*,*,*,*,0,0,0
2019,CENSUS TRACT,4.0007.00,107,1800,2432,91,,4,5.8,5,6.91,56,2.92,3.8,23,*,*,*,*,*,*,*,*,*
2019,CENSUS TRACT,4.0010.00,19,930,1564,13,,2,2.31,10,7.17,10,3.46,3.76,*,*,*,*,*,*,*,0,0,0
2019,CENSUS TRACT,4.0012.00,20,1300,2289,12,,1.73,1.71,10,11.43,*,*,*,*,*,*,*,*,*,*,0,0,0
2019,CENSUS TRACT,4.0014.00,11,1940,3214,*,,*,*,*,*,*,*,*,*,*,*,*,0,0,0,0,0,0
2019,CENSUS TRACT,4.0016.00,14,1050,1726,13,,3,4.05,5.17,8.19,11,2.94,4.22,*,*,*,*,*,*,*,0,0,0
2019,CENSUS TRACT,4.0018.00,24,1200,1644,21,,2,2.7,10,7.99,19,3.75,4.23,*,*,*,*,*,*,*,*,*,*
2019,CENSUS TRACT,4.0019.00,151,2250,9356,112,,5,6.85,9.98,7.95,88,4.92,5.91,18,14,1,5.28,25,1,1,*,*,*
2019,CENSUS TRACT,4.0025.00,11,1186,1765,11,,3.33,8.38,5,6.46,11,3.09,3.62,4,0,0,0,0,0,0,0,0,0
2019,CENSUS TRACT,4.0031.00,39,1450,2038,26,,3.67,5.45,1,3.97,12,2.25,3,*,*,*,*,*,*,*,0,0,0
2019,CENSUS TRACT,4.0033.00,96,2125,6041,80,,4,4.94,5.63,7.95,59,3.09,4.25,24,*,*,*,*,*,*,*,*,*
2019,CENSUS TRACT,4.0034.00,21,2940,7281,21,,35,26.39,13.01,14.61,17,4.75,4.77,7,0,0,0,0,0,0,0,0,0
2019,CENSUS TRACT,4.0038.00,20,1740,2118,12,,1.91,3.09,4.5,5.09,*,*,*,*,*,*,*,*,*,*,0,0,0
2019,CENSUS TRACT,4.0039.00,27,3000,3491,18,,2,3.06,5,7.56,10,3.42,3.73,*,*,*,*,*,*,*,0,0,0
2019,CENSUS TRACT,4.0040.01,14,950,2273,11,,2.72,3.15,1,3.78,*,*,*,0,*,*,*,*,*,*,0,0,0
2019,CENSUS TRACT,4.0040.02,29,2000,3528,23,,3,19.92,1.75,7.92,11,6.33,7.46,0,*,*,*,*,*,*,0,0,0
2019,CENSUS TRACT,4.0042.00,10,2145,3178,10,,2.5,6.86,1,5.43,*,*,*,0,0,0,0,0,0,0,0,0,0
2019,CENSUS TRACT,4.0043.00,11,1000,1910,*,,*,*,*,*,*,*,*,*,*,*,*,0,0,0,0,0,0
2019,CENSUS TRACT,4.0045.00,14,1310,1483,11,,4.17,4.02,7,8.69,11,4.25,6.15,*,*,*,*,*,*,*,0,0,0
2019,CENSUS TRACT,4.0051.00,35,1100,3034,29,,3.16,4.38,10,9.8,22,3.58,4.46,*,*,*,*,*,*,*,*,*,*
2019,CENSUS TRACT,4.0053.00,31,1001,1719,27,,5.42,6.33,5,5.21,15,3.75,4.4,*,*,*,*,*,*,*,0,0,0
2019,CENSUS TRACT,4.0054.00,32,1375,3499,28,,5,15.51,2.95,5.95,15,5.01,6.09,*,*,*,*,*,*,*,0,0,0
2019,CENSUS TRACT,4.0055.00,42,4125,5913,31,,2,3.03,6.46,7,20,4.46,5.77,*,*,*,*,*,*,*,0,0,0
2019,CENSUS TRACT,4.0057.00,58,1000,4234,43,,3.75,5.03,4.92,6.3,23,3.54,4.7,*,*,*,*,*,*,*,*,*,*
2019,CENSUS TRACT,4.0058.00,14,3645,5369,*,,*,*,*,*,0,*,*,0,*,*,*,*,*,*,*,*,*
2019,CENSUS TRACT,4.0059.00,76,800,1797,64,,4.43,5.15,3.5,6.38,29,2.75,3.71,11,*,*,*,*,*,*,0,0,0
2019,CENSUS TRACT,4.0061.00,87,1490,2660,74,,3.57,4.26,6,7.21,45,5.59,6.4,*,12,1,5.32,0,0,0,0,0,0
2019,CENSUS TRACT,4.0062.02,27,5428,7422,21,,3,7.38,10.05,9.28,16,7.17,8.38,*,*,*,*,*,*,*,*,*,*
2019,CENSUS TRACT,4.0063.00,82,1200,1796,55,,3.79,5.01,5,6.41,33,2.09,3.38,14,*,*,*,*,*,*,*,*,*
2019,CENSUS TRACT,4.0065.01,17,800,929,14,,5.83,5.5,5,6.58,10,3.31,4.44,*,*,*,*,*,*,*,*,*,*
2019,CENSUS TRACT,4.0065.02,44,1663,2989,35,,3.33,4.29,7.01,9.69,24,5.67,5.62,*,*,*,*,*,*,*,*,*,*
2019,CENSUS TRACT,4.0069.00,50,725,1120,39,,4,4.59,4.96,5.82,22,1.67,2.65,11,*,*,*,*,*,*,0,0,0
2019,CENSUS TRACT,4.0071.00,60,1450,2186,51,,4,4.46,6,7.96,33,4.33,4.74,*,*,*,*,*,*,*,*,*,*
2019,CENSUS TRACT,4.0075.00,16,2568,3674,11,,2.73,3.33,13.01,13.75,11,3.25,4.96,*,*,*,*,*,*,*,0,0,0
2019,CENSUS TRACT,4.0077.00,24,1675,3068,23,,4,3.82,20.01,18.7,22,5.29,5.63,*,*,*,*,*,*,*,0,0,0
2019,CENSUS TRACT,4.0079.00,17,950,1716,11,,2.63,2.75,7.01,7.91,*,*,*,*,*,*,*,*,*,*,0,0,0
2019,CENSUS TRACT,4.0083.00,19,2100,4025,12,,1.67,2.39,5,6.67,*,*,*,0,*,*,*,*,*,*,0,0,0
2019,CENSUS TRACT,4.0085.00,36,1900,4084,28,,3,4.39,5,5.5,21,3,3.33,*,*,*,*,*,*,*,*,*,*
2019,CENSUS TRACT,4.0088.00,18,1364,1943,17,,4.25,4.25,1,2.65,*,*,*,0,*,*,*,*,*,*,0,0,0
2019,CENSUS TRACT,4.0094.00,24,1270,2509,16,,2,4.35,2.5,4.41,*,*,*,*,*,*,*,*,*,*,0,0,0
2019,CENSUS TRACT,4.0096.00,13,1100,2149,11,,3,3.29,1,4.45,*,*,*,*,*,*,*,*,*,*,0,0,0
2019,CENSUS TRACT,4.0098.00,27,1500,2026,25,,3.33,3.49,1,5.79,11,2.84,3.81,*,*,*,*,*,*,*,0,0,0
2019,CENSUS TRACT,4.0100.00,21,1125,1266,14,,3,3.18,1,2.78,*,*,*,*,*,*,*,*,*,*,0,0,0
2019,CENSUS TRACT,4.0101.00,13,570,900,13,,3,3.4,1,2.41,*,*,*,*,0,0,0,0,0,0,0,0,0
2019,CENSUS TRACT,4.0103.00,11,1150,16211,10,,2,2.04,5.5,10.41,*,*,*,*,*,*,*,*,*,*,0,0,0
2019,CENSUS TRACT,4.0104.00,11,2000,2973,11,,3.18,3.29,3.75,6.14,*,*,*,*,0,0,0,0,0,0,0,0,0
2019,CENSUS TRACT,4.0105.00,15,1049,1073,14,,3,3.07,10,9.57,13,2.09,2.87,*,*,*,*,*,*,*,0,0,0
2019,CENSUS TRACT,4.0106.00,24,1471,1691,19,,3.26,3.86,5,7.69,11,4,5.58,*,*,*,*,*,*,*,0,0,0
2019,CENSUS TRACT,4.0112.00,10,1645,3112,*,,*,*,*,*,*,*,*,0,*,*,*,*,*,*,0,0,0
2019,CENSUS TRACT,4.0113.00,53,1103,1814,49,,4.79,5.29,9,9.23,33,4.17,4.95,*,*,*,*,*,*,*,0,0,0
2019,CENSUS TRACT,4.0114.00,17,2600,6135,12,,2.67,2.94,1,4.49,*,*,*,0,*,*,*,*,*,*,0,0,0
2019,CENSUS TRACT,4.0115.00,120,1320,2596,99,,5,6.01,10.01,10.49,64,4.34,4.93,13,*,*,*,*,*,*,*,*,*
2019,CENSUS TRACT,4.0116.00,18,1000,1043,15,,3,3.46,1,5.9,*,*,*,0,*,*,*,*,*,*,0,0,0
2019,CENSUS TRACT,4.0117.00,19,1300,1656,16,,3.85,4.28,1,7.87,*,*,*,0,*,*,*,*,*,*,0,0,0
2019,CENSUS TRACT,4.0119.00,33,1314,2331,26,,3.08,4.13,10.01,11.71,19,3.42,5.52,*,*,*,*,*,*,*,0,0,0
2019,CENSUS TRACT,4.0121.00,16,1155,1360,12,,4.5,6.55,1.04,2.23,*,*,*,*,*,*,*,*,*,*,0,0,0
2019,CENSUS TRACT,4.0122.00,17,1594,3537,15,,3,4.88,6,6.84,*,*,*,*,*,*,*,*,*,*,0,0,0
2019,CENSUS TRACT,4.0123.01,39,2500,5733,31,,3,3.11,4.41,7.94,19,2.33,4.63,10,*,*,*,*,*,*,0,0,0
2019,CENSUS TRACT,4.0125.00,15,1243,2211,10,,5.11,5.17,2,4.47,*,*,*,*,*,*,*,*,*,*,0,0,0
2019,CENSUS TRACT,4.0132.00,25,750,807,21,,3,3.02,10.01,10.44,18,5.34,4.89,*,*,*,*,*,*,*,0,0,0
2019,CENSUS TRACT,4.0136.00,23,650,1767,20,,3.5,4.36,3.21,4.8,11,0.84,1.53,*,*,*,*,*,*,*,0,0,0
2019,CENSUS TRACT,4.0137.00,22,884,2895,14,,3,3.14,1,2.59,*,*,*,*,*,*,*,*,*,*,0,0,0
2019,CENSUS TRACT,4.0138.00,10,1104,4897,*,,*,*,*,*,*,*,*,*,0,0,0,*,*,*,0,0,0
2019,CENSUS TRACT,4.0141.00,41,2000,2687,26,,2.58,3.71,6.67,7.9,17,6.17,7.25,2,15,1,3.33,0,0,0,0,0,0
2019,CENSUS TRACT,4.0142.02,39,2200,5549,30,,2.17,3.21,9.44,9.43,17,4.58,6.46,*,*,*,*,*,*,*,0,0,0
2019,CENSUS TRACT,4.0143.00,44,1100,1537,38,,4,3.89,5.55,6.99,26,2.92,4,*,*,*,*,*,*,*,*,*,*
2019,CENSUS TRACT,4.0144.00,44,1050,1663,37,,3.5,4.67,9.4,6.92,24,3.92,3.63,*,*,*,*,*,*,*,0,0,0
2019,CENSUS TRACT,4.0147.00,51,970,1200,43,,4,4.56,2.16,6.05,23,4,3.73,*,*,*,*,*,*,*,0,0,0
2019,CENSUS TRACT,4.0149.00,55,1200,2151,50,,3.88,4.25,9.68,10.15,38,4.09,5.06,*,*,*,*,*,*,*,0,0,0
2019,CENSUS TRACT,4.0151.00,13,425,783,12,,5,5.87,5,10.03,*,*,*,*,*,*,*,*,*,*,0,0,0
2019,CENSUS TRACT,4.0154.00,13,1500,2439,11,,3,2.72,1,2.35,*,*,*,*,*,*,*,*,*,*,0,0,0
2019,CENSUS TRACT,4.0155.00,146,1600,2210,124,,4.4,4.77,9.94,11.38,86,4.46,6.46,21,*,*,*,*,*,*,*,*,*
2019,CENSUS TRACT,4.0157.00,36,1842,3177,33,,4.55,5.26,10.01,10.5,24,4.29,5.79,*,*,*,*,*,*,*,0,0,0
2019,CENSUS TRACT,4.0158.01,30,1148,1673,20,,1.9,2.27,4.71,4.54,12,1,1.76,*,*,*,*,*,*,*,*,*,*
2019,CENSUS TRACT,4.0158.02,80,1100,1588,66,,4,3.98,5,9.51,49,2,2.8,24,*,*,*,*,*,*,0,0,0
2019,CENSUS TRACT,4.0159.00,15,1000,2950,12,,3.08,3.23,8.5,8.4,*,*,*,*,*,*,*,*,*,*,0,0,0
2019,CENSUS TRACT,4.0161.00,25,1752,2462,20,,3.14,3.43,5.02,6.7,15,3.33,4.43,*,*,*,*,*,*,*,0,0,0
2019,CENSUS TRACT,4.0163.00,24,985,1366,24,,2.86,3.03,1,2.68,*,*,*,*,0,0,0,0,0,0,0,0,0
2019,CENSUS TRACT,4.0166.00,24,1050,1703,17,,3,3.08,3.83,7.79,10,1.71,2.86,*,*,*,*,*,*,*,0,0,0
2019,CENSUS TRACT,4.0169.00,16,701,820,13,,5,4.77,10.01,14.79,11,5.75,5.91,0,*,*,*,*,*,*,0,0,0
2019,CENSUS TRACT,4.0171.00,51,4000,13147,41,,3,4.15,10.01,11.3,37,4.67,5.36,*,*,*,*,*,*,*,0,0,0
2019,CENSUS TRACT,4.0179.00,57,3000,6788,42,,3,5.1,5,7.31,25,3.25,4.03,*,*,*,*,*,*,*,0,0,0
2019,CENSUS TRACT,4.0181.01,23,700,853,22,,6,5.54,10,8.62,21,2.83,3.13,*,*,*,*,*,*,*,0,0,0
2019,CENSUS TRACT,4.0181.02,22,765,1481,20,,5.5,6.05,10.01,9.56,14,4.5,5.03,*,*,*,*,*,*,*,*,*,*
2019,CENSUS TRACT,4.0183.00,110,768,1380,100,,4.94,5.25,5.21,7.44,57,5.5,5.25,10,*,*,*,*,*,*,0,0,0
2019,CENSUS TRACT,4.0185.01,14,603,670,13,,3.47,3.68,5.01,5.25,10,3.79,3.56,*,*,*,*,*,*,*,0,0,0
2019,CENSUS TRACT,4.0185.02,35,817,948,34,,3.77,3.57,5.08,6.18,22,3.16,3.59,*,*,*,*,*,*,*,0,0,0
2019,CENSUS TRACT,4.0189.00,21,3500,8021,18,,3.5,7.56,4.02,4.83,*,*,*,*,*,*,*,*,*,*,0,0,0
2019,CENSUS TRACT,4.0190.00,22,1045,1332,20,,3,3.07,1,4.79,*,*,*,*,*,*,*,*,*,*,0,0,0
2019,CENSUS TRACT,4.0199.00,80,4500,11168,58,,2,3.4,9.83,8.26,36,2.88,3.74,13,*,*,*,*,*,*,0,0,0
2019,CENSUS TRACT,4.0205.00,20,6000,11204,15,,1,1.29,1,2.47,*,*,*,*,*,*,*,*,*,*,0,0,0
2019,CENSUS TRACT,4.0208.00,24,1268,1835,21,,2,2.15,5,6.61,16,1.79,2.35,*,*,*,*,*,*,*,0,0,0
2019,CENSUS TRACT,4.0212.00,49,1518,1937,41,,5,10.68,5,6.77,25,4,3.78,*,*,*,*,*,*,*,0,0,0
2019,CENSUS TRACT,4.0214.00,65,1044,2122,56,,3.81,4.33,9.84,8.82,39,4.09,4.86,15,*,*,*,*,*,*,0,0,0
2019,CENSUS TRACT,4.0216.00,47,1144,1751,42,,3,4.21,11.91,12.8,28,4.82,4.89,10,*,*,*,*,*,*,0,0,0
2019,CENSUS TRACT,4.0219.00,30,11400,24610,20,,1.75,3.05,4.98,4.32,13,3,3.41,5,10,1,3.97,0,0,0,0,0,0
2019,CENSUS TRACT,4.0220.02,20,1188,3205,*,,*,*,*,*,*,*,*,*,12,1,1,*,*,*,0,0,0
2019,CENSUS TRACT,4.0230.00,12,1082,2456,12,,3.17,3.95,1,1.5,*,*,*,*,0,0,0,0,0,0,0,0,0
2019,CENSUS TRACT,4.0235.00,52,750,2055,46,,3.66,3.98,1.92,6.88,22,3.67,3.66,*,*,*,*,*,*,*,0,0,0
2019,CENSUS TRACT,4.0236.00,50,746,1640,43,,4,8.24,9.09,12.45,35,3.67,4.99,11,*,*,*,*,*,*,0,0,0
2019,CENSUS TRACT,4.0238.00,40,1050,1650,35,,3.38,4.39,7.98,7.5,28,2.46,4.21,14,*,*,*,*,*,*,0,0,0
2019,CENSUS TRACT,4.0240.00,54,1308,3283,44,,4.5,7.99,10.01,9.95,35,3.92,4.22,13,*,*,*,*,*,*,*,*,*
2019,CENSUS TRACT,4.0245.00,29,1780,3579,26,,3,2.65,1,4.22,10,4.42,4.59,*,*,*,*,*,*,*,0,0,0
2019,CENSUS TRACT,4.0249.00,20,2000,3177,16,,4,3.89,3.75,7.29,*,*,*,*,*,*,*,*,*,*,*,*,*
2019,CENSUS TRACT,4.0251.00,28,675,1083,27,,3.57,3.87,5,5.62,21,3.11,3.56,*,*,*,*,*,*,*,0,0,0
2019,CENSUS TRACT,4.0253.01,32,1485,2233,32,,3,3.35,2.83,6.34,23,1.75,2.92,14,0,0,0,0,0,0,0,0,0
2019,CENSUS TRACT,4.0253.02,31,1600,2562,22,,3.99,7.31,1,5.14,*,*,*,*,*,*,*,*,*,*,*,*,*
2019,CENSUS TRACT,4.0254.00,15,2700,3973,*,,*,*,*,*,*,*,*,*,*,*,*,*,*,*,0,0,0
2019,CENSUS TRACT,4.0255.00,24,3392,5944,18,,3,4.9,8,11.86,15,4.17,4.51,*,*,*,*,*,*,*,0,0,0
2019,CENSUS TRACT,4.0257.00,24,3267,5024,12,,2.41,4.16,1,3.69,*,*,*,*,*,*,*,*,*,*,0,0,0
2019,CENSUS TRACT,4.0259.00,48,1050,2501,39,,3.35,5.16,6.92,8.54,26,2.79,3.97,12,*,*,*,*,*,*,0,0,0
2019,CENSUS TRACT,4.0261.00,92,800,1626,84,,4,4.12,7,7.81,68,4.27,4.82,15,*,*,*,*,*,*,0,0,0
2019,CENSUS TRACT,4.0263.00,43,1000,1156,41,,4.17,4.85,6,7.97,23,4.25,4.86,*,*,*,*,*,*,*,0,0,0
2019,CENSUS TRACT,4.0265.00,32,1000,2552,28,,5.2,5.78,5,7.28,21,2.16,5.02,10,*,*,*,*,*,*,*,*,*
2019,CENSUS TRACT,4.0267.00,50,1113,1977,41,,5,5.32,7,9.19,30,2.71,2.89,14,*,*,*,*,*,*,0,0,0
2019,CENSUS TRACT,4.0269.01,112,900,1122,99,,4.35,6.58,7,8.03,71,3.5,3.88,22,*,*,*,*,*,*,0,0,0
2019,CENSUS TRACT,4.0269.02,35,700,1502,28,,4.58,5.5,6.17,9.65,24,2.58,5.75,*,*,*,*,*,*,*,0,0,0
2019,CENSUS TRACT,4.0271.00,46,884,1102,44,,4.14,8.26,5,6.09,29,2.33,3.47,13,*,*,*,*,*,*,0,0,0
2019,CENSUS TRACT,4.0272.00,13,800,1629,11,,3,3.1,1,5.57,*,*,*,0,*,*,*,*,*,*,0,0,0
2019,CENSUS TRACT,4.0273.00,126,1085,1660,115,,5,5.3,8,10.09,80,4.75,6.1,23,*,*,*,*,*,*,0,0,0
2019,CENSUS TRACT,4.0275.00,70,896,1092,65,,5,5.69,5,6.14,39,3.09,3.78,14,*,*,*,*,*,*,0,0,0
2019,CENSUS TRACT,4.0277.00,78,880,1077,69,,5,10.54,3,4.42,40,2.88,2.93,17,*,*,*,*,*,*,0,0,0
2019,CENSUS TRACT,4.0279.00,52,1184,1988,49,,10.54,39.01,5,8.16,32,3.46,4.81,*,*,*,*,*,*,*,0,0,0
2019,CENSUS TRACT,4.0281.00,29,808,1587,27,,8,8.07,10.01,10.07,26,3.17,3.87,*,*,*,*,*,*,*,0,0,0
2019,CENSUS TRACT,4.0282.00,10,950,1027,10,,2,3.54,4.5,5.18,*,*,*,*,0,0,0,0,0,0,0,0,0
2019,CENSUS TRACT,4.0283.00,162,1200,1927,147,,7,12.72,8.5,8.09,107,3.58,3.89,30,*,*,*,*,*,*,*,*,*
2019,CENSUS TRACT,4.0284.00,23,1300,1832,19,,3,3.35,1,2.16,*,*,*,0,*,*,*,*,*,*,0,0,0
2019,CENSUS TRACT,4.0285.00,20,1373,1586,19,,3.94,4.58,1,4,*,*,*,*,*,*,*,*,*,*,0,0,0
2019,CENSUS TRACT,4.0287.00,75,900,1759,68,,6.46,8.34,10,8.39,49,5.09,4.77,*,*,*,*,*,*,*,0,0,0
2019,CENSUS TRACT,4.0289.00,100,1200,1738,87,,7,7.02,9.92,11.02,72,3,3.76,20,*,*,*,*,*,*,0,0,0
2019,CENSUS TRACT,4.0291.00,23,1300,5565,22,,7,6.78,1,5.02,*,*,*,0,*,*,*,*,*,*,0,0,0
2019,CENSUS TRACT,4.0294.00,26,1050,1740,20,,2.92,3.07,9.01,10.61,17,4.67,6.74,*,*,*,*,*,*,*,0,0,0
2019,CENSUS TRACT,4.0295.00,37,1000,2362,35,,3,5.84,1,2.32,*,*,*,*,*,*,*,*,*,*,0,0,0
2019,CENSUS TRACT,4.0297.00,67,3000,5715,55,,2.03,3.93,5,8.69,42,1.84,3.22,19,*,*,*,*,*,*,0,0,0
2019,CENSUS TRACT,4.0306.00,86,1404,6431,66,,2,2.13,1,2.92,16,2.38,2.72,6,*,*,*,*,*,*,0,0,0
2019,CENSUS TRACT,4.0309.02,20,1544,3018,14,,3.81,3.48,12.93,14.44,13,3.5,3.08,*,*,*,*,*,*,*,0,0,0
2019,CENSUS TRACT,4.0309.03,54,1966,3756,48,,3,3.24,12.01,16.69,42,4.59,5.91,*,*,*,*,*,*,*,0,0,0
2019,CENSUS TRACT,4.0317.00,10,1189,3031,*,,*,*,*,*,*,*,*,*,*,*,*,0,0,0,0,0,0
2019,CENSUS TRACT,4.0320.00,99,1531,4364,67,,2,1.85,3.17,3.89,46,1.58,2.03,31,12,1,1.97,20,1,1.03,0,0,0
2019,CENSUS TRACT,4.0329.00,24,1147,6624,22,,3.75,4.33,10,9.12,20,4.92,5.34,*,*,*,*,*,*,*,0,0,0
2019,CENSUS TRACT,4.0330.00,11,1000,1156,10,,2.46,2.47,3,5.15,*,*,*,*,*,*,*,*,*,*,0,0,0
2019,CENSUS TRACT,4.0334.01,16,1100,2200,12,,3,3.25,1,4.48,*,*,*,0,*,*,*,*,*,*,*,*,*
2019,CENSUS TRACT,4.0334.02,17,900,1012,17,,2,1.97,3.83,4.34,14,1,1.23,13,0,0,0,0,0,0,0,0,0
2019,CENSUS TRACT,4.0337.00,10,835,1218,10,,4.5,4.3,10,10.02,*,*,*,0,0,0,0,0,0,0,0,0,0
2019,CENSUS TRACT,4.0339.00,16,1110,1589,16,,4.08,4.71,1,6.13,*,*,*,*,0,0,0,0,0,0,0,0,0
2019,CENSUS TRACT,4.0347.00,10,2000,4020,*,,*,*,*,*,*,*,*,*,*,*,*,*,*,*,*,*,*
2019,CENSUS TRACT,4.0351.00,10,1000,1515,10,,3.56,4.15,3.08,4.22,*,*,*,*,0,0,0,0,0,0,0,0,0
2019,CENSUS TRACT,4.0352.00,38,2027,8940,28,,4,6.08,10.03,12.45,20,4.29,4.3,*,*,*,*,*,*,*,0,0,0
2019,CENSUS TRACT,4.0353.00,24,950,1469,21,,4.5,28.75,1,5.8,*,*,*,*,*,*,*,*,*,*,0,0,0
2019,CENSUS TRACT,4.0358.00,17,2100,3412,14,,3,2.79,1,8.2,*,*,*,*,*,*,*,*,*,*,*,*,*
2019,CENSUS TRACT,4.0366.00,31,1100,2899,26,,3,4.43,4,5.51,13,3,3.65,*,*,*,*,*,*,*,0,0,0
2019,CENSUS TRACT,4.0375.00,97,1200,1584,93,,6,11.29,6.09,8.54,60,3.79,4.61,19,*,*,*,*,*,*,0,0,0
2019,CENSUS TRACT,4.0377.00,12,1450,1538,*,,*,*,*,*,*,*,*,*,*,*,*,*,*,*,0,0,0
2019,CENSUS TRACT,4.0379.00,16,1300,1837,15,,4,3.88,5,6.21,13,3.67,4.11,*,*,*,*,*,*,*,0,0,0
2019,CENSUS TRACT,4.0383.01,33,1400,1917,30,,1.79,2.43,1.5,1.88,15,1.09,1.15,14,*,*,*,*,*,*,0,0,0
2019,CENSUS TRACT,4.0394.00,10,1379,4234,*,,*,*,*,*,*,*,*,*,*,*,*,*,*,*,0,0,0
2019,CENSUS TRACT,4.0399.00,24,1134,1987,20,,4,5.92,5.5,5.9,13,3.33,4.06,*,*,*,*,*,*,*,*,*,*
2019,CENSUS TRACT,4.0401.00,20,1537,2560,12,,4.29,9.7,7,6.53,*,*,*,*,*,*,*,*,*,*,0,0,0
2019,CENSUS TRACT,4.0403.00,48,1000,1958,45,,5,5.55,4.73,4.98,26,3.96,3.31,*,*,*,*,*,*,*,0,0,0
2019,CENSUS TRACT,4.0405.00,113,1200,1643,97,,4,4.45,1,4.8,46,4.04,4.23,14,*,*,*,*,*,*,0,0,0
2019,CENSUS TRACT,4.0407.00,43,1000,1375,39,,3,3.86,5.02,7.23,30,2.56,3.84,14,*,*,*,*,*,*,*,*,*
2019,CENSUS TRACT,4.0409.00,20,1000,2228,17,,6.14,5.07,1,1.85,*,*,*,*,*,*,*,*,*,*,0,0,0
2019,CENSUS TRACT,4.0413.00,13,1140,2002,11,,4.27,5.51,7.72,7.61,*,*,*,*,*,*,*,*,*,*,0,0,0
2019,CENSUS TRACT,4.0415.00,17,3000,3075,14,,2.64,3.95,1,5.51,*,*,*,*,*,*,*,*,*,*,0,0,0
2019,CENSUS TRACT,4.0427.00,30,1150,1298,25,,3,9.15,6.01,5.7,16,6.01,5.5,*,*,*,*,*,*,*,0,0,0
2019,CENSUS TRACT,4.0439.00,19,1920,2096,16,,3.14,6.18,10,8.81,11,4,5.09,0,*,*,*,*,*,*,0,0,0
2019,CENSUS TRACT,4.0440.00,13,8000,12570,13,,1,1.67,5,10.12,13,3.42,3.57,6,0,0,0,0,0,0,0,0,0
2019,CENSUS TRACT,4.0443.01,13,896,1368,12,,2.04,2.67,1,1,0,0,0,0,*,*,*,*,*,*,0,0,0
2019,CENSUS TRACT,4.0443.02,25,1400,2299,23,,4.5,4.85,4,6.1,13,1.75,2.5,*,*,*,*,*,*,*,0,0,0
2019,CENSUS TRACT,4.0444.00,108,3000,9288,83,,3,7.53,6,8.8,60,3,4.31,18,*,*,*,*,*,*,0,0,0
2019,CENSUS TRACT,4.0446.01,162,2000,4470,143,,5,7.96,10.01,9.36,101,3,4.52,36,*,*,*,*,*,*,0,0,0
2019,CENSUS TRACT,4.0446.02,42,900,1934,36,,5.03,17.21,5,6.44,23,4.25,3.53,*,*,*,*,*,*,*,0,0,0
2019,CENSUS TRACT,4.0450.00,10,1200,1000,10,,3,3.4,1,1.51,*,*,*,0,0,0,0,0,0,0,0,0,0
2019,CENSUS TRACT,4.0454.00,23,500,914,22,,6.25,6.67,4.42,6.48,15,1,3.74,*,*,*,*,*,*,*,0,0,0
2019,CENSUS TRACT,4.0455.00,43,2143,4066,29,,4,3.69,10.39,12.08,27,4.67,5.55,7,*,*,*,*,*,*,*,*,*
2019,CENSUS TRACT,4.0458.00,31,1300,2236,26,,3,4.45,10.04,9.57,17,4.16,4.96,*,*,*,*,*,*,*,0,0,0
2019,CENSUS TRACT,4.0460.00,64,1629,3734,54,,4.6,7.84,8.89,9.25,37,3.25,3.92,13,*,*,*,*,*,*,0,0,0
2019,CENSUS TRACT,4.0461.00,32,725,1190,31,,4,4.07,2.63,3.43,12,2.42,2.67,*,*,*,*,*,*,*,0,0,0
2019,CENSUS TRACT,4.0462.00,40,800,1669,36,,4,7.12,6,7.81,27,3.16,3.9,*,*,*,*,*,*,*,0,0,0
2019,CENSUS TRACT,4.0463.00,12,744,917,11,,3,3.39,5,6.37,*,*,*,*,*,*,*,*,*,*,0,0,0
2019,CENSUS TRACT,4.0465.00,66,600,808,60,,5.31,27.82,1,2.19,10,4.75,4.84,*,*,*,*,*,*,*,0,0,0
2019,CENSUS TRACT,4.0466.00,44,1150,1652,39,,3.42,3.6,5,8.35,29,1,2.74,10,*,*,*,*,*,*,0,0,0
2019,CENSUS TRACT,4.0468.00,13,600,2369,12,,3.5,3.77,6,10.29,11,5.84,9.04,*,*,*,*,*,*,*,0,0,0
2019,CENSUS TRACT,4.0469.00,29,1240,2372,29,,1,2.85,15.42,19.84,29,5.01,6.71,6,0,0,0,0,0,0,0,0,0
2019,CENSUS TRACT,4.0470.00,16,1000,3173,13,,4,7.82,1,2.69,*,*,*,*,*,*,*,*,*,*,0,0,0
2019,CENSUS TRACT,4.0471.00,31,900,1058,29,,4,4.26,4.02,4.28,16,2.48,3.13,*,*,*,*,*,*,*,0,0,0
2019,CENSUS TRACT,4.0473.00,51,1200,4702,37,,4.82,5.68,10,9.96,23,2.75,3.82,10,*,*,*,*,*,*,0,0,0
2019,CENSUS TRACT,4.0475.00,46,809,2228,37,,3,3.92,3.76,5.63,21,2.67,4.75,*,*,*,*,*,*,*,0,0,0
2019,CENSUS TRACT,4.0478.00,51,1813,2584,49,,3.73,3.85,10,13.12,41,3.5,4.66,11,*,*,*,*,*,*,0,0,0
2019,CENSUS TRACT,4.0479.00,22,1350,2616,17,,3.61,3.61,1.33,3.43,*,*,*,*,*,*,*,*,*,*,0,0,0
2019,CENSUS TRACT,4.0480.00,13,2400,2234,11,,3,3.31,10,11.62,10,5.75,5.62,*,*,*,*,*,*,*,0,0,0
2019,CENSUS TRACT,4.0481.00,27,770,996,25,,6.25,6.07,6.92,7.98,22,3.21,3.34,*,*,*,*,*,*,*,0,0,0
2019,CENSUS TRACT,4.0483.00,20,930,1019,19,,5,5.24,1,2.96,*,*,*,*,*,*,*,*,*,*,0,0,0
2019,CENSUS TRACT,4.0484.00,14,1168,1840,12,,2,2.13,7.5,8.73,*,*,*,*,*,*,*,*,*,*,0,0,0
2019,CENSUS TRACT,4.0485.00,68,1667,4386,51,,4,5.38,7,7.69,33,3.75,4.74,10,*,*,*,*,*,*,0,0,0
2019,CENSUS TRACT,4.0489.00,18,4250,7640,14,,2,2.2,5,9.04,12,3.42,4.13,*,*,*,*,*,*,*,0,0,0
2019,CENSUS TRACT,4.0492.00,15,1000,1733,15,,4,3.27,3,5.02,10,1.13,2.32,8,0,0,0,0,0,0,0,0,0
2019,CENSUS TRACT,4.0493.02,44,1740,2786,37,,2.38,2.71,5,7.14,24,2.58,3.02,11,*,*,*,*,*,*,0,0,0
2019,CENSUS TRACT,4.0496.00,12,887,1298,*,,*,*,*,*,*,*,*,*,*,*,*,*,*,*,0,0,0
2019,CENSUS TRACT,4.0499.00,15,5280,9165,13,,2,4.08,10.02,13.52,12,4.46,5.62,*,*,*,*,*,*,*,0,0,0
2019,CENSUS TRACT,4.0500.00,22,900,1274,19,,2,2.72,5.58,10.23,18,3.25,5.79,*,*,*,*,*,*,*,0,0,0
2019,CENSUS TRACT,4.0512.00,15,1000,1681,15,,3.41,4.05,1,3.86,*,*,*,*,0,0,0,0,0,0,0,0,0
2019,CENSUS TRACT,4.0515.00,12,950,1896,*,,*,*,*,*,*,*,*,0,*,*,*,0,0,0,0,0,0
2019,CENSUS TRACT,4.0517.00,32,875,2684,25,,3,3.01,5.46,7.33,14,4.09,4.13,*,*,*,*,*,*,*,0,0,0
2019,CENSUS TRACT,4.0521.00,17,1369,3361,16,,1.86,2.42,3.21,7.3,*,*,*,*,*,*,*,*,*,*,0,0,0
2019,CENSUS TRACT,4.0531.00,53,2500,4724,39,,2.21,4.81,2.07,4.24,23,2.75,3.28,8,*,*,*,*,*,*,0,0,0
2019,CENSUS TRACT,4.0534.01,11,1200,2088,11,,2,4.76,10.01,9.4,10,1.29,3.25,6,0,0,0,0,0,0,0,0,0
2019,CENSUS TRACT,4.0535.00,38,5000,15678,27,,2,4.18,6,6.81,20,3.33,3.73,*,*,*,*,*,*,*,0,0,0
2019,CENSUS TRACT,4.0539.00,10,7500,10640,*,,*,*,*,*,*,*,*,0,*,*,*,*,*,*,0,0,0
2019,CENSUS TRACT,4.0540.00,28,1615,3032,25,,2,2.19,5,7.82,18,4.8,5.41,*,*,*,*,*,*,*,0,0,0
2019,CENSUS TRACT,4.0542.00,25,1250,1521,19,,2,2.07,2,4.51,10,3.96,3.91,*,*,*,*,*,*,*,0,0,0
2019,CENSUS TRACT,4.0545.00,13,850,1297,12,,3,2.87,4.34,4.19,*,*,*,*,*,*,*,*,*,*,0,0,0
2019,CENSUS TRACT,4.0547.00,23,1000,1688,20,,3,3.09,4.54,5.54,10,6.17,5.68,*,*,*,*,*,*,*,0,0,0
2019,CENSUS TRACT,4.0549.00,47,800,1901,45,,4,3.56,5.27,6.96,31,3.16,4.34,10,*,*,*,*,*,*,0,0,0
2019,CENSUS TRACT,4.0551.00,83,700,1324,69,,3,3.33,5,5.3,40,3.05,3.59,13,*,*,*,*,*,*,*,*,*
2019,CENSUS TRACT,4.0552.00,10,1949,3339,*,,*,*,*,*,*,*,*,*,*,*,*,*,*,*,0,0,0
2019,CENSUS TRACT,4.0553.00,63,1450,2385,53,,3,3.26,7.89,10.13,37,2.92,3.53,12,*,*,*,*,*,*,0,0,0
2019,CENSUS TRACT,4.0555.00,18,2350,2830,13,,1.75,2.59,2,3.62,*,*,*,*,*,*,*,*,*,*,0,0,0
2019,CENSUS TRACT,4.0557.00,38,1403,2489,30,,2.74,2.86,4,11.68,17,3.42,3.85,*,*,*,*,*,*,*,0,0,0
2019,CENSUS TRACT,4.0559.00,14,1330,2527,*,,*,*,*,*,*,*,*,*,*,*,*,0,0,0,0,0,0
2019,CENSUS TRACT,4.0564.00,17,1673,2304,*,,*,*,*,*,*,*,*,*,*,*,*,0,0,0,0,0,0
2019,CENSUS TRACT,4.0566.00,15,1334,2246,13,,2.33,2.6,1,5.97,*,*,*,*,*,*,*,*,*,*,0,0,0
2019,CENSUS TRACT,4.0568.00,60,1129,3322,52,,2,2.84,1,4.8,19,1.16,6.13,*,*,*,*,*,*,*,0,0,0
2019,CENSUS TRACT,4.0577.00,24,775,2061,24,,2,2.41,9.01,10.44,21,2.33,3.5,10,0,0,0,0,0,0,0,0,0
2019,CENSUS TRACT,4.0581.00,16,500,699,14,,4,3.8,1,5.38,*,*,*,*,*,*,*,*,*,*,0,0,0
2019,CENSUS TRACT,4.0582.00,13,1100,3665,10,,2,2.29,2.46,6.28,*,*,*,*,*,*,*,*,*,*,0,0,0
2019,CENSUS TRACT,4.0583.00,18,750,868,16,,3.15,3.45,5.01,5.83,11,3.83,3.85,*,*,*,*,*,*,*,0,0,0
2019,CENSUS TRACT,4.0585.00,21,535,778,18,,3.33,3.74,5,5.04,11,3.5,3.66,*,*,*,*,*,*,*,0,0,0
2019,CENSUS TRACT,4.0587.00,16,750,1465,15,,3.75,3.98,5.08,8.73,*,*,*,*,*,*,*,*,*,*,0,0,0
2019,CENSUS TRACT,4.0589.00,33,600,861,20,,2.73,3.37,5,5.12,16,2.13,2.56,10,*,*,*,*,*,*,0,0,0
2019,CENSUS TRACT,4.0591.00,11,1250,1215,*,,*,*,*,*,*,*,*,*,*,*,*,*,*,*,0,0,0
2019,CENSUS TRACT,4.0593.00,20,900,1700,17,,3,3.02,1,8.38,*,*,*,*,*,*,*,*,*,*,0,0,0
2019,CENSUS TRACT,4.0595.00,13,840,1721,10,,3.45,3.74,1,9.64,*,*,*,*,*,*,*,*,*,*,0,0,0
2019,CENSUS TRACT,4.0596.00,13,800,754,10,,3.25,3.27,5,9.15,*,*,*,*,*,*,*,*,*,*,0,0,0
2019,CENSUS TRACT,4.0600.00,13,900,1598,13,,24,22.86,1,1,*,*,*,0,0,0,0,0,0,0,0,0,0
2019,CENSUS TRACT,4.0601.00,15,770,1700,13,,3,3.19,1,7.15,*,*,*,*,*,*,*,*,*,*,0,0,0
2019,CENSUS TRACT,4.0603.00,18,2000,3069,16,,2.68,2.94,11.59,13.13,16,2.51,2.74,*,*,*,*,*,*,*,0,0,0
2019,CENSUS TRACT,4.0606.00,13,1000,1076,12,,2.23,9.93,4,6.09,*,*,*,*,*,*,*,*,*,*,0,0,0
2019,CENSUS TRACT,4.0613.01,48,900,3354,41,,3.08,3.39,2,7.15,21,2.75,3.75,*,*,*,*,*,*,*,*,*,*
2019,CENSUS TRACT,4.0618.00,10,1335,3325,10,,2.06,1.81,1,1,*,*,*,0,0,0,0,0,0,0,0,0,0
2019,CENSUS TRACT,4.0619.00,20,950,1835,18,,2.46,2.69,6.55,7.47,16,1.25,3.33,*,*,*,*,*,*,*,0,0,0
2019,CENSUS TRACT,4.0621.00,19,1200,2739,16,,2.13,2.73,10,8,12,3.18,3.41,*,*,*,*,*,*,*,0,0,0
2019,CENSUS TRACT,4.0622.00,10,1200,2647,10,,2.92,3.35,5,6.99,10,3.73,4.09,1,0,0,0,0,0,0,0,0,0
2019,CENSUS TRACT,4.0626.00,19,1086,3561,15,,2,2.24,5.08,8.34,15,2,4.04,*,*,*,*,*,*,*,0,0,0
2019,CENSUS TRACT,4.0627.00,13,650,1851,10,,3,5.74,5,5.43,*,*,*,*,*,*,*,*,*,*,0,0,0
2019,CENSUS TRACT,4.0629.00,23,900,3215,19,,2.69,3.2,10,11.55,17,4.67,5.03,*,*,*,*,*,*,*,0,0,0
2019,CENSUS TRACT,4.0632.00,64,1160,2338,57,,3,3.06,5,7.84,38,3.17,4.24,12,*,*,*,*,*,*,0,0,0
2019,CENSUS TRACT,4.0637.00,31,3633,12660,23,,2,2.44,11.01,13.13,18,2.13,4.53,*,*,*,*,*,*,*,0,0,0
2019,CENSUS TRACT,4.0638.00,15,2000,2154,13,,2,2.14,9.68,8.95,*,*,*,*,*,*,*,*,*,*,0,0,0
2019,CENSUS TRACT,4.0645.00,21,1100,1388,18,,3.44,3.42,1,5.06,*,*,*,*,*,*,*,*,*,*,0,0,0
2019,CENSUS TRACT,4.0654.00,19,1325,2240,16,,2,2.86,1,7.09,*,*,*,*,*,*,*,*,*,*,0,0,0
2019,CENSUS TRACT,4.0656.00,12,1200,1187,12,,3,3.6,1,4.08,*,*,*,0,0,0,0,0,0,0,0,0,0
2019,CENSUS TRACT,4.0657.02,18,1094,1572,14,,2,2.63,1,4.51,*,*,*,*,*,*,*,*,*,*,0,0,0
2019,CENSUS TRACT,4.0657.03,28,1820,2002,23,,3.38,3.46,2.25,7,12,4.88,4.9,*,*,*,*,*,*,*,0,0,0
2019,CENSUS TRACT,4.0669.00,10,1200,1889,10,,2.92,3.39,5.33,6.13,*,*,*,*,0,0,0,0,0,0,0,0,0
2019,CENSUS TRACT,4.0671.00,25,1000,1835,21,,3,3.06,8.01,15.78,19,3.42,7.08,*,*,*,*,*,*,*,0,0,0
2019,CENSUS TRACT,4.0679.00,24,1025,1280,20,,3,3.16,1,3.1,*,*,*,*,*,*,*,*,*,*,0,0,0
2019,CENSUS TRACT,4.0680.00,11,1393,1909,*,,*,*,*,*,*,*,*,*,*,*,*,0,0,0,0,0,0
2019,CENSUS TRACT,4.0683.00,16,3052,16368,12,,6.5,7.82,10.08,8.45,*,*,*,0,*,*,*,*,*,*,0,0,0
2019,CENSUS TRACT,4.0687.00,22,920,1268,20,,3,3.26,7.21,10.49,19,2.09,2.22,*,*,*,*,*,*,*,0,0,0
2019,CENSUS TRACT,4.0693.00,87,1440,2191,84,,4.71,4.77,10.3,13.83,61,4.59,4.46,17,*,*,*,*,*,*,*,*,*
2019,CENSUS TRACT,4.0695.00,23,1600,3031,21,,3,3.69,10.01,9.27,18,5.25,4.83,*,*,*,*,*,*,*,0,0,0
2019,CENSUS TRACT,4.0697.01,13,1250,2419,12,,2,2.17,9,10.7,11,4.09,5.5,0,*,*,*,*,*,*,0,0,0
2019,CENSUS TRACT,4.0697.02,16,1250,2519,13,,2.39,2.9,3,6.16,10,2.25,2.26,*,*,*,*,*,*,*,0,0,0
2019,CENSUS TRACT,4.0707.00,19,800,1309,17,,3,3.24,5,6.44,13,3.5,4.26,*,*,*,*,*,*,*,0,0,0
2019,CENSUS TRACT,4.0709.00,14,1290,1960,14,,2.83,2.58,4,8.53,*,*,*,*,0,0,0,0,0,0,0,0,0
2019,CENSUS TRACT,4.0711.00,108,1925,3049,102,,5,5.7,10,10.33,61,5.42,5.51,11,*,*,*,*,*,*,0,0,0
2019,CENSUS TRACT,4.0713.03,52,1190,1834,46,,5,4.97,10,11.86,39,3.25,3.99,13,*,*,*,*,*,*,0,0,0
2019,CENSUS TRACT,4.0713.04,23,1000,3369,21,,5,4.71,1,6.9,*,*,*,0,*,*,*,*,*,*,0,0,0
2019,CENSUS TRACT,4.0713.05,12,1804,2447,12,,4,4.08,10.15,11.46,10,5.13,4.94,4,0,0,0,0,0,0,0,0,0
2019,CENSUS TRACT,4.0713.06,36,943,1332,35,,4,4.19,10.01,10.84,33,3.67,4.72,10,*,*,*,*,*,*,0,0,0
2019,CENSUS TRACT,4.0717.01,56,1550,6953,46,,4.33,4.95,10.02,10.16,30,4.17,5.64,11,*,*,*,*,*,*,*,*,*
2019,CENSUS TRACT,4.0717.02,32,2452,10204,25,,8,7.35,10.45,12.01,25,5.67,5.24,11,*,*,*,*,*,*,0,0,0
2019,CENSUS TRACT,4.0731.00,17,1400,3045,12,,2.16,2.42,1.5,3.57,*,*,*,*,*,*,*,*,*,*,0,0,0
2019,CENSUS TRACT,4.0737.00,123,1100,2167,120,,6,6.95,10,11.28,106,3.2,3.79,41,*,*,*,*,*,*,0,0,0
2019,CENSUS TRACT,4.0739.00,10,2000,2942,*,,*,*,*,*,*,*,*,*,*,*,*,*,*,*,*,*,*
2019,CENSUS TRACT,4.0743.00,64,1280,2143,52,,2,3.03,10.01,11.59,41,4.67,5.04,10,*,*,*,*,*,*,0,0,0
2019,CENSUS TRACT,4.0757.01,72,1176,3650,68,,3.17,3.49,8,9.64,50,3.58,4.92,16,*,*,*,*,*,*,0,0,0
2019,CENSUS TRACT,4.0757.02,22,628,740,22,,3.64,3.41,10.01,12.34,22,4,4.47,7,0,0,0,0,0,0,0,0,0
2019,CENSUS TRACT,4.0769.01,32,1343,2758,31,,6,5.01,10.01,11.42,28,4.04,4.35,*,*,*,*,*,*,*,0,0,0
2019,CENSUS TRACT,4.0769.02,25,1150,1699,23,,4.78,4.64,11.39,15.16,23,4.67,4.92,*,*,*,*,*,*,*,0,0,0
2019,CENSUS TRACT,4.0775.00,44,950,1221,41,,3,3.16,6.25,8.05,30,4.63,5.1,*,*,*,*,*,*,*,0,0,0
2019,CENSUS TRACT,4.0779.02,23,1500,1947,22,,4,13,7.13,10.82,15,4.75,8.69,*,*,*,*,*,*,*,0,0,0
2019,CENSUS TRACT,4.0779.04,55,1000,1470,52,,13,26.69,5.74,8.31,26,3.75,4.65,10,*,*,*,*,*,*,0,0,0
2019,CENSUS TRACT,4.0779.06,14,1061,1474,14,,51,51.93,15.38,22.01,13,4,4.87,3,0,0,0,0,0,0,0,0,0
2019,CENSUS TRACT,4.0779.07,16,1086,2080,16,,3.45,3.5,5,7.63,15,2.09,2.95,9,0,0,0,0,0,0,0,0,0
2019,CENSUS TRACT,4.0797.01,22,1000,1427,19,,6.6,6.7,5,6.74,17,1.84,2.69,11,*,*,*,*,*,*,0,0,0
2019,CENSUS TRACT,4.0797.02,56,967,1238,53,,5.83,8.67,10,7.78,42,2.58,3.07,*,*,*,*,*,*,*,0,0,0
2019,CENSUS TRACT,4.0799.00,31,952,1623,27,,5,4.74,1,3.11,10,3.21,3.58,*,*,*,*,*,*,*,0,0,0
2019,CENSUS TRACT,4.0809.00,20,1386,2072,18,,34,32.17,1,5.74,*,*,*,*,*,*,*,*,*,*,0,0,0
2019,CENSUS TRACT,4.0837.00,19,810,1305,18,,4.65,4.61,10,9.95,16,7.05,5.92,*,*,*,*,*,*,*,0,0,0
2019,CENSUS TRACT,4.0838.00,20,850,980,20,,2,2.32,5,7.84,17,3,3.34,6,0,0,0,0,0,0,0,0,0
2019,CENSUS TRACT,4.0840.00,33,1850,2684,25,,2.11,2.6,1,6.17,*,*,*,*,*,*,*,*,*,*,0,0,0
2019,CENSUS TRACT,4.0845.00,15,1200,2028,13,,3,3.48,7,8.34,13,3.33,2.87,*,*,*,*,*,*,*,0,0,0
2019,CENSUS TRACT,4.0849.00,187,1200,3468,143,,4.91,6.23,3.33,4.96,78,3,3.38,25,22,1,3.6,21,1,0.9,*,*,*
2019,CENSUS TRACT,4.0853.00,124,1258,3674,112,,7.33,11.67,5.63,7.96,82,2.63,3.59,32,*,*,*,*,*,*,*,*,*
2019,CENSUS TRACT,4.0855.00,16,1000,1436,14,,5,5.24,1,3.45,*,*,*,0,*,*,*,*,*,*,0,0,0
2019,CENSUS TRACT,4.0857.00,25,750,829,23,,4,15.87,6,5.71,13,4,4.32,*,*,*,*,*,*,*,0,0,0
2019,CENSUS TRACT,4.0859.00,36,840,1524,34,,7,6.71,11.54,16.09,32,4.82,4.73,*,*,*,*,*,*,*,0,0,0
2019,CENSUS TRACT,4.0864.00,12,3375,18740,10,,3,8.3,2,4.66,*,*,*,*,*,*,*,*,*,*,0,0,0
2019,CENSUS TRACT,4.0865.00,55,1417,2897,43,,4,4.46,5,6.86,40,2.71,3.67,12,*,*,*,*,*,*,*,*,*
2019,CENSUS TRACT,4.0869.00,276,1700,3280,237,,3.34,4.99,5,6.56,151,2.58,3.55,62,20,1,8.39,19,1,1.37,0,0,0
2019,CENSUS TRACT,4.0871.00,317,1500,4506,295,,7,8.69,6,7.31,209,4,4.63,55,11,1,2.24,11,1,0.76,*,*,*
2019,CENSUS TRACT,4.0884.00,15,1624,3969,11,,2.22,8.23,10.01,10.56,*,*,*,*,*,*,*,*,*,*,0,0,0
2019,CENSUS TRACT,4.0889.01,49,1590,2647,48,,4.21,13.47,3,3.62,28,2,2.5,19,*,*,*,*,*,*,0,0,0
2019,CENSUS TRACT,4.0892.00,104,1402,3478,84,,4,9.21,6.98,7.87,64,4.13,4.7,20,*,*,*,*,*,*,0,0,0
2019,CENSUS TRACT,4.0907.00,47,2500,12751,35,,2,3.92,1,5,11,4.25,4.22,*,*,*,*,*,*,*,*,*,*
2019,CENSUS TRACT,4.0919.00,47,2000,5476,30,,2,3.04,5,6.33,24,2.65,3.88,11,*,*,*,*,*,*,*,*,*
2019,CENSUS TRACT,4.0925.00,67,1771,2084,45,,2.47,2.95,5,5.2,29,2.5,3.35,10,*,*,*,*,*,*,0,0,0
2019,CENSUS TRACT,4.0929.00,32,958,4077,26,,2.92,2.88,2.5,5.07,13,3.67,3.37,*,*,*,*,*,*,*,0,0,0
2019,CENSUS TRACT,4.0934.01,12,1125,1142,*,,*,*,*,*,*,*,*,*,*,*,*,0,0,0,0,0,0
2019,CENSUS TRACT,4.0934.02,22,1100,1650,16,,2.5,11.81,1,10.48,*,*,*,*,*,*,*,*,*,*,0,0,0
2019,CENSUS TRACT,4.0938.00,54,1404,3105,48,,3.15,17.05,8,8.64,33,3.58,4.03,*,*,*,*,*,*,*,*,*,*
2019,CENSUS TRACT,4.0942.01,12,1525,1906,10,,5,12.14,3.08,5,*,*,*,*,*,*,*,*,*,*,0,0,0
2019,CENSUS TRACT,4.0942.02,29,1125,2111,20,,3,2.75,6,6.42,16,3.91,4.07,*,*,*,*,*,*,*,0,0,0
2019,CENSUS TRACT,4.0942.03,27,1800,3262,24,,2,1.59,10.01,11.21,15,4.09,5.14,*,*,*,*,*,*,*,0,0,0
2019,CENSUS TRACT,4.0945.00,57,4000,13146,50,,3,3.13,16.18,16.48,48,4.46,5.24,10,*,*,*,*,*,*,0,0,0
2019,CENSUS TRACT,4.0947.00,20,2250,2927,13,,2.71,4.24,1.5,6,*,*,*,*,*,*,*,*,*,*,0,0,0
2019,CENSUS TRACT,4.0981.00,58,1500,2288,46,,2.5,3.53,5,6.05,20,3.42,4.54,3,*,*,*,*,*,*,0,0,0
2019,CENSUS TRACT,4.0987.00,70,1491,3662,56,,3,3.55,15.26,14.97,46,2.05,4.17,20,*,*,*,*,*,*,0,0,0
2019,CENSUS TRACT,4.0992.00,11,1500,3652,*,,*,*,*,*,*,*,*,0,*,*,*,*,*,*,0,0,0
2019,CENSUS TRACT,4.0997.04,62,3475,5075,58,,6,6,17.03,19.31,58,4.09,4.29,12,*,*,*,*,*,*,0,0,0
2019,CENSUS TRACT,4.0998.01,16,915,2680,16,,5,5.11,16.51,18.95,16,3.71,3.8,5,0,0,0,0,0,0,0,0,0
2019,CENSUS TRACT,4.1008.02,41,1495,3682,24,,2.83,2.63,5.75,6.56,20,1.79,2.15,*,*,*,*,*,*,*,0,0,0
2019,CENSUS TRACT,4.1010.01,44,1300,2027,37,,2,2.34,7.88,10.63,29,3.53,3.52,11,*,*,*,*,*,*,0,0,0
2019,CENSUS TRACT,4.1017.00,66,1103,2131,56,,2.5,3.15,10,14.45,43,5.33,6.97,*,*,*,*,*,*,*,0,0,0
2019,CENSUS TRACT,4.1032.01,24,850,1495,15,,4,3.55,10.01,11.74,14,3.17,5.82,*,*,*,*,*,*,*,0,0,0
2019,CENSUS TRACT,4.1032.02,29,1250,4798,27,,2,2.21,17.01,17.96,22,3.17,3.54,10,*,*,*,*,*,*,0,0,0
2019,CENSUS TRACT,4.1039.00,21,1050,1424,14,,3.33,3.74,1,6,*,*,*,*,*,*,*,*,*,*,0,0,0
2019,CENSUS TRACT,4.1047.00,23,1600,2901,21,,4.83,11.53,6,8.93,18,3.5,5.02,*,*,*,*,*,*,*,0,0,0
2019,CENSUS TRACT,4.1085.00,12,1313,2118,11,,2,2.31,1,4.12,*,*,*,*,*,*,*,*,*,*,0,0,0
2019,CENSUS TRACT,4.1097.00,10,1600,1755,10,,2.32,2.67,6.13,8.32,*,*,*,*,0,0,0,0,0,0,0,0,0
2019,CENSUS TRACT,4.1099.00,31,849,1418,28,,2.54,2.66,2,3.03,14,1.58,1.91,*,*,*,*,*,*,*,0,0,0
2019,CENSUS TRACT,4.1123.00,95,1200,1448,82,,4,4.42,1,6.25,36,3.5,4.5,11,*,*,*,*,*,*,0,0,0
2019,CENSUS TRACT,4.1129.00,18,1500,1410,17,,3.58,3.67,1,8.64,*,*,*,*,*,*,*,*,*,*,0,0,0
2019,CENSUS TRACT,4.1139.00,27,1058,1749,22,,2.92,2.99,2.54,3.84,13,2.75,3.16,*,*,*,*,*,*,*,0,0,0
2019,CENSUS TRACT,4.1155.00,31,1200,1647,29,,4,8.7,1,2.82,*,*,*,*,*,*,*,*,*,*,0,0,0
2019,CENSUS TRACT,4.1157.00,49,1128,2429,42,,4.91,6.48,2.25,5.64,18,2.88,4.36,*,*,*,*,*,*,*,0,0,0
2019,CENSUS TRACT,4.1159.00,16,900,1862,13,,4,5.72,1,5.18,*,*,*,*,*,*,*,*,*,*,0,0,0
2019,CENSUS TRACT,4.1163.00,33,1344,2269,31,,4.93,5.32,9.84,10.56,19,6.09,7.77,*,*,*,*,*,*,*,0,0,0
2019,CENSUS TRACT,4.1167.00,21,2000,1728,19,,4,3.9,8,6.53,13,6.92,6.24,*,*,*,*,*,*,*,0,0,0
2019,CENSUS TRACT,4.1171.00,199,1253,1554,179,,4,4.09,5,6.42,116,3.25,4.29,39,*,*,*,*,*,*,0,0,0
2019,CENSUS TRACT,4.1175.00,50,916,2560,37,,4.03,5.32,7,9.21,25,4.84,4.39,*,*,*,*,*,*,*,0,0,0
2019,CENSUS TRACT,4.1181.00,18,3585,4082,17,,3,3.58,10.34,12.22,11,4.5,5.25,*,*,*,*,*,*,*,0,0,0
2019,CENSUS TRACT,4.1185.00,21,1200,1148,20,,2.39,4.6,1.75,3.82,10,3.38,3.18,*,*,*,*,*,*,*,0,0,0
2019,CENSUS TRACT,4.1191.00,58,1500,2135,50,,3,3.07,1,3.19,23,2.25,3.17,10,*,*,*,*,*,*,0,0,0
2019,CENSUS TRACT,4.1205.00,18,1100,2864,15,,5.13,5.71,1,6.47,*,*,*,*,*,*,*,*,*,*,0,0,0
2019,CENSUS TRACT,4.1207.00,22,1202,1886,19,,2,5.25,1,2.64,*,*,*,*,*,*,*,*,*,*,*,*,*
2019,CENSUS TRACT,4.1223.00,11,1000,1965,*,,*,*,*,*,*,*,*,0,*,*,*,0,0,0,0,0,0
2019,CENSUS TRACT,4.1227.01,62,986,2722,43,,17,18.99,9.17,9.29,26,2.63,3.6,9,*,*,*,*,*,*,0,0,0
2019,CENSUS TRACT,4.1227.02,31,1600,3841,29,,3,5.12,1,3.45,*,*,*,*,*,*,*,*,*,*,0,0,0
2019,CENSUS TRACT,4.1241.00,19,850,1526,17,,4.71,11.33,10,11.34,16,3.54,3.96,*,*,*,*,*,*,*,0,0,0
2019,CENSUS TRACT,4.1257.00,13,1500,7272,10,,2.97,3,4.48,8.6,*,*,*,*,*,*,*,*,*,*,0,0,0
2019,CENSUS TRACT,4.1265.00,28,1225,1620,23,,3,10.77,10,10.03,17,5.5,4.92,*,*,*,*,*,*,*,0,0,0
2019,CENSUS TRACT,4.1277.00,72,1100,2243,68,,3.84,8.28,5,8.91,46,3.79,4.74,12,*,*,*,*,*,*,0,0,0
2019,CENSUS TRACT,4.1291.02,21,1120,2083,20,,2.17,3.86,9.88,8.63,17,6.01,5.32,*,*,*,*,*,*,*,0,0,0
2019,CENSUS TRACT,4.1291.03,22,1650,3058,22,,6,5.86,15.01,18.45,20,3.37,3.9,3,0,0,0,0,0,0,0,0,0
2019,CENSUS TRACT,4.1291.04,24,950,1098,14,,4,4.14,10,10.69,13,3.92,4.94,*,*,*,*,*,*,*,0,0,0
2019,CENSUS TRACT,4.1301.00,18,3367,6645,18,,2.62,2.81,15.35,18.27,14,7.71,7.2,2,0,0,0,0,0,0,0,0,0
2019,CENSUS TRACT,4.1333.00,36,1152,1571,35,,4,4.2,9.98,10.12,31,3.42,3.89,*,*,*,*,*,*,*,0,0,0
2019,CENSUS TRACT,4.1339.00,35,952,1348,35,,5,12.57,5,6.26,18,3.83,4.05,4,0,0,0,0,0,0,0,0,0
2019,CENSUS TRACT,4.1341.00,34,1448,1724,34,,3,5.99,5,6.38,23,2.25,3.32,12,0,0,0,0,0,0,0,0,0
2019,CENSUS TRACT,4.1347.00,67,1755,7525,63,,3.83,4.1,20.05,21.76,62,3.79,4.48,12,*,*,*,*,*,*,0,0,0
2019,CENSUS TRACT,4.1367.00,33,1400,2523,30,,5,4.8,10.29,12.6,29,3.42,4.93,11,*,*,*,*,*,*,0,0,0
2019,CENSUS TRACT,4.1377.00,17,1400,1635,17,,3,2.65,10,10.14,17,5.59,5.37,4,0,0,0,0,0,0,0,0,0
2019,CENSUS TRACT,4.1399.00,10,999,1157,*,,*,*,*,*,*,*,*,*,0,0,0,*,*,*,0,0,0
2019,CENSUS TRACT,4.1417.00,12,4000,4391,10,,25,20.6,8.33,8.01,10,3.63,4.35,*,*,*,*,*,*,*,0,0,0
2019,CENSUS TRACT,4.1429.00,15,1025,1543,13,,3,6.88,6,6.22,10,2,3.44,*,*,*,*,*,*,*,0,0,0
2019,CENSUS TRACT,4.1435.00,11,1000,1340,10,,2.74,2.82,5,6.1,*,*,*,*,*,*,*,*,*,*,0,0,0
2019,CENSUS TRACT,4.1447.00,41,2000,3599,29,,3,3.4,5,6.71,19,2.84,4.47,8,*,*,*,*,*,*,0,0,0
2019,CENSUS TRACT,4.1451.01,21,1000,2768,21,,3.9,4.07,5,8,16,3.96,6.41,4,0,0,0,0,0,0,0,0,0
2019,CENSUS TRACT,4.1451.02,13,880,1710,11,,6,9.05,6.5,8.65,*,*,*,*,*,*,*,*,*,*,0,0,0
2019,CENSUS TRACT,4.1459.00,26,988,1714,15,,3,2.75,7.92,8.62,*,*,*,*,*,*,*,*,*,*,0,0,0
2019,CENSUS TRACT,4.1463.00,27,1600,3114,15,,3.98,4.35,6,6.45,12,3.21,4.09,5,*,*,*,*,*,*,*,*,*
2019,CENSUS TRACT,4.1467.00,93,1500,2525,78,,4.36,4.7,5,5.77,45,4.17,4.28,13,*,*,*,*,*,*,0,0,0
2019,CENSUS TRACT,4.1471.00,66,1000,2575,64,,4.71,5.17,5,6.39,23,4.42,6.5,*,*,*,*,*,*,*,0,0,0
2019,CENSUS TRACT,4.1479.00,101,1200,1816,87,,3,3.1,7.64,8.97,70,3.21,4.39,27,*,*,*,*,*,*,*,*,*
2019,CENSUS TRACT,4.1507.01,21,1000,5451,17,,3,3.29,5,6.18,14,1.5,1.47,*,*,*,*,*,*,*,0,0,0
2019,CENSUS TRACT,4.1507.02,61,1500,2380,50,,3.6,3.81,10.01,11.07,39,3.84,3.66,10,*,*,*,*,*,*,0,0,0
2019,CENSUS TRACT,4.1529.01,26,1200,12779,16,,2.67,3.97,9.79,21.84,10,3.5,11.7,3,0,0,0,10,1,0.77,0,0,0
2019,CENSUS TRACT,4.1529.02,24,1040,2071,21,,3.33,3.28,10.42,18.95,21,3.58,4.48,*,*,*,*,*,*,*,0,0,0
2019,CENSUS TRACT,4.1551.01,21,1140,2660,20,,1,1.95,4.12,8.04,19,2,3.98,12,*,*,*,*,*,*,0,0,0
2019,CENSUS TRACT,4.1551.02,35,1650,7257,33,,4,4.36,21.05,20.87,33,4.42,6.05,*,*,*,*,*,*,*,0,0,0
2019,CENSUS TRACT,4.1571.01,26,1255,1646,24,,4.08,4.29,6,8.19,17,4,4.81,*,*,*,*,*,*,*,0,0,0
2019,CENSUS TRACT,4.1579.01,22,1019,1848,18,,3.99,4,6.98,12.2,13,4.09,8.24,*,*,*,*,*,*,*,0,0,0
2019,CENSUS TRACT,4.1579.02,26,1089,1544,23,,4,4.58,5,5.75,12,4.59,5.4,*,*,*,*,*,*,*,0,0,0
2019,CENSUS TRACT,4.1579.03,15,684,1895,*,,*,*,*,*,*,*,*,0,*,*,*,*,*,*,0,0,0
2019,CENSUS TRACT,4.1617.00,12,1993,6189,*,,*,*,*,*,*,*,*,*,*,*,*,0,0,0,0,0,0
2019,CENSUS TRACT,4.1621.00,17,960,1028,15,,2.57,2.47,1,5.03,*,*,*,*,*,*,*,*,*,*,0,0,0
2019,CENSUS TRACT,5.0003.00,73,1250,2168,63,,2.54,2.95,5,6.19,49,1,1.48,32,*,*,*,*,*,*,0,0,0
2019,CENSUS TRACT,5.0006.00,47,1200,1949,36,,2.09,4.32,1.45,5.19,19,4.91,4.96,*,*,*,*,*,*,*,0,0,0
2019,CENSUS TRACT,5.0008.00,24,1500,3456,18,,1.97,2.9,5.17,6.86,12,4.76,6.31,*,*,*,*,*,*,*,*,*,*
2019,CENSUS TRACT,5.0021.00,71,1800,3650,42,,1.92,2.83,4.87,6.31,25,3.16,5.04,10,17,1,12.47,12,1,1,*,*,*
2019,CENSUS TRACT,5.0027.00,13,1556,2129,*,,*,*,*,*,*,*,*,0,*,*,*,*,*,*,0,0,0
2019,CENSUS TRACT,5.0040.00,20,1017,6286,13,,2,2.05,1,1.61,*,*,*,0,*,*,*,*,*,*,0,0,0
2019,CENSUS TRACT,5.0047.00,12,1200,1309,10,,4,3.79,1,5.16,*,*,*,0,*,*,*,*,*,*,0,0,0
2019,CENSUS TRACT,5.0050.00,21,1000,3742,13,,2,2.97,1,5.08,*,*,*,*,*,*,*,*,*,*,0,0,0
2019,CENSUS TRACT,5.0059.00,10,2023,3201,*,,*,*,*,*,*,*,*,*,*,*,*,0,0,0,0,0,0
2019,CENSUS TRACT,5.0064.00,34,1800,2950,21,,2.88,2.74,1,6.29,*,*,*,0,*,*,*,*,*,*,0,0,0
2019,CENSUS TRACT,5.0067.00,23,1000,2109,18,,3.17,3.16,1.42,4.35,*,*,*,*,*,*,*,*,*,*,0,0,0
2019,CENSUS TRACT,5.0070.00,56,1163,3053,44,,2.42,3.19,1,4.68,16,2.25,2.88,*,*,*,*,*,*,*,0,0,0
2019,CENSUS TRACT,5.0074.00,22,1250,1957,21,,2.76,3.62,1,4.69,*,*,*,*,*,*,*,*,*,*,0,0,0
2019,CENSUS TRACT,5.0081.00,14,2069,2509,10,,2,1.96,1,3.75,*,*,*,0,*,*,*,*,*,*,0,0,0
2019,CENSUS TRACT,5.0096.01,41,1424,2672,32,,2.14,2.85,1,5.73,10,3.06,3.93,*,*,*,*,*,*,*,0,0,0
2019,CENSUS TRACT,5.0096.02,29,1800,2698,20,,2.42,3.09,10.01,11.67,11,5.55,7.99,*,*,*,*,*,*,*,0,0,0
2019,CENSUS TRACT,5.0105.00,44,1343,2576,32,,2,2.43,7.5,9.84,25,1.16,2.47,18,*,*,*,*,*,*,0,0,0
2019,CENSUS TRACT,5.0112.01,35,1250,2590,29,,3.48,4.58,3.75,4.89,15,3,3.89,*,*,*,*,*,*,*,0,0,0
2019,CENSUS TRACT,5.0112.02,46,1250,1596,40,,2,2.59,1,3.65,19,1.58,2.99,14,*,*,*,*,*,*,0,0,0
2019,CENSUS TRACT,5.0114.01,32,1434,2445,25,,3.51,3.24,1,2.32,*,*,*,*,*,*,*,*,*,*,0,0,0
2019,CENSUS TRACT,5.0114.02,28,2026,3988,18,,3,4.08,9.99,9.82,12,5.59,6,*,*,*,*,*,*,*,0,0,0
2019,CENSUS TRACT,5.0121.00,34,1175,1457,29,,3.17,3.45,4.84,5.34,16,3.63,3.99,*,*,*,*,*,*,*,0,0,0
2019,CENSUS TRACT,5.0122.00,92,1375,1757,79,,3,3.46,1,4.59,31,2.16,3.6,17,13,8.61,9.17,0,0,0,0,0,0
2019,CENSUS TRACT,5.0125.00,10,1575,1523,*,,*,*,*,*,*,*,*,0,*,*,*,*,*,*,0,0,0
2019,CENSUS TRACT,5.0128.04,71,3000,6535,31,,4.17,5.78,11.75,13.84,22,7.21,8.35,1,*,*,*,*,*,*,0,0,0
2019,CENSUS TRACT,5.0128.06,26,1815,5771,23,,4,3.86,11.01,12.95,19,5.08,5.43,*,*,*,*,*,*,*,0,0,0
2019,CENSUS TRACT,5.0132.03,29,1100,1934,24,,2,2.17,3,5.07,11,2,2.36,*,*,*,*,*,*,*,0,0,0
2019,CENSUS TRACT,5.0132.04,10,1197,1159,*,,*,*,*,*,*,*,*,0,*,*,*,0,0,0,0,0,0
2019,CENSUS TRACT,5.0133.02,105,2200,3179,62,,1.6,2.96,1,4.52,17,3,4.78,5,*,*,*,*,*,*,0,0,0
2019,CENSUS TRACT,5.0134.00,78,1190,1636,50,,2.54,3.2,1,3.97,20,3.05,4.44,6,*,*,*,*,*,*,0,0,0
2019,CENSUS TRACT,5.0138.00,22,1760,6803,19,,3.17,4.1,10.42,15.83,16,5.01,5.14,*,*,*,*,*,*,*,0,0,0
2019,CENSUS TRACT,5.0141.00,12,1493,2370,*,,*,*,*,*,*,*,*,0,*,*,*,0,0,0,0,0,0
2019,CENSUS TRACT,5.0146.04,62,1789,3069,52,,5,15,3.17,6.78,27,6.09,6.21,*,*,*,*,*,*,*,0,0,0
2019,CENSUS TRACT,5.0146.05,16,1475,1770,12,,2,5.33,5,9.59,12,3.96,4.45,*,*,*,*,*,*,*,0,0,0
2019,CENSUS TRACT,5.0146.06,26,1554,4503,22,,36,29.09,11.09,13.42,16,4.71,5.71,*,*,*,*,*,*,*,0,0,0
2019,CENSUS TRACT,5.0146.07,55,1750,3279,52,,28,21.78,13.33,16.97,45,3.42,4.92,12,*,*,*,*,*,*,0,0,0
2019,CENSUS TRACT,5.0147.00,16,1400,1741,11,,2.09,5.45,5.17,9.34,*,*,*,*,*,*,*,*,*,*,0,0,0
2019,CENSUS TRACT,5.0151.00,59,1100,1686,44,,3,3.06,1,4.3,10,4,5.09,*,*,*,*,*,*,*,0,0,0
2019,CENSUS TRACT,5.0156.01,56,1350,2537,39,,3,11.18,5,6.72,24,3.08,3.88,10,*,*,*,*,*,*,0,0,0
2019,CENSUS TRACT,5.0156.02,21,1009,1482,14,,3,12.71,5,7.61,11,2.97,4.68,*,*,*,*,*,*,*,0,0,0
2019,CENSUS TRACT,5.0156.03,37,1600,2024,27,,25,17.26,1,2.55,*,*,*,*,*,*,*,*,*,*,0,0,0
2019,CENSUS TRACT,5.0169.01,51,1500,2030,39,,2.33,2.64,3.16,5.69,26,1.33,3.01,17,*,*,*,*,*,*,0,0,0
2019,CENSUS TRACT,5.0170.05,30,1150,1820,17,,3,3.03,1,1.88,*,*,*,*,13,1,2.58,0,0,0,0,0,0
2019,CENSUS TRACT,5.0170.10,19,1410,3972,19,,35,31.21,20.01,21.87,18,5.92,5.96,0,0,0,0,0,0,0,0,0,0
2019,CENSUS TRACT,5.0170.11,20,1375,2166,17,,2.84,2.83,4.92,5.29,10,3.46,3.87,*,*,*,*,*,*,*,0,0,0
2019,CENSUS TRACT,5.0176.00,10,1750,2256,*,,*,*,*,*,*,*,*,0,*,*,*,0,0,0,0,0,0
2019,CENSUS TRACT,5.0181.00,23,1250,1987,19,,2,3.87,1,3.41,*,*,*,0,*,*,*,*,*,*,0,0,0
2019,CENSUS TRACT,5.0187.01,19,1360,1534,15,,2.5,4,1,4.94,*,*,*,*,*,*,*,*,*,*,0,0,0
2019,CENSUS TRACT,5.0187.02,19,1150,2896,19,,3.18,3.36,6,6.89,11,4.5,5.78,3,0,0,0,0,0,0,0,0,0
2019,CENSUS TRACT,5.0189.01,25,1500,2009,14,,3,7.12,2.06,4.42,*,*,*,*,*,*,*,*,*,*,0,0,0
2019,CENSUS TRACT,5.0198.00,31,880,1290,24,,4,12.74,4.96,4.7,10,2.96,2.72,*,*,*,*,*,*,*,0,0,0
2019,CENSUS TRACT,5.0201.00,54,1490,3351,46,,3.04,4.17,10,9.63,30,4.96,5.01,*,*,*,*,*,*,*,0,0,0
2019,CENSUS TRACT,5.0207.00,44,1650,3680,34,,1.9,3.57,5,5.95,25,2.01,3.19,12,*,*,*,*,*,*,*,*,*
2019,CENSUS TRACT,5.0208.01,46,2068,3843,37,,3.23,8.14,10,9.72,31,4,5.05,*,*,*,*,*,*,*,0,0,0
2019,CENSUS TRACT,5.0213.00,36,1109,2372,25,,2.89,2.99,1,1.52,*,*,*,*,11,1,2.96,0,0,0,0,0,0
2019,CENSUS TRACT,5.0223.00,27,2580,3722,22,,2,1.75,1,3,10,2.13,3.54,*,*,*,*,*,*,*,0,0,0
2019,CENSUS TRACT,5.0226.00,225,2258,6394,174,,2.31,5.54,1,5.74,67,3.42,7.31,28,37,1,4.09,13,1,0.91,0,0,0
2019,CENSUS TRACT,5.0228.00,16,1450,1681,13,,3.3,5.67,6.03,7.48,13,3.21,3.59,*,*,*,*,*,*,*,0,0,0
2019,CENSUS TRACT,5.0231.00,20,2100,2586,16,,3,2.69,5,7.65,15,1.42,4.18,*,*,*,*,*,*,*,0,0,0
2019,CENSUS TRACT,5.0239.00,17,1800,3372,*,,*,*,*,*,*,*,*,0,*,*,*,*,*,*,0,0,0
2019,CENSUS TRACT,5.0247.00,40,2608,5980,34,,3.38,5.12,14.61,17.5,28,6.09,7.74,*,*,*,*,*,*,*,0,0,0
2019,CENSUS TRACT,5.0248.00,97,1500,2359,79,,3,3.61,1,5.54,33,3.68,5.3,9,*,*,*,*,*,*,0,0,0
2019,CENSUS TRACT,5.0251.00,20,1192,4177,19,,2.3,2.66,1,6.56,*,*,*,*,*,*,*,*,*,*,0,0,0
2019,CENSUS TRACT,5.0273.01,19,3000,3384,19,,3,4.46,14.96,13.71,19,4.33,4.88,3,0,0,0,0,0,0,0,0,0
2019,CENSUS TRACT,5.0277.02,93,4155,15835,77,,10.5,20.64,15.07,16.36,67,4.75,5.92,22,*,*,*,*,*,*,*,*,*
2019,CENSUS TRACT,5.0277.06,58,1500,3498,54,,39.5,28.46,10.23,12.22,48,3.5,4.39,15,*,*,*,*,*,*,0,0,0
2019,CENSUS TRACT,5.0279.00,13,1000,1221,10,,3.16,4.38,1,1,*,*,*,0,*,*,*,*,*,*,0,0,0
2019,CENSUS TRACT,5.0291.02,87,2000,8005,57,,2.58,5.71,5.08,9.83,32,4.31,5.9,8,20,1,1.76,10,1,0.86,0,0,0
2019,CENSUS TRACT,5.0291.03,50,1325,2443,45,,2.89,2.85,10.01,11.63,43,4.17,4.97,10,*,*,*,*,*,*,0,0,0
2019,CENSUS TRACT,5.0291.04,40,2416,4676,32,,3,2.86,10,14.33,24,7.42,10.23,*,*,*,*,*,*,*,0,0,0
2019,CENSUS TRACT,5.0303.01,22,1825,5906,20,,3,3.02,11.01,12.44,20,7.32,6.57,*,*,*,*,*,*,*,0,0,0
2019,CENSUS TRACT,5.0303.02,39,1975,5445,37,,3,2.79,5.41,6.87,21,4.25,5.4,*,*,*,*,*,*,*,0,0,0
2019,CENSUS TRACT,5.0323.00,52,2050,6357,30,,2.59,6.32,3,5.19,23,1.5,1.91,15,*,*,*,*,*,*,0,0,0
2020,Citywide,CITYWIDE,71763,"1,217.00","2,970.54","59,923","4,295",4.25,11.03,8.00,9.20,"41,457",3.67,4.79,"12,399","4,216",1.00,7.28,"7,624",1.00,1.53,371,2.01,2.61
2020,Borough,BRONX,10142,"1,020.00","2,735.37","9,029",607,3.18,5.74,7.00,8.76,"6,432",3.33,4.18,"2,022",448,1.00,6.74,665,1.00,1.50,*,*,*
2020,Borough,BROOKLYN,17004,"1,250.00","2,897.40","13,901",793,3.08,5.90,5.01,7.77,"8,702",3.25,4.45,"2,931","1,341",1.00,8.15,"1,762",1.00,1.45,107,2.75,3.52
2020,Borough,MANHATTAN,25975,"1,250.00","2,947.42","21,526","1,882",8.00,19.58,10.01,11.04,"16,711",4.16,5.39,"4,360",757,1.00,7.52,"3,692",1.00,1.62,166,1.83,2.24
2020,Borough,QUEENS,15563,"1,239.00","3,091.89","13,087",856,3.53,6.28,5.17,8.22,"8,258",3.33,4.39,"2,664","1,212",1.00,7.15,"1,264",1.00,1.42,66,2.02,2.42
2020,Borough,STATEN ISLAND,3079,"1,512.00","3,730.72","2,380",157,3.00,8.30,5.00,8.07,"1,354",3.50,5.05,422,458,1.00,5.16,241,1.00,1.21,*,*,*
2020,Council District,01,4958,"1,300.00","2,633.55","3,968",383,8.00,15.08,8.79,9.52,"2,860",3.75,5.28,845,200,1.00,6.75,790,1.00,1.29,34,1.47,2.72
2020,Council District,02,2805,"1,128.00","2,537.25","2,302",196,8.00,10.34,10.01,10.99,"1,790",4.42,5.52,445,101,1.00,6.66,402,1.00,1.35,11,2.34,2.73
2020,Council District,03,4970,"1,600.00","3,649.92","4,054",448,10.00,26.32,10.01,11.83,"3,231",4.42,6.04,762,141,2.00,9.40,775,1.00,1.46,54,1.92,1.86
2020,Council District,04,5067,"1,638.00","3,680.30","4,054",434,13.00,38.01,10.50,13.05,"3,391",4.67,5.72,802,149,1.00,7.88,864,1.00,1.95,46,1.56,1.81
2020,Council District,05,1585,"1,000.00","2,404.35","1,340",83,9.00,19.68,10.01,11.54,"1,072",4.16,5.05,272,39,1.00,10.63,206,1.00,1.72,*,*,*
2020,Council District,06,1356,"1,217.50","3,511.27","1,165",60,10.00,13.27,10.01,12.13,951,4.48,5.34,242,33,1.00,4.92,158,1.00,1.72,*,*,*
2020,Council District,07,1265,900.00,"2,060.56","1,116",48,6.00,7.32,10.00,10.41,890,4.09,5.10,229,18,1.00,3.58,131,1.00,2.10,*,*,*
2020,Council District,08,1624,"1,000.00","3,002.51","1,422",86,4.00,7.74,7.00,8.48,"1,026",3.08,4.10,337,50,1.00,4.08,152,1.00,1.16,*,*,*
2020,Council District,09,1366,"1,100.00","2,563.51","1,193",106,4.17,6.87,8.97,9.33,832,3.42,4.64,248,29,1.00,11.44,144,1.00,2.55,*,*,*
2020,Council District,10,1794,864.50,"1,729.69","1,641",96,5.00,6.20,9.99,9.51,"1,208",3.63,4.40,359,20,1.50,3.86,133,1.00,1.77,*,*,*
2020,Council District,11,1161,"1,000.00","2,342.68","1,006",55,3.33,3.81,9.34,9.85,720,3.63,4.36,218,68,1.00,8.34,87,1.00,2.49,*,*,*
2020,Council District,12,972,"1,268.00","3,677.77",864,135,2.67,2.93,8.51,9.89,619,3.75,4.60,164,60,1.00,4.85,48,1.00,1.55,*,*,*
2020,Council District,13,1122,"1,156.50","2,480.68",958,65,3.00,7.29,5.08,8.01,605,3.25,4.20,188,106,1.00,5.78,58,1.00,1.13,*,*,*
2020,Council District,14,1204,963.50,"2,150.82","1,108",64,4.00,5.15,9.00,9.16,838,3.22,3.82,295,38,2.00,10.62,58,1.00,1.37,*,*,*
2020,Council District,15,1437,950.00,"2,105.01","1,275",47,4.00,11.59,6.34,7.93,886,3.08,3.93,299,45,1.00,7.92,117,1.00,1.73,*,*,*
2020,Council District,16,927,"1,000.00","2,348.35",857,31,4.00,6.42,7.70,8.78,659,3.33,3.93,206,20,1.00,2.78,50,1.00,1.16,*,*,*
2020,Council District,17,1662,"1,200.00","3,244.16","1,472",121,3.00,4.27,6.00,8.32,"1,001",3.33,4.50,308,57,1.00,8.01,133,1.00,1.26,*,*,*
2020,Council District,18,842,"1,000.00","2,871.78",760,31,3.00,3.73,7.15,8.69,564,3.42,4.22,163,31,1.00,6.20,51,1.00,1.19,*,*,*
2020,Council District,19,1433,"1,350.00","3,312.39","1,175",76,3.42,5.77,5.09,8.39,753,3.42,4.39,227,142,1.00,7.18,116,1.00,1.04,*,*,*
2020,Council District,20,1758,"1,229.50","2,889.70","1,491",153,5.00,12.27,5.00,6.99,894,3.25,4.28,272,87,1.00,6.74,180,1.00,1.61,11,1.94,2.20
2020,Council District,21,1186,"1,100.00","1,864.65","1,040",60,5.00,7.48,5.00,7.30,642,3.42,4.34,198,60,1.00,4.25,86,1.00,1.84,*,*,*
2020,Council District,22,1406,"1,200.00","2,590.51","1,145",85,3.25,4.18,6.33,8.84,737,3.94,4.72,208,143,1.00,8.15,118,1.00,1.32,*,*,*
2020,Council District,23,735,"1,250.00","3,777.72",624,24,3.00,3.75,10.01,13.34,504,3.50,5.05,166,45,1.00,4.85,66,1.00,1.30,*,*,*
2020,Council District,24,976,"1,120.00","2,226.74",860,39,4.00,9.48,5.00,7.91,518,3.50,4.22,155,50,1.00,5.90,66,1.00,2.15,0,0,0
2020,Council District,25,1016,974.00,"2,308.36",894,55,5.00,6.56,6.59,8.62,601,3.33,4.24,196,57,1.00,8.51,65,1.00,1.40,*,*,*
2020,Council District,26,1875,"1,520.00","4,321.50","1,540",112,3.00,3.81,5.00,7.61,950,3.33,4.46,303,157,1.00,6.90,178,1.00,1.44,22,2.42,2.80
2020,Council District,27,818,"1,368.50","3,932.71",684,28,3.00,7.04,5.00,7.63,404,2.81,4.32,151,82,1.00,4.64,52,1.00,1.32,*,*,*
2020,Council District,28,573,"1,276.00","2,485.04",459,32,3.00,3.50,2.00,6.32,221,2.67,4.26,98,82,1.00,8.02,32,1.00,1.31,*,*,*
2020,Council District,29,1226,"1,200.00","2,880.94","1,071",60,4.42,7.98,10.00,10.56,788,4.00,4.50,225,57,1.00,7.41,98,1.00,1.43,*,*,*
2020,Council District,30,849,"1,360.00","4,009.28",691,43,2.25,2.86,5.00,7.18,396,2.83,4.10,154,102,1.00,9.65,56,1.00,1.03,*,*,*
2020,Council District,31,602,"1,313.00","3,456.76",513,21,2.50,3.20,5.00,7.87,323,2.67,4.07,132,33,1.00,3.96,56,1.00,1.29,0,0,0
2020,Council District,32,784,"1,592.00","3,392.28",633,40,3.00,4.15,5.00,7.56,383,3.16,4.07,132,90,1.00,8.69,61,1.00,1.46,*,*,*
2020,Council District,33,2133,"1,573.00","3,715.73","1,701",140,4.00,5.62,9.00,9.16,"1,145",3.92,5.24,332,132,1.00,7.79,300,1.00,1.40,14,1.80,2.12
2020,Council District,34,1691,"1,400.00","2,955.54","1,352",85,3.00,7.90,5.59,7.50,891,3.50,4.57,272,124,1.00,7.36,215,1.00,1.13,*,*,*
2020,Council District,35,949,"1,165.00","3,337.79",749,52,4.00,6.73,8.00,8.92,561,4.00,4.99,179,55,1.00,7.22,145,1.00,2.17,23,2.75,2.94
2020,Council District,36,781,"1,014.00","1,869.50",631,33,3.00,3.26,5.00,7.25,443,3.25,4.44,139,43,1.00,6.63,107,1.00,1.24,11,6.98,11.60
2020,Council District,37,732,"1,250.00","2,451.87",622,34,3.00,3.94,5.04,7.71,395,3.08,4.45,141,60,1.00,7.66,50,1.00,1.52,*,*,*
2020,Council District,38,1569,"1,500.00","3,652.91","1,224",86,3.00,4.78,3.33,5.62,621,3.00,3.98,231,181,1.00,7.47,164,1.00,1.21,*,*,*
2020,Council District,39,1318,"1,100.00","2,561.03","1,093",65,4.00,4.66,5.00,7.71,683,3.16,4.19,243,103,1.00,8.25,122,1.00,2.28,13,1.52,2.22
2020,Council District,40,939,875.00,"2,105.56",808,*,4.00,6.78,6.00,8.53,589,2.75,4.09,233,25,1.00,8.08,106,1.00,1.26,*,*,*
2020,Council District,41,785,"1,100.00","2,366.36",660,30,3.00,3.18,7.00,8.91,467,3.42,4.55,149,57,1.00,5.25,68,1.00,1.08,*,*,*
2020,Council District,42,552,"1,695.00","5,148.99",476,*,3.00,3.48,6.00,8.76,329,3.16,4.43,123,44,1.00,5.91,32,1.00,1.65,0,0,0
2020,Council District,43,1053,"1,100.00","2,596.26",851,45,4.00,9.77,5.00,6.83,450,3.01,4.25,153,106,1.00,8.96,96,1.00,1.51,*,*,*
2020,Council District,44,1036,"1,000.00","2,128.82",873,37,3.00,3.89,5.00,7.97,511,2.92,3.72,186,105,1.00,10.11,58,1.00,1.57,*,*,*
2020,Council District,45,777,"1,350.00","3,075.07",611,41,3.00,3.26,5.00,7.26,352,3.33,4.28,115,102,1.00,8.38,64,1.00,1.14,*,*,*
2020,Council District,46,755,"1,600.00","3,234.21",618,27,3.00,11.31,6.00,9.19,373,3.33,4.37,119,70,1.00,7.51,67,1.00,1.22,*,*,*
2020,Council District,47,975,"1,200.00","2,347.63",826,59,3.00,6.40,4.75,6.68,442,2.92,4.29,167,77,1.00,12.83,72,1.00,1.66,0,0,0
2020,Council District,48,1285,"1,212.00","2,180.17","1,073",60,4.00,6.38,5.00,6.99,594,3.25,4.26,196,82,1.00,8.70,130,1.00,1.18,11,3.44,2.85
2020,Council District,49,1010,"1,600.00","3,442.37",742,56,2.33,3.77,5.00,7.32,426,3.12,4.56,143,167,1.00,6.07,101,1.00,1.08,*,*,*
2020,Council District,50,1091,"1,450.00","3,082.20",851,56,3.00,7.95,5.00,7.52,440,4.00,5.37,119,157,1.00,5.61,83,1.00,1.34,*,*,*
2020,Council District,51,978,"1,672.50","4,751.97",787,45,4.00,12.85,7.23,9.38,488,3.42,5.20,160,134,1.00,3.49,57,1.00,1.23,*,*,*
2020,Census Tract,1.0000.00,21,"1,488.00","1,915.10",15,*,5.00,50.65,14.97,19.04,14,4.83,6.00,*,0,0,0,*,*,*,*,*,*
2020,Census Tract,1.0002.01,12,783.50,941.00,11,*,7.00,7.00,10.01,10.27,*,*,*,*,0,0,0,*,*,*,0,0,0
2020,Census Tract,1.0006.00,101,600.00,940.95,73,11,6.00,9.91,7.00,7.67,59,2.67,3.52,21,*,*,*,26,1.00,1.10,*,*,*
2020,Census Tract,1.0007.00,110,"2,521.50","7,959.21",89,*,8.00,14.17,11.97,12.98,78,6.58,7.16,10,*,*,*,19,1.00,1.02,*,*,*
2020,Census Tract,1.0008.00,261,605.00,"1,000.43",193,24,5.69,10.01,4.58,8.13,118,2.37,5.42,51,*,*,*,59,1.00,1.37,*,*,*
2020,Census Tract,1.0009.00,127,"2,134.00","5,251.03",108,11,9.92,17.62,13.05,14.93,99,5.50,6.37,17,*,*,*,17,1.00,0.78,*,*,*
2020,Census Tract,1.0012.00,19,975.00,"3,009.42",19,0,2.00,6.16,1.00,2.01,*,*,*,*,0,0,0,0,0,0,0,0,0
2020,Census Tract,1.0013.00,113,"2,400.00","3,577.34",83,*,8.00,10.32,10.61,12.21,67,5.58,6.66,*,*,*,*,28,1.00,1.25,*,*,*
2020,Census Tract,1.0014.01,29,900.00,"1,993.66",29,0,8.00,7.10,11.01,14.11,28,3.38,3.81,*,0,0,0,0,0,0,0,0,0
2020,Census Tract,1.0014.02,79,700.00,"2,382.75",68,*,8.00,21.06,5.00,6.65,35,5.84,6.11,*,*,*,*,10,1.00,1.23,0,0,0
2020,Census Tract,1.0015.01,113,"1,500.00","2,939.04",92,*,8.00,16.85,10.45,12.42,80,4.17,5.75,15,*,*,*,18,1.00,1.58,*,*,*
2020,Census Tract,1.0015.02,201,"1,400.00","2,771.86",158,12,11.00,15.50,10.05,12.64,128,5.21,6.46,20,*,*,*,42,1.00,1.45,0,0,0
2020,Census Tract,1.0016.00,343,900.00,"1,442.01",294,38,6.00,15.60,5.00,5.73,190,2.12,2.58,86,14,1.00,5.62,35,1.00,0.95,0,0,0
2020,Census Tract,1.0018.00,343,"1,000.00","1,865.54",277,30,7.00,12.64,6.00,7.39,202,3.50,4.19,67,15,1.00,4.64,51,1.00,0.84,0,0,0
2020,Census Tract,1.0021.00,184,"1,810.00","3,801.97",151,18,11.43,17.43,10.08,11.81,110,5.50,6.95,23,*,*,*,27,1.00,1.01,*,*,*
2020,Census Tract,1.0022.01,64,620.50,883.28,53,*,6.00,7.51,7.00,9.04,37,3.33,5.93,*,*,*,*,10,1.00,1.22,0,0,0
2020,Census Tract,1.0022.02,20,"1,175.00","2,279.15",16,*,7.58,7.67,8.48,10.76,12,4.46,5.76,*,*,*,*,*,*,*,0,0,0
2020,Census Tract,1.0026.01,23,900.00,"2,153.74",21,*,5.83,8.81,10.00,11.72,17,2.16,4.49,*,0,0,0,*,*,*,0,0,0
2020,Census Tract,1.0026.02,42,"1,000.00","1,537.02",31,*,5.00,9.98,10.00,10.06,22,4.84,5.28,*,0,0,0,11,1.00,1.40,*,*,*
2020,Census Tract,1.0027.00,42,"1,111.50","1,760.86",40,*,6.00,12.15,3.00,4.09,22,3.12,3.40,*,*,*,*,*,*,*,0,0,0
2020,Census Tract,1.0028.00,45,800.00,"1,313.07",36,*,6.58,10.24,10.01,9.89,29,3.92,4.42,*,*,*,*,*,*,*,*,*,*
2020,Census Tract,1.0029.00,308,942.50,"1,719.47",259,15,7.00,13.06,5.00,6.11,163,2.33,3.02,73,10,3.38,10.13,39,1.00,1.21,0,0,0
2020,Census Tract,1.0030.01,203,874.00,"1,425.13",167,12,7.00,14.23,5.24,7.40,108,3.29,4.79,33,*,*,*,31,1.00,0.97,*,*,*
2020,Census Tract,1.0030.02,68,"1,000.00","1,429.56",56,*,8.00,8.28,8.50,7.96,38,3.79,4.45,*,*,*,*,*,*,*,*,*,*
2020,Census Tract,1.0031.00,83,"2,140.00","3,748.73",63,*,10.45,21.72,10.01,10.04,51,3.84,5.16,15,*,*,*,13,1.00,1.22,*,*,*
2020,Census Tract,1.0032.00,196,750.00,"1,086.14",171,18,8.00,10.45,7.00,8.20,114,4.75,5.25,15,*,*,*,20,1.00,1.30,0,0,0
2020,Census Tract,1.0033.00,250,"2,205.00","3,258.95",203,22,7.00,13.64,10.01,11.50,132,5.05,7.02,29,14,1.00,2.49,33,1.00,1.11,*,*,*
2020,Census Tract,1.0034.00,165,740.00,"1,310.68",140,*,8.00,10.37,10.01,10.50,112,4.05,5.34,33,*,*,*,22,1.00,1.07,0,0,0
2020,Census Tract,1.0036.01,64,984.50,"2,504.41",52,*,7.50,16.25,4.62,6.45,28,1.83,3.06,16,*,*,*,*,*,*,0,0,0
2020,Census Tract,1.0036.02,56,887.50,"1,942.45",43,*,7.00,10.79,10.00,8.74,36,3.67,4.45,*,*,*,*,*,*,*,0,0,0
2020,Census Tract,1.0037.00,108,"2,347.50","4,172.04",82,11,7.00,17.83,10.15,12.46,72,6.29,7.37,*,*,*,*,19,1.00,0.94,0,0,0
2020,Census Tract,1.0038.00,342,850.00,"1,239.11",297,19,8.00,9.21,9.84,9.48,218,4.00,5.38,56,*,*,*,40,1.00,1.02,0,0,0
2020,Census Tract,1.0039.00,127,"2,015.00","2,790.96",86,*,6.00,14.06,10.01,13.08,70,4.15,7.02,17,*,*,*,33,1.00,3.72,0,0,0
2020,Census Tract,1.0040.00,184,887.50,"1,233.14",151,11,9.00,9.78,10.00,10.16,132,3.25,4.06,48,*,*,*,29,1.00,0.91,0,0,0
2020,Census Tract,1.0041.00,418,"1,000.00","1,791.98",331,39,8.81,15.63,6.08,7.96,243,3.08,4.09,90,19,6.00,9.74,68,1.00,1.43,*,*,*
2020,Census Tract,1.0042.00,68,"1,658.50","5,149.38",57,12,10.00,11.82,10.51,11.98,44,5.50,5.93,*,*,*,*,10,1.00,1.90,0,0,0
2020,Census Tract,1.0043.00,245,"1,008.00","2,296.63",183,23,12.00,18.46,7.50,9.43,134,2.77,5.17,50,*,*,*,54,0.88,0.94,*,*,*
2020,Census Tract,1.0044.00,24,"2,031.50","3,694.33",18,0,7.50,7.61,8.35,11.72,0,0,0,0,0,0,0,*,*,*,0,0,0
2020,Census Tract,1.0045.00,169,"2,000.00","3,230.02",136,14,10.00,14.63,9.25,9.14,112,3.19,4.18,37,*,*,*,30,1.00,1.47,*,*,*
2020,Census Tract,1.0047.00,229,"2,000.00","3,167.83",174,*,11.00,19.01,6.04,9.33,121,3.84,5.85,35,20,1.00,4.35,35,1.00,1.21,*,*,*
2020,Census Tract,1.0048.00,87,900.00,"1,897.68",72,*,8.00,9.36,9.55,10.54,55,3.16,4.42,15,*,*,*,13,1.00,0.80,0,0,0
2020,Census Tract,1.0049.00,363,"2,175.00","3,155.90",285,25,15.00,24.08,10.00,11.87,215,4.09,7.19,60,25,2.42,16.61,53,1.00,1.23,*,*,*
2020,Census Tract,1.0050.00,83,"1,500.00","3,564.80",77,*,8.00,9.12,11.17,12.84,62,4.16,5.62,13,*,*,*,*,*,*,0,0,0
2020,Census Tract,1.0052.00,145,"3,368.00","6,363.58",114,12,9.00,13.37,10.67,13.60,92,5.62,6.83,20,*,*,*,24,0.88,0.96,*,*,*
2020,Census Tract,1.0054.00,167,"2,800.00","5,077.37",141,14,7.00,21.14,10.45,14.14,112,4.84,7.35,25,*,*,*,20,1.00,1.39,*,*,*
2020,Census Tract,1.0055.01,36,"2,581.50","4,307.61",27,0,11.17,13.97,10.09,12.26,15,5.58,5.47,*,*,*,*,*,*,*,0,0,0
2020,Census Tract,1.0055.02,122,"2,290.00","5,230.16",100,*,11.00,16.55,9.95,10.73,72,4.42,7.20,14,10,1.00,7.21,12,0.98,1.31,0,0,0
2020,Census Tract,1.0056.00,110,"2,499.50","4,837.56",90,10,8.00,11.01,11.09,14.21,74,5.96,6.95,16,*,*,*,17,0.75,2.71,*,*,*
2020,Census Tract,1.0057.00,56,"3,100.00","6,122.48",47,*,11.50,12.40,14.59,14.37,39,5.68,5.97,10,*,*,*,*,*,*,0,0,0
2020,Census Tract,1.0058.00,245,"2,300.00","4,360.51",196,16,9.00,30.88,10.36,11.13,160,4.88,5.96,43,*,*,*,43,1.00,1.13,*,*,*
2020,Census Tract,1.0059.00,90,"1,035.50","2,518.24",66,*,11.00,11.21,10.26,13.83,54,4.83,4.79,16,*,*,*,18,1.00,2.11,0,0,0
2020,Census Tract,1.0061.00,149,"2,184.00","3,166.60",98,*,8.46,10.30,10.42,13.02,74,5.71,7.45,17,22,1.00,9.17,29,1.00,0.86,0,0,0
2020,Census Tract,1.0063.00,183,"1,368.00","2,268.09",147,11,9.20,26.30,10.01,12.39,120,5.09,6.16,31,*,*,*,29,1.00,2.28,*,*,*
2020,Census Tract,1.0064.00,118,"1,000.00","2,016.99",91,*,7.00,8.80,10.00,10.55,74,4.46,5.10,20,*,*,*,23,1.00,1.20,*,*,*
2020,Census Tract,1.0065.00,223,"1,000.00","1,404.44",187,17,11.00,18.04,10.01,12.80,145,5.00,7.19,26,*,*,*,28,1.00,1.52,0,0,0
2020,Census Tract,1.0066.00,94,817.00,"2,098.33",72,*,7.00,8.68,10.01,11.66,61,4.17,5.44,17,*,*,*,18,1.00,3.19,*,*,*
2020,Census Tract,1.0067.00,190,850.00,"1,337.96",159,12,12.50,36.67,10.00,9.89,105,4.75,5.74,21,*,*,*,25,0.75,0.79,0,0,0
2020,Census Tract,1.0068.00,179,"1,200.00","2,510.63",149,25,9.00,11.39,10.01,11.37,111,4.58,6.08,21,*,*,*,24,1.00,1.76,0,0,0
2020,Census Tract,1.0069.00,24,"3,378.00","5,667.50",21,*,4.00,7.05,15.01,16.45,20,4.25,5.21,*,0,0,0,*,*,*,0,0,0
2020,Census Tract,1.0070.00,112,"1,125.00","2,559.63",92,*,10.65,12.12,10.01,9.76,70,4.37,4.93,17,*,*,*,15,1.00,1.90,*,*,*
2020,Census Tract,1.0071.00,179,"1,150.00","1,751.83",153,10,9.00,19.32,9.99,9.58,116,3.48,4.45,31,*,*,*,22,1.00,1.33,*,*,*
2020,Census Tract,1.0072.00,151,"1,353.00","3,191.81",135,14,8.00,10.27,10.05,11.75,102,4.75,5.54,25,*,*,*,12,0.84,0.69,0,0,0
2020,Census Tract,1.0073.00,200,709.50,"1,222.49",158,15,16.00,41.62,10.00,9.41,122,3.94,4.22,39,*,*,*,40,1.00,1.16,0,0,0
2020,Census Tract,1.0074.00,208,"2,000.00","3,795.70",160,12,9.00,23.35,10.54,12.62,133,5.16,6.26,27,*,*,*,42,1.00,0.95,*,*,*
2020,Census Tract,1.0075.00,52,"1,043.50","2,148.15",41,0,11.00,23.84,8.92,9.53,23,5.84,5.96,*,*,*,*,10,0.63,0.60,0,0,0
2020,Census Tract,1.0076.00,297,"1,935.00","3,509.71",229,21,10.00,28.26,10.00,10.39,190,3.25,4.62,66,*,*,*,62,1.00,1.92,13,0.76,1.02
2020,Census Tract,1.0077.00,135,800.00,"1,153.37",113,*,13.00,26.88,10.01,11.19,88,4.25,4.64,24,*,*,*,20,1.00,0.85,*,*,*
2020,Census Tract,1.0078.00,89,"1,000.00","1,758.39",74,*,9.70,15.24,10.01,13.96,65,4.58,4.83,13,*,*,*,14,1.00,1.49,0,0,0
2020,Census Tract,1.0079.00,112,"2,558.00","4,827.63",83,13,14.50,30.56,10.03,9.94,60,6.35,6.54,*,*,*,*,24,1.00,1.24,*,*,*
2020,Census Tract,1.0080.00,141,"1,150.00","2,731.02",121,*,8.00,20.70,12.07,14.38,109,4.84,5.64,25,*,*,*,12,1.00,3.03,0,0,0
2020,Census Tract,1.0081.00,158,"1,665.00","2,932.90",130,11,11.00,21.86,10.01,10.61,109,3.84,4.72,32,*,*,*,24,0.84,1.29,0,0,0
2020,Census Tract,1.0082.00,191,"2,200.00","3,498.69",152,19,13.00,43.89,11.00,13.39,141,5.42,5.63,32,*,*,*,35,1.00,1.16,*,*,*
2020,Census Tract,1.0083.00,136,"2,026.50","4,383.38",113,16,12.00,17.92,10.00,9.51,94,3.54,4.85,31,*,*,*,18,1.00,1.98,*,*,*
2020,Census Tract,1.0084.00,164,"2,500.00","3,814.84",132,16,9.00,31.08,10.26,12.03,119,5.92,6.56,24,10,1.00,5.62,22,0.75,0.91,0,0,0
2020,Census Tract,1.0086.03,29,875.00,"1,364.48",21,*,11.00,25.43,9.81,12.64,21,2.50,3.24,*,0,0,0,*,*,*,0,0,0
2020,Census Tract,1.0087.00,124,"1,235.00","3,464.72",110,*,9.00,18.20,10.01,11.56,94,4.50,5.09,15,*,*,*,12,0.67,0.87,0,0,0
2020,Census Tract,1.0088.00,97,"2,000.00","3,691.20",90,12,9.00,42.07,11.71,15.24,83,5.25,6.44,17,*,*,*,*,*,*,0,0,0
2020,Census Tract,1.0089.00,41,"1,852.00","2,559.80",37,*,10.68,24.23,10.01,12.57,35,3.92,4.56,*,0,0,0,*,*,*,*,*,*
2020,Census Tract,1.0090.00,123,"1,500.00","3,500.41",102,11,11.50,32.48,10.17,14.39,88,5.25,5.46,21,*,*,*,18,1.00,3.57,*,*,*
2020,Census Tract,1.0091.00,191,"1,700.00","3,858.51",161,13,9.00,16.88,10.01,11.35,118,4.50,5.44,26,*,*,*,27,1.00,0.99,0,0,0
2020,Census Tract,1.0092.00,210,"1,784.50","3,764.11",143,20,16.00,35.62,15.01,16.83,134,5.21,5.87,24,10,1.86,5.25,57,1.00,1.76,*,*,*
2020,Census Tract,1.0093.00,89,"1,375.00","2,637.67",84,*,9.00,16.87,10.01,10.25,68,5.04,5.08,18,*,*,*,*,*,*,0,0,0
2020,Census Tract,1.0094.00,150,"2,519.00","6,224.35",129,21,15.50,39.42,10.59,12.72,108,4.17,5.48,25,*,*,*,18,1.00,6.69,*,*,*
2020,Census Tract,1.0095.00,255,"2,116.00","4,469.70",203,33,6.41,13.99,10.00,13.75,158,4.00,8.67,34,10,4.60,5.47,42,1.00,1.53,*,*,*
2020,Census Tract,1.0096.00,331,"1,400.00","2,893.17",282,45,22.00,66.10,8.29,10.01,222,3.67,5.07,70,*,*,*,41,1.00,1.40,*,*,*
2020,Census Tract,1.0097.00,12,950.00,"1,024.17",*,0,*,*,*,*,*,*,*,*,0,0,0,*,*,*,0,0,0
2020,Census Tract,1.0098.00,207,"1,350.00","2,181.56",170,15,9.00,26.95,10.04,11.58,138,5.14,5.32,38,*,*,*,34,1.00,1.21,*,*,*
2020,Census Tract,1.0099.00,251,"2,780.00","5,840.35",203,24,6.00,14.89,10.01,11.08,162,4.59,7.90,36,*,*,*,45,1.00,0.91,*,*,*
2020,Census Tract,1.0100.00,174,"1,590.00","3,606.16",133,20,12.00,43.40,14.99,14.45,112,5.25,5.92,17,0,0,0,41,1.00,1.69,*,*,*
2020,Census Tract,1.0101.00,179,"2,310.00","5,457.95",142,37,11.00,23.80,10.59,12.88,109,5.16,6.18,17,*,*,*,34,0.94,3.61,*,*,*
2020,Census Tract,1.0102.00,183,"2,500.00","7,669.29",147,17,19.50,64.34,15.40,16.87,132,6.09,6.18,24,*,*,*,32,1.00,0.85,*,*,*
2020,Census Tract,1.0103.00,58,"1,712.50","8,917.78",44,*,10.50,23.68,12.36,12.85,36,8.05,8.43,*,*,*,*,13,2.62,2.56,*,*,*
2020,Census Tract,1.0104.00,196,"2,322.50","7,426.18",151,11,15.00,32.88,15.01,16.22,138,5.21,6.71,29,14,1.00,8.02,31,1.00,2.67,0,0,0
2020,Census Tract,1.0106.01,43,980.00,"1,593.72",37,0,10.00,11.06,10.92,13.66,32,4.84,5.52,*,0,0,0,*,*,*,0,0,0
2020,Census Tract,1.0106.02,40,"1,499.00","6,317.88",30,*,11.00,31.37,10.01,9.97,25,3.42,3.85,*,*,*,*,*,*,*,*,*,*
2020,Census Tract,1.0108.00,185,"1,315.00","2,722.29",145,11,9.00,12.67,10.01,11.18,103,4.58,5.73,23,*,*,*,32,1.00,2.73,*,*,*
2020,Census Tract,1.0109.00,337,"2,000.00","3,653.83",276,30,9.00,25.74,10.50,12.86,240,3.84,5.52,57,*,*,*,55,1.00,1.12,*,*,*
2020,Census Tract,1.0110.00,193,"1,200.00","2,511.90",150,*,10.00,36.64,10.01,10.35,121,4.33,4.60,33,*,*,*,35,1.00,1.73,0,0,0
2020,Census Tract,1.0111.00,139,"1,750.00","2,955.88",103,*,7.00,23.47,10.00,10.27,74,4.88,6.49,13,*,*,*,33,1.00,1.00,0,0,0
2020,Census Tract,1.0112.01,74,"2,250.00","6,916.09",48,*,10.00,58.13,15.25,14.93,37,4.50,6.39,12,*,*,*,21,1.00,3.68,*,*,*
2020,Census Tract,1.0112.02,94,"2,832.50","6,527.13",71,*,22.00,37.66,10.50,11.67,57,4.33,5.82,14,*,*,*,15,1.00,0.90,0,0,0
2020,Census Tract,1.0112.03,123,"2,240.00","3,892.44",96,10,17.50,34.08,10.71,13.37,86,5.05,6.01,18,0,0,0,27,0.79,1.94,*,*,*
2020,Census Tract,1.0113.00,248,"2,283.50","5,408.82",186,34,13.00,26.56,10.55,13.23,149,5.58,6.23,29,*,*,*,55,1.00,2.40,*,*,*
2020,Census Tract,1.0114.01,86,"2,595.00","7,734.27",67,20,23.00,43.56,10.61,12.24,61,3.67,5.53,15,*,*,*,16,0.51,0.92,0,0,0
2020,Census Tract,1.0114.02,134,"1,165.00","2,659.91",103,12,12.00,25.39,10.05,11.02,77,3.75,5.10,22,*,*,*,26,1.00,0.90,0,0,0
2020,Census Tract,1.0115.00,92,"1,424.50","3,370.95",66,*,8.72,19.81,10.00,10.69,53,5.92,7.43,11,*,*,*,25,1.00,1.03,*,*,*
2020,Census Tract,1.0116.00,24,715.00,"4,084.04",19,0,10.00,24.16,3.00,7.30,*,*,*,*,*,*,*,*,*,*,0,0,0
2020,Census Tract,1.0117.00,15,"2,516.00","15,944.20",13,*,4.00,4.85,10.63,35.73,10,9.38,37.85,*,0,0,0,*,*,*,0,0,0
2020,Census Tract,1.0118.00,121,970.00,"2,693.73",96,*,10.00,28.49,10.32,13.24,73,4.09,4.82,21,*,*,*,24,1.29,2.94,0,0,0
2020,Census Tract,1.0119.00,133,"2,851.00","7,713.59",113,43,21.00,70.72,15.01,17.16,100,8.01,8.23,17,*,*,*,17,1.00,1.29,*,*,*
2020,Census Tract,1.0120.00,92,"1,200.00","2,016.05",82,*,11.00,33.80,10.01,12.66,64,5.00,5.62,13,*,*,*,*,*,*,*,*,*
2020,Census Tract,1.0121.00,158,"1,390.50","2,152.31",133,14,13.00,28.12,10.34,13.19,112,4.50,5.24,23,*,*,*,20,1.00,1.71,*,*,*
2020,Census Tract,1.0122.00,151,"1,409.00","2,317.19",105,*,22.00,39.03,10.09,13.11,90,2.96,4.41,23,11,2.00,18.28,35,1.00,0.92,*,*,*
2020,Census Tract,1.0124.00,80,900.00,"4,057.73",69,*,9.00,24.53,10.00,10.69,55,3.92,4.87,13,*,*,*,*,*,*,0,0,0
2020,Census Tract,1.0125.00,145,"2,400.00","4,318.49",115,23,18.00,32.92,15.59,18.34,103,5.58,7.96,20,*,*,*,27,0.83,0.75,*,*,*
2020,Census Tract,1.0126.00,145,"1,000.00","1,836.19",127,12,11.00,29.56,10.00,11.21,98,4.75,5.63,27,*,*,*,15,1.00,1.85,0,0,0
2020,Census Tract,1.0127.00,181,"1,000.00","1,765.93",150,22,9.00,35.88,10.01,11.87,122,3.71,4.39,31,10,1.00,3.24,21,1.00,1.18,0,0,0
2020,Census Tract,1.0128.00,156,"1,000.00","2,226.94",119,*,11.00,20.38,9.96,9.92,85,4.16,5.01,23,*,*,*,30,1.00,5.10,0,0,0
2020,Census Tract,1.0129.00,99,"1,700.00","7,242.01",75,*,8.00,24.89,10.00,12.57,67,4.00,6.70,17,*,*,*,17,1.00,0.84,0,0,0
2020,Census Tract,1.0130.00,120,"1,621.00","2,682.32",104,*,26.00,34.10,10.34,12.58,88,4.01,5.13,18,*,*,*,10,0.67,0.76,*,*,*
2020,Census Tract,1.0131.00,130,"2,019.50","5,302.26",109,13,13.00,39.27,12.35,15.07,100,6.08,6.61,20,0,0,0,21,1.00,1.11,*,*,*
2020,Census Tract,1.0132.00,86,912.00,"1,529.07",74,*,9.00,22.71,9.96,10.20,63,4.16,4.95,17,*,*,*,10,0.88,0.85,0,0,0
2020,Census Tract,1.0133.00,140,942.00,"1,567.34",117,20,14.00,50.73,9.01,8.13,82,4.46,4.74,20,*,*,*,20,1.00,1.85,0,0,0
2020,Census Tract,1.0134.00,189,"1,000.00","2,006.57",160,*,11.00,33.66,10.00,10.81,122,4.77,5.21,24,*,*,*,28,1.00,1.71,0,0,0
2020,Census Tract,1.0135.00,84,"2,553.00","10,098.92",73,12,6.00,17.30,13.72,12.18,52,8.17,8.83,10,*,*,*,*,*,*,0,0,0
2020,Census Tract,1.0136.00,81,800.00,"1,523.21",67,*,8.70,22.63,9.00,8.54,45,3.25,4.13,16,*,*,*,12,0.58,0.66,0,0,0
2020,Census Tract,1.0137.00,203,"1,800.00","3,535.12",166,32,14.00,39.69,12.01,15.43,142,5.46,6.41,27,*,*,*,32,1.00,1.76,*,*,*
2020,Census Tract,1.0138.00,158,800.00,"1,660.15",136,13,9.00,14.34,10.03,12.93,110,3.88,4.50,27,*,*,*,18,0.92,0.87,0,0,0
2020,Census Tract,1.0139.00,134,"1,150.00","2,829.90",112,*,13.00,30.35,10.00,10.80,89,3.00,4.62,33,*,*,*,19,1.00,1.27,0,0,0
2020,Census Tract,1.0140.00,190,850.00,"1,474.62",169,*,14.00,36.37,10.42,14.53,150,5.25,5.28,38,*,*,*,19,1.00,5.14,0,0,0
2020,Census Tract,1.0142.00,126,"1,006.50","1,770.22",110,*,21.50,33.99,10.00,12.17,83,3.50,7.08,29,*,*,*,12,1.00,1.24,0,0,0
2020,Census Tract,1.0144.01,29,"1,316.00","1,860.69",27,*,5.00,18.05,5.00,9.69,16,3.75,4.04,*,*,*,*,*,*,*,0,0,0
2020,Census Tract,1.0144.02,42,875.00,"1,346.83",33,*,10.00,28.52,10.00,10.71,28,3.50,4.27,*,*,*,*,*,*,*,0,0,0
2020,Census Tract,1.0145.00,42,"4,439.50","7,226.74",41,0,15.00,30.38,13.01,12.82,37,3.50,4.52,12,0,0,0,*,*,*,0,0,0
2020,Census Tract,1.0146.01,89,"1,397.00","2,855.62",72,*,9.00,25.82,11.51,14.72,67,4.75,5.17,12,*,*,*,14,1.00,0.89,0,0,0
2020,Census Tract,1.0146.02,85,"1,400.00","3,871.91",71,*,11.00,26.78,10.25,11.86,61,3.58,4.90,18,*,*,*,10,1.00,2.43,0,0,0
2020,Census Tract,1.0147.00,14,"1,771.00","2,715.79",12,0,8.00,26.25,10.01,11.62,11,5.84,5.94,*,*,*,*,0,0,0,0,0,0
2020,Census Tract,1.0148.01,49,"1,444.00","2,878.53",43,*,14.00,25.99,12.05,12.96,34,6.58,7.65,*,0,0,0,*,*,*,0,0,0
2020,Census Tract,1.0148.02,113,957.00,"2,065.94",95,*,10.00,25.13,10.05,13.88,78,3.63,5.85,15,*,*,*,17,1.17,2.01,*,*,*
2020,Census Tract,1.0149.00,34,"3,121.00","5,728.71",31,0,8.00,10.46,15.01,14.79,28,3.58,3.43,*,*,*,*,*,*,*,0,0,0
2020,Census Tract,1.0150.01,35,"1,206.00","2,401.46",32,*,11.50,18.16,8.55,12.11,24,5.19,6.94,*,*,*,*,*,*,*,0,0,0
2020,Census Tract,1.0150.02,59,998.00,"1,449.59",49,*,14.00,22.73,10.05,11.83,48,4.00,5.31,12,0,0,0,10,0.79,1.43,0,0,0
2020,Census Tract,1.0151.00,48,"1,973.50","6,440.04",35,0,6.50,10.37,10.01,8.53,24,5.75,5.97,*,*,*,*,*,*,*,*,*,*
2020,Census Tract,1.0152.00,39,"1,000.00","1,750.92",33,*,7.00,14.62,10.02,11.67,30,4.17,4.89,*,0,0,0,*,*,*,0,0,0
2020,Census Tract,1.0153.00,109,"1,443.00","3,474.47",93,*,12.00,15.84,11.44,14.15,87,4.92,5.89,22,*,*,*,14,1.00,1.44,0,0,0
2020,Census Tract,1.0154.00,118,"1,171.00","2,686.76",103,*,7.00,17.29,10.01,10.19,87,4.00,4.81,33,*,*,*,13,2.00,3.42,*,*,*
2020,Census Tract,1.0155.00,37,"2,500.00","5,826.16",28,0,7.00,7.59,13.87,13.20,22,3.96,5.56,*,0,0,0,*,*,*,0,0,0
2020,Census Tract,1.0156.01,34,"1,500.00","4,218.53",28,*,5.64,10.60,10.01,9.88,19,7.16,6.64,*,*,*,*,*,*,*,0,0,0
2020,Census Tract,1.0157.00,198,"1,005.00","1,572.19",179,*,12.00,14.81,10.01,11.70,135,4.67,5.38,26,*,*,*,16,0.46,0.67,0,0,0
2020,Census Tract,1.0158.01,66,975.00,"1,311.71",53,*,11.00,23.16,10.00,11.09,42,4.42,5.10,*,0,0,0,13,1.08,1.82,0,0,0
2020,Census Tract,1.0158.02,26,"1,375.00","2,588.46",22,*,7.00,7.68,10.00,11.46,18,3.58,4.60,*,*,*,*,*,*,*,0,0,0
2020,Census Tract,1.0159.00,59,"1,400.00","4,311.83",51,0,7.00,9.70,5.00,8.63,34,2.96,3.73,13,*,*,*,*,*,*,0,0,0
2020,Census Tract,1.0160.01,35,"1,029.00","1,236.06",29,*,12.50,23.74,11.07,13.66,27,3.50,4.56,*,*,*,*,*,*,*,0,0,0
2020,Census Tract,1.0160.02,18,"1,307.00","1,851.72",12,0,8.77,18.13,15.01,15.91,11,3.58,3.65,*,0,0,0,*,*,*,0,0,0
2020,Census Tract,1.0161.00,58,"1,123.50","2,023.53",49,*,16.00,17.19,12.05,11.38,36,3.42,4.28,10,*,*,*,*,*,*,0,0,0
2020,Census Tract,1.0162.00,18,"2,058.00","4,667.94",18,0,1.00,1.50,15.14,14.28,14,3.00,4.76,*,0,0,0,0,0,0,0,0,0
2020,Census Tract,1.0163.00,61,"1,818.00","4,999.36",48,0,12.00,13.62,10.00,9.47,31,4.67,5.79,*,0,0,0,13,0.79,0.88,*,*,*
2020,Census Tract,1.0164.00,15,800.00,"3,417.00",14,*,3.00,3.44,8.00,8.82,10,5.34,6.24,*,0,0,0,*,*,*,0,0,0
2020,Census Tract,1.0165.00,59,"1,250.00","8,512.95",50,*,10.00,10.61,10.01,12.86,44,4.74,4.81,10,0,0,0,*,*,*,0,0,0
2020,Census Tract,1.0166.00,90,678.00,"1,324.89",79,*,5.00,12.51,9.92,8.85,65,3.25,4.26,26,*,*,*,*,*,*,0,0,0
2020,Census Tract,1.0167.00,122,917.00,"2,432.98",107,*,11.50,15.40,10.01,10.75,84,4.25,4.60,29,*,*,*,11,1.00,3.38,0,0,0
2020,Census Tract,1.0168.00,13,650.00,"1,288.46",13,0,20.00,17.26,5.00,5.86,*,*,*,*,0,0,0,0,0,0,0,0,0
2020,Census Tract,1.0169.00,100,800.00,"1,239.55",89,*,11.90,13.33,9.92,9.66,74,3.71,4.38,27,*,*,*,*,*,*,0,0,0
2020,Census Tract,1.0170.00,86,970.00,"1,979.58",72,*,5.00,14.13,5.00,7.43,38,4.33,4.92,*,*,*,*,12,1.00,1.47,0,0,0
2020,Census Tract,1.0171.00,72,"1,047.50","2,408.42",55,*,11.00,16.28,10.08,15.65,50,3.58,4.27,18,*,*,*,16,1.00,2.09,0,0,0
2020,Census Tract,1.0172.00,138,"1,000.00","1,355.79",119,*,3.30,11.28,6.42,9.53,89,1.25,2.91,33,*,*,*,16,1.00,1.53,0,0,0
2020,Census Tract,1.0173.00,37,"1,386.00","2,482.97",35,0,7.00,7.38,10.01,12.08,31,5.58,5.82,*,0,0,0,*,*,*,0,0,0
2020,Census Tract,1.0174.01,18,"1,172.00","1,767.89",18,*,4.00,3.89,7.46,6.99,11,4.92,4.74,*,0,0,0,0,0,0,0,0,0
2020,Census Tract,1.0174.02,16,"1,598.50","3,467.38",14,0,3.00,2.89,8.29,8.34,10,2.75,2.65,*,0,0,0,*,*,*,0,0,0
2020,Census Tract,1.0175.00,54,"1,768.00","3,759.02",43,*,11.00,12.69,14.39,14.61,38,5.71,6.66,*,*,*,*,*,*,*,0,0,0
2020,Census Tract,1.0177.00,31,"1,820.00","5,134.32",31,*,8.00,6.65,13.09,13.73,29,8.67,7.37,*,0,0,0,0,0,0,0,0,0
2020,Census Tract,1.0178.00,62,827.50,"5,931.48",43,*,4.00,10.79,5.92,8.95,37,3.00,5.23,15,*,*,*,16,1.00,0.99,0,0,0
2020,Census Tract,1.0179.00,70,"1,000.00","1,916.84",59,*,9.50,10.73,10.01,11.89,48,3.67,5.36,14,0,0,0,11,1.00,3.24,0,0,0
2020,Census Tract,1.0180.00,58,"1,000.00","1,449.24",50,*,3.73,6.48,5.00,5.64,30,3.25,3.85,*,*,*,*,*,*,*,0,0,0
2020,Census Tract,1.0181.00,35,"2,040.00","4,009.94",31,0,7.25,7.43,10.04,10.27,25,2.83,3.09,10,0,0,0,*,*,*,0,0,0
2020,Census Tract,1.0182.00,103,"1,000.00","1,501.13",86,*,4.00,7.68,6.58,7.90,69,4.01,4.70,15,*,*,*,12,1.00,0.81,*,*,*
2020,Census Tract,1.0183.00,93,"1,000.00","2,035.03",82,*,12.00,13.19,10.28,14.60,71,5.56,5.71,12,*,*,*,*,*,*,0,0,0
2020,Census Tract,1.0184.00,63,"1,350.00","2,178.56",54,*,3.00,6.37,8.94,7.99,35,2.75,4.01,13,*,*,*,*,*,*,0,0,0
2020,Census Tract,1.0185.00,30,"5,757.00","14,989.87",27,0,7.00,10.54,12.02,13.92,27,7.75,7.63,*,0,0,0,*,*,*,0,0,0
2020,Census Tract,1.0186.00,14,"1,019.50","1,680.43",13,0,4.00,5.23,15.01,17.14,12,5.04,5.59,*,0,0,0,*,*,*,0,0,0
2020,Census Tract,1.0187.00,70,"1,067.00","1,706.80",62,*,8.50,9.47,10.01,11.45,57,4.16,4.77,14,0,0,0,*,*,*,0,0,0
2020,Census Tract,1.0188.00,115,850.00,"1,500.43",94,*,4.00,10.23,5.50,7.01,51,3.00,4.25,14,*,*,*,16,1.00,0.98,*,*,*
2020,Census Tract,1.0189.00,39,750.00,987.10,34,0,5.04,5.36,10.00,9.89,30,3.58,4.74,*,*,*,*,*,*,*,0,0,0
2020,Census Tract,1.0190.00,33,"2,617.00","5,898.76",28,*,3.50,5.71,5.14,6.50,12,5.00,4.43,0,0,0,0,*,*,*,0,0,0
2020,Census Tract,1.0191.00,66,"1,010.00","1,803.24",57,*,10.00,10.16,10.00,9.52,42,4.84,6.05,*,*,*,*,*,*,*,*,*,*
2020,Census Tract,1.0193.00,90,719.50,953.97,83,*,6.00,6.95,9.00,8.85,66,3.79,4.14,21,*,*,*,*,*,*,0,0,0
2020,Census Tract,1.0194.00,43,"1,000.00","2,886.28",40,0,5.00,20.60,6.00,7.73,24,2.25,3.25,12,*,*,*,*,*,*,0,0,0
2020,Census Tract,1.0195.00,68,"1,050.00","1,799.44",59,*,8.00,10.69,10.01,11.08,47,5.00,5.32,14,*,*,*,*,*,*,0,0,0
2020,Census Tract,1.0196.00,89,"1,602.00","3,741.44",79,*,6.00,13.31,10.00,9.16,58,3.92,5.05,19,*,*,*,*,*,*,0,0,0
2020,Census Tract,1.0197.02,19,"1,400.00","1,687.68",17,0,4.00,5.05,10.00,8.54,15,2.33,3.36,*,0,0,0,*,*,*,0,0,0
2020,Census Tract,1.0198.00,49,"1,350.00","2,022.12",42,*,5.00,9.04,6.00,11.35,34,2.96,4.19,12,0,0,0,*,*,*,*,*,*
2020,Census Tract,1.0199.00,62,"1,504.50","2,519.02",54,*,9.00,10.33,10.01,12.52,42,5.38,7.13,11,0,0,0,*,*,*,0,0,0
2020,Census Tract,1.0200.00,73,"1,695.00","2,740.33",58,*,7.33,9.01,10.01,9.67,42,8.17,7.01,*,*,*,*,12,1.00,1.44,0,0,0
2020,Census Tract,1.0201.02,21,"2,110.00","3,166.48",16,*,3.57,4.14,1.00,4.51,*,*,*,0,*,*,*,*,*,*,0,0,0
2020,Census Tract,1.0205.00,13,"1,200.00","1,616.77",12,*,11.00,9.75,12.46,13.52,11,4.16,5.27,*,0,0,0,*,*,*,0,0,0
2020,Census Tract,1.0206.00,16,741.00,"1,355.25",15,0,1.00,2.01,5.00,10.92,12,3.79,3.95,*,0,0,0,*,*,*,0,0,0
2020,Census Tract,1.0207.01,10,"1,259.50","1,910.60",10,0,5.50,7.60,6.50,7.65,10,1.04,2.61,*,0,0,0,0,0,0,0,0,0
2020,Census Tract,1.0208.00,28,862.50,"1,326.32",23,*,4.76,8.14,11.01,12.20,22,4.46,5.07,*,*,*,*,*,*,*,0,0,0
2020,Census Tract,1.0209.01,51,945.00,"1,352.22",48,*,5.92,9.65,10.01,11.07,44,4.58,4.95,13,*,*,*,*,*,*,*,*,*
2020,Census Tract,1.0211.00,53,850.00,"3,400.17",48,*,6.00,6.54,10.01,15.15,40,4.13,7.91,11,0,0,0,*,*,*,*,*,*
2020,Census Tract,1.0212.00,54,"1,200.00","2,504.67",36,0,3.00,3.22,21.81,23.58,34,2.41,3.59,17,*,*,*,14,13.26,12.57,0,0,0
2020,Census Tract,1.0213.03,31,"1,000.00","1,322.45",24,*,4.00,3.79,9.00,9.84,22,2.00,3.56,*,*,*,*,*,*,*,0,0,0
2020,Census Tract,1.0215.00,28,"1,000.00","2,198.82",24,*,2.50,3.42,6.71,7.67,17,4.42,5.17,*,0,0,0,*,*,*,0,0,0
2020,Census Tract,1.0216.00,34,955.00,"1,365.91",30,*,6.00,9.51,5.00,5.73,15,3.08,4.03,*,0,0,0,*,*,*,0,0,0
2020,Census Tract,1.0218.00,93,950.00,"2,038.34",83,*,5.00,7.30,10.00,9.26,63,3.67,4.18,16,0,0,0,10,1.00,0.99,0,0,0
2020,Census Tract,1.0219.00,38,"1,000.00","4,485.39",38,0,3.33,6.91,8.61,6.85,24,4.79,4.34,*,0,0,0,0,0,0,0,0,0
2020,Census Tract,1.0220.00,45,"1,000.00","1,186.09",37,*,4.83,7.88,5.00,7.90,17,4.25,4.38,*,*,*,*,*,*,*,0,0,0
2020,Census Tract,1.0221.02,23,700.00,"1,606.13",22,*,5.25,5.49,4.00,6.20,13,2.00,2.51,*,0,0,0,*,*,*,0,0,0
2020,Census Tract,1.0222.00,98,"1,718.50","5,150.52",87,*,6.66,8.35,10.00,10.63,70,3.42,5.42,20,*,*,*,*,*,*,0,0,0
2020,Census Tract,1.0223.01,54,841.50,"1,931.67",49,*,7.00,7.03,10.00,9.46,37,3.16,3.89,11,*,*,*,*,*,*,0,0,0
2020,Census Tract,1.0224.00,40,"1,168.50","2,006.10",36,*,3.92,4.30,5.00,8.70,23,1.75,4.91,11,0,0,0,*,*,*,0,0,0
2020,Census Tract,1.0225.00,91,873.00,"1,324.67",82,0,6.00,6.88,10.01,10.66,67,3.50,4.05,21,0,0,0,*,*,*,0,0,0
2020,Census Tract,1.0226.00,77,800.00,836.71,73,*,4.00,7.43,10.00,8.08,48,3.00,3.92,13,0,0,0,*,*,*,0,0,0
2020,Census Tract,1.0227.00,28,540.00,"2,849.79",25,0,6.50,6.66,10.01,8.77,15,2.92,3.35,*,*,*,*,0,0,0,0,0,0
2020,Census Tract,1.0228.00,70,"1,000.00","2,404.49",64,12,4.00,6.41,4.98,6.63,43,2.67,3.83,18,*,*,*,*,*,*,0,0,0
2020,Census Tract,1.0229.00,100,"1,100.00","1,757.78",85,12,6.17,7.25,10.00,10.72,76,4.00,4.96,23,*,*,*,12,1.00,1.50,*,*,*
2020,Census Tract,1.0230.00,62,850.00,"1,710.65",60,*,4.31,5.95,5.00,7.20,42,3.41,3.97,*,0,0,0,*,*,*,0,0,0
2020,Census Tract,1.0231.00,38,"1,040.00","1,585.03",33,*,4.00,6.55,10.00,12.42,25,3.42,5.24,*,*,*,*,*,*,*,0,0,0
2020,Census Tract,1.0232.00,91,765.00,"1,132.01",82,*,4.00,6.46,5.13,8.25,57,3.33,3.91,16,0,0,0,*,*,*,0,0,0
2020,Census Tract,1.0233.00,91,800.00,"1,269.97",76,*,7.13,7.51,9.01,8.15,43,4.00,5.15,11,0,0,0,15,1.00,2.57,0,0,0
2020,Census Tract,1.0234.00,35,992.00,"1,290.49",29,*,4.00,5.41,10.00,9.54,19,3.50,4.94,*,*,*,*,*,*,*,0,0,0
2020,Census Tract,1.0235.01,26,974.50,"2,874.65",18,0,4.00,7.56,5.00,8.11,10,5.84,8.80,*,*,*,*,*,*,*,0,0,0
2020,Census Tract,1.0235.02,19,"1,400.00","1,248.53",19,*,2.00,9.75,1.00,5.87,*,*,*,*,0,0,0,0,0,0,0,0,0
2020,Census Tract,1.0236.00,23,"1,150.00","3,638.78",22,*,4.50,10.64,10.01,8.98,13,5.50,4.90,*,*,*,*,0,0,0,0,0,0
2020,Census Tract,1.0237.00,41,857.00,981.39,39,0,5.00,5.74,5.17,6.75,25,3.33,3.88,*,0,0,0,*,*,*,0,0,0
2020,Census Tract,1.0238.01,12,"1,250.00","2,081.50",10,*,4.00,3.90,15.14,15.02,10,5.66,6.59,*,0,0,0,*,*,*,0,0,0
2020,Census Tract,1.0239.00,12,805.00,915.33,11,*,5.92,5.33,9.98,9.06,*,*,*,*,0,0,0,*,*,*,0,0,0
2020,Census Tract,1.0241.00,58,775.00,"1,741.66",52,0,6.00,6.50,10.01,12.87,41,5.09,7.06,*,0,0,0,*,*,*,0,0,0
2020,Census Tract,1.0242.00,17,"1,325.00","9,130.41",17,*,4.00,6.46,5.00,6.49,13,3.67,4.59,*,0,0,0,0,0,0,0,0,0
2020,Census Tract,1.0243.01,34,775.00,960.59,31,*,4.00,3.88,9.98,8.41,26,3.54,3.78,*,0,0,0,*,*,*,0,0,0
2020,Census Tract,1.0245.00,202,800.00,"1,117.85",178,*,7.00,7.11,10.00,11.43,155,4.33,5.13,38,0,0,0,24,1.00,2.08,0,0,0
2020,Census Tract,1.0249.00,22,584.00,"1,169.41",15,*,4.00,3.98,10.00,9.92,15,2.33,3.49,*,0,0,0,*,*,*,0,0,0
2020,Census Tract,1.0251.00,38,717.50,923.61,33,*,5.00,6.77,10.01,9.25,26,4.29,5.14,*,0,0,0,*,*,*,0,0,0
2020,Census Tract,1.0253.00,125,800.00,"1,262.02",117,*,6.00,5.96,10.00,9.82,88,4.67,5.61,22,*,*,*,*,*,*,0,0,0
2020,Census Tract,1.0257.00,38,"4,290.00","7,171.29",29,*,6.00,10.46,10.55,14.03,24,3.42,6.81,*,0,0,0,*,*,*,0,0,0
2020,Census Tract,1.0259.00,46,940.50,"3,933.57",42,15,3.00,5.43,1.00,6.25,19,3.75,3.93,*,0,0,0,*,*,*,0,0,0
2020,Census Tract,1.0261.00,109,800.00,"1,263.78",93,*,5.67,6.54,10.00,10.26,78,2.67,3.37,30,*,*,*,13,1.00,1.97,0,0,0
2020,Census Tract,1.0263.00,139,824.00,"2,138.63",124,10,8.00,7.55,10.01,11.92,105,4.16,5.05,25,*,*,*,13,1.00,1.07,0,0,0
2020,Census Tract,1.0265.00,106,857.50,"1,051.19",99,*,7.00,7.58,10.00,10.85,75,5.25,5.11,17,*,*,*,*,*,*,0,0,0
2020,Census Tract,1.0269.00,160,800.00,"1,621.21",139,20,5.33,6.75,5.00,7.14,88,2.67,3.43,34,*,*,*,20,1.00,1.26,*,*,*
2020,Census Tract,1.0271.00,116,995.00,"2,466.10",105,*,8.00,9.00,10.01,10.13,78,4.33,4.86,24,*,*,*,*,*,*,0,0,0
2020,Census Tract,1.0273.00,50,728.50,"1,219.78",47,*,8.00,7.90,9.84,10.69,42,2.08,3.63,21,0,0,0,*,*,*,0,0,0
2020,Census Tract,1.0277.00,48,800.00,919.98,40,0,5.00,5.28,8.99,8.24,28,3.12,3.68,10,0,0,0,*,*,*,0,0,0
2020,Census Tract,1.0279.00,83,750.00,"2,169.22",77,*,5.00,5.36,9.97,10.04,64,3.21,4.00,16,*,*,*,*,*,*,0,0,0
2020,Census Tract,1.0283.00,65,700.00,"1,121.54",61,0,5.00,5.16,10.00,11.59,54,2.62,3.29,20,0,0,0,*,*,*,0,0,0
2020,Census Tract,1.0285.00,102,978.50,"1,292.84",96,12,4.00,4.79,4.34,6.22,51,4.00,3.87,14,0,0,0,*,*,*,0,0,0
2020,Census Tract,1.0287.00,73,910.00,"2,148.56",68,*,6.00,6.08,10.01,10.56,47,4.75,4.90,10,0,0,0,*,*,*,0,0,0
2020,Census Tract,1.0291.00,104,845.00,"1,733.97",102,11,5.00,6.24,8.84,9.41,68,4.21,4.79,16,*,*,*,*,*,*,0,0,0
2020,Census Tract,1.0293.00,158,"1,000.00","1,655.71",151,*,5.00,5.37,5.42,8.50,95,4.00,4.81,24,*,*,*,*,*,*,0,0,0
2020,Census Tract,1.0295.00,60,800.00,"1,143.70",59,*,6.00,6.44,7.00,9.27,34,4.54,4.61,*,0,0,0,*,*,*,0,0,0
2020,Census Tract,1.0299.00,47,"2,200.00","5,244.64",39,*,3.00,3.52,7.00,6.67,23,2.50,3.35,*,*,*,*,*,*,*,0,0,0
2020,Census Tract,1.0303.00,59,767.00,"1,403.69",55,*,5.00,5.65,10.00,11.45,53,3.75,4.59,16,0,0,0,*,*,*,0,0,0
2020,Census Tract,1.0307.00,14,"2,250.00","3,229.93",12,0,2.00,2.62,10.17,9.48,11,4.00,4.30,*,*,*,*,*,*,*,0,0,0
2020,Census Tract,1.0309.00,55,"1,500.00","3,678.02",51,*,4.00,4.36,10.00,10.64,35,4.16,5.03,*,0,0,0,*,*,*,0,0,0
2020,Census Tract,1.0317.03,48,"2,196.50","4,688.52",40,*,5.00,7.45,10.04,9.57,23,4.92,4.92,*,*,*,*,*,*,*,0,0,0
2020,Census Tract,1.0317.04,38,"1,849.50","2,457.87",28,0,6.00,11.68,10.77,10.93,19,6.50,6.18,*,*,*,*,*,*,*,0,0,0
2020,Census Tract,2.0000.00,35,"1,500.00","5,617.23",29,*,2.83,9.44,5.00,9.85,16,3.33,3.26,*,*,*,*,*,*,*,0,0,0
2020,Census Tract,2.0004.00,13,800.00,968.46,11,*,2.50,2.55,5.00,5.96,10,3.96,3.42,*,*,*,*,*,*,*,0,0,0
2020,Census Tract,2.0019.00,67,"1,530.00","8,551.31",56,12,2.00,2.57,5.00,6.63,36,2.37,4.10,13,*,*,*,*,*,*,0,0,0
2020,Census Tract,2.0020.00,13,"3,750.00","3,525.00",10,0,1.39,1.99,6.92,8.60,*,*,*,*,*,*,*,0,0,0,0,0,0
2020,Census Tract,2.0025.00,56,875.00,"1,277.41",53,*,4.00,4.23,9.00,11.21,36,3.17,3.59,11,*,*,*,*,*,*,0,0,0
2020,Census Tract,2.0027.01,23,906.00,"1,993.91",21,*,3.13,4.36,5.00,5.62,15,2.67,4.17,*,*,*,*,0,0,0,0,0,0
2020,Census Tract,2.0027.02,23,"1,492.00","4,935.91",19,*,3.09,4.02,8.00,11.64,17,3.16,3.73,*,*,*,*,*,*,*,0,0,0
2020,Census Tract,2.0028.00,28,"1,991.50","4,386.46",26,*,3.29,3.28,10.00,12.81,24,2.96,3.89,*,*,*,*,0,0,0,0,0,0
2020,Census Tract,2.0031.00,48,"1,550.00","3,425.60",45,*,4.00,6.37,6.00,7.71,37,1.33,2.87,19,*,*,*,*,*,*,0,0,0
2020,Census Tract,2.0033.00,11,900.00,"3,249.27",*,*,*,*,*,*,*,*,*,*,*,*,*,0,0,0,0,0,0
2020,Census Tract,2.0035.00,25,800.00,"4,517.48",25,0,3.00,3.57,9.17,9.30,21,3.08,4.54,*,0,0,0,0,0,0,0,0,0
2020,Census Tract,2.0039.00,108,900.00,"1,309.85",103,*,4.00,4.35,5.92,7.64,69,2.83,3.70,24,*,*,*,*,*,*,0,0,0
2020,Census Tract,2.0041.00,14,"1,089.50","1,129.64",12,0,3.80,3.42,7.49,9.25,12,4.07,5.22,*,*,*,*,*,*,*,0,0,0
2020,Census Tract,2.0042.00,46,"3,669.00","13,479.50",35,*,4.00,5.34,10.02,10.12,35,6.20,5.99,*,0,0,0,11,1.00,0.91,0,0,0
2020,Census Tract,2.0043.00,107,"1,380.00","2,408.84",97,*,4.00,5.26,6.01,7.08,82,3.39,4.23,25,*,*,*,*,*,*,0,0,0
2020,Census Tract,2.0044.00,16,"1,372.00","4,140.50",15,*,2.05,2.64,1.00,7.57,*,*,*,0,*,*,*,0,0,0,0,0,0
2020,Census Tract,2.0046.00,11,"1,140.00","5,598.64",11,0,6.00,6.18,20.01,18.74,10,4.79,7.26,*,0,0,0,0,0,0,0,0,0
2020,Census Tract,2.0048.00,31,"1,150.00","1,942.06",30,0,3.50,3.94,4.00,6.41,18,2.00,3.40,*,0,0,0,*,*,*,0,0,0
2020,Census Tract,2.0050.01,21,528.00,790.33,17,0,3.08,3.43,10.00,9.27,13,4.09,4.70,*,0,0,0,*,*,*,0,0,0
2020,Census Tract,2.0050.02,57,"1,300.00","2,082.44",55,0,3.00,3.89,10.00,10.72,43,3.25,3.21,*,*,*,*,*,*,*,0,0,0
2020,Census Tract,2.0051.00,40,"2,753.50","5,394.48",29,*,2.65,3.21,3.33,6.20,12,3.12,5.40,*,*,*,*,*,*,*,*,*,*
2020,Census Tract,2.0054.00,80,"1,000.00","1,469.71",76,*,4.00,4.84,8.11,9.84,64,2.58,3.77,26,0,0,0,*,*,*,0,0,0
2020,Census Tract,2.0056.00,21,720.00,"1,020.33",21,0,4.00,4.95,10.00,9.12,19,4.16,4.78,*,0,0,0,0,0,0,0,0,0
2020,Census Tract,2.0059.02,24,877.50,"1,598.71",23,0,8.00,10.03,5.00,5.89,16,3.84,3.37,*,0,0,0,*,*,*,0,0,0
2020,Census Tract,2.0060.00,10,"1,952.00","2,154.00",*,*,*,*,*,*,*,*,*,0,*,*,*,0,0,0,0,0,0
2020,Census Tract,2.0061.00,40,"3,426.00","7,924.38",35,*,4.00,5.19,10.42,14.04,31,5.16,6.13,*,0,0,0,*,*,*,0,0,0
2020,Census Tract,2.0062.00,20,650.00,"1,105.55",14,*,5.00,5.18,1.00,1.46,*,*,*,*,*,*,*,*,*,*,0,0,0
2020,Census Tract,2.0063.00,107,"1,375.00","10,704.66",90,*,5.00,6.23,10.19,12.30,77,3.67,4.62,24,*,*,*,14,1.00,1.05,0,0,0
2020,Census Tract,2.0065.00,164,"1,200.00","2,670.78",144,18,4.00,6.30,5.32,9.95,83,4.00,8.50,23,*,*,*,13,1.00,1.10,*,*,*
2020,Census Tract,2.0067.00,86,932.50,"1,745.59",76,*,3.59,4.25,5.64,8.16,52,3.40,4.29,12,0,0,0,10,1.00,1.15,0,0,0
2020,Census Tract,2.0069.00,36,875.00,"1,600.75",29,*,3.00,2.95,9.95,8.91,22,2.45,3.48,10,*,*,*,*,*,*,0,0,0
2020,Census Tract,2.0070.00,28,"1,061.00","1,377.39",27,0,3.15,3.08,5.00,7.25,16,5.00,5.27,0,*,*,*,0,0,0,0,0,0
2020,Census Tract,2.0071.00,70,"2,533.50","7,189.66",58,*,4.50,5.69,11.69,14.95,54,4.42,4.98,12,*,*,*,11,1.00,1.00,*,*,*
2020,Census Tract,2.0072.00,49,980.00,"1,649.96",44,0,3.00,3.46,9.25,10.76,34,3.42,4.86,10,*,*,*,*,*,*,0,0,0
2020,Census Tract,2.0073.00,29,640.00,"2,898.90",25,0,4.07,4.80,9.00,9.17,22,3.46,4.66,*,0,0,0,*,*,*,0,0,0
2020,Census Tract,2.0075.00,12,"2,541.00","4,150.08",12,*,2.00,2.39,4.46,6.13,*,*,*,*,0,0,0,0,0,0,0,0,0
2020,Census Tract,2.0076.00,79,650.00,898.18,74,0,2.08,2.87,1.00,4.66,31,3.08,3.59,*,0,0,0,*,*,*,0,0,0
2020,Census Tract,2.0077.00,21,"1,895.00","2,002.62",19,*,2.00,2.11,1.00,2.96,*,*,*,*,*,*,*,*,*,*,0,0,0
2020,Census Tract,2.0078.00,32,825.00,"1,346.94",25,0,2.00,2.99,10.00,8.16,21,4.50,4.03,*,*,*,*,*,*,*,0,0,0
2020,Census Tract,2.0079.00,39,840.00,"2,137.33",35,*,3.00,3.57,7.00,9.12,28,2.96,3.76,*,0,0,0,*,*,*,0,0,0
2020,Census Tract,2.0083.00,47,"1,500.00","3,480.36",43,*,2.66,2.85,5.00,6.72,25,2.92,3.90,*,0,0,0,*,*,*,0,0,0
2020,Census Tract,2.0085.00,37,950.00,"1,607.05",33,0,2.08,2.64,1.00,4.87,15,1.66,3.53,*,0,0,0,*,*,*,0,0,0
2020,Census Tract,2.0087.00,55,800.00,"1,576.71",50,*,3.00,3.54,5.91,8.87,35,3.50,4.33,11,*,*,*,*,*,*,0,0,0
2020,Census Tract,2.0089.00,49,850.00,"2,007.10",45,*,3.00,5.34,6.00,7.76,35,3.16,3.86,14,0,0,0,*,*,*,0,0,0
2020,Census Tract,2.0090.00,33,"1,200.00","13,343.00",30,0,4.17,5.17,9.17,8.09,28,3.45,3.53,*,*,*,*,*,*,*,0,0,0
2020,Census Tract,2.0092.00,73,800.00,"1,158.04",61,*,4.00,4.69,5.00,6.27,39,2.67,2.82,15,*,*,*,*,*,*,0,0,0
2020,Census Tract,2.0093.00,118,"3,325.00","7,813.98",100,*,2.00,4.10,5.00,6.56,62,2.71,3.44,22,11,1.00,8.59,*,*,*,0,0,0
2020,Census Tract,2.0096.00,38,"2,750.00","4,530.03",31,*,3.00,9.61,9.00,9.97,24,2.75,3.35,*,*,*,*,*,*,*,0,0,0
2020,Census Tract,2.0115.02,43,"1,000.00","3,392.65",41,*,2.00,2.91,10.00,11.46,32,1.87,2.75,18,*,*,*,*,*,*,0,0,0
2020,Census Tract,2.0117.00,27,"3,000.00","5,129.26",25,*,3.55,7.10,6.00,6.78,23,2.29,2.63,11,*,*,*,*,*,*,0,0,0
2020,Census Tract,2.0119.00,66,"1,195.00","2,086.71",64,*,4.77,4.85,10.01,11.24,54,4.46,4.66,10,0,0,0,*,*,*,0,0,0
2020,Census Tract,2.0121.01,15,800.00,"1,625.60",14,0,2.00,2.20,7.50,7.99,11,4.84,5.34,0,0,0,0,*,*,*,0,0,0
2020,Census Tract,2.0123.00,25,"1,450.00","3,403.08",19,*,2.00,2.84,5.13,6.59,14,2.21,3.34,*,*,*,*,*,*,*,0,0,0
2020,Census Tract,2.0125.00,26,"1,257.50","2,388.35",20,*,2.67,3.98,1.00,2.66,*,*,*,*,*,*,*,*,*,*,0,0,0
2020,Census Tract,2.0127.01,35,800.00,"1,680.71",33,0,6.00,6.42,10.00,10.63,30,3.75,4.76,*,0,0,0,*,*,*,0,0,0
2020,Census Tract,2.0129.01,70,900.00,"1,734.30",63,*,3.00,3.01,5.17,6.34,46,4.13,4.19,10,*,*,*,*,*,*,0,0,0
2020,Census Tract,2.0131.00,24,"1,200.00","3,570.17",19,*,2.42,4.10,5.00,8.64,12,2.37,4.53,*,*,*,*,*,*,*,0,0,0
2020,Census Tract,2.0132.00,15,"2,000.00","2,466.67",15,*,3.55,11.04,10.00,12.07,13,1.83,2.64,*,0,0,0,0,0,0,0,0,0
2020,Census Tract,2.0133.00,11,300.00,"1,610.00",10,*,1.00,4.48,1.00,7.45,*,*,*,0,0,0,0,*,*,*,0,0,0
2020,Census Tract,2.0135.00,11,"1,037.00",888.09,11,0,2.70,2.95,7.25,6.26,*,*,*,0,0,0,0,0,0,0,0,0,0
2020,Census Tract,2.0141.00,59,900.00,"1,777.98",52,*,3.00,3.27,7.19,7.81,39,2.83,4.13,15,*,*,*,*,*,*,0,0,0
2020,Census Tract,2.0143.00,17,"2,500.00","3,326.47",10,0,28.00,17.71,4.00,7.16,*,*,*,*,*,*,*,*,*,*,0,0,0
2020,Census Tract,2.0145.00,51,"1,700.00","5,231.45",44,*,3.06,5.62,3.84,4.81,23,3.08,3.91,*,*,*,*,*,*,*,0,0,0
2020,Census Tract,2.0149.00,30,950.00,"1,087.00",27,*,3.00,3.18,8.67,8.97,24,1.00,2.24,15,*,*,*,*,*,*,0,0,0
2020,Census Tract,2.0151.00,39,870.00,"1,485.64",34,*,3.00,3.26,5.71,6.89,22,2.37,3.36,10,*,*,*,*,*,*,0,0,0
2020,Census Tract,2.0152.00,38,"1,010.00","1,973.50",33,*,5.00,13.36,1.58,7.99,17,2.45,5.23,*,*,*,*,*,*,*,0,0,0
2020,Census Tract,2.0155.00,32,"1,175.00","2,299.50",25,0,2.18,2.98,5.00,6.96,16,3.21,4.41,*,0,0,0,*,*,*,0,0,0
2020,Census Tract,2.0157.00,17,"3,443.00","5,682.18",14,*,1.40,2.80,1.00,2.29,*,*,*,*,*,*,*,*,*,*,0,0,0
2020,Census Tract,2.0159.00,48,"1,725.00","3,246.17",39,*,5.00,5.58,8.08,8.82,29,3.50,4.15,*,*,*,*,*,*,*,0,0,0
2020,Census Tract,2.0161.00,67,"1,750.00","3,769.88",62,0,3.00,3.31,10.01,10.34,51,3.75,4.31,14,*,*,*,*,*,*,0,0,0
2020,Census Tract,2.0162.00,15,850.00,"1,460.93",13,*,3.25,6.84,2.00,7.96,*,*,*,*,*,*,*,0,0,0,0,0,0
2020,Census Tract,2.0164.00,30,850.00,"1,316.87",20,*,3.00,2.75,1.00,4.35,*,*,*,*,*,*,*,*,*,*,*,*,*
2020,Census Tract,2.0165.00,17,"2,000.00","2,672.24",16,0,14.00,14.44,4.00,5.89,14,1.29,1.65,12,0,0,0,*,*,*,0,0,0
2020,Census Tract,2.0166.00,16,"1,402.00","1,740.38",15,*,2.48,4.31,1.00,5.46,*,*,*,*,0,0,0,*,*,*,0,0,0
2020,Census Tract,2.0167.00,21,"1,006.00","2,006.33",20,*,2.30,4.58,5.50,5.84,12,2.83,2.98,*,*,*,*,0,0,0,0,0,0
2020,Census Tract,2.0169.00,14,"1,100.00","1,261.79",10,*,3.00,2.90,1.00,1.80,*,*,*,0,*,*,*,*,*,*,0,0,0
2020,Census Tract,2.0173.00,20,"1,013.00","1,467.20",20,0,4.00,3.95,5.04,6.91,11,3.42,5.42,*,0,0,0,0,0,0,0,0,0
2020,Census Tract,2.0175.00,35,900.00,"1,490.89",34,*,3.96,11.26,5.00,7.19,26,3.46,3.92,*,*,*,*,0,0,0,0,0,0
2020,Census Tract,2.0177.01,27,"1,025.00","2,468.30",25,*,3.00,4.48,3.25,4.07,*,*,*,*,0,0,0,*,*,*,0,0,0
2020,Census Tract,2.0177.02,27,"1,250.00","2,232.52",26,*,2.00,2.35,5.50,6.09,19,2.58,3.04,*,0,0,0,*,*,*,0,0,0
2020,Census Tract,2.0179.01,38,806.00,"1,078.68",37,0,5.00,7.24,10.09,11.86,35,4.67,3.92,*,0,0,0,*,*,*,0,0,0
2020,Census Tract,2.0179.02,19,565.00,894.89,19,*,5.50,6.36,6.00,7.82,19,3.58,3.49,*,0,0,0,0,0,0,0,0,0
2020,Census Tract,2.0181.01,34,800.00,"1,160.91",31,*,5.00,9.01,5.00,8.37,23,3.67,4.49,*,0,0,0,*,*,*,*,*,*
2020,Census Tract,2.0181.02,38,650.00,718.00,34,*,4.00,5.83,8.80,7.35,21,4.16,4.55,*,0,0,0,*,*,*,*,*,*
2020,Census Tract,2.0183.01,26,"1,025.00","4,291.08",23,*,4.00,5.48,6.00,11.74,16,3.17,3.17,*,0,0,0,*,*,*,0,0,0
2020,Census Tract,2.0183.02,12,804.00,931.83,12,*,3.00,5.83,4.00,5.39,*,*,*,*,0,0,0,0,0,0,0,0,0
2020,Census Tract,2.0184.00,25,"1,800.00","2,521.92",20,*,3.81,9.86,7.00,9.47,16,1.54,2.55,10,*,*,*,0,0,0,0,0,0
2020,Census Tract,2.0185.00,68,"1,558.00","3,198.47",61,*,2.00,3.93,8.25,8.23,49,2.33,3.50,19,*,*,*,*,*,*,0,0,0
2020,Census Tract,2.0189.00,48,975.00,"1,212.60",42,*,2.67,3.36,7.98,9.08,36,2.87,3.79,12,0,0,0,*,*,*,*,*,*
2020,Census Tract,2.0193.00,16,"1,200.00","3,219.38",16,0,2.00,2.25,1.00,5.65,*,*,*,*,0,0,0,0,0,0,0,0,0
2020,Census Tract,2.0194.00,14,710.00,933.79,10,*,4.00,9.99,1.00,3.00,*,*,*,0,*,*,*,0,0,0,0,0,0
2020,Census Tract,2.0195.00,51,"1,200.00","1,908.37",48,*,5.00,5.20,10.14,12.72,42,4.50,4.93,11,*,*,*,*,*,*,0,0,0
2020,Census Tract,2.0197.00,88,705.00,"1,680.43",85,0,5.00,6.95,10.01,12.61,82,3.50,4.21,24,0,0,0,*,*,*,0,0,0
2020,Census Tract,2.0199.00,45,"1,060.00","1,774.89",44,*,4.00,10.85,10.01,11.34,41,4.33,4.58,11,0,0,0,*,*,*,0,0,0
2020,Census Tract,2.0200.00,127,"1,075.00","2,136.94",104,*,3.00,7.17,6.96,8.36,83,3.00,3.82,25,12,1.34,1.47,11,1.00,1.03,0,0,0
2020,Census Tract,2.0201.00,20,725.00,781.55,19,0,3.00,4.63,5.67,6.91,19,2.75,2.69,*,0,0,0,*,*,*,0,0,0
2020,Census Tract,2.0202.00,30,920.00,"1,351.73",29,*,3.00,2.76,10.01,10.55,26,4.37,5.13,*,*,*,*,0,0,0,0,0,0
2020,Census Tract,2.0206.01,30,"1,170.00","1,899.53",29,*,2.54,2.65,10.01,11.22,28,4.38,4.55,*,0,0,0,*,*,*,*,*,*
2020,Census Tract,2.0209.00,29,"1,200.00","2,482.97",26,*,3.00,3.86,6.02,7.06,23,2.41,2.32,*,*,*,*,*,*,*,0,0,0
2020,Census Tract,2.0211.00,33,920.00,"1,752.88",32,0,3.00,3.63,10.00,11.14,29,3.16,3.91,11,*,*,*,0,0,0,0,0,0
2020,Census Tract,2.0213.01,23,700.00,"1,519.91",15,0,4.00,6.68,9.00,8.85,*,*,*,*,*,*,*,*,*,*,0,0,0
2020,Census Tract,2.0213.02,13,"1,600.00","1,348.31",12,0,3.58,5.60,5.21,4.68,*,*,*,*,0,0,0,*,*,*,0,0,0
2020,Census Tract,2.0215.01,36,"1,464.00","1,982.50",34,0,4.00,5.21,10.01,9.11,29,5.16,5.35,*,*,*,*,0,0,0,0,0,0
2020,Census Tract,2.0215.02,38,"1,000.00","1,776.45",37,10,3.49,5.86,5.00,7.44,29,2.41,3.82,14,*,*,*,0,0,0,0,0,0
2020,Census Tract,2.0216.02,38,"1,185.00","6,067.66",37,0,4.00,3.99,5.59,7.40,28,2.79,3.62,*,0,0,0,*,*,*,0,0,0
2020,Census Tract,2.0217.00,16,"2,250.00","2,893.50",15,*,1.88,2.28,8.97,9.14,*,*,*,*,0,0,0,*,*,*,0,0,0
2020,Census Tract,2.0218.00,23,792.00,"1,986.52",23,*,2.00,2.84,8.00,8.51,22,2.41,3.60,11,0,0,0,0,0,0,0,0,0
2020,Census Tract,2.0219.00,38,"4,950.00","4,708.34",34,0,2.00,3.08,6.21,7.05,25,3.16,3.53,*,*,*,*,*,*,*,0,0,0
2020,Census Tract,2.0220.00,22,"1,110.00","1,714.23",18,*,3.00,6.24,6.74,6.59,13,3.92,3.80,*,*,*,*,*,*,*,0,0,0
2020,Census Tract,2.0221.01,50,"1,250.00","2,303.82",46,*,5.00,10.15,10.00,10.40,38,3.79,4.35,10,0,0,0,*,*,*,0,0,0
2020,Census Tract,2.0221.02,34,984.50,"1,343.53",33,*,3.71,4.49,6.17,9.00,18,4.50,5.32,*,0,0,0,*,*,*,0,0,0
2020,Census Tract,2.0222.00,99,"1,152.00","1,899.46",93,*,3.00,3.54,7.00,8.39,71,3.00,4.25,27,*,*,*,*,*,*,0,0,0
2020,Census Tract,2.0223.00,44,"1,000.00","2,273.98",41,0,8.00,9.64,9.95,8.91,34,3.42,4.28,*,*,*,*,*,*,*,0,0,0
2020,Census Tract,2.0224.01,32,"1,955.00","3,206.50",27,0,5.67,5.68,15.01,14.20,25,3.84,4.60,*,*,*,*,*,*,*,0,0,0
2020,Census Tract,2.0224.03,31,"2,018.00","2,596.68",29,*,6.29,13.29,10.05,10.89,21,4.58,5.25,*,*,*,*,*,*,*,0,0,0
2020,Census Tract,2.0224.04,50,"1,240.00","2,147.66",50,0,4.58,10.90,10.00,11.35,30,5.04,4.80,*,0,0,0,0,0,0,0,0,0
2020,Census Tract,2.0225.00,44,559.00,"1,046.39",40,0,4.50,5.63,10.00,10.19,38,2.54,2.92,13,0,0,0,*,*,*,0,0,0
2020,Census Tract,2.0227.01,39,965.00,"1,892.69",39,0,3.65,4.14,9.09,10.66,27,2.49,4.01,11,0,0,0,0,0,0,0,0,0
2020,Census Tract,2.0227.02,30,700.00,"1,007.37",28,0,4.00,4.18,10.81,12.77,22,5.00,5.33,*,0,0,0,*,*,*,0,0,0
2020,Census Tract,2.0227.03,10,535.00,627.00,10,0,26.50,27.90,10.00,9.48,10,2.83,2.96,*,0,0,0,0,0,0,0,0,0
2020,Census Tract,2.0228.00,32,931.50,"1,126.31",32,0,3.00,3.27,9.92,8.29,23,3.33,3.50,*,0,0,0,0,0,0,0,0,0
2020,Census Tract,2.0229.01,12,875.00,"1,276.08",10,*,4.50,8.60,20.01,19.24,*,*,*,*,0,0,0,*,*,*,0,0,0
2020,Census Tract,2.0229.02,22,497.50,637.27,22,0,3.50,5.64,7.96,8.60,21,2.75,2.64,*,0,0,0,0,0,0,0,0,0
2020,Census Tract,2.0230.00,27,"1,024.00","1,830.33",25,*,15.00,13.17,4.17,7.16,13,3.08,5.25,*,*,*,*,*,*,*,0,0,0
2020,Census Tract,2.0231.00,46,"1,706.50","2,695.65",36,*,3.00,5.72,5.50,7.38,27,1.92,3.48,10,*,*,*,*,*,*,0,0,0
2020,Census Tract,2.0232.00,25,"1,600.00","2,706.72",25,0,3.00,4.42,10.00,9.63,21,4.00,5.40,*,0,0,0,0,0,0,0,0,0
2020,Census Tract,2.0233.01,42,"1,100.00","2,656.86",41,*,2.00,2.94,6.00,6.07,38,1.00,1.66,25,*,*,*,0,0,0,0,0,0
2020,Census Tract,2.0235.01,44,"1,075.50","1,899.36",36,0,4.08,4.29,10.00,8.31,27,3.50,4.49,*,*,*,*,*,*,*,0,0,0
2020,Census Tract,2.0235.02,49,800.00,"1,252.51",46,*,4.00,9.40,5.13,7.05,29,2.42,3.49,10,0,0,0,*,*,*,0,0,0
2020,Census Tract,2.0236.00,39,800.00,"1,274.59",35,*,3.00,13.31,8.00,8.58,23,5.09,5.66,*,*,*,*,*,*,*,0,0,0
2020,Census Tract,2.0237.02,40,"1,424.00","3,792.28",36,0,6.00,21.08,10.00,10.24,26,4.79,5.36,*,*,*,*,*,*,*,0,0,0
2020,Census Tract,2.0237.03,92,850.00,"1,078.45",87,*,5.00,6.59,9.01,8.89,58,3.29,3.66,21,*,*,*,*,*,*,0,0,0
2020,Census Tract,2.0237.04,53,518.00,562.32,52,0,5.00,5.06,7.17,8.40,43,3.00,3.72,15,0,0,0,*,*,*,0,0,0
2020,Census Tract,2.0238.00,22,"1,000.00","4,571.86",17,0,2.40,3.69,8.00,6.00,12,1.44,1.80,*,*,*,*,*,*,*,*,*,*
2020,Census Tract,2.0239.00,122,"1,150.00","2,435.33",112,*,3.00,4.52,8.84,9.87,88,2.87,3.71,34,*,*,*,*,*,*,*,*,*
2020,Census Tract,2.0240.00,23,"1,000.00","1,355.04",18,0,3.50,14.51,6.17,7.32,15,2.00,3.32,*,*,*,*,*,*,*,0,0,0
2020,Census Tract,2.0241.00,75,"1,000.00","1,864.44",71,23,4.00,5.10,10.01,10.22,53,4.58,4.48,13,0,0,0,*,*,*,0,0,0
2020,Census Tract,2.0243.00,64,"1,037.50","1,580.88",58,0,4.00,4.86,1.00,4.60,26,2.54,3.07,11,0,0,0,*,*,*,0,0,0
2020,Census Tract,2.0244.00,18,"1,000.00","1,162.33",16,*,2.10,2.51,1.00,2.20,*,*,*,0,*,*,*,0,0,0,0,0,0
2020,Census Tract,2.0245.01,18,450.00,617.78,18,0,4.50,5.08,10.01,9.95,16,3.88,3.89,*,0,0,0,0,0,0,0,0,0
2020,Census Tract,2.0245.02,24,900.00,"1,524.25",19,0,4.00,4.68,10.01,9.90,16,3.79,3.64,*,0,0,0,*,*,*,0,0,0
2020,Census Tract,2.0248.00,34,"1,330.00","1,505.15",31,*,3.00,4.14,10.14,13.17,29,3.67,4.43,*,*,*,*,*,*,*,0,0,0
2020,Census Tract,2.0250.00,32,692.50,"1,062.66",29,*,3.00,3.46,8.56,8.20,23,2.92,3.37,*,*,*,*,*,*,*,0,0,0
2020,Census Tract,2.0251.00,63,900.00,"2,017.76",58,*,3.00,3.76,6.63,8.16,42,3.84,3.92,*,*,*,*,*,*,*,0,0,0
2020,Census Tract,2.0252.00,23,700.00,851.70,23,*,3.00,4.53,2.00,4.18,11,4.50,4.96,*,0,0,0,0,0,0,0,0,0
2020,Census Tract,2.0253.00,35,"1,000.00","1,518.66",35,0,5.00,5.79,10.01,10.85,35,2.92,3.99,10,0,0,0,0,0,0,0,0,0
2020,Census Tract,2.0254.00,18,650.00,878.06,14,0,11.63,18.70,1.00,4.79,*,*,*,*,0,0,0,*,*,*,0,0,0
2020,Census Tract,2.0255.00,16,"1,083.00","1,749.06",13,*,3.00,3.62,10.04,11.32,12,7.13,6.03,*,*,*,*,*,*,*,0,0,0
2020,Census Tract,2.0256.00,17,"1,000.00","2,347.76",15,0,4.63,9.34,1.84,5.60,*,*,*,*,*,*,*,*,*,*,0,0,0
2020,Census Tract,2.0263.00,23,596.00,896.00,23,0,7.00,8.26,12.64,15.40,22,3.71,3.81,*,0,0,0,0,0,0,0,0,0
2020,Census Tract,2.0264.00,23,"1,000.00","2,133.70",18,0,2.00,2.42,1.00,4.93,*,*,*,*,*,*,*,*,*,*,0,0,0
2020,Census Tract,2.0265.00,72,930.00,"2,208.68",69,*,5.00,5.99,10.00,9.47,50,3.08,4.00,18,*,*,*,*,*,*,0,0,0
2020,Census Tract,2.0266.01,16,"1,419.50","1,775.88",13,0,21.00,17.02,9.01,10.50,12,3.79,4.59,*,*,*,*,*,*,*,0,0,0
2020,Census Tract,2.0266.02,84,857.50,"1,339.42",74,*,3.75,7.64,5.17,8.20,52,2.58,3.18,21,*,*,*,*,*,*,0,0,0
2020,Census Tract,2.0267.01,34,"1,086.00","1,198.26",25,0,3.00,3.81,10.84,11.85,25,4.00,4.56,10,*,*,*,*,*,*,0,0,0
2020,Census Tract,2.0273.00,26,761.50,"1,151.92",24,*,2.00,2.42,6.50,9.41,21,1.92,3.08,*,*,*,*,0,0,0,0,0,0
2020,Census Tract,2.0277.00,34,961.00,965.47,32,0,4.00,5.26,1.00,4.97,*,*,*,*,*,*,*,*,*,*,0,0,0
2020,Census Tract,2.0279.00,16,"1,062.50","1,679.13",14,0,2.50,2.44,6.62,7.56,14,3.21,3.44,*,*,*,*,*,*,*,0,0,0
2020,Census Tract,2.0283.00,91,"2,165.00","5,999.49",72,*,3.17,4.02,10.06,10.56,59,4.75,5.26,*,*,*,*,13,1.00,4.16,0,0,0
2020,Census Tract,2.0285.00,27,"1,878.00","3,397.44",20,*,2.00,3.33,9.63,9.96,15,7.42,6.30,*,*,*,*,*,*,*,0,0,0
2020,Census Tract,2.0287.00,16,"2,287.50","4,856.56",14,0,3.00,3.59,6.39,6.78,10,2.75,3.94,*,*,*,*,*,*,*,*,*,*
2020,Census Tract,2.0288.00,36,956.00,"1,368.42",32,0,3.00,3.99,5.00,7.49,21,2.83,3.59,*,*,*,*,0,0,0,0,0,0
2020,Census Tract,2.0289.00,124,882.00,"1,375.44",112,*,5.00,5.31,10.09,11.65,89,2.58,3.17,36,*,*,*,*,*,*,0,0,0
2020,Census Tract,2.0293.02,37,"1,157.00","8,351.68",34,0,4.00,3.85,20.55,23.79,33,3.50,4.90,*,0,0,0,*,*,*,0,0,0
2020,Census Tract,2.0295.00,73,"1,200.00","1,772.88",70,*,3.66,3.95,10.01,14.11,66,5.17,5.36,10,0,0,0,*,*,*,0,0,0
2020,Census Tract,2.0296.00,30,"3,437.50","3,953.07",22,*,1.50,3.45,1.00,6.87,*,*,*,*,*,*,*,*,*,*,0,0,0
2020,Census Tract,2.0297.00,37,"1,120.00","1,425.00",32,0,6.00,5.55,10.00,14.23,21,4.75,5.25,*,*,*,*,*,*,*,0,0,0
2020,Census Tract,2.0300.00,37,"1,300.00","1,627.97",35,0,3.00,3.30,5.00,6.18,19,4.00,4.19,*,*,*,*,*,*,*,0,0,0
2020,Census Tract,2.0302.00,19,"1,131.00","2,507.74",18,0,2.50,2.78,10.01,13.97,16,5.71,5.63,*,0,0,0,*,*,*,0,0,0
2020,Census Tract,2.0310.00,12,"8,013.00","19,239.75",*,*,*,*,*,*,*,*,*,0,*,*,*,*,*,*,0,0,0
2020,Census Tract,2.0312.00,42,"1,156.50","1,908.12",37,*,4.00,10.08,4.00,4.75,17,2.50,2.90,*,*,*,*,*,*,*,0,0,0
2020,Census Tract,2.0323.00,23,"1,500.00","1,908.48",19,*,4.00,3.96,12.51,13.84,18,2.92,3.45,*,*,*,*,*,*,*,0,0,0
2020,Census Tract,2.0324.00,12,830.00,988.58,12,0,2.96,2.72,5.50,4.84,*,*,*,*,0,0,0,0,0,0,0,0,0
2020,Census Tract,2.0326.00,24,900.00,"2,128.13",20,0,2.00,5.25,5.04,10.11,11,2.50,3.70,*,*,*,*,0,0,0,0,0,0
2020,Census Tract,2.0328.00,28,"1,150.00","2,465.11",26,*,3.28,13.34,4.82,5.47,17,3.67,3.82,*,*,*,*,0,0,0,0,0,0
2020,Census Tract,2.0330.00,69,"1,132.00","2,344.06",67,*,3.00,7.48,9.18,9.77,49,3.25,4.38,13,*,*,*,*,*,*,0,0,0
2020,Census Tract,2.0332.02,21,650.00,846.62,17,*,8.00,14.29,10.01,11.26,15,2.41,4.18,*,0,0,0,*,*,*,0,0,0
2020,Census Tract,2.0336.00,59,990.00,"2,175.54",57,*,32.00,26.91,6.00,7.03,37,2.67,3.29,16,0,0,0,*,*,*,0,0,0
2020,Census Tract,2.0337.00,45,960.00,"1,628.09",37,*,2.67,3.25,10.01,10.40,26,2.62,3.54,12,*,*,*,*,*,*,0,0,0
2020,Census Tract,2.0338.00,46,"1,000.00","3,555.11",40,*,2.15,2.78,2.50,5.58,19,2.83,3.44,*,*,*,*,*,*,*,0,0,0
2020,Census Tract,2.0340.00,14,"1,786.00","2,409.07",13,0,3.00,6.20,5.00,9.93,*,*,*,*,*,*,*,0,0,0,0,0,0
2020,Census Tract,2.0342.00,17,"1,885.00","2,299.35",15,*,2.50,5.25,1.00,4.79,*,*,*,*,*,*,*,0,0,0,0,0,0
2020,Census Tract,2.0344.00,14,"1,150.00","1,634.43",11,*,4.67,9.15,5.00,4.47,*,*,*,*,*,*,*,0,0,0,0,0,0
2020,Census Tract,2.0345.00,19,750.00,"1,195.58",15,*,3.18,3.98,3.00,5.16,*,*,*,*,*,*,*,*,*,*,0,0,0
2020,Census Tract,2.0348.00,27,"1,100.00","1,772.96",26,0,2.00,2.40,10.50,15.08,21,4.16,5.44,*,*,*,*,0,0,0,0,0,0
2020,Census Tract,2.0350.00,14,790.00,"1,583.29",13,0,3.00,3.72,1.00,6.53,*,*,*,0,*,*,*,0,0,0,0,0,0
2020,Census Tract,2.0358.00,23,"1,140.00","1,713.96",19,0,2.50,2.97,4.96,7.59,*,*,*,*,*,*,*,0,0,0,0,0,0
2020,Census Tract,2.0359.00,23,"1,000.00","4,510.83",23,0,3.00,3.43,5.92,9.21,19,3.67,6.50,*,0,0,0,0,0,0,0,0,0
2020,Census Tract,2.0363.00,49,"1,250.00","1,886.35",45,*,3.17,6.06,6.51,10.68,38,3.04,3.54,15,*,*,*,*,*,*,0,0,0
2020,Census Tract,2.0364.00,43,"1,125.00","2,660.26",27,0,3.00,3.14,6.84,6.80,11,3.75,3.80,*,*,*,*,12,1.00,1.39,0,0,0
2020,Census Tract,2.0365.01,41,"1,078.00","1,889.66",36,0,4.00,4.22,1.00,3.49,11,3.92,3.87,*,*,*,*,*,*,*,0,0,0
2020,Census Tract,2.0365.02,29,"1,250.00","1,611.93",25,*,4.00,3.42,7.00,6.44,18,5.00,4.63,*,*,*,*,*,*,*,0,0,0
2020,Census Tract,2.0368.00,11,"1,200.00","2,380.64",*,*,*,*,*,*,*,*,*,*,*,*,*,*,*,*,0,0,0
2020,Census Tract,2.0369.01,32,"1,094.50","1,933.38",29,*,3.95,4.51,1.00,4.55,10,3.58,4.18,*,*,*,*,*,*,*,0,0,0
2020,Census Tract,2.0370.00,19,"1,000.00","1,966.11",19,*,3.00,3.20,5.00,4.97,*,*,*,*,0,0,0,0,0,0,0,0,0
2020,Census Tract,2.0371.00,25,"1,518.00","1,817.80",23,0,3.29,6.33,1.00,5.64,10,4.50,5.41,*,0,0,0,*,*,*,0,0,0
2020,Census Tract,2.0372.00,17,952.00,"2,719.18",13,*,2.00,2.62,3.19,5.46,*,*,*,*,*,*,*,*,*,*,0,0,0
2020,Census Tract,2.0373.00,65,950.00,"1,514.29",61,0,4.00,5.47,2.92,8.19,26,3.33,3.35,*,0,0,0,*,*,*,0,0,0
2020,Census Tract,2.0374.00,47,"1,318.00","2,003.36",41,0,3.00,2.64,5.00,5.60,26,3.00,2.80,*,*,*,*,*,*,*,0,0,0
2020,Census Tract,2.0375.04,47,"1,711.00","3,420.40",42,*,3.00,12.24,10.00,8.84,33,4.58,5.04,*,*,*,*,*,*,*,*,*,*
2020,Census Tract,2.0378.00,17,"1,000.00","2,346.06",15,0,2.00,3.60,12.01,12.10,13,5.58,6.23,0,0,0,0,*,*,*,*,*,*
2020,Census Tract,2.0379.00,24,"1,550.00","5,076.38",22,*,2.00,8.69,9.30,8.25,21,2.83,3.46,*,0,0,0,*,*,*,0,0,0
2020,Census Tract,2.0380.00,38,787.50,"1,896.76",37,0,3.00,3.26,5.00,5.91,20,3.00,3.92,*,*,*,*,0,0,0,0,0,0
2020,Census Tract,2.0381.00,44,439.50,669.66,41,*,3.50,7.88,10.00,9.98,27,3.58,5.21,11,*,*,*,*,*,*,0,0,0
2020,Census Tract,2.0383.01,44,600.00,890.98,41,*,6.00,21.46,5.00,7.93,30,2.58,3.77,14,0,0,0,*,*,*,0,0,0
2020,Census Tract,2.0383.02,34,"2,120.00","5,322.38",32,0,2.77,5.04,8.00,10.49,29,3.67,4.62,*,0,0,0,*,*,*,0,0,0
2020,Census Tract,2.0385.00,36,877.50,"1,389.75",35,*,3.00,6.49,8.00,8.77,31,2.33,3.70,11,*,*,*,0,0,0,0,0,0
2020,Census Tract,2.0386.00,59,"1,014.00","1,679.34",55,*,2.05,2.52,6.33,9.77,32,2.58,3.67,12,*,*,*,*,*,*,0,0,0
2020,Census Tract,2.0387.00,52,"1,939.50","3,626.83",48,*,3.37,3.76,6.08,8.80,41,3.15,3.61,15,0,0,0,*,*,*,0,0,0
2020,Census Tract,2.0389.00,102,704.00,"1,350.84",79,*,5.00,15.04,5.00,5.34,41,3.08,3.57,14,*,*,*,16,1.00,1.04,*,*,*
2020,Census Tract,2.0390.00,28,880.00,"1,062.75",24,*,2.55,2.36,1.78,6.01,*,*,*,*,*,*,*,*,*,*,0,0,0
2020,Census Tract,2.0391.00,114,663.50,"1,021.59",96,*,5.00,16.22,4.92,6.32,53,3.50,4.33,18,*,*,*,10,1.00,1.94,0,0,0
2020,Census Tract,2.0392.00,13,800.00,"1,853.69",10,0,3.83,3.15,1.00,2.68,*,*,*,*,*,*,*,*,*,*,0,0,0
2020,Census Tract,2.0393.00,25,786.00,"1,868.84",25,0,5.00,15.08,10.00,11.21,24,4.29,4.79,*,0,0,0,0,0,0,0,0,0
2020,Census Tract,2.0394.00,24,"1,225.00","1,921.50",22,*,3.00,3.57,5.00,5.47,14,2.46,2.77,*,*,*,*,*,*,*,0,0,0
2020,Census Tract,2.0395.00,66,"1,737.50","3,840.64",59,0,2.00,6.25,7.00,7.70,39,2.75,3.50,16,*,*,*,*,*,*,0,0,0
2020,Census Tract,2.0396.00,40,757.00,"1,721.58",37,*,2.58,2.77,4.56,6.79,22,2.33,3.28,11,*,*,*,0,0,0,0,0,0
2020,Census Tract,2.0397.00,40,"1,225.00","2,714.23",33,0,5.01,11.35,6.58,6.54,22,4.08,3.80,*,*,*,*,*,*,*,0,0,0
2022,Census Tract,3.0529.00,14,963,"1,798",11,- 0,2.00,2.47,11.01,11.92,*,*,*,*,*,*,*,*,*,*,- 0,- 0,- 0
2020,Census Tract,2.0399.01,69,"1,250.00","2,397.48",60,0,6.00,7.03,5.00,6.90,34,3.83,3.78,*,*,*,*,*,*,*,0,0,0
2020,Census Tract,2.0399.02,56,742.00,"2,798.84",40,0,4.00,11.47,10.40,11.03,27,1.92,2.87,11,*,*,*,14,1.00,2.81,0,0,0
2020,Census Tract,2.0401.00,72,"1,537.50","6,219.39",66,*,6.00,9.25,9.29,9.23,47,2.25,3.60,25,*,*,*,*,*,*,0,0,0
2020,Census Tract,2.0403.02,17,800.00,952.76,16,0,2.83,3.20,10.00,8.35,13,3.00,3.71,*,0,0,0,*,*,*,0,0,0
2020,Census Tract,2.0403.03,10,"1,055.00","1,238.70",10,*,3.00,3.44,8.99,8.52,10,3.96,4.44,*,0,0,0,0,0,0,0,0,0
2020,Census Tract,2.0403.04,19,600.00,"1,544.16",19,*,5.00,4.55,5.00,9.24,18,1.62,2.06,10,0,0,0,0,0,0,0,0,0
2020,Census Tract,2.0404.00,27,861.00,"1,108.81",25,0,3.00,2.56,10.00,11.69,25,4.01,4.44,*,*,*,*,0,0,0,0,0,0
2020,Census Tract,2.0405.01,20,885.50,"1,108.65",20,0,30.00,33.11,8.00,7.52,12,5.92,5.16,*,0,0,0,0,0,0,0,0,0
2020,Census Tract,2.0405.02,13,800.00,"1,604.38",*,*,*,*,*,*,*,*,*,*,*,*,*,*,*,*,0,0,0
2020,Census Tract,2.0406.00,48,"1,003.00","1,350.73",47,*,2.08,2.45,10.00,9.82,34,2.96,4.06,12,*,*,*,0,0,0,0,0,0
2020,Census Tract,2.0407.01,34,850.00,"1,000.32",29,0,4.00,4.35,1.00,2.51,*,*,*,*,0,0,0,*,*,*,0,0,0
2020,Census Tract,2.0407.02,36,742.50,"1,559.17",32,0,4.00,10.13,5.06,6.74,28,2.66,2.91,11,*,*,*,*,*,*,0,0,0
2020,Census Tract,2.0408.00,15,"1,206.00","4,573.67",15,*,1.00,1.67,10.00,11.07,13,1.41,5.07,*,0,0,0,0,0,0,0,0,0
2020,Census Tract,2.0411.00,33,908.00,"2,803.36",27,0,3.50,3.66,5.45,6.63,15,4.33,5.64,*,*,*,*,*,*,*,*,*,*
2020,Census Tract,2.0413.00,23,720.00,768.30,17,*,3.00,3.18,7.00,6.55,15,2.08,2.34,*,0,0,0,*,*,*,0,0,0
2020,Census Tract,2.0414.00,36,"1,090.00","2,895.06",26,*,2.00,2.94,3.96,7.58,11,4.84,8.35,*,*,*,*,*,*,*,0,0,0
2020,Census Tract,2.0415.00,10,"1,000.00","1,059.80",*,*,*,*,*,*,*,*,*,*,0,0,0,*,*,*,0,0,0
2020,Census Tract,2.0418.00,47,"1,400.00","2,035.19",46,*,3.00,2.52,10.00,9.37,34,2.54,3.50,14,*,*,*,0,0,0,0,0,0
2020,Census Tract,2.0419.00,33,"1,050.00","1,890.36",32,*,4.00,4.31,10.00,13.06,31,2.58,4.14,15,*,*,*,0,0,0,0,0,0
2020,Census Tract,2.0420.00,30,876.00,"2,029.60",23,0,2.50,3.18,7.92,9.40,19,3.42,4.86,*,*,*,*,*,*,*,0,0,0
2020,Census Tract,2.0421.00,54,"1,200.00","1,963.83",53,*,4.00,4.35,1.00,6.66,21,5.41,6.07,*,0,0,0,*,*,*,0,0,0
2020,Census Tract,2.0422.00,66,"1,000.00","1,570.86",59,*,3.00,3.23,5.00,7.35,42,3.88,4.29,12,*,*,*,*,*,*,0,0,0
2020,Census Tract,2.0423.00,38,739.50,"1,430.58",35,*,4.00,4.18,6.00,8.65,27,3.25,3.33,*,*,*,*,*,*,*,0,0,0
2020,Census Tract,2.0424.00,17,810.00,"1,900.59",16,0,2.38,2.47,8.46,13.46,14,4.92,5.04,*,*,*,*,0,0,0,0,0,0
2020,Census Tract,2.0425.00,71,920.00,"2,431.58",71,*,2.98,3.12,5.05,8.02,43,5.00,4.82,*,0,0,0,0,0,0,0,0,0
2020,Census Tract,2.0426.00,10,"1,562.00","1,943.10",*,*,*,*,*,*,*,*,*,*,*,*,*,0,0,0,0,0,0
2020,Census Tract,2.0429.02,29,757.00,"1,382.69",25,*,3.00,3.27,10.01,9.79,19,4.67,4.81,*,0,0,0,*,*,*,0,0,0
2020,Census Tract,2.0431.00,68,812.50,"1,931.03",62,*,3.17,4.01,8.13,8.18,42,3.29,4.52,12,*,*,*,*,*,*,0,0,0
2020,Census Tract,2.0434.00,60,655.00,"1,062.40",43,*,3.29,3.38,7.00,8.43,34,2.33,3.93,16,15,1.00,7.31,*,*,*,0,0,0
2020,Census Tract,2.0442.00,23,855.00,"1,095.65",15,0,3.46,3.90,5.25,8.08,11,2.25,2.58,*,*,*,*,*,*,*,0,0,0
2020,Census Tract,2.0449.01,12,510.00,783.33,10,*,2.13,2.41,5.50,6.20,*,*,*,*,*,*,*,0,0,0,0,0,0
2020,Census Tract,2.0449.02,28,868.50,"1,318.93",24,*,2.63,3.25,5.12,7.10,15,3.33,5.02,*,*,*,*,*,*,*,0,0,0
2020,Census Tract,2.0451.01,11,"1,200.00","1,595.45",*,*,*,*,*,*,*,*,*,*,*,*,*,0,0,0,0,0,0
2020,Census Tract,2.0451.02,14,300.00,860.00,*,0,*,*,*,*,*,*,*,*,*,*,*,0,0,0,0,0,0
2020,Census Tract,2.0462.01,212,"3,126.50","9,071.89",203,104,3.25,3.43,10.97,14.83,192,4.16,5.41,29,*,*,*,*,*,*,0,0,0
2020,Census Tract,2.0462.02,65,"2,908.00","4,398.54",51,0,2.00,2.61,7.00,10.13,42,3.08,4.68,14,*,*,*,*,*,*,0,0,0
2020,Census Tract,2.0484.00,31,"2,000.00","2,869.74",26,*,2.28,3.35,5.00,5.67,18,3.17,3.49,*,*,*,*,0,0,0,0,0,0
2020,Census Tract,2.0516.00,37,"1,875.00","3,106.78",19,*,2.00,2.61,5.25,7.36,10,8.34,9.19,*,16,1.00,7.60,*,*,*,0,0,0
2020,Census Tract,3.0000.00,50,"1,500.00","10,962.32",48,*,4.00,7.99,5.00,6.45,31,2.25,4.93,13,*,*,*,0,0,0,0,0,0
2020,Census Tract,3.0001.00,27,"1,378.00","3,386.48",17,*,4.53,4.34,10.01,15.39,16,3.25,7.86,*,*,*,*,*,*,*,0,0,0
2020,Census Tract,3.0002.00,37,"2,740.00","3,811.27",27,*,2.00,5.52,4.00,5.90,13,1.83,3.10,*,*,*,*,*,*,*,0,0,0
2020,Census Tract,3.0005.01,41,"1,125.00","1,502.98",29,*,7.25,7.09,10.00,11.77,15,3.16,3.78,*,*,*,*,11,1.48,4.36,0,0,0
2020,Census Tract,3.0005.02,59,"1,600.00","2,896.42",41,*,7.00,7.18,11.01,14.26,32,4.29,6.39,*,*,*,*,13,0.75,0.97,0,0,0
2020,Census Tract,3.0007.00,51,"1,000.00","4,241.67",42,*,5.97,6.91,5.00,7.86,23,2.92,6.06,*,*,*,*,*,*,*,0,0,0
2020,Census Tract,3.0009.00,108,"2,397.50","4,942.71",89,*,6.00,7.38,10.59,12.42,68,4.50,5.58,18,*,*,*,14,0.96,0.77,0,0,0
2020,Census Tract,3.0011.00,103,"1,566.00","3,978.38",88,*,6.08,8.10,10.00,11.84,63,4.92,6.10,14,*,*,*,11,1.00,2.40,*,*,*
2020,Census Tract,3.0013.00,16,"3,293.50","4,985.81",14,*,4.83,4.24,3.69,6.69,*,*,*,0,0,0,0,*,*,*,0,0,0
2020,Census Tract,3.0015.00,64,"3,274.00","16,169.88",47,*,4.00,5.15,8.13,9.98,29,6.50,6.58,*,10,1.00,13.01,*,*,*,0,0,0
2020,Census Tract,3.0018.00,162,"4,256.00","9,101.42",121,0,2.00,2.98,1.00,2.35,12,6.67,7.74,*,*,*,*,35,1.00,1.03,0,0,0
2020,Census Tract,3.0020.00,33,"2,100.00","3,706.73",28,*,3.00,8.93,2.00,3.31,16,1.00,2.03,11,*,*,*,*,*,*,0,0,0
2020,Census Tract,3.0021.00,145,"2,069.00","3,382.70",121,43,4.42,5.09,10.00,9.24,85,5.92,5.68,25,*,*,*,22,0.97,0.78,0,0,0
2020,Census Tract,3.0022.00,41,"1,800.00","2,163.80",32,*,2.00,2.97,5.01,6.69,22,3.17,4.97,*,*,*,*,*,*,*,0,0,0
2020,Census Tract,3.0033.00,82,"1,766.00","5,523.80",57,0,5.00,6.54,10.01,9.60,43,7.00,6.74,*,*,*,*,21,3.00,1.99,0,0,0
2020,Census Tract,3.0034.00,12,850.00,987.67,*,0,*,*,*,*,*,*,*,*,*,*,*,*,*,*,0,0,0
2020,Census Tract,3.0035.00,56,"2,034.00","11,389.46",52,*,5.75,6.89,14.32,13.62,46,3.12,4.06,17,*,*,*,*,*,*,0,0,0
2020,Census Tract,3.0037.00,141,"2,500.00","6,637.55",109,*,6.00,7.56,10.34,13.93,95,5.32,7.49,24,*,*,*,31,1.00,1.85,0,0,0
2020,Census Tract,3.0039.00,32,"1,651.00","3,525.97",25,*,4.00,5.24,1.00,6.15,*,*,*,*,0,0,0,*,*,*,0,0,0
2020,Census Tract,3.0041.00,42,878.00,"1,528.24",37,*,4.79,4.98,6.01,8.65,26,3.67,3.81,*,*,*,*,*,*,*,0,0,0
2020,Census Tract,3.0043.00,68,"1,500.00","2,757.78",55,*,6.00,6.61,10.01,11.60,42,4.67,5.27,*,*,*,*,*,*,*,0,0,0
2020,Census Tract,3.0045.00,45,"1,000.00","2,076.13",39,*,5.00,5.84,6.00,7.57,26,2.92,3.27,*,*,*,*,*,*,*,0,0,0
2020,Census Tract,3.0051.00,21,"2,200.00","3,038.43",16,*,2.00,4.97,4.42,7.87,10,2.33,3.66,*,*,*,*,*,*,*,0,0,0
2020,Census Tract,3.0053.00,54,"2,128.00","15,091.65",45,*,3.00,5.66,6.00,8.31,29,2.09,3.72,11,*,*,*,*,*,*,0,0,0
2020,Census Tract,3.0054.00,13,800.00,"2,109.23",11,*,4.00,8.45,3.38,7.95,*,*,*,*,*,*,*,*,*,*,0,0,0
2020,Census Tract,3.0056.01,13,"1,800.00","2,154.08",*,0,*,*,*,*,*,*,*,*,*,*,*,0,0,0,0,0,0
2020,Census Tract,3.0056.02,23,"1,250.00","1,903.65",22,0,41.50,32.00,1.00,4.05,*,*,*,*,0,0,0,*,*,*,0,0,0
2020,Census Tract,3.0058.00,65,"1,900.00","3,433.60",50,*,3.95,12.18,1.00,6.38,19,3.92,6.36,*,11,1.00,9.56,*,*,*,0,0,0
2020,Census Tract,3.0059.00,29,"2,818.00","4,728.41",22,*,2.00,3.84,1.00,1.89,*,*,*,*,*,*,*,*,*,*,0,0,0
2020,Census Tract,3.0060.00,48,"1,000.00","1,188.79",44,0,4.50,10.40,7.00,7.02,30,3.71,5.17,*,*,*,*,0,0,0,0,0,0
2020,Census Tract,3.0062.00,39,875.00,"1,124.69",34,0,5.00,19.21,1.00,3.95,13,4.16,4.31,*,*,*,*,*,*,*,0,0,0
2020,Census Tract,3.0063.00,10,"1,100.00","1,817.50",*,*,*,*,*,*,*,*,*,*,*,*,*,*,*,*,0,0,0
2020,Census Tract,3.0064.00,34,600.00,"1,255.24",27,*,5.00,7.96,6.25,9.61,14,4.01,3.17,*,*,*,*,*,*,*,0,0,0
2020,Census Tract,3.0065.00,23,"1,300.00","1,888.00",21,*,4.53,6.30,3.21,4.98,11,2.24,2.82,*,*,*,*,0,0,0,0,0,0
2020,Census Tract,3.0066.00,43,"1,000.00","1,528.95",34,*,4.00,3.67,7.63,8.25,22,4.13,4.41,*,*,*,*,*,*,*,*,*,*
2020,Census Tract,3.0067.00,28,"1,219.00","2,112.04",22,*,4.76,5.42,10.34,10.50,16,3.96,5.22,*,*,*,*,*,*,*,*,*,*
2020,Census Tract,3.0068.00,46,"1,090.00","2,118.33",36,*,3.00,5.71,4.00,7.82,20,3.12,3.54,*,*,*,*,*,*,*,*,*,*
2020,Census Tract,3.0069.00,43,"1,300.00","2,462.12",33,*,5.50,6.30,5.00,7.36,19,6.33,6.38,*,*,*,*,*,*,*,0,0,0
2020,Census Tract,3.0071.00,17,"2,500.00","3,302.71",13,0,2.00,2.06,5.00,5.27,11,2.28,3.09,*,*,*,*,*,*,*,0,0,0
2020,Census Tract,3.0074.00,45,825.00,"1,220.44",41,*,4.00,5.26,5.00,6.46,24,3.00,4.70,10,*,*,*,*,*,*,0,0,0
2020,Census Tract,3.0075.00,25,"1,000.00","2,203.00",17,*,5.00,5.60,10.01,10.14,12,4.42,5.00,*,*,*,*,*,*,*,0,0,0
2020,Census Tract,3.0076.00,39,"1,000.00","1,734.28",29,0,4.00,5.02,5.00,10.40,17,3.87,6.25,*,*,*,*,*,*,*,0,0,0
2020,Census Tract,3.0077.00,41,"1,000.00","2,098.24",31,*,3.61,4.24,1.50,6.35,14,5.04,4.54,*,*,*,*,*,*,*,0,0,0
2020,Census Tract,3.0078.00,50,"1,340.00","2,346.76",40,*,4.00,5.70,6.92,8.23,25,2.50,3.62,*,*,*,*,*,*,*,0,0,0
2020,Census Tract,3.0080.00,29,900.00,"1,189.79",22,0,5.00,5.02,10.00,7.02,15,4.50,4.40,*,*,*,*,*,*,*,0,0,0
2020,Census Tract,3.0082.00,21,900.00,"1,912.00",16,0,3.83,3.35,1.00,4.29,*,*,*,0,*,*,*,*,*,*,0,0,0
2020,Census Tract,3.0084.00,66,"1,375.00","3,278.02",54,0,2.50,3.66,5.00,7.65,34,2.28,3.63,18,*,*,*,*,*,*,0,0,0
2020,Census Tract,3.0088.00,15,531.00,732.20,15,0,5.00,5.68,7.05,8.19,15,2.08,2.88,*,0,0,0,0,0,0,0,0,0
2020,Census Tract,3.0090.00,40,"2,145.50","2,759.80",33,*,2.00,3.80,3.00,4.41,17,2.00,2.82,10,*,*,*,*,*,*,0,0,0
2020,Census Tract,3.0092.00,30,"1,400.00","1,658.27",14,0,3.00,2.86,3.38,4.26,*,*,*,*,*,*,*,14,1.00,1.00,*,*,*
2020,Census Tract,3.0094.00,20,777.50,863.70,19,0,4.42,6.05,5.00,6.77,12,1.12,1.87,*,0,0,0,*,*,*,0,0,0
2020,Census Tract,3.0096.00,33,811.00,854.15,30,0,4.00,5.57,7.98,7.66,24,3.29,3.98,*,*,*,*,*,*,*,0,0,0
2020,Census Tract,3.0285.01,15,"1,669.00","2,065.60",*,*,*,*,*,*,*,*,*,0,*,*,*,*,*,*,*,*,*
2020,Census Tract,3.0098.00,41,"1,514.00","1,882.46",30,0,3.00,4.05,5.00,5.26,17,3.50,3.94,*,*,*,*,*,*,*,0,0,0
2020,Census Tract,3.0100.00,36,948.50,"1,025.14",30,*,4.64,5.10,4.00,4.84,18,2.37,2.60,*,*,*,*,*,*,*,0,0,0
2020,Census Tract,3.0101.00,74,"3,125.00","4,531.73",51,*,2.25,5.00,2.00,4.26,21,3.25,4.83,*,18,1.00,3.07,*,*,*,0,0,0
2020,Census Tract,3.0102.00,30,990.00,"1,301.10",26,*,4.08,4.84,1.00,3.40,11,2.75,3.29,*,*,*,*,*,*,*,0,0,0
2020,Census Tract,3.0104.00,95,"1,200.00","1,413.43",77,*,4.00,5.48,1.00,3.57,30,2.54,3.17,13,*,*,*,13,0.99,1.00,*,*,*
2020,Census Tract,3.0106.00,65,"1,400.00","1,565.29",53,*,4.00,4.88,1.25,4.51,21,3.00,4.12,*,*,*,*,*,*,*,*,*,*
2020,Census Tract,3.0108.00,47,880.00,"1,283.77",42,*,4.92,5.50,1.00,3.45,16,3.83,4.26,*,*,*,*,*,*,*,0,0,0
2020,Census Tract,3.0110.00,19,"1,900.00","1,709.05",13,*,2.00,3.12,4.00,4.01,*,*,*,*,*,*,*,*,*,*,*,*,*
2020,Census Tract,3.0112.00,18,"1,050.00","1,369.56",14,0,3.71,5.70,10.01,10.61,13,2.25,3.27,*,*,*,*,*,*,*,0,0,0
2020,Census Tract,3.0114.00,16,"1,200.00","1,583.94",15,*,3.08,3.46,5.08,9.58,*,*,*,*,*,*,*,0,0,0,0,0,0
2020,Census Tract,3.0116.00,20,"1,200.00","1,668.15",15,0,3.00,4.13,2.00,3.72,*,*,*,*,0,0,0,*,*,*,0,0,0
2020,Census Tract,3.0117.00,55,"2,818.00","3,939.87",42,*,2.00,4.23,5.00,6.83,30,1.83,2.78,15,*,*,*,*,*,*,*,*,*
2020,Census Tract,3.0118.00,68,"3,000.00","5,240.37",59,*,2.50,2.96,10.00,8.06,36,4.08,4.82,*,*,*,*,*,*,*,0,0,0
2020,Census Tract,3.0119.00,75,"2,375.00","7,144.37",67,*,2.00,3.13,1.00,4.75,30,2.67,4.10,11,*,*,*,*,*,*,0,0,0
2020,Census Tract,3.0120.00,78,"4,144.00","5,933.51",53,*,2.85,5.19,5.00,6.11,35,2.50,3.89,15,20,2.00,9.02,*,*,*,0,0,0
2020,Census Tract,3.0121.00,33,"2,265.00","3,138.76",28,*,3.02,4.84,6.00,8.35,19,2.16,3.72,*,*,*,*,*,*,*,0,0,0
2020,Census Tract,3.0122.00,35,850.00,"1,411.83",29,*,3.00,3.39,4.00,6.04,18,1.95,2.74,*,*,*,*,*,*,*,0,0,0
2020,Census Tract,3.0126.00,14,"1,228.00","4,083.64",12,0,4.50,13.22,10.01,10.67,*,*,*,*,*,*,*,0,0,0,0,0,0
2020,Census Tract,3.0127.00,32,"1,122.00","3,507.81",29,0,4.25,8.56,10.01,9.03,20,1.42,3.61,10,*,*,*,0,0,0,0,0,0
2020,Census Tract,3.0129.01,30,"1,000.00","2,788.87",20,*,4.58,5.12,4.92,5.70,15,4.50,4.63,*,*,*,*,*,*,*,0,0,0
2020,Census Tract,3.0129.02,27,"1,040.00","2,358.81",21,*,5.08,5.89,6.00,6.75,16,3.84,4.21,*,*,*,*,*,*,*,0,0,0
2020,Census Tract,3.0130.00,47,829.00,"1,645.57",39,*,3.00,5.02,6.50,6.65,27,4.00,3.56,10,*,*,*,*,*,*,0,0,0
2020,Census Tract,3.0131.00,42,800.00,"1,027.98",34,*,5.54,5.84,7.00,7.01,23,4.50,3.79,*,*,*,*,*,*,*,*,*,*
2020,Census Tract,3.0132.00,16,580.00,"1,334.69",13,*,3.00,2.85,2.67,3.93,*,*,*,*,*,*,*,*,*,*,0,0,0
2020,Census Tract,3.0133.00,55,"1,300.00","1,846.75",46,*,4.00,5.00,8.88,9.34,33,4.01,5.30,*,0,0,0,*,*,*,*,*,*
2020,Census Tract,3.0134.00,23,"1,600.00","2,441.04",14,0,3.00,9.86,10.00,8.79,10,3.71,3.78,*,*,*,*,*,*,*,0,0,0
2020,Census Tract,3.0135.00,36,745.00,"1,187.72",32,*,4.88,4.93,2.00,4.66,17,2.00,2.84,11,*,*,*,*,*,*,0,0,0
2020,Census Tract,3.0136.00,37,850.00,979.19,28,*,4.00,10.72,5.00,8.48,18,3.42,3.80,*,*,*,*,*,*,*,0,0,0
2020,Census Tract,3.0137.00,48,"1,050.00","2,656.65",37,*,5.00,4.72,5.00,7.53,15,3.84,4.61,*,*,*,*,*,*,*,0,0,0
2020,Census Tract,3.0138.00,59,"1,200.00","2,165.03",51,*,5.00,9.99,6.00,8.46,29,1.67,3.63,13,*,*,*,*,*,*,0,0,0
2020,Census Tract,3.0139.00,55,"1,300.00","2,561.49",46,0,4.00,4.60,2.50,6.07,23,3.00,4.72,*,*,*,*,*,*,*,0,0,0
2020,Census Tract,3.0140.00,14,800.00,"1,044.64",*,0,*,*,*,*,*,*,*,*,*,*,*,*,*,*,0,0,0
2020,Census Tract,3.0141.00,43,"1,850.00","2,864.16",38,*,4.00,4.12,9.50,9.68,29,3.44,4.23,*,*,*,*,*,*,*,0,0,0
2020,Census Tract,3.0142.00,28,975.00,"2,231.75",19,*,4.00,8.97,2.00,7.22,10,2.25,3.24,*,*,*,*,*,*,*,0,0,0
2020,Census Tract,3.0143.00,31,"1,500.00","1,667.32",22,*,3.40,5.31,6.46,7.28,15,1.41,3.14,*,*,*,*,*,*,*,0,0,0
2020,Census Tract,3.0145.00,37,"1,000.00","1,433.57",32,*,4.00,5.65,5.00,5.97,22,3.92,4.24,*,*,*,*,*,*,*,0,0,0
2020,Census Tract,3.0149.00,40,800.00,827.30,34,0,4.83,4.67,5.00,8.38,24,1.71,3.32,10,*,*,*,*,*,*,0,0,0
2020,Census Tract,3.0151.00,32,764.00,"1,186.38",28,*,4.00,4.24,7.50,8.06,18,3.25,4.20,*,*,*,*,*,*,*,0,0,0
2020,Census Tract,3.0153.00,23,"1,360.00","2,470.26",20,*,5.00,6.04,10.00,9.99,15,2.33,3.49,*,*,*,*,*,*,*,0,0,0
2020,Census Tract,3.0155.00,18,"1,162.50","1,306.11",11,*,5.00,6.48,10.00,13.82,10,5.34,9.35,*,*,*,*,*,*,*,0,0,0
2020,Census Tract,3.0157.00,71,900.00,"1,488.89",59,*,5.85,6.34,5.00,6.88,41,3.00,4.14,15,*,*,*,*,*,*,0,0,0
2020,Census Tract,3.0159.00,50,"1,000.00","1,446.10",44,*,5.00,5.70,8.23,6.98,29,4.16,4.29,*,*,*,*,*,*,*,*,*,*
2020,Census Tract,3.0160.00,77,"1,500.00","3,111.10",66,*,5.00,13.71,3.99,6.66,33,2.67,4.96,12,0,0,0,11,1.00,1.70,*,*,*
2020,Census Tract,3.0161.00,34,"1,180.00","2,681.41",26,0,5.46,5.55,12.48,15.33,21,4.84,5.00,*,*,*,*,*,*,*,0,0,0
2020,Census Tract,3.0162.00,12,"1,406.00","1,971.00",10,0,8.50,17.80,10.00,7.59,*,*,*,0,*,*,*,*,*,*,0,0,0
2020,Census Tract,3.0163.00,22,"1,600.00","3,152.00",19,*,6.67,11.25,9.00,7.60,16,3.96,4.60,*,*,*,*,*,*,*,0,0,0
2020,Census Tract,3.0167.00,10,"2,300.00","5,718.30",*,0,*,*,*,*,*,*,*,0,0,0,0,*,*,*,*,*,*
2020,Census Tract,3.0169.00,32,700.00,893.56,29,*,5.00,5.08,6.05,7.89,15,4.09,3.92,*,0,0,0,*,*,*,0,0,0
2020,Census Tract,3.0171.00,10,900.00,"2,290.80",10,0,3.56,3.77,10.01,8.31,*,*,*,0,0,0,0,0,0,0,0,0,0
2020,Census Tract,3.0172.00,12,"2,583.00","4,285.25",10,*,3.00,3.09,4.19,9.93,*,*,*,*,*,*,*,0,0,0,0,0,0
2020,Census Tract,3.0176.00,10,"1,432.50","1,906.50",*,*,*,*,*,*,*,*,*,*,0,0,0,*,*,*,0,0,0
2020,Census Tract,3.0178.00,24,"3,500.00","4,255.92",19,0,4.00,10.65,5.00,6.33,*,*,*,*,*,*,*,*,*,*,0,0,0
2020,Census Tract,3.0180.00,13,"1,440.00","3,231.38",11,0,3.50,7.77,10.00,10.03,*,*,*,*,*,*,*,0,0,0,0,0,0
2020,Census Tract,3.0181.00,27,950.00,"1,139.30",22,*,6.00,6.50,6.08,6.85,18,4.62,4.59,*,*,*,*,*,*,*,0,0,0
2020,Census Tract,3.0183.00,19,"1,100.00","1,431.95",16,*,3.50,9.12,10.00,9.62,13,5.00,6.03,*,*,*,*,*,*,*,0,0,0
2020,Census Tract,3.0187.00,10,"1,552.00","3,307.50",*,*,*,*,*,*,*,*,*,*,0,0,0,*,*,*,0,0,0
2020,Census Tract,3.0190.00,28,"1,700.00","2,562.29",19,*,3.00,3.94,1.00,4.66,*,*,*,*,*,*,*,*,*,*,0,0,0
2020,Census Tract,3.0191.00,36,"1,800.00","2,908.83",32,*,3.00,3.59,5.00,6.98,22,3.92,4.98,*,*,*,*,*,*,*,0,0,0
2020,Census Tract,3.0192.00,23,"1,800.00","4,808.61",15,*,2.08,6.38,3.00,7.41,*,*,*,*,*,*,*,*,*,*,0,0,0
2020,Census Tract,3.0193.00,29,"1,500.00","2,624.38",27,0,3.00,3.34,9.09,8.64,15,3.25,4.27,*,0,0,0,*,*,*,*,*,*
2020,Census Tract,3.0194.00,20,"1,355.00","2,047.50",17,*,3.00,3.51,1.00,5.25,*,*,*,*,*,*,*,*,*,*,0,0,0
2020,Census Tract,3.0195.00,20,"1,300.00","1,872.75",16,0,4.00,7.25,9.98,17.54,11,4.33,11.38,*,*,*,*,*,*,*,0,0,0
2020,Census Tract,3.0196.00,33,900.00,"1,856.91",25,*,3.00,7.52,6.00,6.87,14,2.54,3.02,*,*,*,*,*,*,*,0,0,0
2020,Census Tract,3.0198.00,16,"1,800.00","2,772.81",11,0,1.90,5.30,1.00,3.58,*,*,*,*,*,*,*,*,*,*,0,0,0
2020,Census Tract,3.0199.00,38,"1,528.00","5,927.55",23,*,4.00,4.64,10.39,12.07,23,8.33,7.54,*,*,*,*,13,1.00,1.01,0,0,0
2020,Census Tract,3.0200.00,24,"1,450.00","2,049.29",19,*,3.00,7.99,1.00,3.59,*,*,*,*,*,*,*,*,*,*,0,0,0
2020,Census Tract,3.0201.00,24,"1,050.00","1,777.38",22,*,6.08,5.99,1.00,4.69,*,*,*,*,*,*,*,*,*,*,0,0,0
2020,Census Tract,3.0203.00,11,"1,200.00","1,302.36",*,0,*,*,*,*,*,*,*,*,0,0,0,*,*,*,0,0,0
2020,Census Tract,3.0205.00,18,700.00,"1,044.00",14,*,7.50,15.85,9.96,9.19,12,6.00,5.65,*,*,*,*,*,*,*,0,0,0
2020,Census Tract,3.0206.00,11,900.00,"1,095.27",*,0,*,*,*,*,*,*,*,*,*,*,*,*,*,*,0,0,0
2020,Census Tract,3.0210.00,20,850.00,"1,072.00",14,0,3.44,8.76,5.50,5.68,10,4.04,3.81,*,*,*,*,*,*,*,0,0,0
2020,Census Tract,3.0211.00,18,"1,200.00","2,370.89",16,*,2.31,3.30,2.00,4.12,*,*,*,*,*,*,*,*,*,*,0,0,0
2020,Census Tract,3.0212.00,26,987.50,"1,670.58",21,0,3.04,5.29,3.00,5.68,10,3.17,3.12,*,*,*,*,*,*,*,0,0,0
2020,Census Tract,3.0213.00,21,893.00,"1,184.10",20,*,4.50,6.67,10.00,10.36,20,4.42,4.57,*,0,0,0,*,*,*,0,0,0
2020,Census Tract,3.0214.00,16,"2,280.00","2,908.13",12,0,1.00,1.63,2.54,4.54,*,*,*,*,*,*,*,*,*,*,0,0,0
2020,Census Tract,3.0216.00,10,775.00,"1,478.00",*,*,*,*,*,*,*,*,*,0,*,*,*,*,*,*,0,0,0
2020,Census Tract,3.0217.00,37,750.00,"1,038.54",31,*,6.00,12.48,5.33,6.75,17,4.75,5.07,*,*,*,*,*,*,*,0,0,0
2020,Census Tract,3.0218.00,21,"1,625.00","2,389.67",15,0,2.00,2.26,1.00,5.55,*,*,*,*,*,*,*,*,*,*,0,0,0
2020,Census Tract,3.0219.00,38,"1,000.00","1,580.00",25,*,6.00,9.82,6.00,6.73,15,2.84,3.71,*,*,*,*,11,1.00,6.91,*,*,*
2020,Census Tract,3.0220.00,67,950.00,"1,354.87",54,*,3.00,3.35,6.50,8.39,41,2.58,3.16,18,10,3.08,4.56,*,*,*,0,0,0
2020,Census Tract,3.0222.00,51,"1,350.00","2,163.12",41,*,4.00,5.13,9.83,9.77,32,4.33,4.66,*,*,*,*,*,*,*,0,0,0
2020,Census Tract,3.0224.00,16,"2,196.50","2,280.06",16,0,3.00,3.41,10.01,9.95,13,2.50,3.98,*,0,0,0,0,0,0,0,0,0
2020,Census Tract,3.0226.00,26,"1,573.00","3,036.31",22,*,2.00,3.17,5.50,6.41,13,1.58,2.68,*,*,*,*,0,0,0,0,0,0
2020,Census Tract,3.0227.00,52,"1,100.00","2,578.67",39,*,3.00,3.21,5.00,8.11,27,2.00,3.47,13,0,0,0,13,1.00,1.44,0,0,0
2020,Census Tract,3.0228.00,18,"1,579.50","2,726.61",14,0,2.00,6.07,2.98,8.22,*,*,*,*,*,*,*,0,0,0,0,0,0
2020,Census Tract,3.0229.00,12,"1,200.00","1,858.00",11,*,2.00,2.77,1.00,2.32,*,*,*,*,*,*,*,0,0,0,0,0,0
2020,Census Tract,3.0230.00,25,950.00,"1,495.64",22,0,2.00,3.16,3.17,5.15,14,2.33,3.58,*,*,*,*,*,*,*,0,0,0
2020,Census Tract,3.0232.00,47,"1,400.00","1,572.34",37,*,3.00,3.27,10.00,12.12,26,2.96,3.48,11,*,*,*,*,*,*,0,0,0
2020,Census Tract,3.0233.00,20,950.00,"1,634.75",17,0,3.00,3.49,9.97,7.83,13,2.33,4.08,*,0,0,0,*,*,*,0,0,0
2020,Census Tract,3.0234.00,35,"1,260.00","1,612.26",33,*,4.00,4.47,9.50,9.50,17,6.75,6.23,*,*,*,*,0,0,0,0,0,0
2020,Census Tract,3.0235.00,20,940.00,"1,027.95",18,*,3.00,4.20,10.01,8.81,13,4.00,5.17,*,0,0,0,*,*,*,0,0,0
2020,Census Tract,3.0236.00,33,850.00,"1,327.06",27,*,3.00,3.91,10.00,9.22,13,6.33,5.33,*,*,*,*,0,0,0,0,0,0
2020,Census Tract,3.0238.00,14,"1,268.50","1,417.86",12,0,3.50,4.25,10.01,11.12,*,*,*,*,*,*,*,0,0,0,0,0,0
2020,Census Tract,3.0240.00,14,800.00,962.14,*,0,*,*,*,*,0,0,0,0,*,*,*,*,*,*,0,0,0
2020,Census Tract,3.0241.00,15,"1,000.00","9,003.67",10,0,4.00,4.90,11.01,13.96,10,5.75,6.70,*,*,*,*,*,*,*,0,0,0
2020,Census Tract,3.0243.00,17,"1,125.00",874.41,15,*,4.00,4.73,5.00,5.26,*,*,*,*,0,0,0,*,*,*,0,0,0
2020,Census Tract,3.0244.00,15,400.00,728.27,15,*,3.00,3.85,1.00,2.20,*,*,*,*,0,0,0,0,0,0,0,0,0
2020,Census Tract,3.0245.00,36,"1,181.00","2,159.72",26,0,3.00,3.71,9.95,9.31,22,5.54,7.44,*,*,*,*,*,*,*,*,*,*
2020,Census Tract,3.0247.00,62,"2,450.00","3,874.84",54,*,3.92,3.89,10.00,9.72,38,4.00,4.92,11,*,*,*,*,*,*,0,0,0
2020,Census Tract,3.0248.00,34,"1,800.00","3,353.94",23,*,3.00,6.43,5.00,7.01,13,4.58,8.41,*,10,1.00,2.33,*,*,*,0,0,0
2020,Census Tract,3.0249.00,25,660.00,792.00,15,*,4.00,4.06,1.00,5.03,*,*,*,0,*,*,*,*,*,*,0,0,0
2020,Census Tract,3.0250.00,16,"2,000.00","3,042.50",*,*,*,*,*,*,*,*,*,*,*,*,*,*,*,*,0,0,0
2020,Census Tract,3.0251.00,10,"1,452.00","1,150.40",*,0,*,*,*,*,*,*,*,*,0,0,0,*,*,*,0,0,0
2020,Census Tract,3.0252.00,45,"2,000.00","3,273.82",35,*,5.00,11.87,1.00,7.82,12,4.00,6.41,*,*,*,*,*,*,*,0,0,0
2020,Census Tract,3.0253.00,12,"1,135.00","2,228.83",11,0,3.00,3.57,10.01,9.88,11,5.25,5.01,*,0,0,0,*,*,*,0,0,0
2020,Census Tract,3.0254.00,14,"1,450.00","2,064.29",14,*,2.31,4.67,2.50,6.50,*,*,*,*,0,0,0,0,0,0,0,0,0
2020,Census Tract,3.0256.00,21,"1,100.00","1,903.76",17,0,3.53,3.94,1.00,3.52,*,*,*,*,*,*,*,*,*,*,0,0,0
2020,Census Tract,3.0257.00,20,"1,200.00","2,646.55",14,*,2.25,2.64,8.21,7.35,*,*,*,*,*,*,*,*,*,*,*,*,*
2020,Census Tract,3.0258.00,25,875.00,"1,460.88",23,0,2.50,4.31,7.00,8.66,21,3.76,4.66,*,*,*,*,*,*,*,0,0,0
2020,Census Tract,3.0259.01,20,"1,157.50","1,155.00",17,0,2.00,2.15,3.00,3.72,13,0.83,1.71,*,*,*,*,*,*,*,0,0,0
2020,Census Tract,3.0260.00,27,"1,600.00","2,437.70",24,0,3.13,7.65,5.21,5.96,16,1.33,2.42,*,*,*,*,*,*,*,0,0,0
2020,Census Tract,3.0261.00,14,650.00,"1,534.36",*,0,*,*,*,*,*,*,*,*,*,*,*,*,*,*,0,0,0
2020,Census Tract,3.0264.00,33,"1,000.00","1,603.36",30,*,2.30,4.73,4.50,5.23,20,1.96,3.28,*,*,*,*,*,*,*,0,0,0
2020,Census Tract,3.0265.00,15,600.00,904.00,14,*,4.00,4.33,9.98,8.60,12,4.00,3.87,*,0,0,0,*,*,*,0,0,0
2020,Census Tract,3.0266.00,22,"1,100.00","1,521.91",16,*,2.25,4.09,5.00,4.95,*,*,*,*,*,*,*,*,*,*,0,0,0
2020,Census Tract,3.0268.00,16,700.00,825.56,11,*,3.24,9.93,4.96,4.13,*,*,*,*,0,0,0,*,*,*,0,0,0
2020,Census Tract,3.0269.00,22,855.00,970.00,18,0,4.00,4.22,4.98,5.79,13,4.58,4.91,*,*,*,*,*,*,*,0,0,0
2020,Census Tract,3.0271.00,26,"1,050.00","1,909.19",20,*,2.00,2.94,7.53,9.31,18,2.58,5.41,*,*,*,*,*,*,*,*,*,*
2020,Census Tract,3.0272.00,18,850.00,"1,120.00",16,*,1.00,1.63,1.00,2.42,*,*,*,*,0,0,0,*,*,*,0,0,0
2020,Census Tract,3.0273.00,24,"1,500.00","2,055.46",19,*,2.00,2.42,4.00,7.20,10,3.79,5.35,*,*,*,*,*,*,*,0,0,0
2020,Census Tract,3.0274.00,17,"1,200.00","1,389.53",13,*,5.50,12.78,3.00,4.22,*,*,*,*,*,*,*,*,*,*,0,0,0
2020,Census Tract,3.0275.00,29,597.00,666.66,23,*,4.00,4.35,5.00,6.10,21,2.83,3.04,*,*,*,*,*,*,*,0,0,0
2020,Census Tract,3.0276.00,38,"1,060.50","2,138.68",33,*,3.00,10.80,1.00,4.27,10,2.81,3.83,*,*,*,*,*,*,*,0,0,0
2020,Census Tract,3.0277.00,16,"1,637.50","3,779.44",12,0,2.00,2.05,8.88,7.94,10,2.33,3.39,*,*,*,*,*,*,*,0,0,0
2020,Census Tract,3.0278.00,43,"1,000.00","2,117.84",38,*,3.05,3.68,5.50,7.16,23,2.30,4.63,15,*,*,*,*,*,*,0,0,0
2020,Census Tract,3.0279.00,13,"1,000.00","1,571.46",10,*,2.00,1.90,1.00,6.83,*,*,*,*,*,*,*,*,*,*,0,0,0
2020,Census Tract,3.0280.00,17,"1,100.00","2,370.88",14,0,2.00,11.14,1.25,5.33,*,*,*,*,*,*,*,*,*,*,0,0,0
2020,Census Tract,3.0281.00,35,"1,000.00","2,006.03",29,*,2.00,2.45,5.08,8.01,20,4.21,5.48,*,*,*,*,*,*,*,0,0,0
2020,Census Tract,3.0282.00,14,835.00,777.00,13,*,10.00,19.83,3.00,3.99,*,*,*,*,*,*,*,0,0,0,0,0,0
2020,Census Tract,3.0283.00,20,875.00,"1,456.45",17,0,2.67,2.88,5.00,5.57,12,1.58,2.08,*,0,0,0,*,*,*,0,0,0
2020,Census Tract,3.0284.00,40,980.00,"1,494.00",35,*,3.83,7.99,10.00,9.34,25,5.33,5.91,*,*,*,*,*,*,*,0,0,0
2020,Census Tract,3.0286.00,15,"1,462.00","2,466.93",14,0,3.72,3.92,10.13,11.22,12,2.94,4.06,*,0,0,0,*,*,*,0,0,0
2020,Census Tract,3.0287.00,13,"1,440.00","1,555.69",13,0,3.00,3.07,5.00,7.38,10,4.87,6.61,*,0,0,0,0,0,0,0,0,0
2020,Census Tract,3.0288.00,54,"1,500.00","2,148.26",46,*,4.00,3.71,1.00,4.96,18,3.46,4.56,*,*,*,*,*,*,*,0,0,0
2020,Census Tract,3.0289.00,22,"1,250.00","2,054.36",19,*,2.00,2.45,3.00,5.26,11,2.67,4.53,*,*,*,*,*,*,*,0,0,0
2020,Census Tract,3.0290.00,44,"2,000.00","2,467.34",38,0,5.00,6.11,2.37,8.86,19,4.42,4.94,*,*,*,*,*,*,*,0,0,0
2020,Census Tract,3.0292.00,26,"1,000.00","1,581.00",25,0,3.00,10.24,6.00,6.45,23,2.67,3.17,*,*,*,*,0,0,0,0,0,0
2020,Census Tract,3.0294.00,17,"2,000.00","17,981.76",14,0,9.50,7.57,8.46,8.73,14,4.25,5.79,*,*,*,*,*,*,*,0,0,0
2020,Census Tract,3.0295.00,14,750.00,887.00,14,0,3.00,2.96,4.58,4.44,*,*,*,*,0,0,0,0,0,0,0,0,0
2020,Census Tract,3.0296.00,46,"1,000.00","1,490.15",38,*,3.03,4.56,3.29,5.46,25,1.50,2.40,15,*,*,*,*,*,*,0,0,0
2020,Census Tract,3.0298.00,25,"1,225.00","2,725.04",22,*,4.00,3.91,6.50,8.20,15,4.25,5.70,*,*,*,*,*,*,*,0,0,0
2020,Census Tract,3.0300.00,37,"1,200.00","2,675.95",32,*,3.00,5.66,1.00,6.37,14,4.96,4.21,*,*,*,*,*,*,*,0,0,0
2020,Census Tract,3.0301.00,15,"2,000.00","3,415.87",15,0,3.17,4.66,13.01,13.13,15,2.08,2.86,*,0,0,0,0,0,0,0,0,0
2020,Census Tract,3.0303.00,18,"4,250.00","7,433.33",13,0,2.00,2.40,11.26,11.65,12,2.92,4.60,*,*,*,*,*,*,*,0,0,0
2020,Census Tract,3.0305.00,30,"2,223.00","5,220.37",20,0,2.75,5.45,10.01,12.53,16,4.23,7.17,*,*,*,*,*,*,*,0,0,0
2020,Census Tract,3.0309.00,18,"2,800.00","3,887.78",16,0,3.50,3.81,10.53,12.89,14,3.71,6.41,*,*,*,*,0,0,0,0,0,0
2020,Census Tract,3.0311.00,11,"2,143.00","4,472.00",*,*,*,*,*,*,*,*,*,0,*,*,*,0,0,0,0,0,0
2020,Census Tract,3.0314.00,13,"1,250.00","1,426.15",*,0,*,*,*,*,*,*,*,*,*,*,*,*,*,*,0,0,0
2020,Census Tract,3.0315.00,32,992.00,"1,145.41",29,*,2.75,2.81,5.18,7.64,20,3.33,4.14,*,*,*,*,*,*,*,0,0,0
2020,Census Tract,3.0317.01,47,600.00,984.53,41,*,3.00,3.29,5.00,7.51,28,3.47,4.16,*,*,*,*,*,*,*,*,*,*
2020,Census Tract,3.0317.02,23,600.00,861.09,23,*,5.33,15.49,8.00,7.89,19,4.64,4.71,*,0,0,0,0,0,0,0,0,0
2020,Census Tract,3.0319.00,19,"1,000.00","1,838.89",17,*,3.00,4.03,2.00,2.71,12,0.54,1.05,*,0,0,0,*,*,*,0,0,0
2020,Census Tract,3.0321.00,39,"1,000.00","1,827.18",32,*,3.00,4.64,5.02,6.20,28,2.75,3.23,11,*,*,*,*,*,*,*,*,*
2020,Census Tract,3.0323.00,28,"1,391.00","2,623.46",23,*,3.00,7.44,6.01,9.15,15,1.00,4.77,*,*,*,*,*,*,*,0,0,0
2020,Census Tract,3.0325.00,24,742.50,777.08,17,0,4.00,4.86,9.59,9.61,13,7.75,5.52,*,0,0,0,*,*,*,0,0,0
2020,Census Tract,3.0326.00,32,"1,050.00","2,530.56",25,0,2.10,3.92,2.00,4.99,12,3.58,3.93,*,*,*,*,*,*,*,0,0,0
2020,Census Tract,3.0327.00,35,"1,239.00","3,728.49",30,*,3.00,6.35,2.00,5.11,12,3.38,4.83,*,*,*,*,*,*,*,0,0,0
2020,Census Tract,3.0328.00,13,"3,146.00","5,056.46",13,0,3.00,7.06,6.00,10.09,*,*,*,0,0,0,0,0,0,0,0,0,0
2020,Census Tract,3.0329.00,40,865.00,"1,187.55",31,0,3.96,5.16,3.41,5.03,27,1.33,2.72,16,0,0,0,*,*,*,0,0,0
2020,Census Tract,3.0331.00,27,750.00,"1,865.81",27,0,2.08,2.56,3.00,6.50,21,1.50,2.47,12,0,0,0,0,0,0,0,0,0
2020,Census Tract,3.0333.00,17,840.00,"1,203.65",16,0,4.00,4.33,2.37,4.64,*,*,*,*,*,*,*,0,0,0,0,0,0
2020,Census Tract,3.0339.00,25,670.00,"1,284.32",22,0,3.00,3.14,5.00,6.34,16,2.17,3.10,*,*,*,*,*,*,*,0,0,0
2020,Census Tract,3.0342.00,22,"2,400.00","2,738.14",21,0,3.00,3.56,5.00,6.04,11,2.00,3.11,*,*,*,*,0,0,0,0,0,0
2020,Census Tract,3.0345.00,25,550.00,"1,107.24",22,0,2.83,2.79,7.00,7.99,21,3.16,3.41,*,0,0,0,*,*,*,0,0,0
2020,Census Tract,3.0348.00,55,"2,324.00","5,382.20",43,*,2.22,5.35,3.92,6.62,21,4.88,7.73,*,*,*,*,*,*,*,0,0,0
2020,Census Tract,3.0349.00,42,978.00,"1,499.02",35,*,4.00,3.77,5.08,12.32,29,3.50,3.71,10,*,*,*,*,*,*,0,0,0
2020,Census Tract,3.0350.00,22,"2,300.00","3,648.36",12,0,18.00,18.36,7.05,8.68,*,*,*,*,0,0,0,10,1.00,1.20,0,0,0
2020,Census Tract,3.0351.00,73,"1,000.00","1,882.37",56,*,3.38,6.27,5.00,7.60,40,2.25,4.09,23,*,*,*,14,1.00,1.09,*,*,*
2020,Census Tract,3.0352.00,16,"3,511.00","4,417.81",14,*,1.00,1.57,5.03,10.22,*,*,*,*,0,0,0,*,*,*,0,0,0
2020,Census Tract,3.0353.00,17,600.00,816.82,15,*,3.00,3.43,10.00,9.90,12,1.58,2.44,*,0,0,0,*,*,*,0,0,0
2020,Census Tract,3.0354.00,28,"2,014.00","5,307.25",15,0,4.62,4.26,12.26,12.24,14,11.25,10.64,*,0,0,0,13,1.00,0.93,0,0,0
2020,Census Tract,3.0355.00,45,725.00,"1,231.56",40,*,3.00,3.07,5.83,7.40,31,4.67,5.51,10,*,*,*,*,*,*,*,*,*
2020,Census Tract,3.0356.02,12,"1,312.50","2,701.08",10,0,3.50,3.80,3.00,7.15,*,*,*,0,*,*,*,0,0,0,0,0,0
2020,Census Tract,3.0359.00,14,800.00,"2,722.36",14,0,2.02,2.46,10.01,10.57,11,4.00,4.50,*,0,0,0,0,0,0,0,0,0
2020,Census Tract,3.0360.01,28,956.50,"1,834.68",25,*,6.00,8.16,3.84,5.73,*,*,*,*,*,*,*,*,*,*,0,0,0
2020,Census Tract,3.0360.02,19,"1,600.00","2,594.63",19,*,5.13,9.47,10.00,11.75,15,2.83,4.98,*,0,0,0,0,0,0,0,0,0
2020,Census Tract,3.0361.00,16,"1,277.00","2,495.31",14,0,3.00,5.31,10.01,9.40,14,1.15,2.47,*,0,0,0,*,*,*,*,*,*
2020,Census Tract,3.0362.00,92,"1,491.00","1,751.74",79,*,5.21,9.70,7.00,7.64,48,4.46,4.86,15,*,*,*,*,*,*,0,0,0
2020,Census Tract,3.0363.00,14,993.00,"3,298.57",11,*,2.33,2.66,5.08,6.86,10,4.16,4.57,*,0,0,0,*,*,*,0,0,0
2020,Census Tract,3.0364.00,22,655.00,"1,256.32",22,*,5.50,5.26,1.00,4.29,*,*,*,*,0,0,0,0,0,0,0,0,0
2020,Census Tract,3.0366.00,16,850.00,"1,406.25",15,0,6.00,7.40,1.00,2.81,*,*,*,0,0,0,0,*,*,*,0,0,0
2020,Census Tract,3.0369.00,23,"1,000.00","1,368.17",19,0,2.37,3.16,4.00,4.79,15,2.16,2.94,*,*,*,*,*,*,*,0,0,0
2020,Census Tract,3.0373.00,14,"2,500.00","3,156.71",13,0,2.00,3.76,10.01,9.47,11,5.58,4.27,*,0,0,0,*,*,*,0,0,0
2020,Census Tract,3.0374.02,20,"2,250.00","3,789.80",15,*,3.50,3.80,1.00,2.01,*,*,*,*,*,*,*,*,*,*,0,0,0
2020,Census Tract,3.0375.00,17,"1,000.00","2,923.94",12,0,2.50,2.60,6.42,12.05,10,2.69,9.46,*,*,*,*,*,*,*,0,0,0
2020,Census Tract,3.0377.00,15,600.00,675.80,12,0,2.46,3.51,1.00,3.25,*,*,*,*,*,*,*,*,*,*,0,0,0
2020,Census Tract,3.0379.00,10,820.00,"1,021.00",*,0,*,*,*,*,*,*,*,*,*,*,*,*,*,*,0,0,0
2020,Census Tract,3.0381.00,10,875.00,"1,055.30",10,0,3.00,2.79,3.93,5.65,*,*,*,*,0,0,0,0,0,0,0,0,0
2020,Census Tract,3.0383.00,12,958.50,"1,215.67",12,0,3.00,2.95,5.04,7.40,12,2.67,2.66,*,0,0,0,0,0,0,0,0,0
2020,Census Tract,3.0385.00,10,658.00,713.90,*,*,*,*,*,*,*,*,*,*,0,0,0,*,*,*,0,0,0
2020,Census Tract,3.0386.00,21,"2,300.00","2,800.19",18,*,3.29,11.20,3.00,5.96,*,*,*,*,*,*,*,0,0,0,0,0,0
2020,Census Tract,3.0387.00,20,850.00,"1,275.85",14,0,3.01,2.87,5.50,5.90,*,*,*,*,*,*,*,*,*,*,0,0,0
2020,Census Tract,3.0388.00,16,900.00,"1,353.75",12,0,2.70,2.64,1.00,5.82,*,*,*,*,*,*,*,*,*,*,0,0,0
2020,Census Tract,3.0389.00,45,"2,030.00","3,765.82",36,*,3.00,14.59,10.00,10.07,29,5.00,6.51,*,*,*,*,*,*,*,0,0,0
2020,Census Tract,3.0390.00,10,"1,675.00","1,638.20",*,0,*,*,*,*,*,*,*,*,0,0,0,*,*,*,0,0,0
2020,Census Tract,3.0391.00,18,"1,320.00","2,093.22",*,0,*,*,*,*,*,*,*,*,*,*,*,*,*,*,0,0,0
2020,Census Tract,3.0392.00,23,"1,600.00","1,900.26",20,0,2.75,6.20,4.37,5.49,*,*,*,*,*,*,*,*,*,*,0,0,0
2020,Census Tract,3.0393.00,23,"1,600.00","2,200.70",19,*,2.00,2.73,5.00,6.28,12,4.00,3.99,*,*,*,*,*,*,*,0,0,0
2020,Census Tract,3.0394.00,21,"1,250.00","1,646.95",19,*,3.00,3.90,7.00,8.29,12,4.84,4.11,*,0,0,0,*,*,*,0,0,0
2020,Census Tract,3.0395.00,22,"2,750.00","3,688.86",19,*,2.36,9.91,10.00,7.88,12,3.25,3.43,*,0,0,0,*,*,*,0,0,0
2020,Census Tract,3.0396.00,16,"1,435.00","1,919.38",12,0,4.88,12.06,7.40,7.63,*,*,*,*,*,*,*,0,0,0,0,0,0
2020,Census Tract,3.0397.00,27,"1,667.00","4,811.48",22,0,3.00,5.95,2.79,6.33,10,5.37,5.28,*,*,*,*,*,*,*,0,0,0
2020,Census Tract,3.0398.00,32,"1,318.50","2,371.16",31,*,12.00,12.67,2.00,3.89,12,2.71,2.76,*,0,0,0,*,*,*,0,0,0
2020,Census Tract,3.0400.00,32,"1,375.00","2,173.91",24,*,4.50,14.09,5.00,8.71,14,3.46,3.86,*,*,*,*,*,*,*,0,0,0
2020,Census Tract,3.0401.00,14,"1,950.00","2,539.57",11,0,3.00,2.77,12.01,12.95,11,3.08,4.75,*,0,0,0,*,*,*,0,0,0
2020,Census Tract,3.0402.00,33,"1,190.00","1,730.39",29,*,2.00,2.24,1.00,4.06,*,*,*,0,*,*,*,*,*,*,0,0,0
2020,Census Tract,3.0403.00,36,"1,333.00","1,891.00",31,0,3.00,2.79,10.01,10.56,31,4.00,3.38,10,*,*,*,*,*,*,0,0,0
2020,Census Tract,3.0404.00,17,751.00,"1,768.59",*,0,*,*,*,*,*,*,*,*,*,*,*,*,*,*,0,0,0
2020,Census Tract,3.0405.00,11,"2,000.00","3,798.91",10,*,2.77,4.19,4.48,5.41,*,*,*,*,*,*,*,0,0,0,0,0,0
2020,Census Tract,3.0408.00,18,400.00,950.67,15,0,3.00,2.91,2.00,2.94,10,1.12,1.51,*,0,0,0,*,*,*,0,0,0
2020,Census Tract,3.0412.00,36,"1,100.00","2,589.19",31,*,3.00,3.73,3.00,5.59,16,2.15,3.71,*,*,*,*,*,*,*,0,0,0
2020,Census Tract,3.0414.01,16,"1,100.00","2,125.63",13,*,4.08,13.99,8.00,10.38,*,*,*,*,*,*,*,*,*,*,0,0,0
2020,Census Tract,3.0418.00,50,"1,000.00","1,896.06",46,*,3.29,3.72,6.00,9.67,38,2.33,3.32,19,*,*,*,*,*,*,0,0,0
2020,Census Tract,3.0420.00,27,"1,168.00","2,062.07",23,0,3.00,4.14,1.00,5.17,10,2.79,3.05,*,*,*,*,*,*,*,0,0,0
2020,Census Tract,3.0421.00,10,"1,200.00","1,134.80",*,0,*,*,*,*,*,*,*,*,0,0,0,*,*,*,0,0,0
2020,Census Tract,3.0422.00,42,"1,200.00","1,945.74",33,*,3.00,3.94,4.00,7.92,17,1.83,2.57,*,*,*,*,*,*,*,0,0,0
2020,Census Tract,3.0423.00,25,900.00,"1,332.16",17,0,3.00,7.22,2.92,4.11,12,1.25,2.72,*,*,*,*,*,*,*,0,0,0
2020,Census Tract,3.0424.00,18,"1,650.50","2,320.39",16,*,2.71,4.33,5.00,6.81,10,2.67,3.67,*,*,*,*,*,*,*,0,0,0
2020,Census Tract,3.0425.00,14,"1,575.00","12,453.79",*,*,*,*,*,*,*,*,*,*,*,*,*,*,*,*,*,*,*
2020,Census Tract,3.0556.00,13,800.00,"1,750.00",*,*,*,*,*,*,*,*,*,*,*,*,*,*,*,*,0,0,0
2020,Census Tract,3.0426.00,21,800.00,"2,029.76",21,*,3.00,4.97,5.00,7.02,12,5.13,5.79,*,0,0,0,0,0,0,0,0,0
2020,Census Tract,3.0427.00,24,"1,327.00","2,105.29",22,*,3.00,3.48,9.50,10.07,16,3.25,5.33,*,0,0,0,*,*,*,0,0,0
2020,Census Tract,3.0428.00,24,"1,130.00","2,106.58",21,0,3.00,2.98,10.01,10.65,16,4.05,5.09,*,*,*,*,*,*,*,0,0,0
2020,Census Tract,3.0429.00,64,"1,400.00","1,735.11",56,0,3.25,4.79,6.49,7.62,47,2.41,3.62,23,*,*,*,*,*,*,0,0,0
2020,Census Tract,3.0430.00,22,755.00,"1,218.73",19,0,3.00,3.15,6.00,7.87,15,2.00,2.50,*,*,*,*,*,*,*,0,0,0
2020,Census Tract,3.0431.00,72,"1,714.50","3,022.54",64,*,4.00,4.56,10.01,12.01,47,4.50,6.69,12,*,*,*,*,*,*,0,0,0
2020,Census Tract,3.0432.00,32,845.00,"1,654.81",29,0,3.75,3.73,3.00,5.32,19,1.58,2.61,*,*,*,*,*,*,*,0,0,0
2020,Census Tract,3.0433.00,23,"1,100.00","1,578.00",22,*,4.00,4.67,5.50,9.08,13,3.08,4.91,*,0,0,0,*,*,*,0,0,0
2020,Census Tract,3.0434.00,18,"1,000.00","1,138.89",15,0,2.00,1.93,5.00,7.60,12,1.21,2.20,*,*,*,*,*,*,*,0,0,0
2020,Census Tract,3.0435.00,10,883.00,851.70,10,0,2.00,2.40,2.71,4.45,*,*,*,*,0,0,0,0,0,0,0,0,0
2020,Census Tract,3.0436.00,34,750.00,926.21,28,*,3.00,3.15,9.00,10.07,20,3.92,5.01,*,*,*,*,*,*,*,0,0,0
2020,Census Tract,3.0438.00,25,"3,000.00","3,648.88",23,0,2.00,7.57,5.00,6.38,16,3.63,4.18,*,*,*,*,*,*,*,0,0,0
2020,Census Tract,3.0439.00,44,850.00,"1,647.27",43,*,3.00,3.30,2.00,4.75,20,1.53,2.42,*,0,0,0,*,*,*,0,0,0
2020,Census Tract,3.0441.00,38,650.00,"1,132.58",32,0,3.00,3.46,6.00,6.08,20,2.79,3.52,*,*,*,*,*,*,*,0,0,0
2020,Census Tract,3.0442.00,12,"1,285.00","1,988.83",11,0,3.00,4.36,1.00,5.73,*,*,*,0,0,0,0,*,*,*,0,0,0
2020,Census Tract,3.0443.00,35,650.00,"1,101.54",30,*,4.00,3.72,1.00,6.36,11,3.75,5.92,*,0,0,0,*,*,*,0,0,0
2020,Census Tract,3.0445.00,29,"1,250.00","2,250.62",27,*,3.22,3.41,5.59,6.54,17,8.01,6.89,*,0,0,0,*,*,*,0,0,0
2020,Census Tract,3.0447.00,71,"1,450.00","2,922.31",60,*,4.00,3.81,9.98,7.45,45,7.50,6.41,*,*,*,*,*,*,*,*,*,*
2020,Census Tract,3.0449.00,54,"5,525.00","10,660.44",45,*,2.00,4.49,5.00,6.31,27,3.50,3.82,10,*,*,*,*,*,*,0,0,0
2020,Census Tract,3.0453.00,60,"2,000.00","2,856.40",49,*,2.45,6.43,4.95,5.68,33,2.00,3.11,16,*,*,*,*,*,*,0,0,0
2020,Census Tract,3.0454.00,31,800.00,"1,563.42",24,0,3.00,3.32,5.85,11.54,12,3.21,4.59,*,*,*,*,*,*,*,0,0,0
2020,Census Tract,3.0456.00,22,498.00,865.82,19,*,4.00,3.74,1.00,1.84,*,*,*,*,*,*,*,*,*,*,0,0,0
2020,Census Tract,3.0460.00,25,900.00,"1,750.84",22,0,3.49,3.51,5.13,9.76,13,2.16,2.03,*,0,0,0,*,*,*,0,0,0
2020,Census Tract,3.0462.01,10,840.00,"1,762.00",10,0,2.88,3.73,5.00,6.03,*,*,*,0,0,0,0,0,0,0,0,0,0
2020,Census Tract,3.0472.00,10,975.00,"1,280.00",10,0,2.00,2.02,9.50,10.67,*,*,*,*,0,0,0,0,0,0,0,0,0
2020,Census Tract,3.0474.00,30,"1,200.00","1,575.80",26,*,2.88,3.04,10.01,15.08,20,2.87,3.92,*,*,*,*,0,0,0,0,0,0
2020,Census Tract,3.0476.00,33,650.00,923.48,30,*,3.00,3.30,2.00,4.99,10,2.58,3.11,*,*,*,*,*,*,*,0,0,0
2020,Census Tract,3.0477.00,15,"1,000.00","1,308.67",14,*,3.00,3.97,5.00,6.26,*,*,*,*,*,*,*,0,0,0,0,0,0
2020,Census Tract,3.0478.00,31,771.00,"1,942.77",28,0,3.00,3.07,7.13,7.71,24,0.92,2.32,13,*,*,*,0,0,0,0,0,0
2020,Census Tract,3.0480.00,17,"1,000.00","1,161.59",14,*,3.13,3.14,5.00,4.17,*,*,*,*,*,*,*,0,0,0,0,0,0
2020,Census Tract,3.0481.00,23,"2,812.00","3,287.13",14,*,2.00,5.45,3.00,4.49,*,*,*,*,*,*,*,*,*,*,0,0,0
2020,Census Tract,3.0482.00,13,672.00,934.08,13,0,5.00,4.54,4.00,4.10,*,*,*,*,0,0,0,0,0,0,0,0,0
2020,Census Tract,3.0484.00,21,"1,220.00","2,624.67",18,0,4.00,4.76,5.42,6.49,11,3.75,4.33,*,*,*,*,*,*,*,0,0,0
2020,Census Tract,3.0485.00,94,"3,767.50","5,621.03",69,0,3.00,6.40,4.50,5.86,34,3.22,4.13,*,*,*,*,17,1.00,1.30,0,0,0
2020,Census Tract,3.0486.00,27,600.00,"1,542.33",20,0,3.00,3.72,1.00,4.48,*,*,*,*,*,*,*,*,*,*,0,0,0
2020,Census Tract,3.0488.00,18,535.00,"1,072.78",15,*,3.00,2.75,8.25,10.61,*,*,*,*,*,*,*,0,0,0,0,0,0
2020,Census Tract,3.0490.00,10,"1,200.00","2,876.00",10,0,3.00,4.69,6.01,11.33,10,3.67,4.64,*,0,0,0,0,0,0,0,0,0
2020,Census Tract,3.0491.00,112,"1,720.00","3,201.78",88,*,5.00,20.40,10.00,10.53,58,4.34,4.72,12,*,*,*,15,1.00,0.98,0,0,0
2020,Census Tract,3.0492.00,20,"2,950.00","5,063.70",18,*,12.00,10.18,6.00,14.91,11,7.09,14.52,*,*,*,*,*,*,*,0,0,0
2020,Census Tract,3.0493.00,45,"1,300.00","1,818.07",36,*,3.00,7.58,4.00,5.71,21,2.00,2.53,11,*,*,*,*,*,*,0,0,0
2020,Census Tract,3.0494.00,15,806.00,816.87,14,0,4.50,4.71,5.50,5.23,*,*,*,*,0,0,0,*,*,*,0,0,0
2020,Census Tract,3.0495.00,71,869.00,"1,599.54",57,*,4.14,9.61,5.00,6.01,44,2.83,3.57,17,*,*,*,*,*,*,0,0,0
2020,Census Tract,3.0496.00,49,800.00,"1,224.39",39,*,3.00,3.48,1.00,4.09,20,2.00,2.91,14,*,*,*,*,*,*,0,0,0
2020,Census Tract,3.0497.00,41,900.00,"1,424.39",34,*,6.00,17.32,5.17,6.44,18,1.96,2.98,11,*,*,*,*,*,*,0,0,0
2020,Census Tract,3.0499.00,13,"1,148.00","1,957.62",11,*,3.42,4.36,3.08,4.45,*,*,*,*,*,*,*,0,0,0,0,0,0
2020,Census Tract,3.0501.00,20,"1,475.00","2,119.20",11,*,4.00,13.18,1.00,2.47,*,*,*,*,*,*,*,*,*,*,*,*,*
2020,Census Tract,3.0502.02,10,"1,500.00","1,831.30",10,0,3.00,3.02,4.04,11.29,*,*,*,*,0,0,0,0,0,0,0,0,0
2020,Census Tract,3.0503.00,22,"1,275.00","2,441.14",16,0,4.00,15.73,9.05,8.43,12,4.34,4.00,*,*,*,*,*,*,*,*,*,*
2020,Census Tract,3.0504.00,14,"1,315.00","3,486.57",13,*,3.00,4.73,10.01,10.14,*,*,*,0,*,*,*,0,0,0,0,0,0
2020,Census Tract,3.0505.00,28,900.00,"1,521.39",25,*,3.00,5.20,5.00,5.72,17,2.45,2.99,*,*,*,*,*,*,*,*,*,*
2020,Census Tract,3.0506.00,22,950.00,"1,267.73",21,*,5.50,17.67,5.04,7.48,17,2.64,4.20,*,0,0,0,*,*,*,0,0,0
2020,Census Tract,3.0507.00,26,"1,450.00","2,088.31",22,*,3.00,3.61,5.00,6.21,12,3.00,3.52,*,*,*,*,*,*,*,0,0,0
2020,Census Tract,3.0508.01,55,"1,000.00","1,970.35",48,*,4.00,8.80,10.00,10.61,42,3.38,4.27,15,*,*,*,*,*,*,0,0,0
2020,Census Tract,3.0508.03,14,"1,500.00","2,848.71",14,0,7.50,15.36,10.01,20.80,11,3.08,6.73,*,0,0,0,0,0,0,0,0,0
2020,Census Tract,3.0509.00,11,"1,540.00","1,414.64",11,0,2.00,2.23,9.00,7.97,10,2.00,3.30,*,0,0,0,0,0,0,0,0,0
2020,Census Tract,3.0510.01,15,"1,910.00","2,968.27",11,0,5.00,13.00,10.05,11.59,11,4.14,6.00,*,*,*,*,*,*,*,0,0,0
2020,Census Tract,3.0510.02,48,"1,045.00","1,531.96",42,*,6.67,11.98,7.99,9.26,38,2.58,3.78,14,*,*,*,*,*,*,0,0,0
2020,Census Tract,3.0511.00,21,"1,000.00","2,097.14",18,0,2.50,12.28,8.50,12.58,16,2.33,7.63,*,*,*,*,*,*,*,0,0,0
2020,Census Tract,3.0513.00,60,"1,400.00","2,024.13",48,0,3.00,5.01,6.00,8.27,29,3.27,5.03,*,*,*,*,11,1.00,1.36,0,0,0
2020,Census Tract,3.0514.00,17,350.00,"1,542.53",15,0,4.00,10.80,1.00,6.33,*,*,*,*,0,0,0,*,*,*,0,0,0
2020,Census Tract,3.0515.00,20,"1,787.00","3,689.40",17,*,5.00,5.73,10.00,9.29,14,3.25,4.01,*,*,*,*,*,*,*,0,0,0
2020,Census Tract,3.0516.02,19,"1,500.00","7,460.16",16,0,2.93,4.29,8.50,8.03,13,3.00,4.45,*,*,*,*,*,*,*,0,0,0
2020,Census Tract,3.0517.00,33,"1,174.00","1,611.03",27,0,4.00,5.56,10.00,8.50,19,3.33,4.85,*,*,*,*,*,*,*,*,*,*
2020,Census Tract,3.0519.00,61,"1,700.00","2,992.00",46,*,4.00,4.94,10.00,9.05,39,3.92,5.20,10,*,*,*,12,1.00,1.22,*,*,*
2020,Census Tract,3.0520.00,33,800.00,"1,512.24",30,0,5.00,9.29,10.00,10.65,18,5.25,4.94,*,0,0,0,*,*,*,0,0,0
2020,Census Tract,3.0523.00,70,"1,000.00","1,460.77",61,*,4.00,4.38,7.00,7.65,49,3.00,4.88,15,*,*,*,*,*,*,0,0,0
2020,Census Tract,3.0525.00,70,"1,362.00","2,121.39",56,*,3.00,4.09,10.01,10.97,45,3.00,4.78,16,*,*,*,*,*,*,0,0,0
2020,Census Tract,3.0526.00,33,600.00,814.45,31,0,3.00,3.63,7.67,11.09,15,1.92,6.93,*,*,*,*,*,*,*,0,0,0
2020,Census Tract,3.0527.00,58,850.00,"1,430.40",42,*,4.00,9.20,5.00,6.16,27,1.75,3.17,11,*,*,*,11,1.00,1.21,0,0,0
2020,Census Tract,3.0528.00,10,533.00,590.00,10,0,2.63,2.84,7.57,8.42,*,*,*,*,0,0,0,0,0,0,0,0,0
2020,Census Tract,3.0529.00,18,"1,000.00","2,016.33",15,0,2.00,2.83,10.01,10.50,11,4.00,3.72,*,*,*,*,*,*,*,0,0,0
2020,Census Tract,3.0530.00,38,"2,000.00","2,825.37",27,*,3.00,3.63,5.00,10.79,15,3.00,6.44,*,10,1.50,4.32,*,*,*,0,0,0
2020,Census Tract,3.0531.00,22,"1,200.00","1,785.18",19,0,2.00,2.75,7.00,8.09,15,2.00,2.95,10,*,*,*,0,0,0,0,0,0
2020,Census Tract,3.0533.00,39,975.00,"1,083.18",36,*,2.25,3.09,3.88,7.09,13,5.00,5.14,*,*,*,*,0,0,0,0,0,0
2020,Census Tract,3.0534.00,42,"1,000.00","1,833.48",39,*,2.89,3.00,1.00,4.93,17,2.16,2.58,*,*,*,*,*,*,*,*,*,*
2020,Census Tract,3.0535.00,28,960.00,"1,181.86",22,0,3.00,4.81,10.30,13.07,12,2.67,3.27,*,*,*,*,0,0,0,0,0,0
2020,Census Tract,3.0538.00,58,762.00,962.76,48,*,3.63,5.01,7.00,8.67,40,3.21,3.27,12,*,*,*,*,*,*,*,*,*
2020,Census Tract,3.0542.00,13,"1,500.00","2,447.38",10,0,3.00,3.38,10.48,12.15,*,*,*,*,*,*,*,*,*,*,0,0,0
2020,Census Tract,3.0543.00,35,"6,000.00","8,194.63",12,0,1.00,1.67,10.00,10.78,10,9.38,7.90,*,*,*,*,20,4.83,4.45,18,2.75,2.76
2020,Census Tract,3.0547.00,13,"1,688.00","5,454.15",12,*,2.50,2.33,8.79,9.52,*,*,*,*,*,*,*,0,0,0,0,0,0
2020,Census Tract,3.0549.00,57,"1,500.00","2,377.82",47,*,4.00,5.53,6.00,7.37,38,3.25,3.62,10,*,*,*,*,*,*,0,0,0
2020,Census Tract,3.0550.00,15,"2,000.00","1,785.67",11,*,6.00,11.70,6.00,7.22,*,*,*,*,*,*,*,*,*,*,0,0,0
2020,Census Tract,3.0551.00,71,"1,400.00","2,152.07",52,14,5.00,6.34,10.01,10.05,44,6.42,5.59,*,*,*,*,18,1.00,1.34,*,*,*
2020,Census Tract,3.0552.00,88,800.00,"2,282.69",79,*,4.33,5.87,8.52,8.53,49,3.58,4.53,16,*,*,*,*,*,*,0,0,0
2020,Census Tract,3.0553.00,114,"1,375.00","3,358.96",100,*,8.00,18.12,10.01,9.26,72,5.96,6.28,15,*,*,*,12,1.00,0.82,*,*,*
2020,Census Tract,3.0554.00,98,"1,140.00","2,107.19",77,*,5.00,6.29,5.16,8.81,56,3.12,4.19,18,*,*,*,14,1.00,0.97,*,*,*
2020,Census Tract,3.0555.00,163,"1,786.00","3,663.18",119,*,5.00,5.86,9.00,7.81,83,5.57,5.32,15,*,*,*,39,1.00,1.04,*,*,*
2020,Census Tract,3.0557.00,41,"2,000.00","2,976.20",33,0,4.25,5.36,10.01,9.42,29,4.92,5.15,*,*,*,*,*,*,*,0,0,0
2020,Census Tract,3.0561.00,91,"1,400.00","2,680.76",73,*,4.70,5.19,3.00,5.99,49,1.33,2.61,22,*,*,*,14,1.00,1.27,0,0,0
2020,Census Tract,3.0563.00,43,"1,500.00","1,939.58",32,*,3.00,3.45,9.10,11.30,22,4.30,9.56,*,*,*,*,10,1.00,1.98,0,0,0
2020,Census Tract,3.0564.00,25,"1,040.00","1,498.48",21,0,3.00,10.18,3.00,4.31,11,1.58,2.84,*,*,*,*,*,*,*,0,0,0
2020,Census Tract,3.0565.00,111,"1,016.00","1,806.55",88,*,4.17,5.47,4.00,6.71,47,2.16,3.95,20,*,*,*,17,0.75,1.37,*,*,*
2020,Census Tract,3.0566.00,13,"2,466.00","2,907.62",12,0,2.00,5.04,10.00,8.93,11,3.50,3.68,*,*,*,*,0,0,0,0,0,0
2020,Census Tract,3.0569.00,51,950.00,"1,741.43",40,0,5.71,6.08,9.48,8.88,29,4.42,4.86,10,*,*,*,*,*,*,*,*,*
2020,Census Tract,3.0570.00,42,"1,131.50","1,926.26",35,*,3.00,7.88,12.01,12.53,29,5.67,6.08,*,*,*,*,*,*,*,0,0,0
2020,Census Tract,3.0571.00,37,950.00,"1,464.43",26,*,3.30,3.82,5.01,6.27,17,1.83,2.65,*,*,*,*,*,*,*,0,0,0
2020,Census Tract,3.0573.00,12,"2,437.50","4,048.58",11,0,2.00,1.92,1.00,7.09,*,*,*,0,0,0,0,*,*,*,0,0,0
2020,Census Tract,3.0574.00,28,"1,034.00","1,861.82",26,*,22.00,20.24,2.00,3.95,11,2.00,2.30,*,0,0,0,*,*,*,0,0,0
2020,Census Tract,3.0575.00,52,"1,112.50","1,510.38",37,*,5.00,4.87,8.00,9.13,29,5.50,5.65,*,*,*,*,*,*,*,*,*,*
2020,Census Tract,3.0576.00,25,600.00,"1,088.44",20,*,4.35,6.06,2.00,3.96,*,*,*,*,0,0,0,*,*,*,0,0,0
2020,Census Tract,3.0578.00,68,673.50,"1,280.47",59,*,4.02,4.76,1.00,3.52,21,2.50,3.20,*,*,*,*,*,*,*,0,0,0
2020,Census Tract,3.0579.00,21,"3,000.00","4,492.10",19,0,2.00,4.47,2.00,4.16,*,*,*,*,*,*,*,*,*,*,0,0,0
2020,Census Tract,3.0580.00,23,"2,700.00","3,526.83",19,0,4.00,3.88,8.92,9.08,12,4.29,6.36,*,*,*,*,*,*,*,0,0,0
2020,Census Tract,3.0582.00,51,700.00,"1,312.31",46,*,5.00,5.99,2.00,4.91,19,2.08,2.85,*,*,*,*,*,*,*,0,0,0
2020,Census Tract,3.0584.00,12,"1,012.50","1,210.75",10,0,2.50,2.50,7.00,7.40,*,*,*,*,*,*,*,*,*,*,0,0,0
2020,Census Tract,3.0588.00,27,"2,000.00","2,802.30",22,0,3.00,4.49,1.00,3.57,*,*,*,*,*,*,*,*,*,*,*,*,*
2020,Census Tract,3.0589.00,29,"4,500.00","6,861.24",22,*,2.00,5.91,2.00,4.28,11,2.67,3.23,*,*,*,*,*,*,*,0,0,0
2020,Census Tract,3.0590.00,23,"1,600.00","1,770.22",21,*,4.00,4.52,1.00,1.59,*,*,*,*,*,*,*,*,*,*,*,*,*
2020,Census Tract,3.0591.00,13,"1,375.00","1,859.62",12,*,3.75,3.67,3.00,6.16,*,*,*,*,0,0,0,*,*,*,0,0,0
2020,Census Tract,3.0592.00,25,"1,200.00","3,247.36",22,*,4.00,5.98,5.58,5.80,16,3.96,3.73,*,*,*,*,0,0,0,0,0,0
2020,Census Tract,3.0593.00,26,"5,000.00","6,076.62",23,0,1.50,2.01,1.00,2.61,*,*,*,*,*,*,*,0,0,0,0,0,0
2020,Census Tract,3.0594.01,38,825.00,"1,329.26",30,0,3.00,5.02,2.79,4.90,16,2.67,2.94,*,*,*,*,*,*,*,0,0,0
2020,Census Tract,3.0594.02,55,"1,700.00","2,339.11",45,*,2.24,5.26,10.01,12.46,40,4.21,4.91,11,*,*,*,*,*,*,0,0,0
2020,Census Tract,3.0596.00,37,"1,252.00","3,280.68",31,0,4.00,6.26,10.32,10.83,26,2.61,4.11,*,*,*,*,*,*,*,0,0,0
2020,Census Tract,3.0600.00,46,"1,596.50","3,356.13",37,*,4.00,8.90,1.00,8.02,12,6.92,7.00,*,*,*,*,*,*,*,0,0,0
2020,Census Tract,3.0606.00,111,"1,280.00","1,776.75",90,*,4.79,6.08,5.09,6.81,45,3.16,3.33,17,*,*,*,19,1.00,1.03,0,0,0
2020,Census Tract,3.0608.00,43,"3,000.00","3,823.19",37,*,3.00,8.21,1.00,6.30,13,4.75,5.74,*,*,*,*,*,*,*,0,0,0
2020,Census Tract,3.0610.03,14,"1,238.50","1,309.21",10,0,3.67,4.53,5.71,7.63,*,*,*,*,*,*,*,*,*,*,0,0,0
2020,Census Tract,3.0610.04,59,800.00,"2,076.68",54,*,5.33,7.44,1.00,5.55,23,3.33,4.64,*,*,*,*,*,*,*,0,0,0
2020,Census Tract,3.0628.00,24,"1,278.50","1,816.83",16,*,2.01,2.91,2.01,7.19,11,2.67,3.65,*,*,*,*,*,*,*,0,0,0
2020,Census Tract,3.0642.00,21,"1,200.00","1,222.67",21,*,2.00,4.07,2.00,3.50,11,2.58,2.48,*,0,0,0,0,0,0,0,0,0
2020,Census Tract,3.0644.00,14,"1,050.00","2,812.14",12,0,3.00,4.83,5.00,7.37,10,2.66,2.82,*,*,*,*,*,*,*,0,0,0
2020,Census Tract,3.0646.00,20,"1,700.00","2,106.20",16,0,2.17,2.62,2.00,1.76,*,*,*,*,*,*,*,*,*,*,0,0,0
2020,Census Tract,3.0650.00,27,"1,200.00","2,278.96",18,0,3.00,2.78,1.00,2.46,*,*,*,*,*,*,*,*,*,*,0,0,0
2020,Census Tract,3.0652.00,32,"2,000.00","2,683.22",23,*,3.00,4.55,5.00,9.46,12,3.58,6.00,*,*,*,*,*,*,*,0,0,0
2020,Census Tract,3.0662.00,38,"1,982.50","3,404.84",34,0,3.38,6.80,1.00,4.48,*,*,*,0,*,*,*,*,*,*,0,0,0
2020,Census Tract,3.0670.00,18,"2,333.00","2,544.44",16,0,3.50,12.88,7.39,8.80,12,4.87,5.23,*,0,0,0,*,*,*,0,0,0
2020,Census Tract,3.0672.00,21,"3,300.00","3,971.14",16,0,14.00,13.63,9.63,11.23,11,3.18,5.70,*,*,*,*,*,*,*,0,0,0
2020,Census Tract,3.0674.00,22,"1,110.00","3,159.14",16,0,2.00,7.17,3.98,6.89,*,*,*,*,*,*,*,*,*,*,0,0,0
2020,Census Tract,3.0676.00,12,"2,693.50","3,998.75",12,*,2.00,3.46,1.00,2.48,*,*,*,*,0,0,0,0,0,0,0,0,0
2020,Census Tract,5.0239.00,18,"2,960.00","3,858.11",*,0,*,*,*,*,*,*,*,0,*,*,*,*,*,*,0,0,0
2020,Census Tract,3.0680.00,24,"1,477.50","2,964.17",19,*,2.00,2.16,9.68,9.07,14,3.75,4.22,*,*,*,*,*,*,*,0,0,0
2020,Census Tract,3.0682.00,21,"2,000.00","2,692.71",16,*,2.81,10.96,3.00,3.97,*,*,*,*,*,*,*,*,*,*,0,0,0
2020,Census Tract,3.0688.00,19,"1,350.00","1,772.47",15,0,3.58,14.35,10.00,10.64,11,3.33,5.88,*,*,*,*,*,*,*,0,0,0
2020,Census Tract,3.0690.00,21,"1,500.00","1,915.71",17,0,21.00,16.25,11.01,10.89,*,*,*,*,*,*,*,*,*,*,0,0,0
2020,Census Tract,3.0696.01,39,"2,889.00","4,884.00",32,*,56.00,54.00,14.88,19.93,31,6.09,5.87,*,0,0,0,*,*,*,*,*,*
2020,Census Tract,3.0696.02,15,850.00,"1,246.53",14,*,2.50,2.50,5.02,7.75,13,1.25,1.74,*,*,*,*,0,0,0,0,0,0
2020,Census Tract,3.0698.00,30,"2,100.00","17,597.23",23,*,2.68,7.71,10.00,10.71,11,3.00,3.86,*,*,*,*,*,*,*,0,0,0
2020,Census Tract,3.0720.00,32,"2,314.50","3,114.59",29,0,4.00,3.43,15.18,16.59,22,5.21,5.66,*,*,*,*,*,*,*,0,0,0
2020,Census Tract,3.0722.00,21,"2,000.00","2,472.38",17,*,2.00,2.25,3.00,7.79,*,*,*,0,*,*,*,*,*,*,0,0,0
2020,Census Tract,3.0724.00,12,"1,137.50","2,055.17",11,*,2.00,3.14,1.00,5.53,*,*,*,*,*,*,*,0,0,0,0,0,0
2020,Census Tract,3.0728.00,15,"1,500.00","3,025.60",14,0,2.29,3.75,1.00,4.30,*,*,*,0,*,*,*,0,0,0,0,0,0
2020,Census Tract,3.0736.00,19,"1,800.00","2,767.26",12,*,3.00,3.55,10.00,9.14,10,5.75,6.14,*,*,*,*,*,*,*,0,0,0
2020,Census Tract,3.0738.00,13,"1,949.00","3,007.31",10,0,2.58,4.15,5.96,7.47,*,*,*,*,*,*,*,0,0,0,0,0,0
2020,Census Tract,3.0740.00,20,750.00,890.10,16,*,2.00,2.56,5.05,7.83,*,*,*,*,*,*,*,*,*,*,0,0,0
2020,Census Tract,3.0742.00,11,"1,800.00","1,704.09",*,0,*,*,*,*,*,*,*,*,*,*,*,*,*,*,0,0,0
2020,Census Tract,3.0746.00,23,"3,200.00","3,978.30",10,0,3.00,2.78,5.00,6.42,*,*,*,*,13,1.00,1.00,0,0,0,0,0,0
2020,Census Tract,3.0748.00,14,"2,000.00","2,595.00",10,0,2.00,2.45,8.00,12.12,*,*,*,*,*,*,*,*,*,*,0,0,0
2020,Census Tract,3.0768.00,37,"1,231.00","2,466.84",30,*,3.25,4.13,5.00,6.08,22,2.29,3.29,*,*,*,*,0,0,0,0,0,0
2020,Census Tract,3.0770.00,18,860.00,808.06,14,0,3.17,4.12,1.50,3.25,*,*,*,*,0,0,0,*,*,*,0,0,0
2020,Census Tract,3.0774.00,40,"2,401.00","10,054.40",30,*,4.00,3.74,10.09,10.17,20,5.08,5.66,*,*,*,*,*,*,*,0,0,0
2020,Census Tract,3.0784.00,10,700.00,"1,440.00",10,0,5.50,5.10,9.88,11.46,10,3.79,4.38,*,0,0,0,0,0,0,0,0,0
2020,Census Tract,3.0786.00,40,855.00,"1,481.88",35,*,3.00,3.89,10.00,12.22,26,2.87,3.66,*,*,*,*,*,*,*,0,0,0
2020,Census Tract,3.0790.00,37,"1,778.00","2,226.59",28,0,2.33,2.42,2.58,4.16,11,3.79,3.87,*,*,*,*,*,*,*,0,0,0
2020,Census Tract,3.0792.00,24,"1,700.00","9,899.00",16,*,2.87,3.53,2.67,5.18,*,*,*,*,*,*,*,*,*,*,0,0,0
2020,Census Tract,3.0794.00,53,"1,500.00","3,422.04",42,*,3.00,7.03,4.25,5.68,23,4.25,4.41,*,*,*,*,*,*,*,0,0,0
2020,Census Tract,3.0796.01,20,700.00,987.50,19,*,4.00,4.43,5.00,6.59,19,2.67,2.40,*,0,0,0,*,*,*,0,0,0
2020,Census Tract,3.0796.02,52,"1,280.50","3,371.42",45,0,4.00,4.33,10.01,10.78,34,4.46,4.25,*,*,*,*,*,*,*,0,0,0
2020,Census Tract,3.0798.01,37,750.00,710.11,36,0,4.50,10.39,10.38,10.95,35,2.00,2.92,21,0,0,0,*,*,*,0,0,0
2020,Census Tract,3.0798.02,61,805.00,"1,234.20",57,*,4.00,5.44,10.00,10.95,51,4.42,4.73,20,0,0,0,*,*,*,0,0,0
2020,Census Tract,3.0800.00,31,600.00,762.68,24,0,3.82,4.18,5.08,6.84,22,2.12,3.05,11,0,0,0,*,*,*,0,0,0
2020,Census Tract,3.0802.00,28,502.00,849.32,22,0,3.00,4.34,4.79,4.47,15,3.79,3.61,*,*,*,*,*,*,*,0,0,0
2020,Census Tract,3.0804.00,34,695.00,"1,280.06",25,*,3.00,2.81,7.00,9.70,22,1.83,2.18,*,*,*,*,*,*,*,0,0,0
2020,Census Tract,3.0810.00,12,637.50,"1,497.25",*,0,*,*,*,*,*,*,*,*,*,*,*,*,*,*,0,0,0
2020,Census Tract,3.0814.00,13,"1,250.00","2,389.62",11,*,3.00,3.70,10.01,9.37,*,*,*,*,*,*,*,*,*,*,0,0,0
2020,Census Tract,3.0816.00,17,600.00,885.88,15,*,4.00,4.46,1.00,3.66,*,*,*,*,*,*,*,0,0,0,0,0,0
2020,Census Tract,3.0818.00,40,654.50,"1,047.68",32,*,5.00,5.27,5.02,6.73,21,2.58,3.19,*,*,*,*,*,*,*,0,0,0
2020,Census Tract,3.0820.00,57,749.00,"1,347.56",49,0,4.00,4.08,6.00,8.46,36,3.29,3.85,13,0,0,0,*,*,*,0,0,0
2020,Census Tract,3.0822.00,12,800.00,847.67,12,0,3.50,7.58,3.00,4.87,*,*,*,*,0,0,0,0,0,0,0,0,0
2020,Census Tract,3.0824.00,42,"1,000.00","1,773.52",36,0,2.81,2.91,5.99,8.05,22,3.67,5.00,*,*,*,*,*,*,*,0,0,0
2020,Census Tract,3.0826.00,25,884.00,"1,434.44",22,*,2.00,2.60,6.54,7.68,17,6.33,5.46,*,*,*,*,*,*,*,0,0,0
2020,Census Tract,3.0828.00,38,"1,480.00","1,592.66",31,0,3.17,3.77,5.42,7.34,21,4.33,6.20,*,*,*,*,*,*,*,*,*,*
2020,Census Tract,3.0830.00,13,"1,212.00","2,640.92",12,0,5.42,5.17,1.00,0.94,0,0,0,0,0,0,0,*,*,*,0,0,0
2020,Census Tract,3.0836.00,13,"5,000.00","5,231.92",13,*,2.14,3.91,1.00,7.86,*,*,*,*,0,0,0,0,0,0,0,0,0
2020,Census Tract,3.0838.00,15,"1,200.00","1,631.33",11,*,2.00,2.36,3.00,3.89,*,*,*,*,*,*,*,0,0,0,0,0,0
2020,Census Tract,3.0840.00,22,"1,210.00","2,101.77",19,*,2.94,2.53,1.00,11.94,*,*,*,*,*,*,*,*,*,*,0,0,0
2020,Census Tract,3.0846.00,34,"1,000.00","1,942.12",23,0,3.00,2.83,1.00,3.57,*,*,*,*,*,*,*,*,*,*,0,0,0
2020,Census Tract,3.0848.00,11,"3,000.00","3,971.91",*,*,*,*,*,*,*,*,*,0,*,*,*,0,0,0,0,0,0
2020,Census Tract,3.0856.00,16,787.50,"2,546.13",15,0,2.00,3.31,5.00,5.91,12,2.46,2.89,*,*,*,*,0,0,0,0,0,0
2020,Census Tract,3.0858.00,23,800.00,"1,643.70",20,*,2.50,3.35,1.00,4.39,*,*,*,*,*,*,*,*,*,*,0,0,0
2020,Census Tract,3.0860.00,49,938.00,"1,108.67",43,*,2.00,2.55,4.00,5.49,29,2.50,3.63,10,*,*,*,*,*,*,0,0,0
2020,Census Tract,3.0862.00,26,990.00,"2,278.62",21,0,3.00,2.94,5.00,6.06,14,2.87,3.68,*,*,*,*,*,*,*,0,0,0
2020,Census Tract,3.0866.00,14,850.00,"1,494.29",14,*,2.00,2.02,5.00,5.04,10,3.46,2.97,*,0,0,0,0,0,0,0,0,0
2020,Census Tract,3.0868.00,55,"1,100.00","1,703.96",42,0,3.54,3.57,10.01,12.64,33,3.59,6.46,12,*,*,*,*,*,*,0,0,0
2020,Census Tract,3.0870.00,17,700.00,"1,214.71",14,*,3.06,3.27,1.00,3.72,*,*,*,*,*,*,*,0,0,0,0,0,0
2020,Census Tract,3.0876.00,10,880.00,"2,025.70",*,0,*,*,*,*,*,*,*,*,0,0,0,*,*,*,0,0,0
2020,Census Tract,3.0878.00,27,975.00,"2,168.04",24,0,2.00,2.45,1.00,5.14,11,2.08,2.35,*,*,*,*,0,0,0,0,0,0
2020,Census Tract,3.0880.00,20,"1,089.00","2,017.15",16,0,2.54,2.61,1.00,5.32,*,*,*,*,*,*,*,*,*,*,0,0,0
2020,Census Tract,3.0882.00,15,900.00,"1,061.33",11,*,3.00,2.68,5.01,6.37,10,1.63,2.85,*,*,*,*,*,*,*,0,0,0
2020,Census Tract,3.0888.00,19,"1,640.00","2,280.00",17,*,3.00,3.00,1.00,4.06,*,*,*,*,0,0,0,*,*,*,0,0,0
2020,Census Tract,3.0890.00,35,"1,200.00","1,606.00",29,*,2.00,3.14,5.12,7.26,20,3.67,4.00,*,*,*,*,0,0,0,0,0,0
2020,Census Tract,3.0892.00,80,"1,735.00","2,760.31",77,*,3.00,3.08,10.01,10.87,69,3.16,4.49,23,*,*,*,*,*,*,0,0,0
2020,Census Tract,3.0900.00,12,"3,500.00","7,925.00",*,*,*,*,*,*,*,*,*,*,*,*,*,*,*,*,0,0,0
2020,Census Tract,3.0902.00,37,"2,000.00","3,462.43",29,0,3.00,3.13,12.34,12.99,24,4.88,4.93,*,*,*,*,*,*,*,0,0,0
2020,Census Tract,3.0906.00,86,"1,683.50","2,495.17",66,11,2.00,2.72,3.92,6.37,31,4.00,3.59,*,*,*,*,11,1.00,1.06,*,*,*
2020,Census Tract,3.0908.00,35,"1,452.00","2,479.20",29,*,2.00,4.10,10.00,10.55,17,5.75,6.27,*,*,*,*,*,*,*,0,0,0
2020,Census Tract,3.0918.00,12,"1,350.00","1,738.58",12,0,2.00,3.17,1.00,1.00,0,0,0,0,0,0,0,0,0,0,0,0,0
2020,Census Tract,3.0924.00,55,"1,300.00","2,612.75",50,*,4.00,3.91,10.00,9.60,41,2.50,3.82,18,*,*,*,*,*,*,0,0,0
2020,Census Tract,3.0928.00,13,"1,800.00","2,895.15",13,0,2.00,4.44,10.75,10.44,13,2.41,3.53,*,0,0,0,0,0,0,0,0,0
2020,Census Tract,3.0930.00,19,"2,000.00","2,505.21",16,0,2.00,3.71,6.00,7.42,12,4.17,5.04,*,*,*,*,0,0,0,0,0,0
2020,Census Tract,3.0932.00,38,"3,750.00","4,509.16",23,*,1.00,3.35,2.00,5.11,*,*,*,*,12,1.00,2.31,*,*,*,0,0,0
2020,Census Tract,3.0934.00,15,700.00,946.67,11,*,3.00,3.39,9.00,9.98,*,*,*,*,0,0,0,*,*,*,0,0,0
2020,Census Tract,3.0944.01,10,"5,350.00","5,395.00",*,*,*,*,*,*,*,*,*,*,*,*,*,*,*,*,0,0,0
2020,Census Tract,3.0950.00,38,"1,170.00","1,337.42",33,0,4.00,13.46,5.03,6.45,20,2.08,2.63,10,*,*,*,*,*,*,0,0,0
2020,Census Tract,3.0954.00,22,"1,040.00","2,391.68",19,0,1.00,2.05,10.25,11.68,11,4.00,3.55,*,*,*,*,*,*,*,0,0,0
2020,Census Tract,3.0956.00,24,"1,200.00","2,021.92",21,0,4.00,9.25,6.00,8.68,12,5.25,5.55,*,*,*,*,*,*,*,0,0,0
2020,Census Tract,3.0960.00,47,"4,000.00","9,147.09",36,0,3.00,4.13,5.03,6.91,25,1.66,3.61,12,11,1.00,1.09,0,0,0,0,0,0
2020,Census Tract,3.0962.00,10,"2,752.00","5,719.50",*,0,*,*,*,*,*,*,*,*,*,*,*,*,*,*,0,0,0
2020,Census Tract,3.0966.00,10,"1,062.50","2,094.00",*,0,*,*,*,*,*,*,*,*,*,*,*,0,0,0,0,0,0
2020,Census Tract,3.0968.00,24,"2,498.00","3,273.13",19,*,46.00,40.23,10.00,11.25,15,2.42,4.85,*,*,*,*,*,*,*,*,*,*
2020,Census Tract,3.0974.00,39,"1,000.00","1,634.67",34,0,3.46,3.53,9.98,11.26,28,4.25,4.06,*,*,*,*,*,*,*,0,0,0
2020,Census Tract,3.0990.00,11,"2,000.00","1,715.55",*,0,*,*,*,*,0,0,0,0,*,*,*,*,*,*,0,0,0
2020,Census Tract,3.1010.00,11,"1,600.00","2,523.27",10,*,1.41,7.06,8.96,11.04,*,*,*,*,*,*,*,0,0,0,0,0,0
2020,Census Tract,3.1022.00,15,"1,360.00","3,501.47",12,*,4.00,4.10,20.15,19.88,11,4.42,5.24,*,*,*,*,*,*,*,0,0,0
2020,Census Tract,3.1028.00,27,"2,400.00","3,020.33",22,0,3.00,3.27,16.67,16.46,19,5.00,5.28,*,*,*,*,*,*,*,0,0,0
2020,Census Tract,3.1058.04,25,"1,993.00","4,194.40",23,0,3.33,3.37,15.01,18.13,23,1.25,1.87,15,0,0,0,*,*,*,0,0,0
2020,Census Tract,3.1070.00,67,"7,347.00","19,762.88",60,0,4.00,4.88,10.31,12.24,58,4.09,5.10,13,*,*,*,*,*,*,0,0,0
2020,Census Tract,3.1098.00,19,"2,800.00","7,001.84",14,0,1.33,3.45,7.71,7.28,*,*,*,*,*,*,*,*,*,*,0,0,0
2020,Census Tract,3.1104.00,61,"1,456.00","3,351.13",49,0,3.28,3.90,10.01,11.63,34,3.12,6.36,12,*,*,*,*,*,*,0,0,0
2020,Census Tract,3.1116.00,24,"2,050.00","3,763.67",18,0,2.33,2.92,1.00,3.23,*,*,*,*,*,*,*,*,*,*,0,0,0
2020,Census Tract,3.1126.00,11,"2,000.00","2,888.36",10,0,2.00,1.70,4.59,4.72,*,*,*,0,0,0,0,*,*,*,0,0,0
2020,Census Tract,3.1144.00,23,"1,800.00","2,928.96",21,*,2.25,3.58,1.00,3.19,*,*,*,*,*,*,*,*,*,*,0,0,0
2020,Census Tract,3.1146.00,10,925.00,"1,170.60",*,0,*,*,*,*,*,*,*,0,*,*,*,*,*,*,0,0,0
2020,Census Tract,3.1156.00,14,925.00,"2,125.07",13,0,2.17,2.48,9.09,9.17,12,4.42,5.81,*,0,0,0,*,*,*,0,0,0
2020,Census Tract,3.1170.00,14,"1,237.50","1,510.71",13,*,3.00,6.31,2.00,6.95,*,*,*,*,*,*,*,0,0,0,0,0,0
2020,Census Tract,3.1174.00,17,"2,000.00","1,941.59",17,*,5.00,9.36,1.00,3.77,*,*,*,*,0,0,0,0,0,0,0,0,0
2020,Census Tract,3.1176.01,17,"1,000.00","1,706.71",15,*,3.00,5.50,10.00,7.69,11,4.67,5.52,*,*,*,*,*,*,*,0,0,0
2020,Census Tract,3.1178.00,15,"1,500.00","2,675.47",*,*,*,*,*,*,*,*,*,*,*,*,*,*,*,*,0,0,0
2020,Census Tract,3.1184.00,19,"1,000.00","1,951.05",17,0,2.42,2.86,5.00,5.21,10,2.17,2.49,*,*,*,*,0,0,0,0,0,0
2020,Census Tract,3.1188.00,53,"1,750.00","2,589.47",42,*,2.00,2.50,3.16,8.38,20,4.96,5.68,*,*,*,*,*,*,*,0,0,0
2020,Census Tract,3.1190.00,28,"1,360.00","2,358.93",23,*,2.00,2.37,7.34,8.34,10,3.50,4.98,*,*,*,*,*,*,*,0,0,0
2020,Census Tract,3.1194.00,12,"1,100.00","9,568.42",11,0,2.00,2.34,10.00,9.22,*,*,*,*,0,0,0,*,*,*,0,0,0
2020,Census Tract,3.1196.00,21,"1,250.00","1,776.43",19,*,3.00,3.03,5.00,5.90,12,2.96,5.91,*,*,*,*,0,0,0,0,0,0
2020,Census Tract,3.1198.00,32,"1,625.00","6,178.94",21,*,2.59,5.11,7.00,9.18,15,3.50,5.34,*,*,*,*,*,*,*,0,0,0
2020,Census Tract,3.1220.00,14,"2,412.50","3,150.00",14,0,3.00,2.92,1.00,6.45,*,*,*,*,0,0,0,0,0,0,0,0,0
2020,Census Tract,3.1237.00,58,"2,500.00","4,119.97",44,*,2.00,3.97,5.00,6.04,30,3.00,3.66,*,*,*,*,*,*,*,0,0,0
2020,Census Tract,3.1522.00,28,678.00,"2,006.11",24,0,5.00,7.55,7.46,8.90,19,3.00,4.08,*,0,0,0,*,*,*,0,0,0
2020,Census Tract,4.0000.00,123,"2,219.00","8,016.15",99,*,2.25,4.12,2.00,6.90,43,3.50,5.29,15,15,1.00,14.48,*,*,*,0,0,0
2020,Census Tract,4.0001.00,80,"2,212.50","9,031.94",70,*,3.00,3.79,5.67,9.44,61,2.00,4.50,21,*,*,*,*,*,*,0,0,0
2020,Census Tract,4.0002.00,10,"1,389.00","2,831.40",*,*,*,*,*,*,*,*,*,*,*,*,*,*,*,*,0,0,0
2020,Census Tract,4.0004.00,21,"1,000.00","2,866.24",16,0,2.10,2.10,1.00,4.69,*,*,*,*,*,*,*,*,*,*,0,0,0
2020,Census Tract,4.0007.00,119,"1,500.00","2,526.57",100,13,4.00,4.56,5.00,7.00,64,3.33,4.56,18,12,1.00,9.76,*,*,*,0,0,0
2020,Census Tract,4.0010.00,19,"1,560.00","2,304.95",18,*,2.19,3.65,8.50,8.58,16,2.58,3.29,*,*,*,*,0,0,0,0,0,0
2020,Census Tract,4.0012.00,22,"1,300.00","2,192.68",19,0,2.33,5.19,8.00,8.35,10,3.37,4.31,*,*,*,*,0,0,0,0,0,0
2020,Census Tract,4.0014.00,11,"1,940.00","3,676.09",*,0,*,*,*,*,*,*,*,*,*,*,*,*,*,*,0,0,0
2020,Census Tract,4.0016.00,16,825.00,"1,585.13",15,0,3.00,3.98,5.00,6.97,12,1.72,3.02,*,*,*,*,0,0,0,0,0,0
2020,Census Tract,4.0018.00,27,"1,200.00","1,784.26",22,*,2.00,4.51,7.50,7.77,19,4.42,3.99,*,*,*,*,*,*,*,0,0,0
2020,Census Tract,4.0019.00,152,"2,275.00","7,271.31",107,*,4.00,4.37,10.00,8.45,81,6.58,6.73,15,10,1.00,5.94,35,1.00,0.85,*,*,*
2020,Census Tract,4.0028.00,10,"1,900.00","2,988.50",*,0,*,*,*,*,*,*,*,*,0,0,0,*,*,*,0,0,0
2020,Census Tract,4.0031.00,35,"2,300.00","2,786.83",27,*,3.00,4.00,2.00,3.99,12,2.87,3.98,*,*,*,*,*,*,*,0,0,0
2020,Census Tract,4.0033.00,108,"2,124.50","5,095.96",91,*,3.00,3.50,8.00,8.43,64,2.50,4.19,27,*,*,*,*,*,*,0,0,0
2020,Census Tract,4.0034.00,18,"2,968.00","7,688.17",17,0,3.08,3.39,20.01,17.38,13,5.42,5.98,*,*,*,*,0,0,0,0,0,0
2020,Census Tract,4.0038.00,19,"1,800.00","2,312.95",*,*,*,*,*,*,*,*,*,*,*,*,*,*,*,*,0,0,0
2020,Census Tract,4.0039.00,22,"2,650.00","4,704.23",11,*,2.00,2.53,5.92,9.14,*,*,*,*,*,*,*,*,*,*,0,0,0
2020,Census Tract,4.0040.01,23,"1,210.00","2,311.52",18,*,2.50,4.03,1.00,2.01,*,*,*,*,*,*,*,0,0,0,0,0,0
2020,Census Tract,4.0040.02,23,"1,512.00","2,159.39",17,0,2.12,2.75,5.00,6.23,10,2.50,3.88,*,*,*,*,0,0,0,0,0,0
2020,Census Tract,4.0042.00,11,"2,000.00","2,820.91",10,0,2.00,2.21,7.79,7.90,*,*,*,*,0,0,0,*,*,*,0,0,0
2020,Census Tract,4.0043.00,12,"1,288.00","1,882.42",10,0,3.23,5.05,1.00,4.10,*,*,*,*,*,*,*,0,0,0,0,0,0
2020,Census Tract,4.0044.01,11,"3,300.00","3,999.09",*,0,*,*,*,*,*,*,*,*,0,0,0,*,*,*,0,0,0
2020,Census Tract,4.0045.00,15,"1,250.00","1,586.33",12,0,4.00,3.94,6.08,8.30,12,3.58,4.79,*,*,*,*,0,0,0,0,0,0
2020,Census Tract,4.0047.00,13,"2,200.00","2,784.62",11,*,2.50,3.56,1.00,1.27,*,*,*,*,0,0,0,*,*,*,0,0,0
2020,Census Tract,4.0051.00,33,"1,100.00","3,244.27",26,*,3.25,3.85,9.50,9.98,16,4.00,4.40,*,*,*,*,*,*,*,0,0,0
2020,Census Tract,4.0053.00,28,"1,040.00","2,002.68",26,*,4.00,4.74,5.00,6.56,18,2.08,3.25,*,*,*,*,*,*,*,0,0,0
2020,Census Tract,4.0054.00,36,991.00,"3,212.94",30,*,3.00,3.59,2.40,4.97,11,3.50,3.69,*,*,*,*,*,*,*,0,0,0
2020,Census Tract,4.0055.00,43,"4,250.00","7,585.12",29,0,2.00,2.24,5.00,5.97,19,3.50,4.87,*,*,*,*,11,1.00,0.76,*,*,*
2020,Census Tract,4.0057.00,57,"1,940.00","4,443.21",42,*,2.89,3.54,2.00,5.21,21,4.00,4.15,*,*,*,*,10,1.00,1.00,*,*,*
2020,Census Tract,4.0058.00,19,"3,590.00","4,981.63",14,*,3.00,4.77,1.00,1.68,*,*,*,0,*,*,*,*,*,*,*,*,*
2020,Census Tract,4.0059.00,72,790.00,"1,904.65",61,*,4.20,5.07,5.00,7.26,29,3.08,3.77,*,*,*,*,*,*,*,0,0,0
2020,Census Tract,4.0061.00,81,"1,550.00","2,861.28",71,11,3.17,3.84,10.00,8.48,44,5.37,6.05,*,10,1.00,6.59,0,0,0,0,0,0
2020,Census Tract,4.0062.02,28,"4,971.50","7,042.64",19,*,3.00,4.11,10.06,10.68,15,6.25,8.55,0,*,*,*,*,*,*,*,*,*
2020,Census Tract,4.0063.00,81,"1,200.00","1,843.69",56,*,4.00,4.45,5.69,7.36,40,3.00,3.71,12,18,7.09,13.50,*,*,*,0,0,0
2020,Census Tract,4.0065.01,20,815.00,"1,132.70",16,*,6.00,5.54,5.00,5.13,*,*,*,*,*,*,*,*,*,*,*,*,*
2020,Census Tract,4.0065.02,41,"1,743.00","2,962.29",33,*,3.00,4.00,9.92,10.34,25,4.33,4.69,*,*,*,*,*,*,*,0,0,0
2020,Census Tract,4.0069.00,51,730.00,"1,077.76",43,13,2.82,2.99,4.00,5.49,26,2.96,3.17,11,*,*,*,*,*,*,0,0,0
2020,Census Tract,4.0071.00,61,"1,400.00","2,280.08",50,*,3.17,4.64,7.82,8.42,36,3.63,4.43,12,*,*,*,*,*,*,0,0,0
2020,Census Tract,4.0073.00,10,"1,925.00","2,441.10",*,*,*,*,*,*,*,*,*,*,*,*,*,0,0,0,0,0,0
2020,Census Tract,4.0075.00,13,"3,200.00","3,752.38",11,0,4.00,5.07,13.01,14.20,11,4.50,4.41,*,*,*,*,0,0,0,0,0,0
2020,Census Tract,4.0077.00,23,"1,750.00","3,171.35",23,*,4.00,3.76,20.01,18.62,21,4.41,4.80,*,0,0,0,0,0,0,0,0,0
2020,Census Tract,4.0079.00,21,873.00,"1,432.90",15,*,2.50,3.30,7.00,8.96,11,3.79,3.62,*,*,*,*,*,*,*,0,0,0
2020,Census Tract,4.0083.00,26,"2,000.00","2,333.81",14,0,2.50,3.54,3.00,5.34,*,*,*,*,*,*,*,*,*,*,0,0,0
2020,Census Tract,4.0085.00,41,"2,000.00","3,921.27",32,*,3.00,3.92,4.96,5.25,18,3.62,3.81,*,*,*,*,*,*,*,*,*,*
2020,Census Tract,4.0086.00,25,"2,400.00","4,524.00",23,0,2.00,5.09,1.00,4.37,*,*,*,*,*,*,*,*,*,*,0,0,0
2020,Census Tract,4.0088.00,22,"1,615.00","1,788.55",20,0,3.00,2.95,1.00,3.65,*,*,*,*,*,*,*,*,*,*,0,0,0
2020,Census Tract,4.0094.00,20,"1,609.00","3,492.35",14,*,2.38,6.22,5.00,5.01,*,*,*,*,*,*,*,0,0,0,0,0,0
2020,Census Tract,4.0096.00,15,800.00,"1,590.00",14,*,3.00,3.41,1.00,4.01,*,*,*,*,0,0,0,*,*,*,0,0,0
2020,Census Tract,4.0097.00,12,"1,200.00","1,229.17",10,*,3.25,3.74,9.51,7.99,*,*,*,*,*,*,*,0,0,0,0,0,0
2020,Census Tract,4.0098.00,31,"1,300.00","1,932.55",28,*,3.00,4.22,1.00,4.89,*,*,*,*,*,*,*,0,0,0,0,0,0
2020,Census Tract,4.0100.00,22,"1,125.00","1,730.41",16,0,3.00,3.12,1.00,2.93,*,*,*,*,*,*,*,*,*,*,0,0,0
2020,Census Tract,4.0101.00,13,570.00,888.00,13,0,3.00,3.04,1.00,1.08,0,0,0,0,0,0,0,0,0,0,0,0,0
2020,Census Tract,4.0102.00,11,"1,050.00","1,329.09",10,0,3.29,3.89,10.00,8.66,*,*,*,*,0,0,0,*,*,*,0,0,0
2020,Census Tract,4.0103.00,12,"1,162.50","14,959.75",11,0,2.00,2.08,6.00,10.47,*,*,*,*,*,*,*,0,0,0,0,0,0
2020,Census Tract,4.0104.00,13,"1,400.00","2,662.23",13,*,3.00,5.30,3.00,5.26,*,*,*,*,0,0,0,0,0,0,0,0,0
2020,Census Tract,4.0105.00,15,"1,049.00","1,075.87",14,0,2.00,2.21,10.00,10.81,13,4.75,5.56,*,0,0,0,*,*,*,0,0,0
2020,Census Tract,4.0106.00,24,"1,511.00","1,637.50",18,0,3.50,5.36,5.00,7.67,12,2.83,4.45,*,*,*,*,*,*,*,*,*,*
2020,Census Tract,4.0112.00,10,"3,750.00","5,200.40",*,0,*,*,*,*,*,*,*,0,*,*,*,*,*,*,0,0,0
2020,Census Tract,4.0113.00,52,"1,200.00","1,911.85",45,*,4.42,4.89,10.00,9.26,31,3.25,3.74,*,*,*,*,*,*,*,0,0,0
2020,Census Tract,4.0114.00,18,"3,847.50","5,764.72",11,0,3.42,4.98,1.00,2.31,*,*,*,*,*,*,*,*,*,*,0,0,0
2020,Census Tract,4.0115.00,129,"1,242.00","2,244.88",106,14,4.38,5.15,10.01,11.40,72,4.17,5.35,25,15,1.00,7.08,*,*,*,0,0,0
2020,Census Tract,4.0116.00,14,"1,022.50","1,338.93",13,*,3.00,3.48,1.00,6.58,*,*,*,*,*,*,*,0,0,0,0,0,0
2020,Census Tract,4.0117.00,21,"1,200.00","1,356.90",17,*,4.00,5.10,5.00,6.33,*,*,*,*,*,*,*,*,*,*,0,0,0
2020,Census Tract,4.0118.00,10,"1,000.00","2,440.70",*,*,*,*,*,*,0,0,0,0,*,*,*,0,0,0,0,0,0
2020,Census Tract,4.0119.00,27,"1,200.00","2,212.56",25,0,3.08,4.13,10.01,11.25,18,4.17,6.10,*,*,*,*,*,*,*,0,0,0
2020,Census Tract,4.0121.00,13,"1,059.00","1,304.46",11,0,4.00,4.77,5.00,4.80,*,*,*,*,*,*,*,0,0,0,0,0,0
2020,Census Tract,4.0122.00,18,"1,697.00","4,624.67",16,*,3.38,3.67,4.50,6.50,*,*,*,*,*,*,*,0,0,0,0,0,0
2020,Census Tract,4.0123.01,27,"1,200.00","3,850.56",21,*,3.00,4.21,3.50,6.34,*,*,*,*,*,*,*,*,*,*,0,0,0
2020,Census Tract,4.0124.00,14,"1,037.50","2,050.71",12,*,3.00,3.08,5.50,5.79,10,2.75,2.73,*,*,*,*,*,*,*,0,0,0
2020,Census Tract,4.0125.00,10,"1,360.00","2,667.00",*,*,*,*,*,*,*,*,*,*,*,*,*,*,*,*,0,0,0
2020,Census Tract,4.0126.01,38,"1,494.00","2,054.50",31,*,3.00,2.68,2.00,1.95,24,1.00,1.08,22,*,*,*,*,*,*,0,0,0
2020,Census Tract,4.0132.00,26,775.00,880.19,25,0,5.00,13.94,5.00,8.63,16,5.00,4.43,*,0,0,0,*,*,*,0,0,0
2020,Census Tract,4.0136.00,20,650.00,"1,653.45",17,0,4.00,4.48,3.59,5.14,*,*,*,*,*,*,*,*,*,*,0,0,0
2020,Census Tract,4.0137.00,22,"1,729.00","4,809.09",11,0,3.00,3.03,1.00,3.99,*,*,*,*,*,*,*,*,*,*,0,0,0
2020,Census Tract,4.0138.00,13,"1,307.00","4,547.46",*,*,*,*,*,*,*,*,*,*,*,*,*,*,*,*,0,0,0
2020,Census Tract,4.0140.00,11,"1,527.00","2,503.09",*,0,*,*,*,*,*,*,*,*,*,*,*,0,0,0,0,0,0
2020,Census Tract,4.0141.00,33,"2,500.00","2,939.09",22,0,4.00,4.51,6.27,7.35,13,7.00,8.41,0,*,*,*,*,*,*,0,0,0
2020,Census Tract,4.0142.01,15,"1,500.00","4,576.93",12,*,1.45,1.89,2.00,3.38,*,*,*,*,*,*,*,0,0,0,0,0,0
2020,Census Tract,4.0142.02,31,"2,200.00","8,747.97",26,*,3.00,5.47,10.02,10.97,13,4.42,6.59,*,*,*,*,*,*,*,0,0,0
2020,Census Tract,4.0143.00,41,"1,100.00","1,510.49",32,*,4.25,4.36,1.00,5.26,15,4.16,4.35,*,0,0,0,*,*,*,*,*,*
2020,Census Tract,4.0144.00,42,"1,050.00","1,571.67",35,*,6.00,14.46,10.00,7.15,19,2.92,3.45,*,*,*,*,*,*,*,0,0,0
2020,Census Tract,4.0147.00,46,900.00,"1,411.09",35,*,3.50,3.78,3.00,5.86,17,3.42,3.76,*,*,*,*,*,*,*,0,0,0
2020,Census Tract,4.0149.00,57,"1,325.00","2,198.16",51,*,3.00,3.33,6.00,9.11,36,3.58,4.76,12,0,0,0,*,*,*,0,0,0
2020,Census Tract,4.0151.00,13,412.00,938.00,12,*,4.70,4.79,5.00,7.74,*,*,*,*,*,*,*,0,0,0,0,0,0
2020,Census Tract,4.0153.00,15,"1,980.00","3,466.13",13,*,3.00,3.66,6.42,10.32,*,*,*,*,*,*,*,*,*,*,0,0,0
2020,Census Tract,4.0154.00,14,"1,550.00","2,243.29",12,*,3.00,3.39,1.00,2.93,*,*,*,*,*,*,*,*,*,*,0,0,0
2020,Census Tract,4.0155.00,151,"1,500.00","2,049.34",122,*,4.00,4.35,8.36,10.87,76,4.75,5.54,14,*,*,*,23,1.00,1.66,*,*,*
2020,Census Tract,4.0157.00,54,"2,000.00","4,273.13",43,11,3.58,3.97,10.17,11.56,39,3.50,4.94,15,*,*,*,*,*,*,0,0,0
2020,Census Tract,4.0158.01,23,"1,115.00","1,725.30",15,*,2.02,2.55,5.00,6.12,*,*,*,*,*,*,*,*,*,*,0,0,0
2020,Census Tract,4.0158.02,83,"1,100.00","1,550.87",68,*,4.00,4.13,5.96,9.44,35,3.50,3.92,13,10,1.00,7.95,*,*,*,0,0,0
2020,Census Tract,4.0159.00,17,"1,500.00","5,262.41",11,0,3.08,3.65,2.00,6.80,*,*,*,*,*,*,*,0,0,0,0,0,0
2020,Census Tract,4.0161.00,25,"1,752.00","2,453.20",19,*,4.00,5.14,2.00,5.38,*,*,*,0,*,*,*,*,*,*,0,0,0
2020,Census Tract,4.0163.00,23,"1,000.00","3,672.87",20,*,2.58,2.49,1.00,3.42,*,*,*,0,*,*,*,*,*,*,0,0,0
2020,Census Tract,4.0166.00,24,"1,150.00","1,991.63",18,0,2.00,2.47,1.00,5.18,*,*,*,*,*,*,*,*,*,*,0,0,0
2020,Census Tract,4.0169.00,12,600.00,705.42,11,0,5.00,5.27,13.01,17.30,11,4.75,4.91,*,0,0,0,*,*,*,0,0,0
2020,Census Tract,4.0171.00,56,"3,402.50","12,511.32",42,*,2.00,2.70,10.31,12.40,38,4.00,4.84,11,*,*,*,*,*,*,*,*,*
2020,Census Tract,4.0179.00,60,"2,925.00","4,878.50",39,*,2.80,3.79,5.00,6.82,25,2.33,3.41,13,*,*,*,16,1.50,3.56,*,*,*
2020,Census Tract,4.0181.01,33,600.00,969.67,31,*,5.00,4.59,8.00,8.69,24,2.79,3.34,*,0,0,0,*,*,*,0,0,0
2020,Census Tract,4.0181.02,20,765.00,"1,560.00",19,0,5.00,6.00,10.01,10.65,13,4.09,4.87,*,0,0,0,*,*,*,0,0,0
2020,Census Tract,4.0183.00,95,900.00,"1,760.17",89,*,4.58,4.90,5.00,7.63,49,4.58,4.62,*,*,*,*,*,*,*,0,0,0
2020,Census Tract,4.0185.01,14,690.00,683.71,12,*,2.46,3.15,5.00,4.66,*,*,*,*,*,*,*,*,*,*,0,0,0
2020,Census Tract,4.0185.02,38,843.50,946.42,37,*,3.00,3.52,5.00,5.50,22,2.66,3.05,11,0,0,0,*,*,*,0,0,0
2020,Census Tract,4.0189.00,20,"1,330.00","3,674.60",13,*,2.00,2.29,1.00,5.62,*,*,*,*,*,*,*,*,*,*,0,0,0
2020,Census Tract,4.0190.00,22,"1,000.00","1,295.91",20,0,2.00,2.67,1.00,4.90,*,*,*,*,*,*,*,*,*,*,0,0,0
2020,Census Tract,4.0199.00,77,"3,710.00","8,824.18",56,*,2.00,2.52,6.00,7.42,32,2.25,3.21,15,*,*,*,15,1.00,1.35,0,0,0
2020,Census Tract,4.0205.00,15,"6,000.00","9,195.87",*,*,*,*,*,*,*,*,*,*,*,*,*,0,0,0,0,0,0
2020,Census Tract,4.0208.00,18,"1,268.00","2,298.56",15,*,2.50,3.27,6.00,8.57,11,2.00,2.03,*,*,*,*,0,0,0,0,0,0
2020,Census Tract,4.0212.00,42,"1,596.50","2,480.71",35,*,4.00,10.88,5.00,6.99,22,3.33,3.52,*,*,*,*,*,*,*,0,0,0
2020,Census Tract,4.0214.00,56,"1,100.00","1,777.84",51,*,6.83,19.66,10.00,9.21,38,4.71,5.08,*,*,*,*,*,*,*,0,0,0
2020,Census Tract,4.0216.00,60,"1,088.00","1,361.33",43,0,3.44,4.45,10.37,13.45,28,5.33,4.88,*,*,*,*,15,1.00,1.32,0,0,0
2020,Census Tract,4.0219.00,26,"11,700.00","18,865.23",21,*,2.00,3.10,4.96,4.16,13,2.00,2.48,*,*,*,*,0,0,0,0,0,0
2020,Census Tract,4.0220.02,11,885.00,994.55,*,0,*,*,*,*,*,*,*,*,0,0,0,*,*,*,0,0,0
2020,Census Tract,4.0230.00,16,932.00,"1,719.75",14,*,4.26,6.82,1.00,1.57,*,*,*,*,*,*,*,*,*,*,0,0,0
2020,Census Tract,4.0235.00,59,776.00,"4,123.34",50,*,3.13,4.23,1.00,7.59,19,4.67,6.32,*,*,*,*,*,*,*,0,0,0
2020,Census Tract,4.0236.00,43,741.00,"1,058.74",36,0,4.00,10.57,8.09,12.60,25,4.01,4.40,*,*,*,*,*,*,*,0,0,0
2020,Census Tract,4.0238.00,40,"1,050.00","1,681.20",34,0,3.88,4.77,5.04,5.82,22,2.00,3.75,10,*,*,*,*,*,*,0,0,0
2020,Census Tract,4.0240.00,52,"1,287.50","3,495.06",46,0,3.00,6.58,8.00,9.22,38,3.04,3.49,14,*,*,*,*,*,*,0,0,0
2020,Census Tract,4.0245.00,28,"1,740.00","3,635.18",26,0,3.00,2.62,2.00,4.62,*,*,*,*,0,0,0,*,*,*,0,0,0
2020,Census Tract,4.0249.00,20,"1,553.00","3,031.85",16,0,2.00,2.30,2.75,7.20,*,*,*,*,*,*,*,0,0,0,0,0,0
2020,Census Tract,4.0251.00,25,700.00,"1,243.12",25,*,3.00,3.25,5.59,7.74,21,2.58,2.94,*,0,0,0,0,0,0,0,0,0
2020,Census Tract,4.0253.01,44,"1,514.50","2,095.41",41,*,4.00,4.21,5.00,6.20,26,1.37,2.61,14,*,*,*,*,*,*,0,0,0
2020,Census Tract,4.0253.02,35,"1,670.00","2,568.34",30,*,3.00,3.40,1.00,4.45,11,3.67,4.88,*,*,*,*,*,*,*,*,*,*
2020,Census Tract,4.0254.00,13,"2,700.00","4,166.92",*,*,*,*,*,*,*,*,*,*,*,*,*,0,0,0,0,0,0
2020,Census Tract,4.0255.00,23,"2,635.00","4,945.09",19,0,2.00,2.67,10.00,12.11,15,3.16,3.89,*,*,*,*,0,0,0,0,0,0
2020,Census Tract,4.0257.00,22,"2,526.50","4,499.41",10,*,1.75,1.95,1.00,3.46,*,*,*,*,10,1.00,1.00,*,*,*,0,0,0
2020,Census Tract,4.0259.00,51,"1,000.00","1,770.18",45,*,3.61,4.27,10.00,15.87,34,5.42,7.10,*,*,*,*,*,*,*,0,0,0
2020,Census Tract,4.0261.00,117,922.00,"1,634.09",111,*,3.86,3.96,6.00,7.00,87,3.25,3.68,26,*,*,*,*,*,*,0,0,0
2020,Census Tract,4.0263.00,50,"1,000.00","2,817.56",49,*,4.00,4.38,1.00,5.78,21,3.25,4.12,*,0,0,0,*,*,*,0,0,0
2020,Census Tract,4.0265.00,41,990.00,"2,032.29",36,*,6.05,6.82,5.34,7.95,28,3.67,5.38,*,0,0,0,*,*,*,0,0,0
2020,Census Tract,4.0267.00,63,"1,100.00","1,832.10",56,*,5.00,5.65,6.30,9.78,35,3.08,3.73,13,*,*,*,*,*,*,0,0,0
2020,Census Tract,4.0269.01,104,"1,010.00","1,721.01",96,*,5.00,7.09,9.09,9.09,72,4.00,4.80,19,*,*,*,*,*,*,0,0,0
2020,Census Tract,4.0269.02,30,800.50,"1,648.40",24,0,5.83,9.16,7.25,10.47,22,1.58,5.12,11,*,*,*,*,*,*,0,0,0
2020,Census Tract,4.0271.00,49,862.00,"1,023.86",46,*,4.00,7.42,5.00,6.67,30,1.67,3.50,13,0,0,0,*,*,*,0,0,0
2020,Census Tract,4.0272.00,13,800.00,"1,702.08",11,0,3.13,3.37,1.00,6.08,*,*,*,0,*,*,*,0,0,0,0,0,0
2020,Census Tract,4.0273.00,122,969.00,"1,589.06",111,*,5.00,7.11,9.90,10.16,78,4.42,4.81,20,*,*,*,*,*,*,0,0,0
2020,Census Tract,4.0275.00,70,900.00,"1,086.77",65,*,4.50,5.06,5.00,7.39,36,2.08,2.95,20,*,*,*,*,*,*,0,0,0
2020,Census Tract,4.0277.00,81,928.00,"1,109.69",71,*,5.00,5.94,5.00,5.86,44,2.41,2.71,17,*,*,*,*,*,*,0,0,0
2020,Census Tract,4.0279.00,52,"1,189.50","1,986.81",48,0,6.25,15.14,5.00,8.45,32,2.54,4.59,12,*,*,*,*,*,*,0,0,0
2020,Census Tract,4.0281.00,28,836.00,"1,555.43",26,0,8.00,7.91,10.00,9.68,19,4.50,4.89,*,0,0,0,*,*,*,0,0,0
2020,Census Tract,4.0282.00,18,960.00,"1,244.78",16,0,3.50,4.09,5.00,8.22,11,2.33,3.31,*,*,*,*,*,*,*,0,0,0
2020,Census Tract,4.0283.00,156,"1,400.00","2,447.12",144,*,6.27,8.06,10.00,9.40,109,3.16,4.01,33,*,*,*,10,1.00,1.10,*,*,*
2020,Census Tract,4.0284.00,23,"1,300.00","1,918.00",22,0,3.00,3.15,1.00,2.68,*,*,*,*,*,*,*,0,0,0,0,0,0
2020,Census Tract,4.0285.00,29,800.00,"1,113.86",28,*,6.00,7.43,4.47,6.81,14,2.54,2.95,*,0,0,0,*,*,*,0,0,0
2020,Census Tract,4.0287.00,78,900.00,"1,830.28",68,*,8.00,11.06,10.00,8.26,47,4.58,5.03,*,*,*,*,*,*,*,0,0,0
2020,Census Tract,4.0289.00,103,"1,200.00","1,758.17",92,*,7.00,7.46,10.00,11.67,71,4.92,4.64,19,*,*,*,*,*,*,0,0,0
2020,Census Tract,4.0291.00,38,"1,000.00","3,878.82",36,0,5.00,6.48,1.00,4.51,*,*,*,*,*,*,*,*,*,*,0,0,0
2020,Census Tract,4.0293.00,13,"2,200.00","6,733.15",*,*,*,*,*,*,0,0,0,0,*,*,*,0,0,0,0,0,0
2020,Census Tract,4.0294.00,25,"1,000.00","1,253.76",19,0,2.92,3.36,5.00,7.38,15,3.67,4.39,*,*,*,*,*,*,*,0,0,0
2020,Census Tract,4.0295.00,45,"1,000.00","2,514.00",43,0,3.00,3.16,1.00,3.78,*,*,*,*,*,*,*,*,*,*,0,0,0
2020,Census Tract,4.0297.00,76,"2,744.00","4,377.16",60,*,2.10,3.65,3.00,7.53,36,2.46,3.08,15,14,1.00,9.26,*,*,*,0,0,0
2020,Census Tract,4.0306.00,52,"1,550.00","6,182.52",44,0,2.00,2.23,2.00,3.79,*,*,*,*,*,*,*,*,*,*,0,0,0
2020,Census Tract,4.0309.02,19,"1,520.00","3,112.63",11,*,4.00,3.82,12.01,12.87,10,3.00,2.83,*,*,*,*,*,*,*,0,0,0
2020,Census Tract,4.0309.03,51,"1,570.00","3,834.86",47,*,3.00,3.44,14.01,16.84,40,4.00,5.41,*,*,*,*,*,*,*,0,0,0
2020,Census Tract,4.0320.00,55,"1,935.00","6,532.95",38,*,2.00,2.13,2.09,3.39,19,2.00,2.09,10,*,*,*,10,1.00,1.00,0,0,0
2020,Census Tract,4.0328.00,11,"1,020.00","1,350.36",11,0,3.00,3.73,1.00,1.00,0,0,0,0,0,0,0,0,0,0,0,0,0
2020,Census Tract,4.0329.00,27,"1,125.00","6,611.04",26,0,3.25,4.07,10.17,9.75,24,4.34,4.75,*,*,*,*,0,0,0,0,0,0
2020,Census Tract,4.0334.01,15,"1,100.00","2,266.53",14,0,3.00,2.71,1.00,2.89,*,*,*,*,0,0,0,*,*,*,*,*,*
2020,Census Tract,4.0334.02,17,"1,100.00","1,536.00",16,0,2.00,1.81,6.11,5.00,10,1.58,2.00,*,0,0,0,*,*,*,0,0,0
2020,Census Tract,4.0337.00,11,900.00,"1,195.45",10,0,4.50,4.30,10.00,10.02,*,*,*,*,0,0,0,*,*,*,0,0,0
2020,Census Tract,4.0339.00,15,"1,110.00","1,620.87",15,0,4.00,9.13,1.00,5.75,*,*,*,*,0,0,0,0,0,0,0,0,0
2020,Census Tract,4.0347.00,11,"2,000.00","3,903.00",*,0,*,*,*,*,*,*,*,*,*,*,*,*,*,*,*,*,*
2020,Census Tract,4.0351.00,12,"1,000.00","1,235.58",11,*,3.60,3.12,7.00,5.08,*,*,*,*,*,*,*,0,0,0,0,0,0
2020,Census Tract,4.0352.00,35,"2,014.00","4,849.74",24,0,4.00,4.72,10.03,11.90,16,3.88,4.57,*,*,*,*,*,*,*,0,0,0
2020,Census Tract,4.0353.00,24,900.00,"1,485.67",18,0,4.00,15.50,1.00,4.63,*,*,*,*,*,*,*,*,*,*,0,0,0
2020,Census Tract,4.0358.00,18,"2,150.00","4,132.06",12,*,2.33,3.07,10.01,13.05,*,*,*,*,*,*,*,*,*,*,0,0,0
2020,Census Tract,4.0365.00,11,"1,000.00","1,879.55",*,0,*,*,*,*,*,*,*,*,*,*,*,0,0,0,0,0,0
2020,Census Tract,4.0366.00,31,"1,100.00","2,956.97",29,*,3.00,5.58,6.00,7.52,17,3.00,4.12,*,*,*,*,0,0,0,0,0,0
2020,Census Tract,4.0375.00,108,"1,010.00","1,406.98",102,*,5.00,6.65,4.92,7.57,56,4.33,4.67,15,*,*,*,*,*,*,0,0,0
2020,Census Tract,4.0376.00,10,800.00,905.00,*,*,*,*,*,*,*,*,*,*,*,*,*,0,0,0,0,0,0
2020,Census Tract,4.0377.00,10,"1,330.00","1,573.00",*,0,*,*,*,*,*,*,*,*,0,0,0,*,*,*,0,0,0
2020,Census Tract,4.0379.00,18,"1,300.00","1,775.17",15,0,4.00,4.16,6.01,6.04,13,1.67,3.37,*,*,*,*,*,*,*,0,0,0
2020,Census Tract,4.0383.01,29,"1,400.00","1,772.66",27,*,3.00,7.98,1.00,2.16,13,1.00,0.87,12,0,0,0,*,*,*,0,0,0
2020,Census Tract,4.0384.00,12,910.00,"1,820.58",*,0,*,*,*,*,*,*,*,*,*,*,*,0,0,0,0,0,0
2020,Census Tract,4.0394.00,21,980.00,"2,637.76",17,0,30.00,22.00,3.00,7.24,10,1.54,1.75,*,*,*,*,0,0,0,0,0,0
2020,Census Tract,4.0399.00,23,"1,134.00","1,994.57",20,0,2.26,4.54,5.50,6.40,13,3.71,3.82,*,0,0,0,*,*,*,*,*,*
2020,Census Tract,4.0401.00,24,"1,260.00","2,128.67",19,0,3.64,5.68,10.00,8.13,14,6.19,6.24,*,*,*,*,*,*,*,0,0,0
2020,Census Tract,4.0403.00,49,940.00,"1,992.29",43,*,4.00,5.30,1.00,4.49,21,3.00,3.21,*,*,*,*,*,*,*,0,0,0
2020,Census Tract,4.0405.00,129,"1,020.00","1,786.02",112,18,4.00,4.67,5.00,6.21,60,3.92,5.26,*,*,*,*,12,1.00,1.06,0,0,0
2020,Census Tract,4.0407.00,46,975.00,"1,478.37",43,*,3.43,4.11,6.00,8.51,35,2.16,3.43,16,*,*,*,*,*,*,0,0,0
2020,Census Tract,4.0409.00,23,790.00,947.43,23,*,6.00,5.69,1.00,4.76,*,*,*,*,0,0,0,0,0,0,0,0,0
2020,Census Tract,4.0413.00,14,"1,275.00","2,496.29",*,0,*,*,*,*,*,*,*,0,*,*,*,*,*,*,0,0,0
2020,Census Tract,4.0415.00,16,"2,850.00","3,200.00",13,0,2.00,7.75,5.08,8.39,*,*,*,0,*,*,*,0,0,0,0,0,0
2020,Census Tract,4.0427.00,24,"1,050.00","1,204.42",23,*,3.00,9.81,5.00,5.34,14,5.21,4.85,*,*,*,*,0,0,0,0,0,0
2020,Census Tract,4.0439.00,25,"1,300.00","2,009.88",22,*,5.00,12.39,7.00,7.28,14,3.54,4.48,*,*,*,*,0,0,0,0,0,0
2020,Census Tract,4.0440.00,17,"5,700.00","9,663.06",15,0,1.50,1.70,5.00,9.39,13,2.41,2.67,*,*,*,*,0,0,0,0,0,0
2020,Census Tract,4.0443.01,14,"1,176.00","1,407.21",11,*,2.00,2.65,1.00,1.00,0,0,0,0,*,*,*,*,*,*,0,0,0
2020,Census Tract,4.0443.02,31,"1,400.00","2,093.84",27,*,3.88,5.54,5.00,6.79,18,2.00,2.38,*,*,*,*,0,0,0,0,0,0
2020,Census Tract,4.0444.00,75,"4,600.00","9,695.37",66,*,2.00,6.51,5.88,8.30,45,2.92,3.90,15,*,*,*,*,*,*,0,0,0
2020,Census Tract,4.0446.01,158,"2,089.00","4,357.26",134,*,5.00,10.26,10.01,10.06,96,4.00,4.92,26,*,*,*,18,1.00,3.92,*,*,*
2020,Census Tract,4.0446.02,39,900.00,"1,273.56",38,*,4.00,8.15,5.00,6.64,22,3.54,3.26,*,0,0,0,*,*,*,0,0,0
2020,Census Tract,4.0450.00,11,"1,200.00","1,138.36",11,0,3.00,3.09,1.00,2.27,*,*,*,0,0,0,0,0,0,0,0,0,0
2020,Census Tract,4.0454.00,26,750.00,"1,043.50",25,*,6.00,6.44,1.00,4.15,*,*,*,*,*,*,*,0,0,0,0,0,0
2020,Census Tract,4.0455.00,44,"2,021.00","3,973.68",29,0,4.00,3.66,10.45,12.26,28,3.88,4.90,*,*,*,*,14,5.00,3.41,*,*,*
2020,Census Tract,4.0458.00,30,"1,160.00","2,143.73",29,0,3.00,5.34,10.01,8.25,19,3.75,4.30,*,0,0,0,*,*,*,0,0,0
2020,Census Tract,4.0460.00,63,"1,470.00","3,879.60",54,*,4.00,9.52,7.74,10.10,45,2.33,3.14,21,*,*,*,*,*,*,0,0,0
2020,Census Tract,4.0461.00,28,650.00,735.68,25,0,3.38,3.50,4.00,3.94,13,3.00,2.92,*,*,*,*,*,*,*,0,0,0
2020,Census Tract,4.0462.00,43,"1,750.00","2,192.53",35,*,4.00,7.21,5.00,7.51,25,2.24,4.06,12,*,*,*,*,*,*,0,0,0
2020,Census Tract,4.0463.00,13,837.00,"1,261.23",12,*,6.50,5.83,1.00,5.59,*,*,*,*,0,0,0,*,*,*,0,0,0
2020,Census Tract,4.0465.00,50,605.00,842.08,45,*,5.50,8.51,1.00,2.89,12,2.79,3.33,*,*,*,*,*,*,*,0,0,0
2020,Census Tract,4.0466.00,40,"1,300.00","1,890.75",38,0,3.24,3.48,1.50,6.69,19,5.25,5.39,*,*,*,*,0,0,0,0,0,0
2020,Census Tract,4.0468.00,18,600.00,"2,043.56",17,0,2.21,5.62,4.25,6.01,11,3.84,5.49,*,0,0,0,*,*,*,0,0,0
2020,Census Tract,4.0469.00,28,"1,340.00","2,448.39",28,0,2.00,2.83,15.22,19.73,28,4.00,5.87,*,0,0,0,0,0,0,0,0,0
2020,Census Tract,4.0470.00,21,"1,000.00","2,583.81",17,0,3.00,5.71,1.00,2.26,*,*,*,*,*,*,*,*,*,*,0,0,0
2020,Census Tract,4.0471.00,35,"1,000.00","1,075.60",32,*,4.00,5.51,3.99,4.95,17,2.00,3.51,*,*,*,*,*,*,*,*,*,*
2020,Census Tract,4.0473.00,52,"1,250.00","4,667.27",39,18,5.00,7.80,10.18,10.80,28,3.38,4.58,11,*,*,*,*,*,*,0,0,0
2020,Census Tract,4.0475.00,43,809.00,"1,629.86",33,*,3.00,4.47,5.00,5.97,19,3.00,4.24,*,*,*,*,*,*,*,0,0,0
2020,Census Tract,4.0478.00,52,"1,488.00","2,186.60",50,0,3.79,4.53,10.00,17.79,40,3.97,7.38,10,0,0,0,*,*,*,0,0,0
2020,Census Tract,4.0479.00,20,"1,329.00","2,772.85",17,0,3.00,3.38,1.00,5.05,*,*,*,*,*,*,*,*,*,*,0,0,0
2020,Census Tract,4.0480.00,15,"1,200.00","1,843.33",12,0,3.00,3.58,5.00,7.55,*,*,*,*,0,0,0,*,*,*,*,*,*
2020,Census Tract,4.0481.00,29,720.00,921.31,26,0,5.83,5.75,5.79,7.52,20,2.45,2.99,*,*,*,*,*,*,*,0,0,0
2020,Census Tract,4.0483.00,18,"1,000.00","1,351.17",16,0,2.50,2.99,1.00,3.23,*,*,*,*,*,*,*,0,0,0,0,0,0
2020,Census Tract,4.0484.00,15,"1,000.00","1,730.47",14,*,2.00,2.42,5.72,7.93,10,4.08,4.16,*,*,*,*,0,0,0,0,0,0
2020,Census Tract,4.0485.00,56,"1,325.00","4,604.48",45,*,4.00,5.70,5.00,6.81,30,3.00,3.88,11,*,*,*,*,*,*,0,0,0
2020,Census Tract,4.0489.00,18,"5,196.50","10,551.50",15,*,2.00,2.34,5.17,10.90,12,2.58,4.99,*,*,*,*,*,*,*,*,*,*
2020,Census Tract,4.0492.00,13,"1,500.00","1,845.38",11,0,3.00,3.18,5.75,6.50,*,*,*,*,0,0,0,*,*,*,0,0,0
2020,Census Tract,4.0493.02,44,"1,910.00","3,015.48",38,*,2.67,2.81,5.04,7.19,23,3.25,3.81,*,*,*,*,*,*,*,0,0,0
2020,Census Tract,4.0496.00,14,"1,292.50","1,453.64",12,0,2.00,3.08,4.50,6.07,*,*,*,*,*,*,*,*,*,*,0,0,0
2020,Census Tract,4.0499.00,16,"4,013.00","8,523.44",13,0,2.00,2.85,10.01,9.65,11,4.50,4.86,*,*,*,*,*,*,*,0,0,0
2020,Census Tract,4.0500.00,21,820.00,"1,180.24",20,0,2.50,2.60,9.00,10.63,18,3.71,5.89,*,*,*,*,0,0,0,0,0,0
2020,Census Tract,4.0512.00,20,"1,431.00","2,265.30",19,0,1.88,2.47,1.00,3.05,*,*,*,*,*,*,*,0,0,0,0,0,0
2020,Census Tract,4.0517.00,36,"1,000.00","2,291.83",30,*,3.00,2.92,5.73,8.00,15,5.00,4.35,*,*,*,*,*,*,*,0,0,0
2020,Census Tract,4.0521.00,13,"1,276.00","3,734.54",13,*,2.00,2.45,3.00,7.56,*,*,*,*,0,0,0,0,0,0,0,0,0
2020,Census Tract,4.0530.00,10,692.50,"1,346.10",*,0,*,*,*,*,0,0,0,0,*,*,*,*,*,*,*,*,*
2020,Census Tract,4.0531.00,44,"2,750.00","4,168.09",35,*,1.63,2.09,3.00,6.67,19,2.25,4.01,11,*,*,*,*,*,*,0,0,0
2020,Census Tract,4.0532.00,19,700.00,"1,724.26",17,0,4.78,15.91,1.00,5.11,*,*,*,*,*,*,*,0,0,0,0,0,0
2020,Census Tract,4.0534.01,12,"1,200.00","2,082.75",11,0,2.00,5.27,10.01,10.43,*,*,*,*,0,0,0,*,*,*,0,0,0
2020,Census Tract,4.0535.00,35,"4,500.00","15,032.40",24,*,1.67,1.61,5.92,5.94,17,3.33,3.57,*,*,*,*,*,*,*,0,0,0
2020,Census Tract,4.0539.00,18,"7,500.00","7,888.89",15,*,2.00,3.17,2.00,6.60,*,*,*,*,*,*,*,*,*,*,0,0,0
2020,Census Tract,4.0540.00,36,"1,745.00","3,229.67",32,*,2.00,3.68,5.62,8.96,24,4.04,5.31,*,*,*,*,*,*,*,0,0,0
2020,Census Tract,4.0542.00,22,"1,250.00","1,393.59",16,*,2.00,2.64,2.67,4.24,*,*,*,*,*,*,*,*,*,*,0,0,0
2020,Census Tract,4.0545.00,11,"1,350.00","1,545.45",*,*,*,*,*,*,*,*,*,*,*,*,*,*,*,*,0,0,0
2020,Census Tract,4.0547.00,28,880.00,"1,488.29",23,0,2.75,2.77,1.00,4.27,10,3.36,3.99,*,*,*,*,*,*,*,0,0,0
2020,Census Tract,4.0549.00,59,875.00,"2,167.47",53,*,4.00,3.53,5.00,6.12,28,4.34,4.95,*,0,0,0,*,*,*,*,*,*
2020,Census Tract,4.0551.00,90,800.00,"1,390.14",70,*,3.00,3.37,3.83,5.65,37,3.00,3.72,10,*,*,*,14,0.88,0.95,0,0,0
2020,Census Tract,4.0553.00,56,"1,641.50","2,740.98",48,*,3.00,3.12,9.13,12.24,36,3.08,4.46,13,*,*,*,*,*,*,0,0,0
2020,Census Tract,4.0555.00,18,"1,300.00","1,851.11",15,*,2.00,2.31,2.00,3.87,*,*,*,*,*,*,*,*,*,*,0,0,0
2020,Census Tract,4.0557.00,27,"1,050.00","1,816.96",20,0,2.83,2.80,5.65,11.51,12,2.87,2.99,*,*,*,*,*,*,*,0,0,0
2020,Census Tract,4.0559.00,12,"1,260.00","2,089.83",*,*,*,*,*,*,*,*,*,*,*,*,*,0,0,0,0,0,0
2020,Census Tract,4.0566.00,17,"1,400.00","2,280.76",11,0,2.83,2.64,7.17,11.48,*,*,*,*,*,*,*,0,0,0,0,0,0
2020,Census Tract,4.0568.00,59,"1,000.00","3,116.98",44,*,2.46,5.20,2.00,5.56,13,4.84,7.68,*,*,*,*,11,0.67,0.89,0,0,0
2020,Census Tract,4.0577.00,34,975.00,"1,828.35",31,*,1.92,2.27,5.00,7.72,17,1.75,2.83,12,*,*,*,*,*,*,0,0,0
2020,Census Tract,4.0581.00,22,630.00,954.32,19,*,3.50,3.81,1.00,4.52,*,*,*,0,*,*,*,*,*,*,0,0,0
2020,Census Tract,4.0582.00,14,"1,350.00","3,626.21",10,0,2.00,2.22,1.00,6.48,*,*,*,*,*,*,*,*,*,*,0,0,0
2020,Census Tract,4.0583.00,27,800.00,"1,123.26",24,*,3.00,3.17,4.98,5.61,14,3.46,4.05,*,*,*,*,*,*,*,0,0,0
2020,Census Tract,4.0585.00,22,575.00,935.50,21,*,3.33,4.02,1.00,3.81,11,3.08,3.39,*,*,*,*,0,0,0,0,0,0
2020,Census Tract,4.0587.00,19,664.00,"1,347.42",17,0,3.33,3.77,5.00,6.12,*,*,*,*,0,0,0,*,*,*,0,0,0
2020,Census Tract,4.0589.00,20,625.00,790.20,14,*,2.15,2.66,5.00,5.13,12,1.45,1.78,*,*,*,*,*,*,*,0,0,0
2020,Census Tract,4.0591.00,13,"1,485.00","1,655.00",10,0,1.75,2.01,7.46,7.43,*,*,*,*,*,*,*,*,*,*,0,0,0
2020,Census Tract,4.0593.00,21,800.00,"1,638.00",18,*,4.00,3.43,2.50,9.25,*,*,*,*,*,*,*,0,0,0,0,0,0
2020,Census Tract,4.0595.00,15,700.00,"1,628.53",13,*,3.57,4.05,1.00,8.45,*,*,*,*,0,0,0,*,*,*,0,0,0
2020,Census Tract,4.0601.00,13,800.00,"1,790.00",11,0,2.80,2.79,2.00,6.92,*,*,*,*,*,*,*,*,*,*,0,0,0
2020,Census Tract,4.0603.00,17,"3,428.00","4,692.41",16,*,2.92,3.36,14.09,14.39,12,2.68,4.03,*,*,*,*,0,0,0,0,0,0
2020,Census Tract,4.0613.01,51,900.00,"2,009.35",43,*,3.08,3.72,5.00,7.49,28,2.25,3.13,13,*,*,*,*,*,*,0,0,0
2020,Census Tract,4.0618.00,11,"1,600.00","3,567.91",10,*,3.12,4.45,1.00,1.00,0,0,0,0,*,*,*,0,0,0,0,0,0
2020,Census Tract,4.0619.00,25,960.00,"1,976.08",21,*,2.40,2.58,6.00,7.01,12,1.66,3.72,*,*,*,*,*,*,*,0,0,0
2020,Census Tract,4.0621.00,20,"1,225.00","2,615.90",15,*,3.00,3.83,10.00,9.42,12,2.43,3.33,*,*,*,*,0,0,0,0,0,0
2020,Census Tract,4.0622.00,12,"1,200.00","2,626.67",12,*,2.56,2.91,5.00,9.29,12,3.48,3.81,*,0,0,0,0,0,0,0,0,0
2020,Census Tract,4.0626.00,24,800.00,"3,207.75",20,0,2.00,2.70,5.04,7.65,18,1.37,3.29,11,*,*,*,*,*,*,0,0,0
2020,Census Tract,4.0627.00,18,600.00,"1,602.22",14,*,2.00,2.85,3.00,6.30,*,*,*,*,*,*,*,*,*,*,0,0,0
2020,Census Tract,4.0629.00,25,"1,100.00","2,950.00",21,0,2.75,2.63,5.00,7.77,11,4.67,4.37,*,*,*,*,*,*,*,0,0,0
2020,Census Tract,4.0632.00,57,"1,024.00","1,565.44",51,*,3.00,3.59,5.00,7.26,35,2.08,3.33,16,*,*,*,*,*,*,0,0,0
2020,Census Tract,4.0637.00,34,"2,712.50","9,978.21",26,0,2.00,7.81,11.17,13.37,16,2.21,6.03,*,*,*,*,*,*,*,0,0,0
2020,Census Tract,4.0638.00,17,"1,240.00","1,621.71",17,*,2.00,3.22,5.00,5.50,12,2.68,3.74,*,0,0,0,0,0,0,0,0,0
2020,Census Tract,4.0645.00,21,"1,100.00","1,733.76",17,0,3.50,3.47,1.00,6.04,*,*,*,*,*,*,*,*,*,*,0,0,0
2020,Census Tract,4.0654.00,22,"1,200.00","2,090.64",19,0,2.63,4.41,1.00,6.60,*,*,*,*,*,*,*,*,*,*,0,0,0
2020,Census Tract,4.0656.00,14,"1,200.00","1,330.64",11,0,4.00,5.89,2.00,4.73,*,*,*,*,*,*,*,*,*,*,0,0,0
2020,Census Tract,4.0657.02,13,"1,350.00","1,835.38",10,0,1.74,2.03,1.00,3.12,*,*,*,*,*,*,*,*,*,*,0,0,0
2020,Census Tract,4.0657.03,27,"1,665.00","1,926.26",23,*,3.00,3.06,1.00,6.43,*,*,*,*,*,*,*,0,0,0,0,0,0
2020,Census Tract,4.0664.00,11,"1,500.00","5,598.36",*,*,*,*,*,*,*,*,*,*,*,*,*,*,*,*,0,0,0
2020,Census Tract,4.0669.00,10,"1,200.00","1,889.00",10,0,2.92,3.39,5.33,6.23,*,*,*,*,0,0,0,0,0,0,0,0,0
2020,Census Tract,4.0671.00,22,"1,000.00","1,935.36",20,0,2.85,2.93,5.00,14.08,14,4.17,8.11,*,*,*,*,*,*,*,0,0,0
2020,Census Tract,4.0679.00,24,"1,050.00","1,561.25",18,*,3.00,4.28,5.08,7.23,16,4.00,4.21,*,0,0,0,*,*,*,0,0,0
2020,Census Tract,4.0683.00,20,"2,295.00","13,611.80",15,*,6.38,7.62,5.00,6.40,10,5.71,5.41,*,*,*,*,*,*,*,0,0,0
2020,Census Tract,4.0687.00,19,915.00,"1,304.95",17,*,3.13,3.30,5.00,8.78,11,2.08,2.67,*,*,*,*,*,*,*,0,0,0
2020,Census Tract,4.0693.00,89,"1,550.00","2,122.65",84,*,4.58,7.42,10.01,12.64,55,4.58,5.67,10,0,0,0,*,*,*,0,0,0
2020,Census Tract,4.0695.00,26,"1,422.00","2,781.35",24,0,3.00,7.62,10.01,10.16,17,4.33,4.11,*,*,*,*,0,0,0,0,0,0
2020,Census Tract,4.0697.01,14,"1,265.00","2,371.43",13,*,2.00,2.14,9.00,11.31,11,3.08,5.65,*,0,0,0,*,*,*,0,0,0
2020,Census Tract,4.0697.02,15,"1,000.00","2,919.60",*,*,*,*,*,*,*,*,*,*,*,*,*,*,*,*,0,0,0
2020,Census Tract,4.0707.00,16,800.00,"1,442.19",15,*,3.00,3.13,7.92,7.20,11,4.25,4.39,*,0,0,0,*,*,*,0,0,0
2020,Census Tract,4.0709.00,13,"1,050.00","1,882.15",11,0,3.00,8.16,4.00,7.91,*,*,*,*,0,0,0,*,*,*,0,0,0
2020,Census Tract,4.0711.00,99,"1,700.00","3,090.36",96,*,7.58,9.83,10.01,11.23,70,4.37,4.75,20,0,0,0,*,*,*,0,0,0
2020,Census Tract,4.0713.03,48,"1,100.00","1,727.46",42,*,5.00,10.88,12.68,13.99,40,3.84,4.03,13,*,*,*,0,0,0,0,0,0
2020,Census Tract,4.0713.04,37,"1,000.00","2,991.38",35,0,3.00,4.83,10.00,10.43,21,5.00,5.56,*,0,0,0,*,*,*,0,0,0
2020,Census Tract,4.0713.05,11,"1,725.00","2,585.00",11,0,5.00,4.55,10.29,12.23,*,*,*,*,0,0,0,0,0,0,0,0,0
2020,Census Tract,4.0713.06,35,975.00,"1,390.20",34,*,4.50,9.13,10.01,11.29,33,3.16,3.91,15,0,0,0,*,*,*,0,0,0
2020,Census Tract,4.0717.01,60,"1,500.00","6,349.95",48,0,5.00,5.52,10.17,11.18,36,3.83,5.20,12,*,*,*,*,*,*,*,*,*
2020,Census Tract,4.0717.02,37,"1,374.00","8,581.86",28,*,7.00,8.46,10.51,10.12,20,5.29,5.53,*,*,*,*,*,*,*,0,0,0
2020,Census Tract,4.0723.00,14,700.00,687.93,14,0,3.42,3.50,5.34,6.84,13,3.42,4.11,*,0,0,0,0,0,0,0,0,0
2020,Census Tract,4.0731.00,20,"1,208.00","2,007.65",14,*,2.63,9.29,1.00,4.46,*,*,*,*,*,*,*,*,*,*,0,0,0
2020,Census Tract,4.0737.00,117,"1,200.00","2,320.03",101,16,6.50,8.20,10.01,12.07,90,3.25,3.80,32,*,*,*,14,1.00,1.00,0,0,0
2020,Census Tract,4.0743.00,46,"1,330.00","2,386.17",37,0,2.00,2.56,10.01,13.87,35,5.00,4.70,*,*,*,*,*,*,*,0,0,0
2020,Census Tract,4.0757.01,73,"1,176.00","3,773.15",69,*,5.00,13.94,10.00,10.31,53,3.58,4.64,16,*,*,*,*,*,*,0,0,0
2020,Census Tract,4.0757.02,28,681.00,777.46,26,*,3.36,6.29,9.98,11.53,21,5.58,5.19,*,0,0,0,*,*,*,0,0,0
2020,Census Tract,4.0769.01,28,840.00,"1,821.39",28,0,5.00,5.84,10.01,12.47,26,4.00,4.77,*,0,0,0,0,0,0,0,0,0
2020,Census Tract,4.0769.02,23,"1,150.00","1,753.30",20,0,6.00,5.70,13.49,16.28,20,4.05,4.30,*,*,*,*,*,*,*,0,0,0
2020,Census Tract,4.0775.00,36,"1,200.00","1,331.00",33,0,3.00,11.58,7.00,8.14,25,3.75,4.18,*,*,*,*,*,*,*,0,0,0
2020,Census Tract,4.0779.02,41,"1,260.00","1,721.54",37,0,5.00,10.12,7.00,9.10,25,3.75,4.94,*,*,*,*,*,*,*,0,0,0
2020,Census Tract,4.0779.04,54,"1,000.00","1,490.31",52,0,5.00,12.18,3.85,9.20,23,5.00,4.84,*,0,0,0,*,*,*,0,0,0
2020,Census Tract,4.0779.06,24,"1,235.50","1,639.42",21,*,9.00,23.11,1.00,7.87,*,*,*,*,0,0,0,*,*,*,0,0,0
2020,Census Tract,4.0779.07,21,"1,080.00","2,156.14",21,0,4.31,8.88,5.00,6.20,15,1.08,2.14,10,0,0,0,0,0,0,0,0,0
2020,Census Tract,4.0797.01,23,900.00,"1,379.57",20,*,6.43,10.22,5.00,6.69,15,1.00,2.43,*,*,*,*,*,*,*,0,0,0
2020,Census Tract,4.0797.02,57,983.00,"1,257.88",50,*,4.00,21.67,8.42,16.28,30,2.41,12.74,12,*,*,*,*,*,*,0,0,0
2020,Census Tract,4.0799.00,32,"1,101.00","1,809.53",27,0,47.00,37.85,5.00,4.33,14,2.67,2.55,*,*,*,*,*,*,*,0,0,0
2020,Census Tract,4.0809.00,16,"1,096.50","2,005.81",16,0,43.00,36.07,1.00,2.86,*,*,*,0,0,0,0,0,0,0,0,0,0
2020,Census Tract,4.0814.00,11,"2,000.00","1,845.45",*,*,*,*,*,*,*,*,*,*,*,*,*,0,0,0,0,0,0
2020,Census Tract,4.0837.00,12,810.00,"1,457.50",12,*,5.74,5.58,8.01,9.56,10,6.21,5.04,*,0,0,0,0,0,0,0,0,0
2020,Census Tract,4.0838.00,21,850.00,"1,695.24",21,*,3.00,3.45,7.00,9.99,19,2.00,2.67,11,0,0,0,0,0,0,0,0,0
2020,Census Tract,4.0840.00,38,"1,287.50","2,687.89",23,*,2.00,3.66,1.00,7.51,*,*,*,*,12,1.00,3.28,*,*,*,*,*,*
2020,Census Tract,4.0845.00,17,"1,200.00","2,177.88",14,0,3.00,3.43,6.50,8.03,13,2.33,2.03,*,*,*,*,*,*,*,0,0,0
2020,Census Tract,4.0849.00,175,980.00,"2,341.46",136,14,5.00,9.05,4.29,5.73,71,3.42,4.37,27,16,1.00,3.50,23,1.00,1.54,*,*,*
2020,Census Tract,4.0853.00,114,"1,128.00","4,041.40",102,18,8.08,17.44,5.08,7.33,63,2.25,3.70,28,*,*,*,*,*,*,*,*,*
2020,Census Tract,4.0855.00,24,"1,050.00","1,447.92",17,*,1.85,3.07,1.00,6.79,*,*,*,*,0,0,0,*,*,*,*,*,*
2020,Census Tract,4.0857.00,22,717.00,862.59,19,0,3.00,2.67,6.00,6.40,12,3.92,4.31,*,0,0,0,*,*,*,0,0,0
2020,Census Tract,4.0859.00,34,840.00,"1,474.85",32,0,7.00,6.88,13.67,16.84,30,4.67,5.03,*,0,0,0,*,*,*,*,*,*
2020,Census Tract,4.0864.00,13,"4,000.00","18,032.15",11,0,2.00,2.36,3.00,5.33,*,*,*,0,*,*,*,0,0,0,0,0,0
2020,Census Tract,4.0865.00,49,"2,075.00","3,246.02",42,*,4.00,5.84,6.00,7.53,36,2.62,3.45,13,*,*,*,*,*,*,0,0,0
2020,Census Tract,4.0869.00,277,"1,600.00","3,134.50",232,37,4.00,10.09,4.16,6.14,121,2.41,3.22,49,14,1.34,15.33,31,1.00,2.88,0,0,0
2020,Census Tract,4.0871.00,353,"1,600.00","4,479.63",307,30,6.38,11.69,5.50,6.99,208,3.44,3.96,50,14,1.00,3.13,32,1.00,1.19,*,*,*
2020,Census Tract,4.0884.00,15,"2,000.00","4,816.53",12,0,6.67,9.39,4.38,8.60,*,*,*,*,*,*,*,0,0,0,0,0,0
2020,Census Tract,4.0889.01,54,"1,510.00","2,475.65",49,*,4.00,21.72,1.00,2.58,12,2.96,2.89,*,0,0,0,*,*,*,0,0,0
2020,Census Tract,4.0892.00,116,"1,500.00","3,801.63",95,*,3.96,4.46,8.01,8.39,75,3.42,4.48,17,*,*,*,12,1.00,1.42,0,0,0
2020,Census Tract,4.0907.00,34,"2,000.00","12,623.94",24,0,2.00,3.38,1.00,2.21,*,*,*,0,*,*,*,*,*,*,*,*,*
2020,Census Tract,4.0919.00,37,"1,759.00","6,250.51",23,*,2.00,3.88,5.00,7.15,17,2.33,4.39,*,*,*,*,*,*,*,0,0,0
2020,Census Tract,4.0925.00,63,"1,600.00","1,738.17",47,*,2.00,3.48,5.00,5.15,28,2.87,3.53,*,13,1.00,4.38,*,*,*,0,0,0
2020,Census Tract,4.0929.00,26,775.00,"1,323.73",21,0,2.37,4.48,1.00,3.66,*,*,*,*,*,*,*,*,*,*,0,0,0
2020,Census Tract,4.0934.02,23,"1,000.00","1,466.30",19,0,3.03,4.63,1.00,10.83,*,*,*,*,*,*,*,*,*,*,0,0,0
2020,Census Tract,4.0938.00,65,"1,500.00","3,186.26",59,*,3.00,3.85,10.00,10.59,46,2.83,3.86,19,*,*,*,*,*,*,0,0,0
2020,Census Tract,4.0942.01,17,"1,400.00","1,707.94",15,*,2.77,3.66,1.00,4.01,*,*,*,*,*,*,*,*,*,*,0,0,0
2020,Census Tract,4.0942.02,26,"1,070.00","1,858.31",17,*,3.00,3.69,5.00,5.15,11,2.41,3.03,*,*,*,*,0,0,0,0,0,0
2020,Census Tract,4.0942.03,20,"1,900.00","3,993.05",14,*,2.00,1.79,10.06,13.65,12,3.46,5.05,*,*,*,*,*,*,*,0,0,0
2020,Census Tract,4.0945.00,59,"3,500.00","12,638.54",49,*,3.00,4.63,13.25,15.60,42,3.92,5.12,*,*,*,*,*,*,*,0,0,0
2020,Census Tract,4.0947.00,20,"2,000.00","2,667.00",12,0,3.33,4.55,1.00,6.19,*,*,*,*,*,*,*,*,*,*,0,0,0
2020,Census Tract,4.0954.00,18,"1,357.00","1,648.50",18,0,4.00,3.94,10.01,11.29,18,6.63,6.15,*,0,0,0,0,0,0,0,0,0
2020,Census Tract,4.0981.00,52,"1,483.50","2,296.90",44,*,3.00,8.97,5.00,5.23,25,2.00,3.32,16,*,*,*,0,0,0,0,0,0
2020,Census Tract,4.0987.00,70,"1,259.00","3,170.67",54,*,3.50,4.80,11.41,14.18,38,2.79,4.55,14,*,*,*,11,1.00,1.38,0,0,0
2020,Census Tract,4.0992.00,11,"1,500.00","4,463.36",*,0,*,*,*,*,*,*,*,0,*,*,*,*,*,*,0,0,0
2020,Census Tract,4.0997.04,65,"3,145.00","4,912.63",55,*,5.00,5.51,15.57,18.12,53,3.22,3.95,11,0,0,0,10,0.46,0.56,0,0,0
2020,Census Tract,4.0998.01,17,920.00,"2,576.35",17,0,5.00,6.25,16.01,18.46,16,4.17,4.18,*,0,0,0,0,0,0,0,0,0
2020,Census Tract,4.1008.02,38,"1,575.00","3,450.47",33,*,2.51,3.15,6.00,9.39,30,1.50,2.67,16,*,*,*,*,*,*,0,0,0
2020,Census Tract,4.1010.01,63,"1,100.00","1,700.00",54,*,3.00,3.44,5.08,8.53,40,2.60,2.95,16,*,*,*,*,*,*,0,0,0
2020,Census Tract,4.1017.00,66,"1,025.00","1,793.86",57,*,3.00,7.24,10.01,13.68,49,4.58,5.51,13,*,*,*,*,*,*,0,0,0
2020,Census Tract,4.1032.01,30,990.00,"1,488.03",24,*,3.00,3.31,10.00,10.52,22,4.17,5.82,*,0,0,0,*,*,*,0,0,0
2020,Census Tract,4.1032.02,41,"1,200.00","4,554.20",36,*,3.00,2.46,10.21,14.88,31,2.41,2.84,15,*,*,*,*,*,*,0,0,0
2020,Census Tract,4.1039.00,18,"1,002.50","1,344.39",15,*,5.00,7.26,1.00,3.64,*,*,*,*,*,*,*,0,0,0,0,0,0
2020,Census Tract,4.1047.00,25,"1,500.00","2,732.60",23,0,25.00,28.04,10.00,9.58,20,4.13,5.05,*,*,*,*,*,*,*,0,0,0
2020,Census Tract,4.1085.00,14,"1,312.50","2,758.57",13,0,3.00,7.50,1.00,3.95,*,*,*,*,0,0,0,*,*,*,0,0,0
2020,Census Tract,4.1099.00,49,900.00,"1,543.59",42,*,2.00,3.73,1.00,3.15,19,1.16,2.14,*,*,*,*,*,*,*,0,0,0
2020,Census Tract,4.1123.00,93,"1,200.00","1,618.27",83,11,4.00,6.22,1.00,5.03,38,3.31,4.10,12,*,*,*,*,*,*,0,0,0
2020,Census Tract,4.1129.00,18,"1,500.00","1,410.44",15,*,4.00,3.67,1.00,7.63,*,*,*,0,*,*,*,*,*,*,0,0,0
2020,Census Tract,4.1139.00,30,"1,210.00","2,073.00",25,0,3.09,3.24,5.00,6.35,19,1.75,2.78,11,*,*,*,0,0,0,0,0,0
2020,Census Tract,4.1155.00,30,"1,100.00","1,640.70",28,*,3.82,7.89,6.00,5.18,15,5.00,4.98,*,0,0,0,*,*,*,0,0,0
2020,Census Tract,4.1157.00,50,"1,164.00","2,434.86",41,15,4.50,24.14,5.00,6.59,25,2.58,3.85,10,*,*,*,*,*,*,0,0,0
2020,Census Tract,4.1159.00,17,"1,149.00","2,121.94",15,*,3.00,4.89,1.00,5.52,*,*,*,0,0,0,0,*,*,*,0,0,0
2020,Census Tract,4.1163.00,43,"1,500.00","2,912.16",37,*,7.00,21.24,12.01,11.14,24,7.96,8.86,*,0,0,0,*,*,*,0,0,0
2020,Census Tract,4.1167.00,31,"1,300.00","1,380.94",28,*,3.85,15.52,7.00,7.14,22,4.46,4.25,*,*,*,*,*,*,*,0,0,0
2020,Census Tract,4.1171.00,209,"1,240.00","1,486.24",174,*,4.00,4.64,6.00,6.61,128,3.71,4.37,36,*,*,*,28,1.00,1.07,*,*,*
2020,Census Tract,4.1175.00,38,965.50,"3,111.84",30,*,3.90,5.30,10.01,11.89,27,4.00,4.35,*,*,*,*,*,*,*,0,0,0
2020,Census Tract,4.1181.00,19,"3,500.00","3,898.11",18,0,3.51,5.02,10.00,12.07,12,5.71,6.11,*,*,*,*,0,0,0,0,0,0
2020,Census Tract,4.1185.00,23,667.00,"1,184.78",19,*,2.90,3.57,1.00,2.61,*,*,*,0,*,*,*,*,*,*,0,0,0
2020,Census Tract,4.1191.00,51,"1,370.00","1,624.37",44,*,3.00,4.50,1.00,3.25,20,2.87,3.04,*,*,*,*,*,*,*,0,0,0
2020,Census Tract,4.1205.00,15,"1,050.00","3,168.93",15,0,6.00,21.75,1.00,7.09,*,*,*,*,0,0,0,0,0,0,0,0,0
2020,Census Tract,4.1207.00,16,"1,400.00","2,082.75",13,*,3.00,5.00,1.00,2.88,*,*,*,*,0,0,0,*,*,*,0,0,0
2020,Census Tract,4.1223.00,12,"1,000.00","1,885.00",*,0,*,*,*,*,0,0,0,0,*,*,*,*,*,*,0,0,0
2020,Census Tract,4.1227.01,50,"1,050.00","3,047.66",29,*,3.00,3.60,10.00,13.81,24,3.08,4.38,*,15,1.00,2.48,*,*,*,0,0,0
2020,Census Tract,4.1227.02,33,"1,659.00","3,880.85",30,0,2.00,5.03,1.00,3.94,*,*,*,*,*,*,*,*,*,*,0,0,0
2020,Census Tract,4.1241.00,19,900.00,"1,537.21",15,0,4.95,6.93,14.67,12.20,13,4.50,4.22,*,*,*,*,*,*,*,0,0,0
2020,Census Tract,4.1257.00,15,"1,500.00","6,593.00",13,0,2.00,2.64,8.00,9.28,10,3.71,5.21,*,*,*,*,0,0,0,0,0,0
2020,Census Tract,4.1265.00,23,"1,400.00","2,047.26",21,*,3.00,10.18,10.00,10.27,17,4.50,3.68,*,0,0,0,*,*,*,0,0,0
2020,Census Tract,4.1267.00,15,"1,220.00","1,660.13",12,0,5.00,12.02,1.14,4.19,*,*,*,*,*,*,*,*,*,*,0,0,0
2020,Census Tract,4.1277.00,74,"1,075.00","2,273.64",68,*,3.17,9.51,5.00,8.10,44,3.71,4.67,11,*,*,*,*,*,*,0,0,0
2020,Census Tract,4.1291.02,22,"1,160.00","2,001.82",21,0,2.25,3.34,9.75,7.98,16,4.79,4.87,*,*,*,*,0,0,0,0,0,0
2020,Census Tract,4.1291.03,22,"1,650.00","3,058.45",21,0,6.00,5.67,16.24,17.93,21,2.41,3.42,11,0,0,0,*,*,*,0,0,0
2020,Census Tract,4.1291.04,24,"1,050.00","1,139.58",15,0,4.00,3.53,10.00,11.09,14,4.79,5.38,*,*,*,*,*,*,*,0,0,0
2020,Census Tract,4.1301.00,17,"2,800.00","6,804.53",16,*,3.35,3.79,15.35,18.07,13,4.67,5.50,*,0,0,0,*,*,*,0,0,0
2020,Census Tract,4.1333.00,46,"1,150.00","1,604.83",44,0,3.00,3.51,10.00,13.03,39,2.67,4.69,16,*,*,*,0,0,0,0,0,0
2020,Census Tract,4.1339.00,35,870.00,"1,360.49",33,0,5.00,15.18,5.00,5.46,18,3.04,3.32,*,0,0,0,*,*,*,0,0,0
2020,Census Tract,4.1341.00,45,"1,415.00","1,891.29",43,*,3.00,5.23,4.58,5.29,22,3.12,3.97,*,*,*,*,*,*,*,0,0,0
2020,Census Tract,4.1347.00,67,"1,775.00","7,783.72",60,*,4.83,5.08,20.07,22.43,58,3.12,3.97,16,0,0,0,*,*,*,0,0,0
2020,Census Tract,4.1367.00,39,"1,440.00","2,497.82",35,0,4.92,4.62,11.19,13.93,30,3.96,5.12,10,*,*,*,*,*,*,0,0,0
2020,Census Tract,4.1377.00,32,"1,200.00","1,881.25",28,0,3.00,3.94,10.00,9.81,26,4.33,4.22,*,0,0,0,*,*,*,0,0,0
2020,Census Tract,4.1399.00,10,999.00,"1,156.60",*,*,*,*,*,*,*,*,*,*,0,0,0,*,*,*,0,0,0
2020,Census Tract,4.1417.00,16,"4,000.00","5,624.38",15,*,31.00,28.40,10.00,10.84,15,4.58,3.77,*,*,*,*,0,0,0,0,0,0
2020,Census Tract,4.1429.00,21,"1,025.00","1,737.24",17,*,4.00,6.12,5.00,5.52,13,2.58,3.24,*,*,*,*,0,0,0,0,0,0
2020,Census Tract,4.1435.00,16,825.00,"1,071.38",15,*,2.00,3.00,5.00,7.21,10,4.75,5.15,*,*,*,*,0,0,0,0,0,0
2020,Census Tract,4.1447.00,48,"1,523.50","3,143.94",35,*,3.60,4.28,5.00,5.96,24,3.17,4.21,10,*,*,*,*,*,*,0,0,0
2020,Census Tract,4.1451.01,23,"1,314.00","4,605.96",23,0,3.92,6.81,6.00,11.04,19,4.00,5.99,*,0,0,0,0,0,0,0,0,0
2020,Census Tract,4.1451.02,13,880.00,"1,709.92",11,0,7.00,9.97,7.51,9.30,*,*,*,*,*,*,*,0,0,0,0,0,0
2020,Census Tract,4.1459.00,29,"1,000.00","2,641.69",21,*,3.00,6.56,9.92,10.83,13,3.75,4.12,*,*,*,*,*,*,*,0,0,0
2020,Census Tract,4.1463.00,30,"1,955.00","2,319.17",22,*,4.21,7.00,5.04,6.63,16,3.67,4.18,*,*,*,*,*,*,*,*,*,*
2020,Census Tract,4.1467.00,92,"1,500.00","2,438.08",75,*,4.00,5.72,5.00,6.01,38,3.97,5.41,*,*,*,*,10,1.00,0.86,0,0,0
2020,Census Tract,4.1471.00,68,"1,215.00","2,663.74",60,*,4.00,4.40,4.00,7.63,23,5.00,7.68,*,*,*,*,*,*,*,0,0,0
2020,Census Tract,4.1479.00,106,"1,200.00","1,790.37",86,*,3.00,6.98,5.25,8.02,55,3.17,4.22,22,*,*,*,11,1.00,1.22,*,*,*
2020,Census Tract,4.1507.01,25,"1,000.00","4,687.96",22,*,4.00,11.09,10.01,10.38,20,4.25,3.83,*,*,*,*,*,*,*,0,0,0
2020,Census Tract,4.1507.02,58,"1,500.00","2,240.55",46,0,4.75,8.92,10.01,11.19,35,3.09,3.51,*,*,*,*,*,*,*,0,0,0
2020,Census Tract,4.1529.01,24,"1,750.00","28,617.71",13,*,2.67,3.50,15.01,27.93,12,5.34,14.22,*,*,*,*,*,*,*,0,0,0
2020,Census Tract,4.1529.02,24,"1,040.00","2,071.00",20,0,3.29,3.26,14.88,20.28,18,3.67,4.56,*,0,0,0,*,*,*,0,0,0
2020,Census Tract,4.1551.01,21,"1,140.00","2,659.95",17,0,1.00,2.12,4.25,8.85,14,1.12,3.82,10,0,0,0,*,*,*,0,0,0
2020,Census Tract,4.1551.02,50,"1,407.50","5,351.78",49,*,4.00,3.87,15.01,17.14,48,3.42,5.23,15,0,0,0,*,*,*,0,0,0
2020,Census Tract,4.1571.01,43,"1,240.00","1,672.67",39,*,3.00,3.55,10.00,11.38,32,4.08,4.96,11,*,*,*,*,*,*,0,0,0
2020,Census Tract,4.1579.01,21,"1,037.00","1,888.05",16,*,3.68,3.82,6.36,12.78,11,3.08,7.83,*,*,*,*,*,*,*,0,0,0
2020,Census Tract,4.1579.02,27,"1,190.00","1,818.41",20,*,4.00,4.16,7.13,7.55,14,3.58,4.80,*,*,*,*,*,*,*,0,0,0
2020,Census Tract,4.1579.03,18,800.00,"2,053.28",12,0,3.00,2.64,1.50,7.36,*,*,*,*,*,*,*,0,0,0,0,0,0
2020,Census Tract,4.1617.00,11,"2,250.00","6,675.27",*,0,*,*,*,*,*,*,*,*,*,*,*,0,0,0,0,0,0
2020,Census Tract,4.1621.00,15,"1,000.00","1,439.73",13,0,1.83,2.46,2.00,3.71,*,*,*,*,*,*,*,*,*,*,0,0,0
2020,Census Tract,5.0000.00,37,"2,800.00","6,023.16",24,*,5.00,8.70,15.04,17.38,20,5.21,6.00,*,*,*,*,*,*,*,0,0,0
2022,Census Tract,3.0642.00,11,"1,200","1,024",10,*,2.50,4.26,1.00,1.41,*,*,*,*,*,*,*,*,*,*,- 0,- 0,- 0
2020,Census Tract,5.0003.00,83,"1,031.00","2,053.90",68,0,2.43,3.11,3.29,5.54,36,0.96,1.64,23,*,*,*,11,1.00,1.01,0,0,0
2020,Census Tract,5.0006.00,37,"1,400.00","3,051.35",29,*,2.54,4.92,5.01,6.78,18,4.00,5.56,*,*,*,*,*,*,*,0,0,0
2020,Census Tract,5.0008.00,28,"1,675.00","3,440.89",21,*,2.75,4.93,7.34,7.83,12,5.22,5.38,*,*,*,*,*,*,*,0,0,0
2020,Census Tract,5.0021.00,89,"1,800.00","3,659.02",65,*,2.20,3.63,5.00,8.27,38,4.57,5.31,11,10,1.00,13.38,14,1.00,0.98,*,*,*
2020,Census Tract,5.0027.00,18,"1,400.00","1,752.17",*,0,*,*,*,*,*,*,*,*,*,*,*,*,*,*,0,0,0
2020,Census Tract,5.0040.00,27,"1,034.00","5,397.70",19,*,2.00,1.98,1.00,1.40,*,*,*,*,*,*,*,*,*,*,0,0,0
2020,Census Tract,5.0047.00,15,"1,200.00","1,286.93",10,*,4.00,3.79,10.00,8.90,10,5.00,4.70,*,*,*,*,*,*,*,0,0,0
2020,Census Tract,5.0050.00,14,"1,085.50","1,215.21",11,0,4.00,8.20,5.00,6.65,*,*,*,*,*,*,*,0,0,0,0,0,0
2020,Census Tract,5.0059.00,19,"1,060.00","2,021.37",16,*,3.13,4.08,9.00,10.77,15,1.00,4.97,*,*,*,*,*,*,*,0,0,0
2020,Census Tract,5.0064.00,54,"1,550.00","2,473.15",43,*,2.45,7.57,4.00,6.78,22,2.58,3.79,*,*,*,*,*,*,*,0,0,0
2020,Census Tract,5.0067.00,20,"1,026.00","2,329.10",16,0,3.00,2.93,2.61,4.90,*,*,*,*,*,*,*,*,*,*,0,0,0
2020,Census Tract,5.0070.00,60,"1,075.00","2,846.65",49,*,4.00,8.49,1.00,3.74,14,2.41,3.29,*,*,*,*,*,*,*,0,0,0
2020,Census Tract,5.0074.00,24,"1,250.00","1,956.04",20,*,3.00,3.75,1.00,4.93,*,*,*,*,*,*,*,*,*,*,0,0,0
2020,Census Tract,5.0081.00,10,"2,384.00","3,302.80",*,0,*,*,*,*,*,*,*,*,*,*,*,0,0,0,0,0,0
2020,Census Tract,5.0096.01,39,"1,516.00","2,570.41",29,*,3.23,10.50,1.00,4.64,*,*,*,*,*,*,*,*,*,*,0,0,0
2020,Census Tract,5.0096.02,32,"1,800.00","2,669.53",22,0,18.00,17.48,8.17,11.52,10,4.77,8.15,*,*,*,*,*,*,*,0,0,0
2020,Census Tract,5.0105.00,44,"1,200.00","2,034.55",33,*,2.50,3.73,5.00,7.82,19,0.92,1.17,15,*,*,*,*,*,*,0,0,0
2020,Census Tract,5.0112.01,41,"1,250.00","2,489.95",35,*,3.00,4.26,5.00,6.28,22,2.16,3.18,10,*,*,*,*,*,*,0,0,0
2020,Census Tract,5.0112.02,56,"1,275.00","1,567.48",43,*,2.00,4.74,2.00,4.30,21,1.41,2.79,*,11,13.01,7.64,*,*,*,0,0,0
2020,Census Tract,5.0114.01,32,"1,434.00","2,505.69",24,0,3.65,6.60,1.00,2.42,*,*,*,*,*,*,*,*,*,*,*,*,*
2020,Census Tract,5.0114.02,27,"1,214.00","2,190.33",20,*,3.50,6.43,9.99,9.02,13,5.92,5.46,*,*,*,*,*,*,*,0,0,0
2020,Census Tract,5.0121.00,32,"1,350.00","1,868.94",25,*,3.00,2.96,3.50,5.64,11,2.67,3.07,*,*,*,*,*,*,*,0,0,0
2020,Census Tract,5.0122.00,104,"1,500.00","1,839.54",83,*,3.00,4.69,2.00,4.46,28,3.77,3.74,10,15,9.61,10.53,*,*,*,0,0,0
2020,Census Tract,5.0128.04,76,"2,862.00","6,220.28",64,*,5.00,14.77,11.22,13.13,55,9.09,9.31,*,*,*,*,10,1.50,1.50,0,0,0
2020,Census Tract,5.0128.06,30,"2,107.00","5,635.97",24,*,4.50,6.75,11.54,14.99,22,4.33,5.39,*,*,*,*,*,*,*,0,0,0
2020,Census Tract,5.0132.03,18,"1,500.00","2,081.44",11,0,1.41,1.51,5.00,7.30,*,*,*,*,*,*,*,*,*,*,0,0,0
2020,Census Tract,5.0132.04,13,"1,200.00","1,301.77",*,0,*,*,*,*,*,*,*,*,*,*,*,0,0,0,0,0,0
2020,Census Tract,5.0133.02,84,"2,250.00","3,208.80",50,*,2.00,3.30,1.00,4.37,14,3.46,3.66,*,27,1.00,7.23,*,*,*,*,*,*
2020,Census Tract,5.0134.00,75,"1,200.00","1,729.13",54,*,2.33,5.32,1.00,5.14,18,7.46,8.83,*,17,1.00,9.98,*,*,*,0,0,0
2020,Census Tract,5.0138.00,24,"1,880.00","6,739.33",20,0,36.00,31.08,10.23,15.14,15,4.00,4.41,*,*,*,*,0,0,0,0,0,0
2020,Census Tract,5.0146.04,72,"1,690.00","3,015.86",58,*,4.00,14.82,3.35,6.81,31,4.67,5.54,*,11,1.00,2.96,*,*,*,0,0,0
2020,Census Tract,5.0146.05,19,"1,400.00","1,606.26",16,*,2.50,8.00,5.00,6.88,12,3.75,4.58,*,*,*,*,*,*,*,0,0,0
2020,Census Tract,5.0146.06,26,"1,756.00","4,417.88",22,0,36.00,29.09,11.18,13.03,14,5.33,5.41,*,*,*,*,*,*,*,0,0,0
2020,Census Tract,5.0146.07,51,"1,750.00","3,564.02",46,*,28.50,23.57,17.03,19.57,45,2.89,4.65,17,*,*,*,*,*,*,0,0,0
2020,Census Tract,5.0147.00,14,"1,400.00","1,723.93",*,0,*,*,*,*,*,*,*,*,*,*,*,*,*,*,0,0,0
2020,Census Tract,5.0151.00,57,"1,159.00","1,697.75",44,*,3.00,4.44,5.00,7.47,26,4.63,4.71,*,10,1.00,5.56,*,*,*,0,0,0
2020,Census Tract,5.0156.01,59,"1,333.00","2,554.92",42,0,35.00,27.09,5.00,6.30,25,2.92,3.93,*,14,1.00,2.50,*,*,*,0,0,0
2020,Census Tract,5.0156.02,20,"1,387.00","1,643.90",17,0,3.00,2.76,9.01,8.47,15,2.08,4.49,*,*,*,*,0,0,0,0,0,0
2020,Census Tract,5.0156.03,27,"1,200.00","1,811.04",20,*,3.70,10.79,1.00,4.31,*,*,*,*,*,*,*,*,*,*,0,0,0
2020,Census Tract,5.0169.01,38,"1,600.00","2,409.42",31,0,2.33,3.43,5.00,7.34,22,0.75,3.25,*,*,*,*,*,*,*,0,0,0
2020,Census Tract,5.0170.05,40,"1,125.00","1,770.48",25,0,3.00,3.79,1.00,2.55,*,*,*,*,14,1.00,1.52,*,*,*,0,0,0
2020,Census Tract,5.0170.10,19,"1,410.00","3,972.21",19,0,32.00,28.46,20.01,21.93,18,4.92,4.96,*,0,0,0,0,0,0,0,0,0
2020,Census Tract,5.0170.11,23,"1,200.00","1,966.52",21,*,3.00,2.80,7.16,5.69,11,4.67,3.88,*,*,*,*,0,0,0,0,0,0
2020,Census Tract,5.0177.00,10,"1,350.00","1,900.00",*,0,*,*,*,*,*,*,*,0,*,*,*,0,0,0,0,0,0
2020,Census Tract,5.0181.00,33,800.00,"1,585.18",28,*,2.58,4.27,1.00,4.82,13,3.67,4.29,*,*,*,*,*,*,*,0,0,0
2020,Census Tract,5.0187.01,36,"1,067.50","1,340.56",24,*,3.00,5.04,1.00,4.61,10,2.58,2.93,*,*,*,*,*,*,*,0,0,0
2020,Census Tract,5.0187.02,19,"1,150.00","2,895.53",19,0,3.50,4.79,11.34,12.60,19,4.75,5.46,*,0,0,0,0,0,0,0,0,0
2020,Census Tract,5.0189.01,27,"1,313.00","1,958.78",15,*,2.62,11.45,1.00,3.86,*,*,*,*,11,1.00,5.26,*,*,*,0,0,0
2020,Census Tract,5.0198.00,35,880.00,"1,267.17",29,*,4.00,12.24,5.00,5.49,10,2.58,3.28,*,*,*,*,*,*,*,0,0,0
2020,Census Tract,5.0201.00,48,"1,500.00","3,660.08",37,*,3.33,5.57,10.01,11.32,29,4.42,4.80,*,*,*,*,*,*,*,0,0,0
2020,Census Tract,5.0207.00,46,"2,165.00","3,073.17",31,0,1.21,2.92,5.00,5.70,25,1.58,2.41,14,12,1.00,1.00,*,*,*,*,*,*
2020,Census Tract,5.0208.01,69,"1,800.00","4,209.25",60,0,4.50,12.90,10.00,11.22,54,4.02,6.01,15,*,*,*,*,*,*,0,0,0
2020,Census Tract,5.0213.00,45,"1,326.00","2,472.31",24,*,3.00,6.15,1.00,1.64,*,*,*,*,12,1.00,2.72,*,*,*,0,0,0
2020,Census Tract,5.0223.00,24,"2,520.00","3,871.25",21,*,2.00,2.07,2.00,3.74,*,*,*,*,*,*,*,0,0,0,0,0,0
2020,Census Tract,5.0226.00,213,"2,100.00","6,516.65",164,12,3.00,4.60,1.00,5.82,57,3.42,7.75,10,35,1.00,3.63,14,1.00,0.97,0,0,0
2020,Census Tract,5.0228.00,18,"1,450.00","1,828.28",15,0,3.32,6.57,6.03,7.22,13,2.20,2.59,*,*,*,*,0,0,0,0,0,0
2020,Census Tract,5.0231.00,22,"1,750.00","2,294.09",17,*,3.00,2.47,5.51,7.63,12,1.79,4.64,*,*,*,*,*,*,*,0,0,0
2020,Census Tract,5.0247.00,18,"2,150.00","2,907.56",13,*,3.90,3.39,10.00,11.47,*,*,*,*,*,*,*,0,0,0,0,0,0
2020,Census Tract,5.0248.00,99,"1,382.00","2,185.65",78,*,3.00,3.61,2.00,6.63,36,2.25,4.16,14,16,1.00,3.27,*,*,*,0,0,0
2020,Census Tract,5.0251.00,12,"2,000.00","6,136.08",11,*,2.50,8.17,10.01,9.18,*,*,*,*,0,0,0,*,*,*,0,0,0
2020,Census Tract,5.0273.01,19,"3,000.00","3,383.58",19,0,25.00,21.02,14.96,13.75,18,3.42,4.14,*,0,0,0,0,0,0,0,0,0
2020,Census Tract,5.0277.02,94,"4,077.50","15,669.63",80,*,8.00,18.22,15.06,16.34,71,5.00,5.37,26,*,*,*,12,1.00,1.25,*,*,*
2020,Census Tract,5.0277.06,44,"1,456.00","2,962.30",44,11,40.50,30.11,10.51,13.40,40,2.79,3.49,13,0,0,0,0,0,0,0,0,0
2020,Census Tract,5.0279.00,14,"1,000.00","1,604.86",11,*,2.00,3.91,1.00,1.18,0,0,0,0,*,*,*,0,0,0,0,0,0
2020,Census Tract,5.0291.02,74,"2,000.00","8,191.72",55,*,2.00,7.19,8.00,10.44,28,4.42,6.09,*,14,1.50,2.93,*,*,*,0,0,0
2020,Census Tract,5.0291.03,57,"1,500.00","2,901.25",49,*,3.00,3.23,10.01,11.62,38,4.54,5.07,*,*,*,*,*,*,*,0,0,0
2020,Census Tract,5.0291.04,29,"2,250.00","2,773.93",26,*,3.00,5.83,1.00,5.00,*,*,*,*,*,*,*,*,*,*,0,0,0
2020,Census Tract,5.0303.01,22,"1,796.50","5,906.73",20,0,3.00,2.95,11.01,12.90,20,6.33,6.03,*,*,*,*,0,0,0,0,0,0
2020,Census Tract,5.0303.02,47,"1,963.00","4,652.70",39,*,3.00,3.29,10.01,8.57,30,3.29,4.77,*,*,*,*,*,*,*,0,0,0
2020,Census Tract,5.0323.00,37,"2,700.00","8,423.92",24,0,2.00,2.30,4.00,5.13,15,2.00,2.26,10,12,1.00,1.48,*,*,*,0,0,0
2021,Citywide,Citywide,62066,1234.00,3094.80,"52,288","3,067",5.00,10.94,8.05,9.38,"36,020",3.75,4.89,"10,512","3,553",1.00,7.80,"6,225",1.00,1.55,258,2.00,2.61
2021,Borough,Manhattan,23776,1275.00,2972.09,"19,814","1,148",8.00,18.58,10.01,11.20,"15,413",4.33,5.49,"3,937",743,1.00,7.91,"3,219",1.00,1.66,138,2.00,2.55
2021,Borough,Bronx,8391,1000.00,2702.25,"7,552",449,3.42,4.82,7.00,8.88,"5,310",3.16,4.15,"1,677",329,1.00,7.98,510,1.00,1.47,19,1.00,1.48
2021,Borough,Brooklyn,14483,1268.00,3354.02,"12,072",604,3.92,6.82,5.09,7.84,"7,485",3.33,4.54,"2,412","1,098",1.00,9.02,"1,313",1.00,1.40,62,3.00,2.96
2021,Borough,Queens,13068,1250.00,3113.28,"11,050",619,4.00,6.21,5.17,8.35,"6,815",3.33,4.47,"2,184","1,033",1.00,7.36,985,1.00,1.47,38,1.82,2.85
2021,Borough,Staten Island,2348,1539.50,4038.36,"1,800",247,3.00,8.05,5.00,8.19,997,3.42,5.11,302,350,1.00,4.84,198,1.00,1.52,*,*,*
2021,Council District,1,4643,1350.00,2784.93,"3,728",247,7.50,10.36,9.00,9.35,"2,739",4.00,5.23,786,192,1.00,6.82,723,1.00,1.27,23,2.01,3.43
2021,Council District,2,2547,1150.00,2670.76,"2,114",120,9.00,16.81,10.01,11.14,"1,641",4.50,5.51,395,103,1.00,5.90,330,1.00,1.46,*,*,*
2021,Council District,3,4444,1641.50,3555.93,"3,648",253,10.00,27.10,10.04,12.18,"2,918",4.58,6.40,662,116,1.54,8.17,680,1.00,1.64,50,1.75,2.28
2021,Council District,4,4738,1665.00,3736.74,"3,732",248,12.00,34.39,10.50,12.87,"3,046",5.00,5.80,709,206,2.68,10.21,800,1.00,1.63,34,2.43,2.33
2021,Council District,5,1464,1000.00,2155.36,"1,263",68,9.00,16.65,10.01,11.20,990,4.25,5.13,249,26,1.00,13.23,175,1.00,1.83,*,*,*
2021,Council District,6,1329,1200.00,3185.67,"1,156",75,9.64,11.70,10.08,12.58,968,4.84,5.52,232,29,1.00,5.04,144,1.00,1.70,*,*,*
2021,Council District,7,1165,900.00,2015.06,"1,049",36,6.00,7.24,10.00,10.83,844,4.00,4.96,229,12,1.00,5.33,104,1.00,2.46,*,*,*
2021,Council District,8,1333,1000.00,3247.17,"1,169",50,4.00,7.82,7.25,8.95,849,3.04,4.08,294,48,1.00,4.08,116,1.00,1.29,*,*,*
2021,Council District,9,1188,1100.00,2605.11,"1,069",55,5.00,7.50,10.00,10.08,774,3.92,5.00,216,17,14.31,12.24,102,1.00,3.34,*,*,*
2021,Council District,10,1626,824.00,1744.04,"1,505",29,6.00,6.97,10.00,10.28,"1,110",3.67,4.37,321,21,1.00,3.02,100,1.00,2.73,0,0.00,0.00
2021,Council District,11,969,1000.00,2205.12,875,59,4.00,4.69,7.00,9.13,563,3.42,4.21,181,32,1.00,12.99,62,1.00,1.97,0,0.00,0.00
2021,Council District,12,836,1215.50,3783.78,743,27,3.00,3.05,8.41,9.89,540,3.16,4.25,173,49,1.00,4.75,44,1.00,1.65,0,0.00,0.00
2021,Council District,13,901,1200.00,2649.89,792,56,3.00,6.86,5.28,8.26,489,3.42,4.35,160,67,1.00,4.97,42,1.00,1.28,*,*,*
2021,Council District,14,952,901.50,2202.85,917,30,4.00,5.17,9.92,9.85,696,3.25,4.17,210,13,4.88,19.87,22,1.00,1.53,0,0.00,0.00
2021,Council District,15,1165,951.00,2064.77,"1,033",90,3.33,4.61,7.00,8.62,730,3.09,4.16,243,50,1.00,9.63,82,1.00,1.72,12,1.00,1.38
2021,Council District,16,771,900.00,1972.81,692,19,4.00,4.76,7.09,8.54,502,3.21,4.12,133,20,1.00,4.89,59,1.00,1.15,*,*,*
2021,Council District,17,1307,1188.00,2998.81,"1,173",59,3.00,4.74,6.00,8.13,799,3.09,4.01,243,44,1.50,10.80,90,1.00,1.38,*,*,*
2021,Council District,18,789,1000.00,3133.54,708,76,3.00,3.96,7.00,8.56,525,3.25,4.13,178,27,1.00,8.13,54,1.00,1.17,0,0.00,0.00
2021,Council District,19,1182,1350.00,3361.90,977,67,3.76,5.55,5.01,8.84,619,3.25,4.45,215,114,1.00,5.99,91,1.00,1.48,0,0.00,0.00
2021,Council District,20,1469,1250.00,3069.64,"1,237",107,5.00,10.14,5.00,6.94,758,3.00,4.11,260,102,1.00,4.75,130,1.00,1.08,*,*,*
2021,Council District,21,1096,1100.00,2009.92,978,37,5.00,5.75,5.00,6.87,553,3.67,4.30,169,46,3.00,7.22,72,1.00,1.77,*,*,*
2021,Council District,22,1182,1300.00,2535.85,970,57,4.00,4.52,6.00,8.75,601,3.75,4.62,158,126,1.00,8.26,86,1.00,1.68,*,*,*
2021,Council District,23,555,1400.00,3886.07,478,12,3.75,4.06,10.50,14.97,412,3.58,5.17,131,34,1.00,10.20,43,1.00,1.13,0,0.00,0.00
2021,Council District,24,824,1200.00,2455.00,731,25,4.00,11.05,5.67,7.99,429,3.33,4.47,137,30,1.50,11.81,63,1.00,2.31,0,0.00,0.00
2021,Council District,25,843,1000.00,2481.30,745,29,4.96,5.48,6.00,8.63,477,3.09,4.19,159,46,1.00,8.07,52,1.00,1.06,0,0.00,0.00
2021,Council District,26,1515,1450.00,3991.39,"1,250",83,4.00,6.16,5.08,7.61,809,3.41,4.27,279,133,1.00,7.05,132,1.00,1.68,15,1.00,2.15
2021,Council District,27,720,1420.00,4271.80,591,45,3.00,7.16,5.00,8.06,331,2.92,4.60,126,81,1.00,5.84,48,1.00,1.78,*,*,*
2021,Council District,28,468,1353.00,2522.62,380,21,3.00,3.48,2.00,6.82,156,3.75,5.66,51,60,1.00,8.32,28,1.00,0.99,0,0.00,0.00
2021,Council District,29,1095,1200.00,2933.17,939,46,4.00,7.02,9.96,10.34,632,4.00,4.65,142,62,1.00,6.68,94,1.00,1.09,*,*,*
2021,Council District,30,678,1250.00,4016.57,549,30,3.00,4.79,5.00,7.10,297,2.58,4.20,118,77,1.00,9.23,52,1.00,1.13,*,*,*
2021,Council District,31,456,1500.00,3474.45,391,20,2.75,3.32,5.00,8.47,231,2.75,4.51,83,33,1.00,5.55,32,2.00,2.38,0,0.00,0.00
2021,Council District,32,732,1317.50,3225.31,617,29,3.00,3.22,5.05,7.99,374,3.63,4.45,112,72,1.00,9.73,43,1.00,1.41,0,0.00,0.00
2021,Council District,33,1921,1600.00,3522.57,"1,544",98,6.00,15.07,9.00,8.90,988,4.16,5.42,256,112,2.00,11.28,265,1.00,1.32,*,*,*
2021,Council District,34,1380,1410.50,2818.26,"1,145",47,3.03,5.39,5.48,7.33,734,3.50,4.61,237,98,1.00,7.59,137,1.00,1.45,*,*,*
2021,Council District,35,818,1190.00,3526.93,673,38,4.00,6.43,8.00,8.62,470,3.67,4.62,132,37,1.00,5.47,108,1.00,1.92,21,3.00,2.74
2021,Council District,36,691,1140.00,3196.99,599,24,3.00,4.01,6.50,8.26,429,3.33,4.61,145,30,1.00,5.36,62,1.00,1.33,0,0.00,0.00
2021,Council District,37,618,1200.00,2303.89,513,21,3.00,3.66,6.00,8.03,339,3.58,4.49,94,58,1.00,9.51,47,1.00,1.10,*,*,*
2021,Council District,38,1402,1440.00,3031.68,"1,147",56,3.00,4.84,2.00,5.20,545,2.67,3.73,218,116,1.00,8.67,139,1.00,1.36,*,*,*
2021,Council District,39,1119,1140.00,7781.10,944,48,4.17,8.28,5.42,7.97,633,3.13,4.29,224,92,1.00,11.04,83,1.00,1.20,*,*,*
2021,Council District,40,740,900.00,1968.48,660,27,4.00,7.13,7.03,9.02,495,2.92,4.15,177,28,1.50,6.21,52,1.00,1.73,*,*,*
2021,Council District,41,681,1100.00,2391.96,580,29,3.00,3.48,7.00,9.16,397,3.42,4.69,106,49,1.00,6.61,52,1.00,1.25,0,0.00,0.00
2021,Council District,42,370,1677.50,5219.47,304,14,3.00,4.64,5.50,8.56,189,3.25,5.04,71,39,1.00,4.12,27,1.00,2.56,*,*,*
2021,Council District,43,910,1200.00,3167.91,740,46,3.05,4.01,4.50,6.92,408,2.94,4.07,157,93,1.00,7.38,77,1.00,1.29,*,*,*
2021,Council District,44,824,1200.00,2385.75,688,37,3.00,3.92,6.00,8.39,434,3.00,3.92,162,87,1.00,11.18,49,1.00,1.43,*,*,*
2021,Council District,45,671,1212.00,3225.53,547,32,3.00,5.41,5.04,7.85,338,3.75,4.61,91,82,1.00,8.63,42,1.00,1.40,*,*,*
2021,Council District,46,590,1487.50,3485.77,491,23,3.00,3.66,5.50,9.07,301,3.25,4.56,103,59,1.00,10.72,40,1.00,1.13,*,*,*
2021,Council District,47,889,1200.00,2405.30,753,29,3.00,9.47,5.00,7.09,415,3.50,4.55,133,71,1.00,10.69,65,1.00,1.05,10,2.00,1.62
2021,Council District,48,1112,1277.00,2487.55,961,46,4.00,5.96,5.00,7.28,506,3.58,4.68,150,64,1.00,9.59,87,1.00,1.35,*,*,*
2021,Council District,49,682,1545.00,3522.72,483,34,2.00,4.20,4.00,6.91,250,2.33,4.25,89,135,1.00,6.01,64,1.00,2.01,0,0.00,0.00
2021,Council District,50,836,1462.00,3309.19,649,91,3.00,4.88,4.08,7.29,323,3.84,5.83,98,109,1.00,3.76,78,1.00,1.04,0,0.00,0.00
2021,Council District,51,830,1719.00,5196.50,668,122,4.00,13.87,9.00,9.99,424,4.02,5.06,115,106,1.00,4.46,56,1.00,1.63,*,*,*
2021,Census Tract,1.0000.00,28,2088.50,4078.50,22,*,10.00,31.81,15.01,13.65,18,10.34,11.74,*,*,*,*,*,*,*,0,0.00,0.00
2021,Census Tract,1.0002.01,14,785.00,960.36,10,*,6.50,6.70,10.00,10.49,*,*,*,*,*,*,*,*,*,*,*,*,*
2021,Census Tract,1.0006.00,84,730.00,1419.21,65,*,6.00,7.41,6.00,7.06,52,3.58,4.44,15,*,*,*,*,*,*,0,0.00,0.00
2021,Census Tract,1.0007.00,122,2200.00,6599.18,93,*,8.00,11.77,13.01,13.33,83,6.09,6.80,12,*,*,*,*,*,*,*,*,*
2021,Census Tract,1.0008.00,205,700.00,1128.10,158,12,6.00,8.40,4.00,7.68,95,3.16,5.66,34,*,*,*,*,*,*,0,0.00,0.00
2021,Census Tract,1.0009.00,122,2159.00,5312.41,103,*,8.00,11.15,11.01,12.49,74,5.42,6.21,15,*,*,*,*,*,*,0,0.00,0.00
2021,Census Tract,1.0012.00,20,977.50,2853.95,20,10,2.50,6.25,1.50,3.16,*,*,*,*,0,0.00,0.00,0,0.00,0.00,0,0.00,0.00
2021,Census Tract,1.0013.00,125,2200.00,4137.92,83,*,7.00,10.90,10.92,12.66,65,5.09,6.26,11,*,*,*,*,*,*,0,0.00,0.00
2021,Census Tract,1.0014.01,33,892.00,1877.18,33,0,8.00,7.06,12.01,14.28,30,4.42,3.96,10,0,0.00,0.00,0,0.00,0.00,0,0.00,0.00
2021,Census Tract,1.0014.02,75,850.00,5377.61,61,*,5.00,8.98,3.00,6.76,43,2.67,3.73,20,*,*,*,*,*,*,0,0.00,0.00
2021,Census Tract,1.0015.01,99,1448.00,2880.26,84,*,7.83,9.98,11.00,12.37,74,3.79,5.69,18,*,*,*,*,*,*,0,0.00,0.00
2021,Census Tract,1.0015.02,202,1492.50,2831.66,164,*,10.00,11.39,10.51,13.21,146,5.50,6.45,32,*,*,*,*,*,*,*,*,*
2021,Census Tract,1.0016.00,290,924.00,1479.46,241,13,5.00,8.03,4.96,5.65,148,2.00,2.77,69,11,1.00,10.18,38,1.00,1.17,*,*,*
2021,Census Tract,1.0018.00,296,1015.50,2862.95,227,17,6.67,7.87,5.09,7.21,158,3.01,4.45,50,15,1.00,4.32,54,1.00,1.03,0,0.00,0.00
2021,Census Tract,1.0021.00,179,1875.00,4389.87,145,*,10.83,13.73,10.67,13.42,116,6.04,7.41,20,*,*,*,*,*,*,*,*,*
2021,Census Tract,1.0022.01,68,750.00,1061.22,59,*,5.00,8.99,7.00,9.78,39,4.09,5.90,14,*,*,*,*,*,*,0,0.00,0.00
2021,Census Tract,1.0022.02,20,1040.00,1594.65,14,0,5.00,28.00,8.48,11.07,12,3.21,3.68,*,*,*,*,*,*,*,0,0.00,0.00
2021,Census Tract,1.0026.01,21,1000.00,1893.67,17,*,6.00,12.78,10.00,11.30,11,4.33,5.82,*,*,*,*,*,*,*,0,0.00,0.00
2021,Census Tract,1.0026.02,33,1050.00,1758.61,26,*,5.00,12.90,7.79,8.60,20,4.63,5.28,*,*,*,*,*,*,*,0,0.00,0.00
2021,Census Tract,1.0027.00,47,927.00,1660.77,40,*,5.00,6.05,3.08,4.16,21,3.00,3.28,*,*,*,*,*,*,*,0,0.00,0.00
2021,Census Tract,1.0028.00,43,650.00,846.44,31,*,6.94,25.52,10.01,9.28,21,2.92,5.28,*,0,0.00,0.00,12,1.00,1.58,*,*,*
2021,Census Tract,1.0029.00,268,1000.00,1483.65,219,13,6.00,8.54,5.00,6.70,163,2.00,2.92,74,10,8.13,14.99,39,1.00,1.15,*,*,*
2021,Census Tract,1.0030.01,210,900.00,1385.47,186,16,7.00,8.34,5.02,7.19,127,3.50,4.75,45,*,*,*,*,*,*,0,0.00,0.00
2021,Census Tract,1.0030.02,55,1000.00,1443.75,40,*,10.00,16.81,9.59,8.77,31,3.25,5.38,*,*,*,*,*,*,*,*,*,*
2021,Census Tract,1.0031.00,77,2000.00,3730.87,55,*,8.00,10.71,10.00,10.00,43,5.58,5.60,*,*,*,*,*,*,*,*,*,*
2021,Census Tract,1.0032.00,173,800.00,992.34,151,*,8.92,16.99,7.00,7.96,103,4.00,4.83,18,*,*,*,*,*,*,0,0.00,0.00
2021,Census Tract,1.0033.00,240,2201.00,3089.56,191,12,6.92,7.79,9.65,9.73,131,4.92,5.60,23,14,1.50,4.62,35,1.00,1.11,*,*,*
2021,Census Tract,1.0034.00,153,750.00,1144.06,129,*,10.00,22.78,10.00,10.80,105,4.67,5.74,24,*,*,*,*,*,*,0,0.00,0.00
2021,Census Tract,1.0036.01,65,995.00,2453.43,50,0,6.36,11.75,5.00,6.09,25,2.22,2.98,11,*,*,*,*,*,*,0,0.00,0.00
2021,Census Tract,1.0036.02,55,800.00,1830.85,46,*,7.50,25.63,10.00,9.33,37,3.67,4.51,11,*,*,*,*,*,*,0,0.00,0.00
2021,Census Tract,1.0037.00,103,2414.00,4089.79,84,*,6.00,9.45,10.43,12.08,74,5.33,6.56,10,*,*,*,*,*,*,0,0.00,0.00
2021,Census Tract,1.0038.00,280,875.00,1250.44,251,13,8.00,16.17,8.30,8.72,170,4.05,4.61,45,*,*,*,*,*,*,0,0.00,0.00
2021,Census Tract,1.0039.00,143,2000.00,2875.40,97,*,7.00,9.67,10.01,11.28,77,3.67,5.59,25,*,*,*,*,*,*,0,0.00,0.00
2021,Census Tract,1.0040.00,180,867.50,1229.36,152,*,9.00,12.15,10.00,9.83,130,4.29,4.71,36,*,*,*,*,*,*,0,0.00,0.00
2021,Census Tract,1.0041.00,360,915.50,1517.33,306,19,8.00,10.46,6.00,7.65,233,2.67,3.57,77,14,2.38,8.19,40,1.00,1.08,*,*,*
2021,Census Tract,1.0042.00,71,1740.00,4848.69,59,*,10.00,18.74,10.36,11.41,44,4.75,6.43,*,*,*,*,*,*,*,0,0.00,0.00
2021,Census Tract,1.0043.00,248,1100.00,2310.58,201,22,11.00,13.35,9.67,9.09,154,5.14,5.83,38,*,*,*,*,*,*,*,*,*
2021,Census Tract,1.0044.00,21,1909.00,3749.19,17,0,7.00,7.29,10.19,12.15,0,0.00,0.00,0,*,*,*,*,*,*,0,0.00,0.00
2021,Census Tract,1.0045.00,150,2000.00,3047.73,123,*,10.00,12.42,8.33,9.20,96,3.29,4.15,29,*,*,*,*,*,*,0,0.00,0.00
2021,Census Tract,1.0047.00,227,2000.00,2962.07,177,*,10.25,13.88,10.00,9.80,136,4.54,6.00,45,25,1.00,3.54,25,1.00,1.19,*,*,*
2021,Census Tract,1.0048.00,79,900.00,1944.35,67,*,6.00,7.29,10.00,13.25,47,2.16,4.81,21,*,*,*,*,*,*,0,0.00,0.00
2021,Census Tract,1.0049.00,340,2000.00,3069.63,271,30,11.00,19.48,9.01,10.87,197,4.52,7.35,44,21,1.00,14.14,48,1.00,2.03,*,*,*
2021,Census Tract,1.0050.00,87,1500.00,4380.85,76,*,10.00,20.09,10.50,11.93,58,5.54,5.96,11,*,*,*,*,*,*,*,*,*
2021,Census Tract,1.0052.00,142,3000.00,6217.73,111,*,12.00,18.44,10.84,14.31,89,6.33,6.81,22,*,*,*,*,*,*,*,*,*
2021,Census Tract,1.0054.00,164,3000.00,5031.41,133,14,7.00,17.47,10.73,14.32,106,5.05,7.52,16,*,*,*,*,*,*,*,*,*
2021,Census Tract,1.0055.01,35,2500.00,3955.89,26,0,14.71,17.15,7.88,12.20,14,4.96,6.44,*,*,*,*,*,*,*,0,0.00,0.00
2021,Census Tract,1.0055.02,128,2396.50,5081.05,98,*,9.50,11.31,8.34,9.22,63,4.84,7.85,14,*,*,*,*,*,*,0,0.00,0.00
2021,Census Tract,1.0056.00,106,2324.50,4291.43,88,*,10.00,16.89,11.67,14.25,79,5.95,6.02,14,*,*,*,*,*,*,0,0.00,0.00
2021,Census Tract,1.0057.00,52,3321.00,7789.12,41,*,12.50,15.28,13.85,14.36,33,4.68,6.30,*,*,*,*,*,*,*,0,0.00,0.00
2021,Census Tract,1.0058.00,236,2308.00,4222.94,184,12,9.00,25.52,10.38,10.68,145,4.58,5.57,38,*,*,*,*,*,*,*,*,*
2021,Census Tract,1.0059.00,91,1100.00,2814.38,71,0,10.00,10.65,10.25,14.11,60,4.62,5.25,15,*,*,*,*,*,*,0,0.00,0.00
2021,Census Tract,1.0061.00,130,2250.00,5123.12,100,*,10.00,14.74,10.20,11.60,73,5.00,6.28,13,16,1.00,5.23,14,1.00,1.07,0,0.00,0.00
2021,Census Tract,1.0062.00,14,3800.50,5687.43,14,0,3.00,14.36,20.00,20.47,14,4.09,4.11,*,0,0.00,0.00,0,0.00,0.00,0,0.00,0.00
2021,Census Tract,1.0063.00,162,1400.00,2466.73,133,*,9.00,20.87,10.19,12.43,106,5.50,5.78,24,*,*,*,*,*,*,0,0.00,0.00
2021,Census Tract,1.0064.00,116,1376.50,2391.68,91,*,7.00,9.98,10.01,11.95,81,4.50,5.25,15,*,*,*,*,*,*,*,*,*
2021,Census Tract,1.0065.00,208,1175.50,1493.80,176,12,10.00,13.67,10.01,12.03,139,4.56,6.94,30,11,1.00,10.47,21,1.00,1.00,0,0.00,0.00
2021,Census Tract,1.0066.00,91,900.00,2223.70,75,*,8.00,16.22,10.01,12.82,60,4.00,5.21,17,*,*,*,*,*,*,0,0.00,0.00
2021,Census Tract,1.0067.00,173,800.00,1263.77,142,11,13.00,42.86,9.85,9.85,86,5.21,6.14,20,*,*,*,*,*,*,0,0.00,0.00
2021,Census Tract,1.0068.00,141,1500.00,2523.38,119,*,10.00,16.99,10.04,12.25,95,4.42,6.18,26,*,*,*,*,*,*,0,0.00,0.00
2021,Census Tract,1.0069.00,26,3378.00,5170.19,24,0,4.00,6.38,17.51,18.02,22,4.87,6.69,*,*,*,*,*,*,*,0,0.00,0.00
2021,Census Tract,1.0070.00,78,1113.50,1721.09,60,*,12.00,27.71,10.05,11.18,47,5.00,5.43,12,*,*,*,*,*,*,0,0.00,0.00
2021,Census Tract,1.0071.00,148,1150.00,1820.66,125,*,9.00,27.08,9.98,9.49,87,3.50,4.93,28,*,*,*,*,*,*,0,0.00,0.00
2021,Census Tract,1.0072.00,146,1400.00,3250.49,125,*,8.00,16.21,10.42,12.48,100,5.13,5.80,17,*,*,*,*,*,*,0,0.00,0.00
2021,Census Tract,1.0073.00,178,800.00,1236.28,150,*,15.00,42.42,10.00,10.24,120,4.29,5.06,26,*,*,*,*,*,*,0,0.00,0.00
2021,Census Tract,1.0074.00,201,2025.00,4339.14,167,14,11.00,27.83,10.48,11.94,141,4.84,6.13,26,*,*,*,*,*,*,*,*,*
2021,Census Tract,1.0075.00,52,964.50,2081.69,46,*,12.00,32.20,9.99,8.99,30,7.00,7.05,*,*,*,*,*,*,*,0,0.00,0.00
2021,Census Tract,1.0076.00,255,1959.00,3741.04,205,16,10.00,30.99,10.00,10.77,170,3.13,4.98,54,*,*,*,*,*,*,*,*,*
2021,Census Tract,1.0077.00,132,1025.50,1764.47,117,*,12.00,23.87,10.04,11.64,96,4.63,5.30,13,0,0.00,0.00,15,1.00,1.32,*,*,*
2021,Census Tract,1.0078.00,85,1136.00,1830.48,69,*,10.00,12.31,10.00,12.31,56,4.79,5.34,11,0,0.00,0.00,16,1.00,1.19,0,0.00,0.00
2021,Census Tract,1.0079.00,117,2616.00,4688.82,95,*,14.00,28.81,9.42,9.46,70,5.54,6.45,16,0,0.00,0.00,22,1.00,1.41,*,*,*
2021,Census Tract,1.0080.00,147,1335.00,3336.93,127,*,9.00,17.71,11.04,12.79,102,5.09,5.75,22,*,*,*,*,*,*,0,0.00,0.00
2021,Census Tract,1.0081.00,138,1650.00,3133.70,108,*,10.00,30.51,10.06,11.37,96,4.21,4.93,29,*,*,*,*,*,*,*,*,*
2021,Census Tract,1.0082.00,178,2182.00,3489.38,137,19,13.00,31.72,10.59,12.80,121,5.75,5.67,19,*,*,*,*,*,*,*,*,*
2021,Census Tract,1.0083.00,131,1519.00,3148.57,97,*,11.00,15.53,10.20,11.35,86,4.12,5.56,27,*,*,*,*,*,*,0,0.00,0.00
2021,Census Tract,1.0084.00,159,2489.00,3642.79,128,12,8.00,27.36,10.30,11.21,110,5.79,6.33,18,12,1.00,3.24,19,1.00,1.20,0,0.00,0.00
2021,Census Tract,1.0086.03,28,875.00,1393.86,20,*,9.50,39.30,9.51,12.07,16,2.67,4.67,*,*,*,*,*,*,*,0,0.00,0.00
2021,Census Tract,1.0087.00,95,1500.00,3814.69,86,*,9.00,17.44,10.06,11.58,75,4.01,4.75,16,*,*,*,*,*,*,0,0.00,0.00
2021,Census Tract,1.0088.00,91,2015.00,3559.93,76,*,9.00,41.70,10.98,15.41,65,5.75,7.15,10,*,*,*,*,*,*,0,0.00,0.00
2021,Census Tract,1.0089.00,36,1842.50,2381.28,31,*,9.00,15.93,10.00,10.56,26,4.63,4.93,*,*,*,*,*,*,*,*,*,*
2021,Census Tract,1.0090.00,118,1250.00,3424.58,98,*,10.00,28.31,10.37,13.92,84,5.54,5.62,20,*,*,*,*,*,*,0,0.00,0.00
2021,Census Tract,1.0091.00,168,1719.00,3641.02,136,*,9.00,14.78,9.96,9.50,85,4.42,5.21,18,*,*,*,*,*,*,0,0.00,0.00
2021,Census Tract,1.0092.00,194,1887.50,3656.51,122,*,12.00,22.46,13.45,15.47,106,5.31,5.74,24,*,*,*,*,*,*,*,*,*
2021,Census Tract,1.0093.00,79,1500.00,4368.71,74,*,6.35,10.91,10.01,10.62,62,4.46,4.65,18,*,*,*,*,*,*,0,0.00,0.00
2021,Census Tract,1.0094.00,132,3080.00,6825.68,106,13,15.50,38.97,12.15,14.57,89,5.09,6.14,21,*,*,*,*,*,*,*,*,*
2021,Census Tract,1.0095.00,209,2220.00,3370.45,167,17,6.00,15.25,10.02,14.65,139,4.09,8.34,29,13,5.49,11.11,29,1.00,1.10,0,0.00,0.00
2021,Census Tract,1.0096.00,269,1700.00,3028.14,217,12,18.00,83.00,9.92,10.54,159,3.84,5.04,48,*,*,*,*,*,*,0,0.00,0.00
2021,Census Tract,1.0097.00,13,900.00,999.23,10,0,7.00,7.85,9.49,9.29,*,*,*,*,*,*,*,*,*,*,0,0.00,0.00
2021,Census Tract,1.0098.00,189,1300.00,2068.26,154,13,9.00,22.78,10.30,12.19,127,4.67,4.87,35,*,*,*,*,*,*,0,0.00,0.00
2021,Census Tract,1.0099.00,225,2996.00,5327.36,185,27,7.00,19.04,10.52,12.37,159,5.67,8.00,37,*,*,*,*,*,*,*,*,*
2021,Census Tract,1.0100.00,144,1668.00,3810.10,109,*,11.00,35.31,15.01,13.98,87,6.17,6.59,12,*,*,*,*,*,*,0,0.00,0.00
2021,Census Tract,1.0101.00,130,2370.00,5977.75,98,16,10.00,28.69,10.59,13.03,83,6.33,6.25,19,*,*,*,*,*,*,13,1.75,1.75
2021,Census Tract,1.0102.00,189,2500.00,7437.90,140,*,18.00,49.27,15.40,16.95,134,4.96,5.98,33,*,*,*,*,*,*,*,*,*
2021,Census Tract,1.0103.00,63,2189.00,8639.81,45,*,12.00,21.18,15.42,14.71,40,8.22,8.56,*,*,*,*,*,*,*,*,*,*
2021,Census Tract,1.0104.00,188,2699.50,7624.10,140,*,11.00,23.40,15.01,16.21,128,5.37,7.69,25,12,14.09,15.46,36,1.00,1.32,*,*,*
2021,Census Tract,1.0106.01,32,1255.00,1881.59,28,0,10.00,8.88,10.05,12.81,23,4.00,5.53,*,*,*,*,*,*,*,0,0.00,0.00
2021,Census Tract,1.0106.02,31,1271.00,4267.26,24,*,9.00,20.38,10.00,8.98,18,5.38,6.11,*,*,*,*,*,*,*,0,0.00,0.00
2021,Census Tract,1.0108.00,186,1260.00,2680.87,150,*,9.00,11.70,10.01,11.19,115,4.16,5.47,27,*,*,*,*,*,*,*,*,*
2021,Census Tract,1.0109.00,309,2152.00,3872.22,241,12,10.00,30.58,10.76,13.20,202,4.09,5.81,40,*,*,*,*,*,*,*,*,*
2021,Census Tract,1.0110.00,171,1200.00,2476.78,137,*,8.00,32.51,10.00,8.96,107,3.84,4.26,34,*,*,*,*,*,*,0,0.00,0.00
2021,Census Tract,1.0111.00,120,1500.00,2579.40,100,*,8.00,25.76,10.01,12.73,83,5.09,7.56,15,*,*,*,*,*,*,0,0.00,0.00
2021,Census Tract,1.0112.01,72,1780.00,3867.35,51,*,10.50,45.30,15.50,14.83,36,7.59,7.41,*,*,*,*,*,*,*,*,*,*
2021,Census Tract,1.0112.02,97,2758.00,6817.22,71,*,22.00,39.53,10.50,11.77,59,4.42,5.20,18,*,*,*,*,*,*,*,*,*
2021,Census Tract,1.0112.03,121,2034.00,3892.83,95,*,12.00,35.34,10.75,13.55,83,5.67,6.51,15,0,0.00,0.00,26,1.00,2.66,0,0.00,0.00
2021,Census Tract,1.0113.00,241,2200.00,5187.08,186,25,12.00,22.54,10.42,12.47,144,5.17,6.06,26,*,*,*,*,*,*,*,*,*
2021,Census Tract,1.0114.01,80,3082.50,7998.89,56,10,19.50,35.48,10.80,13.56,48,4.84,5.94,10,*,*,*,*,*,*,0,0.00,0.00
2021,Census Tract,1.0114.02,125,1200.00,2473.56,103,16,11.00,19.15,10.04,12.63,76,3.88,7.02,24,*,*,*,*,*,*,0,0.00,0.00
2021,Census Tract,1.0115.00,66,1773.00,3538.14,46,*,7.85,12.34,10.00,8.75,33,5.47,5.93,*,*,*,*,*,*,*,0,0.00,0.00
2021,Census Tract,1.0116.00,15,790.00,5771.13,12,0,9.50,15.88,1.00,4.57,*,*,*,*,*,*,*,*,*,*,0,0.00,0.00
2021,Census Tract,1.0117.00,12,950.00,7208.83,10,0,2.00,4.30,10.00,42.04,*,*,*,*,*,*,*,*,*,*,0,0.00,0.00
2021,Census Tract,1.0118.00,110,970.00,2016.38,90,*,9.00,19.76,10.32,13.51,74,4.63,5.31,10,*,*,*,*,*,*,0,0.00,0.00
2021,Census Tract,1.0119.00,122,2523.00,7726.42,103,18,20.00,66.95,13.49,16.94,90,6.92,7.23,19,*,*,*,*,*,*,*,*,*
2021,Census Tract,1.0120.00,104,1100.00,1998.69,89,*,13.00,20.98,10.01,12.17,77,4.13,5.04,23,*,*,*,*,*,*,*,*,*
2021,Census Tract,1.0121.00,128,1480.00,2698.52,115,*,12.00,29.63,10.05,13.77,94,4.70,6.03,20,*,*,*,*,*,*,*,*,*
2021,Census Tract,1.0122.00,122,1424.50,2502.59,95,*,24.00,61.38,10.01,13.33,66,3.88,4.68,20,11,3.00,18.25,16,1.00,1.10,*,*,*
2021,Census Tract,1.0124.00,66,870.50,1444.73,55,*,10.00,17.91,10.00,9.92,43,3.00,3.97,17,0,0.00,0.00,11,1.00,1.20,0,0.00,0.00
2021,Census Tract,1.0125.00,140,2325.50,4156.84,114,*,12.00,27.88,15.42,16.88,99,5.09,7.11,24,*,*,*,*,*,*,*,*,*
2021,Census Tract,1.0126.00,140,966.50,1580.85,128,*,10.00,21.41,9.93,9.63,94,5.00,5.23,23,*,*,*,*,*,*,0,0.00,0.00
2021,Census Tract,1.0127.00,154,1036.50,1912.00,130,*,9.00,41.35,10.07,11.81,104,4.50,4.96,20,*,*,*,*,*,*,*,*,*
2021,Census Tract,1.0128.00,152,1001.50,2383.41,122,*,10.00,15.38,8.06,9.28,79,3.82,4.70,24,11,1.00,2.79,19,1.00,1.29,*,*,*
2021,Census Tract,1.0129.00,61,1500.00,3014.52,48,*,6.50,34.09,10.00,13.08,36,4.33,7.47,10,*,*,*,*,*,*,*,*,*
2021,Census Tract,1.0130.00,115,1617.00,2545.90,91,*,26.00,52.27,10.01,11.19,72,3.54,4.40,19,13,3.33,18.32,11,1.00,1.08,0,0.00,0.00
2021,Census Tract,1.0131.00,126,2221.50,6425.49,104,*,15.00,36.55,12.88,16.76,91,6.92,7.19,14,0,0.00,0.00,22,1.00,1.60,*,*,*
2021,Census Tract,1.0132.00,84,893.50,1389.26,73,*,10.00,31.95,10.00,10.97,63,4.06,4.75,12,*,*,*,*,*,*,0,0.00,0.00
2021,Census Tract,1.0133.00,132,898.00,1361.33,119,13,13.00,51.88,10.01,9.48,83,5.33,6.30,15,0,0.00,0.00,13,1.00,0.83,0,0.00,0.00
2021,Census Tract,1.0134.00,156,1150.00,2253.92,133,*,10.00,18.05,10.00,10.62,101,4.84,5.32,24,*,*,*,*,*,*,0,0.00,0.00
2021,Census Tract,1.0135.00,71,2000.00,7408.83,57,*,9.00,17.52,15.60,18.77,53,9.17,13.26,*,*,*,*,*,*,*,0,0.00,0.00
2021,Census Tract,1.0136.00,74,775.00,1461.59,68,*,7.00,9.25,8.50,8.18,41,4.33,4.67,14,*,*,*,*,*,*,0,0.00,0.00
2021,Census Tract,1.0137.00,188,1848.00,3673.88,144,*,14.00,38.58,12.39,15.01,126,5.54,6.28,20,*,*,*,*,*,*,*,*,*
2021,Census Tract,1.0138.00,148,800.00,1463.73,131,21,9.00,13.68,10.00,11.97,101,4.00,4.67,25,*,*,*,*,*,*,0,0.00,0.00
2021,Census Tract,1.0139.00,134,1100.00,2915.34,111,*,14.00,32.60,10.34,12.02,95,3.50,4.93,27,*,*,*,*,*,*,0,0.00,0.00
2021,Census Tract,1.0140.00,185,850.00,1400.04,156,*,13.00,26.71,10.13,13.88,138,4.84,4.99,32,*,*,*,*,*,*,0,0.00,0.00
2021,Census Tract,1.0142.00,134,1229.50,1787.88,105,*,19.00,33.38,10.00,10.67,83,2.50,5.06,31,*,*,*,*,*,*,0,0.00,0.00
2021,Census Tract,1.0144.01,30,1200.00,1797.87,28,*,8.00,28.84,1.00,7.26,11,3.16,4.57,*,*,*,*,*,*,*,0,0.00,0.00
2021,Census Tract,1.0144.02,41,932.00,1448.68,31,*,10.00,15.41,9.18,9.71,23,4.00,4.58,*,*,*,*,*,*,*,*,*,*
2021,Census Tract,1.0145.00,42,4639.00,6029.17,41,*,9.00,28.30,10.42,14.81,35,3.42,7.55,11,*,*,*,*,*,*,0,0.00,0.00
2021,Census Tract,1.0146.01,88,1271.00,2917.08,77,0,9.00,20.92,10.28,13.35,70,4.37,5.15,13,*,*,*,*,*,*,0,0.00,0.00
2021,Census Tract,1.0146.02,86,790.00,2653.09,72,*,11.00,22.87,10.01,10.62,61,3.67,4.63,22,*,*,*,*,*,*,*,*,*
2021,Census Tract,1.0147.00,13,1734.00,2555.46,*,*,*,*,*,*,*,*,*,*,*,*,*,*,*,*,0,0.00,0.00
2021,Census Tract,1.0148.01,44,1337.50,2781.77,38,*,15.00,20.31,12.29,15.24,30,5.99,9.40,*,*,*,*,*,*,*,0,0.00,0.00
2021,Census Tract,1.0148.02,109,1220.00,2693.56,92,*,10.00,20.36,10.46,13.25,73,4.00,5.91,27,*,*,*,*,*,*,0,0.00,0.00
2021,Census Tract,1.0149.00,35,3650.00,8144.03,29,*,5.00,8.28,18.92,20.17,28,3.88,6.11,*,*,*,*,*,*,*,0,0.00,0.00
2021,Census Tract,1.0150.01,26,1211.00,2461.81,23,0,9.00,27.22,10.42,15.71,21,4.42,7.60,*,*,*,*,*,*,*,0,0.00,0.00
2021,Census Tract,1.0150.02,50,999.00,1495.54,45,*,14.00,21.62,10.01,11.05,41,4.16,5.33,*,*,*,*,*,*,*,0,0.00,0.00
2021,Census Tract,1.0151.00,33,2850.00,8712.73,26,*,6.75,6.22,11.24,11.17,20,7.74,8.90,*,*,*,*,*,*,*,*,*,*
2021,Census Tract,1.0152.00,35,1000.00,2007.49,27,*,6.62,9.10,10.51,13.55,26,4.54,5.34,*,*,*,*,*,*,*,*,*,*
2021,Census Tract,1.0153.00,121,1400.00,2871.02,113,*,10.00,14.04,11.00,13.22,107,5.09,5.88,26,*,*,*,*,*,*,0,0.00,0.00
2021,Census Tract,1.0154.00,113,1500.00,2936.06,102,*,7.00,14.85,10.01,10.07,74,3.71,4.90,14,*,*,*,*,*,*,0,0.00,0.00
2021,Census Tract,1.0155.00,35,2500.00,6790.71,29,0,7.00,7.10,10.00,10.27,23,3.92,5.52,*,*,*,*,*,*,*,0,0.00,0.00
2021,Census Tract,1.0156.01,24,1850.00,5527.29,21,0,5.00,20.67,11.51,11.69,17,6.16,7.10,*,*,*,*,*,*,*,0,0.00,0.00
2021,Census Tract,1.0157.00,184,1000.00,1521.47,166,20,12.00,13.70,10.01,11.83,128,4.37,5.04,31,*,*,*,*,*,*,0,0.00,0.00
2021,Census Tract,1.0158.01,59,1200.00,1457.95,40,0,9.00,22.92,10.00,10.52,37,5.42,5.43,*,*,*,*,*,*,*,0,0.00,0.00
2021,Census Tract,1.0158.02,17,1400.00,2940.53,16,0,8.00,8.75,10.25,11.71,13,2.75,4.29,*,*,*,*,*,*,*,0,0.00,0.00
2021,Census Tract,1.0159.00,66,1275.00,3799.18,50,*,8.00,9.07,9.97,12.08,37,2.92,3.91,12,*,*,*,*,*,*,0,0.00,0.00
2021,Census Tract,1.0160.01,28,1000.00,1403.46,21,0,13.00,20.10,10.01,10.82,18,4.96,5.14,*,*,*,*,*,*,*,0,0.00,0.00
2021,Census Tract,1.0161.00,48,1200.00,2228.25,44,*,13.00,12.75,10.76,12.04,33,5.09,5.60,*,*,*,*,*,*,*,0,0.00,0.00
2021,Census Tract,1.0163.00,53,1818.00,5440.79,46,*,12.00,13.27,10.01,11.07,35,5.92,5.54,10,*,*,*,*,*,*,0,0.00,0.00
2021,Census Tract,1.0165.00,61,1000.00,1827.85,54,*,9.00,10.07,10.88,13.41,52,4.79,4.50,15,*,*,*,*,*,*,0,0.00,0.00
2021,Census Tract,1.0166.00,82,700.00,1514.21,73,*,5.00,14.23,9.01,9.23,55,3.16,4.87,16,*,*,*,*,*,*,*,*,*
2021,Census Tract,1.0167.00,116,886.50,2188.27,103,*,9.00,11.83,10.01,11.62,86,4.71,5.19,20,*,*,*,*,*,*,0,0.00,0.00
2021,Census Tract,1.0169.00,102,800.00,1265.81,89,*,11.50,12.15,9.96,9.43,68,3.67,4.37,22,*,*,*,*,*,*,0,0.00,0.00
2021,Census Tract,1.0170.00,66,1000.00,2048.12,60,*,5.50,18.59,5.00,7.67,32,3.42,4.19,*,*,*,*,*,*,*,0,0.00,0.00
2021,Census Tract,1.0171.00,97,1050.00,2702.71,74,*,10.70,13.69,10.26,15.37,71,3.16,4.30,23,*,*,*,*,*,*,0,0.00,0.00
2021,Census Tract,1.0172.00,108,984.50,1254.38,98,*,4.00,10.68,8.00,9.46,64,2.79,3.36,24,*,*,*,*,*,*,0,0.00,0.00
2021,Census Tract,1.0173.00,33,1847.00,2989.67,30,*,6.00,7.12,10.09,11.97,25,7.33,6.29,*,*,*,*,*,*,*,*,*,*
2021,Census Tract,1.0174.02,25,1128.00,2782.28,21,0,3.00,3.14,10.00,9.35,15,2.00,3.85,*,*,*,*,*,*,*,*,*,*
2021,Census Tract,1.0175.00,72,1375.00,3131.96,62,12,11.00,12.34,10.00,10.95,44,4.59,5.32,*,*,*,*,*,*,*,0,0.00,0.00
2021,Census Tract,1.0177.00,21,1977.00,6000.29,21,*,7.00,7.10,15.01,14.22,19,7.92,7.74,*,0,0.00,0.00,0,0.00,0.00,0,0.00,0.00
2021,Census Tract,1.0178.00,40,900.00,24105.90,29,*,4.00,7.05,7.17,10.94,26,3.75,5.61,11,*,*,*,*,*,*,0,0.00,0.00
2021,Census Tract,1.0179.00,54,1030.50,1772.52,48,*,9.50,10.65,10.92,14.27,44,3.37,5.11,10,*,*,*,*,*,*,0,0.00,0.00
2021,Census Tract,1.0180.00,41,970.00,1110.34,36,*,4.00,6.80,5.50,6.15,26,2.79,3.51,11,*,*,*,*,*,*,0,0.00,0.00
2021,Census Tract,1.0181.00,35,2040.00,4009.94,29,0,9.00,7.95,10.04,10.09,21,2.02,3.75,13,*,*,*,*,*,*,*,*,*
2021,Census Tract,1.0182.00,88,1095.00,1631.38,78,*,5.00,7.91,8.56,8.05,57,4.00,4.36,19,*,*,*,*,*,*,0,0.00,0.00
2021,Census Tract,1.0183.00,87,1120.00,2815.30,79,*,11.00,11.16,14.01,15.40,69,5.42,5.55,11,*,*,*,*,*,*,0,0.00,0.00
2021,Census Tract,1.0184.00,61,1295.00,2226.84,53,*,3.00,3.95,8.85,9.16,38,3.50,3.85,15,*,*,*,*,*,*,0,0.00,0.00
2021,Census Tract,1.0185.00,27,6298.00,13818.07,24,0,7.50,10.67,13.81,14.77,24,7.21,7.53,*,*,*,*,*,*,*,0,0.00,0.00
2021,Census Tract,1.0187.00,66,1050.00,1801.26,59,0,10.00,10.11,10.01,11.18,54,3.50,4.28,16,*,*,*,*,*,*,0,0.00,0.00
2021,Census Tract,1.0188.00,90,800.00,1231.47,72,*,4.00,7.60,5.04,7.38,40,4.12,4.49,16,*,*,*,*,*,*,0,0.00,0.00
2021,Census Tract,1.0189.00,35,750.00,977.26,35,*,5.58,8.91,11.00,11.22,32,3.83,4.15,11,0,0.00,0.00,0,0.00,0.00,0,0.00,0.00
2021,Census Tract,1.0190.00,34,2601.00,5753.21,30,*,4.00,5.57,9.48,7.16,16,4.77,4.82,0,*,*,*,*,*,*,0,0.00,0.00
2021,Census Tract,1.0191.00,67,975.00,1805.33,57,0,8.17,8.54,10.01,11.11,43,4.42,6.19,15,*,*,*,*,*,*,*,*,*
2021,Census Tract,1.0193.00,73,739.00,1008.03,64,*,7.00,7.85,10.00,10.63,59,3.84,4.12,16,*,*,*,*,*,*,0,0.00,0.00
2021,Census Tract,1.0194.00,29,880.00,1719.48,25,0,3.00,5.27,4.67,7.31,13,2.16,3.66,*,*,*,*,*,*,*,0,0.00,0.00
2021,Census Tract,1.0195.00,59,1100.00,1944.61,49,*,6.50,9.85,10.01,12.34,41,4.75,6.62,*,*,*,*,*,*,*,0,0.00,0.00
2021,Census Tract,1.0196.00,68,1946.00,4546.47,59,*,6.00,14.88,10.00,10.38,54,4.13,5.28,15,*,*,*,*,*,*,0,0.00,0.00
2021,Census Tract,1.0197.02,17,1500.00,1786.24,16,0,4.77,5.67,8.50,7.81,13,2.33,3.42,*,*,*,*,*,*,*,0,0.00,0.00
2021,Census Tract,1.0198.00,53,1350.00,2111.77,47,*,6.50,16.17,5.77,10.03,25,5.00,5.37,*,*,*,*,*,*,*,*,*,*
2021,Census Tract,1.0199.00,59,1515.00,2602.07,52,*,10.00,10.60,10.09,12.95,42,4.96,6.55,11,*,*,*,*,*,*,0,0.00,0.00
2021,Census Tract,1.0200.00,57,1700.00,2915.70,42,*,5.50,6.74,10.05,8.82,29,7.75,6.80,*,0,0.00,0.00,15,1.00,1.49,0,0.00,0.00
2021,Census Tract,1.0201.02,22,1302.50,2505.95,18,0,4.08,8.27,1.00,5.33,*,*,*,*,*,*,*,*,*,*,0,0.00,0.00
2021,Census Tract,1.0206.00,14,979.00,1652.14,10,0,1.36,6.39,16.00,15.48,*,*,*,*,*,*,*,*,*,*,0,0.00,0.00
2021,Census Tract,1.0207.01,11,1345.00,1883.55,10,0,4.50,5.20,7.55,8.82,*,*,*,0,*,*,*,*,*,*,0,0.00,0.00
2021,Census Tract,1.0208.00,25,1000.00,1354.28,23,*,4.83,9.62,13.92,13.10,20,6.25,5.77,*,*,*,*,*,*,*,0,0.00,0.00
2021,Census Tract,1.0209.01,34,798.00,1411.47,33,0,4.75,5.29,10.01,12.51,31,5.54,5.66,*,*,*,*,*,*,*,0,0.00,0.00
2021,Census Tract,1.0211.00,49,1000.00,3603.18,49,*,6.00,6.46,10.00,9.83,33,4.58,5.04,10,0,0.00,0.00,0,0.00,0.00,0,0.00,0.00
2021,Census Tract,1.0212.00,51,1275.00,2613.41,35,*,3.00,3.40,21.01,22.55,32,2.04,3.44,14,*,*,*,*,*,*,0,0.00,0.00
2021,Census Tract,1.0213.03,22,785.00,1142.14,21,*,4.00,4.23,9.01,10.75,20,2.58,5.19,*,*,*,*,*,*,*,0,0.00,0.00
2021,Census Tract,1.0215.00,24,975.00,2376.71,22,*,3.00,4.81,9.25,7.85,15,5.16,4.98,*,*,*,*,*,*,*,0,0.00,0.00
2021,Census Tract,1.0216.00,38,900.00,1417.37,34,*,6.33,14.01,5.77,6.67,21,4.09,4.60,*,*,*,*,*,*,*,0,0.00,0.00
2021,Census Tract,1.0218.00,92,894.00,1863.65,90,*,5.00,6.87,10.00,9.44,69,4.00,4.50,16,*,*,*,*,*,*,0,0.00,0.00
2021,Census Tract,1.0219.00,30,2857.50,5537.50,30,0,2.94,4.17,4.08,6.03,17,4.13,3.94,*,0,0.00,0.00,0,0.00,0.00,0,0.00,0.00
2021,Census Tract,1.0220.00,48,918.00,1009.27,46,*,5.63,10.17,8.01,7.64,27,4.75,4.65,*,*,*,*,*,*,*,0,0.00,0.00
2021,Census Tract,1.0221.02,26,1006.50,2390.88,21,0,6.00,6.80,1.17,8.23,12,2.79,3.27,*,*,*,*,*,*,*,0,0.00,0.00
2021,Census Tract,1.0222.00,89,2000.00,5339.20,80,0,7.00,10.22,10.41,12.56,61,4.00,5.72,20,*,*,*,*,*,*,0,0.00,0.00
2021,Census Tract,1.0223.01,53,900.00,1597.11,49,*,6.00,6.62,10.00,9.51,36,3.58,4.15,*,*,*,*,*,*,*,0,0.00,0.00
2021,Census Tract,1.0224.00,40,950.00,2182.00,38,*,4.00,5.59,8.68,9.37,27,2.92,5.37,12,*,*,*,*,*,*,0,0.00,0.00
2021,Census Tract,1.0225.00,82,900.00,1452.78,75,0,6.00,6.85,10.01,10.70,60,2.88,3.77,19,*,*,*,*,*,*,0,0.00,0.00
2021,Census Tract,1.0226.00,68,787.50,881.34,66,*,5.00,12.09,10.00,9.55,51,4.00,4.46,16,*,*,*,*,*,*,0,0.00,0.00
2021,Census Tract,1.0227.00,40,479.50,914.30,35,*,7.00,7.33,9.94,8.95,23,3.50,4.67,*,*,*,*,*,*,*,0,0.00,0.00
2021,Census Tract,1.0228.00,64,1037.00,1162.02,59,0,4.92,8.13,8.00,7.62,43,4.00,4.18,12,*,*,*,*,*,*,0,0.00,0.00
2021,Census Tract,1.0229.00,101,1026.00,1708.05,88,13,6.17,6.94,10.00,11.42,68,4.35,6.40,12,*,*,*,*,*,*,*,*,*
2021,Census Tract,1.0230.00,41,950.00,1529.22,40,*,4.58,4.53,9.33,9.38,31,2.58,3.79,10,*,*,*,*,*,*,0,0.00,0.00
2021,Census Tract,1.0231.00,33,1100.00,1860.30,29,0,4.00,5.12,9.92,11.44,20,3.25,5.76,*,*,*,*,*,*,*,0,0.00,0.00
2021,Census Tract,1.0232.00,57,765.00,1516.25,55,0,5.00,6.13,10.00,10.32,46,3.46,4.27,16,*,*,*,*,*,*,0,0.00,0.00
2021,Census Tract,1.0233.00,79,775.00,1125.72,72,*,6.99,6.68,10.00,10.69,56,4.54,5.38,16,*,*,*,*,*,*,0,0.00,0.00
2021,Census Tract,1.0234.00,32,992.00,1335.72,30,*,4.00,5.46,9.09,9.46,22,3.21,4.07,*,*,*,*,*,*,*,0,0.00,0.00
2021,Census Tract,1.0235.01,21,909.00,2232.43,19,0,3.00,6.42,5.00,7.10,11,8.09,7.81,0,*,*,*,*,*,*,0,0.00,0.00
2021,Census Tract,1.0235.02,13,1400.00,1169.62,13,0,1.00,1.38,1.00,7.22,*,*,*,0,0,0.00,0.00,0,0.00,0.00,0,0.00,0.00
2021,Census Tract,1.0236.00,20,722.50,1458.85,20,*,1.00,1.70,10.01,10.02,20,1.83,3.52,*,0,0.00,0.00,0,0.00,0.00,0,0.00,0.00
2021,Census Tract,1.0237.00,32,857.00,986.78,28,*,4.00,4.61,6.50,7.52,18,4.42,4.75,*,*,*,*,*,*,*,0,0.00,0.00
2021,Census Tract,1.0238.01,12,1250.00,2081.83,10,0,4.00,4.00,15.01,15.49,10,5.08,6.09,*,*,*,*,*,*,*,0,0.00,0.00
2021,Census Tract,1.0241.00,46,775.00,1755.13,44,*,6.00,6.62,10.41,12.58,40,4.09,4.71,11,*,*,*,*,*,*,0,0.00,0.00
2021,Census Tract,1.0242.00,16,1325.00,2111.81,14,*,3.00,2.70,5.00,7.23,10,2.80,5.23,*,*,*,*,*,*,*,0,0.00,0.00
2021,Census Tract,1.0243.01,36,775.00,1347.50,33,*,4.00,3.85,9.95,7.94,26,3.38,3.90,*,*,*,*,*,*,*,0,0.00,0.00
2021,Census Tract,1.0245.00,189,800.00,1069.71,167,0,7.00,7.54,10.01,12.19,145,4.75,5.13,35,0,0.00,0.00,22,1.00,2.30,0,0.00,0.00
2021,Census Tract,1.0247.00,15,1000.00,1842.47,14,0,5.50,4.93,10.00,10.46,14,4.58,5.68,*,*,*,*,*,*,*,0,0.00,0.00
2021,Census Tract,1.0249.00,11,860.00,1126.55,10,0,4.00,4.18,10.00,9.66,*,*,*,*,*,*,*,*,*,*,0,0.00,0.00
2021,Census Tract,1.0251.00,40,700.00,958.70,35,*,6.00,9.87,3.00,5.33,19,3.00,3.65,*,*,*,*,*,*,*,0,0.00,0.00
2021,Census Tract,1.0253.00,132,711.00,1145.48,123,*,6.00,7.14,10.00,9.94,90,4.00,4.79,28,*,*,*,*,*,*,0,0.00,0.00
2021,Census Tract,1.0257.00,31,5385.00,7985.65,22,*,6.50,14.24,11.71,15.81,17,6.09,9.72,*,*,*,*,*,*,*,0,0.00,0.00
2021,Census Tract,1.0259.00,41,1100.00,4186.34,39,*,3.00,3.79,1.00,6.01,15,4.00,5.54,*,*,*,*,*,*,*,0,0.00,0.00
2021,Census Tract,1.0261.00,107,768.00,1194.29,93,*,6.00,7.15,10.00,10.57,79,2.92,3.52,20,*,*,*,*,*,*,0,0.00,0.00
2021,Census Tract,1.0263.00,128,833.00,1483.53,118,0,8.00,7.87,10.01,11.85,96,3.79,4.73,25,*,*,*,*,*,*,0,0.00,0.00
2021,Census Tract,1.0265.00,96,848.00,1075.47,92,0,8.00,8.37,10.01,15.16,81,4.50,4.77,18,*,*,*,*,*,*,0,0.00,0.00
2021,Census Tract,1.0269.00,118,800.00,1617.02,106,*,5.05,6.98,8.03,9.32,72,2.79,4.24,28,*,*,*,*,*,*,0,0.00,0.00
2021,Census Tract,1.0271.00,110,850.50,2411.88,102,*,8.00,9.06,10.00,10.20,71,4.84,4.85,13,*,*,*,*,*,*,0,0.00,0.00
2021,Census Tract,1.0273.00,50,741.50,1398.22,44,*,7.00,7.46,8.84,9.37,30,4.33,4.31,*,*,*,*,*,*,*,0,0.00,0.00
2021,Census Tract,1.0277.00,43,756.00,785.09,37,*,5.75,7.35,6.00,8.43,24,2.79,3.43,*,*,*,*,*,*,*,0,0.00,0.00
2021,Census Tract,1.0279.00,71,600.00,1088.75,70,*,6.00,6.06,8.08,9.87,62,3.88,4.43,15,*,*,*,*,*,*,0,0.00,0.00
2021,Census Tract,1.0283.00,70,706.50,1189.01,64,*,5.00,5.25,10.01,12.07,47,2.50,3.56,20,*,*,*,*,*,*,0,0.00,0.00
2021,Census Tract,1.0285.00,89,884.00,1087.84,84,*,5.00,5.13,5.00,6.85,50,3.17,3.58,14,*,*,*,*,*,*,0,0.00,0.00
2021,Census Tract,1.0287.00,60,807.50,2206.98,58,*,7.00,7.52,10.02,10.28,36,4.42,4.74,10,*,*,*,*,*,*,0,0.00,0.00
2021,Census Tract,1.0291.00,98,820.00,1850.73,96,*,6.00,7.23,10.00,9.92,64,3.92,4.74,15,*,*,*,*,*,*,0,0.00,0.00
2021,Census Tract,1.0293.00,137,900.00,1609.30,130,0,6.00,6.46,10.00,10.23,103,3.16,4.32,35,*,*,*,*,*,*,0,0.00,0.00
2021,Census Tract,1.0295.00,66,800.00,1060.67,63,0,7.00,6.79,10.00,10.61,41,4.25,4.61,13,*,*,*,*,*,*,0,0.00,0.00
2021,Census Tract,1.0299.00,42,2822.00,6373.40,38,0,3.13,3.46,7.00,7.13,19,2.25,3.58,12,*,*,*,*,*,*,0,0.00,0.00
2021,Census Tract,1.0303.00,48,825.00,1776.40,43,*,5.72,6.76,10.00,12.47,40,3.33,4.26,10,*,*,*,*,*,*,0,0.00,0.00
2021,Census Tract,1.0307.00,11,1500.00,2838.09,10,0,2.00,2.85,10.13,9.80,10,4.88,4.85,*,*,*,*,*,*,*,0,0.00,0.00
2021,Census Tract,1.0309.00,54,1378.00,3286.26,49,0,5.00,6.19,10.00,11.23,37,5.50,5.12,11,*,*,*,*,*,*,0,0.00,0.00
2021,Census Tract,1.0317.03,46,3230.50,6188.26,43,*,5.00,6.67,10.01,9.29,30,4.08,4.32,11,*,*,*,*,*,*,0,0.00,0.00
2021,Census Tract,1.0317.04,33,1850.00,2533.30,27,*,6.00,6.59,11.00,11.01,21,6.25,6.81,*,*,*,*,*,*,*,0,0.00,0.00
2021,Census Tract,2.0019.00,37,1685.00,11082.32,31,*,3.00,2.94,9.92,8.46,22,3.92,4.57,*,*,*,*,*,*,*,0,0.00,0.00
2021,Census Tract,2.0020.00,17,2050.00,3036.88,13,0,3.00,3.25,11.92,12.54,12,4.88,3.90,*,*,*,*,*,*,*,0,0.00,0.00
2021,Census Tract,2.0025.00,41,768.00,1374.49,39,*,4.50,5.03,10.00,11.90,25,2.00,2.70,13,*,*,*,*,*,*,0,0.00,0.00
2021,Census Tract,2.0027.01,18,883.50,1454.72,16,0,3.00,4.06,5.00,5.69,*,*,*,*,*,*,*,*,*,*,0,0.00,0.00
2021,Census Tract,2.0027.02,23,1945.00,2745.78,21,0,3.92,6.35,8.00,10.38,16,3.00,3.65,*,*,*,*,*,*,*,0,0.00,0.00
2021,Census Tract,2.0028.00,30,2050.00,4562.70,27,0,3.75,3.62,11.01,14.27,26,3.16,5.03,*,*,*,*,*,*,*,0,0.00,0.00
2021,Census Tract,2.0031.00,46,1075.00,3283.78,39,0,6.00,9.10,6.95,9.65,28,2.21,3.17,*,*,*,*,*,*,*,0,0.00,0.00
2021,Census Tract,2.0035.00,21,730.00,1835.24,20,0,3.27,3.98,6.00,6.32,18,2.04,2.58,10,*,*,*,*,*,*,0,0.00,0.00
2021,Census Tract,2.0039.00,93,800.00,1385.72,85,0,4.00,4.56,5.00,7.20,51,3.09,4.36,15,*,*,*,*,*,*,0,0.00,0.00
2021,Census Tract,2.0041.00,12,1057.00,1625.25,10,0,3.30,3.28,9.01,9.90,*,*,*,*,*,*,*,*,*,*,0,0.00,0.00
2021,Census Tract,2.0042.00,44,3558.00,12084.55,31,0,5.00,5.93,10.07,11.42,30,6.21,6.52,*,0,0.00,0.00,13,1.00,0.81,0,0.00,0.00
2021,Census Tract,2.0043.00,71,1380.00,2068.01,64,*,5.00,7.58,7.00,7.68,54,2.67,3.85,22,*,*,*,*,*,*,0,0.00,0.00
2021,Census Tract,2.0044.00,13,1044.00,4606.77,13,*,2.11,2.74,1.00,6.58,*,*,*,0,0,0.00,0.00,0,0.00,0.00,0,0.00,0.00
2021,Census Tract,2.0046.00,10,1200.00,6088.50,10,0,6.00,6.40,20.01,20.51,10,3.79,6.26,*,0,0.00,0.00,0,0.00,0.00,0,0.00,0.00
2021,Census Tract,2.0048.00,29,1073.00,1745.10,28,0,3.83,4.02,1.00,5.81,*,*,*,*,*,*,*,*,*,*,0,0.00,0.00
2021,Census Tract,2.0050.01,16,875.00,910.69,16,0,3.00,2.94,9.76,10.82,14,3.92,4.33,*,0,0.00,0.00,0,0.00,0.00,0,0.00,0.00
2021,Census Tract,2.0050.02,31,1136.00,2325.29,30,0,4.00,4.39,10.00,11.40,26,2.71,3.56,*,*,*,*,*,*,*,0,0.00,0.00
2021,Census Tract,2.0051.00,38,3000.00,5727.00,29,*,3.00,3.07,5.00,8.63,16,3.04,5.91,*,*,*,*,*,*,*,0,0.00,0.00
2021,Census Tract,2.0054.00,71,800.00,1180.76,70,0,4.00,5.16,9.67,10.03,61,3.16,3.72,22,*,*,*,*,*,*,0,0.00,0.00
2021,Census Tract,2.0056.00,22,720.00,1293.00,21,*,4.00,4.24,10.00,8.81,20,3.87,3.95,*,*,*,*,*,*,*,0,0.00,0.00
2021,Census Tract,2.0059.02,17,800.00,895.12,16,0,5.00,6.88,5.00,6.72,10,3.33,3.08,*,*,*,*,*,*,*,0,0.00,0.00
2021,Census Tract,2.0061.00,29,5656.00,8378.10,24,0,3.00,3.90,13.78,15.65,23,5.92,7.36,*,*,*,*,*,*,*,0,0.00,0.00
2021,Census Tract,2.0062.00,19,700.00,1142.95,15,0,5.00,5.20,1.00,2.34,*,*,*,*,*,*,*,*,*,*,0,0.00,0.00
2021,Census Tract,2.0063.00,112,1201.00,9746.14,90,0,5.00,6.56,12.47,13.69,80,3.21,4.51,20,*,*,*,*,*,*,*,*,*
2021,Census Tract,2.0065.00,86,1200.00,2286.22,77,0,5.00,6.19,6.00,8.27,47,4.00,4.57,12,*,*,*,*,*,*,0,0.00,0.00
2021,Census Tract,2.0067.00,73,867.00,1466.42,72,*,4.00,4.56,5.44,8.38,59,2.58,3.50,22,*,*,*,*,*,*,0,0.00,0.00
2021,Census Tract,2.0069.00,21,880.00,2117.24,20,0,2.67,2.76,9.97,10.00,15,2.50,3.86,*,*,*,*,*,*,*,0,0.00,0.00
2021,Census Tract,2.0070.00,19,1066.00,1776.32,18,*,2.65,2.77,1.00,4.94,*,*,*,0,*,*,*,*,*,*,0,0.00,0.00
2021,Census Tract,2.0071.00,65,2567.00,7231.32,54,*,3.67,5.62,13.76,14.55,48,4.67,4.64,12,0,0.00,0.00,11,1.00,1.08,0,0.00,0.00
2021,Census Tract,2.0072.00,39,895.00,1607.13,35,*,3.50,3.76,10.00,10.97,26,3.92,5.21,*,*,*,*,*,*,*,0,0.00,0.00
2021,Census Tract,2.0073.00,30,662.50,2725.70,29,0,4.00,5.79,6.75,7.12,26,3.58,3.67,*,*,*,*,*,*,*,0,0.00,0.00
2021,Census Tract,2.0076.00,62,600.00,824.21,61,32,2.00,2.82,1.00,4.31,25,3.09,3.84,10,*,*,*,*,*,*,0,0.00,0.00
2021,Census Tract,2.0077.00,25,1895.00,2372.08,21,*,2.00,2.24,1.00,2.98,*,*,*,0,*,*,*,*,*,*,0,0.00,0.00
2021,Census Tract,2.0078.00,30,784.00,1259.57,26,0,2.00,2.46,6.71,8.04,22,3.50,3.52,*,*,*,*,*,*,*,0,0.00,0.00
2021,Census Tract,2.0079.00,42,820.00,2003.57,38,*,3.00,3.94,7.50,8.70,29,2.42,3.39,11,*,*,*,*,*,*,0,0.00,0.00
2021,Census Tract,2.0083.00,35,1200.00,2376.14,32,10,2.92,3.07,5.00,5.38,18,4.00,4.14,*,*,*,*,*,*,*,0,0.00,0.00
2021,Census Tract,2.0085.00,32,1000.00,1502.75,30,18,2.00,2.54,5.00,6.83,23,3.84,3.81,*,*,*,*,*,*,*,0,0.00,0.00
2021,Census Tract,2.0087.00,42,892.50,1141.40,40,*,3.00,3.58,8.30,10.24,31,2.84,3.82,10,*,*,*,*,*,*,0,0.00,0.00
2021,Census Tract,2.0089.00,47,1000.00,2669.62,43,*,3.00,5.23,10.00,9.79,34,3.04,3.88,*,*,*,*,*,*,*,0,0.00,0.00
2021,Census Tract,2.0090.00,32,1152.50,13344.34,29,0,4.00,4.68,8.34,8.55,27,2.75,3.36,11,*,*,*,*,*,*,0,0.00,0.00
2021,Census Tract,2.0092.00,66,900.00,2855.20,58,10,5.00,5.32,5.08,6.07,45,1.67,2.76,21,*,*,*,*,*,*,0,0.00,0.00
2021,Census Tract,2.0093.00,90,2000.00,5713.27,74,*,3.00,4.15,5.00,5.63,48,2.92,3.45,22,*,*,*,*,*,*,0,0.00,0.00
2021,Census Tract,2.0098.00,11,800.00,1530.91,*,*,*,*,*,*,*,*,*,*,*,*,*,*,*,*,0,0.00,0.00
2021,Census Tract,2.0115.02,31,800.00,1274.16,29,*,2.37,4.08,9.92,11.08,21,2.20,3.11,*,*,*,*,*,*,*,0,0.00,0.00
2021,Census Tract,2.0117.00,24,2222.00,5114.17,23,*,9.00,8.43,5.01,6.51,20,2.34,2.84,*,*,*,*,*,*,*,0,0.00,0.00
2021,Census Tract,2.0119.00,67,1041.00,3092.76,61,*,6.00,6.40,10.00,10.85,45,4.72,4.88,*,*,*,*,*,*,*,0,0.00,0.00
2021,Census Tract,2.0121.01,12,725.00,1727.83,11,*,1.51,6.87,9.00,9.60,11,3.42,3.52,*,*,*,*,*,*,*,0,0.00,0.00
2021,Census Tract,2.0123.00,25,1450.00,2305.96,19,*,1.92,1.57,5.08,5.96,16,3.71,4.05,*,*,*,*,*,*,*,0,0.00,0.00
2021,Census Tract,2.0125.00,22,967.00,1489.64,20,*,2.88,3.60,1.00,3.99,*,*,*,*,*,*,*,*,*,*,0,0.00,0.00
2021,Census Tract,2.0127.01,30,825.00,1788.73,29,*,6.00,6.53,9.53,10.44,26,4.29,5.54,*,*,*,*,*,*,*,*,*,*
2021,Census Tract,2.0129.01,61,800.00,1318.41,58,*,3.00,3.73,5.28,6.64,48,3.09,3.04,11,*,*,*,*,*,*,0,0.00,0.00
2021,Census Tract,2.0131.00,18,1200.00,3688.39,16,0,3.58,6.17,1.00,6.28,*,*,*,*,*,*,*,*,*,*,0,0.00,0.00
2021,Census Tract,2.0141.00,50,1000.00,1875.70,45,*,3.00,4.14,10.00,7.99,28,2.67,4.46,12,*,*,*,*,*,*,0,0.00,0.00
2021,Census Tract,2.0145.00,38,1714.00,3831.24,29,0,4.00,5.70,3.19,5.22,16,2.92,3.57,*,*,*,*,*,*,*,0,0.00,0.00
2021,Census Tract,2.0149.00,31,900.00,1151.06,27,*,3.50,4.58,1.00,4.77,12,3.46,3.38,*,*,*,*,*,*,*,0,0.00,0.00
2021,Census Tract,2.0151.00,36,875.00,1453.19,30,*,3.00,3.29,3.00,4.66,16,1.58,3.14,*,*,*,*,*,*,*,0,0.00,0.00
2021,Census Tract,2.0152.00,25,1200.00,2585.88,20,*,3.83,4.94,2.29,6.86,11,2.04,3.86,*,*,*,*,*,*,*,0,0.00,0.00
2021,Census Tract,2.0155.00,38,1000.00,2341.08,27,0,3.00,3.20,4.58,5.80,14,2.67,3.90,*,0,0.00,0.00,11,1.00,1.00,0,0.00,0.00
2021,Census Tract,2.0157.00,11,2585.00,6852.36,10,*,2.05,3.62,1.00,1.71,*,*,*,*,*,*,*,*,*,*,0,0.00,0.00
2021,Census Tract,2.0158.00,12,1482.00,2472.58,11,0,2.00,4.78,10.01,11.92,11,4.75,4.84,*,*,*,*,*,*,*,0,0.00,0.00
2021,Census Tract,2.0159.00,17,1725.00,3478.35,15,0,5.00,5.13,1.00,4.05,*,*,*,*,*,*,*,*,*,*,0,0.00,0.00
2021,Census Tract,2.0161.00,60,1716.50,3712.85,53,0,3.42,3.91,10.01,10.81,43,3.09,3.66,14,*,*,*,*,*,*,*,*,*
2021,Census Tract,2.0162.00,17,906.00,1451.53,14,0,3.00,6.32,3.00,5.89,10,2.17,2.87,*,*,*,*,*,*,*,0,0.00,0.00
2021,Census Tract,2.0166.00,15,1265.00,1753.80,14,0,2.48,3.85,1.00,5.41,*,*,*,0,*,*,*,*,*,*,0,0.00,0.00
2021,Census Tract,2.0167.00,28,1003.50,1933.79,24,*,2.00,3.96,3.00,4.95,13,3.75,3.86,*,*,*,*,*,*,*,0,0.00,0.00
2021,Census Tract,2.0169.00,14,733.00,868.93,12,*,3.85,3.99,1.00,4.25,*,*,*,*,*,*,*,*,*,*,0,0.00,0.00
2021,Census Tract,2.0173.00,17,1500.00,1774.35,17,0,4.00,4.94,1.00,6.94,*,*,*,*,0,0.00,0.00,0,0.00,0.00,0,0.00,0.00
2021,Census Tract,2.0175.00,25,892.00,1335.16,24,*,3.00,5.43,10.00,9.82,23,2.92,3.86,*,*,*,*,*,*,*,0,0.00,0.00
2021,Census Tract,2.0177.01,21,1388.00,3043.52,21,0,3.00,2.90,4.17,4.27,*,*,*,0,0,0.00,0.00,0,0.00,0.00,0,0.00,0.00
2021,Census Tract,2.0177.02,25,1254.00,2465.12,22,0,2.00,2.23,4.33,5.12,14,1.00,2.34,*,*,*,*,*,*,*,0,0.00,0.00
2021,Census Tract,2.0179.01,38,812.00,1031.53,34,0,5.00,5.95,6.00,8.74,24,4.00,3.73,*,*,*,*,*,*,*,0,0.00,0.00
2021,Census Tract,2.0179.02,12,682.50,665.25,12,0,3.00,3.75,5.07,7.17,12,3.00,3.02,*,0,0.00,0.00,0,0.00,0.00,0,0.00,0.00
2021,Census Tract,2.0181.01,31,800.00,1195.61,29,0,5.00,7.44,6.96,9.13,20,3.42,4.86,*,*,*,*,*,*,*,*,*,*
2021,Census Tract,2.0181.02,40,650.00,813.10,35,0,4.67,4.67,5.00,6.58,18,4.17,4.96,*,*,*,*,*,*,*,0,0.00,0.00
2021,Census Tract,2.0183.01,24,975.00,1059.83,24,0,4.00,4.35,7.38,10.57,18,2.92,3.27,*,0,0.00,0.00,0,0.00,0.00,0,0.00,0.00
2021,Census Tract,2.0183.02,12,804.00,931.83,11,0,3.00,3.36,6.84,6.51,10,2.25,2.41,*,*,*,*,*,*,*,0,0.00,0.00
2021,Census Tract,2.0184.00,25,1100.00,2231.92,21,*,4.00,9.90,5.00,9.53,12,3.04,4.27,*,*,*,*,*,*,*,0,0.00,0.00
2021,Census Tract,2.0185.00,61,1365.00,3228.59,51,*,2.53,3.78,10.01,10.11,45,3.67,4.48,12,*,*,*,*,*,*,0,0.00,0.00
2021,Census Tract,2.0189.00,44,900.00,1171.11,41,*,3.00,7.20,8.00,9.61,36,2.92,3.73,13,*,*,*,*,*,*,0,0.00,0.00
2021,Census Tract,2.0193.00,12,1319.50,4004.17,12,0,2.00,1.75,2.00,6.87,*,*,*,*,0,0.00,0.00,0,0.00,0.00,0,0.00,0.00
2021,Census Tract,2.0194.00,21,750.00,1312.57,19,0,3.00,8.30,4.00,6.54,10,2.83,3.39,*,*,*,*,*,*,*,0,0.00,0.00
2021,Census Tract,2.0195.00,38,1000.00,1755.39,35,*,4.50,6.11,11.97,12.96,29,4.09,4.70,*,*,*,*,*,*,*,0,0.00,0.00
2021,Census Tract,2.0197.00,85,700.00,1341.12,80,*,5.00,5.24,10.03,12.55,78,2.83,3.80,19,*,*,*,*,*,*,0,0.00,0.00
2021,Census Tract,2.0199.00,34,750.00,1086.18,30,*,2.92,3.16,10.03,11.68,25,4.84,5.13,*,*,*,*,*,*,*,0,0.00,0.00
2021,Census Tract,2.0200.00,104,1285.00,2120.23,95,*,4.00,11.21,7.00,7.80,60,3.67,4.46,12,*,*,*,*,*,*,0,0.00,0.00
2021,Census Tract,2.0201.00,10,585.50,588.10,10,0,4.00,5.00,6.20,7.17,10,2.04,2.55,*,0,0.00,0.00,0,0.00,0.00,0,0.00,0.00
2021,Census Tract,2.0202.00,21,700.00,1071.43,20,*,3.00,3.60,8.00,10.72,17,3.33,4.10,*,*,*,*,*,*,*,0,0.00,0.00
2021,Census Tract,2.0206.01,15,875.00,1606.67,14,*,2.00,2.07,10.03,14.23,14,4.13,4.26,*,*,*,*,*,*,*,0,0.00,0.00
2021,Census Tract,2.0209.00,32,1000.00,2156.88,30,*,3.00,3.45,6.04,7.44,25,2.50,2.88,*,*,*,*,*,*,*,0,0.00,0.00
2021,Census Tract,2.0211.00,19,920.00,2118.47,19,0,3.00,4.11,10.00,9.94,16,2.63,4.60,*,0,0.00,0.00,0,0.00,0.00,0,0.00,0.00
2021,Census Tract,2.0212.00,10,3436.00,19937.10,*,*,*,*,*,*,*,*,*,*,0,0.00,0.00,*,*,*,0,0.00,0.00
2021,Census Tract,2.0213.01,11,1000.00,2217.55,10,0,3.00,3.77,10.36,12.51,*,*,*,*,*,*,*,*,*,*,0,0.00,0.00
2021,Census Tract,2.0213.02,13,1600.00,1286.77,12,0,2.00,3.56,5.71,5.12,*,*,*,*,*,*,*,*,*,*,0,0.00,0.00
2021,Census Tract,2.0215.01,30,1218.50,1952.33,30,0,4.50,5.62,10.00,9.63,26,4.92,4.87,*,0,0.00,0.00,0,0.00,0.00,0,0.00,0.00
2021,Census Tract,2.0215.02,28,865.00,1898.39,27,*,3.00,3.43,5.00,7.57,18,2.62,3.69,*,*,*,*,*,*,*,0,0.00,0.00
2021,Census Tract,2.0216.01,26,600.00,672.46,25,*,2.00,2.50,3.00,5.97,14,3.79,4.04,*,*,*,*,*,*,*,0,0.00,0.00
2021,Census Tract,2.0216.02,98,1208.00,2945.09,77,*,3.00,3.75,8.10,8.21,63,3.00,4.25,22,0,0.00,0.00,21,1.00,1.37,0,0.00,0.00
2021,Census Tract,2.0217.00,13,1500.00,2042.31,13,*,2.00,2.79,5.00,7.57,*,*,*,*,0,0.00,0.00,0,0.00,0.00,0,0.00,0.00
2021,Census Tract,2.0218.00,21,650.00,805.43,20,*,2.50,3.20,5.79,7.59,19,1.50,2.60,*,*,*,*,*,*,*,0,0.00,0.00
2021,Census Tract,2.0219.00,20,570.00,4505.40,12,0,3.40,3.97,9.63,10.38,10,2.42,4.51,*,*,*,*,*,*,*,0,0.00,0.00
2021,Census Tract,2.0220.00,13,1945.00,3230.23,13,0,2.00,2.15,12.42,11.20,13,3.13,3.83,*,0,0.00,0.00,0,0.00,0.00,0,0.00,0.00
2021,Census Tract,2.0221.01,37,1500.00,2697.32,32,0,3.00,4.45,10.01,11.09,28,3.54,5.51,*,*,*,*,*,*,*,0,0.00,0.00
2021,Census Tract,2.0221.02,26,880.00,1225.65,26,0,3.30,4.80,5.78,8.91,16,3.92,4.83,*,0,0.00,0.00,0,0.00,0.00,0,0.00,0.00
2021,Census Tract,2.0222.00,68,1200.00,2399.00,64,*,3.00,3.67,6.00,8.54,49,3.00,4.07,19,*,*,*,*,*,*,0,0.00,0.00
2021,Census Tract,2.0223.00,47,1000.00,1642.26,46,*,6.61,7.60,5.38,6.82,29,2.97,4.08,11,*,*,*,*,*,*,0,0.00,0.00
2021,Census Tract,2.0224.01,34,1577.50,2858.71,34,*,5.13,5.44,11.01,13.75,32,5.63,5.75,*,0,0.00,0.00,0,0.00,0.00,0,0.00,0.00
2021,Census Tract,2.0224.03,21,2475.00,3467.71,19,*,5.75,11.51,10.42,13.10,15,5.22,5.61,*,*,*,*,*,*,*,0,0.00,0.00
2021,Census Tract,2.0224.04,50,1240.00,2147.66,49,*,4.75,10.23,10.00,12.00,32,4.71,4.83,*,*,*,*,*,*,*,0,0.00,0.00
2021,Census Tract,2.0225.00,43,560.00,776.95,42,0,4.50,4.71,9.96,10.89,40,2.62,3.14,16,*,*,*,*,*,*,0,0.00,0.00
2021,Census Tract,2.0227.01,31,884.00,1683.55,30,0,4.00,4.80,10.13,12.20,19,1.67,4.32,*,*,*,*,*,*,*,0,0.00,0.00
2021,Census Tract,2.0227.02,25,728.00,1092.84,25,0,4.00,3.96,14.76,14.87,23,4.25,4.76,*,0,0.00,0.00,0,0.00,0.00,0,0.00,0.00
2021,Census Tract,2.0228.00,25,915.00,1045.32,25,0,3.00,3.41,10.00,7.65,17,2.67,3.31,*,0,0.00,0.00,0,0.00,0.00,0,0.00,0.00
2021,Census Tract,2.0229.02,26,594.00,921.92,24,*,3.00,4.13,7.76,7.47,18,2.08,3.26,12,*,*,*,*,*,*,0,0.00,0.00
2021,Census Tract,2.0231.00,33,1706.00,2452.88,26,*,3.00,4.15,6.31,8.77,23,4.50,4.67,*,*,*,*,*,*,*,0,0.00,0.00
2021,Census Tract,2.0232.00,26,1624.00,2197.23,24,0,3.00,3.71,10.00,10.37,24,3.00,4.14,10,*,*,*,*,*,*,0,0.00,0.00
2021,Census Tract,2.0233.01,14,1050.00,1671.07,12,*,2.58,2.81,8.50,9.21,*,*,*,*,*,*,*,*,*,*,0,0.00,0.00
2021,Census Tract,2.0235.01,34,1035.00,1798.62,31,0,4.17,5.06,9.92,7.22,21,3.16,4.19,*,*,*,*,*,*,*,0,0.00,0.00
2021,Census Tract,2.0235.02,33,664.00,1489.45,33,0,4.00,4.46,10.00,10.45,26,4.37,4.35,*,0,0.00,0.00,0,0.00,0.00,0,0.00,0.00
2021,Census Tract,2.0236.00,35,700.00,1013.66,33,10,3.00,5.02,7.34,8.24,25,4.00,3.65,11,*,*,*,*,*,*,0,0.00,0.00
2021,Census Tract,2.0237.02,34,1424.00,4245.09,31,0,5.00,6.35,5.26,7.98,19,4.58,5.19,*,*,*,*,*,*,*,0,0.00,0.00
2021,Census Tract,2.0237.03,78,800.00,1545.92,76,*,6.00,7.83,10.00,10.76,59,2.50,3.30,22,*,*,*,*,*,*,0,0.00,0.00
2021,Census Tract,2.0237.04,54,543.50,710.67,54,0,3.59,5.03,7.55,8.77,46,2.50,3.29,21,0,0.00,0.00,0,0.00,0.00,0,0.00,0.00
2021,Census Tract,2.0238.00,22,1000.00,4271.59,18,*,2.31,3.36,7.59,7.30,16,1.00,3.06,12,*,*,*,*,*,*,0,0.00,0.00
2021,Census Tract,2.0239.00,87,1200.00,2156.84,83,0,4.00,5.33,9.01,10.05,61,3.09,3.89,15,*,*,*,*,*,*,0,0.00,0.00
2021,Census Tract,2.0240.00,14,1000.00,1201.00,*,*,*,*,*,*,*,*,*,*,*,*,*,*,*,*,0,0.00,0.00
2021,Census Tract,2.0241.00,63,1060.00,2016.81,62,*,4.00,5.29,10.00,10.65,44,4.17,4.92,*,*,*,*,*,*,*,0,0.00,0.00
2021,Census Tract,2.0243.00,43,1050.00,6781.65,40,0,5.00,5.06,1.00,4.62,17,3.09,3.35,*,*,*,*,*,*,*,0,0.00,0.00
2021,Census Tract,2.0244.00,16,1018.00,1702.63,12,*,2.00,1.98,1.00,2.41,*,*,*,*,*,*,*,*,*,*,0,0.00,0.00
2021,Census Tract,2.0245.02,21,900.00,1751.43,21,*,4.00,4.00,10.35,12.85,20,4.42,6.49,*,0,0.00,0.00,0,0.00,0.00,0,0.00,0.00
2021,Census Tract,2.0248.00,37,1330.00,1435.89,33,*,3.00,3.79,10.00,11.41,26,3.46,3.67,10,*,*,*,*,*,*,0,0.00,0.00
2021,Census Tract,2.0250.00,28,692.50,1086.79,27,*,3.00,3.26,9.00,8.73,20,3.21,4.01,*,*,*,*,*,*,*,0,0.00,0.00
2021,Census Tract,2.0251.00,51,750.00,1421.57,48,*,4.00,4.57,7.19,8.63,40,3.92,4.61,*,*,*,*,*,*,*,0,0.00,0.00
2021,Census Tract,2.0252.00,35,800.00,1375.86,31,0,3.00,2.75,1.00,3.65,11,3.00,3.28,*,*,*,*,*,*,*,0,0.00,0.00
2021,Census Tract,2.0253.00,24,1212.00,1796.17,24,0,5.50,6.09,12.04,14.44,24,2.94,4.16,10,0,0.00,0.00,0,0.00,0.00,0,0.00,0.00
2021,Census Tract,2.0254.00,13,600.00,888.46,13,0,28.00,21.35,3.00,5.16,*,*,*,*,0,0.00,0.00,0,0.00,0.00,0,0.00,0.00
2021,Census Tract,2.0255.00,11,1032.00,1185.27,11,0,5.00,3.73,10.01,9.75,11,3.00,4.18,*,0,0.00,0.00,0,0.00,0.00,0,0.00,0.00
2021,Census Tract,2.0256.00,15,1000.00,2018.60,12,*,11.50,11.33,4.63,4.94,*,*,*,*,*,*,*,*,*,*,0,0.00,0.00
2021,Census Tract,2.0263.00,22,605.50,943.18,22,0,8.50,9.09,11.02,12.05,16,4.34,4.88,*,0,0.00,0.00,0,0.00,0.00,0,0.00,0.00
2021,Census Tract,2.0264.00,17,950.00,2074.47,14,0,2.50,2.82,1.00,4.94,*,*,*,0,*,*,*,*,*,*,0,0.00,0.00
2021,Census Tract,2.0265.00,43,1000.00,2125.05,42,*,5.00,5.98,6.46,7.64,22,4.08,5.46,*,*,*,*,*,*,*,0,0.00,0.00
2021,Census Tract,2.0266.01,18,1419.50,1367.22,16,*,19.00,14.83,7.04,9.49,13,1.83,3.66,*,*,*,*,*,*,*,0,0.00,0.00
2021,Census Tract,2.0266.02,60,882.50,1507.68,50,10,4.00,7.20,5.00,8.46,28,3.29,3.74,*,*,*,*,*,*,*,0,0.00,0.00
2021,Census Tract,2.0267.01,26,1015.00,1004.35,24,0,2.00,2.88,11.59,13.82,24,6.29,7.13,*,*,*,*,*,*,*,0,0.00,0.00
2021,Census Tract,2.0273.00,26,761.50,1157.69,24,*,2.00,2.49,7.00,8.64,20,3.12,3.97,*,*,*,*,*,*,*,0,0.00,0.00
2021,Census Tract,2.0277.00,28,901.00,879.71,28,0,4.04,4.67,4.00,6.90,16,2.00,2.79,*,0,0.00,0.00,0,0.00,0.00,0,0.00,0.00
2021,Census Tract,2.0279.00,26,825.50,1238.19,25,0,3.00,2.70,5.00,5.38,13,2.75,3.45,*,*,*,*,*,*,*,0,0.00,0.00
2021,Census Tract,2.0283.00,65,2030.00,6174.52,52,*,4.21,6.70,10.02,10.64,39,4.52,5.33,*,*,*,*,*,*,*,0,0.00,0.00
2021,Census Tract,2.0285.00,19,1679.00,2400.00,18,*,3.00,4.94,5.00,7.91,14,3.75,4.32,*,*,*,*,*,*,*,0,0.00,0.00
2021,Census Tract,2.0287.00,15,2100.00,4513.67,15,*,3.83,4.41,7.00,7.40,11,2.00,3.68,*,0,0.00,0.00,0,0.00,0.00,0,0.00,0.00
2021,Census Tract,2.0288.00,29,1000.00,1665.21,26,*,3.90,3.60,5.17,9.13,19,1.92,3.07,12,*,*,*,*,*,*,0,0.00,0.00
2021,Census Tract,2.0289.00,111,900.00,1482.78,104,*,5.00,5.71,10.01,10.97,77,2.75,3.66,26,*,*,*,*,*,*,0,0.00,0.00
2021,Census Tract,2.0293.02,40,1119.00,7785.63,34,0,4.00,4.24,17.01,21.96,33,3.00,4.85,*,*,*,*,*,*,*,0,0.00,0.00
2021,Census Tract,2.0295.00,68,1160.50,1778.57,65,*,4.00,4.52,10.00,12.84,59,4.00,4.26,20,*,*,*,*,*,*,0,0.00,0.00
2021,Census Tract,2.0296.00,25,3500.00,4075.48,18,*,1.42,1.91,1.00,7.45,*,*,*,*,*,*,*,*,*,*,*,*,*
2021,Census Tract,2.0297.00,31,1200.00,1521.87,27,0,6.00,6.15,10.01,16.68,21,4.00,4.47,*,*,*,*,*,*,*,0,0.00,0.00
2021,Census Tract,2.0300.00,15,1800.00,2430.47,14,0,4.00,4.20,1.00,8.10,*,*,*,*,*,*,*,*,*,*,0,0.00,0.00
2021,Census Tract,2.0302.00,19,1131.00,2507.74,19,0,3.00,2.47,10.00,10.76,19,1.83,2.92,*,0,0.00,0.00,0,0.00,0.00,0,0.00,0.00
2021,Census Tract,2.0310.00,11,8626.00,20761.55,*,*,*,*,*,*,*,*,*,*,*,*,*,*,*,*,0,0.00,0.00
2021,Census Tract,2.0312.00,34,1270.00,2072.88,32,*,4.00,7.88,1.00,3.62,10,1.50,2.79,*,*,*,*,*,*,*,0,0.00,0.00
2021,Census Tract,2.0323.00,13,650.00,971.92,10,0,3.00,3.40,5.15,10.27,*,*,*,*,*,*,*,*,*,*,0,0.00,0.00
2021,Census Tract,2.0326.00,23,900.00,1430.96,21,*,3.00,5.67,7.58,11.58,18,3.92,3.60,*,*,*,*,*,*,*,0,0.00,0.00
2021,Census Tract,2.0328.00,27,1100.00,2491.26,26,*,3.06,9.23,4.96,5.97,17,2.50,3.10,*,*,*,*,*,*,*,0,0.00,0.00
2021,Census Tract,2.0330.00,66,1166.00,2413.79,64,*,3.00,3.31,9.99,10.72,52,3.42,4.20,18,*,*,*,*,*,*,0,0.00,0.00
2021,Census Tract,2.0332.02,20,686.50,868.95,19,*,5.00,5.75,10.00,11.00,14,4.71,4.54,*,*,*,*,*,*,*,0,0.00,0.00
2021,Census Tract,2.0336.00,55,924.00,1885.25,54,20,4.00,5.23,5.01,6.22,34,2.67,3.15,12,*,*,*,*,*,*,0,0.00,0.00
2021,Census Tract,2.0337.00,46,1050.00,1649.17,42,*,3.38,6.78,10.00,10.69,35,3.16,3.71,11,*,*,*,*,*,*,0,0.00,0.00
2021,Census Tract,2.0338.00,39,1000.00,3355.56,33,*,3.51,3.46,4.92,6.50,20,3.04,4.43,*,*,*,*,*,*,*,0,0.00,0.00
2021,Census Tract,2.0340.00,12,1350.00,3275.00,12,*,2.00,2.67,1.00,1.42,0,0.00,0.00,0,0,0.00,0.00,0,0.00,0.00,0,0.00,0.00
2021,Census Tract,2.0342.00,16,1206.00,2155.56,14,0,2.00,2.36,1.00,5.34,*,*,*,*,*,*,*,*,*,*,0,0.00,0.00
2021,Census Tract,2.0344.00,13,2030.00,1619.08,*,*,*,*,*,*,0,0.00,0.00,0,*,*,*,*,*,*,0,0.00,0.00
2021,Census Tract,2.0348.00,23,1100.00,1657.39,23,0,2.17,2.38,11.01,15.83,20,3.87,4.85,*,0,0.00,0.00,0,0.00,0.00,0,0.00,0.00
2021,Census Tract,2.0350.00,13,680.00,1176.92,11,0,3.00,3.92,1.00,3.89,*,*,*,0,*,*,*,*,*,*,0,0.00,0.00
2021,Census Tract,2.0358.00,18,1200.00,1781.50,16,*,2.04,2.32,4.38,8.27,13,1.50,3.26,*,*,*,*,*,*,*,0,0.00,0.00
2021,Census Tract,2.0359.00,19,1116.00,3698.58,19,0,6.00,8.53,10.01,9.94,18,4.17,5.41,*,0,0.00,0.00,0,0.00,0.00,0,0.00,0.00
2021,Census Tract,2.0361.00,10,1428.50,2588.90,*,*,*,*,*,*,*,*,*,*,0,0.00,0.00,*,*,*,0,0.00,0.00
2021,Census Tract,2.0363.00,36,1360.00,1972.39,35,*,3.67,8.15,7.51,13.22,29,2.08,2.97,13,*,*,*,*,*,*,0,0.00,0.00
2021,Census Tract,2.0364.00,29,1125.00,1756.83,21,0,2.00,2.81,2.00,4.95,*,*,*,*,*,*,*,*,*,*,0,0.00,0.00
2021,Census Tract,2.0365.01,43,1100.00,1997.67,36,*,3.00,3.99,1.00,3.22,*,*,*,*,*,*,*,*,*,*,0,0.00,0.00
2021,Census Tract,2.0365.02,28,1208.00,1548.00,23,*,3.13,3.60,5.05,7.31,19,3.33,3.87,*,*,*,*,*,*,*,0,0.00,0.00
2021,Census Tract,2.0369.01,28,1219.00,2288.14,24,*,4.00,5.76,1.00,4.20,*,*,*,*,*,*,*,*,*,*,0,0.00,0.00
2021,Census Tract,2.0370.00,18,1000.00,1680.89,17,0,3.58,3.80,2.00,4.35,*,*,*,*,*,*,*,*,*,*,0,0.00,0.00
2021,Census Tract,2.0371.00,32,1500.00,1901.41,31,*,3.00,3.55,1.00,5.63,*,*,*,*,*,*,*,*,*,*,0,0.00,0.00
2021,Census Tract,2.0372.00,12,828.00,2185.42,10,*,2.50,2.87,8.40,7.36,*,*,*,*,*,*,*,*,*,*,0,0.00,0.00
2021,Census Tract,2.0373.00,60,950.00,1435.20,57,*,4.00,5.33,3.00,5.63,21,3.58,4.10,*,*,*,*,*,*,*,0,0.00,0.00
2021,Census Tract,2.0374.00,34,1318.00,2263.56,27,0,2.00,2.46,5.00,6.15,18,3.21,3.33,*,*,*,*,*,*,*,0,0.00,0.00
2021,Census Tract,2.0375.04,33,1300.00,2220.36,29,*,2.83,4.82,10.01,9.64,24,3.09,4.26,*,*,*,*,*,*,*,*,*,*
2021,Census Tract,2.0378.00,18,1000.00,2266.67,15,0,4.00,4.53,12.01,12.57,14,4.88,6.35,0,*,*,*,*,*,*,0,0.00,0.00
2021,Census Tract,2.0379.00,15,1250.00,3698.73,13,0,3.42,6.19,5.24,7.42,*,*,*,*,*,*,*,*,*,*,0,0.00,0.00
2021,Census Tract,2.0380.00,34,701.00,2719.18,32,*,3.00,3.38,2.99,7.10,15,2.08,5.67,*,*,*,*,*,*,*,0,0.00,0.00
2021,Census Tract,2.0381.00,46,502.00,845.96,42,*,4.00,3.50,9.63,11.01,30,2.63,5.15,14,*,*,*,*,*,*,0,0.00,0.00
2021,Census Tract,2.0383.01,27,629.00,775.15,25,*,5.83,6.25,4.00,7.29,18,1.21,3.49,11,*,*,*,*,*,*,0,0.00,0.00
2021,Census Tract,2.0383.02,26,1828.00,4486.08,23,0,2.00,2.22,10.00,10.35,21,2.92,3.55,*,*,*,*,*,*,*,0,0.00,0.00
2021,Census Tract,2.0385.00,18,817.00,889.17,18,0,3.79,3.58,10.01,10.57,17,3.00,4.33,*,0,0.00,0.00,0,0.00,0.00,0,0.00,0.00
2021,Census Tract,2.0386.00,46,960.00,1707.09,45,*,3.00,2.86,5.28,9.47,23,1.92,3.81,12,*,*,*,*,*,*,0,0.00,0.00
2021,Census Tract,2.0387.00,42,2031.00,4226.88,38,*,3.19,3.88,9.86,9.77,31,2.58,3.43,10,*,*,*,*,*,*,*,*,*
2021,Census Tract,2.0389.00,71,800.00,2301.34,61,*,3.33,5.02,5.00,5.67,35,2.92,3.96,12,*,*,*,*,*,*,0,0.00,0.00
2021,Census Tract,2.0390.00,27,880.00,1394.48,27,0,2.00,2.16,1.00,6.36,*,*,*,*,0,0.00,0.00,0,0.00,0.00,0,0.00,0.00
2021,Census Tract,2.0391.00,110,663.50,1085.32,93,17,3.00,4.10,3.00,6.14,40,3.50,4.06,14,*,*,*,*,*,*,0,0.00,0.00
2021,Census Tract,2.0392.00,19,800.00,1405.16,16,*,3.92,3.73,4.37,4.86,10,2.08,3.09,*,*,*,*,*,*,*,0,0.00,0.00
2021,Census Tract,2.0393.00,15,594.00,691.13,15,0,4.00,4.38,10.04,13.24,15,4.50,4.82,*,0,0.00,0.00,0,0.00,0.00,0,0.00,0.00
2021,Census Tract,2.0394.00,10,1175.00,2109.60,*,*,*,*,*,*,*,*,*,*,*,*,*,0,0.00,0.00,0,0.00,0.00
2021,Census Tract,2.0395.00,44,1678.00,3864.16,39,*,2.40,5.80,3.00,5.35,18,2.21,3.37,*,*,*,*,*,*,*,0,0.00,0.00
2021,Census Tract,2.0396.00,44,792.00,1524.84,42,*,2.92,2.98,4.00,6.46,22,1.58,2.48,13,*,*,*,*,*,*,0,0.00,0.00
2021,Census Tract,2.0397.00,36,1425.00,3584.50,29,0,4.41,4.71,9.00,10.16,21,3.42,7.25,*,*,*,*,*,*,*,0,0.00,0.00
2021,Census Tract,2.0399.01,51,1250.00,2686.20,37,*,4.00,6.01,10.05,10.36,33,3.25,3.71,*,*,*,*,*,*,*,10,1.00,1.00
2021,Census Tract,2.0399.02,61,700.00,1906.97,48,0,5.63,7.04,10.00,9.90,35,4.01,5.16,11,*,*,*,*,*,*,0,0.00,0.00
2021,Census Tract,2.0401.00,53,1250.00,6753.36,50,0,4.00,6.36,10.01,13.01,47,3.67,4.52,14,*,*,*,*,*,*,0,0.00,0.00
2021,Census Tract,2.0403.02,13,900.00,1011.31,12,0,2.85,3.94,10.00,9.49,12,2.08,3.44,*,*,*,*,*,*,*,0,0.00,0.00
2021,Census Tract,2.0403.03,11,1110.00,1567.00,10,0,3.00,3.28,8.99,9.67,10,2.96,2.74,*,*,*,*,*,*,*,0,0.00,0.00
2021,Census Tract,2.0403.04,22,625.00,1856.32,21,*,5.00,4.50,5.00,9.38,20,1.62,2.02,15,*,*,*,*,*,*,0,0.00,0.00
2021,Census Tract,2.0404.00,11,868.00,1145.18,11,0,3.00,2.76,12.51,14.01,10,6.54,6.30,*,0,0.00,0.00,0,0.00,0.00,0,0.00,0.00
2021,Census Tract,2.0405.01,12,605.00,834.33,12,0,4.00,4.02,10.01,12.10,10,6.08,5.80,*,0,0.00,0.00,0,0.00,0.00,0,0.00,0.00
2021,Census Tract,2.0405.02,13,525.00,961.15,12,0,4.50,4.63,3.00,5.84,*,*,*,*,*,*,*,*,*,*,0,0.00,0.00
2021,Census Tract,2.0406.00,50,886.00,1298.80,48,*,2.58,2.61,10.00,10.07,38,4.00,3.77,15,*,*,*,*,*,*,0,0.00,0.00
2021,Census Tract,2.0407.01,45,850.00,1072.29,42,10,3.00,5.32,1.00,2.58,10,2.33,2.80,*,*,*,*,*,*,*,0,0.00,0.00
2021,Census Tract,2.0407.02,36,749.00,1054.92,35,*,3.00,4.23,5.08,7.34,30,2.71,3.24,11,*,*,*,*,*,*,0,0.00,0.00
2021,Census Tract,2.0408.00,18,1086.50,3611.06,18,0,2.50,2.81,10.00,12.55,17,1.41,4.12,*,0,0.00,0.00,0,0.00,0.00,0,0.00,0.00
2021,Census Tract,2.0411.00,28,825.00,1282.71,24,*,3.67,4.25,3.50,6.34,12,5.00,5.69,*,*,*,*,*,*,*,0,0.00,0.00
2021,Census Tract,2.0413.00,20,789.00,1186.80,15,*,3.00,4.01,5.94,6.76,11,4.00,4.51,*,*,*,*,*,*,*,0,0.00,0.00
2021,Census Tract,2.0414.00,34,1090.00,2993.71,24,*,3.00,4.17,5.09,9.18,11,5.42,8.36,*,*,*,*,*,*,*,0,0.00,0.00
2021,Census Tract,2.0415.00,10,2000.00,1833.10,10,0,2.00,1.80,2.50,5.29,*,*,*,*,0,0.00,0.00,0,0.00,0.00,0,0.00,0.00
2021,Census Tract,2.0418.00,40,950.00,1628.18,39,0,3.00,3.26,10.00,8.92,27,2.50,3.43,12,*,*,*,*,*,*,0,0.00,0.00
2021,Census Tract,2.0419.00,23,1000.00,1956.39,22,0,5.00,5.29,10.00,10.32,17,3.00,4.64,*,*,*,*,*,*,*,0,0.00,0.00
2021,Census Tract,2.0420.00,26,669.50,1945.85,23,0,2.00,3.06,5.92,8.83,20,2.12,3.53,11,*,*,*,*,*,*,0,0.00,0.00
2021,Census Tract,2.0421.00,52,1254.50,1930.87,51,*,4.00,4.45,1.00,3.32,11,7.84,6.60,*,*,*,*,*,*,*,0,0.00,0.00
2021,Census Tract,2.0422.00,44,1000.00,1689.43,39,*,3.00,3.06,5.00,5.75,24,3.50,3.74,*,*,*,*,*,*,*,0,0.00,0.00
2021,Census Tract,2.0423.00,57,600.00,1166.00,53,*,3.17,3.74,5.25,7.03,30,2.33,2.59,12,*,*,*,*,*,*,0,0.00,0.00
2021,Census Tract,2.0424.00,14,1005.00,2100.71,14,0,3.00,3.10,5.96,9.58,*,*,*,*,0,0.00,0.00,0,0.00,0.00,0,0.00,0.00
2021,Census Tract,2.0425.00,52,990.00,1366.56,51,*,3.00,3.43,6.00,7.85,28,4.00,3.89,*,*,*,*,*,*,*,0,0.00,0.00
2021,Census Tract,2.0429.02,28,758.00,1781.36,24,*,4.00,7.75,10.05,10.05,17,5.75,5.35,*,*,*,*,*,*,*,0,0.00,0.00
2021,Census Tract,2.0431.00,66,765.00,1839.76,61,0,3.00,3.93,5.17,7.73,35,3.58,4.19,15,*,*,*,*,*,*,0,0.00,0.00
2021,Census Tract,2.0434.00,50,765.00,1379.12,48,*,3.50,4.26,5.00,7.33,35,2.00,3.60,18,*,*,*,*,*,*,0,0.00,0.00
2021,Census Tract,2.0442.00,13,900.00,1275.08,*,*,*,*,*,*,*,*,*,*,*,*,*,*,*,*,0,0.00,0.00
2021,Census Tract,2.0449.02,11,987.00,992.45,*,*,*,*,*,*,*,*,*,*,*,*,*,*,*,*,0,0.00,0.00
2021,Census Tract,2.0462.01,217,3178.00,8702.02,192,*,3.42,3.63,10.47,14.17,185,3.75,4.73,39,*,*,*,*,*,*,0,0.00,0.00
2021,Census Tract,2.0462.02,50,2040.00,3570.46,43,*,2.00,2.60,5.17,11.37,35,3.00,4.80,12,*,*,*,*,*,*,0,0.00,0.00
2021,Census Tract,2.0484.00,21,1200.00,2156.29,13,0,3.21,2.97,9.75,7.09,11,2.33,3.13,*,*,*,*,*,*,*,0,0.00,0.00
2021,Census Tract,2.0516.00,29,3000.00,3649.55,15,*,2.00,2.57,9.00,10.30,12,6.46,6.86,*,14,2.00,7.68,0,0.00,0.00,0,0.00,0.00
2021,Census Tract,3.0000.00,17,2883.00,4401.18,*,*,*,*,*,*,*,*,*,*,*,*,*,11,1.00,1.25,*,*,*
2021,Census Tract,3.0001.00,25,1106.00,2330.88,18,0,4.64,9.76,10.00,15.71,16,4.00,8.05,*,*,*,*,*,*,*,0,0.00,0.00
2021,Census Tract,3.0002.00,63,2000.00,3561.10,49,0,2.00,3.78,1.00,3.22,10,3.17,3.52,*,*,*,*,*,*,*,0,0.00,0.00
2021,Census Tract,3.0005.01,42,1062.50,3153.74,30,*,9.00,13.98,5.48,10.13,17,2.00,2.83,10,*,*,*,*,*,*,0,0.00,0.00
2021,Census Tract,3.0005.02,50,1800.00,3108.18,37,*,8.00,14.43,11.01,13.85,26,3.33,5.92,*,*,*,*,*,*,*,0,0.00,0.00
2021,Census Tract,3.0007.00,41,1200.00,5040.41,29,*,5.00,12.22,1.00,8.55,*,*,*,*,*,*,*,*,*,*,0,0.00,0.00
2021,Census Tract,3.0009.00,73,2500.00,5921.75,63,*,11.00,23.27,10.52,12.61,46,4.92,5.91,10,*,*,*,*,*,*,0,0.00,0.00
2021,Census Tract,3.0011.00,96,1650.00,4057.91,77,*,11.00,20.26,10.01,12.65,60,4.42,5.71,11,*,*,*,*,*,*,0,0.00,0.00
2021,Census Tract,3.0015.00,72,2406.50,12047.43,47,*,6.00,10.18,5.01,6.55,28,5.75,6.02,*,*,*,*,*,*,*,*,*,*
2021,Census Tract,3.0018.00,106,5000.00,8795.35,78,*,3.00,5.79,1.00,1.66,*,*,*,*,*,*,*,*,*,*,0,0.00,0.00
2021,Census Tract,3.0020.00,25,2500.00,3466.48,20,*,2.50,7.40,2.58,3.64,*,*,*,*,*,*,*,*,*,*,0,0.00,0.00
2021,Census Tract,3.0021.00,139,2025.00,2838.49,117,29,41.00,41.29,10.00,8.80,75,5.10,5.03,16,*,*,*,*,*,*,0,0.00,0.00
2021,Census Tract,3.0022.00,33,2200.00,2673.03,28,*,2.00,3.00,10.00,7.75,19,6.00,5.47,*,*,*,*,*,*,*,0,0.00,0.00
2021,Census Tract,3.0033.00,60,2748.00,6974.13,46,*,5.00,5.93,10.01,8.71,38,5.17,5.98,*,*,*,*,*,*,*,*,*,*
2021,Census Tract,3.0035.00,53,2100.00,11946.15,51,0,6.00,7.94,15.08,13.56,41,2.67,4.02,13,*,*,*,*,*,*,0,0.00,0.00
2021,Census Tract,3.0037.00,125,2190.00,4131.32,101,*,7.00,13.90,10.51,13.38,90,5.63,6.83,20,0,0.00,0.00,24,1.00,2.18,*,*,*
2021,Census Tract,3.0039.00,48,2082.00,3988.85,31,*,5.00,9.13,1.00,6.54,10,8.42,8.31,*,*,*,*,*,*,*,0,0.00,0.00
2021,Census Tract,3.0041.00,47,800.00,1423.72,41,*,5.00,12.53,5.00,7.08,21,2.75,3.41,*,*,*,*,*,*,*,0,0.00,0.00
2021,Census Tract,3.0043.00,69,1600.00,3036.36,60,*,6.00,13.82,10.00,9.59,47,4.75,5.38,10,*,*,*,*,*,*,*,*,*
2021,Census Tract,3.0045.00,39,1500.00,2609.23,38,*,6.00,7.44,5.02,6.69,24,2.42,3.77,12,*,*,*,*,*,*,0,0.00,0.00
2021,Census Tract,3.0051.00,24,1510.00,2720.46,18,*,3.50,8.75,3.71,5.51,11,4.33,4.48,*,*,*,*,*,*,*,0,0.00,0.00
2021,Census Tract,3.0053.00,62,982.50,4571.05,54,*,1.00,2.47,5.00,7.53,46,1.83,3.29,22,*,*,*,*,*,*,0,0.00,0.00
2021,Census Tract,3.0054.00,17,600.00,1732.24,16,*,6.00,6.80,3.00,6.82,*,*,*,*,*,*,*,*,*,*,0,0.00,0.00
2021,Census Tract,3.0056.01,13,1400.00,2619.46,12,0,3.00,2.75,2.40,6.22,*,*,*,*,*,*,*,*,*,*,0,0.00,0.00
2021,Census Tract,3.0056.02,10,1200.00,1711.90,10,*,4.00,4.47,5.00,6.71,*,*,*,*,0,0.00,0.00,0,0.00,0.00,0,0.00,0.00
2021,Census Tract,3.0058.00,58,1475.00,3771.66,45,*,3.00,3.69,2.00,5.79,11,5.16,8.14,*,*,*,*,*,*,*,0,0.00,0.00
2021,Census Tract,3.0059.00,23,4000.00,6706.43,17,*,3.00,10.73,2.00,3.36,*,*,*,*,*,*,*,*,*,*,0,0.00,0.00
2021,Census Tract,3.0060.00,31,1000.00,1375.35,28,*,4.00,3.83,5.00,7.84,18,2.58,4.52,*,*,*,*,*,*,*,0,0.00,0.00
2021,Census Tract,3.0062.00,36,729.00,938.14,31,*,4.17,4.43,2.00,3.97,10,4.71,4.64,*,*,*,*,*,*,*,0,0.00,0.00
2021,Census Tract,3.0064.00,23,1000.00,2346.09,18,0,4.00,4.65,3.50,5.39,10,2.42,2.91,*,*,*,*,*,*,*,0,0.00,0.00
2021,Census Tract,3.0065.00,24,1250.00,1526.83,21,*,6.00,13.48,5.92,7.52,13,2.00,3.09,*,*,*,*,*,*,*,0,0.00,0.00
2021,Census Tract,3.0066.00,30,1000.00,1266.20,24,0,3.94,3.71,5.00,7.23,15,3.84,3.53,*,*,*,*,*,*,*,0,0.00,0.00
2021,Census Tract,3.0067.00,24,1139.50,1525.25,20,0,6.00,5.89,10.00,9.35,14,6.97,6.24,*,*,*,*,*,*,*,0,0.00,0.00
2021,Census Tract,3.0068.00,45,1125.00,2223.40,40,*,3.00,3.36,5.00,8.30,23,2.42,3.33,*,*,*,*,*,*,*,0,0.00,0.00
2021,Census Tract,3.0069.00,41,1500.00,2839.90,36,*,8.50,18.26,5.00,7.54,21,5.92,6.92,*,*,*,*,*,*,*,0,0.00,0.00
2021,Census Tract,3.0071.00,12,2500.00,3078.17,11,0,2.00,5.32,5.75,6.69,*,*,*,*,*,*,*,*,*,*,0,0.00,0.00
2021,Census Tract,3.0074.00,26,812.50,1340.23,23,*,4.50,7.16,5.00,6.18,13,4.37,5.64,*,*,*,*,*,*,*,0,0.00,0.00
2021,Census Tract,3.0075.00,25,1428.00,3339.76,16,*,6.50,16.30,10.50,8.62,11,2.25,2.33,*,*,*,*,*,*,*,0,0.00,0.00
2021,Census Tract,3.0076.00,39,936.00,1903.46,30,*,5.00,5.51,5.00,6.46,20,2.06,3.57,11,*,*,*,*,*,*,0,0.00,0.00
2021,Census Tract,3.0077.00,44,1000.00,2093.36,33,*,4.00,6.62,1.92,6.01,16,5.08,5.57,*,*,*,*,*,*,*,0,0.00,0.00
2021,Census Tract,3.0078.00,38,1833.50,3290.63,23,0,3.00,3.57,4.59,7.47,10,1.04,3.98,*,*,*,*,*,*,*,0,0.00,0.00
2021,Census Tract,3.0080.00,24,950.00,1262.75,17,0,5.00,4.35,10.00,7.67,10,3.08,3.38,*,*,*,*,*,*,*,0,0.00,0.00
2021,Census Tract,3.0082.00,19,720.00,1833.05,16,0,3.96,6.65,5.00,6.58,11,4.75,5.54,*,*,*,*,*,*,*,0,0.00,0.00
2021,Census Tract,3.0084.00,58,1450.00,3616.90,51,*,2.50,4.28,5.00,8.19,35,1.25,2.94,20,*,*,*,*,*,*,0,0.00,0.00
2021,Census Tract,3.0088.00,15,531.00,588.87,14,0,5.00,5.45,6.02,7.86,11,2.00,2.72,*,*,*,*,*,*,*,0,0.00,0.00
2021,Census Tract,3.0090.00,31,2340.00,2925.06,28,*,2.00,3.08,3.98,5.41,15,4.75,4.50,*,*,*,*,*,*,*,0,0.00,0.00
2021,Census Tract,3.0092.00,27,1500.00,1952.78,16,0,2.00,2.44,1.00,2.81,*,*,*,*,*,*,*,*,*,*,0,0.00,0.00
2021,Census Tract,3.0094.00,23,670.00,835.83,20,*,7.50,7.91,3.00,5.50,10,2.42,2.44,*,*,*,*,*,*,*,0,0.00,0.00
2021,Census Tract,3.0096.00,35,750.00,860.43,31,0,5.00,8.02,7.00,7.18,22,2.33,3.24,*,*,*,*,*,*,*,*,*,*
2021,Census Tract,3.0098.00,30,1500.00,1903.57,26,*,4.00,5.16,1.00,3.60,*,*,*,*,*,*,*,*,*,*,0,0.00,0.00
2021,Census Tract,3.0100.00,36,945.00,999.28,34,*,5.00,4.81,3.58,4.83,19,3.92,3.82,*,*,*,*,*,*,*,0,0.00,0.00
2021,Census Tract,3.0101.00,57,2800.00,4698.63,47,*,2.00,3.60,1.00,4.08,20,1.12,2.74,10,*,*,*,*,*,*,0,0.00,0.00
2021,Census Tract,3.0102.00,24,800.00,1252.00,21,0,4.06,4.08,1.00,2.80,*,*,*,*,*,*,*,*,*,*,0,0.00,0.00
2021,Census Tract,3.0104.00,95,1100.00,1360.72,85,*,4.23,5.77,1.00,3.95,27,3.90,4.24,*,*,*,*,*,*,*,0,0.00,0.00
2021,Census Tract,3.0106.00,68,1365.00,1430.66,60,*,4.00,5.19,1.00,4.75,27,3.67,3.68,12,*,*,*,*,*,*,0,0.00,0.00
2021,Census Tract,3.0108.00,49,1000.00,1440.04,42,*,4.07,4.62,2.00,3.85,21,2.75,3.42,*,*,*,*,*,*,*,0,0.00,0.00
2021,Census Tract,3.0110.00,14,1280.00,1323.14,13,*,2.00,3.58,4.00,4.17,*,*,*,*,*,*,*,*,*,*,0,0.00,0.00
2021,Census Tract,3.0112.00,15,1100.00,1498.00,13,0,4.00,12.34,9.01,9.73,11,1.25,1.82,*,*,*,*,*,*,*,0,0.00,0.00
2021,Census Tract,3.0114.00,11,1353.00,1426.91,11,*,3.00,4.10,1.00,3.20,*,*,*,*,0,0.00,0.00,0,0.00,0.00,0,0.00,0.00
2021,Census Tract,3.0116.00,18,1300.00,1914.61,14,0,2.59,3.17,1.00,2.55,*,*,*,*,*,*,*,*,*,*,0,0.00,0.00
2021,Census Tract,3.0117.00,49,2750.00,4126.73,38,0,2.00,3.96,5.00,8.12,31,1.33,3.00,16,*,*,*,*,*,*,0,0.00,0.00
2021,Census Tract,3.0118.00,75,2242.00,4607.91,66,*,3.00,3.14,3.50,6.33,33,4.50,4.81,11,*,*,*,*,*,*,0,0.00,0.00
2021,Census Tract,3.0119.00,63,1600.00,7626.62,56,*,3.78,14.19,4.00,6.28,36,2.17,4.41,18,*,*,*,*,*,*,0,0.00,0.00
2021,Census Tract,3.0120.00,57,3000.00,3668.61,42,*,3.00,4.18,5.00,4.60,23,2.92,3.32,10,*,*,*,*,*,*,0,0.00,0.00
2021,Census Tract,3.0121.00,35,1500.00,2605.03,29,*,4.00,16.04,5.00,7.67,22,2.12,2.97,*,*,*,*,*,*,*,0,0.00,0.00
2021,Census Tract,3.0122.00,36,650.00,1137.47,33,*,4.00,4.30,2.00,5.58,18,2.87,3.12,*,*,*,*,*,*,*,0,0.00,0.00
2021,Census Tract,3.0126.00,19,800.00,1532.79,19,0,3.00,3.69,5.08,7.68,16,1.46,2.28,*,0,0.00,0.00,0,0.00,0.00,0,0.00,0.00
2021,Census Tract,3.0127.00,25,665.00,2212.12,23,*,24.00,19.16,10.01,8.52,14,0.42,2.29,*,*,*,*,*,*,*,0,0.00,0.00
2021,Census Tract,3.0129.01,22,1045.00,4279.59,13,0,6.84,8.86,7.76,8.42,11,4.00,4.95,*,*,*,*,*,*,*,0,0.00,0.00
2021,Census Tract,3.0129.02,42,1100.00,1851.88,37,*,6.00,6.84,9.98,8.70,28,6.88,6.76,*,*,*,*,*,*,*,0,0.00,0.00
2021,Census Tract,3.0130.00,42,904.50,1243.43,38,*,3.00,3.39,8.50,8.40,30,3.08,3.10,*,*,*,*,*,*,*,0,0.00,0.00
2021,Census Tract,3.0131.00,36,710.00,828.19,34,*,7.92,11.55,5.21,7.21,24,3.75,4.59,*,*,*,*,*,*,*,*,*,*
2021,Census Tract,3.0132.00,13,575.00,1258.08,12,0,3.00,2.86,5.96,5.74,10,2.00,2.07,*,*,*,*,*,*,*,0,0.00,0.00
2021,Census Tract,3.0133.00,42,1300.00,2051.36,37,*,6.50,6.18,10.01,10.51,33,4.33,5.76,*,*,*,*,*,*,*,0,0.00,0.00
2021,Census Tract,3.0134.00,21,1000.00,2362.43,14,0,3.79,4.59,6.50,7.16,10,2.54,2.64,*,*,*,*,*,*,*,0,0.00,0.00
2021,Census Tract,3.0135.00,22,857.50,963.18,21,*,4.50,6.89,1.00,3.21,*,*,*,*,*,*,*,*,*,*,0,0.00,0.00
2021,Census Tract,3.0136.00,24,562.50,826.17,21,0,3.67,3.87,5.00,6.29,13,2.75,3.63,*,*,*,*,*,*,*,0,0.00,0.00
2021,Census Tract,3.0137.00,35,1200.00,2320.31,28,*,5.00,5.55,4.50,5.97,17,2.00,3.28,10,*,*,*,*,*,*,0,0.00,0.00
2021,Census Tract,3.0138.00,43,1250.00,2375.86,38,*,4.00,5.06,5.00,10.12,26,2.46,4.83,11,*,*,*,*,*,*,0,0.00,0.00
2021,Census Tract,3.0139.00,38,1332.50,2627.13,31,*,4.00,4.99,4.00,5.70,19,3.16,4.31,*,*,*,*,*,*,*,0,0.00,0.00
2021,Census Tract,3.0140.00,10,750.00,927.00,*,*,*,*,*,*,0,0.00,0.00,0,*,*,*,*,*,*,0,0.00,0.00
2021,Census Tract,3.0141.00,34,2164.50,3347.24,29,0,4.00,4.76,10.01,11.56,24,3.54,4.90,*,*,*,*,*,*,*,0,0.00,0.00
2021,Census Tract,3.0142.00,29,950.00,1981.72,21,0,5.00,5.52,1.00,4.29,*,*,*,*,*,*,*,*,*,*,0,0.00,0.00
2021,Census Tract,3.0143.00,30,1750.00,1951.73,22,*,4.00,5.20,1.50,5.15,*,*,*,*,*,*,*,*,*,*,0,0.00,0.00
2021,Census Tract,3.0145.00,38,1240.00,1707.13,34,0,4.00,5.87,4.02,4.98,23,1.75,2.97,12,*,*,*,*,*,*,0,0.00,0.00
2021,Census Tract,3.0149.00,27,1000.00,981.56,25,*,4.00,8.72,6.00,10.25,15,4.58,5.44,*,*,*,*,*,*,*,0,0.00,0.00
2021,Census Tract,3.0151.00,22,700.00,752.09,18,*,6.00,16.72,1.00,6.58,*,*,*,*,*,*,*,*,*,*,0,0.00,0.00
2021,Census Tract,3.0153.00,24,1250.00,1364.21,21,0,7.25,6.82,9.97,11.41,20,2.00,3.14,*,*,*,*,*,*,*,0,0.00,0.00
2021,Census Tract,3.0155.00,27,990.00,1124.70,20,*,5.00,12.85,6.50,8.69,16,3.71,4.49,*,*,*,*,*,*,*,0,0.00,0.00
2021,Census Tract,3.0157.00,54,821.50,1343.30,45,*,6.96,7.28,5.00,5.41,31,2.84,3.30,*,*,*,*,*,*,*,0,0.00,0.00
2021,Census Tract,3.0159.00,38,1120.00,1767.42,35,*,6.00,11.79,9.01,8.05,23,5.16,5.83,*,*,*,*,*,*,*,0,0.00,0.00
2021,Census Tract,3.0160.00,102,2000.00,5765.42,74,*,4.67,5.34,5.00,8.04,44,3.58,4.82,17,*,*,*,*,*,*,*,*,*
2021,Census Tract,3.0161.00,36,1717.50,168586.94,26,*,10.00,10.36,11.03,15.22,20,5.13,5.91,*,*,*,*,*,*,*,0,0.00,0.00
2021,Census Tract,3.0162.00,13,1406.00,2038.46,12,*,3.76,3.68,2.00,3.89,*,*,*,*,*,*,*,*,*,*,0,0.00,0.00
2021,Census Tract,3.0163.00,21,1500.00,3223.19,17,*,4.00,6.01,9.00,8.19,13,5.00,4.78,*,*,*,*,*,*,*,0,0.00,0.00
2021,Census Tract,3.0167.00,11,1330.00,4810.73,*,*,*,*,*,*,*,*,*,0,*,*,*,0,0.00,0.00,0,0.00,0.00
2021,Census Tract,3.0169.00,33,900.00,910.85,31,*,5.00,15.65,5.00,7.21,21,1.75,2.56,12,*,*,*,*,*,*,*,*,*
2021,Census Tract,3.0172.00,13,2600.00,4267.15,11,*,3.00,3.24,8.38,12.30,*,*,*,*,*,*,*,*,*,*,0,0.00,0.00
2021,Census Tract,3.0178.00,23,2000.00,3178.57,19,*,3.00,4.16,1.00,5.58,*,*,*,*,*,*,*,*,*,*,0,0.00,0.00
2021,Census Tract,3.0180.00,10,1340.00,3007.20,10,0,4.00,3.99,10.45,11.44,*,*,*,*,0,0.00,0.00,0,0.00,0.00,0,0.00,0.00
2021,Census Tract,3.0181.00,20,953.50,1168.10,18,*,7.00,12.18,5.46,5.84,13,3.92,4.08,*,*,*,*,*,*,*,0,0.00,0.00
2021,Census Tract,3.0183.00,18,1100.00,1441.22,17,*,4.00,7.10,10.00,10.26,14,5.71,5.76,*,*,*,*,*,*,*,0,0.00,0.00
2021,Census Tract,3.0187.00,10,1875.00,3659.30,*,*,*,*,*,*,*,*,*,0,*,*,*,*,*,*,0,0.00,0.00
2021,Census Tract,3.0190.00,21,1150.00,2412.38,16,0,3.00,3.90,3.75,6.17,*,*,*,*,*,*,*,*,*,*,0,0.00,0.00
2021,Census Tract,3.0191.00,28,2575.00,3354.86,25,*,3.00,6.28,7.00,7.75,18,3.84,5.01,*,*,*,*,*,*,*,0,0.00,0.00
2021,Census Tract,3.0192.00,17,1500.00,5288.12,13,0,2.71,7.69,6.00,8.40,*,*,*,*,*,*,*,*,*,*,0,0.00,0.00
2021,Census Tract,3.0193.00,23,1250.00,2339.17,23,0,4.00,8.17,2.24,6.15,*,*,*,*,0,0.00,0.00,0,0.00,0.00,0,0.00,0.00
2021,Census Tract,3.0194.00,20,1780.00,2302.35,17,0,2.27,3.11,2.00,6.27,*,*,*,*,*,*,*,*,*,*,0,0.00,0.00
2021,Census Tract,3.0195.00,18,1100.00,1771.06,17,0,6.00,7.77,9.18,11.39,11,2.75,3.51,*,*,*,*,*,*,*,0,0.00,0.00
2021,Census Tract,3.0196.00,20,1350.00,2486.85,18,*,3.00,5.35,2.50,7.28,*,*,*,*,*,*,*,*,*,*,0,0.00,0.00
2021,Census Tract,3.0198.00,11,917.00,1615.00,*,*,*,*,*,*,*,*,*,*,*,*,*,0,0.00,0.00,0,0.00,0.00
2021,Census Tract,3.0199.00,41,1896.00,5728.85,27,*,3.00,4.39,11.71,12.80,26,7.50,7.12,*,*,*,*,*,*,*,0,0.00,0.00
2021,Census Tract,3.0200.00,15,800.00,1320.53,12,*,3.17,3.88,1.50,4.38,*,*,*,*,*,*,*,*,*,*,0,0.00,0.00
2021,Census Tract,3.0201.00,24,1050.00,1919.00,21,*,5.29,5.99,1.00,3.64,*,*,*,*,*,*,*,*,*,*,0,0.00,0.00
2021,Census Tract,3.0203.00,19,1360.00,1466.84,12,0,1.00,3.17,1.00,1.75,*,*,*,*,*,*,*,*,*,*,0,0.00,0.00
2021,Census Tract,3.0205.00,18,800.00,2086.94,16,0,4.79,10.65,9.96,10.04,12,5.17,5.25,*,*,*,*,*,*,*,*,*,*
2021,Census Tract,3.0210.00,15,750.00,845.87,10,0,3.50,3.47,6.88,7.09,*,*,*,*,*,*,*,*,*,*,0,0.00,0.00
2021,Census Tract,3.0211.00,10,1150.00,3583.20,*,*,*,*,*,*,*,*,*,*,0,0.00,0.00,*,*,*,0,0.00,0.00
2021,Census Tract,3.0212.00,15,1400.00,2646.20,12,*,2.22,5.56,4.50,6.59,*,*,*,*,*,*,*,*,*,*,0,0.00,0.00
2021,Census Tract,3.0213.00,20,858.50,1108.30,19,*,5.00,9.92,10.01,10.61,19,3.42,4.02,*,*,*,*,*,*,*,0,0.00,0.00
2021,Census Tract,3.0214.00,19,3000.00,3736.84,17,*,1.00,1.61,2.00,3.93,*,*,*,*,*,*,*,*,*,*,0,0.00,0.00
2021,Census Tract,3.0215.00,20,775.00,1197.05,15,*,5.00,4.63,7.00,6.40,*,*,*,*,*,*,*,*,*,*,0,0.00,0.00
2021,Census Tract,3.0217.00,21,820.00,872.14,20,0,6.00,12.58,7.29,8.46,15,3.92,4.41,*,*,*,*,*,*,*,0,0.00,0.00
2021,Census Tract,3.0218.00,16,940.00,1637.50,12,0,3.00,2.62,1.00,4.73,*,*,*,*,*,*,*,*,*,*,0,0.00,0.00
2021,Census Tract,3.0219.00,22,1700.00,2106.55,16,*,4.42,4.75,10.18,11.49,13,2.84,4.93,*,*,*,*,*,*,*,0,0.00,0.00
2021,Census Tract,3.0220.00,86,1055.00,1699.24,69,0,3.00,3.64,5.50,7.54,44,3.01,3.38,*,*,*,*,*,*,*,0,0.00,0.00
2021,Census Tract,3.0222.00,42,1600.00,2634.95,32,*,4.00,4.82,10.00,12.16,24,5.25,5.98,*,*,*,*,*,*,*,0,0.00,0.00
2021,Census Tract,3.0224.00,20,1650.00,2241.50,19,0,3.00,2.88,10.01,9.89,12,3.11,4.50,*,*,*,*,*,*,*,0,0.00,0.00
2021,Census Tract,3.0226.00,24,1750.00,2781.96,20,*,2.00,3.19,9.50,9.11,14,3.46,3.40,*,*,*,*,*,*,*,0,0.00,0.00
2021,Census Tract,3.0227.00,55,1100.00,2672.49,46,0,3.00,4.39,6.00,8.96,35,2.25,3.87,17,*,*,*,*,*,*,0,0.00,0.00
2021,Census Tract,3.0228.00,20,2000.00,3301.75,12,*,2.00,4.58,1.50,6.16,*,*,*,*,*,*,*,*,*,*,0,0.00,0.00
2021,Census Tract,3.0229.00,11,1200.00,1975.09,11,0,2.00,2.07,1.00,1.83,*,*,*,0,0,0.00,0.00,0,0.00,0.00,0,0.00,0.00
2021,Census Tract,3.0230.00,29,1200.00,1890.86,26,0,2.00,3.04,5.04,7.41,22,2.17,3.30,*,*,*,*,*,*,*,0,0.00,0.00
2021,Census Tract,3.0232.00,34,1750.00,1895.88,26,0,3.50,4.65,11.55,15.21,20,4.00,4.29,*,*,*,*,*,*,*,0,0.00,0.00
2021,Census Tract,3.0233.00,19,1728.00,3002.05,18,0,4.00,3.92,10.01,9.25,13,5.16,5.64,*,*,*,*,*,*,*,0,0.00,0.00
2021,Census Tract,3.0234.00,38,1188.50,1576.37,34,*,4.00,4.71,7.92,7.91,15,7.25,7.37,*,*,*,*,*,*,*,0,0.00,0.00
2021,Census Tract,3.0235.00,15,880.00,1344.80,13,0,3.64,5.04,3.00,7.46,*,*,*,*,*,*,*,*,*,*,0,0.00,0.00
2021,Census Tract,3.0236.00,27,720.00,1304.07,24,0,4.00,3.97,7.55,6.98,13,2.67,4.43,*,*,*,*,*,*,*,0,0.00,0.00
2021,Census Tract,3.0238.00,10,1393.50,1653.70,*,*,*,*,*,*,*,*,*,*,*,*,*,*,*,*,0,0.00,0.00
2021,Census Tract,3.0240.00,11,1826.00,4406.91,*,*,*,*,*,*,*,*,*,*,*,*,*,*,*,*,0,0.00,0.00
2021,Census Tract,3.0241.00,16,1040.00,8569.69,13,*,5.00,13.46,10.01,11.61,13,3.97,5.15,*,*,*,*,*,*,*,0,0.00,0.00
2021,Census Tract,3.0242.00,10,3744.50,5348.90,*,*,*,*,*,*,*,*,*,*,*,*,*,*,*,*,0,0.00,0.00
2021,Census Tract,3.0243.00,23,1000.00,2362.39,19,0,4.00,4.78,10.00,7.47,11,8.59,7.98,0,*,*,*,*,*,*,0,0.00,0.00
2021,Census Tract,3.0244.00,11,400.00,628.91,11,0,3.00,3.21,3.00,3.46,*,*,*,*,0,0.00,0.00,0,0.00,0.00,0,0.00,0.00
2021,Census Tract,3.0245.00,21,1636.00,3089.81,15,0,3.00,3.44,10.01,11.02,12,7.92,9.23,*,*,*,*,*,*,*,0,0.00,0.00
2021,Census Tract,3.0247.00,52,2119.50,3334.13,47,*,4.00,4.55,10.01,10.68,32,3.92,5.09,11,*,*,*,*,*,*,0,0.00,0.00
2021,Census Tract,3.0248.00,28,1250.00,2777.39,17,*,2.00,2.61,1.00,3.86,*,*,*,*,*,*,*,*,*,*,0,0.00,0.00
2021,Census Tract,3.0249.00,16,1000.00,1131.63,10,*,4.00,3.67,6.05,7.01,*,*,*,0,*,*,*,*,*,*,0,0.00,0.00
2021,Census Tract,3.0250.00,16,1900.00,2724.38,*,*,*,*,*,*,*,*,*,0,*,*,*,*,*,*,0,0.00,0.00
2021,Census Tract,3.0252.00,40,2046.00,2455.80,33,0,3.00,6.73,2.00,8.68,14,4.96,6.91,*,*,*,*,*,*,*,0,0.00,0.00
2021,Census Tract,3.0253.00,13,950.00,1596.31,11,0,3.00,3.32,7.01,6.39,*,*,*,*,*,*,*,*,*,*,0,0.00,0.00
2021,Census Tract,3.0254.00,16,1050.00,1605.63,13,*,3.00,5.29,7.00,6.69,*,*,*,*,*,*,*,*,*,*,0,0.00,0.00
2021,Census Tract,3.0256.00,22,1050.00,1860.41,18,0,2.04,2.80,2.42,6.98,*,*,*,*,*,*,*,*,*,*,0,0.00,0.00
2021,Census Tract,3.0257.00,18,1200.00,1908.83,12,*,2.00,4.08,10.01,8.93,*,*,*,0,*,*,*,*,*,*,0,0.00,0.00
2021,Census Tract,3.0258.00,24,812.50,1269.25,20,0,2.42,11.44,6.54,8.40,15,4.00,4.42,*,*,*,*,*,*,*,0,0.00,0.00
2021,Census Tract,3.0260.00,17,1500.00,2880.41,15,0,5.00,5.65,5.00,5.41,*,*,*,*,*,*,*,*,*,*,0,0.00,0.00
2021,Census Tract,3.0261.00,17,650.00,1426.88,11,0,3.00,3.69,5.16,7.52,*,*,*,0,*,*,*,*,*,*,0,0.00,0.00
2021,Census Tract,3.0264.00,26,910.00,1291.27,23,*,3.00,2.82,3.00,4.54,13,1.08,3.00,*,*,*,*,*,*,*,0,0.00,0.00
2021,Census Tract,3.0266.00,13,1000.00,1760.00,11,*,3.33,3.77,5.00,4.39,*,*,*,*,*,*,*,*,*,*,0,0.00,0.00
2021,Census Tract,3.0269.00,23,900.00,1012.74,22,*,5.00,4.71,4.48,5.61,13,5.33,5.34,*,*,*,*,*,*,*,0,0.00,0.00
2021,Census Tract,3.0271.00,14,1250.00,1344.21,12,0,4.00,4.02,7.83,8.15,11,4.00,3.97,*,*,*,*,*,*,*,0,0.00,0.00
2021,Census Tract,3.0272.00,16,787.50,1174.38,10,*,3.00,3.10,1.00,2.60,*,*,*,*,*,*,*,*,*,*,0,0.00,0.00
2021,Census Tract,3.0273.00,21,1600.00,2281.67,18,*,2.00,2.50,3.50,7.70,*,*,*,*,*,*,*,*,*,*,0,0.00,0.00
2021,Census Tract,3.0274.00,19,900.00,1063.79,14,0,3.00,12.23,3.75,3.95,*,*,*,*,*,*,*,*,*,*,0,0.00,0.00
2021,Census Tract,3.0275.00,30,687.50,9114.37,29,*,3.00,3.97,4.00,5.93,21,2.58,4.38,10,*,*,*,*,*,*,0,0.00,0.00
2021,Census Tract,3.0276.00,40,1550.00,2383.10,34,*,3.00,3.26,2.00,4.83,14,3.08,3.80,*,*,*,*,*,*,*,0,0.00,0.00
2021,Census Tract,3.0278.00,43,1000.00,3002.77,41,*,4.00,4.69,5.00,6.80,25,2.00,4.79,*,*,*,*,*,*,*,0,0.00,0.00
2021,Census Tract,3.0280.00,19,2601.00,4750.11,10,0,2.00,2.12,7.50,7.02,*,*,*,*,*,*,*,*,*,*,0,0.00,0.00
2021,Census Tract,3.0281.00,28,900.00,2069.43,26,*,2.00,3.15,5.01,7.08,17,6.34,5.91,*,*,*,*,*,*,*,0,0.00,0.00
2021,Census Tract,3.0282.00,13,984.00,946.00,*,*,*,*,*,*,*,*,*,*,*,*,*,*,*,*,0,0.00,0.00
2021,Census Tract,3.0283.00,21,1000.00,1623.76,18,0,3.00,3.06,5.00,4.72,13,2.75,2.92,*,*,*,*,*,*,*,0,0.00,0.00
2021,Census Tract,3.0284.00,39,960.00,1429.28,36,*,33.50,29.88,10.00,9.24,26,3.75,4.89,*,*,*,*,*,*,*,0,0.00,0.00
2021,Census Tract,3.0286.00,10,1080.00,2029.10,10,0,4.00,4.65,10.01,11.24,*,*,*,*,0,0.00,0.00,0,0.00,0.00,0,0.00,0.00
2021,Census Tract,3.0287.00,11,1450.00,3840.82,11,0,3.00,3.11,10.00,9.12,10,5.54,6.69,*,0,0.00,0.00,0,0.00,0.00,0,0.00,0.00
2021,Census Tract,3.0288.00,54,1555.00,2238.44,48,0,4.00,5.55,1.50,5.71,23,4.84,5.54,*,*,*,*,*,*,*,0,0.00,0.00
2021,Census Tract,3.0289.00,11,1300.00,2481.82,10,*,3.00,3.15,3.00,6.40,*,*,*,*,*,*,*,*,*,*,0,0.00,0.00
2021,Census Tract,3.0290.00,39,1800.00,2294.28,35,*,5.00,13.73,4.92,7.73,21,4.00,4.03,*,*,*,*,*,*,*,0,0.00,0.00
2021,Census Tract,3.0291.00,67,3502.00,10984.90,63,0,4.00,5.20,10.34,13.71,55,3.09,3.85,16,*,*,*,*,*,*,0,0.00,0.00
2021,Census Tract,3.0292.00,17,820.00,1366.24,16,0,3.00,2.88,9.46,7.30,14,3.21,3.34,*,*,*,*,*,*,*,0,0.00,0.00
2021,Census Tract,3.0294.00,19,2958.00,16090.00,14,0,8.50,7.00,10.02,9.86,14,6.50,5.93,*,*,*,*,*,*,*,0,0.00,0.00
2021,Census Tract,3.0295.00,20,715.50,794.45,19,0,4.00,4.85,5.00,4.68,12,2.00,3.15,*,*,*,*,*,*,*,0,0.00,0.00
2021,Census Tract,3.0296.00,47,1000.00,1730.79,44,*,4.00,6.39,3.00,5.97,22,3.37,4.27,*,*,*,*,*,*,*,0,0.00,0.00
2021,Census Tract,3.0298.00,26,1200.00,2356.35,24,*,4.00,4.17,6.25,10.21,17,3.50,7.82,*,*,*,*,*,*,*,0,0.00,0.00
2021,Census Tract,3.0300.00,32,1200.00,3328.19,29,*,3.00,2.97,1.00,7.26,14,4.25,4.29,*,*,*,*,*,*,*,0,0.00,0.00
2021,Census Tract,3.0301.00,14,750.00,2274.50,14,0,3.17,3.17,5.63,10.68,13,3.16,3.85,*,0,0.00,0.00,0,0.00,0.00,0,0.00,0.00
2021,Census Tract,3.0303.00,13,4000.00,7748.62,10,0,2.50,3.66,15.01,13.01,*,*,*,*,*,*,*,*,*,*,0,0.00,0.00
2021,Census Tract,3.0305.00,18,2000.00,4207.89,14,0,2.50,3.29,10.47,11.92,10,5.21,5.20,*,*,*,*,*,*,*,0,0.00,0.00
2021,Census Tract,3.0309.00,14,2500.00,3409.57,13,*,3.00,3.11,15.01,16.17,13,3.33,6.97,*,*,*,*,*,*,*,0,0.00,0.00
2021,Census Tract,3.0311.00,10,2461.50,4886.70,*,*,*,*,*,*,*,*,*,0,*,*,*,0,0.00,0.00,0,0.00,0.00
2021,Census Tract,3.0315.00,38,1125.00,1348.50,37,*,3.13,3.89,6.00,7.34,29,2.33,3.66,14,*,*,*,*,*,*,0,0.00,0.00
2021,Census Tract,3.0317.01,15,1100.00,1528.60,15,*,3.00,3.69,10.00,12.62,14,3.69,5.43,*,0,0.00,0.00,0,0.00,0.00,0,0.00,0.00
2021,Census Tract,3.0317.02,17,800.00,1034.76,16,0,6.25,20.01,10.00,9.88,16,4.76,4.69,*,*,*,*,*,*,*,0,0.00,0.00
2021,Census Tract,3.0319.00,17,1000.00,960.65,14,*,2.79,3.16,1.50,2.00,*,*,*,*,*,*,*,*,*,*,0,0.00,0.00
2021,Census Tract,3.0321.00,28,1125.00,2169.11,24,*,3.00,6.39,5.02,6.28,19,2.25,3.17,*,*,*,*,*,*,*,*,*,*
2021,Census Tract,3.0323.00,13,2000.00,3770.23,12,0,3.50,3.49,2.38,10.23,*,*,*,0,*,*,*,*,*,*,0,0.00,0.00
2021,Census Tract,3.0325.00,18,850.00,825.67,11,0,4.00,3.57,5.00,7.22,*,*,*,*,*,*,*,*,*,*,0,0.00,0.00
2021,Census Tract,3.0326.00,33,1000.00,1419.67,19,0,3.00,3.00,4.67,4.91,*,*,*,*,*,*,*,*,*,*,*,*,*
2021,Census Tract,3.0327.00,30,1203.50,3776.57,25,0,3.00,6.05,1.00,4.28,11,0.79,3.51,*,*,*,*,*,*,*,0,0.00,0.00
2021,Census Tract,3.0329.00,34,680.00,953.00,27,*,3.28,3.82,4.50,5.47,24,0.83,2.33,11,*,*,*,*,*,*,0,0.00,0.00
2021,Census Tract,3.0331.00,25,750.00,1592.16,25,0,2.00,2.52,3.00,6.39,23,1.00,1.50,14,0,0.00,0.00,0,0.00,0.00,0,0.00,0.00
2021,Census Tract,3.0333.00,14,780.00,1070.00,14,0,4.50,4.36,3.00,4.11,*,*,*,*,0,0.00,0.00,0,0.00,0.00,0,0.00,0.00
2021,Census Tract,3.0337.00,10,1056.00,2146.00,*,*,*,*,*,*,*,*,*,*,*,*,*,0,0.00,0.00,0,0.00,0.00
2021,Census Tract,3.0339.00,15,670.00,1137.07,13,*,3.00,3.13,3.00,5.55,*,*,*,*,*,*,*,*,*,*,0,0.00,0.00
2021,Census Tract,3.0342.00,25,2250.00,2328.76,23,*,3.00,3.70,9.84,7.88,17,3.42,3.70,*,*,*,*,*,*,*,0,0.00,0.00
2021,Census Tract,3.0343.00,11,750.00,780.36,11,*,4.00,7.19,6.00,5.17,*,*,*,*,0,0.00,0.00,0,0.00,0.00,0,0.00,0.00
2021,Census Tract,3.0345.00,20,525.00,1075.30,18,0,3.21,4.00,7.50,8.57,17,3.42,3.13,*,*,*,*,*,*,*,0,0.00,0.00
2021,Census Tract,3.0348.00,42,2467.50,6164.36,31,*,2.00,5.61,1.00,5.50,14,3.87,4.93,*,11,1.00,3.54,0,0.00,0.00,0,0.00,0.00
2021,Census Tract,3.0349.00,32,1013.50,1515.06,28,*,3.50,3.26,5.33,12.46,20,2.04,3.13,*,*,*,*,*,*,*,0,0.00,0.00
2021,Census Tract,3.0350.00,15,2300.00,3194.67,11,*,24.00,15.45,7.92,6.58,*,*,*,*,*,*,*,*,*,*,0,0.00,0.00
2021,Census Tract,3.0351.00,79,875.00,1948.78,65,*,3.00,5.24,5.00,8.07,42,1.62,3.58,20,*,*,*,*,*,*,*,*,*
2021,Census Tract,3.0352.00,19,3600.00,4362.68,15,0,1.00,4.27,6.50,10.73,11,1.00,2.30,*,*,*,*,*,*,*,0,0.00,0.00
2021,Census Tract,3.0354.00,34,1500.00,7048.15,29,0,4.62,4.37,10.00,9.34,22,9.46,9.48,*,*,*,*,*,*,*,0,0.00,0.00
2021,Census Tract,3.0355.00,44,645.00,1104.82,43,0,3.00,3.10,5.00,6.85,28,3.84,5.37,*,*,*,*,*,*,*,0,0.00,0.00
2021,Census Tract,3.0356.02,15,1350.00,1748.33,11,*,4.00,3.82,1.00,6.52,*,*,*,*,*,*,*,*,*,*,0,0.00,0.00
2021,Census Tract,3.0359.00,10,780.00,3306.40,*,*,*,*,*,*,*,*,*,*,*,*,*,0,0.00,0.00,0,0.00,0.00
2021,Census Tract,3.0360.01,25,2910.00,3355.92,24,*,6.00,8.94,4.33,5.98,*,*,*,*,*,*,*,*,*,*,0,0.00,0.00
2021,Census Tract,3.0360.02,38,1122.50,1819.00,35,0,6.00,8.04,1.00,6.92,14,4.58,4.32,*,*,*,*,*,*,*,0,0.00,0.00
2021,Census Tract,3.0361.00,15,715.00,2492.87,12,0,3.00,3.00,8.00,9.23,11,3.54,3.37,*,*,*,*,*,*,*,0,0.00,0.00
2021,Census Tract,3.0362.00,82,1240.00,1597.30,68,*,4.00,6.54,5.00,6.76,41,3.75,4.20,10,*,*,*,*,*,*,0,0.00,0.00
2021,Census Tract,3.0363.00,14,993.00,1327.71,13,*,2.92,4.15,5.08,7.27,12,3.33,4.12,*,*,*,*,*,*,*,0,0.00,0.00
2021,Census Tract,3.0364.00,12,2500.00,2112.67,12,0,4.00,7.60,1.00,4.24,*,*,*,0,0,0.00,0.00,0,0.00,0.00,0,0.00,0.00
2021,Census Tract,3.0366.00,16,800.00,1240.63,15,0,6.00,7.64,1.00,2.93,*,*,*,*,*,*,*,*,*,*,0,0.00,0.00
2021,Census Tract,3.0369.00,11,800.00,1736.36,*,*,*,*,*,*,*,*,*,*,*,*,*,*,*,*,0,0.00,0.00
2021,Census Tract,3.0373.00,16,1215.00,1988.50,16,0,3.13,3.99,7.55,8.11,11,4.75,5.85,*,0,0.00,0.00,0,0.00,0.00,0,0.00,0.00
2021,Census Tract,3.0374.02,16,2610.00,5026.94,12,0,3.50,3.17,1.00,1.66,*,*,*,0,*,*,*,*,*,*,0,0.00,0.00
2021,Census Tract,3.0375.00,15,800.00,3145.07,*,*,*,*,*,*,*,*,*,*,*,*,*,*,*,*,0,0.00,0.00
2021,Census Tract,3.0377.00,18,600.00,621.94,14,*,4.16,4.68,5.02,5.72,11,2.84,2.92,*,*,*,*,*,*,*,0,0.00,0.00
2021,Census Tract,3.0386.00,60,2300.00,3520.90,45,*,50.00,41.74,10.17,13.92,37,5.09,5.73,*,*,*,*,*,*,*,*,*,*
2021,Census Tract,3.0387.00,17,735.00,1593.65,14,0,2.00,2.07,1.00,3.96,*,*,*,*,*,*,*,*,*,*,0,0.00,0.00
2021,Census Tract,3.0389.00,32,2290.00,4363.34,28,0,3.00,6.72,10.00,10.91,21,4.84,6.67,*,*,*,*,*,*,*,0,0.00,0.00
2021,Census Tract,3.0391.00,20,875.00,974.80,11,0,3.00,3.45,6.97,6.18,*,*,*,*,*,*,*,*,*,*,*,*,*
2021,Census Tract,3.0392.00,24,1743.00,2177.79,23,0,3.00,2.87,1.00,3.33,*,*,*,*,*,*,*,*,*,*,0,0.00,0.00
2021,Census Tract,3.0393.00,15,1000.00,1852.67,12,0,2.09,3.01,6.00,7.11,*,*,*,0,*,*,*,*,*,*,0,0.00,0.00
2021,Census Tract,3.0394.00,27,950.00,1321.96,26,0,4.79,9.25,1.00,5.11,10,4.39,3.37,*,*,*,*,*,*,*,0,0.00,0.00
2021,Census Tract,3.0395.00,20,2750.00,3791.55,16,*,2.71,4.53,10.00,8.66,*,*,*,*,*,*,*,*,*,*,0,0.00,0.00
2021,Census Tract,3.0396.00,10,1585.00,1841.00,*,*,*,*,*,*,*,*,*,*,*,*,*,*,*,*,*,*,*
2021,Census Tract,3.0397.00,25,2000.00,4854.04,21,0,3.00,2.93,6.07,7.59,14,3.17,4.48,*,*,*,*,*,*,*,0,0.00,0.00
2021,Census Tract,3.0398.00,24,1500.00,1867.92,22,0,3.50,8.96,3.00,6.41,*,*,*,*,*,*,*,*,*,*,0,0.00,0.00
2021,Census Tract,3.0400.00,24,1700.00,2208.21,19,0,3.00,8.36,1.00,4.87,*,*,*,*,*,*,*,*,*,*,0,0.00,0.00
2021,Census Tract,3.0401.00,22,2100.00,2482.00,19,0,2.11,2.47,11.00,13.92,19,2.08,3.76,*,*,*,*,*,*,*,0,0.00,0.00
2021,Census Tract,3.0402.00,21,1000.00,1378.33,20,0,3.07,3.35,2.88,5.70,*,*,*,*,*,*,*,*,*,*,0,0.00,0.00
2021,Census Tract,3.0404.00,16,750.00,1804.63,10,*,2.66,6.43,5.00,6.29,*,*,*,*,*,*,*,*,*,*,0,0.00,0.00
2021,Census Tract,3.0405.00,11,1663.00,2265.55,*,*,*,*,*,*,*,*,*,*,*,*,*,0,0.00,0.00,0,0.00,0.00
2021,Census Tract,3.0408.00,18,700.00,987.89,14,0,3.00,3.15,1.00,2.00,*,*,*,*,*,*,*,*,*,*,0,0.00,0.00
2021,Census Tract,3.0412.00,21,1200.00,3126.71,18,0,3.00,3.37,1.50,5.63,11,2.00,2.77,*,*,*,*,*,*,*,0,0.00,0.00
2021,Census Tract,3.0418.00,40,1070.00,2027.20,38,*,4.00,4.57,8.25,10.70,26,3.08,3.89,10,*,*,*,*,*,*,0,0.00,0.00
2021,Census Tract,3.0420.00,20,1700.00,2501.30,17,0,5.00,4.80,2.00,5.82,*,*,*,*,*,*,*,*,*,*,0,0.00,0.00
2021,Census Tract,3.0421.00,16,887.50,1065.50,13,0,2.00,2.71,6.00,6.08,*,*,*,*,*,*,*,*,*,*,0,0.00,0.00
2021,Census Tract,3.0422.00,38,1350.00,1831.87,32,*,3.00,2.93,5.00,8.48,19,2.00,3.05,10,*,*,*,*,*,*,0,0.00,0.00
2021,Census Tract,3.0423.00,14,1462.50,1946.71,12,*,2.06,4.26,1.00,4.41,*,*,*,*,*,*,*,*,*,*,0,0.00,0.00
2021,Census Tract,3.0424.00,14,1000.00,2097.57,10,0,2.29,3.71,5.00,5.11,*,*,*,*,*,*,*,*,*,*,0,0.00,0.00
2021,Census Tract,3.0425.00,10,592.50,1036.00,*,*,*,*,*,*,*,*,*,*,0,0.00,0.00,*,*,*,0,0.00,0.00
2021,Census Tract,3.0426.00,21,800.00,2087.62,20,0,4.00,5.56,5.21,9.12,11,4.33,6.49,*,*,*,*,*,*,*,0,0.00,0.00
2021,Census Tract,3.0427.00,35,1200.00,2310.60,29,0,3.00,2.99,7.08,8.61,16,5.63,6.82,*,*,*,*,*,*,*,0,0.00,0.00
2021,Census Tract,3.0428.00,12,2855.00,3528.58,11,0,3.00,2.67,5.67,6.05,*,*,*,0,*,*,*,*,*,*,0,0.00,0.00
2021,Census Tract,3.0429.00,53,1500.00,1939.57,49,*,3.83,5.67,10.00,8.69,37,5.50,4.97,12,*,*,*,*,*,*,0,0.00,0.00
2021,Census Tract,3.0430.00,17,680.00,1537.06,13,*,3.00,3.30,6.00,8.87,12,1.00,2.02,*,*,*,*,*,*,*,0,0.00,0.00
2021,Census Tract,3.0431.00,60,2000.00,3151.28,50,*,4.00,5.39,10.13,13.34,39,3.58,6.11,*,*,*,*,*,*,*,*,*,*
2021,Census Tract,3.0432.00,22,925.00,1885.23,19,*,3.00,3.25,5.00,6.94,13,3.09,3.74,*,*,*,*,*,*,*,0,0.00,0.00
2021,Census Tract,3.0433.00,23,1100.00,1550.48,19,*,3.78,3.37,5.00,9.35,11,3.09,4.55,*,*,*,*,*,*,*,0,0.00,0.00
2021,Census Tract,3.0434.00,12,1050.00,1206.33,11,*,2.00,2.27,2.00,7.57,*,*,*,*,*,*,*,*,*,*,0,0.00,0.00
2021,Census Tract,3.0435.00,15,883.00,862.47,14,0,2.00,2.50,2.71,4.51,*,*,*,*,*,*,*,*,*,*,0,0.00,0.00
2021,Census Tract,3.0436.00,24,720.00,951.92,24,*,3.32,3.44,10.01,10.52,22,2.92,4.08,*,0,0.00,0.00,0,0.00,0.00,0,0.00,0.00
2021,Census Tract,3.0438.00,22,2445.00,2848.27,19,0,2.00,2.95,1.00,3.48,*,*,*,*,*,*,*,*,*,*,0,0.00,0.00
2021,Census Tract,3.0439.00,40,850.00,2534.83,37,*,3.00,3.07,1.33,4.85,18,3.00,3.12,*,*,*,*,*,*,*,0,0.00,0.00
2021,Census Tract,3.0441.00,34,650.00,1220.41,29,0,3.00,3.19,5.92,6.21,19,3.00,2.95,*,*,*,*,*,*,*,0,0.00,0.00
2021,Census Tract,3.0443.00,25,700.00,1373.28,19,*,3.50,3.36,2.00,9.75,*,*,*,*,*,*,*,*,*,*,0,0.00,0.00
2021,Census Tract,3.0445.00,32,800.00,1042.25,30,*,3.00,5.17,5.00,5.75,20,4.54,5.39,*,*,*,*,*,*,*,0,0.00,0.00
2021,Census Tract,3.0447.00,43,2000.00,3044.44,37,*,4.00,4.49,10.01,8.62,31,6.11,5.85,*,*,*,*,*,*,*,0,0.00,0.00
2021,Census Tract,3.0449.00,47,7000.00,10595.96,41,*,2.00,6.35,1.00,4.70,15,2.50,3.43,*,*,*,*,*,*,*,0,0.00,0.00
2021,Census Tract,3.0453.00,49,2000.00,2706.98,37,*,3.00,5.75,1.00,4.73,16,2.67,4.18,*,*,*,*,*,*,*,0,0.00,0.00
2021,Census Tract,3.0454.00,26,600.00,1719.85,17,0,2.00,3.04,3.33,12.14,*,*,*,*,*,*,*,*,*,*,0,0.00,0.00
2021,Census Tract,3.0456.00,19,1055.00,1242.89,16,*,3.82,4.59,9.46,8.42,14,3.50,4.44,*,*,*,*,*,*,*,0,0.00,0.00
2021,Census Tract,3.0462.01,10,760.00,1738.00,10,*,2.00,2.30,1.00,4.43,*,*,*,0,0,0.00,0.00,0,0.00,0.00,0,0.00,0.00
2021,Census Tract,3.0474.00,17,800.00,1401.18,15,0,4.00,3.67,12.01,11.19,11,1.67,1.72,10,*,*,*,*,*,*,0,0.00,0.00
2021,Census Tract,3.0476.00,25,700.00,1251.88,23,*,3.00,3.62,5.00,6.49,10,1.58,1.94,*,*,*,*,*,*,*,0,0.00,0.00
2021,Census Tract,3.0477.00,11,1000.00,1259.91,10,*,3.00,5.95,1.00,3.17,*,*,*,*,*,*,*,*,*,*,0,0.00,0.00
2021,Census Tract,3.0478.00,26,835.50,2412.23,19,0,3.00,3.37,7.34,7.49,16,0.92,1.35,10,*,*,*,*,*,*,0,0.00,0.00
2021,Census Tract,3.0480.00,16,1332.00,1198.44,14,*,2.00,4.79,1.00,3.67,*,*,*,*,*,*,*,*,*,*,0,0.00,0.00
2021,Census Tract,3.0481.00,21,2700.00,3231.71,13,*,2.00,4.00,1.00,3.70,*,*,*,*,*,*,*,*,*,*,0,0.00,0.00
2021,Census Tract,3.0484.00,15,1225.00,2992.60,15,0,4.00,4.93,6.59,7.53,10,4.01,4.31,*,0,0.00,0.00,0,0.00,0.00,0,0.00,0.00
2021,Census Tract,3.0485.00,73,2663.00,5333.30,58,*,2.00,3.97,5.00,5.96,37,2.58,3.99,16,*,*,*,*,*,*,0,0.00,0.00
2021,Census Tract,3.0486.00,17,500.00,2327.53,16,0,3.00,2.76,3.50,5.47,*,*,*,*,*,*,*,*,*,*,0,0.00,0.00
2021,Census Tract,3.0488.00,12,535.00,1203.08,12,*,3.00,2.50,10.00,13.60,*,*,*,0,0,0.00,0.00,0,0.00,0.00,0,0.00,0.00
2021,Census Tract,3.0490.00,11,1200.00,3269.09,11,0,3.00,10.45,10.50,12.69,11,3.67,5.67,*,0,0.00,0.00,0,0.00,0.00,0,0.00,0.00
2021,Census Tract,3.0491.00,103,1500.00,2852.92,82,*,5.00,6.95,5.04,7.85,46,3.96,4.64,15,*,*,*,*,*,*,0,0.00,0.00
2021,Census Tract,3.0492.00,15,2000.00,5799.67,12,0,11.00,8.96,6.49,19.10,*,*,*,0,*,*,*,*,*,*,0,0.00,0.00
2021,Census Tract,3.0493.00,36,1250.00,1633.00,34,0,4.00,3.90,5.33,6.58,24,1.92,2.90,*,*,*,*,*,*,*,0,0.00,0.00
2021,Census Tract,3.0494.00,15,806.00,816.87,15,0,4.00,4.33,2.66,4.78,*,*,*,*,0,0.00,0.00,0,0.00,0.00,0,0.00,0.00
2021,Census Tract,3.0495.00,55,800.00,1356.76,44,*,4.67,5.44,5.00,6.24,33,2.00,3.12,21,*,*,*,*,*,*,0,0.00,0.00
2021,Census Tract,3.0496.00,33,800.00,1261.97,31,*,3.94,4.03,4.00,4.87,20,1.62,2.15,11,*,*,*,*,*,*,0,0.00,0.00
2021,Census Tract,3.0497.00,36,1218.00,1601.97,26,*,5.42,7.09,4.87,5.77,13,4.58,3.92,*,*,*,*,*,*,*,0,0.00,0.00
2021,Census Tract,3.0501.00,22,1675.00,2234.68,18,0,4.00,3.99,5.12,6.90,10,2.00,3.57,*,*,*,*,*,*,*,*,*,*
2021,Census Tract,3.0503.00,13,1600.00,2291.38,11,0,4.00,9.67,5.00,6.44,*,*,*,*,*,*,*,*,*,*,0,0.00,0.00
2021,Census Tract,3.0504.00,12,1075.50,1886.83,11,0,22.00,21.45,13.51,10.55,*,*,*,*,*,*,*,*,*,*,0,0.00,0.00
2021,Census Tract,3.0505.00,24,1000.00,1587.71,21,0,3.00,3.57,5.92,6.44,16,2.46,3.08,*,*,*,*,*,*,*,0,0.00,0.00
2021,Census Tract,3.0506.00,16,1093.50,1213.06,*,*,*,*,*,*,*,*,*,*,*,*,*,0,0.00,0.00,0,0.00,0.00
2021,Census Tract,3.0507.00,27,1400.00,1496.52,20,0,4.00,8.95,5.00,6.64,10,3.71,4.22,*,*,*,*,*,*,*,0,0.00,0.00
2021,Census Tract,3.0508.01,34,1000.00,1287.03,32,*,5.00,9.70,10.03,12.17,27,5.50,4.95,*,*,*,*,*,*,*,0,0.00,0.00
2021,Census Tract,3.0508.03,16,1000.00,2290.38,16,*,3.76,5.39,10.01,14.93,16,4.04,6.61,*,0,0.00,0.00,0,0.00,0.00,0,0.00,0.00
2021,Census Tract,3.0510.01,10,1955.00,3528.80,*,*,*,*,*,*,*,*,*,*,*,*,*,*,*,*,0,0.00,0.00
2021,Census Tract,3.0510.02,48,1750.00,2157.31,45,*,7.00,12.16,7.00,8.79,34,3.49,3.97,12,*,*,*,*,*,*,0,0.00,0.00
2021,Census Tract,3.0511.00,20,1100.00,2662.00,19,0,2.14,6.87,9.00,12.96,16,1.45,7.24,*,*,*,*,*,*,*,0,0.00,0.00
2021,Census Tract,3.0513.00,57,1375.00,2039.53,44,0,3.00,5.09,5.00,6.88,25,2.27,3.40,12,*,*,*,*,*,*,0,0.00,0.00
2021,Census Tract,3.0514.00,12,322.00,950.08,10,0,4.50,5.10,1.00,3.10,*,*,*,0,*,*,*,*,*,*,0,0.00,0.00
2021,Census Tract,3.0515.00,19,1374.00,2042.16,17,*,5.00,4.44,10.00,7.23,12,2.25,2.84,*,*,*,*,*,*,*,0,0.00,0.00
2021,Census Tract,3.0516.02,14,1190.50,1551.79,11,0,3.00,3.63,10.00,8.40,10,2.67,3.46,*,*,*,*,*,*,*,0,0.00,0.00
2021,Census Tract,3.0517.00,34,1250.00,1994.38,28,0,5.00,9.29,10.00,8.21,18,5.31,5.14,*,*,*,*,*,*,*,0,0.00,0.00
2021,Census Tract,3.0518.00,13,695.00,1425.62,13,0,2.00,2.62,15.00,10.96,11,3.04,2.73,*,0,0.00,0.00,0,0.00,0.00,0,0.00,0.00
2021,Census Tract,3.0519.00,49,1900.00,3696.55,43,*,4.00,4.38,10.00,8.30,32,3.05,4.58,*,*,*,*,*,*,*,0,0.00,0.00
2021,Census Tract,3.0520.00,27,854.00,973.00,26,*,4.93,5.71,10.00,10.46,16,4.04,4.07,*,*,*,*,*,*,*,0,0.00,0.00
2021,Census Tract,3.0523.00,49,1000.00,1289.43,37,0,6.00,5.73,9.14,9.43,33,3.33,4.66,*,*,*,*,*,*,*,0,0.00,0.00
2021,Census Tract,3.0525.00,57,1344.00,2296.39,49,0,3.94,6.75,5.67,9.47,29,5.00,5.02,*,*,*,*,*,*,*,*,*,*
2021,Census Tract,3.0526.00,27,600.00,745.44,25,0,3.00,6.08,10.04,19.70,20,3.67,11.59,*,*,*,*,*,*,*,0,0.00,0.00
2021,Census Tract,3.0527.00,35,900.00,1732.17,30,*,4.00,6.85,5.00,5.93,17,2.00,3.68,*,*,*,*,*,*,*,0,0.00,0.00
2021,Census Tract,3.0529.00,15,1000.00,1672.27,10,0,2.00,2.10,13.93,14.77,*,*,*,*,*,*,*,*,*,*,0,0.00,0.00
2021,Census Tract,3.0530.00,27,2400.00,3268.00,20,*,2.50,4.10,11.00,14.10,18,9.59,9.94,*,*,*,*,*,*,*,*,*,*
2021,Census Tract,3.0531.00,22,1200.00,1621.55,19,0,3.00,5.49,6.17,8.32,17,1.33,2.70,*,*,*,*,*,*,*,0,0.00,0.00
2021,Census Tract,3.0533.00,38,959.00,1057.74,35,0,2.00,2.45,6.00,7.08,13,4.00,4.71,*,*,*,*,*,*,*,0,0.00,0.00
2021,Census Tract,3.0534.00,28,1837.50,2430.39,26,*,3.00,3.30,6.48,8.07,20,1.87,2.57,11,*,*,*,*,*,*,0,0.00,0.00
2021,Census Tract,3.0535.00,23,1200.00,1428.61,18,0,2.50,4.39,10.01,11.97,10,2.50,3.21,*,*,*,*,*,*,*,0,0.00,0.00
2021,Census Tract,3.0538.00,41,800.00,970.49,38,0,3.60,4.08,7.00,7.92,26,2.84,3.33,*,*,*,*,*,*,*,0,0.00,0.00
2021,Census Tract,3.0542.00,10,1400.00,1830.00,*,*,*,*,*,*,*,*,*,*,*,*,*,*,*,*,0,0.00,0.00
2021,Census Tract,3.0543.00,33,6028.00,10031.79,*,*,*,*,*,*,*,*,*,*,*,*,*,19,3.00,2.77,17,3.00,3.00
2021,Census Tract,3.0549.00,44,1500.00,2161.11,36,*,4.00,7.21,8.34,7.71,28,2.54,3.32,10,*,*,*,*,*,*,0,0.00,0.00
2021,Census Tract,3.0550.00,14,2000.00,1756.07,13,*,6.00,7.54,5.92,7.41,*,*,*,*,*,*,*,*,*,*,0,0.00,0.00
2021,Census Tract,3.0551.00,55,1320.00,1841.71,40,*,8.00,15.00,10.02,8.63,31,7.19,6.51,*,*,*,*,*,*,*,0,0.00,0.00
2021,Census Tract,3.0552.00,57,1288.00,2976.25,46,0,5.00,6.78,3.08,8.74,22,4.04,5.71,*,*,*,*,*,*,*,0,0.00,0.00
2021,Census Tract,3.0553.00,105,1750.00,4057.82,94,*,9.00,10.79,6.79,7.58,61,5.09,6.21,11,*,*,*,*,*,*,0,0.00,0.00
2021,Census Tract,3.0554.00,92,1750.00,4523.45,74,*,4.00,6.00,6.92,10.02,58,3.13,4.79,17,*,*,*,*,*,*,0,0.00,0.00
2021,Census Tract,3.0555.00,149,1800.00,2647.07,124,*,6.92,10.72,10.00,8.81,100,5.84,5.93,13,*,*,*,*,*,*,*,*,*
2021,Census Tract,3.0557.00,36,2376.50,4298.14,23,*,6.00,21.43,9.84,9.58,17,3.92,4.57,*,*,*,*,*,*,*,*,*,*
2021,Census Tract,3.0561.00,79,1350.00,2832.53,68,*,6.00,15.92,5.00,6.37,37,3.67,4.55,10,*,*,*,*,*,*,0,0.00,0.00
2021,Census Tract,3.0563.00,53,1425.00,2440.51,39,*,3.04,12.70,10.00,10.77,26,7.21,10.25,*,*,*,*,*,*,*,0,0.00,0.00
2021,Census Tract,3.0564.00,12,1337.50,1731.42,10,0,2.50,11.20,4.00,5.10,*,*,*,*,*,*,*,*,*,*,0,0.00,0.00
2021,Census Tract,3.0565.00,72,1422.50,2282.49,62,*,29.50,28.79,1.00,4.81,25,4.50,4.82,*,*,*,*,*,*,*,*,*,*
2021,Census Tract,3.0569.00,50,1000.00,1915.78,40,*,6.00,10.81,3.50,5.75,21,3.50,4.24,*,*,*,*,*,*,*,0,0.00,0.00
2021,Census Tract,3.0570.00,47,1456.00,2705.32,40,*,3.00,3.41,13.51,14.34,34,6.38,7.43,*,*,*,*,*,*,*,0,0.00,0.00
2021,Census Tract,3.0571.00,44,825.00,1230.09,34,*,3.00,6.72,5.00,5.87,16,2.42,3.13,*,*,*,*,*,*,*,0,0.00,0.00
2021,Census Tract,3.0573.00,13,1200.00,2900.15,13,*,2.00,3.92,10.00,7.39,*,*,*,*,0,0.00,0.00,0,0.00,0.00,0,0.00,0.00
2021,Census Tract,3.0574.00,11,1000.00,1581.82,11,*,4.00,7.60,5.00,4.87,*,*,*,*,0,0.00,0.00,0,0.00,0.00,0,0.00,0.00
2021,Census Tract,3.0575.00,41,1200.00,1732.49,30,0,5.00,5.14,10.01,11.11,27,6.96,5.83,*,*,*,*,*,*,*,0,0.00,0.00
2021,Census Tract,3.0576.00,25,700.00,776.00,20,*,3.00,5.32,1.00,3.38,*,*,*,*,*,*,*,*,*,*,0,0.00,0.00
2021,Census Tract,3.0578.00,62,594.00,1110.52,57,*,5.00,6.42,2.00,4.28,24,2.83,4.24,*,*,*,*,*,*,*,0,0.00,0.00
2021,Census Tract,3.0579.00,24,3000.00,4639.00,18,*,3.00,8.83,1.00,2.44,*,*,*,0,*,*,*,*,*,*,0,0.00,0.00
2021,Census Tract,3.0580.00,28,1432.50,2808.32,27,0,3.15,3.86,2.08,7.24,16,3.50,5.57,*,*,*,*,*,*,*,0,0.00,0.00
2021,Census Tract,3.0582.00,33,900.00,1220.24,30,*,4.00,3.96,2.00,5.18,18,1.21,2.72,11,*,*,*,*,*,*,0,0.00,0.00
2021,Census Tract,3.0584.00,10,1212.50,1327.90,*,*,*,*,*,*,*,*,*,0,*,*,*,0,0.00,0.00,0,0.00,0.00
2021,Census Tract,3.0588.00,24,1570.00,2387.83,21,0,3.00,3.12,1.00,4.07,*,*,*,*,*,*,*,*,*,*,0,0.00,0.00
2021,Census Tract,3.0589.00,27,3800.00,4671.78,20,*,2.00,4.37,1.00,3.50,*,*,*,*,*,*,*,*,*,*,0,0.00,0.00
2021,Census Tract,3.0590.00,25,1500.00,2903.84,20,0,4.00,3.95,1.00,1.38,*,*,*,*,*,*,*,*,*,*,*,*,*
2021,Census Tract,3.0591.00,14,900.00,1610.93,12,0,4.00,8.81,5.50,6.90,*,*,*,*,*,*,*,*,*,*,0,0.00,0.00
2021,Census Tract,3.0592.00,23,1200.00,2884.78,22,*,3.14,5.83,4.08,5.03,13,3.33,3.36,*,*,*,*,*,*,*,0,0.00,0.00
2021,Census Tract,3.0593.00,13,7022.00,7260.92,13,*,2.00,2.60,1.00,3.85,*,*,*,*,0,0.00,0.00,0,0.00,0.00,0,0.00,0.00
2021,Census Tract,3.0594.01,29,900.00,1192.66,22,0,3.00,4.22,3.79,5.12,14,2.00,2.44,*,*,*,*,*,*,*,0,0.00,0.00
2021,Census Tract,3.0594.02,55,1700.00,2302.09,52,0,3.00,4.16,10.01,15.07,42,4.25,4.90,*,*,*,*,*,*,*,0,0.00,0.00
2021,Census Tract,3.0596.00,31,1874.00,3781.71,27,0,4.00,6.78,10.58,14.49,20,4.67,5.95,*,*,*,*,*,*,*,0,0.00,0.00
2021,Census Tract,3.0600.00,44,1744.00,3272.20,36,*,3.00,7.04,4.08,7.38,13,6.00,6.59,*,*,*,*,*,*,*,0,0.00,0.00
2021,Census Tract,3.0606.00,106,1327.50,1820.66,89,0,4.00,6.67,5.00,6.29,42,2.50,3.03,18,*,*,*,*,*,*,0,0.00,0.00
2021,Census Tract,3.0608.00,38,3000.00,3584.42,32,0,4.00,5.84,2.50,8.12,14,4.00,5.73,*,*,*,*,*,*,*,0,0.00,0.00
2021,Census Tract,3.0610.03,14,1166.00,1244.64,12,0,4.00,4.95,5.21,6.58,*,*,*,*,*,*,*,*,*,*,0,0.00,0.00
2021,Census Tract,3.0610.04,53,1050.00,2462.81,50,*,5.00,6.45,2.00,5.20,17,3.33,4.54,*,*,*,*,*,*,*,0,0.00,0.00
2021,Census Tract,3.0628.00,21,940.00,1254.76,17,*,2.00,2.58,2.48,6.17,12,1.42,2.09,*,*,*,*,*,*,*,0,0.00,0.00
2021,Census Tract,3.0642.00,10,1400.00,1399.60,10,0,2.50,5.59,1.00,3.18,*,*,*,*,0,0.00,0.00,0,0.00,0.00,0,0.00,0.00
2021,Census Tract,3.0646.00,19,1300.00,1396.00,11,0,2.10,2.23,1.00,2.09,*,*,*,*,*,*,*,*,*,*,0,0.00,0.00
2021,Census Tract,3.0650.00,25,1250.00,1988.88,17,0,3.00,3.24,4.00,4.16,*,*,*,*,*,*,*,*,*,*,0,0.00,0.00
2021,Census Tract,3.0652.00,25,1430.00,1878.40,17,*,2.87,2.70,5.00,9.22,13,3.25,5.61,*,*,*,*,*,*,*,0,0.00,0.00
2021,Census Tract,3.0662.00,25,2655.00,8025.52,20,0,2.33,3.68,1.00,3.56,*,*,*,*,*,*,*,*,*,*,*,*,*
2021,Census Tract,3.0670.00,13,2346.00,2879.77,12,0,4.50,4.13,9.88,11.10,11,4.16,5.21,*,*,*,*,*,*,*,0,0.00,0.00
2021,Census Tract,3.0674.00,17,1446.00,3993.35,12,0,2.00,3.36,1.00,4.65,*,*,*,*,*,*,*,*,*,*,0,0.00,0.00
2021,Census Tract,3.0676.00,16,1650.00,2856.13,14,*,2.00,6.63,3.00,5.22,*,*,*,0,*,*,*,*,*,*,0,0.00,0.00
2021,Census Tract,3.0680.00,24,1477.50,2888.75,20,*,2.00,2.41,5.00,7.66,12,2.92,3.50,*,*,*,*,*,*,*,0,0.00,0.00
2021,Census Tract,3.0682.00,14,2155.00,2882.86,*,*,*,*,*,*,*,*,*,*,*,*,*,*,*,*,0,0.00,0.00
2021,Census Tract,3.0688.00,13,800.00,1081.54,13,0,2.83,5.96,3.00,8.36,*,*,*,*,0,0.00,0.00,0,0.00,0.00,0,0.00,0.00
2021,Census Tract,3.0690.00,13,1500.00,1715.38,10,0,2.00,1.78,1.00,10.00,0,0.00,0.00,0,*,*,*,*,*,*,0,0.00,0.00
2021,Census Tract,3.0696.02,14,1974.00,1998.71,13,0,3.00,2.77,1.00,5.67,*,*,*,*,*,*,*,*,*,*,0,0.00,0.00
2021,Census Tract,3.0698.00,24,2200.00,21669.46,19,*,2.17,2.57,10.01,13.49,15,5.09,5.26,*,*,*,*,*,*,*,0,0.00,0.00
2021,Census Tract,3.0720.00,25,2700.00,3412.28,22,0,4.00,3.92,19.97,19.25,22,4.21,4.58,*,*,*,*,*,*,*,0,0.00,0.00
2021,Census Tract,3.0722.00,24,1304.00,2129.04,22,*,3.00,8.32,4.00,7.10,*,*,*,*,*,*,*,*,*,*,0,0.00,0.00
2021,Census Tract,3.0728.00,13,1500.00,2793.54,13,0,3.00,5.56,1.00,4.43,*,*,*,0,0,0.00,0.00,0,0.00,0.00,0,0.00,0.00
2021,Census Tract,3.0736.00,13,1900.00,2786.46,*,*,*,*,*,*,*,*,*,*,*,*,*,0,0.00,0.00,0,0.00,0.00
2021,Census Tract,3.0740.00,19,750.00,1101.53,15,0,2.00,3.73,5.09,9.18,*,*,*,0,*,*,*,*,*,*,0,0.00,0.00
2021,Census Tract,3.0746.00,23,3200.00,4035.52,*,*,*,*,*,*,*,*,*,*,14,1.00,1.00,*,*,*,0,0.00,0.00
2021,Census Tract,3.0750.00,10,2000.00,3856.10,*,*,*,*,*,*,*,*,*,*,*,*,*,0,0.00,0.00,0,0.00,0.00
2021,Census Tract,3.0768.00,25,1200.00,2505.04,22,0,3.00,3.45,9.00,11.92,20,3.67,3.25,*,*,*,*,*,*,*,0,0.00,0.00
2021,Census Tract,3.0770.00,16,805.00,696.56,13,*,3.00,4.27,1.00,2.17,*,*,*,*,*,*,*,*,*,*,0,0.00,0.00
2021,Census Tract,3.0774.00,44,2421.00,9323.50,40,*,4.00,6.04,10.09,10.05,27,4.16,5.71,*,*,*,*,*,*,*,0,0.00,0.00
2021,Census Tract,3.0784.00,11,700.00,1372.73,10,0,6.00,5.20,10.00,12.00,*,*,*,*,*,*,*,*,*,*,0,0.00,0.00
2021,Census Tract,3.0786.00,37,800.00,1089.46,35,*,3.00,4.91,10.00,9.23,30,3.46,4.18,*,*,*,*,*,*,*,0,0.00,0.00
2021,Census Tract,3.0788.00,10,2875.00,3412.90,*,*,*,*,*,*,*,*,*,0,*,*,*,*,*,*,0,0.00,0.00
2021,Census Tract,3.0790.00,31,1500.00,1859.97,27,*,3.00,5.92,6.00,5.24,16,2.71,3.58,*,*,*,*,*,*,*,0,0.00,0.00
2021,Census Tract,3.0792.00,22,1954.00,3516.68,18,0,3.50,6.66,4.46,5.32,*,*,*,*,*,*,*,*,*,*,*,*,*
2021,Census Tract,3.0794.00,40,1964.50,6817.85,34,0,4.00,12.52,4.98,6.62,21,4.42,5.10,*,*,*,*,*,*,*,0,0.00,0.00
2021,Census Tract,3.0796.01,15,700.00,903.20,15,0,4.00,7.64,9.00,7.69,15,1.67,2.62,*,0,0.00,0.00,0,0.00,0.00,0,0.00,0.00
2021,Census Tract,3.0796.02,49,1250.00,3159.65,41,*,4.00,4.84,10.01,10.83,30,3.75,3.61,10,*,*,*,*,*,*,0,0.00,0.00
2021,Census Tract,3.0798.01,42,732.50,681.52,40,*,5.00,11.38,10.95,10.80,40,1.16,2.67,18,*,*,*,*,*,*,0,0.00,0.00
2021,Census Tract,3.0798.02,46,862.50,1235.52,45,0,3.00,6.09,10.01,11.26,42,3.67,3.84,13,*,*,*,*,*,*,0,0.00,0.00
2021,Census Tract,3.0800.00,22,598.50,781.14,21,*,3.00,5.90,5.00,4.55,15,0.83,1.89,12,*,*,*,*,*,*,0,0.00,0.00
2021,Census Tract,3.0802.00,18,690.00,1175.33,16,*,3.00,3.11,1.00,4.39,*,*,*,*,*,*,*,*,*,*,0,0.00,0.00
2021,Census Tract,3.0804.00,29,700.00,1765.93,22,0,3.00,2.85,8.71,10.20,14,2.29,2.69,*,*,*,*,*,*,*,0,0.00,0.00
2021,Census Tract,3.0806.00,11,610.00,709.09,10,*,19.50,13.50,5.00,6.21,10,1.45,1.98,*,*,*,*,*,*,*,0,0.00,0.00
2021,Census Tract,3.0814.00,15,1250.00,2028.00,10,0,4.00,4.00,10.00,8.90,*,*,*,0,*,*,*,*,*,*,0,0.00,0.00
2021,Census Tract,3.0818.00,37,725.00,1045.24,33,*,4.00,5.22,5.08,6.60,22,2.79,3.56,*,*,*,*,*,*,*,0,0.00,0.00
2021,Census Tract,3.0820.00,38,825.00,1434.66,37,0,3.00,3.46,6.92,9.61,30,3.00,3.37,11,*,*,*,*,*,*,0,0.00,0.00
2021,Census Tract,3.0822.00,14,700.00,896.00,12,0,12.00,18.83,5.00,5.58,*,*,*,*,*,*,*,*,*,*,0,0.00,0.00
2021,Census Tract,3.0824.00,32,1000.00,1741.81,29,0,3.00,5.63,7.00,9.73,21,2.92,4.70,*,*,*,*,*,*,*,0,0.00,0.00
2021,Census Tract,3.0826.00,19,999.00,1392.74,18,*,2.00,2.14,9.04,7.67,13,5.42,4.96,*,*,*,*,*,*,*,0,0.00,0.00
2021,Census Tract,3.0828.00,30,950.00,1310.70,23,0,4.00,6.01,10.00,8.82,20,3.88,5.11,*,*,*,*,*,*,*,*,*,*
2021,Census Tract,3.0830.00,13,1212.00,2640.92,12,0,6.38,14.79,1.00,1.00,0,0.00,0.00,0,*,*,*,*,*,*,0,0.00,0.00
2021,Census Tract,3.0838.00,18,908.50,2289.17,14,*,3.00,5.09,1.00,2.04,*,*,*,0,*,*,*,*,*,*,0,0.00,0.00
2021,Census Tract,3.0840.00,23,1220.00,1994.00,19,*,3.00,7.00,1.00,10.17,*,*,*,*,*,*,*,*,*,*,0,0.00,0.00
2021,Census Tract,3.0846.00,31,1000.00,1886.32,25,0,3.00,4.33,1.00,3.66,*,*,*,*,*,*,*,*,*,*,0,0.00,0.00
2021,Census Tract,3.0856.00,15,775.00,2601.33,13,0,2.00,2.69,6.00,6.82,11,2.16,2.35,*,*,*,*,*,*,*,0,0.00,0.00
2021,Census Tract,3.0858.00,16,1000.00,2263.00,14,*,3.00,3.41,5.00,6.64,*,*,*,*,*,*,*,*,*,*,0,0.00,0.00
2021,Census Tract,3.0860.00,27,1035.00,1193.11,24,*,3.00,4.39,5.00,6.39,21,2.33,2.66,*,*,*,*,*,*,*,0,0.00,0.00
2021,Census Tract,3.0862.00,27,750.00,2116.15,23,0,3.00,3.70,5.00,6.02,12,3.13,3.95,*,*,*,*,*,*,*,0,0.00,0.00
2021,Census Tract,3.0868.00,37,1150.00,2175.11,29,*,3.08,3.93,10.07,14.11,21,4.00,8.25,*,*,*,*,*,*,*,0,0.00,0.00
2021,Census Tract,3.0870.00,13,880.00,1475.38,11,0,3.00,3.11,1.00,3.83,*,*,*,*,*,*,*,*,*,*,0,0.00,0.00
2021,Census Tract,3.0878.00,16,882.50,2966.00,13,*,2.17,2.58,5.00,7.64,*,*,*,*,*,*,*,*,*,*,0,0.00,0.00
2021,Census Tract,3.0880.00,17,1053.00,2337.53,16,0,3.00,3.25,2.00,7.51,*,*,*,0,*,*,*,*,*,*,0,0.00,0.00
2021,Census Tract,3.0882.00,10,810.00,792.00,*,*,*,*,*,*,*,*,*,*,*,*,*,*,*,*,0,0.00,0.00
2021,Census Tract,3.0888.00,16,1709.00,1839.81,13,*,3.00,2.85,1.00,3.13,*,*,*,*,*,*,*,*,*,*,0,0.00,0.00
2021,Census Tract,3.0890.00,36,1250.00,1513.89,27,0,2.98,3.84,6.00,7.21,16,5.42,5.83,*,*,*,*,*,*,*,0,0.00,0.00
2021,Census Tract,3.0892.00,74,1850.00,2911.69,70,*,3.00,3.21,10.30,12.43,63,3.09,4.85,23,*,*,*,*,*,*,0,0.00,0.00
2021,Census Tract,3.0900.00,19,1181.00,5909.42,17,*,2.00,2.69,11.01,9.82,12,3.96,5.53,*,*,*,*,*,*,*,0,0.00,0.00
2021,Census Tract,3.0902.00,38,1900.00,3007.21,29,0,3.00,3.28,12.34,12.01,20,3.62,4.07,*,*,*,*,*,*,*,0,0.00,0.00
2021,Census Tract,3.0906.00,58,1495.00,2172.84,50,*,3.00,3.93,1.00,5.38,17,3.25,3.42,*,*,*,*,*,*,*,0,0.00,0.00
2021,Census Tract,3.0908.00,22,1000.00,1396.45,19,0,2.00,3.25,15.01,15.35,19,4.00,4.21,*,*,*,*,*,*,*,0,0.00,0.00
2021,Census Tract,3.0924.00,65,1400.00,2539.54,61,*,3.00,4.16,9.92,8.69,44,2.75,3.79,17,*,*,*,*,*,*,0,0.00,0.00
2021,Census Tract,3.0930.00,14,1400.00,1742.86,12,*,2.00,2.45,5.41,7.12,12,3.67,4.31,*,*,*,*,*,*,*,0,0.00,0.00
2021,Census Tract,3.0932.00,28,4439.00,5281.86,15,0,5.21,9.34,1.00,6.11,*,*,*,*,*,*,*,*,*,*,0,0.00,0.00
2021,Census Tract,3.0934.00,10,700.00,880.00,*,*,*,*,*,*,*,*,*,*,0,0.00,0.00,*,*,*,0,0.00,0.00
2021,Census Tract,3.0950.00,25,1200.00,1380.44,23,0,2.25,2.76,3.00,3.73,12,1.00,1.28,11,*,*,*,*,*,*,0,0.00,0.00
2021,Census Tract,3.0954.00,27,1008.00,2256.74,22,0,1.00,1.82,15.51,13.53,14,3.46,3.51,*,*,*,*,*,*,*,0,0.00,0.00
2021,Census Tract,3.0956.00,24,1200.00,1966.50,23,0,4.00,4.07,2.00,7.55,16,1.55,3.27,*,*,*,*,*,*,*,0,0.00,0.00
2021,Census Tract,3.0960.00,41,3010.00,9442.68,35,*,5.00,8.31,10.02,9.40,25,5.09,5.19,*,*,*,*,*,*,*,0,0.00,0.00
2021,Census Tract,3.0966.00,13,1200.00,2603.92,*,*,*,*,*,*,*,*,*,*,*,*,*,0,0.00,0.00,0,0.00,0.00
2021,Census Tract,3.0968.00,17,1300.00,2939.24,15,*,4.00,4.66,4.00,9.81,*,*,*,*,*,*,*,*,*,*,0,0.00,0.00
2021,Census Tract,3.0974.00,35,1000.00,1755.17,34,*,4.00,5.33,9.92,9.27,28,4.33,4.58,*,*,*,*,*,*,*,0,0.00,0.00
2021,Census Tract,3.1010.00,11,1400.00,1745.09,10,0,3.17,5.00,7.71,6.71,*,*,*,*,*,*,*,*,*,*,0,0.00,0.00
2021,Census Tract,3.1022.00,13,1275.00,3592.46,12,0,4.00,4.25,20.15,18.93,10,3.96,5.11,0,*,*,*,*,*,*,0,0.00,0.00
2021,Census Tract,3.1028.00,26,2354.00,3044.19,23,0,3.00,3.30,15.01,15.33,19,4.00,6.20,*,*,*,*,*,*,*,0,0.00,0.00
2021,Census Tract,3.1070.00,34,6321.00,21171.38,27,0,3.00,2.81,10.97,13.70,25,3.25,4.52,11,*,*,*,*,*,*,*,*,*
2021,Census Tract,3.1098.00,20,3250.00,4101.75,17,*,13.00,8.82,8.76,7.70,11,1.00,1.39,*,*,*,*,*,*,*,0,0.00,0.00
2021,Census Tract,3.1104.00,48,1558.50,5972.69,39,*,3.83,4.72,1.00,6.58,10,3.25,8.02,*,*,*,*,*,*,*,0,0.00,0.00
2021,Census Tract,3.1144.00,16,3159.50,4630.31,12,*,1.68,3.16,9.96,7.55,11,4.67,4.37,*,*,*,*,*,*,*,0,0.00,0.00
2021,Census Tract,3.1168.00,14,1050.00,1380.07,13,0,2.33,2.55,3.00,3.21,*,*,*,*,*,*,*,*,*,*,0,0.00,0.00
2021,Census Tract,3.1170.00,10,1200.00,2315.00,*,*,*,*,*,*,*,*,*,*,*,*,*,0,0.00,0.00,0,0.00,0.00
2021,Census Tract,3.1174.00,11,1210.00,1488.64,10,0,4.00,5.50,3.92,6.14,*,*,*,*,*,*,*,*,*,*,0,0.00,0.00
2021,Census Tract,3.1176.01,11,1100.00,1881.36,10,0,1.00,1.44,10.00,7.10,*,*,*,*,*,*,*,*,*,*,0,0.00,0.00
2021,Census Tract,3.1178.00,14,2104.00,3112.93,*,*,*,*,*,*,*,*,*,*,*,*,*,*,*,*,0,0.00,0.00
2021,Census Tract,3.1184.00,19,1000.00,1929.74,17,0,3.00,3.19,7.00,7.50,15,2.58,2.58,*,*,*,*,*,*,*,0,0.00,0.00
2021,Census Tract,3.1188.00,45,1633.00,2669.09,40,*,2.50,2.62,3.00,7.91,18,5.19,6.19,*,*,*,*,*,*,*,0,0.00,0.00
2021,Census Tract,3.1190.00,27,1800.00,2564.81,24,*,3.00,3.22,3.13,6.61,11,4.58,4.86,0,*,*,*,*,*,*,0,0.00,0.00
2021,Census Tract,3.1196.00,18,900.00,2165.89,16,0,3.80,3.85,5.00,6.44,10,4.04,6.31,*,*,*,*,*,*,*,0,0.00,0.00
2021,Census Tract,3.1198.00,20,2150.00,4328.95,14,*,3.00,4.86,6.63,7.98,10,2.17,2.68,*,*,*,*,*,*,*,0,0.00,0.00
2021,Census Tract,3.1220.00,13,2550.00,8442.00,12,0,3.33,3.13,1.00,8.68,*,*,*,*,*,*,*,*,*,*,0,0.00,0.00
2021,Census Tract,3.1237.00,44,2275.00,4081.05,37,0,3.00,4.57,5.00,6.51,23,2.00,3.53,16,*,*,*,*,*,*,*,*,*
2021,Census Tract,3.1522.00,21,450.00,985.43,19,*,4.00,4.32,3.00,6.12,13,1.00,4.00,*,*,*,*,*,*,*,0,0.00,0.00
2021,Census Tract,4.0000.00,17,1800.00,3278.24,*,*,*,*,*,*,*,*,*,*,0,0.00,0.00,*,*,*,0,0.00,0.00
2021,Census Tract,4.0001.00,62,1808.50,6401.98,55,*,8.00,13.76,5.00,7.84,48,3.46,3.94,19,*,*,*,*,*,*,0,0.00,0.00
2021,Census Tract,4.0004.00,18,1000.00,1471.61,15,0,2.86,2.56,2.00,4.18,*,*,*,*,*,*,*,*,*,*,0,0.00,0.00
2021,Census Tract,4.0007.00,92,1500.00,2296.72,75,*,4.00,4.87,6.83,8.17,53,3.42,4.65,17,*,*,*,*,*,*,0,0.00,0.00
2021,Census Tract,4.0010.00,15,1800.00,2493.00,12,0,2.00,2.37,8.50,9.52,*,*,*,0,*,*,*,*,*,*,0,0.00,0.00
2021,Census Tract,4.0012.00,18,1300.00,1954.94,16,*,2.00,1.89,5.42,7.38,*,*,*,*,*,*,*,*,*,*,0,0.00,0.00
2021,Census Tract,4.0016.00,12,825.00,1488.50,11,0,2.00,2.67,5.00,5.49,*,*,*,*,*,*,*,*,*,*,0,0.00,0.00
2021,Census Tract,4.0018.00,26,1200.00,1767.08,22,0,2.00,1.91,8.21,7.26,19,3.97,4.00,*,*,*,*,*,*,*,0,0.00,0.00
2021,Census Tract,4.0019.00,132,2275.00,7769.64,94,*,5.00,5.27,10.00,9.15,79,5.93,5.96,16,*,*,*,*,*,*,*,*,*
2021,Census Tract,4.0022.00,14,1054.50,1214.21,14,*,3.08,2.99,10.00,8.51,14,7.01,5.73,*,0,0.00,0.00,0,0.00,0.00,0,0.00,0.00
2021,Census Tract,4.0028.00,10,1900.00,2530.50,*,*,*,*,*,*,*,*,*,*,*,*,*,*,*,*,0,0.00,0.00
2021,Census Tract,4.0031.00,35,1450.00,2766.26,25,*,3.00,4.25,3.00,4.67,12,3.50,3.81,*,*,*,*,*,*,*,0,0.00,0.00
2021,Census Tract,4.0033.00,93,1920.00,3862.49,80,*,4.00,5.36,10.00,9.18,59,2.75,4.25,22,*,*,*,*,*,*,0,0.00,0.00
2021,Census Tract,4.0034.00,16,1980.50,2620.00,16,0,3.21,3.72,18.28,17.69,14,4.96,5.39,*,0,0.00,0.00,0,0.00,0.00,0,0.00,0.00
2021,Census Tract,4.0038.00,18,1290.00,2034.50,11,0,2.50,3.50,1.00,3.45,*,*,*,*,*,*,*,*,*,*,0,0.00,0.00
2021,Census Tract,4.0039.00,18,2900.00,3390.94,15,0,2.08,5.37,5.92,6.36,14,1.92,2.30,*,*,*,*,*,*,*,0,0.00,0.00
2021,Census Tract,4.0040.01,24,1548.00,1956.63,17,*,2.00,3.05,1.00,2.88,*,*,*,0,*,*,*,*,*,*,0,0.00,0.00
2021,Census Tract,4.0040.02,23,1471.00,1848.83,17,0,3.00,3.54,1.00,3.49,*,*,*,*,*,*,*,*,*,*,0,0.00,0.00
2021,Census Tract,4.0042.00,11,1800.00,2642.36,11,0,2.58,3.29,7.00,8.00,*,*,*,0,0,0.00,0.00,0,0.00,0.00,0,0.00,0.00
2021,Census Tract,4.0044.01,10,3420.00,4249.00,*,*,*,*,*,*,*,*,*,*,*,*,*,*,*,*,0,0.00,0.00
2021,Census Tract,4.0047.00,15,2000.00,2640.00,10,0,13.00,11.80,1.00,1.00,0,0.00,0.00,0,*,*,*,*,*,*,0,0.00,0.00
2021,Census Tract,4.0051.00,32,1180.00,2441.53,23,0,3.00,10.65,6.00,9.80,17,4.00,4.24,*,*,*,*,*,*,*,0,0.00,0.00
2021,Census Tract,4.0053.00,29,1040.00,1839.62,27,0,6.00,6.36,1.00,4.89,11,2.00,2.96,*,*,*,*,*,*,*,0,0.00,0.00
2021,Census Tract,4.0054.00,23,800.00,1031.91,20,*,3.00,3.12,2.46,5.11,*,*,*,*,*,*,*,*,*,*,0,0.00,0.00
2021,Census Tract,4.0055.00,26,4125.00,9214.27,17,0,2.00,4.75,8.63,7.42,13,4.58,5.23,*,*,*,*,*,*,*,0,0.00,0.00
2021,Census Tract,4.0057.00,49,1048.00,4290.24,43,*,3.00,4.04,5.00,5.62,24,6.16,6.08,*,*,*,*,*,*,*,0,0.00,0.00
2021,Census Tract,4.0058.00,17,1680.00,4802.29,14,0,3.00,3.55,1.00,1.40,*,*,*,*,*,*,*,*,*,*,0,0.00,0.00
2021,Census Tract,4.0059.00,64,800.00,1754.67,48,*,5.50,5.92,3.00,6.92,22,3.92,4.23,*,*,*,*,*,*,*,0,0.00,0.00
2021,Census Tract,4.0061.00,68,1444.00,2950.81,57,*,3.77,3.82,10.00,7.93,38,5.67,6.08,*,*,*,*,*,*,*,0,0.00,0.00
2021,Census Tract,4.0062.01,43,1080.00,7194.47,40,*,4.00,4.26,10.01,12.28,39,3.67,4.17,*,*,*,*,*,*,*,0,0.00,0.00
2021,Census Tract,4.0062.02,25,5213.00,6840.16,22,*,3.00,2.88,10.72,14.32,20,5.17,8.40,*,*,*,*,*,*,*,0,0.00,0.00
2021,Census Tract,4.0063.00,58,1250.00,2066.66,33,*,4.73,5.45,10.00,8.98,23,4.00,3.96,*,*,*,*,*,*,*,0,0.00,0.00
2021,Census Tract,4.0065.01,10,1175.00,1524.80,*,*,*,*,*,*,*,*,*,*,0,0.00,0.00,*,*,*,0,0.00,0.00
2021,Census Tract,4.0065.02,31,1600.00,3086.77,25,*,4.18,5.36,7.01,10.44,18,2.71,3.03,*,*,*,*,*,*,*,0,0.00,0.00
2021,Census Tract,4.0069.00,53,650.00,1082.70,45,12,4.00,4.31,3.00,5.23,25,3.16,3.72,*,*,*,*,*,*,*,0,0.00,0.00
2021,Census Tract,4.0071.00,57,1500.00,2121.81,46,*,4.00,4.76,5.00,6.68,25,4.09,4.10,*,*,*,*,*,*,*,0,0.00,0.00
2021,Census Tract,4.0077.00,18,1760.00,3632.00,18,*,3.00,3.21,23.51,21.09,16,3.71,5.24,*,0,0.00,0.00,0,0.00,0.00,0,0.00,0.00
2021,Census Tract,4.0079.00,18,979.00,1540.83,17,0,3.17,3.19,3.00,4.88,*,*,*,*,*,*,*,*,*,*,0,0.00,0.00
2021,Census Tract,4.0081.00,10,2280.50,2613.20,10,0,2.00,5.00,1.00,3.22,*,*,*,*,0,0.00,0.00,0,0.00,0.00,0,0.00,0.00
2021,Census Tract,4.0083.00,22,2100.00,2883.05,17,*,2.00,2.67,2.33,4.53,13,1.33,2.04,*,*,*,*,*,*,*,0,0.00,0.00
2021,Census Tract,4.0085.00,31,2000.00,3444.26,23,*,3.00,4.25,5.00,6.12,18,2.37,2.85,*,*,*,*,*,*,*,*,*,*
2021,Census Tract,4.0086.00,21,1626.00,2701.05,18,0,3.63,4.52,1.00,3.83,*,*,*,*,*,*,*,*,*,*,0,0.00,0.00
2021,Census Tract,4.0088.00,20,1227.00,1852.45,20,0,4.00,3.57,1.00,2.70,*,*,*,0,0,0.00,0.00,0,0.00,0.00,0,0.00,0.00
2021,Census Tract,4.0094.00,25,1450.00,3071.08,15,0,2.19,4.04,5.00,4.93,*,*,*,*,*,*,*,*,*,*,0,0.00,0.00
2021,Census Tract,4.0098.00,28,1605.00,2091.75,25,0,4.00,5.76,1.00,7.78,10,3.79,4.48,*,*,*,*,*,*,*,0,0.00,0.00
2021,Census Tract,4.0100.00,13,1520.00,1224.46,*,*,*,*,*,*,*,*,*,*,*,*,*,*,*,*,0,0.00,0.00
2021,Census Tract,4.0101.00,12,656.00,879.50,12,0,2.50,3.00,1.00,2.92,*,*,*,*,0,0.00,0.00,0,0.00,0.00,0,0.00,0.00
2021,Census Tract,4.0105.00,15,1049.00,1075.87,14,0,3.00,2.71,10.38,12.24,13,6.92,6.02,*,*,*,*,*,*,*,0,0.00,0.00
2021,Census Tract,4.0106.00,20,1795.00,2381.00,16,0,3.25,3.89,8.59,9.39,13,2.00,3.94,*,*,*,*,*,*,*,0,0.00,0.00
2021,Census Tract,4.0111.00,10,1300.00,1636.40,*,*,*,*,*,*,*,*,*,0,0,0.00,0.00,*,*,*,0,0.00,0.00
2021,Census Tract,4.0113.00,44,1101.50,1855.05,40,*,5.00,4.83,7.25,7.91,20,2.67,4.11,*,*,*,*,*,*,*,0,0.00,0.00
2021,Census Tract,4.0114.00,17,3249.00,5735.35,11,0,4.08,3.89,1.00,1.31,*,*,*,*,*,*,*,*,*,*,0,0.00,0.00
2021,Census Tract,4.0115.00,119,1100.00,1873.80,102,*,5.00,6.16,10.00,10.72,64,3.84,5.19,14,*,*,*,*,*,*,0,0.00,0.00
2021,Census Tract,4.0116.00,16,1022.50,1259.38,14,0,3.00,2.99,1.00,4.89,*,*,*,0,*,*,*,*,*,*,0,0.00,0.00
2021,Census Tract,4.0117.00,20,1200.00,1381.95,14,*,3.00,4.37,1.00,6.67,*,*,*,*,*,*,*,*,*,*,0,0.00,0.00
2021,Census Tract,4.0118.00,10,950.00,1890.00,*,*,*,*,*,*,*,*,*,0,*,*,*,0,0.00,0.00,0,0.00,0.00
2021,Census Tract,4.0119.00,27,1800.00,2560.41,24,*,3.00,3.71,10.06,12.51,20,4.08,5.48,*,*,*,*,*,*,*,0,0.00,0.00
2021,Census Tract,4.0121.00,15,1250.00,1349.87,11,0,4.00,6.27,5.00,5.34,*,*,*,*,*,*,*,*,*,*,0,0.00,0.00
2021,Census Tract,4.0123.01,27,2900.00,6432.93,20,0,2.74,2.46,3.58,4.24,*,*,*,*,*,*,*,*,*,*,0,0.00,0.00
2021,Census Tract,4.0126.01,32,1250.00,1746.25,29,*,3.00,2.83,2.00,2.62,*,*,*,*,*,*,*,*,*,*,0,0.00,0.00
2021,Census Tract,4.0132.00,20,575.00,2132.80,17,0,3.00,2.69,5.00,7.12,12,3.00,4.20,*,*,*,*,*,*,*,0,0.00,0.00
2021,Census Tract,4.0136.00,24,875.00,1227.33,21,0,3.00,3.57,1.00,2.47,*,*,*,*,*,*,*,*,*,*,0,0.00,0.00
2021,Census Tract,4.0137.00,16,1949.00,2007.44,*,*,*,*,*,*,*,*,*,0,*,*,*,*,*,*,0,0.00,0.00
2021,Census Tract,4.0138.00,14,956.00,4233.21,*,*,*,*,*,*,*,*,*,*,*,*,*,*,*,*,0,0.00,0.00
2021,Census Tract,4.0140.00,10,1975.00,2798.40,*,*,*,*,*,*,*,*,*,*,*,*,*,0,0.00,0.00,0,0.00,0.00
2021,Census Tract,4.0141.00,21,1850.00,2924.48,15,0,4.75,4.02,7.05,8.65,12,6.05,7.50,*,*,*,*,*,*,*,0,0.00,0.00
2021,Census Tract,4.0142.01,11,1200.00,1845.82,10,0,1.00,5.07,2.51,3.75,*,*,*,*,*,*,*,*,*,*,0,0.00,0.00
2021,Census Tract,4.0142.02,27,2000.00,7858.78,23,0,3.00,3.21,6.52,9.65,10,3.46,6.41,*,*,*,*,*,*,*,0,0.00,0.00
2021,Census Tract,4.0143.00,43,1100.00,1128.37,36,*,4.00,4.18,5.00,5.63,20,3.33,3.96,*,*,*,*,*,*,*,0,0.00,0.00
2021,Census Tract,4.0144.00,31,1800.00,1855.16,25,*,5.00,14.93,5.00,5.97,12,2.72,3.58,*,*,*,*,*,*,*,0,0.00,0.00
2021,Census Tract,4.0147.00,34,1188.50,1801.50,26,*,3.56,4.42,4.00,5.51,11,2.58,3.89,*,*,*,*,*,*,*,0,0.00,0.00
2021,Census Tract,4.0149.00,50,1317.50,1934.28,47,*,4.00,3.82,5.50,8.48,31,2.75,3.55,10,*,*,*,*,*,*,0,0.00,0.00
2021,Census Tract,4.0151.00,10,418.50,721.90,10,*,4.55,4.82,4.98,6.60,*,*,*,*,0,0.00,0.00,0,0.00,0.00,0,0.00,0.00
2021,Census Tract,4.0153.00,10,2290.00,4615.90,*,*,*,*,*,*,*,*,*,*,0,0.00,0.00,*,*,*,0,0.00,0.00
2021,Census Tract,4.0154.00,10,1224.50,2370.60,10,0,2.58,2.33,1.00,1.97,0,0.00,0.00,0,0,0.00,0.00,0,0.00,0.00,0,0.00,0.00
2021,Census Tract,4.0155.00,121,1750.00,2266.15,106,*,4.00,4.79,10.00,10.45,78,4.37,5.06,22,*,*,*,*,*,*,*,*,*
2021,Census Tract,4.0157.00,43,1400.00,3517.81,41,*,6.00,11.85,10.00,10.28,39,4.00,3.89,12,*,*,*,*,*,*,0,0.00,0.00
2021,Census Tract,4.0158.01,16,800.00,1758.44,*,*,*,*,*,*,*,*,*,*,*,*,*,*,*,*,0,0.00,0.00
2021,Census Tract,4.0158.02,70,1200.00,1713.27,60,*,4.00,4.06,4.88,8.67,29,3.84,3.99,*,*,*,*,*,*,*,0,0.00,0.00
2021,Census Tract,4.0159.00,18,1017.50,3019.39,16,0,3.59,4.29,2.50,6.22,*,*,*,*,*,*,*,*,*,*,0,0.00,0.00
2021,Census Tract,4.0161.00,13,1600.00,2710.31,*,*,*,*,*,*,*,*,*,*,*,*,*,*,*,*,0,0.00,0.00
2021,Census Tract,4.0166.00,17,1840.00,2471.12,13,*,2.00,2.34,3.32,7.17,*,*,*,*,*,*,*,*,*,*,0,0.00,0.00
2021,Census Tract,4.0171.00,57,3167.00,13558.32,41,*,3.00,5.27,10.01,13.21,39,3.09,4.96,12,*,*,*,*,*,*,0,0.00,0.00
2021,Census Tract,4.0179.00,43,2400.00,4379.40,34,*,4.00,7.31,6.79,9.36,32,2.17,4.74,17,*,*,*,*,*,*,0,0.00,0.00
2021,Census Tract,4.0181.01,18,1000.00,1034.39,14,0,3.50,6.64,5.88,6.18,*,*,*,*,*,*,*,*,*,*,*,*,*
2021,Census Tract,4.0181.02,17,667.00,1516.76,17,0,7.00,6.59,10.01,10.19,10,3.25,4.34,*,0,0.00,0.00,0,0.00,0.00,0,0.00,0.00
2021,Census Tract,4.0183.00,97,756.00,1451.74,92,*,5.97,7.52,5.12,7.62,51,4.00,4.18,12,*,*,*,*,*,*,0,0.00,0.00
2021,Census Tract,4.0185.01,18,700.00,1001.83,16,*,3.31,4.41,1.00,3.67,*,*,*,*,*,*,*,*,*,*,0,0.00,0.00
2021,Census Tract,4.0185.02,45,892.00,1078.89,43,*,3.00,4.27,1.00,3.88,17,2.16,2.72,10,*,*,*,*,*,*,0,0.00,0.00
2021,Census Tract,4.0189.00,17,1200.00,2148.94,14,0,2.00,3.63,1.25,4.92,*,*,*,*,*,*,*,*,*,*,*,*,*
2021,Census Tract,4.0190.00,23,1125.00,1437.22,23,0,3.00,3.26,1.00,3.25,*,*,*,*,0,0.00,0.00,0,0.00,0.00,0,0.00,0.00
2021,Census Tract,4.0199.00,47,4076.00,7249.30,37,*,2.00,3.27,6.00,6.65,27,2.92,3.71,*,*,*,*,*,*,*,0,0.00,0.00
2021,Census Tract,4.0204.00,12,1050.00,1929.58,10,*,2.00,2.09,3.00,3.78,*,*,*,*,*,*,*,*,*,*,0,0.00,0.00
2021,Census Tract,4.0208.00,10,1380.00,2503.70,*,*,*,*,*,*,*,*,*,*,*,*,*,0,0.00,0.00,0,0.00,0.00
2021,Census Tract,4.0212.00,41,1600.00,2356.00,34,*,6.25,17.28,5.83,8.47,25,1.00,2.30,13,*,*,*,*,*,*,0,0.00,0.00
2021,Census Tract,4.0214.00,56,1025.00,1941.32,52,*,5.00,20.06,10.00,9.45,39,5.33,5.55,*,*,*,*,*,*,*,0,0.00,0.00
2021,Census Tract,4.0216.00,50,1122.00,1470.16,40,0,3.00,3.94,10.09,12.22,26,5.50,5.43,*,*,*,*,*,*,*,0,0.00,0.00
2021,Census Tract,4.0219.00,23,17000.00,23389.35,19,0,2.00,3.53,6.00,4.93,*,*,*,*,*,*,*,*,*,*,0,0.00,0.00
2021,Census Tract,4.0235.00,67,800.00,1805.84,54,0,4.50,6.13,2.00,6.53,32,1.20,2.31,20,*,*,*,*,*,*,0,0.00,0.00
2021,Census Tract,4.0236.00,35,900.00,2004.03,25,0,4.00,5.80,10.00,9.22,19,4.00,5.03,*,*,*,*,*,*,*,0,0.00,0.00
2021,Census Tract,4.0238.00,27,1100.00,1609.22,21,*,3.13,4.34,1.00,4.59,*,*,*,*,*,*,*,*,*,*,0,0.00,0.00
2021,Census Tract,4.0240.00,59,1300.00,3174.12,49,*,5.00,7.15,10.20,12.28,37,3.33,5.40,*,*,*,*,*,*,*,0,0.00,0.00
2021,Census Tract,4.0245.00,31,1917.00,3825.32,27,17,3.00,2.66,10.01,9.20,19,7.01,6.71,0,*,*,*,*,*,*,0,0.00,0.00
2021,Census Tract,4.0249.00,33,2000.00,5689.09,26,*,3.17,3.49,7.24,9.26,15,5.67,6.35,*,*,*,*,*,*,*,0,0.00,0.00
2021,Census Tract,4.0251.00,21,800.00,1284.67,20,*,4.00,4.20,4.00,6.72,13,1.10,3.34,*,*,*,*,*,*,*,0,0.00,0.00
2021,Census Tract,4.0253.01,25,1535.00,1903.72,24,*,4.21,6.60,3.50,8.52,15,2.62,3.95,*,*,*,*,*,*,*,*,*,*
2021,Census Tract,4.0253.02,27,1200.00,1772.44,22,0,4.00,7.61,1.00,3.16,*,*,*,*,*,*,*,*,*,*,*,*,*
2021,Census Tract,4.0254.00,19,1800.00,2985.74,14,*,2.00,3.74,3.02,6.54,*,*,*,*,*,*,*,*,*,*,0,0.00,0.00
2021,Census Tract,4.0255.00,23,2635.00,5693.74,17,0,3.00,5.00,5.00,10.88,12,2.37,3.40,*,*,*,*,*,*,*,0,0.00,0.00
2021,Census Tract,4.0257.00,13,4000.00,5979.23,*,*,*,*,*,*,*,*,*,0,*,*,*,*,*,*,0,0.00,0.00
2021,Census Tract,4.0259.00,21,1200.00,2048.48,18,*,4.00,6.42,3.00,6.37,*,*,*,*,*,*,*,*,*,*,0,0.00,0.00
2021,Census Tract,4.0261.00,65,800.00,1456.08,62,*,3.95,5.94,5.08,6.31,38,2.29,3.40,18,*,*,*,*,*,*,0,0.00,0.00
2021,Census Tract,4.0263.00,33,960.00,1290.48,31,*,5.88,8.84,5.00,7.70,20,1.71,2.56,12,*,*,*,*,*,*,0,0.00,0.00
2021,Census Tract,4.0265.00,42,763.00,1970.93,40,*,6.00,6.08,5.00,6.95,24,3.96,5.94,*,*,*,*,*,*,*,0,0.00,0.00
2021,Census Tract,4.0267.00,44,1112.50,2057.77,38,*,5.00,5.74,6.50,10.69,27,3.00,3.08,11,*,*,*,*,*,*,0,0.00,0.00
2021,Census Tract,4.0269.01,85,1000.00,1745.48,80,*,6.00,7.14,7.09,7.18,51,3.58,4.68,17,*,*,*,*,*,*,0,0.00,0.00
2021,Census Tract,4.0269.02,22,923.00,1534.55,17,*,5.00,4.82,1.75,8.57,10,2.54,8.29,*,*,*,*,*,*,*,0,0.00,0.00
2021,Census Tract,4.0271.00,45,892.00,994.11,44,*,3.00,4.70,5.00,5.51,25,3.00,3.21,*,*,*,*,*,*,*,0,0.00,0.00
2021,Census Tract,4.0272.00,11,800.00,1811.55,10,0,3.28,3.44,1.00,6.79,*,*,*,0,*,*,*,*,*,*,0,0.00,0.00
2021,Census Tract,4.0273.00,113,920.00,1598.57,109,*,5.06,6.37,7.00,10.00,71,4.33,5.11,14,*,*,*,*,*,*,0,0.00,0.00
2021,Census Tract,4.0275.00,50,825.50,1063.34,44,*,5.00,5.15,5.00,6.65,23,2.58,3.69,*,*,*,*,*,*,*,0,0.00,0.00
2021,Census Tract,4.0277.00,80,752.00,1059.88,75,0,5.00,6.01,5.00,5.09,47,2.33,2.90,21,*,*,*,*,*,*,0,0.00,0.00
2021,Census Tract,4.0279.00,46,1635.00,2457.54,43,0,6.00,7.76,6.00,8.18,24,3.31,5.47,*,*,*,*,*,*,*,0,0.00,0.00
2021,Census Tract,4.0281.00,14,1590.00,2308.14,14,0,5.50,6.57,9.40,6.85,*,*,*,0,0,0.00,0.00,0,0.00,0.00,0,0.00,0.00
2021,Census Tract,4.0282.00,10,1293.00,1456.10,*,*,*,*,*,*,*,*,*,*,*,*,*,0,0.00,0.00,0,0.00,0.00
2021,Census Tract,4.0283.00,106,1800.00,2379.31,102,*,6.00,7.07,9.51,8.90,75,3.84,4.33,20,*,*,*,*,*,*,*,*,*
2021,Census Tract,4.0284.00,23,1465.00,1958.87,22,0,3.00,3.30,1.00,2.46,*,*,*,*,*,*,*,*,*,*,0,0.00,0.00
2021,Census Tract,4.0285.00,33,600.00,1043.21,32,0,7.17,7.25,3.00,4.61,22,2.71,3.16,*,*,*,*,*,*,*,0,0.00,0.00
2021,Census Tract,4.0287.00,90,1001.00,1921.50,81,*,4.58,5.38,5.00,6.94,44,3.63,4.30,*,*,*,*,*,*,*,0,0.00,0.00
2021,Census Tract,4.0289.00,81,1520.00,1862.44,70,0,5.00,6.25,10.00,12.73,54,4.00,4.03,14,*,*,*,*,*,*,0,0.00,0.00
2021,Census Tract,4.0291.00,33,1000.00,3551.09,32,0,5.00,5.83,1.00,3.92,*,*,*,*,*,*,*,*,*,*,0,0.00,0.00
2021,Census Tract,4.0294.00,24,1000.00,1724.46,19,*,3.33,3.49,5.00,16.79,15,4.50,13.23,*,*,*,*,*,*,*,0,0.00,0.00
2021,Census Tract,4.0295.00,30,1000.00,2569.87,27,0,4.00,3.78,1.00,5.45,*,*,*,*,*,*,*,*,*,*,0,0.00,0.00
2021,Census Tract,4.0297.00,48,4425.00,5641.96,38,*,2.00,3.24,5.38,10.46,19,2.42,3.30,*,*,*,*,*,*,*,0,0.00,0.00
2021,Census Tract,4.0306.00,61,1668.00,4718.64,49,*,2.00,2.19,3.00,5.65,*,*,*,*,*,*,*,*,*,*,0,0.00,0.00
2021,Census Tract,4.0309.02,19,1568.00,3140.58,15,*,3.92,4.47,12.01,16.38,14,2.00,2.27,*,*,*,*,*,*,*,0,0.00,0.00
2021,Census Tract,4.0309.03,59,1570.00,3531.49,54,*,3.00,3.61,13.01,17.97,51,4.75,5.92,*,*,*,*,*,*,*,0,0.00,0.00
2021,Census Tract,4.0320.00,46,2004.00,7755.22,32,*,2.00,2.20,3.00,3.94,15,1.58,2.17,*,*,*,*,*,*,*,0,0.00,0.00
2021,Census Tract,4.0327.00,12,1200.00,1828.25,10,0,1.00,1.00,11.01,9.50,*,*,*,*,*,*,*,*,*,*,0,0.00,0.00
2021,Census Tract,4.0328.00,10,1040.50,1385.40,10,0,4.50,4.60,1.00,1.00,0,0.00,0.00,0,0,0.00,0.00,0,0.00,0.00,0,0.00,0.00
2021,Census Tract,4.0329.00,31,1382.00,5853.97,26,0,3.75,4.26,10.62,11.01,23,3.84,3.87,*,*,*,*,*,*,*,0,0.00,0.00
2021,Census Tract,4.0334.01,15,1100.00,2169.33,14,0,3.00,3.00,1.00,2.49,*,*,*,0,*,*,*,*,*,*,0,0.00,0.00
2021,Census Tract,4.0339.00,16,1110.00,1588.94,15,0,4.00,3.87,1.00,7.36,*,*,*,0,*,*,*,*,*,*,0,0.00,0.00
2021,Census Tract,4.0351.00,11,1284.00,1552.45,*,*,*,*,*,*,*,*,*,*,*,*,*,*,*,*,0,0.00,0.00
2021,Census Tract,4.0352.00,38,1944.00,8454.42,28,*,4.00,12.69,10.34,11.79,18,5.08,5.38,*,*,*,*,*,*,*,0,0.00,0.00
2021,Census Tract,4.0353.00,12,900.00,1586.75,11,0,3.50,3.58,5.17,9.40,*,*,*,*,*,*,*,*,*,*,0,0.00,0.00
2021,Census Tract,4.0358.00,13,2200.00,4280.31,11,0,2.17,2.27,10.00,13.52,*,*,*,0,*,*,*,*,*,*,0,0.00,0.00
2021,Census Tract,4.0366.00,18,1622.00,4562.83,16,*,3.06,3.08,1.00,4.92,*,*,*,*,*,*,*,*,*,*,0,0.00,0.00
2021,Census Tract,4.0375.00,108,1125.00,1611.69,98,10,5.50,6.69,5.00,7.65,49,4.84,5.11,12,*,*,*,*,*,*,0,0.00,0.00
2021,Census Tract,4.0379.00,19,800.00,1493.47,17,0,4.00,5.76,5.00,5.15,11,1.50,2.62,*,*,*,*,*,*,*,0,0.00,0.00
2021,Census Tract,4.0383.01,18,1750.00,2981.11,16,0,2.00,2.16,1.00,1.06,0,0.00,0.00,0,*,*,*,*,*,*,0,0.00,0.00
2021,Census Tract,4.0384.00,12,875.00,1509.42,*,*,*,*,*,*,*,*,*,*,*,*,*,0,0.00,0.00,0,0.00,0.00
2021,Census Tract,4.0399.00,25,1134.00,2131.00,22,0,3.88,3.07,6.00,6.58,14,3.29,3.00,*,*,*,*,*,*,*,*,*,*
2021,Census Tract,4.0401.00,17,1200.00,2419.24,11,0,3.00,3.81,6.00,6.29,*,*,*,*,*,*,*,*,*,*,0,0.00,0.00
2021,Census Tract,4.0403.00,55,832.00,1817.05,48,*,3.00,4.17,2.50,4.34,25,2.00,2.33,19,*,*,*,*,*,*,0,0.00,0.00
2021,Census Tract,4.0405.00,94,1510.00,2173.48,84,*,3.21,4.20,3.00,5.01,41,2.84,3.33,15,*,*,*,*,*,*,0,0.00,0.00
2021,Census Tract,4.0407.00,37,875.00,1259.49,35,*,3.00,3.92,5.00,6.12,25,1.33,2.29,*,*,*,*,*,*,*,0,0.00,0.00
2021,Census Tract,4.0409.00,25,790.00,919.32,24,0,6.00,6.02,4.96,5.74,14,2.50,3.68,*,*,*,*,*,*,*,0,0.00,0.00
2021,Census Tract,4.0413.00,15,1200.00,2427.33,14,*,4.00,7.43,7.50,7.18,*,*,*,*,*,*,*,*,*,*,0,0.00,0.00
2021,Census Tract,4.0415.00,15,2500.00,2742.67,11,0,2.00,2.60,1.00,7.01,*,*,*,0,*,*,*,*,*,*,0,0.00,0.00
2021,Census Tract,4.0427.00,20,1062.50,1525.50,15,0,3.00,5.70,2.00,4.52,*,*,*,*,*,*,*,*,*,*,0,0.00,0.00
2021,Census Tract,4.0439.00,20,1250.00,1605.50,17,0,4.00,6.40,1.00,5.53,*,*,*,*,*,*,*,*,*,*,0,0.00,0.00
2021,Census Tract,4.0440.00,14,6875.00,11409.43,14,0,1.00,1.54,5.00,9.89,10,1.71,2.93,*,0,0.00,0.00,0,0.00,0.00,0,0.00,0.00
2021,Census Tract,4.0443.02,24,1050.00,1747.79,24,0,6.00,5.66,5.00,6.92,12,1.75,2.63,*,0,0.00,0.00,0,0.00,0.00,0,0.00,0.00
2021,Census Tract,4.0444.00,75,5000.00,10954.29,63,*,2.00,6.44,10.00,10.02,46,3.20,4.29,16,*,*,*,*,*,*,0,0.00,0.00
2021,Census Tract,4.0446.01,172,1792.50,4119.45,144,*,5.00,9.14,8.00,8.89,91,3.96,5.05,21,*,*,*,*,*,*,*,*,*
2021,Census Tract,4.0446.02,28,1200.00,1554.21,27,0,4.00,5.94,6.38,6.72,18,2.12,3.14,10,*,*,*,*,*,*,0,0.00,0.00
2021,Census Tract,4.0455.00,40,2092.50,4188.83,26,0,3.50,3.88,11.19,13.90,26,5.54,5.84,*,*,*,*,*,*,*,*,*,*
2021,Census Tract,4.0458.00,34,1315.00,2043.76,34,*,3.00,12.89,6.50,7.40,20,3.84,4.73,*,0,0.00,0.00,0,0.00,0.00,0,0.00,0.00
2021,Census Tract,4.0460.00,61,1764.00,3947.48,53,*,4.00,6.32,9.94,9.69,36,2.62,3.18,17,*,*,*,*,*,*,0,0.00,0.00
2021,Census Tract,4.0461.00,25,700.00,878.12,23,0,3.00,3.09,3.00,3.90,12,2.00,2.28,*,*,*,*,*,*,*,0,0.00,0.00
2021,Census Tract,4.0462.00,33,1876.00,2300.64,26,0,5.00,11.35,5.00,10.43,17,2.75,7.64,*,*,*,*,*,*,*,0,0.00,0.00
2021,Census Tract,4.0463.00,13,837.00,1038.85,12,*,6.00,5.58,8.96,7.51,*,*,*,*,*,*,*,*,*,*,0,0.00,0.00
2021,Census Tract,4.0465.00,65,600.00,793.69,56,0,6.00,7.36,1.00,2.09,11,1.00,2.33,*,*,*,*,*,*,*,*,*,*
2021,Census Tract,4.0466.00,21,1450.00,1576.81,18,0,4.00,12.72,9.00,9.21,10,8.25,7.87,*,*,*,*,*,*,*,0,0.00,0.00
2021,Census Tract,4.0468.00,18,700.00,2112.17,18,0,2.00,5.28,3.33,5.38,*,*,*,*,0,0.00,0.00,0,0.00,0.00,0,0.00,0.00
2021,Census Tract,4.0469.00,30,1340.00,2345.17,30,*,3.50,3.83,15.01,18.46,28,3.13,5.12,*,0,0.00,0.00,0,0.00,0.00,0,0.00,0.00
2021,Census Tract,4.0470.00,11,1000.00,2070.91,11,*,3.00,7.55,10.00,5.91,*,*,*,*,0,0.00,0.00,0,0.00,0.00,0,0.00,0.00
2021,Census Tract,4.0471.00,28,1000.00,1330.93,26,*,4.60,5.53,1.00,4.25,12,4.87,4.06,*,*,*,*,*,*,*,0,0.00,0.00
2021,Census Tract,4.0473.00,52,1127.50,4398.90,38,*,5.00,6.80,10.21,11.11,27,4.92,5.55,*,*,*,*,*,*,*,0,0.00,0.00
2021,Census Tract,4.0475.00,34,1020.00,2406.82,24,*,3.69,4.92,5.00,7.03,17,4.01,4.53,*,*,*,*,*,*,*,0,0.00,0.00
2021,Census Tract,4.0478.00,51,1672.00,2224.53,48,0,3.79,4.65,14.93,18.82,45,3.42,6.17,17,*,*,*,*,*,*,0,0.00,0.00
2021,Census Tract,4.0479.00,22,1254.00,3435.36,19,*,3.00,4.20,3.08,4.03,*,*,*,*,*,*,*,*,*,*,0,0.00,0.00
2021,Census Tract,4.0480.00,10,1585.00,2109.20,*,*,*,*,*,*,*,*,*,*,*,*,*,0,0.00,0.00,0,0.00,0.00
2021,Census Tract,4.0481.00,16,775.00,1154.13,14,*,4.52,4.27,9.94,9.84,10,2.96,3.80,*,*,*,*,*,*,*,0,0.00,0.00
2021,Census Tract,4.0483.00,15,900.00,1006.73,12,*,3.00,3.25,1.00,1.42,*,*,*,*,*,*,*,*,*,*,0,0.00,0.00
2021,Census Tract,4.0484.00,11,1335.00,2225.64,11,*,1.00,1.55,10.00,9.92,*,*,*,*,0,0.00,0.00,0,0.00,0.00,0,0.00,0.00
2021,Census Tract,4.0485.00,45,2400.00,5347.36,34,*,3.00,5.21,5.17,6.50,17,3.00,3.70,*,*,*,*,*,*,*,0,0.00,0.00
2021,Census Tract,4.0489.00,15,5485.00,10979.00,*,*,*,*,*,*,*,*,*,*,*,*,*,*,*,*,0,0.00,0.00
2021,Census Tract,4.0493.02,32,1552.50,2729.09,29,*,3.00,2.93,5.00,6.38,16,2.63,3.33,*,*,*,*,*,*,*,0,0.00,0.00
2021,Census Tract,4.0496.00,11,1000.00,1304.64,*,*,*,*,*,*,*,*,*,0,*,*,*,*,*,*,0,0.00,0.00
2021,Census Tract,4.0499.00,13,3000.00,7913.46,11,0,3.00,2.82,10.02,11.12,11,6.09,5.22,*,*,*,*,*,*,*,0,0.00,0.00
2021,Census Tract,4.0500.00,11,1100.00,1447.73,*,*,*,*,*,*,*,*,*,*,*,*,*,0,0.00,0.00,0,0.00,0.00
2021,Census Tract,4.0512.00,12,1174.00,2214.33,11,*,3.41,3.05,1.00,1.86,0,0.00,0.00,0,*,*,*,*,*,*,0,0.00,0.00
2021,Census Tract,4.0515.00,17,1000.00,3671.59,12,*,2.67,5.36,1.00,5.48,*,*,*,*,*,*,*,*,*,*,0,0.00,0.00
2021,Census Tract,4.0517.00,25,1100.00,2398.80,19,*,3.00,5.33,5.75,9.00,12,3.07,3.73,*,*,*,*,*,*,*,0,0.00,0.00
2021,Census Tract,4.0521.00,13,1369.00,3455.62,13,*,2.00,2.55,3.00,7.48,*,*,*,*,0,0.00,0.00,0,0.00,0.00,0,0.00,0.00
2021,Census Tract,4.0531.00,39,3000.00,4772.72,29,*,4.00,10.81,1.00,5.65,13,1.58,3.42,*,*,*,*,*,*,*,0,0.00,0.00
2021,Census Tract,4.0532.00,19,700.00,1724.26,17,0,3.68,15.36,1.00,6.20,*,*,*,*,*,*,*,*,*,*,0,0.00,0.00
2021,Census Tract,4.0534.01,11,770.00,1877.82,11,0,3.00,4.00,10.01,10.68,*,*,*,*,0,0.00,0.00,0,0.00,0.00,0,0.00,0.00
2021,Census Tract,4.0535.00,24,4250.00,17330.58,18,*,2.00,2.52,5.50,5.45,*,*,*,*,*,*,*,*,*,*,0,0.00,0.00
2021,Census Tract,4.0539.00,13,2820.00,5233.08,10,0,2.00,1.89,9.99,7.40,*,*,*,*,*,*,*,*,*,*,0,0.00,0.00
2021,Census Tract,4.0540.00,32,1950.00,3293.53,26,0,2.00,3.05,9.42,10.68,22,3.16,4.96,*,*,*,*,*,*,*,0,0.00,0.00
2021,Census Tract,4.0542.00,15,1250.00,1679.67,11,0,2.00,1.82,10.00,7.71,*,*,*,*,*,*,*,*,*,*,0,0.00,0.00
2021,Census Tract,4.0547.00,14,850.00,1082.14,*,*,*,*,*,*,*,*,*,*,*,*,*,*,*,*,0,0.00,0.00
2021,Census Tract,4.0549.00,50,1000.00,1579.86,47,*,3.00,3.22,10.00,8.69,38,4.05,4.64,12,*,*,*,*,*,*,0,0.00,0.00
2021,Census Tract,4.0551.00,65,970.00,1773.68,54,*,3.88,3.65,4.00,6.25,27,4.09,4.88,*,*,*,*,*,*,*,0,0.00,0.00
2021,Census Tract,4.0553.00,50,1517.50,2823.30,44,*,3.00,2.90,8.52,10.66,32,2.84,3.72,13,*,*,*,*,*,*,0,0.00,0.00
2021,Census Tract,4.0555.00,16,1139.00,1998.63,14,*,2.00,2.16,3.00,4.15,*,*,*,*,*,*,*,*,*,*,0,0.00,0.00
2021,Census Tract,4.0557.00,23,1350.00,2298.48,21,0,2.92,2.79,7.01,11.93,12,4.96,7.61,*,*,*,*,*,*,*,0,0.00,0.00
2021,Census Tract,4.0559.00,10,1750.00,3395.00,*,*,*,*,*,*,*,*,*,*,*,*,*,*,*,*,0,0.00,0.00
2021,Census Tract,4.0568.00,52,1100.00,3214.15,47,*,2.00,2.83,3.00,6.27,11,6.00,10.28,*,*,*,*,*,*,*,0,0.00,0.00
2021,Census Tract,4.0577.00,30,945.00,1848.03,26,*,2.00,6.48,5.00,7.99,15,1.00,2.55,10,*,*,*,*,*,*,0,0.00,0.00
2021,Census Tract,4.0581.00,24,680.00,1145.00,21,*,4.00,5.87,3.00,4.97,11,3.50,4.11,*,*,*,*,*,*,*,0,0.00,0.00
2021,Census Tract,4.0583.00,21,700.00,1103.10,17,*,3.00,4.40,4.97,5.50,*,*,*,*,*,*,*,*,*,*,0,0.00,0.00
2021,Census Tract,4.0585.00,16,577.50,738.19,15,0,5.00,4.46,1.92,2.63,*,*,*,*,*,*,*,*,*,*,0,0.00,0.00
2021,Census Tract,4.0587.00,17,700.00,1399.94,16,*,3.00,3.71,1.00,3.80,*,*,*,0,*,*,*,*,*,*,0,0.00,0.00
2021,Census Tract,4.0589.00,13,500.00,794.23,*,*,*,*,*,*,*,*,*,*,*,*,*,*,*,*,0,0.00,0.00
2021,Census Tract,4.0591.00,12,1367.50,1520.00,*,*,*,*,*,*,*,*,*,*,*,*,*,*,*,*,0,0.00,0.00
2021,Census Tract,4.0593.00,11,1600.00,2364.82,*,*,*,*,*,*,*,*,*,*,*,*,*,0,0.00,0.00,0,0.00,0.00
2021,Census Tract,4.0595.00,16,700.00,1403.19,15,0,3.00,3.39,1.00,12.26,*,*,*,*,*,*,*,*,*,*,0,0.00,0.00
2021,Census Tract,4.0596.00,18,900.00,1393.33,17,*,3.00,14.65,4.09,5.66,14,1.92,2.68,*,*,*,*,*,*,*,0,0.00,0.00
2021,Census Tract,4.0600.00,13,800.00,1299.23,11,*,19.00,17.55,1.00,1.00,0,0.00,0.00,0,*,*,*,*,*,*,0,0.00,0.00
2021,Census Tract,4.0603.00,18,2500.00,3900.22,16,*,3.17,3.41,12.09,13.65,10,1.83,2.47,*,*,*,*,*,*,*,0,0.00,0.00
2021,Census Tract,4.0613.01,44,920.00,1743.14,37,0,4.17,4.78,5.08,8.36,25,2.92,3.95,*,*,*,*,*,*,*,0,0.00,0.00
2021,Census Tract,4.0619.00,22,1150.00,1962.14,18,*,2.50,5.09,10.00,9.63,13,2.25,4.16,*,*,*,*,*,*,*,0,0.00,0.00
2021,Census Tract,4.0621.00,12,1050.00,3471.00,10,0,2.65,2.95,7.73,8.34,*,*,*,*,*,*,*,*,*,*,0,0.00,0.00
2021,Census Tract,4.0622.00,10,1100.00,1307.00,10,0,38.00,33.60,7.50,10.15,10,2.16,3.52,*,0,0.00,0.00,0,0.00,0.00,0,0.00,0.00
2021,Census Tract,4.0629.00,19,1100.00,1710.00,16,0,3.00,3.65,10.00,9.03,13,3.67,4.51,*,*,*,*,*,*,*,0,0.00,0.00
2021,Census Tract,4.0630.00,10,1775.00,2260.00,*,*,*,*,*,*,0,0.00,0.00,0,*,*,*,0,0.00,0.00,0,0.00,0.00
2021,Census Tract,4.0632.00,29,1120.00,1580.52,29,*,3.00,3.82,5.00,8.02,22,2.38,3.63,*,0,0.00,0.00,0,0.00,0.00,0,0.00,0.00
2021,Census Tract,4.0637.00,19,3644.00,16838.58,12,0,2.50,3.04,17.62,20.53,*,*,*,*,*,*,*,*,*,*,0,0.00,0.00
2021,Census Tract,4.0638.00,16,1240.50,1491.31,14,*,2.00,3.00,7.01,7.03,12,3.00,3.21,*,*,*,*,*,*,*,0,0.00,0.00
2021,Census Tract,4.0645.00,27,1100.00,1525.70,23,*,3.00,3.06,1.00,6.50,10,3.88,4.01,*,*,*,*,*,*,*,0,0.00,0.00
2021,Census Tract,4.0654.00,14,2137.50,2904.86,11,0,3.50,6.20,3.00,8.12,*,*,*,*,*,*,*,*,*,*,0,0.00,0.00
2021,Census Tract,4.0657.02,11,1250.00,1841.82,*,*,*,*,*,*,*,*,*,*,*,*,*,0,0.00,0.00,0,0.00,0.00
2021,Census Tract,4.0657.03,30,1300.00,1665.27,24,*,2.25,2.96,1.00,5.82,10,3.88,4.05,*,*,*,*,*,*,*,*,*,*
2021,Census Tract,4.0671.00,20,1000.00,1838.90,18,0,3.54,10.30,5.00,9.86,*,*,*,*,*,*,*,*,*,*,0,0.00,0.00
2021,Census Tract,4.0679.00,13,1852.00,1832.00,*,*,*,*,*,*,*,*,*,0,*,*,*,*,*,*,0,0.00,0.00
2021,Census Tract,4.0683.00,28,1425.00,9626.71,27,*,7.00,7.25,10.29,13.56,24,6.38,5.60,*,*,*,*,*,*,*,0,0.00,0.00
2021,Census Tract,4.0687.00,21,915.00,1265.81,20,*,3.00,4.32,7.71,9.76,14,2.46,3.66,*,*,*,*,*,*,*,0,0.00,0.00
2021,Census Tract,4.0693.00,91,1440.00,1981.05,89,*,5.00,8.14,10.00,12.00,56,4.00,5.12,*,*,*,*,*,*,*,0,0.00,0.00
2021,Census Tract,4.0695.00,24,2200.00,4340.00,22,*,3.88,9.40,8.51,8.48,16,4.08,4.45,0,*,*,*,*,*,*,0,0.00,0.00
2021,Census Tract,4.0697.02,11,1800.00,3700.18,*,*,*,*,*,*,*,*,*,*,*,*,*,*,*,*,0,0.00,0.00
2021,Census Tract,4.0707.00,18,800.00,1091.67,15,0,3.00,3.18,7.92,7.20,11,3.25,3.39,*,*,*,*,*,*,*,0,0.00,0.00
2021,Census Tract,4.0709.00,16,1050.00,1716.75,14,0,3.00,8.75,4.50,7.35,*,*,*,0,*,*,*,*,*,*,0,0.00,0.00
2021,Census Tract,4.0711.00,108,1823.00,3222.93,93,19,5.37,7.09,10.00,10.81,51,5.04,4.94,10,0,0.00,0.00,15,1.00,0.96,0,0.00,0.00
2021,Census Tract,4.0713.03,46,1225.00,1854.54,38,0,5.00,7.37,14.84,14.54,32,3.13,4.20,12,*,*,*,*,*,*,0,0.00,0.00
2021,Census Tract,4.0713.04,34,1004.00,2840.44,22,0,3.50,4.27,17.01,16.15,19,4.33,5.76,*,0,0.00,0.00,12,0.33,0.55,0,0.00,0.00
2021,Census Tract,4.0713.05,13,1725.00,2395.00,12,0,4.50,4.67,12.65,13.51,10,5.13,4.51,0,*,*,*,*,*,*,0,0.00,0.00
2022,Census Tract,3.0646.00,15,"1,700","1,470",10,- 0,2.18,2.57,1.37,2.00,*,*,*,*,*,*,*,*,*,*,- 0,- 0,- 0
2021,Census Tract,4.0713.06,35,910.00,1280.89,33,*,4.50,9.42,10.01,11.69,32,4.00,4.52,*,*,*,*,*,*,*,0,0.00,0.00
2021,Census Tract,4.0717.01,59,1369.00,6239.90,47,*,5.00,5.65,10.30,11.20,32,5.04,5.35,*,*,*,*,*,*,*,*,*,*
2021,Census Tract,4.0717.02,30,2207.50,9665.90,20,*,7.50,8.25,15.23,13.29,17,8.67,6.69,0,0,0.00,0.00,10,1.52,2.11,0,0.00,0.00
2021,Census Tract,4.0731.00,18,1200.00,1954.33,12,*,2.00,2.56,2.50,3.97,*,*,*,*,*,*,*,*,*,*,0,0.00,0.00
2021,Census Tract,4.0737.00,100,1032.00,2419.20,93,*,7.00,8.06,9.98,11.04,75,4.00,4.10,20,*,*,*,*,*,*,0,0.00,0.00
2021,Census Tract,4.0743.00,46,1200.00,1669.02,43,*,1.00,3.09,10.00,11.35,35,3.58,4.80,*,*,*,*,*,*,*,0,0.00,0.00
2021,Census Tract,4.0757.01,45,1680.00,3955.96,41,*,22.00,19.72,10.00,9.67,25,4.84,4.90,*,*,*,*,*,*,*,0,0.00,0.00
2021,Census Tract,4.0757.02,10,761.00,743.80,*,*,*,*,*,*,*,*,*,*,0,0.00,0.00,*,*,*,0,0.00,0.00
2021,Census Tract,4.0769.01,33,784.00,1629.00,32,0,3.97,4.15,10.00,10.88,28,5.50,5.36,*,*,*,*,*,*,*,0,0.00,0.00
2021,Census Tract,4.0769.02,24,1150.00,1930.63,20,0,6.00,5.80,13.49,16.54,20,3.09,3.55,*,*,*,*,*,*,*,0,0.00,0.00
2021,Census Tract,4.0775.00,30,975.00,1173.67,27,0,3.00,3.67,1.00,4.11,10,4.38,3.77,0,*,*,*,*,*,*,0,0.00,0.00
2021,Census Tract,4.0779.02,38,1092.50,1472.26,34,0,5.00,8.76,9.75,10.46,27,3.00,4.36,*,*,*,*,*,*,*,0,0.00,0.00
2021,Census Tract,4.0779.04,38,1065.00,1828.32,34,*,5.00,12.92,9.50,10.97,23,1.75,2.98,13,*,*,*,*,*,*,0,0.00,0.00
2021,Census Tract,4.0779.06,21,1000.00,1770.71,18,0,4.50,5.35,1.00,8.43,*,*,*,*,*,*,*,*,*,*,0,0.00,0.00
2021,Census Tract,4.0793.00,11,1311.00,2274.36,11,0,54.00,50.40,1.00,1.00,0,0.00,0.00,0,0,0.00,0.00,0,0.00,0.00,0,0.00,0.00
2021,Census Tract,4.0797.01,21,900.00,1422.86,19,0,11.00,19.74,5.42,6.65,13,3.09,3.24,*,*,*,*,*,*,*,0,0.00,0.00
2021,Census Tract,4.0797.02,58,940.50,1199.66,50,*,4.84,6.55,9.42,16.96,33,3.50,12.92,11,*,*,*,*,*,*,0,0.00,0.00
2021,Census Tract,4.0799.00,12,1350.00,2134.50,*,*,*,*,*,*,*,*,*,*,*,*,*,*,*,*,0,0.00,0.00
2021,Census Tract,4.0809.00,12,1245.00,1578.50,*,*,*,*,*,*,*,*,*,0,0,0.00,0.00,*,*,*,0,0.00,0.00
2021,Census Tract,4.0837.00,12,810.00,1457.50,12,*,5.00,4.92,9.00,10.23,11,5.09,4.31,*,0,0.00,0.00,0,0.00,0.00,0,0.00,0.00
2021,Census Tract,4.0838.00,19,850.00,1600.00,18,*,2.70,2.49,9.09,10.85,17,1.00,2.61,10,*,*,*,*,*,*,0,0.00,0.00
2021,Census Tract,4.0840.00,27,1700.00,2678.15,21,0,2.02,2.38,3.75,10.12,10,5.29,13.69,*,*,*,*,*,*,*,0,0.00,0.00
2021,Census Tract,4.0845.00,15,1444.00,2484.87,12,0,3.00,3.00,8.50,10.45,*,*,*,*,*,*,*,*,*,*,0,0.00,0.00
2021,Census Tract,4.0849.00,171,1200.00,2473.40,144,11,5.00,7.46,4.71,5.99,84,2.54,3.37,34,*,*,*,*,*,*,0,0.00,0.00
2021,Census Tract,4.0853.00,93,1000.00,1997.24,83,12,8.00,8.93,5.67,7.57,53,2.67,3.70,21,*,*,*,*,*,*,*,*,*
2021,Census Tract,4.0855.00,29,1200.00,2137.83,24,*,3.00,4.34,1.00,5.16,*,*,*,*,*,*,*,*,*,*,0,0.00,0.00
2021,Census Tract,4.0857.00,16,830.00,1448.50,14,0,2.23,2.64,1.00,3.39,*,*,*,0,*,*,*,*,*,*,0,0.00,0.00
2021,Census Tract,4.0859.00,21,850.00,1675.24,18,0,7.50,7.50,16.04,19.82,18,3.37,3.41,*,*,*,*,*,*,*,0,0.00,0.00
2021,Census Tract,4.0861.00,10,1280.00,1527.70,*,*,*,*,*,*,*,*,*,*,*,*,*,*,*,*,0,0.00,0.00
2021,Census Tract,4.0863.00,10,1065.00,4120.80,*,*,*,*,*,*,*,*,*,*,0,0.00,0.00,*,*,*,0,0.00,0.00
2021,Census Tract,4.0865.00,52,2000.00,5366.63,42,*,4.00,13.57,5.00,6.33,32,1.75,2.48,19,*,*,*,*,*,*,*,*,*
2021,Census Tract,4.0869.00,234,1698.00,3952.82,195,19,3.00,6.26,4.00,5.39,104,2.62,3.00,41,20,1.00,1.81,19,1.00,0.96,*,*,*
2021,Census Tract,4.0871.00,304,1545.00,4761.26,271,25,8.00,12.29,5.01,6.77,191,3.00,3.83,60,12,1.00,6.95,21,1.00,1.01,0,0.00,0.00
2021,Census Tract,4.0884.00,15,2000.00,3943.80,12,0,2.00,2.69,5.38,10.82,*,*,*,*,*,*,*,*,*,*,0,0.00,0.00
2021,Census Tract,4.0889.01,42,1462.50,2050.45,37,*,33.00,27.90,1.00,1.71,*,*,*,*,*,*,*,*,*,*,0,0.00,0.00
2021,Census Tract,4.0892.00,101,1404.00,3341.90,83,*,3.42,3.65,8.78,8.91,67,3.33,4.38,16,*,*,*,*,*,*,0,0.00,0.00
2021,Census Tract,4.0907.00,16,7708.50,21204.44,*,*,*,*,*,*,*,*,*,*,*,*,*,*,*,*,0,0.00,0.00
2021,Census Tract,4.0919.00,28,1929.50,7720.32,13,*,2.00,2.61,5.00,7.04,*,*,*,0,*,*,*,*,*,*,0,0.00,0.00
2021,Census Tract,4.0925.00,44,1445.00,1573.61,37,*,2.95,4.56,5.00,5.59,27,2.16,2.81,13,*,*,*,*,*,*,0,0.00,0.00
2021,Census Tract,4.0929.00,19,1000.00,3479.11,14,0,3.00,4.86,5.00,6.54,10,3.37,3.36,*,*,*,*,*,*,*,0,0.00,0.00
2021,Census Tract,4.0934.02,35,1200.00,3445.89,32,0,3.00,4.10,10.00,12.91,25,4.67,5.47,*,*,*,*,*,*,*,0,0.00,0.00
2021,Census Tract,4.0938.00,62,1373.50,3178.47,56,0,3.00,3.48,5.00,7.78,34,2.00,3.05,16,*,*,*,*,*,*,0,0.00,0.00
2021,Census Tract,4.0942.02,28,1087.00,1782.61,23,*,2.00,1.91,1.00,4.93,*,*,*,*,*,*,*,*,*,*,0,0.00,0.00
2021,Census Tract,4.0942.03,13,588.00,734.38,10,*,2.55,2.35,1.00,1.43,*,*,*,*,*,*,*,*,*,*,0,0.00,0.00
2021,Census Tract,4.0945.00,45,4103.00,14376.24,35,0,3.00,3.23,11.00,14.81,32,3.05,4.67,11,*,*,*,*,*,*,0,0.00,0.00
2021,Census Tract,4.0954.00,18,1357.00,1616.33,18,*,4.00,4.29,10.01,11.29,18,5.67,5.58,*,0,0.00,0.00,0,0.00,0.00,0,0.00,0.00
2021,Census Tract,4.0981.00,58,1000.00,1861.17,52,0,22.00,16.11,5.00,5.70,39,1.67,2.75,20,*,*,*,*,*,*,0,0.00,0.00
2021,Census Tract,4.0987.00,78,1222.00,3015.23,60,0,3.00,4.04,10.92,14.18,43,3.84,4.54,17,*,*,*,*,*,*,0,0.00,0.00
2021,Census Tract,4.0992.00,10,1500.00,2847.60,*,*,*,*,*,*,*,*,*,0,*,*,*,*,*,*,0,0.00,0.00
2021,Census Tract,4.0997.04,70,3024.00,4750.84,57,*,5.00,5.54,15.57,18.60,56,3.13,4.24,19,0,0.00,0.00,13,1.00,1.03,0,0.00,0.00
2021,Census Tract,4.0998.01,17,920.00,2576.35,17,0,6.00,6.43,17.01,19.26,16,3.37,3.97,*,0,0.00,0.00,0,0.00,0.00,0,0.00,0.00
2021,Census Tract,4.1008.02,37,1530.00,2889.84,35,*,3.00,3.41,5.08,8.92,28,1.54,3.95,10,*,*,*,*,*,*,0,0.00,0.00
2021,Census Tract,4.1010.01,63,1300.00,2244.10,54,*,2.78,3.47,5.08,8.75,41,2.25,2.82,18,*,*,*,*,*,*,0,0.00,0.00
2021,Census Tract,4.1017.00,60,1025.00,1852.05,51,*,3.00,7.95,11.09,17.70,44,5.96,7.05,10,*,*,*,*,*,*,0,0.00,0.00
2021,Census Tract,4.1032.01,20,1430.00,4736.65,18,*,3.00,3.02,9.46,9.93,13,4.16,5.91,*,*,*,*,*,*,*,0,0.00,0.00
2021,Census Tract,4.1032.02,31,1020.00,3648.32,25,*,2.00,2.40,14.05,17.71,21,2.08,2.67,*,*,*,*,*,*,*,0,0.00,0.00
2021,Census Tract,4.1039.00,14,1225.00,1441.86,11,*,3.00,6.87,2.00,6.00,*,*,*,*,*,*,*,*,*,*,0,0.00,0.00
2021,Census Tract,4.1072.01,11,800.00,1285.00,*,*,*,*,*,*,*,*,*,*,*,*,*,*,*,*,0,0.00,0.00
2021,Census Tract,4.1085.00,14,1100.00,2007.14,14,*,2.50,4.50,1.00,2.12,*,*,*,*,0,0.00,0.00,0,0.00,0.00,0,0.00,0.00
2021,Census Tract,4.1099.00,35,900.00,1584.80,34,*,2.73,2.79,5.00,4.93,20,2.96,3.54,*,*,*,*,*,*,*,0,0.00,0.00
2021,Census Tract,4.1123.00,69,1250.00,1954.32,64,*,4.00,4.32,3.98,6.43,31,3.42,4.92,10,*,*,*,*,*,*,0,0.00,0.00
2021,Census Tract,4.1129.00,17,1500.00,1425.76,17,*,4.00,3.82,1.00,7.61,*,*,*,*,0,0.00,0.00,0,0.00,0.00,0,0.00,0.00
2021,Census Tract,4.1139.00,23,1300.00,2088.57,19,0,3.00,3.27,5.00,7.36,14,2.04,3.14,*,*,*,*,*,*,*,0,0.00,0.00
2021,Census Tract,4.1155.00,28,1250.00,1761.79,25,*,3.00,8.40,6.00,5.01,16,4.00,4.12,*,*,*,*,*,*,*,0,0.00,0.00
2021,Census Tract,4.1157.00,49,1375.00,3032.39,31,*,5.67,30.48,7.00,7.93,23,1.75,2.92,10,*,*,*,*,*,*,0,0.00,0.00
2021,Census Tract,4.1159.00,19,630.00,1669.58,18,0,3.00,5.83,10.01,7.30,12,7.04,6.47,0,*,*,*,*,*,*,0,0.00,0.00
2021,Census Tract,4.1163.00,36,1383.00,2298.92,34,0,7.00,21.11,11.01,12.27,27,6.50,7.21,*,*,*,*,*,*,*,0,0.00,0.00
2021,Census Tract,4.1167.00,24,1750.00,1732.50,20,*,4.00,8.80,7.00,5.87,13,4.00,3.82,*,*,*,*,*,*,*,0,0.00,0.00
2021,Census Tract,4.1171.00,177,1250.00,1473.49,157,*,4.00,4.65,5.75,6.40,113,3.33,3.87,37,*,*,*,*,*,*,*,*,*
2021,Census Tract,4.1175.00,29,1300.00,4045.21,19,*,5.00,6.89,6.00,8.20,12,3.34,3.15,*,*,*,*,*,*,*,0,0.00,0.00
2021,Census Tract,4.1181.00,14,3709.50,5026.00,13,0,4.00,5.33,10.34,14.96,10,5.29,5.49,*,*,*,*,*,*,*,0,0.00,0.00
2021,Census Tract,4.1191.00,43,980.00,1581.88,35,*,3.00,2.99,3.00,3.62,19,2.00,2.63,*,*,*,*,*,*,*,0,0.00,0.00
2021,Census Tract,4.1205.00,10,1175.00,5358.70,10,*,5.50,30.20,17.51,13.03,*,*,*,*,0,0.00,0.00,0,0.00,0.00,0,0.00,0.00
2021,Census Tract,4.1223.00,11,1000.00,1710.45,*,*,*,*,*,*,*,*,*,0,*,*,*,0,0.00,0.00,0,0.00,0.00
2021,Census Tract,4.1227.01,42,1286.00,3768.79,37,*,3.00,3.65,2.01,9.47,17,4.75,5.41,*,*,*,*,*,*,*,0,0.00,0.00
2021,Census Tract,4.1227.02,24,1811.00,4490.96,23,0,2.00,4.26,1.00,3.04,*,*,*,*,*,*,*,*,*,*,0,0.00,0.00
2021,Census Tract,4.1241.00,13,900.00,1342.31,12,0,4.00,4.65,10.17,11.07,11,3.01,4.10,*,*,*,*,*,*,*,0,0.00,0.00
2021,Census Tract,4.1257.00,15,2500.00,7403.87,12,*,3.00,6.77,4.50,8.01,*,*,*,*,*,*,*,*,*,*,0,0.00,0.00
2021,Census Tract,4.1265.00,25,1084.00,1890.88,25,*,3.00,16.73,10.00,9.21,21,4.25,4.69,*,0,0.00,0.00,0,0.00,0.00,0,0.00,0.00
2021,Census Tract,4.1267.00,14,1210.00,1590.14,13,0,2.00,3.04,5.00,5.45,*,*,*,*,*,*,*,*,*,*,0,0.00,0.00
2021,Census Tract,4.1277.00,59,1166.00,2363.93,54,0,4.10,15.85,5.00,7.96,30,3.00,4.69,12,*,*,*,*,*,*,0,0.00,0.00
2021,Census Tract,4.1291.03,22,1650.00,3058.45,21,0,5.00,5.67,16.24,17.71,16,2.00,3.20,*,*,*,*,*,*,*,0,0.00,0.00
2021,Census Tract,4.1291.04,24,1050.00,1139.58,17,*,4.00,3.88,9.67,10.27,17,4.75,5.18,*,*,*,*,*,*,*,0,0.00,0.00
2021,Census Tract,4.1301.00,16,5267.00,6664.38,16,0,6.50,6.18,16.33,19.80,15,4.67,5.35,*,0,0.00,0.00,0,0.00,0.00,0,0.00,0.00
2021,Census Tract,4.1333.00,43,1150.00,1627.49,42,0,3.00,3.85,10.00,11.03,33,2.25,3.13,17,*,*,*,*,*,*,0,0.00,0.00
2021,Census Tract,4.1339.00,35,870.00,1360.49,33,0,5.00,18.00,1.00,4.44,15,1.16,2.27,11,*,*,*,*,*,*,0,0.00,0.00
2021,Census Tract,4.1341.00,29,1500.00,1811.55,29,*,3.00,5.57,5.00,6.15,19,2.08,3.24,*,0,0.00,0.00,0,0.00,0.00,0,0.00,0.00
2021,Census Tract,4.1347.00,68,1832.00,7726.90,61,*,5.25,5.53,20.02,21.30,61,3.50,3.57,22,*,*,*,*,*,*,0,0.00,0.00
2021,Census Tract,4.1367.00,34,1567.00,2705.68,32,0,5.00,4.71,12.37,15.44,31,4.42,5.49,*,*,*,*,*,*,*,0,0.00,0.00
2021,Census Tract,4.1429.00,11,1018.00,2091.73,*,*,*,*,*,*,*,*,*,*,*,*,*,*,*,*,0,0.00,0.00
2021,Census Tract,4.1435.00,16,890.00,1222.63,15,0,2.00,1.96,9.00,8.54,14,4.79,4.63,*,*,*,*,*,*,*,0,0.00,0.00
2022,Census Tract,3.0650.00,16,"1,200","1,783",*,- 0,*,*,*,*,*,*,*,- 0,*,*,*,*,*,*,- 0,- 0,- 0
2021,Census Tract,4.1447.00,39,1136.00,3314.49,29,0,3.00,3.33,5.00,5.32,16,4.03,4.23,*,*,*,*,*,*,*,0,0.00,0.00
2021,Census Tract,4.1459.00,17,950.00,1367.53,10,0,3.00,3.30,5.00,9.56,*,*,*,*,*,*,*,*,*,*,0,0.00,0.00
2021,Census Tract,4.1463.00,33,1950.00,3099.00,24,0,4.00,4.17,2.50,4.86,12,2.50,2.98,*,*,*,*,*,*,*,0,0.00,0.00
2021,Census Tract,4.1467.00,79,1500.00,2567.09,72,*,5.00,6.89,3.00,5.55,30,3.21,5.20,*,*,*,*,*,*,*,0,0.00,0.00
2021,Census Tract,4.1471.00,60,1140.00,3211.43,49,*,4.00,5.30,1.00,4.51,11,3.50,4.13,*,*,*,*,*,*,*,0,0.00,0.00
2021,Census Tract,4.1479.00,99,1200.00,1790.61,76,0,3.00,7.01,8.00,8.41,45,3.67,4.46,16,11,1.00,8.24,12,1.00,1.30,0,0.00,0.00
2021,Census Tract,4.1507.02,56,1500.00,2108.96,50,20,3.88,4.48,10.00,11.17,37,2.42,4.38,17,*,*,*,*,*,*,0,0.00,0.00
2021,Census Tract,4.1529.01,18,1400.00,17416.50,13,0,6.50,6.75,20.01,35.01,12,8.30,15.84,*,*,*,*,*,*,*,0,0.00,0.00
2021,Census Tract,4.1551.01,21,1140.00,2505.19,18,0,1.00,2.11,7.00,10.02,15,5.00,6.62,*,*,*,*,*,*,*,0,0.00,0.00
2021,Census Tract,4.1551.02,34,2035.00,7332.00,31,0,4.00,4.81,21.05,21.20,30,2.96,5.42,12,*,*,*,*,*,*,0,0.00,0.00
2021,Census Tract,4.1571.01,30,1265.00,1806.83,26,0,3.00,3.65,14.00,14.40,24,2.71,4.58,*,*,*,*,*,*,*,0,0.00,0.00
2021,Census Tract,4.1579.01,21,1037.00,1922.67,19,*,3.83,3.87,9.94,14.08,19,3.50,7.09,*,*,*,*,*,*,*,0,0.00,0.00
2021,Census Tract,4.1579.02,14,1089.00,2265.86,11,0,2.08,2.64,1.00,4.45,*,*,*,*,*,*,*,*,*,*,0,0.00,0.00
2021,Census Tract,4.1579.03,10,1847.50,2979.00,*,*,*,*,*,*,*,*,*,0,*,*,*,0,0.00,0.00,0,0.00,0.00
2021,Census Tract,4.1617.00,15,2250.00,6555.73,*,*,*,*,*,*,*,*,*,*,*,*,*,*,*,*,0,0.00,0.00
2021,Census Tract,4.1621.00,17,960.00,1357.71,14,0,2.00,2.34,8.00,7.33,11,3.16,3.55,*,*,*,*,*,*,*,0,0.00,0.00
2021,Census Tract,5.0003.00,54,1000.00,1698.61,43,*,2.06,3.12,3.00,4.80,22,0.83,1.60,12,*,*,*,*,*,*,0,0.00,0.00
2021,Census Tract,5.0006.00,29,1600.00,3712.14,22,0,2.00,1.98,5.00,5.82,13,3.01,4.93,*,*,*,*,*,*,*,0,0.00,0.00
2021,Census Tract,5.0008.00,25,1550.00,4705.04,14,0,2.29,5.58,3.00,6.60,*,*,*,*,*,*,*,*,*,*,0,0.00,0.00
2021,Census Tract,5.0021.00,56,1768.00,4122.09,41,*,2.00,3.99,5.00,9.10,20,3.33,3.58,*,*,*,*,*,*,*,0,0.00,0.00
2021,Census Tract,5.0027.00,12,1555.50,1957.42,*,*,*,*,*,*,*,*,*,0,*,*,*,*,*,*,0,0.00,0.00
2021,Census Tract,5.0040.00,10,1000.00,10198.90,*,*,*,*,*,*,*,*,*,0,*,*,*,0,0.00,0.00,0,0.00,0.00
2021,Census Tract,5.0050.00,22,1261.00,2231.55,18,*,2.83,2.91,5.00,6.64,11,3.92,3.08,*,*,*,*,*,*,*,0,0.00,0.00
2021,Census Tract,5.0059.00,13,1500.00,2514.31,11,*,4.00,12.42,10.01,12.60,*,*,*,*,*,*,*,*,*,*,0,0.00,0.00
2021,Census Tract,5.0064.00,27,2400.00,3375.19,19,0,2.00,3.61,1.00,9.00,*,*,*,*,*,*,*,*,*,*,0,0.00,0.00
2021,Census Tract,5.0067.00,15,1000.00,2550.27,13,*,3.00,3.10,1.00,4.24,*,*,*,*,*,*,*,*,*,*,0,0.00,0.00
2021,Census Tract,5.0070.00,39,1200.00,3629.79,34,*,2.12,3.77,1.00,4.28,*,*,*,*,*,*,*,*,*,*,0,0.00,0.00
2021,Census Tract,5.0074.00,14,967.00,1661.71,13,11,25.00,20.69,1.00,3.99,*,*,*,0,*,*,*,*,*,*,0,0.00,0.00
2021,Census Tract,5.0096.01,26,1617.00,2575.00,18,0,2.25,2.82,1.00,7.27,*,*,*,*,*,*,*,*,*,*,0,0.00,0.00
2021,Census Tract,5.0096.02,27,1200.00,2510.52,22,*,4.92,10.68,4.98,7.23,12,2.98,4.90,*,*,*,*,*,*,*,0,0.00,0.00
2021,Census Tract,5.0105.00,32,1410.00,2731.91,22,0,4.00,8.25,9.17,11.35,16,0.67,2.16,10,*,*,*,*,*,*,0,0.00,0.00
2021,Census Tract,5.0112.01,51,1440.00,2245.90,42,0,3.00,4.09,4.58,5.65,22,2.46,3.75,*,*,*,*,*,*,*,0,0.00,0.00
2021,Census Tract,5.0112.02,41,1235.00,2968.80,33,*,2.00,7.15,2.00,4.45,20,2.38,3.72,*,*,*,*,*,*,*,0,0.00,0.00
2021,Census Tract,5.0114.01,29,1468.00,2779.03,23,*,4.00,3.78,1.00,6.07,*,*,*,*,*,*,*,*,*,*,0,0.00,0.00
2021,Census Tract,5.0114.02,21,1400.00,2386.05,17,0,3.00,4.68,10.01,10.77,12,5.29,4.78,*,*,*,*,*,*,*,0,0.00,0.00
2021,Census Tract,5.0121.00,29,1296.00,1679.00,24,*,3.00,3.86,5.00,8.21,12,2.54,3.22,*,*,*,*,*,*,*,0,0.00,0.00
2021,Census Tract,5.0122.00,54,1810.00,2112.31,43,*,3.00,5.81,1.00,3.00,10,3.04,3.33,*,*,*,*,*,*,*,0,0.00,0.00
2021,Census Tract,5.0128.04,64,2862.00,6644.69,35,28,5.00,6.34,10.45,12.64,32,9.67,10.00,*,*,*,*,*,*,*,0,0.00,0.00
2021,Census Tract,5.0132.03,22,1719.00,2254.86,15,0,1.60,1.48,3.00,3.09,*,*,*,*,*,*,*,*,*,*,0,0.00,0.00
2021,Census Tract,5.0132.04,13,1100.00,1056.15,10,0,4.50,10.30,1.00,3.10,*,*,*,*,*,*,*,*,*,*,0,0.00,0.00
2021,Census Tract,5.0133.02,71,2304.00,3473.63,38,*,1.70,2.17,1.00,4.12,12,2.50,3.10,*,*,*,*,*,*,*,0,0.00,0.00
2021,Census Tract,5.0134.00,49,1200.00,1754.33,38,*,2.00,3.35,1.00,5.20,10,7.09,12.50,*,*,*,*,*,*,*,0,0.00,0.00
2021,Census Tract,5.0146.04,43,2250.00,3825.33,33,*,4.00,13.85,1.00,6.30,13,6.50,6.36,*,*,*,*,*,*,*,0,0.00,0.00
2021,Census Tract,5.0146.06,19,1760.00,3817.58,18,0,3.00,4.33,10.76,16.87,15,3.00,3.41,*,*,*,*,*,*,*,0,0.00,0.00
2021,Census Tract,5.0146.07,62,1500.00,3413.47,52,28,31.50,29.82,15.04,18.10,47,3.84,5.35,13,*,*,*,*,*,*,0,0.00,0.00
2021,Census Tract,5.0151.00,59,1200.00,1510.07,49,*,3.00,3.76,1.00,4.51,18,3.63,4.27,*,*,*,*,*,*,*,0,0.00,0.00
2021,Census Tract,5.0156.01,58,1325.00,2306.45,45,*,27.00,22.66,4.00,5.19,26,2.60,3.17,*,*,*,*,*,*,*,0,0.00,0.00
2021,Census Tract,5.0156.02,22,1387.00,1973.68,21,0,3.00,5.99,5.50,7.82,19,2.92,3.91,*,*,*,*,*,*,*,0,0.00,0.00
2021,Census Tract,5.0156.03,57,2000.00,5743.47,46,20,21.50,22.87,11.47,15.18,38,4.63,4.69,11,*,*,*,*,*,*,0,0.00,0.00
2021,Census Tract,5.0169.01,31,1600.00,1699.29,24,0,4.00,14.17,5.00,6.69,17,1.83,2.05,*,*,*,*,*,*,*,0,0.00,0.00
2021,Census Tract,5.0170.05,28,1125.00,1541.54,20,*,3.05,2.90,1.00,1.75,*,*,*,*,*,*,*,*,*,*,0,0.00,0.00
2021,Census Tract,5.0170.11,24,1250.00,1959.58,20,*,3.00,2.89,5.55,5.40,*,*,*,*,*,*,*,*,*,*,0,0.00,0.00
2021,Census Tract,5.0181.00,26,898.00,1393.38,23,*,2.00,3.37,4.00,5.71,13,2.84,4.40,*,*,*,*,*,*,*,0,0.00,0.00
2021,Census Tract,5.0187.01,26,700.00,1240.92,21,0,3.00,3.47,1.00,5.08,*,*,*,*,*,*,*,*,*,*,0,0.00,0.00
2021,Census Tract,5.0189.01,26,1800.00,2438.08,15,*,2.51,2.57,1.00,2.19,*,*,*,*,*,*,*,*,*,*,0,0.00,0.00
2021,Census Tract,5.0198.00,22,880.00,1322.36,16,0,4.00,3.72,5.61,5.78,*,*,*,*,*,*,*,*,*,*,0,0.00,0.00
2021,Census Tract,5.0201.00,21,1400.00,2084.05,17,0,2.00,2.86,1.00,2.47,*,*,*,*,*,*,*,*,*,*,0,0.00,0.00
2021,Census Tract,5.0207.00,39,1800.00,2859.23,29,*,2.00,3.28,3.00,4.58,13,1.16,2.30,*,*,*,*,*,*,*,0,0.00,0.00
2021,Census Tract,5.0208.01,39,2055.00,6008.54,30,0,5.00,12.97,10.01,10.28,26,4.42,6.50,*,*,*,*,*,*,*,0,0.00,0.00
2021,Census Tract,5.0213.00,29,1084.00,1786.28,16,*,3.50,6.33,1.00,1.91,0,0.00,0.00,0,*,*,*,*,*,*,0,0.00,0.00
2021,Census Tract,5.0223.00,10,1630.00,1951.00,*,*,*,*,*,*,0,0.00,0.00,0,*,*,*,0,0.00,0.00,0,0.00,0.00
2021,Census Tract,5.0226.00,182,1775.00,6193.99,150,34,3.00,4.93,2.50,6.76,67,4.33,7.35,17,*,*,*,*,*,*,0,0.00,0.00
2021,Census Tract,5.0231.00,18,1850.00,2597.50,14,*,2.50,2.62,5.50,7.08,*,*,*,*,*,*,*,*,*,*,0,0.00,0.00
2021,Census Tract,5.0247.00,17,2300.00,5911.35,15,*,3.25,3.43,10.01,13.09,12,4.32,7.47,*,*,*,*,*,*,*,0,0.00,0.00
2021,Census Tract,5.0248.00,69,1236.00,2229.33,54,*,3.00,3.22,4.50,7.87,28,2.42,4.35,13,*,*,*,*,*,*,0,0.00,0.00
2021,Census Tract,5.0251.00,11,1200.00,6023.73,11,0,3.00,5.32,10.01,11.58,11,7.01,6.41,*,0,0.00,0.00,0,0.00,0.00,0,0.00,0.00
2021,Census Tract,5.0277.02,96,4356.50,14831.21,78,18,18.50,24.68,15.30,16.99,69,5.25,5.17,14,*,*,*,*,*,*,*,*,*
2021,Census Tract,5.0277.06,51,1500.00,3433.47,46,0,39.50,28.91,11.01,13.81,39,2.75,3.89,15,*,*,*,*,*,*,0,0.00,0.00
2021,Census Tract,5.0279.00,11,1061.00,1096.91,10,*,3.00,2.90,1.00,1.14,0,0.00,0.00,0,*,*,*,*,*,*,0,0.00,0.00
2021,Census Tract,5.0291.02,63,2000.00,8704.46,41,*,2.00,4.94,6.08,9.38,23,3.42,5.13,*,12,1.00,1.60,10,1.00,1.22,0,0.00,0.00
2021,Census Tract,5.0291.03,67,1525.00,2850.01,58,*,3.00,3.19,10.01,10.09,38,3.79,4.38,12,*,*,*,*,*,*,0,0.00,0.00
2021,Census Tract,5.0291.04,34,2346.00,4890.68,32,0,2.75,3.17,12.51,15.87,26,6.34,8.94,*,*,*,*,*,*,*,0,0.00,0.00
2021,Census Tract,5.0303.01,25,1724.00,5346.96,23,0,3.00,4.22,10.09,11.30,23,6.50,6.59,*,*,*,*,*,*,*,0,0.00,0.00
2021,Census Tract,5.0303.02,32,1974.50,5759.06,26,0,3.00,2.73,10.13,9.97,21,2.50,5.64,*,*,*,*,*,*,*,0,0.00,0.00
2021,Census Tract,5.0323.00,23,1710.00,8322.22,*,*,*,*,*,*,*,*,*,0,12,1.00,1.56,*,*,*,0,0.00,0.00
2022,Citywide,Citywide,62857,"1,238","3,089","53,331","2,889",5.00,11.87,8.00,9.27,"36,072",3.67,4.86,"10,392","3,547",1.00,5.77,"5,979",1.00,1.69,226,1.76,2.27
2022,Borough,Manhattan,24063,"1,288","3,003","20,156",951,9.00,19.78,10.01,11.04,"15,387",4.42,5.55,"3,673",765,1.00,6.67,"3,142",1.00,1.81,110,1.75,2.19
2022,Borough,Bronx,8438,"1,000","2,767","7,579",464,3.92,5.73,7.00,8.84,"5,231",3.00,3.99,"1,820",322,1.00,4.96,537,1.00,1.65,*,*,*
2022,Borough,Brooklyn,14364,"1,290","3,299","12,119",575,4.00,7.67,5.04,7.72,"7,326",3.16,4.47,"2,344","1,046",1.00,7.32,"1,199",1.00,1.54,56,2.00,2.21
2022,Borough,Queens,13459,"1,243","3,058","11,506",590,4.00,6.95,5.08,8.32,"7,066",3.25,4.38,"2,235","1,044",1.00,4.54,909,1.00,1.51,30,2.17,3.16
2022,Borough,Staten Island,2533,"1,528","3,951","1,971",309,3.00,8.57,5.00,8.01,"1,062",3.50,4.97,320,370,1.00,3.71,192,1.00,1.70,*,*,*
2022,Council District,01,4677,"1,380","2,827","3,835",201,9.00,16.73,8.00,9.14,"2,745",4.00,5.27,727,199,1.00,4.84,643,1.00,1.46,21,1.75,3.12
2022,Council District,02,2624,"1,154","2,575","2,212",113,8.33,11.46,10.00,10.62,"1,638",4.33,5.45,391,105,1.00,6.52,307,1.00,1.74,*,*,*
2022,Council District,03,4547,"1,657","3,741","3,777",203,10.00,27.48,10.04,12.04,"3,025",4.92,6.42,663,118,1.00,5.74,652,1.00,1.64,43,1.75,2.18
2022,Council District,04,4804,"1,641","3,563","3,792",201,12.00,34.13,10.49,12.89,"3,071",5.00,5.93,662,207,2.41,8.60,805,1.00,1.92,27,0.90,1.39
2022,Council District,05,1523,"1,000","2,166","1,312",55,9.00,16.74,10.01,11.09,"1,021",4.29,5.14,249,35,1.00,11.56,176,1.00,1.59,- 0,- 0,- 0
2022,Council District,06,1334,"1,250","3,464","1,182",39,11.00,19.59,10.12,12.40,970,5.09,5.75,191,*,*,*,*,*,*,*,*,*
2022,Council District,07,1117,903,"2,045","1,005",26,7.00,9.60,10.00,10.84,793,4.16,4.97,196,*,*,*,*,*,*,*,*,*
2022,Council District,08,1385,"1,000","3,374","1,182",54,4.00,5.00,7.00,8.95,810,2.92,3.78,299,57,1.00,3.99,146,1.00,1.83,*,*,*
2022,Council District,09,1185,"1,100","2,620","1,019",37,5.00,7.99,10.00,9.82,726,4.00,4.98,188,24,1.00,9.71,142,1.00,3.13,*,*,*
2022,Council District,10,1592,850,"1,868","1,468",59,6.00,7.10,10.00,10.13,"1,034",3.84,4.39,271,17,1.00,2.20,107,1.00,2.07,*,*,*
2022,Council District,11,995,"1,000","2,254",887,67,4.00,4.16,7.38,9.61,609,3.00,3.93,207,35,1.00,4.52,73,1.00,1.98,- 0,- 0,- 0
2022,Council District,12,869,"1,200","3,811",777,30,3.00,4.10,9.00,9.91,545,3.00,4.13,198,49,1.00,6.00,43,1.00,1.51,- 0,- 0,- 0
2022,Council District,13,910,"1,200","2,840",786,54,3.00,3.40,5.00,7.89,503,3.00,3.95,170,77,1.00,4.44,47,1.00,1.22,*,*,*
2022,Council District,14,959,965,"2,268",912,25,4.00,5.53,9.00,9.36,667,3.09,4.03,230,16,4.94,5.16,31,1.00,2.86,*,*,*
2022,Council District,15,1190,942,"2,121","1,076",91,4.00,9.12,6.13,8.34,742,3.00,3.91,255,41,1.00,7.91,73,1.00,1.70,*,*,*
2022,Council District,16,748,968,"2,168",691,23,4.00,5.70,7.17,8.58,498,3.00,3.95,160,13,1.00,2.69,44,1.00,1.40,- 0,- 0,- 0
2022,Council District,17,1284,"1,105","3,023","1,143",60,4.00,7.90,6.00,8.40,750,3.00,4.26,269,34,1.00,5.31,107,1.00,1.66,*,*,*
2022,Council District,18,758,994,"2,916",679,77,3.31,4.12,7.00,8.37,471,3.00,3.93,167,28,1.00,2.37,51,1.00,1.64,- 0,- 0,- 0
2022,Council District,19,1242,"1,388","3,211","1,061",51,4.00,6.75,5.08,8.47,682,3.00,4.32,231,108,1.00,5.23,73,1.00,1.45,*,*,*
2022,Council District,20,1597,"1,220","2,986","1,377",106,5.00,10.70,5.00,7.03,855,3.00,3.92,305,97,1.00,2.66,123,1.00,1.11,*,*,*
2022,Council District,21,1121,"1,100","2,115","1,004",57,4.85,5.86,5.00,7.15,563,3.42,4.16,168,53,1.00,3.96,64,1.00,1.93,*,*,*
2022,Council District,22,1220,"1,240","2,451","1,019",47,4.00,4.96,5.05,8.28,617,3.58,4.31,171,126,1.00,4.26,75,1.00,1.16,*,*,*
2022,Council District,23,509,"1,260","3,798",432,13,4.00,4.21,10.04,14.02,331,4.00,5.41,78,28,1.00,6.18,49,1.00,1.34,*,*,*
2022,Council District,24,826,"1,200","2,383",718,30,4.00,11.03,5.09,7.92,439,3.16,4.23,150,53,1.00,3.34,55,1.00,1.88,- 0,- 0,- 0
2022,Council District,25,897,"1,000","2,414",798,21,4.33,5.13,6.66,8.90,516,2.92,4.02,179,49,1.00,5.18,50,1.00,1.32,*,*,*
2022,Council District,26,1550,"1,500","4,067","1,314",74,4.00,9.66,5.01,7.57,794,3.58,4.54,239,131,1.00,4.75,105,1.00,1.74,*,*,*
2022,Council District,27,725,"1,200","3,230",614,34,3.00,5.33,5.00,8.14,345,2.84,4.60,127,74,1.00,3.29,37,1.00,2.37,*,*,*
2022,Council District,28,465,"1,260","2,550",366,20,3.20,8.76,1.00,6.66,146,2.98,5.66,45,63,1.00,3.26,36,1.00,1.02,- 0,- 0,- 0
2022,Council District,29,1064,"1,200","3,059",912,19,4.33,7.11,9.98,10.66,646,3.67,4.51,170,61,1.00,4.55,91,1.00,1.98,*,*,*
2022,Council District,30,782,"1,355","4,283",662,50,3.00,4.01,5.00,7.56,399,2.92,4.54,139,73,1.00,5.14,47,1.00,0.98,- 0,- 0,- 0
2022,Council District,31,503,"1,348","3,252",410,19,3.00,4.91,5.00,9.10,240,2.84,4.24,85,40,1.00,7.21,53,1.00,1.75,*,*,*
2022,Council District,32,682,"1,450","3,371",583,27,3.00,3.68,6.00,8.26,355,3.33,4.58,103,64,1.00,7.41,35,1.00,1.29,*,*,*
2022,Council District,33,1902,"1,574","3,224","1,565",60,6.00,16.21,9.00,8.83,"1,011",4.42,5.39,234,119,1.00,7.50,218,1.00,1.55,*,*,*
2022,Council District,34,1427,"1,430","2,799","1,215",72,4.00,6.24,6.00,7.51,767,3.58,4.50,217,98,1.00,5.93,114,1.00,1.28,*,*,*
2022,Council District,35,791,"1,110","3,208",662,30,4.40,6.36,8.92,8.95,468,3.67,4.52,135,40,1.00,6.24,89,1.00,1.85,18,3.00,2.87
2022,Council District,36,655,"1,200","2,912",565,25,3.00,3.87,6.38,8.34,389,2.92,4.41,143,25,1.00,2.85,65,1.00,1.29,*,*,*
2022,Council District,37,634,"1,200","2,457",523,16,3.00,3.92,5.00,6.98,308,3.42,4.51,97,66,1.00,6.23,45,1.00,1.15,*,*,*
2022,Council District,38,1503,"1,500","3,413","1,222",73,3.00,5.58,3.00,5.23,569,2.84,3.74,220,126,1.00,8.32,155,1.00,1.26,*,*,*
2022,Council District,39,1119,"1,100","7,615",966,36,5.00,8.62,5.46,7.80,620,3.00,4.24,203,79,1.00,10.59,74,1.00,2.11,- 0,- 0,- 0
2022,Council District,40,676,987,"2,152",595,26,4.00,6.00,8.01,9.43,423,3.00,4.44,145,27,4.00,8.07,54,1.00,1.21,- 0,- 0,- 0
2022,Council District,41,726,"1,125","2,349",626,29,3.00,3.22,6.00,8.67,419,2.84,4.19,139,53,1.00,5.99,47,1.00,1.92,- 0,- 0,- 0
2022,Council District,42,428,"1,658","4,791",358,16,3.00,3.35,5.00,7.90,196,3.00,5.09,73,33,1.00,3.11,37,1.00,1.31,*,*,*
2022,Council District,43,904,"1,100","2,916",754,47,4.00,5.79,5.00,7.60,452,2.84,3.96,170,71,1.00,9.54,79,1.00,2.17,*,*,*
2022,Council District,44,827,"1,168","2,223",714,31,3.00,4.81,6.00,8.57,459,2.92,3.82,185,77,2.00,9.52,36,1.00,2.53,*,*,*
2022,Council District,45,618,"1,270","3,472",505,25,3.00,9.46,5.00,7.54,283,3.25,4.76,94,74,1.00,4.62,39,1.00,1.50,- 0,- 0,- 0
2022,Council District,46,527,"1,475","3,075",437,23,3.00,5.63,5.00,7.86,242,3.00,4.27,79,54,1.00,9.24,36,1.00,1.21,- 0,- 0,- 0
2022,Council District,47,878,"1,200","2,305",763,38,3.19,10.24,4.00,6.59,387,3.33,4.53,107,60,1.00,4.97,55,1.00,1.30,11,2.00,1.72
2022,Council District,48,1025,"1,355","2,668",885,50,4.00,8.26,5.00,7.15,471,3.25,4.54,148,68,1.00,6.77,72,1.00,1.16,- 0,- 0,- 0
2022,Council District,49,770,"1,560","3,498",573,51,2.01,5.49,3.00,6.25,290,2.06,4.23,123,133,1.00,3.44,64,1.00,1.44,- 0,- 0,- 0
2022,Council District,50,876,"1,500","3,322",686,103,3.00,9.02,5.00,7.97,348,4.16,5.99,86,126,1.00,2.96,64,1.00,1.39,*,*,*
2022,Council District,51,887,"1,600","4,965",712,155,3.00,10.55,7.49,9.47,424,3.84,4.63,111,111,1.00,4.89,64,1.00,2.28,*,*,*
2022,Census Tract,1,122,"1,282","6,697",66,*,9.00,73.91,10.67,13.38,62,9.04,11.02,*,*,*,*,*,*,*,*,*,*
2022,Census Tract,1.0002.01,13,800,"1,007",10,- 0,9.00,12.30,10.01,12.99,*,*,*,*,*,*,*,*,*,*,*,*,*
2022,Census Tract,1.0006.00,85,750,954,70,*,7.00,13.27,5.96,6.92,56,3.00,3.96,14,*,*,*,*,*,*,- 0,- 0,- 0
2022,Census Tract,1.0007.00,126,"2,200","6,519",96,*,9.00,19.23,12.67,14.18,82,6.50,6.89,11,*,*,*,*,*,*,*,*,*
2022,Census Tract,1.0008.00,188,805,"1,209",141,14,5.00,11.61,3.00,4.11,73,1.50,2.30,42,*,*,*,*,*,*,- 0,- 0,- 0
2022,Census Tract,1.0009.00,125,"2,060","4,685",103,*,10.00,21.11,11.01,12.90,79,5.25,6.29,14,*,*,*,*,*,*,- 0,- 0,- 0
2022,Census Tract,1.0012.00,18,913,"3,038",18,*,2.50,24.44,1.00,1.62,*,*,*,- 0,- 0,- 0,- 0,- 0,- 0,- 0,- 0,- 0,- 0
2022,Census Tract,1.0013.00,123,"2,362","4,735",78,*,8.00,14.14,10.42,11.80,63,5.67,5.92,14,*,*,*,*,*,*,*,*,*
2022,Census Tract,1.0014.01,33,892,"1,898",32,- 0,5.82,6.26,14.09,15.33,30,4.00,3.60,*,*,*,*,*,*,*,- 0,- 0,- 0
2022,Census Tract,1.0014.02,85,"1,000","6,860",66,*,5.00,9.21,5.00,7.28,46,4.75,5.42,11,*,*,*,*,*,*,- 0,- 0,- 0
2022,Census Tract,1.0015.01,108,"1,415","2,798",87,*,10.00,23.59,10.56,13.86,79,4.25,6.57,26,*,*,*,*,*,*,- 0,- 0,- 0
2022,Census Tract,1.0015.02,206,"1,406","2,929",162,*,12.00,14.82,10.52,13.09,141,5.33,6.12,33,*,*,*,*,*,*,*,*,*
2022,Census Tract,1.0016.00,300,966,"1,479",253,*,6.00,14.64,5.00,6.38,137,2.00,2.71,66,*,*,*,*,*,*,- 0,- 0,- 0
2022,Census Tract,1.0018.00,311,"1,000","2,609",250,*,8.00,16.19,5.00,6.93,166,3.25,4.33,55,16,1.00,3.09,45,1.00,1.41,- 0,- 0,- 0
2022,Census Tract,1.0021.00,182,"1,896","4,411",145,*,13.00,18.03,10.58,13.17,116,6.09,7.51,17,*,*,*,*,*,*,*,*,*
2022,Census Tract,1.0022.01,70,733,"1,044",60,*,6.00,7.40,7.00,9.54,37,3.33,5.35,15,*,*,*,*,*,*,- 0,- 0,- 0
2022,Census Tract,1.0022.02,22,"1,175","1,970",17,*,7.00,7.53,6.00,7.96,12,2.21,3.95,*,*,*,*,*,*,*,- 0,- 0,- 0
2022,Census Tract,1.0026.01,25,"1,000","1,662",22,*,6.00,15.69,6.00,10.32,16,3.37,4.45,*,*,*,*,*,*,*,- 0,- 0,- 0
2022,Census Tract,1.0026.02,41,"1,050","1,636",30,*,5.93,11.87,7.79,8.26,21,4.00,4.40,*,*,*,*,*,*,*,- 0,- 0,- 0
2022,Census Tract,1.0027.00,45,"1,000","1,697",40,*,5.00,9.50,3.96,4.37,20,3.13,3.14,*,*,*,*,*,*,*,- 0,- 0,- 0
2022,Census Tract,1.0028.00,48,625,866,38,*,6.00,7.76,9.00,9.03,28,3.71,4.46,12,- 0,- 0,- 0,10,1.00,1.50,*,*,*
2022,Census Tract,1.0029.00,251,"1,000","1,543",205,*,7.00,13.17,5.00,7.06,152,2.58,3.48,57,10,1.00,8.80,36,1.00,1.24,*,*,*
2022,Census Tract,1.0030.01,195,900,"1,336",171,*,8.00,14.51,5.00,6.39,98,3.50,4.84,28,*,*,*,*,*,*,- 0,- 0,- 0
2022,Census Tract,1.0030.02,40,"1,204","1,625",33,*,8.00,10.85,8.08,7.21,17,7.38,6.64,*,*,*,*,*,*,*,- 0,- 0,- 0
2022,Census Tract,1.0031.00,76,"2,025","3,589",62,*,10.00,19.36,10.00,10.64,51,4.67,6.73,16,*,*,*,*,*,*,*,*,*
2022,Census Tract,1.0032.00,187,800,"1,099",166,12,9.00,11.70,5.59,7.71,115,3.42,4.46,37,*,*,*,*,*,*,- 0,- 0,- 0
2022,Census Tract,1.0033.00,241,"2,250","3,223",201,17,8.00,18.03,9.63,9.68,142,4.58,5.24,34,14,1.00,5.48,26,1.00,1.14,*,*,*
2022,Census Tract,1.0034.00,149,800,"1,357",130,*,8.00,11.21,5.00,8.38,80,3.92,5.80,19,*,*,*,*,*,*,- 0,- 0,- 0
2022,Census Tract,1.0036.01,78,900,"2,194",69,*,7.00,16.72,4.00,6.01,33,3.25,4.84,11,*,*,*,*,*,*,- 0,- 0,- 0
2022,Census Tract,1.0036.02,51,840,"2,164",41,*,7.08,11.63,9.99,9.20,36,4.08,4.26,*,*,*,*,*,*,*,- 0,- 0,- 0
2022,Census Tract,1.0037.00,111,"2,406","3,994",85,*,7.00,17.85,10.17,11.46,72,5.84,6.87,13,*,*,*,*,*,*,- 0,- 0,- 0
2022,Census Tract,1.0038.00,298,809,"1,162",275,*,8.00,11.15,7.09,8.06,172,3.96,4.85,49,*,*,*,*,*,*,- 0,- 0,- 0
2022,Census Tract,1.0039.00,145,"1,836","2,757",102,*,9.00,17.52,10.01,11.36,85,4.75,6.50,21,*,*,*,*,*,*,- 0,- 0,- 0
2022,Census Tract,1.0040.00,187,850,"1,237",165,*,9.00,10.82,10.00,9.00,133,4.42,5.07,31,*,*,*,*,*,*,- 0,- 0,- 0
2022,Census Tract,1.0041.00,357,980,"1,481",300,22,9.00,16.94,5.24,7.11,217,3.00,3.67,67,14,1.00,5.08,43,1.00,1.08,*,*,*
2022,Census Tract,1.0042.00,64,"2,038","4,955",49,*,10.00,13.65,10.34,10.97,38,4.46,6.20,*,*,*,*,*,*,*,- 0,- 0,- 0
2022,Census Tract,1.0043.00,229,"1,000","2,372",202,12,13.00,18.47,7.29,8.99,158,4.58,5.37,33,*,*,*,*,*,*,- 0,- 0,- 0
2022,Census Tract,1.0044.00,21,"1,909","3,790",19,- 0,7.00,7.74,8.51,11.48,- 0,- 0,- 0,- 0,*,*,*,*,*,*,- 0,- 0,- 0
2022,Census Tract,1.0045.00,170,"2,010","3,177",139,13,9.00,13.28,6.19,7.91,102,3.00,3.98,26,*,*,*,*,*,*,- 0,- 0,- 0
2022,Census Tract,1.0047.00,236,"1,863","2,816",195,*,11.59,23.74,10.00,9.62,155,4.09,5.42,34,26,1.00,4.18,15,1.00,1.77,*,*,*
2022,Census Tract,1.0048.00,84,900,"1,854",78,*,7.00,8.54,9.99,12.33,58,3.00,4.38,24,*,*,*,*,*,*,- 0,- 0,- 0
2022,Census Tract,1.0049.00,343,"2,000","3,051",287,25,15.00,30.49,7.59,10.27,200,4.79,7.30,32,25,1.00,8.97,31,1.00,0.93,- 0,- 0,- 0
2022,Census Tract,1.0050.00,85,"1,469","4,069",68,*,10.00,11.56,11.56,13.33,50,6.21,6.19,11,*,*,*,*,*,*,*,*,*
2022,Census Tract,1.0052.00,137,"3,186","5,793",110,*,10.67,13.60,10.98,14.66,89,5.42,6.02,19,*,*,*,*,*,*,*,*,*
2022,Census Tract,1.0054.00,160,"3,156","5,143",135,10,8.00,19.01,11.25,14.57,112,4.33,7.10,26,*,*,*,*,*,*,*,*,*
2022,Census Tract,1.0055.01,35,"2,500","3,942",30,*,17.00,35.80,5.63,11.12,17,5.16,6.23,*,*,*,*,*,*,*,- 0,- 0,- 0
2022,Census Tract,1.0055.02,136,"2,282","5,104",115,*,13.00,20.39,5.07,8.52,69,5.42,7.67,15,*,*,*,*,*,*,- 0,- 0,- 0
2022,Census Tract,1.0056.00,117,"2,301","4,201",101,*,11.00,13.90,11.93,14.70,87,5.84,6.32,11,*,*,*,*,*,*,- 0,- 0,- 0
2022,Census Tract,1.0057.00,56,"3,033","5,810",49,*,12.00,15.23,10.44,12.94,39,5.59,7.32,*,*,*,*,*,*,*,- 0,- 0,- 0
2022,Census Tract,1.0058.00,233,"2,323","4,473",200,*,10.00,21.71,10.40,10.91,150,5.33,6.08,30,*,*,*,*,*,*,*,*,*
2022,Census Tract,1.0059.00,87,"1,000","2,550",67,*,11.00,11.30,10.09,13.67,56,4.42,4.94,10,*,*,*,*,*,*,- 0,- 0,- 0
2022,Census Tract,1.0061.00,136,"2,192","4,757",99,*,10.00,12.36,10.88,11.83,74,4.18,5.86,11,19,1.00,8.74,18,1.00,1.06,- 0,- 0,- 0
2022,Census Tract,1.0062.00,14,"3,801","5,687",14,- 0,3.00,14.36,20.00,20.98,14,3.09,3.62,*,- 0,- 0,- 0,- 0,- 0,- 0,- 0,- 0,- 0
2022,Census Tract,1.0063.00,152,"1,625","2,714",132,*,9.00,31.68,10.59,13.52,113,5.36,6.09,21,*,*,*,*,*,*,- 0,- 0,- 0
2022,Census Tract,1.0064.00,124,"1,377","2,269",95,*,7.00,9.29,10.01,11.38,79,4.33,5.38,12,*,*,*,*,*,*,*,*,*
2022,Census Tract,1.0065.00,192,"1,089","1,442",170,*,11.00,17.23,10.01,11.93,136,4.96,7.08,26,*,*,*,*,*,*,- 0,- 0,- 0
2022,Census Tract,1.0066.00,88,965,"3,306",73,*,6.92,8.11,10.01,13.02,66,5.05,5.62,13,*,*,*,*,*,*,- 0,- 0,- 0
2022,Census Tract,1.0067.00,179,865,"1,267",154,*,14.00,33.97,9.97,9.51,92,6.01,6.36,18,*,*,*,*,*,*,- 0,- 0,- 0
2022,Census Tract,1.0068.00,149,"1,500","2,660",126,*,9.00,13.35,10.00,10.41,83,4.84,6.46,24,*,*,*,*,*,*,*,*,*
2022,Census Tract,1.0069.00,23,"2,684","4,892",22,- 0,5.00,7.68,14.84,14.67,20,4.96,5.69,*,*,*,*,*,*,*,- 0,- 0,- 0
2022,Census Tract,1.0070.00,92,"1,100","2,152",76,*,10.00,13.52,10.01,9.91,57,5.00,5.64,16,*,*,*,*,*,*,- 0,- 0,- 0
2022,Census Tract,1.0071.00,156,"1,150","1,803",124,*,9.00,27.29,9.84,9.88,91,3.92,5.49,26,*,*,*,*,*,*,- 0,- 0,- 0
2022,Census Tract,1.0072.00,149,"1,400","3,180",126,*,8.75,12.00,10.46,12.09,96,4.75,5.48,21,*,*,*,*,*,*,- 0,- 0,- 0
2022,Census Tract,1.0073.00,174,710,"1,155",164,10,15.00,34.42,10.00,9.57,128,4.00,5.21,30,- 0,- 0,- 0,10,1.00,1.71,- 0,- 0,- 0
2022,Census Tract,1.0074.00,204,"2,000","3,770",171,11,9.00,22.50,10.50,12.23,148,4.50,5.61,23,*,*,*,*,*,*,*,*,*
2022,Census Tract,1.0075.00,50,"1,000","2,030",47,*,12.00,20.83,9.99,8.64,28,5.59,5.78,*,*,*,*,*,*,*,- 0,- 0,- 0
2022,Census Tract,1.0076.00,260,"1,833","3,718",209,13,12.00,30.43,10.01,11.07,172,4.39,5.41,52,10,1.00,5.44,41,1.00,1.65,*,*,*
2022,Census Tract,1.0077.00,139,"1,000","1,531",126,*,13.00,16.22,10.28,11.68,103,5.42,5.66,21,*,*,*,*,*,*,*,*,*
2022,Census Tract,1.0078.00,104,"1,191","1,786",79,*,8.00,9.77,10.00,11.50,62,3.67,4.72,14,*,*,*,*,*,*,- 0,- 0,- 0
2022,Census Tract,1.0079.00,107,"2,793","5,015",92,*,11.50,21.45,8.11,8.27,63,4.67,5.49,11,*,*,*,*,*,*,*,*,*
2022,Census Tract,1.0080.00,145,"1,237","3,459",124,*,9.00,19.38,10.49,12.31,96,5.42,5.96,19,*,*,*,*,*,*,- 0,- 0,- 0
2022,Census Tract,1.0081.00,163,"1,650","3,176",134,12,9.00,31.80,10.01,10.83,114,5.09,5.65,17,*,*,*,*,*,*,*,*,*
2022,Census Tract,1.0082.00,170,"2,119","3,645",138,11,10.50,21.67,10.55,12.72,126,5.80,5.75,21,*,*,*,*,*,*,- 0,- 0,- 0
2022,Census Tract,1.0083.00,69,"2,206","4,438",52,*,10.00,20.69,10.44,10.85,41,5.25,6.87,*,*,*,*,*,*,*,- 0,- 0,- 0
2022,Census Tract,1.0084.00,165,"2,418","3,375",129,*,10.00,40.04,10.61,12.75,116,5.21,6.64,25,13,1.00,6.83,23,1.00,1.34,*,*,*
2022,Census Tract,1.0086.03,34,875,"1,524",27,*,8.00,36.97,7.00,9.64,19,3.00,4.53,*,*,*,*,*,*,*,- 0,- 0,- 0
2022,Census Tract,1.0087.00,109,"1,450","3,824",92,*,11.00,37.96,10.33,12.64,85,5.16,5.07,20,*,*,*,*,*,*,- 0,- 0,- 0
2022,Census Tract,1.0088.00,92,"2,000","3,474",72,*,10.00,47.67,12.00,16.11,61,6.09,7.86,*,*,*,*,*,*,*,- 0,- 0,- 0
2022,Census Tract,1.0089.00,40,"1,812","2,344",36,*,11.00,33.19,10.00,10.75,31,5.00,5.49,*,*,*,*,*,*,*,*,*,*
2022,Census Tract,1.0090.00,120,"1,100","3,049",99,*,10.00,19.22,10.04,13.06,73,5.59,5.59,14,*,*,*,*,*,*,- 0,- 0,- 0
2022,Census Tract,1.0091.00,167,"1,700","3,438",133,*,9.00,15.48,10.00,9.74,81,4.50,5.21,19,*,*,*,*,*,*,- 0,- 0,- 0
2022,Census Tract,1.0092.00,195,"1,860","3,655",133,*,15.00,21.62,12.76,16.05,108,5.38,7.03,18,*,*,*,*,*,*,*,*,*
2022,Census Tract,1.0093.00,75,"1,579","4,579",69,*,7.23,11.51,10.01,10.54,52,4.79,5.08,11,*,*,*,*,*,*,- 0,- 0,- 0
2022,Census Tract,1.0094.00,130,"2,320","5,722",107,*,12.00,37.76,10.59,12.36,86,4.46,5.67,22,- 0,- 0,- 0,23,1.00,1.55,- 0,- 0,- 0
2022,Census Tract,1.0095.00,201,"2,300","3,354",163,*,6.00,10.54,10.01,12.38,134,3.96,6.24,33,*,*,*,*,*,*,- 0,- 0,- 0
2022,Census Tract,1.0096.00,276,"1,660","3,071",218,14,21.00,83.08,9.49,10.50,152,4.63,5.26,38,*,*,*,*,*,*,- 0,- 0,- 0
2022,Census Tract,1.0097.00,11,"1,000","1,330",*,- 0,*,*,*,*,*,*,*,*,- 0,- 0,- 0,*,*,*,- 0,- 0,- 0
2022,Census Tract,1.0098.00,187,"1,200","1,911",149,11,9.00,17.67,10.09,11.75,122,4.46,5.39,22,*,*,*,*,*,*,- 0,- 0,- 0
2022,Census Tract,1.0099.00,202,"2,829","5,282",160,*,7.00,16.95,10.31,11.55,130,4.99,6.77,33,*,*,*,*,*,*,*,*,*
2022,Census Tract,1.0100.00,154,"1,709","3,490",117,*,12.00,39.37,13.22,13.78,99,5.17,5.96,21,*,*,*,*,*,*,- 0,- 0,- 0
2022,Census Tract,1.0101.00,127,"2,300","5,736",102,14,9.00,22.43,10.63,13.10,82,7.09,6.88,17,*,*,*,*,*,*,13,1.75,1.75
2022,Census Tract,1.0102.00,184,"2,317","7,437",145,13,17.00,56.73,15.01,16.20,127,5.00,6.13,27,*,*,*,*,*,*,- 0,- 0,- 0
2022,Census Tract,1.0103.00,66,"2,160","8,245",54,*,12.00,20.47,14.80,13.54,46,7.34,7.91,*,*,*,*,*,*,*,*,*,*
2022,Census Tract,3.0283.00,23,989,"1,562",17,- 0,3.00,3.48,5.00,4.55,*,*,*,*,*,*,*,*,*,*,- 0,- 0,- 0
2022,Census Tract,1.0104.00,157,"2,191","4,292",112,*,12.00,26.51,15.08,15.71,96,6.25,7.81,12,11,15.09,17.50,34,1.00,1.27,*,*,*
2022,Census Tract,1.0106.01,43,980,"1,598",37,- 0,11.00,10.77,10.34,13.78,31,7.01,5.84,*,*,*,*,*,*,*,- 0,- 0,- 0
2022,Census Tract,1.0106.02,37,"1,343","5,517",24,*,8.00,19.13,10.00,9.68,18,6.54,6.02,*,*,*,*,*,*,*,- 0,- 0,- 0
2022,Census Tract,1.0108.00,176,"1,290","2,794",141,*,9.00,15.41,10.01,11.20,104,4.54,5.65,24,*,*,*,*,*,*,*,*,*
2022,Census Tract,1.0109.00,300,"2,191","3,923",232,*,7.00,22.43,11.03,13.64,205,4.25,5.98,60,*,*,*,*,*,*,*,*,*
2022,Census Tract,1.0110.00,163,"1,225","2,739",118,- 0,10.00,27.97,10.01,9.43,92,4.71,5.11,17,*,*,*,*,*,*,- 0,- 0,- 0
2022,Census Tract,1.0111.00,123,"1,467","2,764",93,*,7.00,19.87,10.07,12.50,78,5.42,7.52,16,*,*,*,*,*,*,- 0,- 0,- 0
2022,Census Tract,1.0112.01,79,"1,800","6,233",49,*,14.95,57.21,15.01,15.91,38,8.08,8.10,*,*,*,*,*,*,*,*,*,*
2022,Census Tract,1.0112.02,96,"2,712","6,305",71,*,22.00,49.15,10.50,12.29,59,4.58,5.40,19,*,*,*,*,*,*,- 0,- 0,- 0
2022,Census Tract,1.0112.03,126,"2,092","4,065",98,*,12.00,29.36,10.44,12.02,82,4.71,5.45,19,*,*,*,*,*,*,- 0,- 0,- 0
2022,Census Tract,1.0113.00,250,"2,384","5,602",206,13,11.00,21.99,10.56,13.20,170,5.67,6.22,35,*,*,*,*,*,*,*,*,*
2022,Census Tract,1.0114.01,80,"2,595","7,393",63,*,19.00,45.31,10.80,13.11,55,6.17,6.16,*,*,*,*,*,*,*,- 0,- 0,- 0
2022,Census Tract,1.0114.02,132,"1,170","2,462",113,16,11.00,17.27,10.01,11.85,89,3.84,6.69,28,*,*,*,*,*,*,*,*,*
2022,Census Tract,1.0115.00,73,"1,900","3,484",55,*,8.00,12.72,10.00,8.63,40,5.29,6.20,*,- 0,- 0,- 0,18,1.00,1.28,- 0,- 0,- 0
2022,Census Tract,1.0116.00,17,790,"5,122",13,*,9.00,16.90,1.00,6.54,*,*,*,*,*,*,*,*,*,*,- 0,- 0,- 0
2022,Census Tract,1.0117.00,12,"6,050","16,768",12,- 0,2.00,2.75,12.51,43.70,*,*,*,*,- 0,- 0,- 0,- 0,- 0,- 0,- 0,- 0,- 0
2022,Census Tract,1.0118.00,109,970,"2,845",87,*,11.00,34.42,11.43,14.82,77,3.92,4.96,18,*,*,*,*,*,*,*,*,*
2022,Census Tract,1.0119.00,150,"2,656","8,066",122,*,21.00,73.22,15.03,17.21,109,7.01,7.80,23,10,8.29,9.94,18,1.00,1.42,- 0,- 0,- 0
2022,Census Tract,1.0120.00,90,"1,250","2,003",70,*,11.00,13.11,10.04,12.41,57,4.42,5.04,17,*,*,*,*,*,*,- 0,- 0,- 0
2022,Census Tract,1.0121.00,142,"1,434","2,690",132,*,12.00,30.30,10.79,13.60,114,5.42,6.46,16,- 0,- 0,- 0,10,1.00,1.09,- 0,- 0,- 0
2022,Census Tract,1.0122.00,124,"1,425","2,561",93,*,25.00,71.06,10.01,13.54,80,3.00,4.02,25,11,4.00,2.91,20,1.00,1.65,*,*,*
2022,Census Tract,1.0124.00,66,871,"1,520",59,*,10.00,16.78,10.00,10.13,49,3.16,4.11,19,*,*,*,*,*,*,- 0,- 0,- 0
2022,Census Tract,1.0125.00,141,"2,486","4,506",104,*,17.00,36.32,15.42,17.40,87,6.75,7.88,11,*,*,*,*,*,*,*,*,*
2022,Census Tract,1.0126.00,136,987,"1,592",123,*,11.00,20.96,9.95,9.54,90,4.21,4.77,18,*,*,*,*,*,*,- 0,- 0,- 0
2022,Census Tract,1.0127.00,170,"1,000","1,809",150,*,10.25,37.55,10.01,11.23,121,4.25,4.95,33,*,*,*,*,*,*,- 0,- 0,- 0
2022,Census Tract,1.0128.00,154,"1,200","1,788",125,*,10.00,25.86,10.01,11.24,89,5.25,5.51,16,10,3.50,4.41,19,1.00,1.60,*,*,*
2022,Census Tract,1.0129.00,87,"1,500","5,394",65,*,6.00,19.02,10.00,13.42,56,4.75,7.47,14,*,*,*,*,*,*,- 0,- 0,- 0
2022,Census Tract,1.0130.00,124,"1,425","2,452",105,*,21.00,34.16,10.01,11.56,76,3.88,5.87,23,*,*,*,*,*,*,- 0,- 0,- 0
2022,Census Tract,1.0131.00,143,"2,167","6,870",121,*,10.00,27.32,11.98,15.34,105,7.33,7.10,15,*,*,*,*,*,*,- 0,- 0,- 0
2022,Census Tract,1.0132.00,87,900,"1,387",80,*,9.00,25.95,10.00,10.81,65,4.67,5.13,13,*,*,*,*,*,*,- 0,- 0,- 0
2022,Census Tract,1.0133.00,125,896,"1,378",114,11,12.00,36.50,10.00,9.96,85,4.75,5.69,16,*,*,*,*,*,*,- 0,- 0,- 0
2022,Census Tract,1.0134.00,172,"1,000","1,795",156,12,10.00,22.24,10.00,10.73,125,4.09,4.84,28,*,*,*,*,*,*,- 0,- 0,- 0
2022,Census Tract,1.0135.00,74,"2,025","12,011",62,*,12.00,29.62,15.51,18.44,57,9.34,12.39,*,*,*,*,*,*,*,*,*,*
2022,Census Tract,1.0136.00,84,738,"1,395",77,*,8.33,12.39,5.00,6.52,43,3.75,4.49,*,*,*,*,*,*,*,- 0,- 0,- 0
2022,Census Tract,1.0137.00,189,"1,860","3,638",141,*,13.50,42.33,10.75,14.02,120,4.75,6.17,28,*,*,*,*,*,*,*,*,*
2022,Census Tract,1.0138.00,155,757,"1,364",142,*,9.00,13.79,10.00,11.64,113,3.58,4.35,35,*,*,*,*,*,*,- 0,- 0,- 0
2022,Census Tract,1.0139.00,127,"1,100","2,243",111,*,14.00,37.21,10.33,13.09,94,4.54,5.62,23,*,*,*,*,*,*,- 0,- 0,- 0
2022,Census Tract,1.0140.00,184,791,"1,326",159,*,13.00,20.66,10.28,14.01,145,4.58,5.51,28,*,*,*,*,*,*,- 0,- 0,- 0
2022,Census Tract,1.0142.00,120,"1,468","1,937",90,*,19.00,28.62,10.00,12.77,68,3.42,6.46,21,20,5.58,9.84,10,0.87,1.47,- 0,- 0,- 0
2022,Census Tract,1.0144.01,29,"1,250","1,883",25,*,8.00,31.40,1.00,7.93,12,3.54,4.88,*,*,*,*,*,*,*,- 0,- 0,- 0
2022,Census Tract,1.0144.02,50,750,"1,176",41,*,10.00,12.65,7.00,8.03,30,4.62,4.64,*,*,*,*,*,*,*,- 0,- 0,- 0
2022,Census Tract,1.0145.00,50,"3,194","6,719",44,- 0,10.00,27.14,13.51,13.94,39,3.33,4.70,*,*,*,*,*,*,*,- 0,- 0,- 0
2022,Census Tract,1.0146.01,98,"1,429","2,921",84,*,10.00,20.07,10.01,12.90,72,3.50,4.40,18,*,*,*,*,*,*,- 0,- 0,- 0
2022,Census Tract,1.0146.02,83,"1,200","2,967",69,*,10.00,19.83,10.01,10.98,53,3.68,3.92,12,*,*,*,*,*,*,- 0,- 0,- 0
2022,Census Tract,1.0147.00,13,"1,808","2,671",10,- 0,48.50,41.20,13.47,14.20,*,*,*,*,*,*,*,*,*,*,- 0,- 0,- 0
2022,Census Tract,1.0148.01,51,"1,350","3,680",46,*,14.00,19.10,11.70,14.42,34,5.62,9.10,*,*,*,*,*,*,*,- 0,- 0,- 0
2022,Census Tract,1.0148.02,108,"1,022","2,563",93,*,12.00,17.71,10.09,12.74,72,3.17,5.25,24,- 0,- 0,- 0,15,1.00,1.38,- 0,- 0,- 0
2022,Census Tract,1.0149.00,35,"3,600","8,286",30,*,6.50,9.44,19.04,19.58,29,4.00,6.41,*,*,*,*,*,*,*,- 0,- 0,- 0
2022,Census Tract,1.0150.01,32,"1,227","2,274",27,- 0,9.00,26.86,10.70,15.68,27,5.00,8.07,*,*,*,*,*,*,*,- 0,- 0,- 0
2022,Census Tract,1.0150.02,57,"1,000","1,413",48,*,14.50,19.29,10.01,11.32,46,5.34,5.59,11,*,*,*,*,*,*,- 0,- 0,- 0
2022,Census Tract,1.0151.00,33,"2,210","5,758",29,*,7.00,12.32,12.01,13.65,28,5.89,7.04,*,*,*,*,*,*,*,- 0,- 0,- 0
2022,Census Tract,1.0152.00,34,870,"1,462",29,- 0,7.00,13.80,10.31,12.99,25,3.92,5.37,*,*,*,*,*,*,*,- 0,- 0,- 0
2022,Census Tract,1.0153.00,134,"1,284","2,691",123,*,15.00,23.11,10.68,13.19,110,4.75,5.82,22,*,*,*,*,*,*,*,*,*
2022,Census Tract,1.0154.00,110,"1,500","3,071",95,*,7.06,15.21,10.01,10.58,77,5.00,5.02,23,*,*,*,*,*,*,- 0,- 0,- 0
2022,Census Tract,1.0155.00,39,"2,344","6,354",32,*,8.00,8.96,15.01,12.52,24,7.51,7.33,*,*,*,*,*,*,*,- 0,- 0,- 0
2022,Census Tract,1.0156.01,27,"1,800","5,082",25,- 0,6.00,21.40,10.01,9.00,17,5.47,5.99,*,*,*,*,*,*,*,- 0,- 0,- 0
2022,Census Tract,1.0157.00,175,"1,000","1,474",160,*,13.00,18.03,10.01,11.39,124,4.57,5.24,27,*,*,*,*,*,*,- 0,- 0,- 0
2022,Census Tract,1.0158.01,73,800,"1,140",56,*,9.50,17.13,10.01,10.64,48,4.29,4.36,14,*,*,*,*,*,*,- 0,- 0,- 0
2022,Census Tract,1.0158.02,20,"1,525","2,757",18,*,7.00,8.67,10.00,10.25,11,3.00,4.56,*,*,*,*,*,*,*,- 0,- 0,- 0
2022,Census Tract,1.0159.00,56,"1,373","4,120",44,*,8.00,14.31,5.00,8.21,28,2.84,3.95,10,*,*,*,*,*,*,- 0,- 0,- 0
2022,Census Tract,1.0160.01,35,"1,000","1,279",28,*,12.00,13.21,10.38,11.86,24,4.75,5.15,*,*,*,*,*,*,*,- 0,- 0,- 0
2022,Census Tract,1.0161.00,55,"1,133","2,126",47,*,13.00,16.38,10.01,10.99,37,5.00,5.23,10,*,*,*,*,*,*,- 0,- 0,- 0
2022,Census Tract,1.0163.00,45,"2,000","5,881",36,- 0,11.00,12.92,10.01,12.49,23,6.50,5.98,*,*,*,*,*,*,*,- 0,- 0,- 0
2022,Census Tract,1.0165.00,61,"1,200","2,118",54,*,12.00,14.66,10.01,12.37,50,5.25,5.39,*,*,*,*,*,*,*,- 0,- 0,- 0
2022,Census Tract,1.0166.00,82,700,"1,606",66,*,5.00,7.62,9.96,9.94,51,3.33,4.47,21,*,*,*,*,*,*,*,*,*
2022,Census Tract,1.0167.00,113,900,"2,276",99,*,10.00,17.56,10.05,11.33,81,5.50,5.41,12,*,*,*,*,*,*,- 0,- 0,- 0
2022,Census Tract,1.0169.00,96,838,"1,306",83,*,12.00,28.11,10.00,9.74,68,5.31,5.01,15,*,*,*,*,*,*,- 0,- 0,- 0
2022,Census Tract,1.0170.00,71,"1,000","2,058",62,*,4.00,4.85,4.02,7.77,27,4.33,5.61,*,*,*,*,*,*,*,- 0,- 0,- 0
2022,Census Tract,1.0171.00,94,"1,225","2,844",75,*,14.00,24.91,10.48,15.15,60,4.29,4.94,14,- 0,- 0,- 0,19,2.33,3.60,- 0,- 0,- 0
2022,Census Tract,1.0172.00,128,934,"1,231",113,*,4.00,4.61,6.40,8.64,69,2.50,3.15,27,*,*,*,*,*,*,- 0,- 0,- 0
2022,Census Tract,1.0173.00,37,"1,386","2,361",34,- 0,9.00,27.20,10.02,12.50,32,5.08,5.23,*,*,*,*,*,*,*,- 0,- 0,- 0
2022,Census Tract,1.0174.02,23,"1,597","3,053",17,- 0,4.00,3.42,10.25,12.30,17,8.25,6.18,*,*,*,*,*,*,*,*,*,*
2022,Census Tract,1.0175.00,69,"1,500","3,272",61,*,13.00,22.14,10.25,11.52,45,5.16,5.59,*,*,*,*,*,*,*,- 0,- 0,- 0
2022,Census Tract,1.0177.00,40,"1,760","4,096",40,*,7.00,6.99,12.42,12.70,35,8.09,7.07,*,- 0,- 0,- 0,- 0,- 0,- 0,- 0,- 0,- 0
2022,Census Tract,1.0178.00,46,900,"20,912",34,*,4.00,5.60,9.68,10.98,28,3.35,5.90,*,*,*,*,*,*,*,- 0,- 0,- 0
2022,Census Tract,1.0179.00,57,"1,031","1,911",54,- 0,9.50,10.37,11.25,13.89,47,4.00,5.89,11,*,*,*,*,*,*,- 0,- 0,- 0
2022,Census Tract,1.0180.00,52,"1,088","1,203",46,*,4.00,3.89,5.69,6.37,32,2.38,2.98,14,*,*,*,*,*,*,- 0,- 0,- 0
2022,Census Tract,1.0181.00,35,"2,362","6,404",32,- 0,9.33,18.56,10.04,10.40,25,3.33,4.90,*,*,*,*,*,*,*,- 0,- 0,- 0
2022,Census Tract,1.0182.00,80,"1,211","1,620",68,*,5.00,5.37,5.00,7.65,50,2.00,3.06,20,*,*,*,*,*,*,- 0,- 0,- 0
2022,Census Tract,1.0183.00,91,"1,157","2,653",82,*,11.00,16.33,10.63,13.54,68,4.75,5.39,15,*,*,*,*,*,*,- 0,- 0,- 0
2022,Census Tract,1.0184.00,62,"1,050","2,323",55,*,3.20,5.64,10.00,9.86,39,3.09,3.73,10,*,*,*,*,*,*,- 0,- 0,- 0
2022,Census Tract,1.0185.00,22,"7,486","15,930",22,*,11.00,16.79,15.01,15.08,21,6.67,8.04,*,- 0,- 0,- 0,- 0,- 0,- 0,- 0,- 0,- 0
2022,Census Tract,1.0187.00,67,"1,050","1,875",62,*,10.00,15.73,10.01,11.67,54,5.17,5.77,10,*,*,*,*,*,*,- 0,- 0,- 0
2022,Census Tract,1.0188.00,80,825,"1,339",65,- 0,4.00,4.48,5.04,8.04,35,3.00,3.46,12,*,*,*,*,*,*,- 0,- 0,- 0
2022,Census Tract,1.0189.00,38,775,"1,041",37,- 0,7.00,16.81,9.00,9.15,29,2.92,3.31,10,*,*,*,*,*,*,- 0,- 0,- 0
2022,Census Tract,1.0190.00,35,"2,617","5,931",29,*,4.00,3.48,7.00,7.45,15,3.67,4.15,*,*,*,*,*,*,*,- 0,- 0,- 0
2022,Census Tract,1.0191.00,50,875,"1,818",45,*,10.00,15.43,10.04,11.54,35,4.00,5.01,*,*,*,*,*,*,*,- 0,- 0,- 0
2022,Census Tract,1.0193.00,82,750,"1,024",79,*,6.00,9.49,10.00,9.52,69,3.42,4.01,20,*,*,*,*,*,*,- 0,- 0,- 0
2022,Census Tract,1.0194.00,30,847,"1,693",23,*,3.00,3.52,1.00,5.24,11,2.00,2.37,*,*,*,*,*,*,*,- 0,- 0,- 0
2022,Census Tract,1.0195.00,66,"1,000","1,966",54,*,11.71,19.21,10.00,11.86,44,5.46,7.14,*,*,*,*,*,*,*,- 0,- 0,- 0
2022,Census Tract,1.0196.00,68,"1,821","3,330",58,- 0,4.88,4.94,10.00,9.87,48,3.92,4.87,11,*,*,*,*,*,*,- 0,- 0,- 0
2022,Census Tract,1.0197.02,17,"1,500","1,786",16,- 0,5.00,5.61,8.71,7.67,11,3.75,3.96,*,*,*,*,*,*,*,- 0,- 0,- 0
2022,Census Tract,1.0198.00,56,"1,337","2,047",47,*,6.00,8.99,2.08,6.38,20,3.92,4.92,*,*,*,*,*,*,*,*,*,*
2022,Census Tract,1.0199.00,58,"1,505","2,596",51,*,10.00,11.60,10.56,13.27,40,4.33,6.28,*,*,*,*,*,*,*,- 0,- 0,- 0
2022,Census Tract,1.0200.00,59,"1,611","2,812",47,*,7.00,7.18,10.17,9.76,37,7.17,7.17,*,*,*,*,*,*,*,- 0,- 0,- 0
2022,Census Tract,1.0201.02,29,"1,205","2,212",25,- 0,4.16,11.09,3.00,6.13,12,3.50,3.54,*,*,*,*,*,*,*,- 0,- 0,- 0
2022,Census Tract,1.0205.00,13,"1,200","1,618",11,- 0,9.00,13.09,10.01,13.77,11,2.84,4.32,*,*,*,*,*,*,*,- 0,- 0,- 0
2022,Census Tract,1.0206.00,21,"1,011","1,879",21,- 0,4.00,6.91,9.00,9.79,18,2.58,3.34,*,- 0,- 0,- 0,- 0,- 0,- 0,- 0,- 0,- 0
2022,Census Tract,1.0207.01,15,"1,000","1,569",14,- 0,4.00,4.71,9.84,12.96,13,1.00,2.72,*,*,*,*,*,*,*,- 0,- 0,- 0
2022,Census Tract,1.0208.00,19,"1,000","1,559",13,- 0,3.00,9.77,11.26,14.53,11,8.01,6.10,*,*,*,*,*,*,*,- 0,- 0,- 0
2022,Census Tract,1.0209.01,22,"1,433","1,679",20,- 0,1.00,4.81,10.01,13.73,18,4.57,5.43,*,*,*,*,*,*,*,- 0,- 0,- 0
2022,Census Tract,1.0211.00,52,"1,020","3,468",50,- 0,7.00,7.62,10.14,12.21,43,3.83,4.78,12,*,*,*,*,*,*,- 0,- 0,- 0
2022,Census Tract,1.0212.00,52,"1,238","2,573",28,- 0,3.00,3.36,20.30,21.36,25,2.00,3.40,12,- 0,- 0,- 0,24,13.88,9.72,- 0,- 0,- 0
2022,Census Tract,1.0213.03,27,911,"1,862",21,- 0,4.00,4.60,10.00,12.22,18,4.75,6.55,*,*,*,*,*,*,*,- 0,- 0,- 0
2022,Census Tract,1.0215.00,21,"1,075","2,933",16,*,2.00,2.67,11.76,10.26,11,5.00,6.15,*,*,*,*,*,*,*,- 0,- 0,- 0
2022,Census Tract,1.0216.00,39,900,"1,374",35,- 0,6.00,13.58,7.00,7.44,26,5.25,4.83,*,*,*,*,*,*,*,- 0,- 0,- 0
2022,Census Tract,1.0218.00,86,900,"1,894",79,*,5.00,7.54,10.00,9.82,62,3.50,4.27,11,*,*,*,*,*,*,- 0,- 0,- 0
2022,Census Tract,1.0219.00,46,"1,000","3,728",41,- 0,4.00,8.89,5.58,6.79,25,2.58,3.06,*,*,*,*,*,*,*,- 0,- 0,- 0
2022,Census Tract,1.0220.00,52,828,"1,001",48,- 0,6.61,8.71,3.00,5.26,25,3.33,4.29,*,*,*,*,*,*,*,- 0,- 0,- 0
2022,Census Tract,1.0221.02,25,"1,100","2,552",17,- 0,4.00,5.73,10.01,11.22,12,3.13,4.19,*,*,*,*,*,*,*,- 0,- 0,- 0
2022,Census Tract,1.0222.00,90,"1,740","5,299",75,*,8.00,11.70,10.30,12.84,64,4.37,5.79,16,*,*,*,*,*,*,- 0,- 0,- 0
2022,Census Tract,1.0223.01,53,800,"1,586",50,*,7.00,7.50,5.72,8.18,29,4.16,4.76,*,*,*,*,*,*,*,*,*,*
2022,Census Tract,1.0224.00,37,"1,200","1,923",33,*,4.33,6.69,9.68,9.34,25,4.67,6.11,*,*,*,*,*,*,*,- 0,- 0,- 0
2022,Census Tract,1.0225.00,75,800,"1,241",69,*,6.50,10.61,10.00,9.67,51,3.67,4.44,18,*,*,*,*,*,*,- 0,- 0,- 0
2022,Census Tract,1.0226.00,68,788,837,66,*,5.87,11.94,8.46,7.87,43,3.67,4.77,13,*,*,*,*,*,*,- 0,- 0,- 0
2022,Census Tract,1.0227.00,24,480,968,22,*,6.50,9.05,10.32,10.96,17,2.58,3.31,*,*,*,*,*,*,*,- 0,- 0,- 0
2022,Census Tract,1.0228.00,62,862,938,56,- 0,5.02,13.66,8.13,7.92,42,3.17,3.80,13,*,*,*,*,*,*,- 0,- 0,- 0
2022,Census Tract,1.0229.00,86,958,"1,680",75,11,7.00,9.03,10.00,10.53,53,4.50,6.59,14,*,*,*,*,*,*,- 0,- 0,- 0
2022,Census Tract,1.0230.00,35,"1,000","1,586",34,*,5.00,6.20,10.01,9.87,24,2.11,3.75,12,*,*,*,*,*,*,- 0,- 0,- 0
2022,Census Tract,1.0231.00,33,"1,225","1,796",27,*,5.00,8.05,8.51,10.55,18,3.58,5.87,*,*,*,*,*,*,*,- 0,- 0,- 0
2022,Census Tract,1.0232.00,64,888,"1,855",60,*,5.00,6.79,10.00,9.29,45,2.42,3.25,17,*,*,*,*,*,*,- 0,- 0,- 0
2022,Census Tract,1.0233.00,75,846,"1,504",66,*,7.50,7.26,10.04,12.16,55,5.25,5.53,12,*,*,*,*,*,*,- 0,- 0,- 0
2022,Census Tract,1.0234.00,29,992,"1,362",25,*,4.00,3.63,7.01,9.16,16,3.17,3.65,*,*,*,*,*,*,*,- 0,- 0,- 0
2022,Census Tract,1.0235.01,23,949,"2,925",21,*,2.00,7.90,5.00,7.98,13,7.84,8.12,*,*,*,*,*,*,*,- 0,- 0,- 0
2022,Census Tract,1.0236.00,24,710,"1,296",22,- 0,1.00,2.18,9.13,8.66,17,3.50,4.28,*,*,*,*,*,*,*,*,*,*
2022,Census Tract,1.0237.00,35,750,988,31,*,5.00,6.59,7.17,8.90,20,3.58,3.96,*,*,*,*,*,*,*,- 0,- 0,- 0
2022,Census Tract,1.0238.01,17,"2,800","2,383",15,*,3.00,3.07,20.51,20.28,15,8.50,9.93,*,*,*,*,*,*,*,- 0,- 0,- 0
2022,Census Tract,1.0239.00,13,703,920,13,- 0,4.00,4.47,9.93,7.79,*,*,*,*,- 0,- 0,- 0,- 0,- 0,- 0,- 0,- 0,- 0
2022,Census Tract,1.0241.00,46,775,"1,749",43,*,7.00,9.32,10.67,13.19,40,4.04,4.59,*,*,*,*,*,*,*,*,*,*
2022,Census Tract,1.0242.00,17,"1,212","1,997",16,- 0,1.93,2.65,3.71,4.96,*,*,*,*,*,*,*,*,*,*,- 0,- 0,- 0
2022,Census Tract,1.0243.01,31,800,"1,436",29,*,4.00,4.07,7.00,7.26,24,3.00,3.30,10,*,*,*,*,*,*,- 0,- 0,- 0
2022,Census Tract,1.0245.00,154,800,"1,092",135,- 0,7.25,9.52,10.01,12.41,106,5.21,5.63,14,- 0,- 0,- 0,19,2.00,3.20,- 0,- 0,- 0
2022,Census Tract,1.0249.00,13,"1,177","1,197",11,*,3.00,3.89,10.00,10.67,10,5.50,5.53,- 0,*,*,*,*,*,*,- 0,- 0,- 0
2022,Census Tract,1.0251.00,30,718,"1,194",22,- 0,4.36,4.76,5.21,6.68,12,3.84,3.34,*,*,*,*,*,*,*,- 0,- 0,- 0
2022,Census Tract,1.0253.00,125,760,"1,119",119,*,6.54,7.36,10.01,10.50,87,4.01,4.46,21,*,*,*,*,*,*,- 0,- 0,- 0
2022,Census Tract,1.0257.00,32,"5,693","8,297",24,- 0,8.54,15.75,11.71,15.80,19,5.09,9.09,*,*,*,*,*,*,*,- 0,- 0,- 0
2022,Census Tract,1.0259.00,42,990,"4,059",35,*,4.00,4.43,1.00,7.18,17,4.16,4.83,*,*,*,*,*,*,*,- 0,- 0,- 0
2022,Census Tract,1.0261.00,98,747,"1,306",84,*,6.00,7.23,10.00,10.91,69,2.67,3.75,29,*,*,*,*,*,*,- 0,- 0,- 0
2022,Census Tract,1.0263.00,106,945,"2,556",98,- 0,8.00,8.19,10.06,11.96,80,4.33,5.01,18,*,*,*,*,*,*,- 0,- 0,- 0
2022,Census Tract,1.0265.00,95,800,950,93,*,7.00,7.91,10.01,14.93,76,4.67,4.73,11,*,*,*,*,*,*,- 0,- 0,- 0
2022,Census Tract,1.0269.00,129,900,"1,584",116,17,5.79,7.20,5.29,8.08,61,4.00,5.01,20,*,*,*,*,*,*,- 0,- 0,- 0
2022,Census Tract,1.0271.00,122,964,"2,440",112,*,8.00,9.30,10.00,10.37,81,4.25,4.52,15,*,*,*,*,*,*,- 0,- 0,- 0
2022,Census Tract,1.0273.00,57,750,"1,363",54,*,7.67,9.24,9.92,10.10,38,4.08,4.89,*,*,*,*,*,*,*,- 0,- 0,- 0
2022,Census Tract,1.0277.00,40,800,995,34,*,5.12,7.20,6.00,8.89,22,3.75,4.36,*,*,*,*,*,*,*,- 0,- 0,- 0
2022,Census Tract,1.0279.00,70,702,"1,383",68,*,6.00,6.51,9.00,10.32,54,4.13,4.74,*,*,*,*,*,*,*,- 0,- 0,- 0
2022,Census Tract,1.0283.00,58,663,937,51,*,6.00,5.81,10.01,12.66,39,2.75,3.27,12,*,*,*,*,*,*,- 0,- 0,- 0
2022,Census Tract,1.0285.00,81,832,"1,068",74,*,5.00,5.25,6.00,7.62,47,2.67,3.82,10,*,*,*,*,*,*,- 0,- 0,- 0
2022,Census Tract,1.0287.00,57,765,"2,055",54,*,7.00,7.45,10.00,9.51,30,3.83,4.46,*,*,*,*,*,*,*,- 0,- 0,- 0
2022,Census Tract,1.0291.00,98,845,"1,813",93,*,6.31,8.35,8.09,10.19,65,4.58,4.95,20,*,*,*,*,*,*,- 0,- 0,- 0
2022,Census Tract,1.0293.00,161,956,"1,511",154,*,5.00,5.76,7.71,8.59,97,3.00,4.07,36,*,*,*,*,*,*,- 0,- 0,- 0
2022,Census Tract,1.0295.00,66,800,"1,095",62,- 0,7.00,7.16,9.00,10.78,43,3.50,3.64,11,*,*,*,*,*,*,- 0,- 0,- 0
2022,Census Tract,1.0299.00,47,"2,200","5,774",38,*,3.46,3.35,1.00,4.39,10,2.75,4.19,*,*,*,*,*,*,*,*,*,*
2022,Census Tract,1.0303.00,42,825,"3,029",40,- 0,6.00,8.33,10.00,11.33,39,2.67,3.50,15,*,*,*,*,*,*,- 0,- 0,- 0
2022,Census Tract,1.0307.00,12,"1,751","3,060",12,- 0,2.00,2.84,10.00,9.07,10,3.96,4.57,*,- 0,- 0,- 0,- 0,- 0,- 0,- 0,- 0,- 0
2022,Census Tract,1.0309.00,52,"1,378","3,306",49,*,5.00,6.80,9.00,10.18,37,4.16,4.60,*,*,*,*,*,*,*,- 0,- 0,- 0
2022,Census Tract,1.0317.03,48,"2,883","5,986",46,- 0,5.00,6.20,10.32,9.75,30,4.25,4.77,*,*,*,*,*,*,*,- 0,- 0,- 0
2022,Census Tract,1.0317.04,36,"1,880","2,255",27,- 0,7.00,7.56,11.00,14.07,21,6.59,10.26,*,*,*,*,*,*,*,- 0,- 0,- 0
2022,Census Tract,2.0019.00,47,"1,800","9,652",43,*,3.00,2.73,10.00,8.61,32,2.48,3.38,13,*,*,*,*,*,*,- 0,- 0,- 0
2022,Census Tract,2.0020.00,11,"1,000","1,743",*,*,*,*,*,*,*,*,*,*,*,*,*,- 0,- 0,- 0,- 0,- 0,- 0
2022,Census Tract,2.0025.00,42,734,"1,401",40,*,5.00,5.73,5.16,9.83,29,1.00,2.43,13,*,*,*,*,*,*,- 0,- 0,- 0
2022,Census Tract,2.0027.01,12,"1,100","1,997",12,- 0,2.00,2.75,2.50,3.84,*,*,*,*,- 0,- 0,- 0,- 0,- 0,- 0,- 0,- 0,- 0
2022,Census Tract,2.0027.02,43,750,"2,111",30,- 0,3.35,3.14,8.00,10.68,25,2.62,3.07,*,*,*,*,*,*,*,- 0,- 0,- 0
2022,Census Tract,2.0028.00,29,"2,000","4,223",27,*,3.67,3.70,11.01,13.80,27,2.16,4.42,12,*,*,*,*,*,*,- 0,- 0,- 0
2022,Census Tract,2.0031.00,49,"1,500","3,626",41,*,4.00,6.17,6.00,8.03,28,1.75,3.03,15,*,*,*,*,*,*,- 0,- 0,- 0
2022,Census Tract,2.0035.00,21,750,"1,876",20,- 0,3.00,3.00,2.50,4.73,12,0.96,1.57,*,*,*,*,*,*,*,- 0,- 0,- 0
2022,Census Tract,2.0039.00,97,800,"1,297",83,- 0,4.00,4.95,10.00,10.62,58,3.25,4.33,16,*,*,*,*,*,*,- 0,- 0,- 0
2022,Census Tract,2.0041.00,14,"1,029","1,094",12,- 0,3.30,3.27,9.01,9.42,11,4.92,4.52,*,*,*,*,*,*,*,- 0,- 0,- 0
2022,Census Tract,2.0042.00,44,"2,885","11,870",34,- 0,6.00,6.31,10.04,11.19,34,5.46,5.92,*,- 0,- 0,- 0,10,1.60,1.52,- 0,- 0,- 0
2022,Census Tract,2.0043.00,87,"1,200","2,219",78,*,6.00,8.09,7.84,8.22,51,3.00,3.67,20,*,*,*,*,*,*,- 0,- 0,- 0
2022,Census Tract,2.0046.00,11,"1,140","5,599",11,- 0,6.00,6.64,20.01,20.41,11,4.00,5.65,*,- 0,- 0,- 0,- 0,- 0,- 0,- 0,- 0,- 0
2022,Census Tract,2.0048.00,27,888,"1,711",27,- 0,4.00,4.02,1.00,5.14,*,*,*,*,- 0,- 0,- 0,- 0,- 0,- 0,- 0,- 0,- 0
2022,Census Tract,2.0050.01,18,875,872,18,- 0,3.00,2.97,10.01,11.41,16,2.17,2.71,*,- 0,- 0,- 0,- 0,- 0,- 0,- 0,- 0,- 0
2022,Census Tract,2.0050.02,17,756,"2,001",17,- 0,3.00,4.85,2.00,7.09,12,0.92,2.53,*,- 0,- 0,- 0,- 0,- 0,- 0,- 0,- 0,- 0
2022,Census Tract,2.0051.00,40,"3,000","5,568",33,*,3.00,3.10,5.00,8.18,17,3.16,5.60,*,*,*,*,*,*,*,- 0,- 0,- 0
2022,Census Tract,2.0052.00,11,825,"1,562",*,*,*,*,*,*,*,*,*,- 0,*,*,*,*,*,*,- 0,- 0,- 0
2022,Census Tract,2.0054.00,65,700,"1,101",64,*,4.00,4.93,10.00,10.96,58,3.16,3.42,19,*,*,*,*,*,*,- 0,- 0,- 0
2022,Census Tract,2.0056.00,22,720,"1,293",19,- 0,4.00,4.47,7.04,7.92,19,4.00,3.93,*,*,*,*,*,*,*,- 0,- 0,- 0
2022,Census Tract,2.0059.02,17,800,895,16,- 0,5.00,6.50,5.00,7.41,10,2.54,2.58,*,*,*,*,*,*,*,- 0,- 0,- 0
2022,Census Tract,2.0061.00,36,"4,253","7,183",30,- 0,3.50,4.67,13.64,15.48,29,5.33,7.28,*,*,*,*,*,*,*,- 0,- 0,- 0
2022,Census Tract,2.0062.00,19,600,"1,032",16,- 0,5.00,5.00,1.00,2.38,*,*,*,- 0,*,*,*,*,*,*,- 0,- 0,- 0
2022,Census Tract,2.0063.00,101,"1,518","11,385",83,*,5.00,6.61,15.01,14.54,70,3.75,4.27,26,*,*,*,*,*,*,*,*,*
2022,Census Tract,2.0065.00,125,900,"2,595",99,*,5.00,5.21,5.21,10.14,54,3.72,10.53,16,*,*,*,*,*,*,*,*,*
2022,Census Tract,2.0067.00,74,816,"1,699",71,- 0,5.00,9.83,5.27,8.31,56,1.75,2.85,28,*,*,*,*,*,*,- 0,- 0,- 0
2022,Census Tract,2.0069.00,13,700,"2,003",12,- 0,3.00,3.76,3.00,8.41,*,*,*,*,*,*,*,*,*,*,- 0,- 0,- 0
2022,Census Tract,2.0070.00,28,"1,061","1,865",25,13,3.33,3.74,5.00,6.63,15,2.16,4.48,*,*,*,*,*,*,*,- 0,- 0,- 0
2022,Census Tract,2.0071.00,36,"5,000","10,754",31,- 0,3.00,6.35,14.96,13.04,29,4.67,5.02,*,*,*,*,*,*,*,- 0,- 0,- 0
2022,Census Tract,2.0072.00,38,861,"1,474",35,*,4.00,3.23,10.00,11.72,25,3.09,4.60,*,*,*,*,*,*,*,- 0,- 0,- 0
2022,Census Tract,2.0073.00,31,685,"2,706",30,- 0,4.00,5.74,6.37,7.03,20,3.58,3.08,*,*,*,*,*,*,*,- 0,- 0,- 0
2022,Census Tract,2.0075.00,16,"2,731","3,807",15,- 0,2.50,2.53,1.00,5.79,*,*,*,*,*,*,*,*,*,*,- 0,- 0,- 0
2022,Census Tract,2.0076.00,63,600,990,61,31,2.08,3.09,1.00,4.46,26,2.42,3.32,*,*,*,*,*,*,*,- 0,- 0,- 0
2022,Census Tract,2.0077.00,19,"1,082","1,787",14,*,3.00,3.57,1.00,1.78,*,*,*,- 0,*,*,*,*,*,*,- 0,- 0,- 0
2022,Census Tract,2.0078.00,33,857,"1,652",29,*,2.00,2.49,7.42,8.00,21,2.58,3.28,*,*,*,*,*,*,*,- 0,- 0,- 0
2022,Census Tract,2.0079.00,33,800,"2,265",28,- 0,4.08,7.88,4.67,7.39,18,2.17,3.29,*,*,*,*,*,*,*,- 0,- 0,- 0
2022,Census Tract,2.0083.00,47,"1,468","2,838",43,*,3.00,9.69,5.00,6.80,27,3.00,3.19,10,*,*,*,*,*,*,- 0,- 0,- 0
2022,Census Tract,2.0085.00,31,"1,000","1,728",30,18,2.50,3.33,5.13,7.64,21,2.50,3.12,*,*,*,*,*,*,*,- 0,- 0,- 0
2022,Census Tract,2.0087.00,49,800,958,48,*,3.25,7.94,7.46,9.37,37,3.42,3.62,13,*,*,*,*,*,*,- 0,- 0,- 0
2022,Census Tract,2.0089.00,33,"1,500","3,513",28,*,3.50,6.04,9.76,9.97,23,3.50,4.17,*,*,*,*,*,*,*,- 0,- 0,- 0
2022,Census Tract,2.0090.00,14,"1,170","27,409",11,- 0,3.85,3.81,8.34,7.80,*,*,*,*,*,*,*,*,*,*,- 0,- 0,- 0
2022,Census Tract,2.0092.00,69,917,"2,859",64,*,4.61,4.70,5.00,6.00,46,1.84,2.58,21,*,*,*,*,*,*,- 0,- 0,- 0
2022,Census Tract,2.0093.00,89,"1,483","4,868",75,*,2.00,4.09,5.00,6.79,44,2.88,3.94,20,*,*,*,*,*,*,- 0,- 0,- 0
2022,Census Tract,2.0096.00,19,"5,500","13,093",16,- 0,2.00,4.58,3.00,5.50,11,1.58,2.04,*,*,*,*,*,*,*,- 0,- 0,- 0
2022,Census Tract,2.0115.02,29,900,"1,652",28,- 0,3.00,3.41,9.84,11.28,19,2.58,3.29,*,*,*,*,*,*,*,- 0,- 0,- 0
2022,Census Tract,2.0117.00,17,"1,000","3,900",16,*,2.50,7.46,4.02,7.46,13,1.08,2.43,*,*,*,*,*,*,*,- 0,- 0,- 0
2022,Census Tract,2.0119.00,71,"1,050","2,991",69,*,6.88,12.13,10.01,11.72,51,4.33,4.82,*,*,*,*,*,*,*,- 0,- 0,- 0
2022,Census Tract,2.0121.01,15,600,"2,195",12,*,2.00,8.09,7.00,8.63,12,1.75,2.49,*,*,*,*,*,*,*,*,*,*
2022,Census Tract,2.0123.00,23,"1,272","3,388",16,- 0,2.00,1.91,5.11,5.90,10,2.96,3.71,*,*,*,*,*,*,*,- 0,- 0,- 0
2022,Census Tract,2.0125.00,21,"1,500","2,366",17,*,2.00,8.92,1.00,4.51,*,*,*,*,*,*,*,*,*,*,- 0,- 0,- 0
2022,Census Tract,2.0127.01,20,720,"1,345",19,- 0,4.00,4.63,5.58,5.87,14,4.25,4.29,*,*,*,*,*,*,*,- 0,- 0,- 0
2022,Census Tract,2.0129.01,57,700,"1,040",55,*,3.00,5.56,5.75,7.15,45,2.53,2.63,18,*,*,*,*,*,*,- 0,- 0,- 0
2022,Census Tract,2.0131.00,13,"1,200","4,139",12,- 0,3.23,7.66,2.50,7.04,*,*,*,*,*,*,*,*,*,*,- 0,- 0,- 0
2022,Census Tract,2.0132.00,10,"1,500","3,625",10,*,2.00,2.15,6.00,6.98,*,*,*,*,- 0,- 0,- 0,- 0,- 0,- 0,- 0,- 0,- 0
2022,Census Tract,2.0141.00,37,"1,050","2,123",30,- 0,3.58,6.62,10.00,7.63,17,2.58,4.47,*,*,*,*,*,*,*,- 0,- 0,- 0
2022,Census Tract,2.0143.00,11,"2,500","3,145",*,- 0,*,*,*,*,*,*,*,*,*,*,*,*,*,*,- 0,- 0,- 0
2022,Census Tract,2.0145.00,39,"1,200","3,809",35,*,4.00,8.79,5.01,6.73,22,2.58,3.19,*,*,*,*,*,*,*,- 0,- 0,- 0
2022,Census Tract,2.0149.00,32,950,"1,191",30,*,3.25,5.31,1.00,4.21,10,2.71,2.90,*,*,*,*,*,*,*,- 0,- 0,- 0
2022,Census Tract,2.0151.00,34,895,"1,535",30,*,3.00,3.24,5.00,5.02,17,2.16,2.86,*,*,*,*,*,*,*,- 0,- 0,- 0
2022,Census Tract,2.0152.00,25,"1,200","2,538",23,*,2.00,2.70,3.00,6.72,14,1.96,3.22,*,*,*,*,*,*,*,- 0,- 0,- 0
2022,Census Tract,2.0155.00,33,850,"1,957",21,*,3.00,5.05,6.00,7.34,16,2.17,3.15,*,*,*,*,*,*,*,- 0,- 0,- 0
2022,Census Tract,2.0157.00,14,"3,500","6,814",13,- 0,2.00,3.19,4.92,6.25,*,*,*,*,*,*,*,*,*,*,- 0,- 0,- 0
2022,Census Tract,2.0158.00,13,"1,464","2,250",12,- 0,2.00,3.19,10.00,10.93,11,4.42,4.40,*,*,*,*,*,*,*,- 0,- 0,- 0
2022,Census Tract,2.0159.00,23,"1,650","3,115",22,- 0,5.00,7.37,5.00,5.58,13,2.84,5.01,*,*,*,*,*,*,*,- 0,- 0,- 0
2022,Census Tract,2.0161.00,68,"1,775","3,821",62,*,4.00,9.93,10.01,10.83,47,3.16,3.87,18,*,*,*,*,*,*,*,*,*
2022,Census Tract,2.0162.00,14,875,"1,061",13,*,3.00,2.79,4.00,4.04,*,*,*,*,*,*,*,*,*,*,- 0,- 0,- 0
2022,Census Tract,2.0166.00,15,"1,500","1,672",13,- 0,3.00,3.19,1.00,6.30,*,*,*,- 0,*,*,*,*,*,*,- 0,- 0,- 0
2022,Census Tract,2.0167.00,25,"1,000","1,640",22,*,2.00,4.21,1.00,4.18,10,3.25,2.99,*,*,*,*,*,*,*,- 0,- 0,- 0
2022,Census Tract,2.0169.00,16,867,"1,144",14,- 0,4.00,3.74,1.50,4.00,*,*,*,*,*,*,*,*,*,*,- 0,- 0,- 0
2022,Census Tract,2.0173.00,18,"1,400","1,836",18,- 0,3.50,3.89,3.33,7.20,*,*,*,- 0,- 0,- 0,- 0,- 0,- 0,- 0,- 0,- 0,- 0
2022,Census Tract,2.0175.00,26,995,"1,437",22,- 0,4.00,7.89,9.01,10.19,21,3.25,3.59,*,*,*,*,*,*,*,- 0,- 0,- 0
2022,Census Tract,2.0177.01,23,"1,528","3,822",22,*,3.00,3.06,1.00,3.31,*,*,*,*,*,*,*,*,*,*,- 0,- 0,- 0
2022,Census Tract,2.0177.02,22,"1,254","2,690",21,- 0,3.00,5.10,7.17,7.77,13,4.00,4.63,*,*,*,*,*,*,*,- 0,- 0,- 0
2022,Census Tract,2.0179.01,30,806,"1,277",30,*,5.25,7.13,5.00,5.95,16,3.33,3.56,*,- 0,- 0,- 0,- 0,- 0,- 0,- 0,- 0,- 0
2022,Census Tract,2.0179.02,22,632,704,20,- 0,4.50,6.45,5.00,5.99,16,3.04,2.68,*,*,*,*,*,*,*,- 0,- 0,- 0
2022,Census Tract,2.0181.01,19,558,"1,266",19,*,5.00,7.84,6.96,9.63,12,3.55,5.18,*,- 0,- 0,- 0,- 0,- 0,- 0,- 0,- 0,- 0
2022,Census Tract,2.0181.02,37,659,691,33,- 0,5.00,5.46,10.00,7.71,21,2.42,3.52,*,*,*,*,*,*,*,- 0,- 0,- 0
2022,Census Tract,2.0183.01,26,975,"1,042",24,- 0,4.00,4.65,7.50,10.91,18,2.13,2.66,*,*,*,*,*,*,*,- 0,- 0,- 0
2022,Census Tract,2.0183.02,12,804,"1,137",11,- 0,3.00,3.64,7.00,7.35,*,*,*,*,*,*,*,*,*,*,- 0,- 0,- 0
2022,Census Tract,2.0184.00,14,690,"2,621",10,- 0,4.00,3.72,1.00,6.08,*,*,*,- 0,*,*,*,*,*,*,- 0,- 0,- 0
2022,Census Tract,2.0185.00,70,"1,503","3,241",61,- 0,2.35,3.80,9.00,8.34,44,1.92,3.65,19,*,*,*,*,*,*,*,*,*
2022,Census Tract,2.0189.00,44,940,"1,222",41,- 0,3.58,6.96,9.80,10.07,35,3.58,3.76,12,*,*,*,*,*,*,- 0,- 0,- 0
2022,Census Tract,2.0194.00,18,750,"1,368",17,- 0,3.00,2.87,5.00,8.45,11,1.33,2.27,*,*,*,*,*,*,*,- 0,- 0,- 0
2022,Census Tract,2.0195.00,26,"1,388","2,308",25,- 0,4.00,5.51,12.97,13.17,20,3.29,4.02,*,*,*,*,*,*,*,- 0,- 0,- 0
2022,Census Tract,2.0197.00,63,700,"1,274",61,- 0,5.00,5.88,10.30,12.40,60,2.79,3.72,22,*,*,*,*,*,*,- 0,- 0,- 0
2022,Census Tract,2.0199.00,33,900,"1,301",30,*,3.00,4.37,10.03,11.19,23,4.00,4.64,*,*,*,*,*,*,*,- 0,- 0,- 0
2022,Census Tract,2.0200.00,113,"1,188","1,885",98,*,3.00,3.03,6.75,7.28,74,2.75,3.67,25,*,*,*,*,*,*,- 0,- 0,- 0
2022,Census Tract,2.0201.00,13,661,733,12,- 0,4.00,4.75,5.12,5.99,11,1.33,1.76,*,*,*,*,*,*,*,- 0,- 0,- 0
2022,Census Tract,2.0202.00,24,"1,000","1,366",23,- 0,3.60,3.44,7.00,9.44,16,2.25,3.27,*,*,*,*,*,*,*,- 0,- 0,- 0
2022,Census Tract,2.0206.01,11,"1,000","1,827",10,- 0,2.00,4.90,10.01,14.41,*,*,*,*,*,*,*,*,*,*,- 0,- 0,- 0
2022,Census Tract,2.0209.00,38,"1,106","3,208",33,- 0,3.00,3.01,9.08,9.15,28,1.88,2.74,16,*,*,*,*,*,*,- 0,- 0,- 0
2022,Census Tract,2.0211.00,19,920,"1,699",19,- 0,3.00,5.03,7.25,9.79,16,2.08,3.55,*,- 0,- 0,- 0,- 0,- 0,- 0,- 0,- 0,- 0
2022,Census Tract,2.0213.01,11,"1,000","2,308",10,- 0,5.50,10.80,10.06,11.91,*,*,*,*,*,*,*,*,*,*,- 0,- 0,- 0
2022,Census Tract,2.0215.01,30,"1,414","2,062",29,- 0,4.00,6.80,10.00,9.13,25,4.33,4.30,*,*,*,*,*,*,*,- 0,- 0,- 0
2022,Census Tract,2.0215.02,18,850,"1,876",17,*,4.00,5.59,5.31,8.29,11,3.00,4.88,*,*,*,*,*,*,*,- 0,- 0,- 0
2022,Census Tract,2.0216.01,27,600,954,26,*,2.50,3.30,1.00,5.59,11,2.84,4.05,*,*,*,*,*,*,*,- 0,- 0,- 0
2022,Census Tract,2.0216.02,98,"1,208","2,945",78,*,3.50,4.31,8.35,8.24,57,3.58,4.52,20,- 0,- 0,- 0,20,2.00,1.53,- 0,- 0,- 0
2022,Census Tract,2.0217.00,14,"1,550","2,929",14,*,2.10,4.24,4.50,6.25,*,*,*,*,- 0,- 0,- 0,- 0,- 0,- 0,- 0,- 0,- 0
2022,Census Tract,2.0218.00,28,625,"1,181",23,*,2.68,3.08,6.00,8.06,19,1.75,2.64,*,*,*,*,*,*,*,- 0,- 0,- 0
2022,Census Tract,2.0219.00,24,"5,031","6,684",21,- 0,1.82,2.48,10.00,10.39,19,4.00,4.59,*,*,*,*,*,*,*,- 0,- 0,- 0
2022,Census Tract,2.0220.00,16,"1,476","2,075",16,*,5.56,12.30,10.01,10.81,16,2.54,3.03,*,- 0,- 0,- 0,- 0,- 0,- 0,- 0,- 0,- 0
2022,Census Tract,2.0221.01,24,"2,637","3,815",24,*,6.00,9.87,10.13,11.26,21,4.33,5.50,*,- 0,- 0,- 0,- 0,- 0,- 0,- 0,- 0,- 0
2022,Census Tract,2.0221.02,31,960,"1,296",30,- 0,4.00,4.87,5.23,8.77,20,3.00,4.17,*,*,*,*,*,*,*,- 0,- 0,- 0
2022,Census Tract,2.0222.00,74,"1,200","1,880",68,11,3.00,4.50,6.00,8.38,49,3.00,4.33,20,*,*,*,*,*,*,- 0,- 0,- 0
2022,Census Tract,2.0223.00,42,864,"1,433",39,- 0,7.00,7.92,7.00,7.42,26,3.13,4.00,*,*,*,*,*,*,*,- 0,- 0,- 0
2022,Census Tract,2.0224.01,35,"1,575","2,809",34,- 0,5.25,5.54,10.65,13.43,32,5.42,5.48,*,*,*,*,*,*,*,- 0,- 0,- 0
2022,Census Tract,2.0224.03,18,"2,438","4,055",17,- 0,5.92,5.46,10.09,12.90,13,4.22,4.99,*,*,*,*,*,*,*,- 0,- 0,- 0
2022,Census Tract,2.0224.04,49,"1,230","2,080",49,- 0,4.08,4.24,10.00,11.23,32,4.50,4.75,*,- 0,- 0,- 0,- 0,- 0,- 0,- 0,- 0,- 0
2022,Census Tract,2.0225.00,45,588,914,43,- 0,5.00,4.45,9.62,11.01,41,2.84,3.31,11,*,*,*,*,*,*,- 0,- 0,- 0
2022,Census Tract,2.0227.01,31,965,"1,860",30,- 0,4.00,4.89,9.59,10.33,19,1.42,2.29,*,*,*,*,*,*,*,- 0,- 0,- 0
2022,Census Tract,2.0227.02,30,790,"1,108",29,- 0,4.00,4.24,11.84,14.57,27,4.42,4.34,*,*,*,*,*,*,*,- 0,- 0,- 0
2022,Census Tract,2.0227.03,10,438,512,10,- 0,7.92,7.66,9.50,10.23,*,*,*,*,- 0,- 0,- 0,- 0,- 0,- 0,- 0,- 0,- 0
2022,Census Tract,2.0228.00,23,915,"1,052",23,- 0,3.00,3.35,10.01,8.23,15,2.67,3.25,*,- 0,- 0,- 0,- 0,- 0,- 0,- 0,- 0,- 0
2022,Census Tract,2.0229.02,17,650,"1,029",14,- 0,6.00,5.58,10.55,9.81,12,6.04,4.97,*,*,*,*,*,*,*,- 0,- 0,- 0
2022,Census Tract,2.0231.00,44,"1,891","2,718",39,*,3.00,5.54,6.00,8.50,34,2.58,3.25,15,*,*,*,*,*,*,- 0,- 0,- 0
2022,Census Tract,2.0232.00,25,"1,600","1,997",23,- 0,3.00,3.00,10.00,9.70,21,2.67,3.73,*,*,*,*,*,*,*,- 0,- 0,- 0
2022,Census Tract,2.0233.01,26,"1,850","3,098",22,*,2.00,2.10,5.50,7.61,16,1.67,3.05,*,*,*,*,*,*,*,- 0,- 0,- 0
2022,Census Tract,2.0233.02,12,925,986,*,- 0,*,*,*,*,*,*,*,*,- 0,- 0,- 0,*,*,*,- 0,- 0,- 0
2022,Census Tract,2.0235.01,33,"1,070","1,747",32,*,5.00,5.92,7.46,7.15,19,3.98,4.51,*,*,*,*,*,*,*,- 0,- 0,- 0
2022,Census Tract,2.0235.02,27,"1,000","1,771",26,- 0,4.83,9.61,5.16,8.66,21,3.50,4.06,*,*,*,*,*,*,*,- 0,- 0,- 0
2022,Census Tract,2.0236.00,35,700,"1,010",34,*,3.00,8.48,5.00,7.15,21,3.42,3.98,*,*,*,*,*,*,*,- 0,- 0,- 0
2022,Census Tract,2.0237.02,33,"1,424","4,301",30,- 0,7.00,8.32,6.54,8.46,21,3.58,4.05,*,*,*,*,*,*,*,- 0,- 0,- 0
2022,Census Tract,2.0237.03,73,800,"1,130",73,- 0,5.21,7.85,6.00,7.11,44,2.00,3.08,21,- 0,- 0,- 0,- 0,- 0,- 0,- 0,- 0,- 0
2022,Census Tract,2.0237.04,48,529,"1,099",47,*,4.00,6.02,9.01,9.91,38,2.25,3.92,17,*,*,*,*,*,*,- 0,- 0,- 0
2022,Census Tract,2.0238.00,25,900,"4,759",21,*,3.00,3.19,6.00,6.13,15,1.75,2.24,*,*,*,*,*,*,*,- 0,- 0,- 0
2022,Census Tract,2.0239.00,86,"1,200","2,566",79,*,4.00,6.07,5.04,7.52,50,2.54,3.42,22,*,*,*,*,*,*,- 0,- 0,- 0
2022,Census Tract,2.0240.00,17,"1,000","1,233",12,- 0,3.00,9.19,4.06,5.07,*,*,*,*,*,*,*,*,*,*,- 0,- 0,- 0
2022,Census Tract,2.0241.00,65,"1,000","2,004",58,*,5.00,5.75,9.80,9.90,39,3.84,4.62,*,*,*,*,*,*,*,*,*,*
2022,Census Tract,2.0243.00,36,955,"7,050",34,- 0,5.00,5.30,1.00,4.14,12,2.58,3.04,*,*,*,*,*,*,*,- 0,- 0,- 0
2022,Census Tract,2.0244.00,21,"1,000","1,764",15,*,2.00,2.00,1.00,1.66,*,*,*,*,*,*,*,*,*,*,- 0,- 0,- 0
2022,Census Tract,2.0245.01,11,425,525,11,- 0,5.00,4.73,10.01,9.37,11,1.75,2.26,*,- 0,- 0,- 0,- 0,- 0,- 0,- 0,- 0,- 0
2022,Census Tract,2.0245.02,21,900,"1,751",21,*,4.00,4.24,10.35,12.66,19,4.00,5.83,*,- 0,- 0,- 0,- 0,- 0,- 0,- 0,- 0,- 0
2022,Census Tract,2.0248.00,25,"1,275","1,628",23,- 0,3.00,3.49,10.26,13.31,22,3.79,3.80,*,*,*,*,*,*,*,- 0,- 0,- 0
2022,Census Tract,2.0250.00,13,700,"1,223",12,*,3.00,3.26,1.95,5.17,*,*,*,*,*,*,*,*,*,*,- 0,- 0,- 0
2022,Census Tract,2.0251.00,63,750,"1,657",61,*,4.00,4.51,5.84,7.67,50,2.84,3.36,19,*,*,*,*,*,*,- 0,- 0,- 0
2022,Census Tract,2.0252.00,27,700,"1,432",24,10,3.00,3.08,1.00,3.92,*,*,*,*,*,*,*,*,*,*,- 0,- 0,- 0
2022,Census Tract,2.0253.00,30,"1,578","1,874",30,- 0,5.46,7.02,10.93,13.34,30,3.62,4.12,10,- 0,- 0,- 0,- 0,- 0,- 0,- 0,- 0,- 0
2022,Census Tract,2.0254.00,22,700,798,18,- 0,3.00,3.03,5.00,7.56,11,2.00,2.80,*,*,*,*,*,*,*,- 0,- 0,- 0
2022,Census Tract,2.0256.00,14,"1,000","2,125",12,*,1.67,1.86,4.59,6.37,*,*,*,*,*,*,*,*,*,*,- 0,- 0,- 0
2022,Census Tract,2.0257.00,12,952,858,12,- 0,2.00,2.50,15.01,16.34,12,6.59,6.48,*,- 0,- 0,- 0,- 0,- 0,- 0,- 0,- 0,- 0
2022,Census Tract,2.0263.00,27,620,"1,104",27,- 0,8.00,9.85,11.75,14.16,27,4.00,4.57,*,- 0,- 0,- 0,- 0,- 0,- 0,- 0,- 0,- 0
2022,Census Tract,2.0264.00,17,680,"2,008",17,- 0,3.00,3.22,1.00,4.27,*,*,*,*,- 0,- 0,- 0,- 0,- 0,- 0,- 0,- 0,- 0
2022,Census Tract,2.0265.00,44,"1,000","2,094",42,- 0,5.00,5.87,8.76,8.53,22,4.08,5.40,*,*,*,*,*,*,*,- 0,- 0,- 0
2022,Census Tract,2.0266.01,21,"1,200","1,561",19,- 0,3.14,3.50,9.08,9.91,15,1.84,3.63,10,*,*,*,*,*,*,- 0,- 0,- 0
2022,Census Tract,2.0266.02,66,925,"1,524",52,*,3.82,4.08,5.00,8.54,39,2.25,2.56,18,*,*,*,*,*,*,- 0,- 0,- 0
2022,Census Tract,2.0267.01,34,"1,000","1,052",33,*,1.00,1.73,11.01,14.32,31,5.92,7.14,*,*,*,*,*,*,*,- 0,- 0,- 0
2022,Census Tract,2.0273.00,23,855,"1,185",21,*,2.00,2.39,9.00,8.79,16,2.83,3.97,*,*,*,*,*,*,*,- 0,- 0,- 0
2022,Census Tract,2.0277.00,30,680,971,29,- 0,5.00,5.72,5.03,6.99,19,2.00,2.93,*,*,*,*,*,*,*,- 0,- 0,- 0
2022,Census Tract,2.0279.00,14,"1,100","1,744",14,- 0,2.50,2.48,7.17,7.78,12,1.84,2.59,*,- 0,- 0,- 0,- 0,- 0,- 0,- 0,- 0,- 0
2022,Census Tract,2.0283.00,71,"2,165","5,672",62,*,4.00,4.74,10.01,10.19,44,3.96,5.29,*,*,*,*,*,*,*,- 0,- 0,- 0
2022,Census Tract,2.0285.00,22,"1,439","2,277",20,*,2.21,2.64,4.29,6.15,14,2.01,2.71,*,*,*,*,*,*,*,- 0,- 0,- 0
2022,Census Tract,2.0287.00,17,"1,500","3,961",17,*,3.00,3.76,6.92,6.58,11,1.58,3.01,*,- 0,- 0,- 0,- 0,- 0,- 0,- 0,- 0,- 0
2022,Census Tract,2.0288.00,32,905,"1,424",29,*,3.21,3.66,5.00,7.74,25,2.25,2.31,10,*,*,*,*,*,*,- 0,- 0,- 0
2022,Census Tract,2.0289.00,125,864,"1,383",118,*,5.00,5.91,10.00,10.60,99,3.00,3.68,35,*,*,*,*,*,*,- 0,- 0,- 0
2022,Census Tract,2.0293.02,41,"1,081","7,630",30,- 0,4.00,4.47,18.68,23.70,30,3.79,4.84,*,- 0,- 0,- 0,11,1.67,2.46,- 0,- 0,- 0
2022,Census Tract,2.0295.00,73,"1,100","1,637",73,- 0,4.00,4.13,10.01,12.52,62,3.46,3.82,21,- 0,- 0,- 0,- 0,- 0,- 0,- 0,- 0,- 0
2022,Census Tract,2.0296.00,23,"3,300","4,190",17,- 0,1.33,2.07,1.00,8.39,*,*,*,*,*,*,*,*,*,*,*,*,*
2022,Census Tract,2.0297.00,31,"1,200","1,522",26,- 0,6.00,6.23,15.22,18.52,21,5.50,4.86,*,*,*,*,*,*,*,- 0,- 0,- 0
2022,Census Tract,2.0300.00,18,"1,463","1,839",14,*,3.00,4.18,1.00,4.21,*,*,*,*,*,*,*,*,*,*,- 0,- 0,- 0
2022,Census Tract,2.0302.00,19,"1,131","2,508",19,- 0,3.00,2.47,10.00,10.90,13,2.00,3.00,*,- 0,- 0,- 0,- 0,- 0,- 0,- 0,- 0,- 0
2022,Census Tract,2.0310.00,12,"9,054","19,824",*,*,*,*,*,*,*,*,*,*,*,*,*,*,*,*,- 0,- 0,- 0
2022,Census Tract,2.0312.00,36,"1,404","2,087",32,- 0,4.00,3.81,1.00,3.80,11,3.67,4.41,*,*,*,*,*,*,*,- 0,- 0,- 0
2022,Census Tract,2.0323.00,13,650,972,12,- 0,3.00,3.83,5.16,9.17,10,3.29,3.31,*,*,*,*,*,*,*,- 0,- 0,- 0
2022,Census Tract,2.0326.00,23,900,"1,431",20,*,3.00,3.23,5.41,10.06,14,3.13,3.57,*,*,*,*,*,*,*,- 0,- 0,- 0
2022,Census Tract,2.0328.00,23,"1,200","2,125",20,*,3.06,3.20,5.12,8.19,17,3.09,4.02,*,*,*,*,*,*,*,- 0,- 0,- 0
2022,Census Tract,2.0330.00,65,"1,132","2,307",61,*,3.00,7.97,10.00,10.84,47,4.16,4.48,*,*,*,*,*,*,*,- 0,- 0,- 0
2022,Census Tract,2.0332.02,20,687,869,18,- 0,5.75,9.00,10.00,12.66,16,4.67,4.74,*,*,*,*,*,*,*,- 0,- 0,- 0
2022,Census Tract,2.0336.00,54,932,"1,905",54,20,8.00,21.38,5.00,6.19,34,3.96,3.82,10,- 0,- 0,- 0,- 0,- 0,- 0,- 0,- 0,- 0
2022,Census Tract,2.0337.00,43,960,"1,648",38,*,3.00,4.38,10.07,11.63,30,3.00,3.86,*,*,*,*,*,*,*,- 0,- 0,- 0
2022,Census Tract,2.0338.00,46,"1,000","2,427",41,- 0,3.58,5.68,1.00,4.48,20,1.37,3.43,11,*,*,*,*,*,*,- 0,- 0,- 0
2022,Census Tract,2.0342.00,23,"1,300","2,596",19,*,2.00,2.62,1.00,3.97,*,*,*,*,*,*,*,*,*,*,- 0,- 0,- 0
2022,Census Tract,2.0344.00,12,800,"1,140",11,*,2.65,2.61,1.00,3.35,*,*,*,*,*,*,*,*,*,*,- 0,- 0,- 0
2022,Census Tract,2.0345.00,14,750,"1,147",12,- 0,3.50,4.05,2.00,3.63,*,*,*,*,*,*,*,*,*,*,- 0,- 0,- 0
2022,Census Tract,2.0348.00,25,"1,100","1,587",25,- 0,2.25,3.52,16.01,16.33,21,3.58,4.10,*,- 0,- 0,- 0,- 0,- 0,- 0,- 0,- 0,- 0
2022,Census Tract,2.0350.00,20,680,"1,517",18,*,2.54,2.36,1.00,3.96,*,*,*,*,*,*,*,*,*,*,- 0,- 0,- 0
2022,Census Tract,2.0358.00,17,"1,200","2,414",15,*,2.00,4.87,1.00,7.36,*,*,*,*,*,*,*,*,*,*,- 0,- 0,- 0
2022,Census Tract,2.0359.00,22,"1,000","2,613",22,- 0,3.00,3.81,10.00,9.67,16,4.38,6.22,*,- 0,- 0,- 0,- 0,- 0,- 0,- 0,- 0,- 0
2022,Census Tract,2.0363.00,29,"1,360","1,868",28,*,5.00,18.39,10.01,15.33,23,2.00,4.17,12,*,*,*,*,*,*,- 0,- 0,- 0
2022,Census Tract,2.0364.00,26,"1,000","2,876",22,- 0,2.50,2.93,1.00,7.45,10,2.42,10.31,*,*,*,*,*,*,*,- 0,- 0,- 0
2022,Census Tract,2.0365.01,33,"1,300","2,174",28,- 0,4.00,4.17,1.00,1.86,*,*,*,*,*,*,*,*,*,*,- 0,- 0,- 0
2022,Census Tract,2.0365.02,26,"1,025","1,809",23,*,4.00,3.96,1.00,5.52,10,3.63,3.78,*,*,*,*,*,*,*,- 0,- 0,- 0
2022,Census Tract,2.0369.01,26,"1,250","2,499",23,- 0,18.00,26.17,1.00,3.56,*,*,*,*,*,*,*,*,*,*,- 0,- 0,- 0
2022,Census Tract,2.0370.00,19,"1,000","1,829",18,*,4.00,4.40,2.50,5.66,*,*,*,*,*,*,*,*,*,*,- 0,- 0,- 0
2022,Census Tract,2.0371.00,22,"1,325","1,282",22,*,8.50,23.19,1.00,5.48,*,*,*,*,- 0,- 0,- 0,- 0,- 0,- 0,- 0,- 0,- 0
2022,Census Tract,2.0372.00,17,500,884,15,*,3.00,3.02,3.00,5.45,12,1.25,1.57,*,*,*,*,*,*,*,- 0,- 0,- 0
2022,Census Tract,2.0373.00,62,950,"1,433",60,*,4.00,14.90,4.00,6.25,28,2.79,3.48,11,*,*,*,*,*,*,*,*,*
2022,Census Tract,2.0374.00,42,"1,225","2,375",37,- 0,3.00,4.31,5.00,5.38,14,2.13,3.41,*,*,*,*,*,*,*,- 0,- 0,- 0
2022,Census Tract,2.0375.04,41,"1,300","3,112",37,- 0,3.00,6.18,10.00,8.97,28,3.83,4.23,10,*,*,*,*,*,*,*,*,*
2022,Census Tract,2.0378.00,15,"1,000","2,053",14,- 0,3.50,4.64,12.42,12.50,14,3.88,4.74,*,*,*,*,*,*,*,- 0,- 0,- 0
2022,Census Tract,2.0379.00,15,"1,400","5,616",13,- 0,4.00,14.69,6.00,6.73,*,*,*,*,*,*,*,*,*,*,- 0,- 0,- 0
2022,Census Tract,2.0380.00,34,700,"2,387",31,*,4.00,3.45,1.00,6.75,15,1.08,5.05,*,*,*,*,*,*,*,- 0,- 0,- 0
2022,Census Tract,2.0381.00,37,300,467,36,*,4.00,12.76,9.96,11.67,26,2.01,4.76,13,*,*,*,*,*,*,- 0,- 0,- 0
2022,Census Tract,2.0383.01,16,628,"1,276",16,- 0,5.42,9.59,8.17,7.82,*,*,*,*,- 0,- 0,- 0,- 0,- 0,- 0,- 0,- 0,- 0
2022,Census Tract,2.0383.02,17,"1,205","4,197",17,- 0,2.00,2.65,10.00,12.67,13,3.25,4.07,*,- 0,- 0,- 0,- 0,- 0,- 0,- 0,- 0,- 0
2022,Census Tract,2.0385.00,31,"1,000","1,808",26,*,3.50,9.15,10.01,11.11,23,4.58,5.81,*,*,*,*,*,*,*,- 0,- 0,- 0
2022,Census Tract,2.0386.00,52,"1,042","1,925",48,*,2.46,2.79,5.28,8.25,28,2.08,3.10,11,*,*,*,*,*,*,- 0,- 0,- 0
2022,Census Tract,2.0387.00,31,"1,231","2,115",27,- 0,3.00,3.24,5.15,8.45,22,3.13,3.89,*,*,*,*,*,*,*,*,*,*
2022,Census Tract,2.0389.00,76,600,"1,887",69,13,6.00,13.09,5.00,6.18,43,3.33,3.98,16,*,*,*,*,*,*,- 0,- 0,- 0
2022,Census Tract,2.0390.00,24,"1,008","1,214",24,*,2.28,3.73,1.00,5.94,*,*,*,*,- 0,- 0,- 0,- 0,- 0,- 0,- 0,- 0,- 0
2022,Census Tract,2.0391.00,103,650,"1,048",91,26,5.16,11.63,4.00,6.36,50,1.58,3.03,17,*,*,*,*,*,*,- 0,- 0,- 0
2022,Census Tract,2.0392.00,17,800,"1,402",15,*,4.00,4.09,4.00,4.91,*,*,*,*,*,*,*,*,*,*,- 0,- 0,- 0
2022,Census Tract,2.0393.00,21,700,"1,028",21,- 0,5.00,11.72,10.01,11.51,20,4.21,3.86,*,- 0,- 0,- 0,- 0,- 0,- 0,- 0,- 0,- 0
2022,Census Tract,2.0394.00,14,"1,150","2,967",11,- 0,4.00,5.79,10.01,9.94,10,3.00,5.03,*,*,*,*,*,*,*,- 0,- 0,- 0
2022,Census Tract,2.0395.00,56,"1,800","3,912",46,- 0,2.00,9.53,5.00,8.01,31,1.33,2.64,16,*,*,*,*,*,*,- 0,- 0,- 0
2022,Census Tract,2.0396.00,43,813,"1,593",41,*,3.00,4.01,1.00,6.05,16,3.33,3.01,*,*,*,*,*,*,*,- 0,- 0,- 0
2022,Census Tract,2.0397.00,46,"1,269","2,919",42,- 0,4.12,6.49,3.00,6.90,20,2.87,7.02,*,*,*,*,*,*,*,- 0,- 0,- 0
2022,Census Tract,2.0399.01,57,"1,356","3,725",46,- 0,5.00,6.36,10.00,9.67,35,2.84,3.42,13,*,*,*,*,*,*,*,*,*
2022,Census Tract,2.0399.02,69,710,"1,959",60,- 0,5.77,8.39,10.15,10.52,42,4.21,5.32,11,*,*,*,*,*,*,- 0,- 0,- 0
2022,Census Tract,2.0401.00,39,"1,200","7,778",36,- 0,5.00,8.36,10.01,12.62,34,3.25,3.84,*,*,*,*,*,*,*,- 0,- 0,- 0
2022,Census Tract,2.0403.02,13,900,"1,181",12,- 0,2.90,2.50,10.00,9.49,10,2.21,2.93,*,*,*,*,*,*,*,- 0,- 0,- 0
2022,Census Tract,2.0403.04,12,684,"2,040",11,- 0,6.00,5.77,6.00,11.25,*,*,*,*,*,*,*,*,*,*,- 0,- 0,- 0
2022,Census Tract,2.0404.00,11,"1,025","1,195",11,*,3.00,3.27,12.51,14.37,11,4.84,5.26,*,- 0,- 0,- 0,- 0,- 0,- 0,- 0,- 0,- 0
2022,Census Tract,2.0405.01,13,650,858,13,- 0,5.00,8.62,10.01,11.60,11,5.00,5.09,- 0,- 0,- 0,- 0,- 0,- 0,- 0,- 0,- 0,- 0
2022,Census Tract,2.0405.02,15,650,"1,043",14,- 0,5.00,10.54,4.50,6.57,*,*,*,*,*,*,*,*,*,*,- 0,- 0,- 0
2022,Census Tract,2.0406.00,54,"1,174","1,402",49,- 0,2.67,3.95,10.18,11.06,42,3.84,4.19,*,*,*,*,*,*,*,- 0,- 0,- 0
2022,Census Tract,2.0407.01,34,883,"1,076",34,10,3.00,4.40,1.00,3.79,12,2.04,3.84,*,- 0,- 0,- 0,- 0,- 0,- 0,- 0,- 0,- 0
2022,Census Tract,2.0407.02,36,749,"1,055",34,*,4.00,7.53,6.32,7.59,30,2.00,2.63,16,*,*,*,*,*,*,- 0,- 0,- 0
2022,Census Tract,2.0408.00,17,"1,173","3,387",15,- 0,2.67,6.24,3.41,8.81,13,2.42,4.36,*,*,*,*,*,*,*,- 0,- 0,- 0
2022,Census Tract,2.0411.00,27,980,"2,391",23,*,3.83,4.13,5.00,6.47,12,4.79,5.23,*,*,*,*,*,*,*,- 0,- 0,- 0
2022,Census Tract,2.0413.00,25,900,958,17,- 0,3.37,3.23,3.33,4.61,10,3.00,3.34,*,*,*,*,*,*,*,- 0,- 0,- 0
2022,Census Tract,2.0414.00,33,"1,425","3,317",24,*,3.00,3.25,4.50,7.83,*,*,*,*,*,*,*,*,*,*,- 0,- 0,- 0
2022,Census Tract,2.0415.00,12,"1,100","1,251",10,*,2.00,1.98,5.00,7.39,*,*,*,*,*,*,*,*,*,*,- 0,- 0,- 0
2022,Census Tract,2.0418.00,43,"1,200","1,703",42,*,3.00,2.70,6.75,8.00,30,3.37,3.53,*,*,*,*,*,*,*,- 0,- 0,- 0
2022,Census Tract,2.0419.00,29,"1,000","1,529",27,- 0,4.00,4.78,11.34,12.46,17,2.00,3.52,*,*,*,*,*,*,*,- 0,- 0,- 0
2022,Census Tract,2.0420.00,24,924,"2,328",19,- 0,4.00,5.49,8.76,9.54,16,1.29,2.95,*,*,*,*,*,*,*,- 0,- 0,- 0
2022,Census Tract,2.0421.00,44,"1,458","2,148",41,- 0,4.00,4.54,2.00,4.95,16,4.63,4.38,*,*,*,*,*,*,*,- 0,- 0,- 0
2022,Census Tract,2.0422.00,57,975,"1,530",48,*,3.00,3.60,5.08,6.91,34,3.00,3.79,14,*,*,*,*,*,*,- 0,- 0,- 0
2022,Census Tract,2.0423.00,39,600,967,36,*,4.00,4.43,6.54,8.38,26,1.71,2.17,17,*,*,*,*,*,*,- 0,- 0,- 0
2022,Census Tract,2.0424.00,18,980,"1,812",18,- 0,3.04,4.39,7.00,9.12,11,4.33,4.30,*,- 0,- 0,- 0,- 0,- 0,- 0,- 0,- 0,- 0
2022,Census Tract,2.0425.00,61,"1,020","1,818",58,11,3.00,3.48,6.00,8.12,36,3.25,3.71,11,*,*,*,*,*,*,- 0,- 0,- 0
2022,Census Tract,2.0429.02,20,758,"1,984",19,*,3.00,3.22,6.00,9.05,12,3.63,3.81,*,*,*,*,*,*,*,- 0,- 0,- 0
2022,Census Tract,2.0431.00,51,750,"2,344",49,- 0,3.00,3.65,9.97,9.65,30,3.92,4.52,*,*,*,*,*,*,*,- 0,- 0,- 0
2022,Census Tract,2.0434.00,59,805,"1,766",50,- 0,3.00,3.18,5.00,8.67,33,2.00,4.16,11,*,*,*,*,*,*,- 0,- 0,- 0
2022,Census Tract,2.0442.00,19,784,"1,074",*,- 0,*,*,*,*,*,*,*,*,*,*,*,*,*,*,- 0,- 0,- 0
2022,Census Tract,2.0449.02,16,834,995,12,*,2.50,2.67,1.00,4.94,*,*,*,- 0,*,*,*,*,*,*,- 0,- 0,- 0
2022,Census Tract,2.0462.01,214,"3,149","8,754",190,*,4.00,5.01,10.47,14.02,177,3.09,4.22,70,*,*,*,*,*,*,- 0,- 0,- 0
2022,Census Tract,2.0462.02,49,"2,840","4,801",45,*,2.00,3.41,10.00,12.19,38,3.00,4.72,13,*,*,*,*,*,*,- 0,- 0,- 0
2022,Census Tract,2.0484.00,27,"1,252","3,296",20,- 0,2.99,2.77,9.87,9.65,15,2.01,2.30,*,*,*,*,*,*,*,- 0,- 0,- 0
2022,Census Tract,2.0516.00,29,"3,000","3,905",16,*,2.00,3.51,9.50,10.09,10,7.13,8.23,*,*,*,*,*,*,*,- 0,- 0,- 0
2022,Census Tract,3,52,"2,108","4,012",31,*,5.00,17.96,10.00,8.13,25,7.89,7.89,*,- 0,- 0,- 0,21,1.00,1.12,*,*,*
2022,Census Tract,3.0001.00,20,"1,242","2,681",20,- 0,6.20,20.01,10.00,15.18,15,6.01,8.97,*,- 0,- 0,- 0,- 0,- 0,- 0,- 0,- 0,- 0
2022,Census Tract,3.0002.00,46,"2,500","3,912",31,*,2.19,4.31,4.00,4.36,15,1.92,2.53,*,*,*,*,*,*,*,- 0,- 0,- 0
2022,Census Tract,3.0005.01,33,"1,250","3,814",23,*,22.50,41.51,4.00,6.28,14,2.63,3.17,*,*,*,*,*,*,*,- 0,- 0,- 0
2022,Census Tract,3.0005.02,58,"1,550","2,849",41,- 0,8.00,13.32,10.01,13.03,27,6.09,8.20,*,*,*,*,*,*,*,- 0,- 0,- 0
2022,Census Tract,3.0007.00,40,"1,080","1,245",32,- 0,11.00,23.10,4.00,8.69,12,9.63,12.81,*,*,*,*,*,*,*,- 0,- 0,- 0
2022,Census Tract,3.0009.00,88,"2,125","5,158",77,*,13.00,27.87,10.01,12.94,63,4.50,5.23,13,*,*,*,*,*,*,- 0,- 0,- 0
2022,Census Tract,3.0011.00,83,"1,760","4,336",63,- 0,7.00,12.48,10.14,11.97,39,4.00,6.20,*,*,*,*,*,*,*,- 0,- 0,- 0
2022,Census Tract,3.0015.00,64,"2,407","8,248",40,- 0,6.00,11.51,6.71,7.33,27,5.09,6.46,*,*,*,*,*,*,*,*,*,*
2022,Census Tract,3.0018.00,157,"5,075","10,117",123,*,2.00,4.38,1.00,1.83,13,1.42,3.36,*,*,*,*,*,*,*,- 0,- 0,- 0
2022,Census Tract,3.0020.00,25,"2,500","3,513",18,- 0,3.00,10.73,3.08,4.33,*,*,*,*,*,*,*,*,*,*,- 0,- 0,- 0
2022,Census Tract,3.0021.00,138,"2,049","2,808",118,*,48.00,45.50,10.00,8.52,77,5.00,5.15,17,*,*,*,*,*,*,*,*,*
2022,Census Tract,3.0022.00,39,"2,060","2,634",33,*,2.65,4.23,10.00,7.15,22,4.67,4.82,*,*,*,*,*,*,*,- 0,- 0,- 0
2022,Census Tract,3.0033.00,50,"1,430","4,528",41,*,6.00,7.30,10.01,9.17,35,5.42,5.72,*,*,*,*,*,*,*,- 0,- 0,- 0
2022,Census Tract,3.0035.00,53,"2,068","11,759",50,- 0,6.00,8.34,15.18,14.92,46,3.09,4.02,17,*,*,*,*,*,*,- 0,- 0,- 0
2022,Census Tract,3.0037.00,122,"2,102","4,683",97,*,7.00,16.22,10.75,13.07,84,6.80,7.03,10,*,*,*,*,*,*,- 0,- 0,- 0
2022,Census Tract,3.0039.00,38,"1,973","2,350",30,- 0,5.50,6.60,1.00,6.06,13,8.42,8.64,*,*,*,*,*,*,*,*,*,*
2022,Census Tract,3.0041.00,45,834,"1,465",40,*,5.50,14.14,6.69,8.35,25,3.67,3.77,*,*,*,*,*,*,*,- 0,- 0,- 0
2022,Census Tract,3.0043.00,71,"1,500","2,928",63,*,8.00,14.81,9.01,8.57,44,4.46,5.26,*,*,*,*,*,*,*,- 0,- 0,- 0
2022,Census Tract,3.0045.00,48,"1,035","2,272",46,*,7.00,9.51,5.52,6.82,30,3.00,3.76,12,*,*,*,*,*,*,- 0,- 0,- 0
2022,Census Tract,3.0049.00,11,"1,000","1,444",*,- 0,*,*,*,*,*,*,*,*,*,*,*,*,*,*,- 0,- 0,- 0
2022,Census Tract,3.0051.00,25,"1,810","3,023",23,*,3.00,8.01,1.41,5.62,12,2.96,3.89,*,*,*,*,*,*,*,- 0,- 0,- 0
2022,Census Tract,3.0053.00,55,770,"6,055",45,*,1.00,3.01,4.00,6.89,34,1.58,2.71,23,*,*,*,*,*,*,- 0,- 0,- 0
2022,Census Tract,3.0054.00,16,602,"1,879",15,- 0,5.00,8.71,7.00,11.93,15,1.50,3.79,*,*,*,*,*,*,*,- 0,- 0,- 0
2022,Census Tract,3.0056.01,16,"1,267","2,291",15,- 0,3.00,3.47,4.83,8.13,*,*,*,*,*,*,*,*,*,*,- 0,- 0,- 0
2022,Census Tract,3.0056.02,10,"1,200","1,415",10,- 0,4.00,11.09,5.00,6.10,*,*,*,*,- 0,- 0,- 0,- 0,- 0,- 0,- 0,- 0,- 0
2022,Census Tract,3.0058.00,57,"1,200","2,377",42,*,4.00,9.16,1.00,6.66,18,2.60,5.72,*,*,*,*,*,*,*,- 0,- 0,- 0
2022,Census Tract,3.0059.00,23,"3,000","4,543",13,- 0,2.00,2.31,5.00,5.22,*,*,*,*,*,*,*,*,*,*,- 0,- 0,- 0
2022,Census Tract,3.0060.00,39,"1,000","1,543",35,*,4.00,6.36,9.00,9.38,28,3.84,4.88,*,*,*,*,*,*,*,- 0,- 0,- 0
2022,Census Tract,3.0062.00,25,650,"1,584",25,- 0,6.50,10.20,3.00,5.93,13,2.92,3.37,*,- 0,- 0,- 0,- 0,- 0,- 0,- 0,- 0,- 0
2022,Census Tract,3.0064.00,32,700,"1,587",27,*,3.57,4.81,5.00,6.59,19,2.42,2.73,*,*,*,*,*,*,*,- 0,- 0,- 0
2022,Census Tract,3.0065.00,28,"1,038","1,382",26,*,6.50,12.74,6.96,8.25,18,2.71,3.16,*,*,*,*,*,*,*,- 0,- 0,- 0
2022,Census Tract,3.0066.00,31,"1,000","1,198",26,*,4.00,4.27,5.79,8.88,19,2.92,3.16,*,*,*,*,*,*,*,- 0,- 0,- 0
2022,Census Tract,3.0067.00,28,"1,219","2,176",23,- 0,6.00,6.13,10.00,8.16,13,6.17,5.88,*,*,*,*,*,*,*,- 0,- 0,- 0
2022,Census Tract,3.0068.00,37,"1,200","2,326",35,- 0,4.00,5.43,5.00,8.12,18,2.55,3.48,*,*,*,*,*,*,*,*,*,*
2022,Census Tract,3.0069.00,43,"1,400","2,888",39,- 0,7.00,13.79,4.00,6.81,19,5.33,6.72,*,*,*,*,*,*,*,- 0,- 0,- 0
2022,Census Tract,3.0071.00,11,"3,750","3,494",10,- 0,2.00,5.80,7.00,9.33,*,*,*,*,*,*,*,*,*,*,- 0,- 0,- 0
2022,Census Tract,3.0074.00,28,825,"1,137",28,*,4.00,6.95,6.00,6.89,18,3.48,4.75,*,- 0,- 0,- 0,- 0,- 0,- 0,- 0,- 0,- 0
2022,Census Tract,3.0075.00,15,"1,400","2,039",10,- 0,7.50,13.16,8.50,6.90,*,*,*,*,*,*,*,*,*,*,- 0,- 0,- 0
2022,Census Tract,3.0076.00,39,"1,000","2,041",30,- 0,4.50,5.67,5.00,7.41,19,3.00,4.11,*,*,*,*,*,*,*,*,*,*
2022,Census Tract,3.0077.00,44,"1,085","2,217",33,- 0,4.00,5.48,5.00,6.59,19,4.42,4.83,*,*,*,*,*,*,*,- 0,- 0,- 0
2022,Census Tract,3.0078.00,42,"1,063","2,780",27,- 0,3.50,4.11,2.00,4.51,*,*,*,*,*,*,*,*,*,*,*,*,*
2022,Census Tract,3.0080.00,23,"1,000","1,285",15,- 0,4.00,4.19,3.00,6.86,*,*,*,*,*,*,*,*,*,*,- 0,- 0,- 0
2022,Census Tract,3.0082.00,20,770,"1,756",18,- 0,6.50,15.70,5.00,8.31,12,3.92,7.49,*,*,*,*,*,*,*,- 0,- 0,- 0
2022,Census Tract,3.0084.00,50,"1,360","3,015",39,*,3.00,6.37,5.00,7.67,20,3.92,4.22,*,*,*,*,*,*,*,- 0,- 0,- 0
2022,Census Tract,3.0088.00,15,531,589,12,- 0,5.00,5.42,8.53,8.35,*,*,*,*,*,*,*,*,*,*,- 0,- 0,- 0
2022,Census Tract,3.0090.00,34,"2,146","2,877",24,*,2.00,2.36,1.00,4.93,10,3.58,4.51,*,*,*,*,*,*,*,- 0,- 0,- 0
2022,Census Tract,3.0092.00,28,"1,534","1,947",19,- 0,2.00,2.94,1.00,3.28,*,*,*,*,*,*,*,*,*,*,- 0,- 0,- 0
2022,Census Tract,3.0094.00,25,855,"1,099",21,*,5.00,6.18,2.00,5.30,*,*,*,*,*,*,*,*,*,*,- 0,- 0,- 0
2022,Census Tract,3.0096.00,36,800,833,31,- 0,6.00,14.35,7.00,7.03,19,1.58,3.45,10,*,*,*,*,*,*,*,*,*
2022,Census Tract,3.0098.00,40,"1,202","1,602",35,*,3.00,5.87,1.00,6.33,16,3.67,5.00,*,*,*,*,*,*,*,- 0,- 0,- 0
2022,Census Tract,3.0100.00,33,957,"1,113",30,*,5.00,7.84,3.08,4.22,14,3.21,3.60,*,*,*,*,*,*,*,- 0,- 0,- 0
2022,Census Tract,3.0101.00,67,"2,500","4,890",55,*,2.00,3.58,1.00,3.14,14,1.63,3.25,*,*,*,*,*,*,*,- 0,- 0,- 0
2022,Census Tract,3.0102.00,27,800,"1,265",23,*,4.58,4.77,1.00,2.65,*,*,*,*,*,*,*,*,*,*,- 0,- 0,- 0
2022,Census Tract,3.0104.00,105,"1,201","1,391",94,10,5.00,6.57,1.00,3.73,36,3.17,3.74,11,*,*,*,*,*,*,*,*,*
2022,Census Tract,3.0106.00,73,"1,500","1,829",63,*,4.00,5.58,1.00,4.59,27,2.84,3.14,*,*,*,*,*,*,*,- 0,- 0,- 0
2022,Census Tract,3.0108.00,64,963,"1,892",55,*,5.00,6.41,4.16,4.22,30,2.71,3.20,13,*,*,*,*,*,*,- 0,- 0,- 0
2022,Census Tract,3.0110.00,12,"1,280","1,765",11,- 0,2.00,4.36,5.00,5.27,*,*,*,*,*,*,*,*,*,*,- 0,- 0,- 0
2022,Census Tract,3.0112.00,16,"1,150","1,178",13,*,5.50,12.45,5.00,9.35,10,1.50,1.63,*,*,*,*,*,*,*,- 0,- 0,- 0
2022,Census Tract,3.0116.00,20,"1,400","1,969",16,*,3.00,3.22,1.00,2.61,*,*,*,*,*,*,*,*,*,*,- 0,- 0,- 0
2022,Census Tract,3.0117.00,23,"2,100","3,516",18,- 0,4.50,11.28,5.00,7.65,*,*,*,*,*,*,*,*,*,*,- 0,- 0,- 0
2022,Census Tract,3.0118.00,69,"3,000","5,367",65,11,3.00,3.95,7.72,7.37,44,3.58,4.11,12,*,*,*,*,*,*,- 0,- 0,- 0
2022,Census Tract,3.0119.00,59,"1,658","7,406",52,*,4.00,13.70,4.79,5.72,31,2.00,3.48,15,*,*,*,*,*,*,- 0,- 0,- 0
2022,Census Tract,3.0120.00,59,"4,000","4,383",45,*,3.00,4.28,5.00,6.79,30,3.84,4.06,*,*,*,*,*,*,*,- 0,- 0,- 0
2022,Census Tract,3.0121.00,25,"1,700","2,543",21,- 0,5.00,9.77,9.67,7.86,14,3.92,4.34,*,*,*,*,*,*,*,- 0,- 0,- 0
2022,Census Tract,3.0122.00,43,850,"1,966",41,*,3.88,4.81,4.08,5.73,24,1.71,2.23,14,*,*,*,*,*,*,- 0,- 0,- 0
2022,Census Tract,3.0126.00,14,700,883,14,*,3.17,8.19,5.50,7.85,*,*,*,*,- 0,- 0,- 0,- 0,- 0,- 0,- 0,- 0,- 0
2022,Census Tract,3.0127.00,25,"2,030","3,270",20,- 0,2.50,11.41,6.25,6.72,11,2.00,2.67,*,*,*,*,*,*,*,- 0,- 0,- 0
2022,Census Tract,3.0129.01,26,"1,030","2,526",19,- 0,11.11,14.15,6.00,7.05,15,3.00,5.12,*,*,*,*,*,*,*,- 0,- 0,- 0
2022,Census Tract,3.0129.02,40,"1,499","2,438",35,- 0,7.50,11.85,10.00,8.79,26,7.09,7.13,*,*,*,*,*,*,*,- 0,- 0,- 0
2022,Census Tract,3.0130.00,43,750,"1,554",38,*,4.00,5.60,6.55,6.55,23,3.00,3.35,*,*,*,*,*,*,*,- 0,- 0,- 0
2022,Census Tract,3.0131.00,28,760,808,27,*,7.50,13.59,5.00,6.40,19,2.75,3.33,*,*,*,*,*,*,*,- 0,- 0,- 0
2022,Census Tract,3.0132.00,19,585,"1,014",16,*,3.00,5.13,5.00,5.20,11,1.00,1.19,*,*,*,*,*,*,*,- 0,- 0,- 0
2022,Census Tract,3.0133.00,40,"1,060","1,939",36,*,5.00,6.13,10.01,8.92,32,4.96,4.49,*,*,*,*,*,*,*,- 0,- 0,- 0
2022,Census Tract,3.0134.00,17,"1,000","1,892",13,- 0,3.40,4.22,7.00,10.74,11,2.84,3.76,*,*,*,*,*,*,*,- 0,- 0,- 0
2022,Census Tract,3.0135.00,24,963,"3,062",22,*,5.07,8.90,1.00,3.18,*,*,*,*,*,*,*,*,*,*,- 0,- 0,- 0
2022,Census Tract,3.0136.00,28,851,963,20,*,4.00,7.19,5.00,6.49,12,1.71,2.48,*,*,*,*,*,*,*,- 0,- 0,- 0
2022,Census Tract,3.0137.00,32,"1,025","2,148",23,- 0,5.00,5.17,5.00,6.64,15,2.00,3.60,*,*,*,*,*,*,*,- 0,- 0,- 0
2022,Census Tract,3.0138.00,45,"1,000","2,078",42,- 0,4.75,5.31,6.00,11.48,31,3.00,5.13,11,*,*,*,*,*,*,- 0,- 0,- 0
2022,Census Tract,3.0139.00,32,"1,400","2,905",29,- 0,4.00,5.85,4.00,7.39,16,6.00,6.61,*,*,*,*,*,*,*,- 0,- 0,- 0
2022,Census Tract,3.0141.00,36,"2,096","3,175",32,- 0,4.00,4.00,8.80,9.43,24,3.98,4.44,*,*,*,*,*,*,*,- 0,- 0,- 0
2022,Census Tract,3.0142.00,26,990,"1,847",18,*,6.33,8.81,1.00,6.18,*,*,*,*,*,*,*,*,*,*,- 0,- 0,- 0
2022,Census Tract,3.0143.00,37,"1,341","1,703",27,*,3.00,5.40,2.00,5.53,*,*,*,- 0,*,*,*,*,*,*,- 0,- 0,- 0
2022,Census Tract,3.0145.00,36,"1,000","1,419",34,- 0,4.00,6.86,5.00,5.51,24,1.25,2.68,12,*,*,*,*,*,*,- 0,- 0,- 0
2022,Census Tract,3.0149.00,28,859,913,26,*,5.00,7.15,5.13,8.81,13,2.42,4.40,*,*,*,*,*,*,*,- 0,- 0,- 0
2022,Census Tract,3.0151.00,32,720,783,30,*,6.82,12.92,6.92,8.79,22,3.84,3.87,*,*,*,*,*,*,*,- 0,- 0,- 0
2022,Census Tract,3.0153.00,27,"1,300","2,416",23,*,8.83,14.84,11.25,11.25,18,4.67,4.23,*,*,*,*,*,*,*,- 0,- 0,- 0
2022,Census Tract,3.0155.00,29,"1,000","1,121",25,*,6.00,9.73,6.00,6.09,17,4.00,4.47,*,*,*,*,*,*,*,- 0,- 0,- 0
2022,Census Tract,3.0157.00,48,"1,000","1,633",43,*,8.00,9.29,5.00,5.98,29,2.25,3.68,12,*,*,*,*,*,*,- 0,- 0,- 0
2022,Census Tract,3.0159.00,41,"1,100","1,503",39,*,8.00,13.18,9.75,8.28,28,3.17,4.29,10,*,*,*,*,*,*,- 0,- 0,- 0
2022,Census Tract,3.0160.00,101,"2,000","5,704",73,- 0,5.00,5.40,5.00,9.22,42,4.58,5.18,*,*,*,*,*,*,*,*,*,*
2022,Census Tract,3.0161.00,46,"1,255","132,393",28,*,8.00,11.08,10.04,15.11,21,3.58,4.97,*,*,*,*,*,*,*,- 0,- 0,- 0
2022,Census Tract,3.0162.00,11,"1,406","2,184",*,- 0,*,*,*,*,*,*,*,*,*,*,*,*,*,*,- 0,- 0,- 0
2022,Census Tract,3.0163.00,23,"1,323","3,204",19,*,4.47,8.44,10.01,9.49,14,4.92,4.89,*,*,*,*,*,*,*,- 0,- 0,- 0
2022,Census Tract,3.0169.00,32,910,902,27,*,6.00,14.78,7.36,8.89,17,3.09,3.53,*,*,*,*,*,*,*,*,*,*
2022,Census Tract,3.0172.00,14,"2,533","3,980",11,*,3.00,3.39,9.38,12.93,*,*,*,- 0,*,*,*,*,*,*,- 0,- 0,- 0
2022,Census Tract,3.0178.00,17,"3,500","4,523",15,*,3.00,4.24,1.00,4.83,*,*,*,*,*,*,*,*,*,*,- 0,- 0,- 0
2022,Census Tract,3.0181.00,24,950,"1,116",23,*,6.50,8.68,5.92,6.37,17,3.09,3.69,*,*,*,*,*,*,*,- 0,- 0,- 0
2022,Census Tract,3.0183.00,22,"1,125","1,843",18,*,4.00,4.94,10.00,10.82,14,7.05,5.59,*,*,*,*,*,*,*,- 0,- 0,- 0
2022,Census Tract,3.0187.00,11,"1,810","3,378",*,- 0,*,*,*,*,*,*,*,*,*,*,*,*,*,*,- 0,- 0,- 0
2022,Census Tract,3.0190.00,23,"1,080","2,204",17,*,3.00,2.90,3.00,5.74,*,*,*,*,*,*,*,*,*,*,- 0,- 0,- 0
2022,Census Tract,3.0191.00,20,"2,025","3,181",18,- 0,4.00,3.59,10.00,8.11,11,6.01,6.56,*,*,*,*,*,*,*,- 0,- 0,- 0
2022,Census Tract,3.0192.00,18,"1,510","5,257",14,- 0,3.42,5.57,6.00,8.22,*,*,*,*,*,*,*,*,*,*,- 0,- 0,- 0
2022,Census Tract,3.0193.00,23,"1,000","2,829",21,- 0,4.00,4.62,1.42,4.89,*,*,*,- 0,*,*,*,*,*,*,- 0,- 0,- 0
2022,Census Tract,3.0194.00,23,"1,110","1,883",19,- 0,2.00,3.12,3.00,5.72,*,*,*,*,*,*,*,*,*,*,- 0,- 0,- 0
2022,Census Tract,3.0195.00,19,"1,100","1,675",16,*,5.00,4.89,8.34,11.28,*,*,*,*,*,*,*,*,*,*,- 0,- 0,- 0
2022,Census Tract,3.0196.00,25,"1,022","2,068",23,- 0,3.00,5.91,4.00,5.28,12,1.71,4.68,*,*,*,*,*,*,*,- 0,- 0,- 0
2022,Census Tract,3.0198.00,10,884,992,10,- 0,2.13,2.43,4.71,4.71,*,*,*,*,- 0,- 0,- 0,- 0,- 0,- 0,- 0,- 0,- 0
2022,Census Tract,3.0199.00,43,"1,896","5,702",30,*,3.50,4.99,10.87,12.34,29,7.25,7.08,*,*,*,*,*,*,*,- 0,- 0,- 0
2022,Census Tract,3.0200.00,20,"1,130","1,748",17,*,4.00,8.60,1.00,3.31,*,*,*,*,*,*,*,*,*,*,- 0,- 0,- 0
2022,Census Tract,3.0201.00,24,900,"1,599",21,- 0,5.13,5.19,1.00,2.55,*,*,*,*,*,*,*,*,*,*,- 0,- 0,- 0
2022,Census Tract,3.0203.00,13,"1,360","1,645",11,- 0,2.52,2.77,1.00,3.52,*,*,*,*,*,*,*,*,*,*,- 0,- 0,- 0
2022,Census Tract,3.0205.00,18,800,"2,091",17,*,6.00,11.56,9.96,9.65,11,6.01,5.13,*,*,*,*,*,*,*,- 0,- 0,- 0
2022,Census Tract,3.0210.00,10,725,759,*,*,*,*,*,*,*,*,*,*,*,*,*,- 0,- 0,- 0,- 0,- 0,- 0
2022,Census Tract,3.0211.00,17,800,"2,622",16,- 0,4.00,3.83,5.00,6.60,10,2.88,2.83,*,*,*,*,*,*,*,- 0,- 0,- 0
2022,Census Tract,3.0212.00,16,"1,025","2,281",14,*,2.63,6.21,3.50,9.74,*,*,*,*,*,*,*,*,*,*,- 0,- 0,- 0
2022,Census Tract,3.0213.00,19,824,"1,082",18,- 0,5.00,5.58,10.01,10.32,18,2.75,3.83,*,*,*,*,*,*,*,- 0,- 0,- 0
2022,Census Tract,3.0214.00,18,"2,000","2,773",17,- 0,1.00,2.28,2.16,5.53,11,1.25,1.71,*,*,*,*,*,*,*,- 0,- 0,- 0
2022,Census Tract,3.0215.00,15,850,"1,350",12,*,5.00,4.67,7.71,7.11,*,*,*,*,*,*,*,*,*,*,- 0,- 0,- 0
2022,Census Tract,3.0217.00,22,810,922,22,- 0,6.00,8.17,7.00,9.02,18,4.38,3.93,*,- 0,- 0,- 0,- 0,- 0,- 0,- 0,- 0,- 0
2022,Census Tract,3.0218.00,19,"1,000","1,683",13,- 0,3.00,2.74,1.00,5.18,*,*,*,*,*,*,*,*,*,*,- 0,- 0,- 0
2022,Census Tract,3.0219.00,10,"1,478","1,589",*,- 0,*,*,*,*,*,*,*,*,- 0,- 0,- 0,*,*,*,- 0,- 0,- 0
2022,Census Tract,3.0220.00,88,"1,100","1,623",71,- 0,3.00,4.42,5.47,7.88,53,2.42,3.24,24,*,*,*,*,*,*,*,*,*
2022,Census Tract,3.0222.00,37,"1,500","2,289",29,*,4.00,5.00,12.01,13.47,26,3.58,5.03,*,*,*,*,*,*,*,- 0,- 0,- 0
2022,Census Tract,3.0224.00,21,"1,500","2,166",20,- 0,3.00,3.24,5.01,7.19,13,2.01,3.20,*,*,*,*,*,*,*,- 0,- 0,- 0
2022,Census Tract,3.0226.00,22,"1,732","2,177",18,- 0,2.09,2.81,8.29,7.69,12,3.00,3.89,*,*,*,*,*,*,*,- 0,- 0,- 0
2022,Census Tract,3.0227.00,58,"1,100","2,679",51,*,3.00,3.97,6.71,9.00,37,2.33,4.41,14,*,*,*,*,*,*,- 0,- 0,- 0
2022,Census Tract,3.0228.00,18,"2,500","3,040",14,*,2.00,4.36,1.50,5.77,*,*,*,*,*,*,*,*,*,*,- 0,- 0,- 0
2022,Census Tract,3.0230.00,26,"1,200","1,374",24,*,3.00,3.44,5.08,7.81,23,1.92,2.59,13,*,*,*,*,*,*,- 0,- 0,- 0
2022,Census Tract,3.0232.00,30,"1,600","1,723",26,- 0,3.00,4.37,15.49,16.76,18,3.00,3.42,*,*,*,*,*,*,*,- 0,- 0,- 0
2022,Census Tract,3.0233.00,17,"1,600","3,142",16,*,4.00,4.27,10.39,10.21,13,6.59,5.98,*,*,*,*,*,*,*,- 0,- 0,- 0
2022,Census Tract,3.0234.00,35,"1,107","1,541",33,- 0,5.00,6.75,6.46,6.78,18,4.96,4.91,*,*,*,*,*,*,*,- 0,- 0,- 0
2022,Census Tract,3.0235.00,14,788,986,12,- 0,3.13,3.40,6.50,6.84,*,*,*,*,*,*,*,*,*,*,- 0,- 0,- 0
2022,Census Tract,3.0236.00,24,800,"1,236",18,- 0,4.38,4.28,10.01,8.43,12,3.29,3.97,*,*,*,*,*,*,*,- 0,- 0,- 0
2022,Census Tract,3.0238.00,13,"1,250","1,582",11,- 0,3.00,3.81,10.01,13.55,*,*,*,*,*,*,*,*,*,*,- 0,- 0,- 0
2022,Census Tract,3.0243.00,13,"1,200","1,355",10,- 0,3.50,3.80,6.50,5.90,*,*,*,*,*,*,*,*,*,*,- 0,- 0,- 0
2022,Census Tract,3.0244.00,11,400,602,11,*,3.00,3.44,3.00,5.65,*,*,*,*,- 0,- 0,- 0,- 0,- 0,- 0,- 0,- 0,- 0
2022,Census Tract,3.0245.00,29,"1,700","2,677",23,*,3.00,3.39,8.00,8.85,17,7.01,8.58,*,*,*,*,*,*,*,- 0,- 0,- 0
2022,Census Tract,3.0247.00,43,"2,500","3,868",35,- 0,4.00,4.31,11.01,12.77,24,2.92,5.32,*,*,*,*,*,*,*,- 0,- 0,- 0
2022,Census Tract,3.0248.00,27,"1,500","3,349",16,*,2.00,6.20,1.00,4.12,*,*,*,*,*,*,*,*,*,*,- 0,- 0,- 0
2022,Census Tract,3.0249.00,16,"1,000","1,110",12,- 0,4.00,4.33,3.00,6.67,*,*,*,*,*,*,*,*,*,*,- 0,- 0,- 0
2022,Census Tract,3.0250.00,12,"2,000","2,866",*,- 0,*,*,*,*,- 0,- 0,- 0,- 0,*,*,*,*,*,*,- 0,- 0,- 0
2022,Census Tract,3.0252.00,38,"1,475","2,666",36,- 0,3.00,4.39,1.00,7.24,15,3.00,4.73,*,*,*,*,*,*,*,- 0,- 0,- 0
2022,Census Tract,3.0253.00,10,"1,100","1,921",10,- 0,4.50,4.30,8.50,8.32,*,*,*,*,- 0,- 0,- 0,- 0,- 0,- 0,- 0,- 0,- 0
2022,Census Tract,3.0254.00,14,"1,000","2,009",13,*,2.00,2.41,7.00,5.94,*,*,*,*,*,*,*,*,*,*,- 0,- 0,- 0
2022,Census Tract,3.0256.00,26,"1,040","1,627",22,*,3.00,3.15,1.00,5.94,*,*,*,- 0,*,*,*,*,*,*,- 0,- 0,- 0
2022,Census Tract,3.0257.00,10,"1,163","1,714",*,- 0,*,*,*,*,*,*,*,- 0,- 0,- 0,- 0,*,*,*,- 0,- 0,- 0
2022,Census Tract,3.0258.00,18,850,"1,501",15,*,3.96,13.13,6.00,6.54,10,3.00,3.46,*,*,*,*,*,*,*,- 0,- 0,- 0
2022,Census Tract,3.0259.01,11,"1,140","1,150",10,- 0,3.00,3.70,5.02,5.59,*,*,*,*,*,*,*,*,*,*,- 0,- 0,- 0
2022,Census Tract,3.0260.00,29,"1,300","1,693",21,*,4.92,6.00,5.00,6.04,16,3.00,2.70,*,*,*,*,*,*,*,- 0,- 0,- 0
2022,Census Tract,3.0261.00,14,650,"1,611",*,- 0,*,*,*,*,*,*,*,- 0,*,*,*,*,*,*,- 0,- 0,- 0
2022,Census Tract,3.0264.00,30,"1,210","1,472",27,- 0,3.00,2.80,3.00,5.45,14,2.50,3.72,*,*,*,*,*,*,*,- 0,- 0,- 0
2022,Census Tract,3.0268.00,15,550,880,10,*,3.00,6.01,4.98,5.07,*,*,*,*,*,*,*,*,*,*,- 0,- 0,- 0
2022,Census Tract,3.0269.00,16,910,939,14,- 0,5.00,4.66,3.50,5.43,*,*,*,*,*,*,*,*,*,*,*,*,*
2022,Census Tract,3.0271.00,15,"1,100","2,308",10,- 0,3.50,3.70,5.00,6.32,*,*,*,*,*,*,*,*,*,*,- 0,- 0,- 0
2022,Census Tract,3.0272.00,13,665,978,13,- 0,3.00,3.62,1.00,3.46,*,*,*,- 0,- 0,- 0,- 0,- 0,- 0,- 0,- 0,- 0,- 0
2022,Census Tract,3.0273.00,23,"1,600","2,493",20,*,2.00,2.86,5.50,7.72,12,2.67,3.70,*,*,*,*,*,*,*,- 0,- 0,- 0
2022,Census Tract,3.0274.00,14,"1,000","1,006",11,- 0,3.00,13.64,3.00,4.08,*,*,*,*,*,*,*,*,*,*,- 0,- 0,- 0
2022,Census Tract,3.0275.00,29,625,854,26,*,4.00,4.41,4.98,6.69,20,2.38,4.46,*,*,*,*,*,*,*,- 0,- 0,- 0
2022,Census Tract,3.0276.00,44,"1,525","2,264",38,*,3.00,3.31,3.00,5.37,19,2.84,3.46,*,*,*,*,*,*,*,- 0,- 0,- 0
2022,Census Tract,3.0277.00,14,"1,588","3,941",*,- 0,*,*,*,*,*,*,*,*,- 0,- 0,- 0,*,*,*,- 0,- 0,- 0
2022,Census Tract,3.0278.00,38,"1,000","3,254",36,*,4.00,6.72,6.05,7.43,24,4.40,5.55,*,*,*,*,*,*,*,- 0,- 0,- 0
2022,Census Tract,3.0280.00,16,"1,250","1,498",14,*,2.00,3.27,1.00,4.89,*,*,*,*,*,*,*,*,*,*,- 0,- 0,- 0
2022,Census Tract,3.0281.00,31,"1,000","2,024",29,*,2.00,3.12,5.00,7.31,23,3.58,4.58,*,*,*,*,*,*,*,- 0,- 0,- 0
2022,Census Tract,3.0282.00,14,800,814,11,*,3.83,5.17,6.88,5.52,*,*,*,*,*,*,*,*,*,*,- 0,- 0,- 0
2022,Census Tract,3.0284.00,39,960,"1,268",39,*,34.00,34.49,10.00,9.52,28,4.13,4.57,*,- 0,- 0,- 0,- 0,- 0,- 0,- 0,- 0,- 0
2022,Census Tract,3.0286.00,10,987,"2,009",10,- 0,3.50,3.20,10.01,11.20,*,*,*,*,- 0,- 0,- 0,- 0,- 0,- 0,- 0,- 0,- 0
2022,Census Tract,3.0287.00,13,"1,200","3,230",13,*,4.00,3.56,9.09,9.49,*,*,*,*,- 0,- 0,- 0,- 0,- 0,- 0,- 0,- 0,- 0
2022,Census Tract,3.0288.00,48,"1,755","2,235",44,*,4.09,6.17,4.00,5.92,20,4.63,5.98,*,*,*,*,*,*,*,- 0,- 0,- 0
2022,Census Tract,3.0289.00,18,"1,250","1,607",16,*,3.00,3.02,3.00,4.98,12,0.67,2.31,*,*,*,*,*,*,*,- 0,- 0,- 0
2022,Census Tract,3.0290.00,30,"1,620","2,420",28,- 0,4.00,16.23,4.00,5.31,11,3.75,3.90,*,*,*,*,*,*,*,- 0,- 0,- 0
2022,Census Tract,3.0291.00,66,"3,533","11,135",60,*,4.00,5.22,10.36,14.06,51,2.33,3.65,25,*,*,*,*,*,*,- 0,- 0,- 0
2022,Census Tract,3.0292.00,18,828,"1,409",16,- 0,3.00,3.19,7.96,6.67,12,2.21,2.41,*,*,*,*,*,*,*,- 0,- 0,- 0
2022,Census Tract,3.0294.00,24,"1,625","12,644",23,- 0,4.00,5.18,8.59,7.46,17,6.17,6.22,*,*,*,*,*,*,*,- 0,- 0,- 0
2022,Census Tract,3.0295.00,17,800,827,16,- 0,3.50,4.81,5.08,4.99,*,*,*,*,*,*,*,*,*,*,- 0,- 0,- 0
2022,Census Tract,3.0296.00,54,"1,000","1,688",50,*,4.14,9.41,1.37,5.41,26,2.50,3.77,*,*,*,*,*,*,*,- 0,- 0,- 0
2022,Census Tract,3.0298.00,27,"1,200","2,227",25,*,4.00,4.00,6.00,9.28,14,3.13,8.58,*,*,*,*,*,*,*,- 0,- 0,- 0
2022,Census Tract,3.0300.00,33,"1,200","3,321",30,*,3.00,3.62,1.00,7.26,14,3.50,3.82,*,*,*,*,*,*,*,- 0,- 0,- 0
2022,Census Tract,3.0301.00,17,673,"2,152",17,*,2.75,2.96,8.00,11.24,16,2.63,3.25,*,- 0,- 0,- 0,- 0,- 0,- 0,- 0,- 0,- 0
2022,Census Tract,3.0303.00,11,"4,000","5,808",*,- 0,*,*,*,*,*,*,*,*,- 0,- 0,- 0,*,*,*,- 0,- 0,- 0
2022,Census Tract,3.0305.00,23,"1,625","3,226",16,*,4.50,11.48,8.88,9.12,11,4.67,5.48,*,*,*,*,*,*,*,- 0,- 0,- 0
2022,Census Tract,3.0309.00,14,"1,875","3,310",13,*,3.00,3.36,15.01,16.68,12,4.63,7.55,*,*,*,*,*,*,*,- 0,- 0,- 0
2022,Census Tract,3.0315.00,21,"1,350","1,318",21,*,2.50,2.95,6.00,5.86,13,3.00,3.69,*,- 0,- 0,- 0,- 0,- 0,- 0,- 0,- 0,- 0
2022,Census Tract,3.0317.01,21,"1,100","1,434",20,*,3.00,3.83,6.46,10.38,16,4.00,5.18,*,*,*,*,*,*,*,- 0,- 0,- 0
2022,Census Tract,3.0317.02,13,800,"1,169",12,- 0,5.50,9.76,11.01,11.67,12,4.21,4.53,*,*,*,*,*,*,*,- 0,- 0,- 0
2022,Census Tract,3.0319.00,16,996,"1,024",13,*,2.77,2.82,2.00,4.08,*,*,*,*,*,*,*,*,*,*,- 0,- 0,- 0
2022,Census Tract,3.0321.00,20,874,"1,489",19,*,3.00,7.11,6.79,7.69,17,2.50,3.07,*,*,*,*,*,*,*,- 0,- 0,- 0
2022,Census Tract,3.0323.00,21,960,"1,696",21,*,5.00,12.05,5.01,8.37,12,2.79,3.52,*,- 0,- 0,- 0,- 0,- 0,- 0,- 0,- 0,- 0
2022,Census Tract,3.0325.00,16,838,823,*,- 0,*,*,*,*,*,*,*,- 0,- 0,- 0,- 0,*,*,*,- 0,- 0,- 0
2022,Census Tract,3.0326.00,28,"1,000","1,196",19,*,3.00,3.07,1.00,4.37,*,*,*,*,*,*,*,*,*,*,*,*,*
2022,Census Tract,3.0327.00,26,"1,178","3,830",22,- 0,3.00,6.26,6.95,11.05,15,5.00,5.97,*,*,*,*,*,*,*,- 0,- 0,- 0
2022,Census Tract,3.0328.00,12,"2,847","5,228",12,- 0,6.50,16.25,3.71,9.37,*,*,*,*,- 0,- 0,- 0,- 0,- 0,- 0,- 0,- 0,- 0
2022,Census Tract,3.0329.00,32,975,"1,138",29,*,3.44,3.85,5.50,6.26,22,1.54,2.86,10,*,*,*,*,*,*,- 0,- 0,- 0
2022,Census Tract,3.0331.00,23,700,948,23,- 0,2.08,2.57,5.00,6.46,21,0.67,1.20,10,- 0,- 0,- 0,- 0,- 0,- 0,- 0,- 0,- 0
2022,Census Tract,3.0333.00,16,830,"1,141",16,- 0,4.62,4.43,4.00,4.95,*,*,*,*,- 0,- 0,- 0,- 0,- 0,- 0,- 0,- 0,- 0
2022,Census Tract,3.0337.00,10,980,"1,456",*,- 0,*,*,*,*,*,*,*,*,*,*,*,- 0,- 0,- 0,- 0,- 0,- 0
2022,Census Tract,3.0339.00,10,670,"1,442",*,- 0,*,*,*,*,*,*,*,- 0,*,*,*,*,*,*,- 0,- 0,- 0
2022,Census Tract,3.0342.00,25,"1,917","2,231",24,*,3.00,3.79,1.00,4.52,10,3.58,3.87,*,*,*,*,*,*,*,- 0,- 0,- 0
2022,Census Tract,3.0345.00,21,550,"1,067",18,- 0,3.04,3.50,7.50,9.04,15,3.33,3.73,*,*,*,*,*,*,*,- 0,- 0,- 0
2022,Census Tract,3.0348.00,44,"2,116","4,960",36,*,2.00,6.71,1.00,5.60,14,4.08,5.45,*,*,*,*,*,*,*,- 0,- 0,- 0
2022,Census Tract,3.0349.00,35,820,"1,447",31,- 0,4.00,3.81,5.08,6.56,20,1.54,2.65,*,*,*,*,*,*,*,- 0,- 0,- 0
2022,Census Tract,3.0350.00,19,"2,250","3,172",14,*,14.00,13.23,9.50,7.57,*,*,*,*,*,*,*,*,*,*,- 0,- 0,- 0
2022,Census Tract,3.0351.00,77,875,"1,921",63,*,3.00,5.57,5.00,8.16,35,2.09,3.80,12,*,*,*,*,*,*,*,*,*
2022,Census Tract,3.0352.00,14,"4,827","5,079",13,- 0,1.00,1.85,7.47,12.46,*,*,*,*,*,*,*,*,*,*,- 0,- 0,- 0
2022,Census Tract,3.0353.00,14,550,652,14,*,4.00,3.92,1.00,5.61,*,*,*,*,- 0,- 0,- 0,- 0,- 0,- 0,- 0,- 0,- 0
2022,Census Tract,3.0354.00,31,"1,500","7,343",27,- 0,5.00,4.67,10.00,9.26,20,8.64,9.20,*,*,*,*,*,*,*,- 0,- 0,- 0
2022,Census Tract,3.0355.00,42,719,"1,168",39,- 0,3.00,2.97,6.42,7.79,27,5.09,5.13,*,*,*,*,*,*,*,- 0,- 0,- 0
2022,Census Tract,3.0356.02,15,"1,350","1,748",14,*,3.00,3.86,1.00,5.39,*,*,*,*,*,*,*,*,*,*,- 0,- 0,- 0
2022,Census Tract,3.0359.00,12,780,"2,889",11,- 0,2.80,2.89,10.00,10.11,*,*,*,*,*,*,*,*,*,*,- 0,- 0,- 0
2022,Census Tract,3.0360.01,31,"1,812","2,665",28,*,7.00,11.38,4.54,5.60,*,*,*,*,*,*,*,*,*,*,- 0,- 0,- 0
2022,Census Tract,3.0360.02,17,"1,600","2,338",13,- 0,11.00,13.46,10.00,10.80,*,*,*,*,*,*,*,*,*,*,- 0,- 0,- 0
2022,Census Tract,3.0361.00,21,900,"1,956",18,*,2.00,2.69,10.74,10.67,17,3.00,2.80,*,*,*,*,*,*,*,- 0,- 0,- 0
2022,Census Tract,3.0362.00,61,"1,261","1,733",54,*,5.00,11.01,4.50,6.43,26,3.50,3.81,*,*,*,*,*,*,*,- 0,- 0,- 0
2022,Census Tract,3.0364.00,20,590,"1,087",19,- 0,8.00,8.47,1.00,3.92,11,0.72,2.30,*,*,*,*,*,*,*,- 0,- 0,- 0
2022,Census Tract,3.0373.00,17,"1,309","1,904",17,- 0,3.00,3.07,9.84,7.98,13,4.50,4.67,*,- 0,- 0,- 0,- 0,- 0,- 0,- 0,- 0,- 0
2022,Census Tract,3.0374.02,16,"2,240","4,851",11,- 0,3.00,3.36,1.00,1.74,*,*,*,- 0,*,*,*,*,*,*,- 0,- 0,- 0
2022,Census Tract,3.0375.00,20,800,"2,514",16,*,4.00,4.54,2.50,8.68,12,1.63,7.05,*,*,*,*,*,*,*,- 0,- 0,- 0
2022,Census Tract,3.0377.00,17,600,708,14,*,3.63,3.99,4.00,4.42,*,*,*,*,*,*,*,*,*,*,- 0,- 0,- 0
2022,Census Tract,3.0383.00,10,673,"1,135",*,*,*,*,*,*,*,*,*,*,- 0,- 0,- 0,*,*,*,- 0,- 0,- 0
2022,Census Tract,3.0386.00,50,"2,300","3,782",41,- 0,53.00,42.91,10.38,14.48,32,4.17,5.39,*,*,*,*,*,*,*,*,*,*
2022,Census Tract,3.0387.00,17,735,"1,251",13,- 0,3.00,2.46,2.00,3.97,*,*,*,*,*,*,*,*,*,*,- 0,- 0,- 0
2022,Census Tract,3.0389.00,44,"2,030","3,708",35,*,3.00,4.51,9.00,9.04,19,7.42,7.04,*,*,*,*,*,*,*,- 0,- 0,- 0
2022,Census Tract,3.0391.00,19,875,"1,042",14,*,6.04,7.79,9.00,7.21,11,3.33,4.55,*,*,*,*,*,*,*,- 0,- 0,- 0
2022,Census Tract,3.0392.00,29,"1,415","1,813",24,- 0,3.00,7.67,1.00,3.30,*,*,*,*,*,*,*,*,*,*,- 0,- 0,- 0
2022,Census Tract,3.0393.00,21,"2,000","2,584",19,*,2.00,2.49,2.00,5.20,11,1.84,2.06,*,*,*,*,*,*,*,- 0,- 0,- 0
2022,Census Tract,3.0394.00,28,800,"1,464",26,- 0,5.50,8.21,1.00,4.22,*,*,*,*,*,*,*,*,*,*,- 0,- 0,- 0
2022,Census Tract,3.0395.00,20,"2,750","3,317",17,*,17.00,18.10,10.00,8.79,12,3.15,3.54,*,*,*,*,*,*,*,- 0,- 0,- 0
2022,Census Tract,3.0397.00,23,"2,000","4,633",21,- 0,3.00,2.95,6.07,7.62,15,3.25,3.86,*,*,*,*,*,*,*,- 0,- 0,- 0
2022,Census Tract,3.0398.00,26,"1,200","1,683",23,- 0,5.00,9.73,1.00,3.94,*,*,*,*,*,*,*,*,*,*,- 0,- 0,- 0
2022,Census Tract,3.0400.00,36,"1,800","2,094",29,- 0,3.00,12.05,4.69,7.02,15,3.08,3.70,*,*,*,*,*,*,*,- 0,- 0,- 0
2022,Census Tract,3.0401.00,14,"1,813","2,624",14,- 0,3.88,6.67,10.42,13.62,13,2.50,3.55,*,- 0,- 0,- 0,- 0,- 0,- 0,- 0,- 0,- 0
2022,Census Tract,3.0402.00,21,"1,000","1,394",19,- 0,3.29,3.46,5.00,6.62,*,*,*,*,*,*,*,*,*,*,- 0,- 0,- 0
2022,Census Tract,3.0403.00,11,"1,800","1,980",*,*,*,*,*,*,*,*,*,*,*,*,*,- 0,- 0,- 0,- 0,- 0,- 0
2022,Census Tract,3.0404.00,16,750,"1,805",12,*,2.70,5.78,5.00,5.21,10,1.08,2.65,*,*,*,*,*,*,*,- 0,- 0,- 0
2022,Census Tract,3.0405.00,10,"1,665","2,399",*,*,*,*,*,*,*,*,*,*,*,*,*,- 0,- 0,- 0,- 0,- 0,- 0
2022,Census Tract,3.0408.00,23,650,905,20,*,3.64,3.35,2.71,3.93,12,1.08,2.44,*,*,*,*,*,*,*,- 0,- 0,- 0
2022,Census Tract,3.0412.00,27,"1,800","3,296",24,- 0,3.49,8.27,4.00,6.41,17,2.79,3.47,*,*,*,*,*,*,*,- 0,- 0,- 0
2022,Census Tract,3.0418.00,43,690,"1,588",41,*,4.00,4.07,7.00,11.15,27,2.83,3.98,*,*,*,*,*,*,*,- 0,- 0,- 0
2022,Census Tract,3.0420.00,23,"1,900","3,325",21,- 0,5.00,4.80,8.48,9.25,13,3.84,5.88,*,*,*,*,*,*,*,- 0,- 0,- 0
2022,Census Tract,3.0421.00,18,750,"1,035",12,- 0,3.00,5.10,3.50,5.32,*,*,*,*,*,*,*,*,*,*,- 0,- 0,- 0
2022,Census Tract,3.0422.00,34,"1,100","1,691",30,*,3.00,3.28,6.29,8.87,14,1.58,2.77,*,*,*,*,*,*,*,- 0,- 0,- 0
2022,Census Tract,3.0423.00,14,"1,463","1,996",10,*,1.50,5.90,1.50,4.13,*,*,*,*,*,*,*,*,*,*,- 0,- 0,- 0
2022,Census Tract,3.0424.00,13,"1,626","2,328",*,- 0,*,*,*,*,*,*,*,*,*,*,*,*,*,*,- 0,- 0,- 0
2022,Census Tract,3.0426.00,23,800,"2,076",23,*,4.00,5.23,5.00,8.07,12,3.17,5.49,*,- 0,- 0,- 0,- 0,- 0,- 0,- 0,- 0,- 0
2022,Census Tract,3.0427.00,31,"1,200","2,462",28,- 0,3.00,3.56,5.78,7.11,16,5.65,6.38,*,*,*,*,*,*,*,- 0,- 0,- 0
2022,Census Tract,3.0428.00,14,"2,606","3,128",13,*,3.00,2.65,1.00,4.38,*,*,*,*,*,*,*,*,*,*,- 0,- 0,- 0
2022,Census Tract,3.0429.00,56,"1,000","1,645",53,*,4.00,6.34,9.00,8.18,39,4.58,4.48,10,*,*,*,*,*,*,- 0,- 0,- 0
2022,Census Tract,3.0430.00,21,800,"1,382",19,*,3.00,3.14,5.00,6.92,13,3.95,3.22,*,*,*,*,*,*,*,- 0,- 0,- 0
2022,Census Tract,3.0431.00,57,"2,200","3,206",51,*,4.00,5.43,8.84,10.81,31,6.33,7.40,*,*,*,*,*,*,*,- 0,- 0,- 0
2022,Census Tract,3.0432.00,23,"1,200","1,642",19,*,3.00,4.04,6.00,7.16,16,3.08,3.01,*,*,*,*,*,*,*,- 0,- 0,- 0
2022,Census Tract,3.0433.00,25,"1,007","1,457",22,*,4.00,3.57,3.50,8.42,10,4.04,5.06,*,*,*,*,*,*,*,- 0,- 0,- 0
2022,Census Tract,3.0434.00,12,"1,160","1,901",12,- 0,2.00,2.42,2.52,5.67,*,*,*,*,- 0,- 0,- 0,- 0,- 0,- 0,- 0,- 0,- 0
2022,Census Tract,3.0435.00,14,883,874,13,- 0,3.00,2.54,1.00,4.35,*,*,*,*,*,*,*,*,*,*,- 0,- 0,- 0
2022,Census Tract,3.0436.00,24,720,"1,230",22,*,3.82,4.36,9.39,10.01,17,2.59,3.44,*,*,*,*,*,*,*,- 0,- 0,- 0
2022,Census Tract,3.0438.00,23,"2,000","2,807",19,- 0,3.00,3.37,1.00,3.36,*,*,*,- 0,*,*,*,*,*,*,- 0,- 0,- 0
2022,Census Tract,3.0439.00,50,875,"3,663",45,- 0,3.00,3.16,2.00,4.01,23,3.25,3.33,*,*,*,*,*,*,*,- 0,- 0,- 0
2022,Census Tract,3.0441.00,32,800,"1,317",29,- 0,3.00,3.36,6.00,5.71,16,4.21,4.19,*,*,*,*,*,*,*,- 0,- 0,- 0
2022,Census Tract,3.0442.00,11,"1,150","2,033",10,- 0,3.50,3.77,9.67,8.72,*,*,*,*,*,*,*,*,*,*,- 0,- 0,- 0
2022,Census Tract,3.0443.00,33,700,"1,199",28,*,4.00,3.87,1.50,4.01,13,4.42,3.81,*,*,*,*,*,*,*,*,*,*
2022,Census Tract,3.0445.00,30,850,"1,120",29,*,4.00,5.67,5.08,6.10,18,4.63,5.31,*,*,*,*,*,*,*,- 0,- 0,- 0
2022,Census Tract,3.0447.00,55,"1,822","2,862",52,*,5.00,8.12,10.00,8.53,43,6.18,6.01,*,*,*,*,*,*,*,- 0,- 0,- 0
2022,Census Tract,3.0449.00,42,"6,926","11,041",39,*,3.00,6.94,3.00,6.29,21,2.58,3.53,*,*,*,*,*,*,*,- 0,- 0,- 0
2022,Census Tract,3.0453.00,34,"2,209","3,173",24,- 0,4.00,7.75,5.00,7.25,13,4.58,4.82,*,*,*,*,*,*,*,- 0,- 0,- 0
2022,Census Tract,3.0454.00,27,475,"1,400",19,- 0,3.00,3.05,5.00,11.23,11,4.50,5.62,*,*,*,*,*,*,*,- 0,- 0,- 0
2022,Census Tract,3.0456.00,25,500,993,24,- 0,4.00,4.25,3.50,5.30,13,3.67,4.15,*,*,*,*,*,*,*,- 0,- 0,- 0
2022,Census Tract,3.0462.01,11,760,"1,580",11,- 0,2.00,2.36,1.00,4.08,*,*,*,*,- 0,- 0,- 0,- 0,- 0,- 0,- 0,- 0,- 0
2022,Census Tract,3.0462.02,13,"1,634","5,095",*,- 0,*,*,*,*,*,*,*,*,*,*,*,- 0,- 0,- 0,- 0,- 0,- 0
2022,Census Tract,3.0474.00,29,"1,200","1,558",26,*,3.30,5.83,11.88,11.78,21,2.00,2.66,12,*,*,*,*,*,*,- 0,- 0,- 0
2022,Census Tract,3.0476.00,20,513,951,19,- 0,2.73,4.56,6.00,7.73,10,1.42,1.58,*,*,*,*,*,*,*,- 0,- 0,- 0
2022,Census Tract,3.0477.00,11,"1,000","1,151",10,- 0,3.00,3.40,1.00,2.30,*,*,*,*,*,*,*,*,*,*,- 0,- 0,- 0
2022,Census Tract,3.0478.00,22,913,"2,765",16,*,3.00,2.94,5.33,6.11,12,1.08,1.89,*,*,*,*,*,*,*,- 0,- 0,- 0
2022,Census Tract,3.0480.00,13,"1,332","1,139",12,- 0,3.00,5.08,1.00,4.19,*,*,*,- 0,*,*,*,*,*,*,- 0,- 0,- 0
2022,Census Tract,3.0481.00,21,"2,500","3,275",16,- 0,3.00,5.69,3.50,4.09,*,*,*,*,*,*,*,*,*,*,- 0,- 0,- 0
2022,Census Tract,3.0484.00,15,800,"2,096",15,- 0,5.00,5.33,5.73,6.48,11,2.53,3.17,*,- 0,- 0,- 0,- 0,- 0,- 0,- 0,- 0,- 0
2022,Census Tract,3.0485.00,78,"2,582","5,162",60,*,2.00,3.58,3.00,5.56,39,2.33,3.59,15,*,*,*,*,*,*,- 0,- 0,- 0
2022,Census Tract,3.0486.00,27,520,"1,847",25,*,3.00,3.46,2.00,5.62,13,2.33,5.40,*,*,*,*,*,*,*,- 0,- 0,- 0
2022,Census Tract,3.0491.00,85,"1,350","2,495",69,*,5.00,6.01,5.00,6.71,35,4.58,4.36,*,*,*,*,*,*,*,- 0,- 0,- 0
2022,Census Tract,3.0492.00,17,"1,800","4,748",15,*,2.00,4.57,9.04,18.42,*,*,*,*,*,*,*,*,*,*,- 0,- 0,- 0
2022,Census Tract,3.0493.00,37,"1,316","2,001",31,*,4.00,3.90,8.00,7.20,18,4.00,4.09,*,*,*,*,*,*,*,- 0,- 0,- 0
2022,Census Tract,3.0494.00,15,806,817,14,*,4.00,4.36,6.00,5.34,*,*,*,*,*,*,*,*,*,*,- 0,- 0,- 0
2022,Census Tract,3.0495.00,55,"1,300","1,538",49,*,5.00,8.57,5.00,6.29,37,2.25,3.19,18,*,*,*,*,*,*,- 0,- 0,- 0
2022,Census Tract,3.0496.00,46,728,979,42,*,4.59,5.98,1.00,4.30,18,1.00,2.54,12,*,*,*,*,*,*,- 0,- 0,- 0
2022,Census Tract,3.0497.00,37,"1,176","1,602",26,*,4.64,5.16,6.59,6.65,11,4.50,4.91,- 0,*,*,*,*,*,*,*,*,*
2022,Census Tract,3.0499.00,10,650,923,*,- 0,*,*,*,*,*,*,*,*,*,*,*,*,*,*,*,*,*
2022,Census Tract,3.0501.00,25,"1,600","1,989",22,*,3.50,3.99,2.00,4.83,11,3.00,3.33,*,*,*,*,*,*,*,- 0,- 0,- 0
2022,Census Tract,3.0503.00,21,"1,325","2,315",16,*,3.00,5.56,9.35,7.67,11,4.16,5.22,*,*,*,*,*,*,*,- 0,- 0,- 0
2022,Census Tract,3.0504.00,12,"1,315","3,007",12,- 0,14.33,20.31,14.80,13.19,*,*,*,*,- 0,- 0,- 0,- 0,- 0,- 0,- 0,- 0,- 0
2022,Census Tract,3.0505.00,22,"1,013","1,639",22,- 0,3.00,5.77,6.00,6.56,17,2.50,2.77,*,- 0,- 0,- 0,- 0,- 0,- 0,- 0,- 0,- 0
2022,Census Tract,3.0506.00,20,"1,060",990,12,- 0,3.00,3.54,5.50,6.67,*,*,*,*,*,*,*,*,*,*,- 0,- 0,- 0
2022,Census Tract,3.0507.00,27,"1,450","1,827",22,- 0,3.00,9.51,4.32,7.88,11,3.16,3.64,*,*,*,*,*,*,*,- 0,- 0,- 0
2022,Census Tract,3.0508.01,35,"1,000","2,488",32,*,4.00,5.42,10.13,12.72,28,4.50,4.22,*,*,*,*,*,*,*,- 0,- 0,- 0
2022,Census Tract,3.0508.03,17,"1,000","2,432",17,- 0,3.00,4.84,10.01,14.45,14,3.54,6.72,*,- 0,- 0,- 0,- 0,- 0,- 0,- 0,- 0,- 0
2022,Census Tract,3.0510.02,47,"1,700","2,147",43,*,7.00,9.55,7.00,8.75,30,3.33,3.97,*,*,*,*,*,*,*,- 0,- 0,- 0
2022,Census Tract,3.0511.00,23,"1,100","3,132",21,- 0,2.14,5.14,9.00,10.66,14,2.42,5.35,*,*,*,*,*,*,*,- 0,- 0,- 0
2022,Census Tract,3.0513.00,56,"1,453","2,219",46,*,3.50,5.31,5.00,6.83,29,2.92,4.25,*,*,*,*,*,*,*,*,*,*
2022,Census Tract,3.0514.00,11,322,918,10,- 0,5.00,5.60,1.00,2.80,*,*,*,*,*,*,*,*,*,*,- 0,- 0,- 0
2022,Census Tract,3.0515.00,17,932,"1,909",15,- 0,5.00,4.41,10.00,8.93,12,1.99,3.93,*,*,*,*,*,*,*,- 0,- 0,- 0
2022,Census Tract,3.0516.01,10,825,"1,440",*,*,*,*,*,*,*,*,*,*,- 0,- 0,- 0,*,*,*,- 0,- 0,- 0
2022,Census Tract,3.0516.02,14,"1,306","1,663",13,- 0,3.10,3.65,4.16,5.97,*,*,*,*,*,*,*,*,*,*,- 0,- 0,- 0
2022,Census Tract,3.0517.00,22,"1,200","1,339",18,- 0,4.00,10.85,10.00,7.60,13,5.67,4.58,*,*,*,*,*,*,*,- 0,- 0,- 0
2022,Census Tract,3.0518.00,13,695,"1,426",12,*,2.00,2.75,15.00,10.87,10,2.04,1.80,10,*,*,*,*,*,*,- 0,- 0,- 0
2022,Census Tract,3.0519.00,47,"1,440","3,044",38,*,4.50,4.89,9.99,8.54,31,3.64,4.24,10,*,*,*,*,*,*,- 0,- 0,- 0
2022,Census Tract,3.0520.00,18,633,811,15,- 0,6.00,5.85,10.00,7.93,*,*,*,*,*,*,*,*,*,*,- 0,- 0,- 0
2022,Census Tract,3.0523.00,49,"1,031","1,311",40,- 0,6.55,10.37,8.13,10.11,33,4.33,4.80,*,*,*,*,*,*,*,- 0,- 0,- 0
2022,Census Tract,3.0525.00,56,"1,613","2,781",46,*,4.00,12.34,10.02,12.39,30,5.55,5.60,*,*,*,*,*,*,*,*,*,*
2022,Census Tract,3.0526.00,22,600,929,21,*,3.00,3.75,8.00,16.49,15,6.84,14.40,*,*,*,*,*,*,*,- 0,- 0,- 0
2022,Census Tract,3.0527.00,39,800,"1,362",33,*,4.00,8.01,4.33,5.28,14,2.46,3.05,*,*,*,*,*,*,*,- 0,- 0,- 0
2022,Census Tract,3.0530.00,29,"1,700","2,558",25,*,5.00,11.50,11.00,13.91,21,9.01,8.30,*,*,*,*,*,*,*,- 0,- 0,- 0
2022,Census Tract,3.0531.00,21,"1,200","1,642",18,- 0,3.00,5.67,9.50,9.22,15,1.62,2.53,*,*,*,*,*,*,*,- 0,- 0,- 0
2022,Census Tract,3.0533.00,30,939,"1,002",28,- 0,2.00,2.44,4.00,6.99,12,3.00,3.57,*,*,*,*,*,*,*,- 0,- 0,- 0
2022,Census Tract,3.0534.00,28,"1,270","2,037",25,*,3.00,3.30,2.00,6.47,11,2.00,2.92,*,*,*,*,*,*,*,- 0,- 0,- 0
2022,Census Tract,3.0535.00,25,920,"1,421",20,- 0,3.00,3.45,10.46,13.43,10,1.50,2.33,*,*,*,*,*,*,*,- 0,- 0,- 0
2022,Census Tract,3.0538.00,28,806,987,26,- 0,3.41,5.72,6.50,8.09,18,2.50,3.49,*,*,*,*,*,*,*,- 0,- 0,- 0
2022,Census Tract,3.0543.00,41,"4,608","8,567",*,*,*,*,*,*,15,7.84,6.23,*,*,*,*,19,4.00,3.68,17,3.00,3.00
2022,Census Tract,3.0549.00,49,"1,400","1,936",44,*,4.00,4.39,8.09,7.89,39,1.58,2.70,19,*,*,*,*,*,*,- 0,- 0,- 0
2022,Census Tract,3.0550.00,14,"1,850","1,685",13,- 0,6.00,7.46,1.00,6.42,*,*,*,*,*,*,*,*,*,*,- 0,- 0,- 0
2022,Census Tract,3.0551.00,55,"1,500","2,032",46,*,7.50,13.14,10.01,9.04,39,6.17,6.02,*,*,*,*,*,*,*,- 0,- 0,- 0
2022,Census Tract,3.0552.00,49,"1,300","3,182",41,- 0,5.36,8.68,7.00,9.49,27,4.42,5.67,*,*,*,*,*,*,*,- 0,- 0,- 0
2022,Census Tract,3.0553.00,99,"1,950","4,151",94,*,9.00,10.72,6.00,7.37,54,4.46,5.78,*,*,*,*,*,*,*,- 0,- 0,- 0
2022,Census Tract,3.0554.00,98,"1,800","4,433",71,*,4.00,7.61,7.00,9.67,51,3.33,4.64,18,13,1.00,3.48,14,1.00,1.43,- 0,- 0,- 0
2022,Census Tract,3.0555.00,146,"1,894","2,850",128,*,7.00,10.88,10.01,9.20,105,5.59,5.81,19,*,*,*,*,*,*,- 0,- 0,- 0
2022,Census Tract,3.0557.00,58,"2,550","3,782",37,*,7.00,21.31,10.00,9.68,36,4.91,4.64,10,*,*,*,*,*,*,- 0,- 0,- 0
2022,Census Tract,3.0561.00,93,"1,000","2,724",79,*,6.00,21.38,3.09,6.04,42,2.65,3.37,12,*,*,*,*,*,*,- 0,- 0,- 0
2022,Census Tract,3.0563.00,49,"1,520","2,426",40,*,4.00,11.27,10.00,11.64,30,7.42,10.07,*,*,*,*,*,*,*,- 0,- 0,- 0
2022,Census Tract,3.0564.00,15,"1,300","1,559",13,*,19.00,15.23,1.00,5.38,*,*,*,*,*,*,*,*,*,*,- 0,- 0,- 0
2022,Census Tract,3.0565.00,70,"1,173","2,042",59,*,7.44,23.18,1.00,4.05,20,4.69,4.65,*,*,*,*,*,*,*,*,*,*
2022,Census Tract,3.0566.00,13,"2,466","5,492",10,- 0,2.00,2.84,12.51,11.41,10,4.50,5.42,*,*,*,*,*,*,*,- 0,- 0,- 0
2022,Census Tract,3.0569.00,56,945,"1,801",49,*,6.00,10.31,4.33,5.56,24,5.02,4.60,*,*,*,*,*,*,*,- 0,- 0,- 0
2022,Census Tract,3.0570.00,47,"1,143","2,035",42,*,3.00,5.19,11.66,12.93,31,5.92,7.29,*,*,*,*,*,*,*,- 0,- 0,- 0
2022,Census Tract,3.0571.00,38,875,"1,305",31,*,3.64,7.37,6.35,7.62,20,1.96,3.57,*,*,*,*,*,*,*,- 0,- 0,- 0
2022,Census Tract,3.0573.00,14,"1,288","2,896",11,*,2.00,4.44,3.00,6.88,*,*,*,*,*,*,*,*,*,*,- 0,- 0,- 0
2022,Census Tract,3.0574.00,29,"1,034","1,698",29,*,4.42,9.87,4.00,4.50,10,2.42,3.41,*,- 0,- 0,- 0,- 0,- 0,- 0,- 0,- 0,- 0
2022,Census Tract,3.0575.00,50,"1,197","1,773",44,*,5.00,5.63,10.01,10.74,38,6.13,6.03,*,*,*,*,*,*,*,- 0,- 0,- 0
2022,Census Tract,3.0576.00,19,550,892,17,- 0,3.00,2.85,1.00,2.39,*,*,*,- 0,*,*,*,*,*,*,- 0,- 0,- 0
2022,Census Tract,3.0578.00,48,705,"1,239",44,*,5.00,9.53,4.67,5.96,29,2.50,3.46,11,*,*,*,*,*,*,- 0,- 0,- 0
2022,Census Tract,3.0579.00,26,"2,239","3,797",19,- 0,3.00,7.16,1.00,2.53,*,*,*,*,*,*,*,*,*,*,- 0,- 0,- 0
2022,Census Tract,3.0580.00,23,"1,465","3,022",23,*,4.00,7.07,10.01,8.90,16,3.00,5.86,*,- 0,- 0,- 0,- 0,- 0,- 0,- 0,- 0,- 0
2022,Census Tract,3.0582.00,27,800,"1,050",27,*,4.87,9.03,5.00,7.64,19,3.42,3.60,*,- 0,- 0,- 0,- 0,- 0,- 0,- 0,- 0,- 0
2022,Census Tract,3.0588.00,21,"2,000","2,155",17,- 0,3.00,3.06,1.00,3.32,*,*,*,*,*,*,*,*,*,*,- 0,- 0,- 0
2022,Census Tract,3.0589.00,27,"3,500","4,191",20,- 0,2.00,4.15,1.50,4.76,*,*,*,*,*,*,*,*,*,*,- 0,- 0,- 0
2022,Census Tract,3.0590.00,22,"1,212","1,845",20,- 0,4.00,3.96,1.00,1.17,- 0,- 0,- 0,- 0,*,*,*,*,*,*,- 0,- 0,- 0
2022,Census Tract,3.0591.00,14,"1,020","1,685",12,- 0,4.00,9.10,3.50,6.55,*,*,*,*,*,*,*,*,*,*,- 0,- 0,- 0
2022,Census Tract,3.0592.00,24,"1,283","5,609",22,- 0,4.00,4.42,4.50,5.40,13,3.00,2.75,*,*,*,*,*,*,*,- 0,- 0,- 0
2022,Census Tract,3.0593.00,15,"5,000","6,959",13,*,2.00,2.67,1.00,3.85,*,*,*,*,*,*,*,*,*,*,- 0,- 0,- 0
2022,Census Tract,3.0594.01,32,750,"1,112",27,*,3.00,6.79,3.00,4.32,16,1.00,2.00,10,*,*,*,*,*,*,- 0,- 0,- 0
2022,Census Tract,3.0594.02,49,"1,700","2,607",48,*,3.00,4.57,8.00,9.69,30,3.50,4.56,*,*,*,*,*,*,*,- 0,- 0,- 0
2022,Census Tract,3.0596.00,33,"1,133","3,497",28,- 0,4.00,5.68,10.61,15.02,21,6.50,6.93,*,*,*,*,*,*,*,- 0,- 0,- 0
2022,Census Tract,3.0600.00,36,"2,000","3,593",32,*,5.00,23.48,6.63,8.34,22,4.54,4.95,*,*,*,*,*,*,*,- 0,- 0,- 0
2022,Census Tract,3.0606.00,101,"1,300","2,076",86,13,4.00,6.15,5.00,6.00,36,2.58,2.93,16,- 0,- 0,- 0,15,1.00,0.90,- 0,- 0,- 0
2022,Census Tract,3.0608.00,37,"3,267","4,550",32,- 0,5.00,11.00,7.00,9.34,16,5.28,6.71,*,*,*,*,*,*,*,- 0,- 0,- 0
2022,Census Tract,3.0610.03,14,"1,166","1,223",12,- 0,4.00,5.00,6.21,8.46,*,*,*,*,*,*,*,*,*,*,- 0,- 0,- 0
2022,Census Tract,3.0610.04,46,658,"1,818",39,*,6.00,12.64,3.00,5.16,13,5.76,4.69,*,*,*,*,*,*,*,- 0,- 0,- 0
2022,Census Tract,3.0622.00,10,"1,747","1,864",*,- 0,*,*,*,*,*,*,*,- 0,*,*,*,*,*,*,- 0,- 0,- 0
2022,Census Tract,3.0628.00,20,"1,385","2,012",15,*,25.00,19.60,1.00,2.40,*,*,*,*,*,*,*,*,*,*,- 0,- 0,- 0
2022,Census Tract,3.0652.00,19,"1,430","2,039",11,*,3.00,3.04,5.00,11.18,*,*,*,*,*,*,*,*,*,*,- 0,- 0,- 0
2022,Census Tract,3.0662.00,31,"2,400","6,867",23,- 0,3.00,3.94,1.00,3.87,*,*,*,*,*,*,*,*,*,*,- 0,- 0,- 0
2022,Census Tract,3.0670.00,11,"2,246","2,517",11,- 0,5.00,4.40,9.75,9.46,*,*,*,- 0,- 0,- 0,- 0,- 0,- 0,- 0,- 0,- 0,- 0
2022,Census Tract,3.0672.00,15,"3,300","3,800",14,- 0,18.50,14.43,4.95,9.25,*,*,*,*,*,*,*,*,*,*,- 0,- 0,- 0
2022,Census Tract,3.0674.00,10,"1,723","3,376",*,- 0,*,*,*,*,*,*,*,- 0,*,*,*,- 0,- 0,- 0,- 0,- 0,- 0
2022,Census Tract,3.0676.00,10,"1,800","3,447",*,- 0,*,*,*,*,*,*,*,- 0,*,*,*,- 0,- 0,- 0,- 0,- 0,- 0
2022,Census Tract,3.0680.00,18,"2,128","3,354",16,*,2.00,2.15,5.88,8.54,*,*,*,*,*,*,*,*,*,*,- 0,- 0,- 0
2022,Census Tract,3.0682.00,16,"2,310","3,150",11,- 0,1.58,1.75,1.00,3.91,*,*,*,*,*,*,*,*,*,*,- 0,- 0,- 0
2022,Census Tract,3.0690.00,11,"1,500","1,845",10,- 0,1.50,1.90,1.00,10.40,- 0,- 0,- 0,- 0,*,*,*,*,*,*,- 0,- 0,- 0
2022,Census Tract,3.0696.02,14,"1,499","1,886",13,*,4.46,5.93,6.75,8.57,*,*,*,- 0,*,*,*,*,*,*,- 0,- 0,- 0
2022,Census Tract,3.0698.00,20,"1,500","11,429",17,*,3.47,9.01,10.01,14.29,13,4.09,4.82,*,*,*,*,*,*,*,- 0,- 0,- 0
2022,Census Tract,3.0722.00,24,"1,304","3,128",23,*,2.00,2.74,3.42,7.71,*,*,*,*,*,*,*,*,*,*,- 0,- 0,- 0
2022,Census Tract,3.0728.00,14,"1,500","3,370",12,- 0,3.00,5.83,1.00,4.05,*,*,*,*,*,*,*,*,*,*,- 0,- 0,- 0
2022,Census Tract,3.0736.00,16,"1,420","2,220",13,*,5.00,13.31,10.00,8.97,10,4.05,5.51,- 0,*,*,*,*,*,*,- 0,- 0,- 0
2022,Census Tract,3.0740.00,23,700,"1,427",21,- 0,3.29,6.25,5.00,5.43,12,3.67,3.64,*,*,*,*,*,*,*,- 0,- 0,- 0
2022,Census Tract,3.0746.00,22,"3,240","4,133",*,- 0,*,*,*,*,*,*,*,*,14,1.00,1.00,*,*,*,- 0,- 0,- 0
2022,Census Tract,3.0750.00,10,"1,030","1,353",*,- 0,*,*,*,*,*,*,*,*,*,*,*,- 0,- 0,- 0,- 0,- 0,- 0
2022,Census Tract,3.0768.00,22,"1,243","3,296",20,- 0,3.00,3.60,10.00,11.86,18,3.01,3.71,*,*,*,*,*,*,*,- 0,- 0,- 0
2022,Census Tract,3.0770.00,14,860,753,12,- 0,5.50,4.58,1.00,2.39,*,*,*,*,*,*,*,*,*,*,- 0,- 0,- 0
2022,Census Tract,3.0774.00,42,"4,086","11,061",37,- 0,5.50,24.11,10.53,11.93,30,4.38,5.63,*,*,*,*,*,*,*,- 0,- 0,- 0
2022,Census Tract,3.0784.00,11,700,"1,209",*,- 0,*,*,*,*,- 0,- 0,- 0,- 0,- 0,- 0,- 0,*,*,*,- 0,- 0,- 0
2022,Census Tract,3.0786.00,25,981,"1,402",24,- 0,4.00,22.06,6.33,6.83,18,1.92,2.82,*,*,*,*,*,*,*,- 0,- 0,- 0
2022,Census Tract,3.0790.00,30,"1,350","1,852",25,*,3.00,5.75,5.33,5.40,12,4.17,4.75,*,*,*,*,*,*,*,- 0,- 0,- 0
2022,Census Tract,3.0792.00,22,"1,850","2,646",19,- 0,4.00,8.15,5.00,6.37,*,*,*,*,*,*,*,*,*,*,- 0,- 0,- 0
2022,Census Tract,3.0794.00,47,"1,700","6,776",38,- 0,4.00,11.90,3.98,6.36,20,5.31,6.23,*,*,*,*,*,*,*,- 0,- 0,- 0
2022,Census Tract,3.0796.01,16,950,"1,111",15,- 0,3.13,6.83,10.00,8.31,13,1.08,2.34,*,*,*,*,*,*,*,- 0,- 0,- 0
2022,Census Tract,3.0796.02,30,"1,872","3,362",25,- 0,5.00,5.33,10.27,12.00,20,3.67,3.91,*,*,*,*,*,*,*,- 0,- 0,- 0
2022,Census Tract,3.0798.01,24,750,732,23,- 0,5.00,5.32,13.09,14.94,19,2.84,4.40,*,*,*,*,*,*,*,- 0,- 0,- 0
2022,Census Tract,3.0798.02,56,730,955,56,- 0,4.00,3.88,10.32,11.09,50,3.46,3.75,*,- 0,- 0,- 0,- 0,- 0,- 0,- 0,- 0,- 0
2022,Census Tract,3.0800.00,21,532,631,20,- 0,3.00,6.50,5.00,5.33,10,3.96,3.77,- 0,*,*,*,*,*,*,- 0,- 0,- 0
2022,Census Tract,3.0802.00,24,800,"1,227",15,- 0,2.00,2.05,1.00,2.71,*,*,*,*,*,*,*,*,*,*,- 0,- 0,- 0
2022,Census Tract,3.0804.00,24,750,"2,177",15,- 0,3.00,3.23,10.00,13.99,12,1.92,2.22,*,*,*,*,*,*,*,- 0,- 0,- 0
2022,Census Tract,3.0806.00,17,610,"2,003",16,*,16.00,12.61,5.04,7.17,16,1.46,1.80,11,*,*,*,*,*,*,- 0,- 0,- 0
2022,Census Tract,3.0810.00,10,600,"1,618",*,- 0,*,*,*,*,*,*,*,*,- 0,- 0,- 0,*,*,*,- 0,- 0,- 0
2022,Census Tract,3.0814.00,14,"1,700","2,214",13,- 0,3.00,3.48,10.00,6.82,*,*,*,*,*,*,*,*,*,*,- 0,- 0,- 0
2022,Census Tract,3.0818.00,18,"1,250","1,788",13,*,3.00,3.40,5.00,5.65,*,*,*,*,*,*,*,*,*,*,- 0,- 0,- 0
2022,Census Tract,3.0820.00,31,900,"1,414",30,- 0,2.50,3.17,8.96,11.16,28,2.00,2.36,16,*,*,*,*,*,*,- 0,- 0,- 0
2022,Census Tract,3.0824.00,28,"1,000","1,574",28,- 0,3.00,5.59,7.46,10.33,21,1.92,3.99,*,- 0,- 0,- 0,- 0,- 0,- 0,- 0,- 0,- 0
2022,Census Tract,3.0826.00,19,999,"1,189",18,*,2.00,3.78,5.00,5.63,12,2.13,2.72,*,*,*,*,*,*,*,- 0,- 0,- 0
2022,Census Tract,3.0828.00,26,900,"1,429",18,- 0,4.00,4.64,7.00,8.38,12,5.38,5.77,*,*,*,*,*,*,*,- 0,- 0,- 0
2022,Census Tract,3.0830.00,13,"1,212","2,641",12,- 0,62.50,59.42,1.00,0.89,- 0,- 0,- 0,- 0,*,*,*,*,*,*,- 0,- 0,- 0
2022,Census Tract,3.0838.00,17,"1,200","1,611",11,*,3.00,3.11,1.00,1.79,- 0,- 0,- 0,- 0,*,*,*,*,*,*,- 0,- 0,- 0
2022,Census Tract,3.0840.00,23,"1,200","1,717",20,*,3.00,6.29,1.00,6.36,*,*,*,*,*,*,*,*,*,*,- 0,- 0,- 0
2022,Census Tract,3.0846.00,21,800,"2,215",16,- 0,3.00,3.19,1.00,5.54,*,*,*,*,*,*,*,*,*,*,- 0,- 0,- 0
2022,Census Tract,3.0856.00,18,788,"1,808",16,- 0,2.00,2.58,8.15,7.66,14,1.75,3.10,*,*,*,*,*,*,*,- 0,- 0,- 0
2022,Census Tract,3.0858.00,18,"1,020","2,212",16,*,3.00,3.31,3.00,5.58,*,*,*,*,*,*,*,*,*,*,- 0,- 0,- 0
2022,Census Tract,3.0860.00,17,"1,192","1,357",14,*,2.00,3.29,6.00,6.36,11,1.50,2.21,*,*,*,*,*,*,*,- 0,- 0,- 0
2022,Census Tract,4.0115.00,102,"1,193","1,909",90,*,5.00,6.88,9.50,9.63,55,4.84,4.97,10,*,*,*,*,*,*,*,*,*
2022,Census Tract,3.0862.00,26,900,"2,211",22,*,3.00,9.87,7.71,7.93,17,2.01,3.24,*,*,*,*,*,*,*,- 0,- 0,- 0
2022,Census Tract,3.0866.00,14,474,"1,613",12,- 0,3.00,2.29,5.00,6.42,11,3.20,3.48,*,*,*,*,*,*,*,- 0,- 0,- 0
2022,Census Tract,3.0868.00,43,"1,112","2,078",34,*,4.00,4.17,10.00,12.46,25,3.00,5.61,*,*,*,*,*,*,*,- 0,- 0,- 0
2022,Census Tract,3.0870.00,15,700,"1,390",13,*,3.00,3.82,1.00,3.78,*,*,*,*,*,*,*,*,*,*,- 0,- 0,- 0
2022,Census Tract,3.0878.00,21,897,"1,766",18,- 0,2.00,2.52,1.00,4.57,*,*,*,*,*,*,*,*,*,*,- 0,- 0,- 0
2022,Census Tract,3.0880.00,14,"1,125","2,499",13,*,4.00,3.38,1.00,8.60,*,*,*,*,*,*,*,*,*,*,- 0,- 0,- 0
2022,Census Tract,3.0882.00,11,"1,100","2,773",*,- 0,*,*,*,*,*,*,*,*,*,*,*,*,*,*,- 0,- 0,- 0
2022,Census Tract,3.0888.00,11,"1,815","2,594",*,- 0,*,*,*,*,*,*,*,- 0,*,*,*,*,*,*,- 0,- 0,- 0
2022,Census Tract,3.0890.00,31,"1,200","1,518",24,- 0,3.00,2.80,6.50,6.29,14,3.13,4.53,*,*,*,*,*,*,*,- 0,- 0,- 0
2022,Census Tract,3.0892.00,76,"2,000","2,933",70,*,3.00,3.28,10.09,12.23,59,3.50,5.16,21,*,*,*,*,*,*,- 0,- 0,- 0
2022,Census Tract,3.0900.00,33,"1,000","4,127",28,*,2.50,3.04,3.00,7.07,20,1.81,4.36,11,*,*,*,*,*,*,- 0,- 0,- 0
2022,Census Tract,3.0902.00,43,"1,763","2,684",34,- 0,3.00,3.24,10.71,10.86,15,4.33,5.92,*,*,*,*,*,*,*,- 0,- 0,- 0
2022,Census Tract,3.0906.00,69,"1,870","2,690",54,*,2.00,2.55,1.50,6.09,20,2.54,3.26,*,*,*,*,*,*,*,- 0,- 0,- 0
2022,Census Tract,3.0908.00,25,"1,500","2,514",16,- 0,1.90,1.99,14.84,16.01,14,3.84,4.23,*,*,*,*,*,*,*,*,*,*
2022,Census Tract,3.0924.00,68,"1,588","2,823",62,*,4.00,3.87,9.88,9.17,47,2.67,3.47,15,*,*,*,*,*,*,- 0,- 0,- 0
2022,Census Tract,3.0930.00,11,"1,050","1,309",11,- 0,2.00,2.45,5.50,7.55,11,3.50,3.86,*,- 0,- 0,- 0,- 0,- 0,- 0,- 0,- 0,- 0
2022,Census Tract,3.0932.00,33,"4,000","5,821",20,*,8.50,15.12,9.91,7.49,12,5.29,6.51,*,*,*,*,*,*,*,- 0,- 0,- 0
2022,Census Tract,3.0944.01,12,"2,134","3,062",11,- 0,3.00,13.73,10.00,10.40,10,7.34,7.80,- 0,*,*,*,*,*,*,- 0,- 0,- 0
2022,Census Tract,3.0950.00,24,"1,332","1,445",22,- 0,3.67,8.94,5.00,5.79,11,3.33,3.79,*,*,*,*,*,*,*,- 0,- 0,- 0
2022,Census Tract,3.0954.00,28,"1,007","2,207",24,- 0,1.00,2.24,15.51,12.95,15,2.50,2.81,*,*,*,*,*,*,*,- 0,- 0,- 0
2022,Census Tract,3.0956.00,24,"1,200","1,958",23,- 0,3.25,4.15,2.16,7.82,16,2.29,4.14,*,*,*,*,*,*,*,- 0,- 0,- 0
2022,Census Tract,3.0960.00,47,"3,000","8,463",33,- 0,3.00,3.22,10.01,9.26,23,3.75,4.39,*,*,*,*,*,*,*,- 0,- 0,- 0
2022,Census Tract,3.0966.00,11,"1,125","2,205",*,- 0,*,*,*,*,*,*,*,*,*,*,*,- 0,- 0,- 0,- 0,- 0,- 0
2022,Census Tract,3.0968.00,17,"1,376","3,298",16,*,4.00,4.22,5.84,10.46,12,4.46,6.99,*,*,*,*,*,*,*,- 0,- 0,- 0
2022,Census Tract,3.0974.00,37,"1,050","1,774",28,*,4.00,5.14,7.00,9.24,16,3.54,4.04,*,*,*,*,*,*,*,- 0,- 0,- 0
2022,Census Tract,3.1010.00,13,"1,406","1,745",*,*,*,*,*,*,*,*,*,*,*,*,*,- 0,- 0,- 0,- 0,- 0,- 0
2022,Census Tract,3.1070.00,34,"6,321","21,171",25,- 0,3.00,3.00,12.77,14.84,23,4.75,5.19,*,*,*,*,*,*,*,*,*,*
2022,Census Tract,3.1098.00,18,"3,700","5,254",16,*,1.25,3.37,8.51,8.07,12,1.63,1.77,11,*,*,*,*,*,*,- 0,- 0,- 0
2022,Census Tract,3.1104.00,93,"1,344","4,029",83,*,4.00,3.95,1.00,5.24,23,3.16,5.88,*,*,*,*,*,*,*,*,*,*
2022,Census Tract,3.1116.00,12,"2,400","3,751",*,- 0,*,*,*,*,*,*,*,*,*,*,*,- 0,- 0,- 0,- 0,- 0,- 0
2022,Census Tract,3.1132.00,11,"7,535","6,904",*,*,*,*,*,*,*,*,*,*,- 0,- 0,- 0,*,*,*,- 0,- 0,- 0
2022,Census Tract,3.1144.00,22,"1,900","3,434",18,*,2.00,2.18,9.88,7.33,16,3.27,4.10,*,*,*,*,*,*,*,- 0,- 0,- 0
2022,Census Tract,3.1150.00,10,"1,813","2,265",*,- 0,*,*,*,*,*,*,*,*,*,*,*,*,*,*,- 0,- 0,- 0
2022,Census Tract,3.1156.00,13,500,"1,840",11,*,3.00,3.52,8.00,8.10,11,2.92,4.24,*,*,*,*,*,*,*,- 0,- 0,- 0
2022,Census Tract,3.1168.00,10,750,"1,887",*,- 0,*,*,*,*,- 0,- 0,- 0,- 0,*,*,*,*,*,*,- 0,- 0,- 0
2022,Census Tract,3.1174.00,11,750,"1,323",10,- 0,4.00,4.60,3.50,6.18,*,*,*,*,*,*,*,*,*,*,- 0,- 0,- 0
2022,Census Tract,3.1176.01,13,800,"1,409",10,- 0,3.33,7.87,4.00,5.90,*,*,*,- 0,*,*,*,*,*,*,- 0,- 0,- 0
2022,Census Tract,3.1176.02,11,"1,500","3,304",*,*,*,*,*,*,*,*,*,- 0,*,*,*,- 0,- 0,- 0,- 0,- 0,- 0
2022,Census Tract,3.1178.00,10,"2,000","3,396",*,- 0,*,*,*,*,*,*,*,- 0,*,*,*,*,*,*,- 0,- 0,- 0
2022,Census Tract,3.1184.00,17,"1,000","2,384",16,*,2.29,2.93,7.92,7.47,14,1.63,2.21,*,*,*,*,*,*,*,- 0,- 0,- 0
2022,Census Tract,3.1188.00,44,"1,746","2,726",37,*,2.00,2.60,3.84,8.02,17,4.84,6.11,*,*,*,*,*,*,*,- 0,- 0,- 0
2022,Census Tract,3.1190.00,24,"1,600","2,617",20,- 0,3.00,3.12,4.00,6.79,*,*,*,- 0,*,*,*,*,*,*,- 0,- 0,- 0
2022,Census Tract,3.1196.00,17,900,"2,176",16,- 0,3.44,3.87,4.00,4.88,*,*,*,*,*,*,*,*,*,*,- 0,- 0,- 0
2022,Census Tract,3.1198.00,26,"2,150","4,365",19,- 0,2.50,3.59,1.00,5.17,*,*,*,*,*,*,*,*,*,*,- 0,- 0,- 0
2022,Census Tract,3.1220.00,11,"2,294","2,870",11,- 0,4.00,3.27,1.00,6.84,*,*,*,*,- 0,- 0,- 0,- 0,- 0,- 0,- 0,- 0,- 0
2022,Census Tract,3.1237.00,38,"2,325","4,449",36,- 0,2.00,5.06,6.00,7.45,23,1.00,3.08,14,*,*,*,*,*,*,- 0,- 0,- 0
2022,Census Tract,3.1522.00,19,600,"1,293",16,- 0,4.55,5.18,5.00,7.45,11,1.33,4.43,*,*,*,*,*,*,*,- 0,- 0,- 0
2022,Census Tract,4,52,"1,500","2,684",36,*,8.00,17.68,5.50,7.47,27,4.84,6.03,*,*,*,*,*,*,*,*,*,*
2022,Census Tract,4.0001.00,64,"1,589","6,662",59,*,8.00,15.07,5.84,8.15,48,3.21,3.96,20,*,*,*,*,*,*,- 0,- 0,- 0
2022,Census Tract,4.0004.00,17,"1,000","1,432",14,*,2.73,2.84,1.00,4.33,*,*,*,*,*,*,*,*,*,*,- 0,- 0,- 0
2022,Census Tract,4.0007.00,109,"1,500","2,501",94,*,5.00,10.96,5.56,7.85,63,4.16,5.00,15,*,*,*,*,*,*,- 0,- 0,- 0
2022,Census Tract,4.0010.00,14,"2,000","2,814",11,- 0,3.00,2.74,10.01,9.59,*,*,*,*,*,*,*,*,*,*,- 0,- 0,- 0
2022,Census Tract,4.0012.00,12,"1,650","3,503",11,- 0,2.00,2.13,10.15,13.99,10,7.08,6.17,*,*,*,*,*,*,*,- 0,- 0,- 0
2022,Census Tract,4.0018.00,27,"1,200","1,747",25,- 0,2.00,2.66,7.00,6.94,20,2.99,3.46,*,*,*,*,*,*,*,- 0,- 0,- 0
2022,Census Tract,4.0019.00,131,"2,409","7,427",104,*,5.00,7.80,10.01,9.01,78,6.59,6.62,10,*,*,*,*,*,*,*,*,*
2022,Census Tract,4.0022.00,18,"1,160","1,348",18,*,3.08,4.09,10.00,6.67,14,6.01,5.14,*,- 0,- 0,- 0,- 0,- 0,- 0,- 0,- 0,- 0
2022,Census Tract,4.0031.00,33,"1,400","2,367",25,*,3.00,3.84,4.00,5.09,12,4.12,3.94,*,*,*,*,*,*,*,- 0,- 0,- 0
2022,Census Tract,4.0033.00,102,"1,802","3,605",83,*,4.00,14.39,10.00,9.18,62,2.96,3.91,23,*,*,*,*,*,*,- 0,- 0,- 0
2022,Census Tract,4.0034.00,19,"1,481","4,041",18,- 0,3.88,4.72,15.78,17.73,16,4.46,5.73,*,*,*,*,*,*,*,- 0,- 0,- 0
2022,Census Tract,4.0038.00,15,"1,350","1,800",10,*,4.00,4.99,3.54,5.32,*,*,*,*,*,*,*,*,*,*,- 0,- 0,- 0
2022,Census Tract,4.0039.00,17,"2,500","3,405",14,- 0,4.00,11.92,5.00,7.37,*,*,*,*,*,*,*,*,*,*,- 0,- 0,- 0
2022,Census Tract,4.0040.01,23,"1,596","2,016",17,*,2.00,2.52,1.00,2.26,*,*,*,- 0,*,*,*,*,*,*,- 0,- 0,- 0
2022,Census Tract,4.0040.02,20,"1,781","2,869",14,- 0,3.00,3.19,1.00,3.78,*,*,*,*,*,*,*,*,*,*,- 0,- 0,- 0
2022,Census Tract,4.0045.00,12,"1,310","1,722",12,*,4.50,5.81,9.00,9.03,12,5.63,5.04,*,- 0,- 0,- 0,- 0,- 0,- 0,- 0,- 0,- 0
2022,Census Tract,4.0051.00,27,"1,050","1,667",22,*,15.00,16.02,5.00,5.52,11,3.00,3.34,*,*,*,*,*,*,*,- 0,- 0,- 0
2022,Census Tract,4.0053.00,34,"1,040","1,773",31,*,6.00,5.79,1.00,4.74,13,3.33,3.38,*,*,*,*,*,*,*,- 0,- 0,- 0
2022,Census Tract,4.0054.00,19,"1,082","4,518",17,*,3.00,3.23,1.00,3.45,*,*,*,*,*,*,*,*,*,*,- 0,- 0,- 0
2022,Census Tract,4.0055.00,20,"5,500","10,844",16,- 0,3.00,5.40,5.00,5.68,*,*,*,*,*,*,*,*,*,*,- 0,- 0,- 0
2022,Census Tract,4.0057.00,58,"1,024","6,663",51,*,4.00,9.62,6.00,6.76,32,4.88,5.15,*,*,*,*,*,*,*,- 0,- 0,- 0
2022,Census Tract,4.0058.00,21,"1,680","2,518",17,*,3.00,2.94,1.00,1.97,*,*,*,- 0,*,*,*,*,*,*,- 0,- 0,- 0
2022,Census Tract,4.0059.00,42,780,"2,144",35,- 0,6.00,6.98,6.00,9.05,22,3.21,3.56,*,*,*,*,*,*,*,- 0,- 0,- 0
2022,Census Tract,4.0061.00,68,"1,177","2,003",56,- 0,3.33,3.53,9.50,7.45,35,5.33,5.40,*,*,*,*,*,*,*,- 0,- 0,- 0
2022,Census Tract,4.0062.01,43,"1,152","7,226",40,- 0,5.00,4.48,13.67,14.48,39,4.25,5.36,*,*,*,*,*,*,*,- 0,- 0,- 0
2022,Census Tract,4.0062.02,29,"5,213","6,971",25,- 0,3.00,3.01,10.55,12.50,22,8.88,9.92,*,*,*,*,*,*,*,- 0,- 0,- 0
2022,Census Tract,4.0063.00,54,"1,365","2,318",39,*,4.17,6.15,8.00,8.66,28,3.50,3.71,*,*,*,*,*,*,*,*,*,*
2022,Census Tract,4.0065.01,21,800,"1,066",14,*,5.96,7.60,3.00,5.65,*,*,*,- 0,*,*,*,*,*,*,- 0,- 0,- 0
2022,Census Tract,4.0065.02,35,"1,625","3,034",29,*,4.18,5.17,6.99,8.70,19,3.67,3.55,*,*,*,*,*,*,*,- 0,- 0,- 0
2022,Census Tract,4.0069.00,57,600,"1,075",50,*,4.02,4.47,4.84,5.33,28,2.96,3.48,10,*,*,*,*,*,*,- 0,- 0,- 0
2022,Census Tract,4.0071.00,50,"1,250","2,019",40,- 0,4.00,4.61,2.00,6.13,15,5.01,5.37,*,*,*,*,*,*,*,- 0,- 0,- 0
2022,Census Tract,4.0077.00,20,"2,489","3,699",20,- 0,3.00,3.42,22.01,20.28,19,3.42,4.98,*,- 0,- 0,- 0,- 0,- 0,- 0,- 0,- 0,- 0
2022,Census Tract,4.0079.00,23,953,"1,515",21,- 0,4.00,6.84,1.00,3.89,*,*,*,*,*,*,*,*,*,*,- 0,- 0,- 0
2022,Census Tract,4.0083.00,27,"1,900","2,528",20,*,2.00,2.52,4.62,4.70,14,2.27,2.38,*,*,*,*,*,*,*,- 0,- 0,- 0
2022,Census Tract,4.0085.00,34,"2,000","3,738",27,*,2.00,5.13,5.00,4.67,16,2.48,2.80,*,*,*,*,*,*,*,- 0,- 0,- 0
2022,Census Tract,4.0086.00,18,"1,626","3,018",16,- 0,3.00,3.03,1.00,4.73,*,*,*,- 0,*,*,*,*,*,*,- 0,- 0,- 0
2022,Census Tract,4.0088.00,18,"1,364","1,936",17,*,4.00,3.82,1.00,2.88,*,*,*,- 0,*,*,*,*,*,*,- 0,- 0,- 0
2022,Census Tract,4.0094.00,18,"1,650","2,331",11,*,2.00,4.30,5.00,4.42,*,*,*,*,*,*,*,*,*,*,- 0,- 0,- 0
2022,Census Tract,4.0096.00,11,800,932,11,- 0,5.00,4.39,2.00,6.85,*,*,*,*,- 0,- 0,- 0,- 0,- 0,- 0,- 0,- 0,- 0
2022,Census Tract,4.0097.00,12,"1,028","1,141",*,*,*,*,*,*,*,*,*,*,*,*,*,- 0,- 0,- 0,- 0,- 0,- 0
2022,Census Tract,4.0098.00,26,"1,247","1,956",25,- 0,4.50,9.84,1.00,6.51,*,*,*,*,*,*,*,*,*,*,- 0,- 0,- 0
2022,Census Tract,4.0100.00,12,790,968,*,- 0,*,*,*,*,*,*,*,- 0,*,*,*,*,*,*,- 0,- 0,- 0
2022,Census Tract,4.0103.00,17,"1,000","1,226",15,- 0,2.00,2.54,5.00,7.74,*,*,*,*,*,*,*,*,*,*,- 0,- 0,- 0
2022,Census Tract,4.0104.00,11,"2,500","3,139",*,- 0,*,*,*,*,*,*,*,*,- 0,- 0,- 0,*,*,*,- 0,- 0,- 0
2022,Census Tract,4.0106.00,19,"1,790","2,367",15,- 0,4.00,4.00,5.00,7.66,*,*,*,*,*,*,*,*,*,*,- 0,- 0,- 0
2022,Census Tract,4.0113.00,50,"1,188","1,952",45,- 0,4.00,5.28,8.01,10.12,30,3.84,4.83,11,*,*,*,*,*,*,- 0,- 0,- 0
2022,Census Tract,4.0114.00,17,"3,420","6,014",12,- 0,27.50,28.44,1.00,1.70,*,*,*,- 0,*,*,*,*,*,*,- 0,- 0,- 0
2022,Census Tract,4.0116.00,15,"1,045","1,728",15,- 0,3.00,3.28,1.00,5.77,*,*,*,- 0,- 0,- 0,- 0,- 0,- 0,- 0,- 0,- 0,- 0
2022,Census Tract,4.0117.00,19,"1,200","1,393",14,- 0,3.50,6.85,1.00,7.60,*,*,*,*,*,*,*,*,*,*,- 0,- 0,- 0
2022,Census Tract,4.0118.00,12,950,"2,101",11,*,3.00,3.44,3.00,9.64,*,*,*,*,*,*,*,*,*,*,- 0,- 0,- 0
2022,Census Tract,4.0119.00,30,"1,488","2,346",27,- 0,3.42,6.30,10.00,11.03,21,4.33,4.33,*,*,*,*,*,*,*,- 0,- 0,- 0
2022,Census Tract,4.0121.00,15,"1,059","1,331",10,*,5.00,8.09,6.00,6.88,*,*,*,*,*,*,*,*,*,*,- 0,- 0,- 0
2022,Census Tract,4.0123.01,32,"1,825","4,589",27,*,3.00,2.86,5.00,4.86,13,3.42,4.42,*,*,*,*,*,*,*,- 0,- 0,- 0
2022,Census Tract,4.0125.00,14,"1,500","2,133",11,- 0,3.00,3.79,1.00,1.99,*,*,*,*,*,*,*,*,*,*,- 0,- 0,- 0
2022,Census Tract,4.0132.00,24,750,"1,750",22,- 0,3.00,3.69,3.32,5.59,12,3.16,3.59,*,*,*,*,*,*,*,- 0,- 0,- 0
2022,Census Tract,4.0136.00,18,650,"1,456",15,- 0,4.00,4.40,1.00,3.84,*,*,*,*,*,*,*,*,*,*,- 0,- 0,- 0
2022,Census Tract,4.0137.00,18,"1,632","1,804",11,- 0,4.00,3.51,1.00,1.84,*,*,*,- 0,*,*,*,*,*,*,- 0,- 0,- 0
2022,Census Tract,4.0138.00,14,"1,104","4,212",11,- 0,3.00,4.36,7.33,8.51,10,1.05,1.98,*,*,*,*,*,*,*,- 0,- 0,- 0
2022,Census Tract,4.0141.00,34,"2,158","2,830",21,*,4.00,4.87,6.20,7.10,13,4.00,5.85,*,*,*,*,*,*,*,- 0,- 0,- 0
2022,Census Tract,4.0142.01,15,"1,800","3,746",11,*,1.33,8.17,4.00,7.40,*,*,*,*,*,*,*,*,*,*,- 0,- 0,- 0
2022,Census Tract,4.0142.02,30,"2,936","7,752",24,- 0,3.00,3.15,9.92,9.75,12,3.08,7.33,*,*,*,*,*,*,*,- 0,- 0,- 0
2022,Census Tract,4.0143.00,50,900,"1,067",44,*,4.00,4.34,5.16,6.44,29,4.00,4.09,*,*,*,*,*,*,*,- 0,- 0,- 0
2022,Census Tract,4.0144.00,28,"1,800","2,700",22,- 0,14.00,17.12,6.75,8.91,19,3.25,3.69,*,*,*,*,*,*,*,- 0,- 0,- 0
2022,Census Tract,4.0147.00,30,"1,114","1,937",24,- 0,3.00,3.50,4.00,5.18,10,4.50,4.56,*,*,*,*,*,*,*,- 0,- 0,- 0
2022,Census Tract,4.0149.00,52,"1,440","2,026",48,*,3.00,3.89,5.00,8.34,26,3.79,4.14,*,*,*,*,*,*,*,- 0,- 0,- 0
2022,Census Tract,4.0151.00,12,370,567,10,- 0,5.10,5.31,6.00,9.02,*,*,*,- 0,*,*,*,*,*,*,- 0,- 0,- 0
2022,Census Tract,4.0154.00,10,"1,103","2,217",10,- 0,3.00,7.20,1.00,1.10,*,*,*,*,- 0,- 0,- 0,- 0,- 0,- 0,- 0,- 0,- 0
2022,Census Tract,4.0155.00,138,"1,700","2,187",120,12,4.00,4.90,9.74,9.45,81,4.29,4.66,23,*,*,*,*,*,*,*,*,*
2022,Census Tract,4.0157.00,38,"2,050","3,722",32,*,5.00,16.69,10.01,11.31,28,3.13,3.78,10,*,*,*,*,*,*,- 0,- 0,- 0
2022,Census Tract,4.0158.01,27,"1,060","1,486",19,*,3.78,6.29,1.08,5.13,*,*,*,*,*,*,*,*,*,*,- 0,- 0,- 0
2022,Census Tract,4.0158.02,63,"1,120","1,568",52,- 0,4.00,6.24,6.31,9.35,30,2.94,4.22,*,*,*,*,*,*,*,- 0,- 0,- 0
2022,Census Tract,4.0159.00,16,799,"2,491",13,*,3.68,7.92,4.00,8.19,*,*,*,*,*,*,*,*,*,*,- 0,- 0,- 0
2022,Census Tract,4.0161.00,22,"1,738","2,491",16,*,4.50,19.02,5.00,6.49,11,2.84,4.63,*,*,*,*,*,*,*,- 0,- 0,- 0
2022,Census Tract,4.0163.00,18,952,"1,416",16,- 0,3.00,3.34,1.00,1.51,*,*,*,*,*,*,*,*,*,*,- 0,- 0,- 0
2022,Census Tract,4.0166.00,17,"1,840","2,521",13,- 0,2.00,2.35,3.32,6.86,*,*,*,*,*,*,*,*,*,*,- 0,- 0,- 0
2022,Census Tract,4.0171.00,50,"5,138","14,944",34,*,3.00,5.74,10.89,13.88,33,3.67,5.42,11,*,*,*,*,*,*,- 0,- 0,- 0
2022,Census Tract,4.0179.00,37,"2,800","4,429",31,*,3.00,5.55,5.67,7.88,24,1.46,4.36,12,*,*,*,*,*,*,- 0,- 0,- 0
2022,Census Tract,4.0181.01,36,780,984,25,*,6.00,6.12,10.00,8.43,20,5.08,5.44,*,*,*,*,*,*,*,- 0,- 0,- 0
2022,Census Tract,4.0181.02,18,684,"1,499",18,- 0,7.00,7.17,10.01,9.80,10,2.25,3.48,*,- 0,- 0,- 0,- 0,- 0,- 0,- 0,- 0,- 0
2022,Census Tract,4.0183.00,61,756,"1,530",59,*,7.00,21.65,1.00,5.23,19,4.33,4.26,*,*,*,*,*,*,*,- 0,- 0,- 0
2022,Census Tract,4.0185.01,21,700,950,17,*,3.10,4.41,2.00,3.51,*,*,*,*,*,*,*,*,*,*,- 0,- 0,- 0
2022,Census Tract,4.0185.02,44,896,"1,071",44,- 0,3.14,4.49,5.00,6.02,20,3.46,4.19,*,- 0,- 0,- 0,- 0,- 0,- 0,- 0,- 0,- 0
2022,Census Tract,4.0189.00,17,"1,200","4,025",15,*,2.00,4.27,5.00,5.72,*,*,*,- 0,*,*,*,*,*,*,- 0,- 0,- 0
2022,Census Tract,4.0190.00,24,"1,110","1,361",22,- 0,3.00,3.14,1.00,2.13,*,*,*,- 0,*,*,*,*,*,*,- 0,- 0,- 0
2022,Census Tract,4.0199.00,53,"4,214","8,031",46,*,2.00,5.14,6.50,7.00,31,3.25,4.60,10,*,*,*,*,*,*,- 0,- 0,- 0
2022,Census Tract,4.0204.00,12,"1,050","1,523",*,*,*,*,*,*,*,*,*,*,- 0,- 0,- 0,*,*,*,- 0,- 0,- 0
2022,Census Tract,4.0208.00,23,"1,505","2,474",18,- 0,1.02,2.52,1.00,3.61,*,*,*,*,*,*,*,*,*,*,- 0,- 0,- 0
2022,Census Tract,4.0212.00,41,"1,600","1,953",37,*,3.57,8.52,4.88,7.19,17,2.33,4.29,*,*,*,*,*,*,*,- 0,- 0,- 0
2022,Census Tract,4.0214.00,40,"1,208","2,311",39,*,3.00,6.43,5.00,6.85,23,4.41,5.30,*,*,*,*,*,*,*,- 0,- 0,- 0
2022,Census Tract,4.0216.00,51,"1,075","1,505",39,- 0,4.00,4.68,10.37,13.13,33,3.09,3.70,*,*,*,*,*,*,*,- 0,- 0,- 0
2022,Census Tract,4.0219.00,31,"10,600","20,457",27,*,2.00,4.92,9.00,6.88,18,4.56,5.83,*,*,*,*,*,*,*,- 0,- 0,- 0
2022,Census Tract,4.0220.02,20,855,"2,964",*,*,*,*,*,*,*,*,*,*,13,1.00,1.00,*,*,*,- 0,- 0,- 0
2022,Census Tract,4.0235.00,43,935,"2,694",36,- 0,4.00,5.70,1.00,7.99,13,3.42,3.49,*,*,*,*,*,*,*,- 0,- 0,- 0
2022,Census Tract,4.0236.00,27,900,"1,534",24,*,4.50,7.18,10.00,9.36,17,4.00,5.15,*,*,*,*,*,*,*,- 0,- 0,- 0
2022,Census Tract,4.0238.00,29,"1,100","2,090",24,*,3.00,4.01,8.92,8.45,15,4.92,5.84,*,*,*,*,*,*,*,- 0,- 0,- 0
2022,Census Tract,4.0240.00,54,"1,438","3,389",47,*,4.00,5.40,10.20,12.20,36,4.17,5.66,15,*,*,*,*,*,*,- 0,- 0,- 0
2022,Census Tract,4.0245.00,29,"1,780","3,576",23,- 0,3.00,2.87,10.01,10.94,17,6.01,5.72,*,*,*,*,*,*,*,- 0,- 0,- 0
2022,Census Tract,4.0249.00,34,"1,460","5,085",29,*,4.00,4.14,9.97,9.47,20,3.42,5.43,*,*,*,*,*,*,*,- 0,- 0,- 0
2022,Census Tract,4.0251.00,26,550,"1,113",25,- 0,4.00,4.12,5.00,4.97,12,1.52,2.31,*,*,*,*,*,*,*,- 0,- 0,- 0
2022,Census Tract,4.0253.01,35,"1,470","1,804",32,*,7.50,21.69,8.50,10.08,23,3.84,3.75,*,*,*,*,*,*,*,- 0,- 0,- 0
2022,Census Tract,4.0253.02,28,"1,214","2,220",24,- 0,3.00,7.66,1.00,3.73,*,*,*,*,*,*,*,*,*,*,- 0,- 0,- 0
2022,Census Tract,4.0254.00,18,"1,517","2,909",*,*,*,*,*,*,*,*,*,*,*,*,*,*,*,*,- 0,- 0,- 0
2022,Census Tract,4.0255.00,23,"2,500","5,481",19,*,3.00,4.63,5.00,10.79,13,1.75,3.96,*,*,*,*,*,*,*,- 0,- 0,- 0
2022,Census Tract,4.0257.00,15,"2,500","5,522",*,- 0,*,*,*,*,*,*,*,- 0,*,*,*,*,*,*,- 0,- 0,- 0
2022,Census Tract,4.0259.00,45,"1,200","2,381",44,*,4.00,5.60,5.00,7.48,27,4.00,5.10,*,*,*,*,*,*,*,- 0,- 0,- 0
2022,Census Tract,4.0261.00,71,800,"1,504",66,- 0,4.00,9.02,7.00,7.28,42,2.92,3.59,17,*,*,*,*,*,*,- 0,- 0,- 0
2022,Census Tract,4.0263.00,41,819,"1,201",39,*,5.00,8.85,1.00,6.24,18,1.88,2.84,*,*,*,*,*,*,*,- 0,- 0,- 0
2022,Census Tract,4.0265.00,41,900,"1,995",39,*,5.00,5.14,5.00,7.18,25,3.09,5.11,11,*,*,*,*,*,*,- 0,- 0,- 0
2022,Census Tract,4.0267.00,48,"1,092","1,937",41,*,5.00,5.03,5.00,8.51,31,3.20,3.60,*,*,*,*,*,*,*,- 0,- 0,- 0
2022,Census Tract,4.0269.01,96,"1,100","1,855",92,*,5.00,6.13,8.00,7.50,57,3.83,4.57,16,*,*,*,*,*,*,- 0,- 0,- 0
2022,Census Tract,4.0269.02,23,700,"1,458",21,*,5.00,5.52,3.00,8.11,11,3.58,8.39,- 0,*,*,*,*,*,*,- 0,- 0,- 0
2022,Census Tract,4.0271.00,44,851,"1,058",40,*,4.00,5.01,5.13,6.21,23,3.00,3.56,*,*,*,*,*,*,*,- 0,- 0,- 0
2022,Census Tract,4.0272.00,11,800,"1,671",10,- 0,24.50,23.47,1.00,3.09,*,*,*,- 0,*,*,*,*,*,*,- 0,- 0,- 0
2022,Census Tract,4.0273.00,109,920,"1,629",102,*,5.00,5.56,5.00,9.16,50,4.17,5.21,12,*,*,*,*,*,*,- 0,- 0,- 0
2022,Census Tract,4.0275.00,58,900,"1,178",51,- 0,5.00,5.68,4.00,6.17,34,1.58,2.40,16,*,*,*,*,*,*,*,*,*
2022,Census Tract,4.0277.00,80,752,"1,088",74,- 0,5.00,5.80,5.00,5.69,44,2.00,2.88,19,*,*,*,*,*,*,- 0,- 0,- 0
2022,Census Tract,4.0279.00,49,"1,612","2,323",49,*,6.25,7.58,7.75,9.69,29,3.58,4.46,11,- 0,- 0,- 0,- 0,- 0,- 0,- 0,- 0,- 0
2022,Census Tract,4.0281.00,26,851,"1,907",25,- 0,8.00,7.37,10.00,8.16,17,4.00,4.32,*,*,*,*,*,*,*,- 0,- 0,- 0
2022,Census Tract,4.0282.00,16,960,"1,347",16,- 0,5.00,10.53,7.50,9.22,13,2.00,2.88,*,- 0,- 0,- 0,- 0,- 0,- 0,- 0,- 0,- 0
2022,Census Tract,4.0283.00,124,"1,400","2,268",116,*,6.83,7.52,10.00,10.12,89,4.33,4.64,21,*,*,*,*,*,*,*,*,*
2022,Census Tract,4.0284.00,21,"1,200","1,569",20,- 0,3.00,3.45,1.00,2.05,*,*,*,*,*,*,*,*,*,*,- 0,- 0,- 0
2022,Census Tract,4.0285.00,35,980,"1,376",32,- 0,6.00,6.25,3.00,2.62,12,1.50,1.53,*,*,*,*,*,*,*,- 0,- 0,- 0
2022,Census Tract,4.0287.00,93,900,"1,683",89,- 0,5.33,5.57,10.00,7.90,55,4.00,4.82,14,*,*,*,*,*,*,- 0,- 0,- 0
2022,Census Tract,4.0289.00,80,"1,487","2,065",67,- 0,5.00,5.74,10.24,13.40,49,3.25,3.42,12,*,*,*,*,*,*,- 0,- 0,- 0
2022,Census Tract,4.0291.00,31,"1,000","4,262",31,- 0,5.00,5.24,1.00,5.25,*,*,*,- 0,- 0,- 0,- 0,- 0,- 0,- 0,- 0,- 0,- 0
2022,Census Tract,4.0294.00,19,"1,193","1,935",14,- 0,40.00,31.93,5.00,20.12,13,4.42,13.92,*,*,*,*,*,*,*,- 0,- 0,- 0
2022,Census Tract,4.0295.00,41,"1,800","2,372",38,*,4.00,9.68,1.00,4.86,*,*,*,*,*,*,*,*,*,*,- 0,- 0,- 0
2022,Census Tract,4.0297.00,51,"3,500","5,362",41,*,2.00,2.78,4.00,9.79,19,1.42,3.11,10,10,1.00,2.77,- 0,- 0,- 0,- 0,- 0,- 0
2022,Census Tract,4.0306.00,62,"1,469","4,610",45,*,2.00,2.18,4.00,6.43,*,*,*,*,*,*,*,*,*,*,- 0,- 0,- 0
2022,Census Tract,4.0309.02,18,"1,008","2,996",16,*,3.21,3.23,10.26,13.42,15,1.75,2.53,*,*,*,*,*,*,*,- 0,- 0,- 0
2022,Census Tract,4.0309.03,52,"1,966","3,919",47,*,3.00,3.62,15.01,18.19,45,4.67,6.03,11,*,*,*,*,*,*,- 0,- 0,- 0
2022,Census Tract,4.0320.00,30,"4,750","9,032",18,*,2.00,3.82,4.00,4.27,*,*,*,*,*,*,*,*,*,*,- 0,- 0,- 0
2022,Census Tract,4.0328.00,11,"1,061","1,441",11,- 0,4.00,4.64,1.00,1.00,- 0,- 0,- 0,- 0,- 0,- 0,- 0,- 0,- 0,- 0,- 0,- 0,- 0
2022,Census Tract,4.0329.00,22,"1,815","7,631",18,- 0,4.50,5.51,14.05,13.52,16,3.00,4.10,*,*,*,*,*,*,*,- 0,- 0,- 0
2022,Census Tract,4.0334.01,17,"1,100","2,030",16,- 0,3.00,3.06,1.00,3.77,*,*,*,*,*,*,*,*,*,*,- 0,- 0,- 0
2022,Census Tract,4.0334.02,18,960,"1,272",14,- 0,2.00,1.93,8.92,7.21,11,2.58,2.45,*,*,*,*,*,*,*,- 0,- 0,- 0
2022,Census Tract,4.0339.00,11,"1,120","1,807",10,- 0,4.17,4.13,1.00,2.50,*,*,*,*,*,*,*,*,*,*,- 0,- 0,- 0
2022,Census Tract,4.0347.00,10,"2,000","3,912",*,- 0,*,*,*,*,*,*,*,*,*,*,*,*,*,*,- 0,- 0,- 0
2022,Census Tract,4.0352.00,39,"1,848","4,465",32,*,4.00,4.17,10.01,10.48,19,3.84,4.35,*,*,*,*,*,*,*,- 0,- 0,- 0
2022,Census Tract,4.0353.00,23,900,"1,551",21,- 0,3.00,3.63,1.00,6.12,*,*,*,*,*,*,*,*,*,*,- 0,- 0,- 0
2022,Census Tract,4.0358.00,14,"2,150","4,060",12,*,2.50,2.63,9.50,13.55,10,5.08,8.60,*,*,*,*,*,*,*,- 0,- 0,- 0
2022,Census Tract,4.0363.00,10,"1,300","2,620",*,- 0,*,*,*,*,*,*,*,*,*,*,*,- 0,- 0,- 0,- 0,- 0,- 0
2022,Census Tract,4.0366.00,23,"1,100","3,649",20,*,2.00,4.10,5.92,8.41,15,3.00,5.57,*,*,*,*,*,*,*,- 0,- 0,- 0
2022,Census Tract,4.0375.00,96,"1,175","1,680",87,*,6.50,7.81,5.54,8.83,42,5.04,5.26,*,*,*,*,*,*,*,- 0,- 0,- 0
2022,Census Tract,4.0377.00,12,"1,225","1,407",10,*,3.42,3.24,9.00,7.92,*,*,*,*,*,*,*,*,*,*,- 0,- 0,- 0
2022,Census Tract,4.0379.00,18,"1,200","1,770",15,*,3.60,5.55,6.00,5.76,*,*,*,*,*,*,*,*,*,*,- 0,- 0,- 0
2022,Census Tract,4.0383.01,21,"2,000","2,943",19,- 0,2.00,2.13,1.00,2.00,*,*,*,*,*,*,*,*,*,*,- 0,- 0,- 0
2022,Census Tract,4.0399.00,24,"1,134","1,429",21,*,4.00,3.18,6.00,6.24,11,3.00,3.12,*,*,*,*,*,*,*,*,*,*
2022,Census Tract,4.0401.00,24,"1,250","2,134",21,*,3.00,4.39,4.96,5.54,11,4.42,4.84,*,*,*,*,*,*,*,- 0,- 0,- 0
2022,Census Tract,4.0403.00,65,832,"1,577",60,*,3.60,4.95,3.50,4.26,32,1.80,2.46,19,*,*,*,*,*,*,- 0,- 0,- 0
2022,Census Tract,4.0405.00,104,"1,200","1,758",98,*,4.71,5.79,5.00,6.56,63,2.58,3.05,26,*,*,*,*,*,*,- 0,- 0,- 0
2022,Census Tract,4.0407.00,38,"1,000","1,581",34,*,3.71,3.99,5.50,7.30,24,2.07,2.60,14,*,*,*,*,*,*,- 0,- 0,- 0
2022,Census Tract,4.0409.00,23,790,937,23,*,6.00,5.85,5.00,6.80,13,3.50,4.45,*,- 0,- 0,- 0,- 0,- 0,- 0,- 0,- 0,- 0
2022,Census Tract,4.0413.00,12,774,"1,966",11,- 0,4.00,6.91,6.00,6.88,*,*,*,*,*,*,*,*,*,*,- 0,- 0,- 0
2022,Census Tract,4.0415.00,11,"3,000","3,116",*,*,*,*,*,*,*,*,*,- 0,*,*,*,- 0,- 0,- 0,- 0,- 0,- 0
2022,Census Tract,4.0427.00,18,"1,000","1,071",16,- 0,3.00,5.58,2.33,3.96,*,*,*,*,*,*,*,*,*,*,- 0,- 0,- 0
2022,Census Tract,4.0439.00,28,"1,550","7,514",26,*,3.52,5.32,8.50,7.85,17,3.55,3.43,*,*,*,*,*,*,*,- 0,- 0,- 0
2022,Census Tract,4.0443.02,20,"1,050","1,889",20,*,6.00,5.95,3.21,7.37,10,3.00,3.20,*,- 0,- 0,- 0,- 0,- 0,- 0,- 0,- 0,- 0
2022,Census Tract,4.0444.00,80,"1,650","6,848",62,*,3.00,5.13,6.00,7.97,30,2.20,3.32,13,*,*,*,*,*,*,- 0,- 0,- 0
2022,Census Tract,4.0446.01,154,"1,889","4,067",131,*,5.00,8.08,9.17,9.56,81,3.92,5.00,29,*,*,*,*,*,*,*,*,*
2022,Census Tract,4.0446.02,44,900,"1,254",41,*,4.00,7.34,10.00,7.81,27,2.67,3.92,11,*,*,*,*,*,*,- 0,- 0,- 0
2022,Census Tract,4.0450.00,13,"1,200","1,886",12,- 0,3.00,3.83,1.00,1.75,*,*,*,- 0,*,*,*,*,*,*,- 0,- 0,- 0
2022,Census Tract,4.0455.00,39,"2,143","4,296",27,- 0,4.00,4.04,11.26,13.93,27,5.17,5.62,*,*,*,*,*,*,*,*,*,*
2022,Census Tract,4.0458.00,32,"1,435","2,069",32,*,3.00,14.28,8.92,8.28,26,2.84,3.46,*,- 0,- 0,- 0,- 0,- 0,- 0,- 0,- 0,- 0
2022,Census Tract,4.0460.00,56,"1,782","4,140",51,10,3.00,5.70,9.96,10.31,31,2.01,2.98,13,*,*,*,*,*,*,- 0,- 0,- 0
2022,Census Tract,4.0461.00,26,650,885,24,- 0,3.50,3.25,3.00,6.28,13,1.00,2.07,*,*,*,*,*,*,*,- 0,- 0,- 0
2022,Census Tract,4.0462.00,27,"1,300","2,413",24,- 0,3.92,7.55,5.00,10.59,15,4.01,9.65,*,*,*,*,*,*,*,- 0,- 0,- 0
2022,Census Tract,4.0463.00,12,837,"1,050",11,- 0,8.00,5.73,9.92,8.19,*,*,*,*,*,*,*,*,*,*,- 0,- 0,- 0
2022,Census Tract,4.0465.00,46,600,809,39,*,7.00,8.13,1.00,1.71,*,*,*,- 0,*,*,*,*,*,*,*,*,*
2022,Census Tract,4.0466.00,26,"1,200","1,420",26,*,4.50,25.69,9.00,8.83,20,6.05,5.61,*,- 0,- 0,- 0,- 0,- 0,- 0,- 0,- 0,- 0
2022,Census Tract,4.0468.00,19,600,"2,098",17,- 0,2.13,2.92,5.75,8.21,15,1.85,4.29,*,*,*,*,*,*,*,- 0,- 0,- 0
2022,Census Tract,4.0469.00,31,"1,093","2,249",29,- 0,2.88,3.03,15.42,20.53,28,2.88,4.92,11,*,*,*,*,*,*,- 0,- 0,- 0
2022,Census Tract,4.0470.00,11,"1,000","2,071",10,- 0,3.00,8.20,10.00,6.91,*,*,*,*,*,*,*,*,*,*,- 0,- 0,- 0
2022,Census Tract,4.0471.00,32,"1,050","1,466",27,*,4.00,4.20,1.00,4.20,13,4.16,3.95,*,*,*,*,*,*,*,- 0,- 0,- 0
2022,Census Tract,4.0473.00,50,"1,200","4,601",39,- 0,4.00,5.16,10.18,11.60,28,3.83,4.66,*,*,*,*,*,*,*,- 0,- 0,- 0
2022,Census Tract,4.0475.00,40,"1,147","2,296",21,*,3.00,4.03,5.00,6.46,15,1.50,3.19,*,*,*,*,*,*,*,- 0,- 0,- 0
2022,Census Tract,4.0478.00,14,"1,000","1,295",13,- 0,3.00,5.10,10.01,22.02,*,*,*,*,*,*,*,*,*,*,- 0,- 0,- 0
2022,Census Tract,4.0479.00,17,"1,100","2,364",15,- 0,4.00,3.73,3.08,3.94,*,*,*,*,*,*,*,*,*,*,- 0,- 0,- 0
2022,Census Tract,4.0481.00,16,775,"1,154",14,- 0,4.57,4.43,10.09,10.56,11,2.09,3.18,*,*,*,*,*,*,*,- 0,- 0,- 0
2022,Census Tract,4.0483.00,17,"1,000",926,14,- 0,3.00,3.33,1.00,1.51,*,*,*,*,*,*,*,*,*,*,- 0,- 0,- 0
2022,Census Tract,4.0485.00,45,"1,733","4,623",42,*,3.00,4.21,1.50,5.69,15,3.71,3.41,*,*,*,*,*,*,*,- 0,- 0,- 0
2022,Census Tract,4.0489.00,14,"5,463","12,213",*,- 0,*,*,*,*,*,*,*,*,*,*,*,*,*,*,- 0,- 0,- 0
2022,Census Tract,4.0493.02,38,"2,100","2,850",34,*,3.00,2.82,3.50,6.52,17,2.67,4.55,*,*,*,*,*,*,*,- 0,- 0,- 0
2022,Census Tract,4.0496.00,11,"1,000","1,305",*,- 0,*,*,*,*,*,*,*,*,*,*,*,*,*,*,- 0,- 0,- 0
2022,Census Tract,4.0499.00,16,"4,013","8,461",12,- 0,2.50,3.00,10.01,10.61,12,4.75,5.18,*,*,*,*,*,*,*,- 0,- 0,- 0
2022,Census Tract,4.0500.00,25,750,"1,188",22,- 0,3.00,9.95,5.16,5.67,13,2.58,2.26,*,*,*,*,*,*,*,- 0,- 0,- 0
2022,Census Tract,4.0512.00,14,"1,424","2,729",13,- 0,3.41,6.17,1.00,4.78,*,*,*,*,*,*,*,*,*,*,- 0,- 0,- 0
2022,Census Tract,4.0515.00,21,"1,394","3,742",16,*,3.00,5.08,1.00,4.27,*,*,*,*,*,*,*,*,*,*,- 0,- 0,- 0
2022,Census Tract,4.0517.00,22,"1,150","2,680",19,*,3.00,4.70,5.00,8.92,14,2.94,3.11,*,*,*,*,*,*,*,- 0,- 0,- 0
2022,Census Tract,4.0521.00,12,"1,560","3,677",12,- 0,1.86,2.79,2.00,6.56,*,*,*,*,- 0,- 0,- 0,- 0,- 0,- 0,- 0,- 0,- 0
2022,Census Tract,4.0531.00,39,"3,000","5,469",32,*,2.75,8.64,1.50,5.69,15,1.75,3.07,*,*,*,*,*,*,*,- 0,- 0,- 0
2022,Census Tract,4.0532.00,19,700,"1,724",17,- 0,3.50,8.59,1.00,6.25,*,*,*,*,*,*,*,*,*,*,- 0,- 0,- 0
2022,Census Tract,4.0534.01,15,"1,346","1,937",15,- 0,3.00,3.27,10.01,10.96,15,2.75,3.05,*,- 0,- 0,- 0,- 0,- 0,- 0,- 0,- 0,- 0
2022,Census Tract,4.0535.00,33,"4,000","13,502",24,*,2.00,2.90,5.50,6.52,16,3.79,4.78,*,*,*,*,*,*,*,- 0,- 0,- 0
2022,Census Tract,4.0539.00,16,"4,058","6,574",12,- 0,2.50,3.06,10.00,9.76,*,*,*,*,*,*,*,*,*,*,- 0,- 0,- 0
2022,Census Tract,4.0540.00,26,"1,576","2,173",24,*,2.00,2.65,10.17,13.08,21,5.16,6.36,*,*,*,*,*,*,*,- 0,- 0,- 0
2022,Census Tract,4.0542.00,13,"1,250","1,595",10,*,2.00,2.32,7.50,6.28,*,*,*,*,*,*,*,*,*,*,- 0,- 0,- 0
2022,Census Tract,4.0547.00,15,630,"1,004",10,*,3.89,3.30,3.00,3.83,*,*,*,*,*,*,*,*,*,*,- 0,- 0,- 0
2022,Census Tract,4.0549.00,51,900,"1,234",48,*,3.00,3.39,8.59,7.58,30,4.21,4.77,*,*,*,*,*,*,*,- 0,- 0,- 0
2022,Census Tract,4.0551.00,74,831,"1,577",64,10,4.00,4.04,5.50,7.91,43,2.67,3.55,15,*,*,*,*,*,*,- 0,- 0,- 0
2022,Census Tract,4.0553.00,48,"1,568","2,874",43,*,3.00,3.06,10.00,11.78,29,2.42,4.11,11,*,*,*,*,*,*,- 0,- 0,- 0
2022,Census Tract,4.0555.00,22,"1,000","1,713",20,*,2.50,2.44,4.00,6.30,*,*,*,*,*,*,*,*,*,*,- 0,- 0,- 0
2022,Census Tract,4.0557.00,27,"1,500","3,185",22,*,2.42,2.76,3.00,10.37,10,3.13,5.87,*,*,*,*,*,*,*,- 0,- 0,- 0
2022,Census Tract,4.0559.00,11,"1,260","2,386",*,- 0,*,*,*,*,*,*,*,*,*,*,*,*,*,*,- 0,- 0,- 0
2022,Census Tract,4.0566.00,13,"1,700","2,834",11,- 0,2.50,3.06,3.00,7.69,*,*,*,*,*,*,*,*,*,*,- 0,- 0,- 0
2022,Census Tract,4.0568.00,49,"1,000","1,888",44,*,2.81,2.72,1.71,6.10,15,2.84,8.09,*,*,*,*,*,*,*,- 0,- 0,- 0
2022,Census Tract,4.0577.00,31,940,"1,412",28,- 0,2.91,5.94,6.05,11.84,17,2.92,7.98,*,*,*,*,*,*,*,- 0,- 0,- 0
2022,Census Tract,4.0581.00,17,800,"1,467",12,*,3.50,5.22,5.00,5.83,*,*,*,*,*,*,*,*,*,*,- 0,- 0,- 0
2022,Census Tract,4.0583.00,26,674,"1,056",23,*,3.00,3.46,5.00,5.83,14,2.46,3.23,*,*,*,*,*,*,*,- 0,- 0,- 0
2022,Census Tract,4.0585.00,17,505,"1,004",15,*,5.00,5.64,3.58,4.27,*,*,*,*,*,*,*,*,*,*,- 0,- 0,- 0
2022,Census Tract,4.0587.00,18,675,"1,427",17,*,3.00,3.64,1.00,2.93,*,*,*,*,*,*,*,*,*,*,- 0,- 0,- 0
2022,Census Tract,4.0589.00,20,600,861,13,*,3.00,3.04,3.00,5.30,10,2.17,2.72,*,*,*,*,*,*,*,- 0,- 0,- 0
2022,Census Tract,4.0591.00,15,"1,200","1,445",11,*,3.00,2.99,8.00,7.70,*,*,*,*,*,*,*,*,*,*,- 0,- 0,- 0
2022,Census Tract,4.0593.00,12,"1,600","2,261",*,*,*,*,*,*,*,*,*,*,*,*,*,*,*,*,- 0,- 0,- 0
2022,Census Tract,4.0595.00,17,700,"1,405",16,- 0,3.18,3.48,1.00,11.58,*,*,*,*,*,*,*,*,*,*,- 0,- 0,- 0
2022,Census Tract,4.0596.00,17,940,"1,674",17,*,3.00,6.96,5.00,6.06,16,1.00,2.39,*,- 0,- 0,- 0,- 0,- 0,- 0,- 0,- 0,- 0
2022,Census Tract,4.0600.00,13,"1,600","1,576",11,*,2.00,7.00,3.00,3.27,*,*,*,*,*,*,*,*,*,*,- 0,- 0,- 0
2022,Census Tract,4.0603.00,23,"2,000","3,090",23,*,3.00,2.88,11.00,14.14,22,2.00,3.54,12,- 0,- 0,- 0,- 0,- 0,- 0,- 0,- 0,- 0
2022,Census Tract,4.0613.01,45,920,"2,031",39,- 0,4.00,4.05,5.08,9.02,23,3.00,4.09,*,*,*,*,*,*,*,- 0,- 0,- 0
2022,Census Tract,4.0619.00,20,"1,260","1,988",18,- 0,3.00,2.72,7.05,8.59,12,6.29,5.51,*,*,*,*,*,*,*,- 0,- 0,- 0
2022,Census Tract,4.0621.00,14,"1,100","2,714",12,- 0,3.83,3.32,9.27,13.13,11,1.00,5.55,*,*,*,*,*,*,*,- 0,- 0,- 0
2022,Census Tract,4.0622.00,10,"1,100","1,327",10,- 0,3.46,6.21,10.00,8.19,10,3.23,3.48,*,- 0,- 0,- 0,- 0,- 0,- 0,- 0,- 0,- 0
2022,Census Tract,4.0626.00,21,"1,086","3,411",18,- 0,3.00,8.06,5.21,7.48,13,3.42,4.28,*,*,*,*,*,*,*,- 0,- 0,- 0
2022,Census Tract,4.0627.00,11,700,"1,326",*,- 0,*,*,*,*,- 0,- 0,- 0,- 0,*,*,*,- 0,- 0,- 0,- 0,- 0,- 0
2022,Census Tract,4.0629.00,18,"1,000","1,712",16,*,2.99,3.02,8.71,7.29,12,2.75,2.78,*,*,*,*,*,*,*,- 0,- 0,- 0
2022,Census Tract,4.0630.00,12,"1,500","2,928",11,- 0,3.00,11.64,1.00,1.00,- 0,- 0,- 0,- 0,*,*,*,*,*,*,- 0,- 0,- 0
2022,Census Tract,4.0632.00,45,"1,140","1,684",44,*,3.00,6.69,6.00,9.54,37,3.09,3.75,13,*,*,*,*,*,*,- 0,- 0,- 0
2022,Census Tract,4.0637.00,60,"2,913","9,103",54,- 0,2.00,3.08,9.87,10.48,45,4.00,4.66,12,*,*,*,*,*,*,- 0,- 0,- 0
2022,Census Tract,4.0638.00,19,"1,485","1,946",13,*,2.00,5.58,6.00,5.66,*,*,*,*,*,*,*,*,*,*,- 0,- 0,- 0
2022,Census Tract,4.0645.00,16,"1,100","1,144",16,- 0,3.00,2.59,1.00,4.62,*,*,*,*,- 0,- 0,- 0,- 0,- 0,- 0,- 0,- 0,- 0
2022,Census Tract,4.0654.00,35,"1,000","1,789",26,*,3.00,8.81,1.00,4.71,*,*,*,*,*,*,*,*,*,*,*,*,*
2022,Census Tract,4.0657.02,11,"1,350","1,574",*,*,*,*,*,*,*,*,*,*,- 0,- 0,- 0,*,*,*,- 0,- 0,- 0
2022,Census Tract,4.0657.03,29,"1,300","1,707",24,*,2.63,3.01,1.00,5.52,*,*,*,*,*,*,*,*,*,*,- 0,- 0,- 0
2022,Census Tract,4.0663.00,13,612,733,13,- 0,2.00,2.17,10.00,6.90,*,*,*,*,- 0,- 0,- 0,- 0,- 0,- 0,- 0,- 0,- 0
2022,Census Tract,4.0671.00,14,950,"1,598",14,- 0,3.00,4.19,3.00,9.00,*,*,*,*,- 0,- 0,- 0,- 0,- 0,- 0,- 0,- 0,- 0
2022,Census Tract,4.0679.00,21,"1,852","2,252",15,*,2.13,2.26,5.00,6.50,10,3.00,3.52,*,*,*,*,*,*,*,- 0,- 0,- 0
2022,Census Tract,4.0683.00,36,"1,100","7,710",33,*,7.00,6.39,10.05,11.99,27,5.75,5.06,*,*,*,*,*,*,*,- 0,- 0,- 0
2022,Census Tract,4.0687.00,17,932,"1,375",16,- 0,3.32,7.55,8.27,10.54,*,*,*,*,*,*,*,*,*,*,- 0,- 0,- 0
2022,Census Tract,4.0693.00,94,"1,545","2,219",88,- 0,5.00,9.57,8.81,11.52,52,3.33,4.94,16,*,*,*,*,*,*,- 0,- 0,- 0
2022,Census Tract,4.0695.00,20,"1,040","4,141",16,*,3.88,7.37,7.50,7.63,13,4.17,4.47,*,*,*,*,*,*,*,- 0,- 0,- 0
2022,Census Tract,4.0697.01,11,"1,250","2,910",*,- 0,*,*,*,*,*,*,*,*,*,*,*,*,*,*,*,*,*
2022,Census Tract,4.0707.00,14,800,"1,211",14,- 0,3.00,3.20,8.46,7.36,10,2.58,2.66,*,- 0,- 0,- 0,- 0,- 0,- 0,- 0,- 0,- 0
2022,Census Tract,4.0709.00,16,"1,000","1,698",14,- 0,3.00,7.32,5.88,8.33,*,*,*,*,*,*,*,*,*,*,- 0,- 0,- 0
2022,Census Tract,4.0711.00,86,"1,885","3,518",81,*,6.00,7.72,10.04,13.11,58,4.71,5.23,*,*,*,*,*,*,*,- 0,- 0,- 0
2022,Census Tract,4.0713.03,51,"1,190","1,863",46,- 0,5.00,6.80,10.00,12.91,39,4.25,4.87,*,*,*,*,*,*,*,- 0,- 0,- 0
2022,Census Tract,4.0713.04,34,"1,004","2,840",23,*,3.00,4.00,15.01,15.60,20,3.46,4.75,*,- 0,- 0,- 0,11,1.00,1.28,- 0,- 0,- 0
2022,Census Tract,4.0713.05,12,"1,588","2,411",11,- 0,5.00,4.64,12.01,13.35,10,4.13,3.98,*,*,*,*,*,*,*,- 0,- 0,- 0
2022,Census Tract,4.0713.06,36,943,"1,342",35,- 0,4.50,10.20,10.23,12.69,32,4.75,5.15,*,*,*,*,*,*,*,- 0,- 0,- 0
2022,Census Tract,4.0717.01,64,"1,304","6,220",49,- 0,5.00,5.61,10.29,11.03,33,4.58,4.94,*,*,*,*,*,*,*,*,*,*
2022,Census Tract,4.0717.02,35,"1,374","8,615",23,*,6.00,6.83,15.16,14.09,22,7.67,6.10,*,*,*,*,*,*,*,- 0,- 0,- 0
2022,Census Tract,4.0731.00,19,"1,200","1,951",12,- 0,2.00,2.31,2.50,4.00,*,*,*,*,*,*,*,*,*,*,- 0,- 0,- 0
2022,Census Tract,4.0737.00,97,"1,032","2,046",90,*,8.00,9.17,9.93,10.99,70,3.62,3.84,15,*,*,*,*,*,*,- 0,- 0,- 0
2022,Census Tract,4.0743.00,47,"1,200","1,636",44,- 0,1.00,3.02,10.00,9.65,32,3.37,4.81,*,*,*,*,*,*,*,- 0,- 0,- 0
2022,Census Tract,4.0757.01,35,"1,196","4,405",29,*,5.25,13.86,5.37,7.58,15,5.15,5.51,*,*,*,*,*,*,*,- 0,- 0,- 0
2022,Census Tract,4.0757.02,10,761,744,*,- 0,*,*,*,*,*,*,*,*,- 0,- 0,- 0,*,*,*,- 0,- 0,- 0
2022,Census Tract,4.0769.01,37,804,"1,722",35,*,3.73,3.96,10.00,10.62,32,4.04,4.30,14,*,*,*,*,*,*,- 0,- 0,- 0
2022,Census Tract,4.0769.02,24,"1,150","1,931",18,- 0,5.00,5.89,11.73,16.72,18,2.21,3.20,*,*,*,*,*,*,*,- 0,- 0,- 0
2022,Census Tract,4.0775.00,31,950,"1,155",28,- 0,3.00,3.96,1.00,3.94,10,3.38,2.90,*,*,*,*,*,*,*,- 0,- 0,- 0
2022,Census Tract,4.0779.02,38,"1,230","1,653",35,- 0,5.00,8.79,10.00,10.11,27,2.50,3.78,*,*,*,*,*,*,*,- 0,- 0,- 0
2022,Census Tract,4.0779.04,30,"1,065","1,971",25,*,6.00,16.72,13.17,13.98,17,4.16,3.70,*,*,*,*,*,*,*,- 0,- 0,- 0
2022,Census Tract,4.0779.06,24,"1,250","1,895",23,*,4.55,7.08,1.00,7.66,*,*,*,*,*,*,*,*,*,*,- 0,- 0,- 0
2022,Census Tract,4.0779.07,15,900,"1,976",15,*,30.00,29.59,5.00,5.19,*,*,*,*,- 0,- 0,- 0,- 0,- 0,- 0,- 0,- 0,- 0
2022,Census Tract,4.0793.00,11,"1,311","2,274",10,*,60.50,58.70,1.00,1.00,- 0,- 0,- 0,- 0,*,*,*,*,*,*,- 0,- 0,- 0
2022,Census Tract,4.0797.01,15,"1,000","1,774",14,*,25.00,23.93,5.42,5.52,*,*,*,*,*,*,*,*,*,*,- 0,- 0,- 0
2022,Census Tract,4.0797.02,60,930,"1,272",54,- 0,4.00,6.38,10.00,16.43,33,2.50,11.95,*,*,*,*,*,*,*,- 0,- 0,- 0
2022,Census Tract,4.0799.00,11,"1,250","2,228",*,*,*,*,*,*,*,*,*,- 0,*,*,*,*,*,*,- 0,- 0,- 0
2022,Census Tract,4.0803.01,10,"1,013","8,385",*,- 0,*,*,*,*,*,*,*,*,*,*,*,- 0,- 0,- 0,- 0,- 0,- 0
2022,Census Tract,4.0837.00,11,810,735,11,*,6.00,5.73,11.00,11.71,11,4.40,3.95,*,- 0,- 0,- 0,- 0,- 0,- 0,- 0,- 0,- 0
2022,Census Tract,4.0838.00,18,850,"1,089",18,*,2.70,2.49,10.00,10.83,14,4.96,4.23,- 0,- 0,- 0,- 0,- 0,- 0,- 0,- 0,- 0,- 0
2022,Census Tract,4.0840.00,23,"1,520","2,291",18,*,3.03,4.65,2.42,11.89,*,*,*,*,*,*,*,*,*,*,- 0,- 0,- 0
2022,Census Tract,4.0845.00,15,"1,444","2,485",12,- 0,3.00,4.00,5.50,9.14,*,*,*,*,*,*,*,*,*,*,- 0,- 0,- 0
2022,Census Tract,4.0849.00,181,"1,200","2,381",146,16,5.00,7.63,5.00,6.26,94,2.67,3.41,34,18,1.00,3.04,17,1.00,0.84,- 0,- 0,- 0
2022,Census Tract,4.0853.00,96,"1,119","3,891",86,*,9.00,16.30,9.52,8.83,60,4.09,4.45,17,*,*,*,*,*,*,- 0,- 0,- 0
2022,Census Tract,4.0855.00,27,"1,300","2,265",27,*,4.00,6.61,1.00,3.91,*,*,*,- 0,- 0,- 0,- 0,- 0,- 0,- 0,- 0,- 0,- 0
2022,Census Tract,4.0857.00,16,950,"1,721",13,- 0,3.00,3.23,1.00,3.38,*,*,*,*,*,*,*,*,*,*,- 0,- 0,- 0
2022,Census Tract,4.0859.00,38,840,"1,514",34,- 0,8.00,7.62,10.96,15.86,34,4.17,4.86,*,*,*,*,*,*,*,- 0,- 0,- 0
2022,Census Tract,4.0861.00,11,"1,380","1,969",*,- 0,*,*,*,*,- 0,- 0,- 0,- 0,*,*,*,*,*,*,- 0,- 0,- 0
2022,Census Tract,4.0863.00,10,"1,060","4,119",*,*,*,*,*,*,*,*,*,*,- 0,- 0,- 0,*,*,*,- 0,- 0,- 0
2022,Census Tract,4.0864.00,13,"2,800","17,490",11,- 0,2.00,2.64,3.00,5.26,*,*,*,- 0,*,*,*,*,*,*,- 0,- 0,- 0
2022,Census Tract,4.0865.00,54,"2,200","4,619",42,*,4.00,12.23,5.00,6.02,29,1.33,2.04,17,*,*,*,*,*,*,- 0,- 0,- 0
2022,Census Tract,4.0869.00,243,"1,375","3,048",211,20,4.00,7.54,5.00,6.14,136,2.00,2.52,63,12,1.00,2.71,20,1.00,1.03,*,*,*
2022,Census Tract,4.0871.00,337,"1,476","4,427",305,24,8.00,10.99,5.01,6.95,218,2.71,3.41,94,10,1.00,2.65,22,1.00,1.15,- 0,- 0,- 0
2022,Census Tract,4.0889.01,36,"1,315","1,804",32,*,28.50,24.42,1.00,1.27,*,*,*,*,*,*,*,*,*,*,- 0,- 0,- 0
2022,Census Tract,4.0892.00,91,"1,404","2,619",75,*,4.00,4.36,8.01,8.21,61,2.50,3.40,29,*,*,*,*,*,*,*,*,*
2022,Census Tract,4.0907.00,20,"3,000","16,503",*,- 0,*,*,*,*,*,*,*,*,10,1.00,4.28,*,*,*,- 0,- 0,- 0
2022,Census Tract,4.0919.00,31,"2,100","7,581",16,*,2.00,2.58,5.34,8.68,11,4.92,7.52,*,*,*,*,*,*,*,- 0,- 0,- 0
2022,Census Tract,4.0925.00,49,"1,600","1,904",44,*,2.59,5.73,5.00,5.25,30,2.25,3.15,14,*,*,*,*,*,*,- 0,- 0,- 0
2022,Census Tract,4.0929.00,18,950,"3,572",13,*,2.00,16.67,10.01,8.44,11,2.67,3.39,*,*,*,*,*,*,*,- 0,- 0,- 0
2022,Census Tract,4.0934.02,33,"1,500","2,993",28,- 0,3.00,5.49,5.50,9.83,15,4.33,5.31,*,*,*,*,*,*,*,- 0,- 0,- 0
2022,Census Tract,4.0938.00,53,"1,650","3,108",48,*,3.00,4.67,9.08,9.38,34,3.04,3.84,12,*,*,*,*,*,*,- 0,- 0,- 0
2022,Census Tract,4.0942.02,23,"1,130","1,595",16,- 0,2.00,1.98,5.00,6.47,*,*,*,*,*,*,*,*,*,*,- 0,- 0,- 0
2022,Census Tract,4.0945.00,47,"4,000","13,690",36,*,3.00,2.97,10.30,14.54,33,3.25,4.06,12,*,*,*,*,*,*,- 0,- 0,- 0
2022,Census Tract,4.0954.00,19,"1,397","4,163",19,*,4.00,4.22,10.75,12.43,19,5.50,5.62,*,- 0,- 0,- 0,- 0,- 0,- 0,- 0,- 0,- 0
2022,Census Tract,4.0973.00,10,965,"1,670",10,- 0,1.76,1.68,10.46,9.62,10,1.46,2.70,*,- 0,- 0,- 0,- 0,- 0,- 0,- 0,- 0,- 0
2022,Census Tract,4.0981.00,66,"1,000","1,898",58,*,15.00,12.31,5.00,6.33,43,3.00,3.97,15,*,*,*,*,*,*,- 0,- 0,- 0
2022,Census Tract,4.0987.00,53,"1,100","2,175",44,*,3.00,4.65,5.54,9.63,24,5.09,5.62,*,*,*,*,*,*,*,- 0,- 0,- 0
2022,Census Tract,4.0992.00,10,"1,500","2,848",*,- 0,*,*,*,*,*,*,*,- 0,*,*,*,- 0,- 0,- 0,- 0,- 0,- 0
2022,Census Tract,4.0997.04,72,"2,988","4,674",59,*,5.00,5.54,15.01,17.55,57,2.25,3.63,29,- 0,- 0,- 0,13,2.00,2.22,*,*,*
2022,Census Tract,4.0998.01,21,920,"2,572",20,*,5.50,6.20,16.51,18.49,18,4.29,4.32,*,*,*,*,*,*,*,- 0,- 0,- 0
2022,Census Tract,4.1008.02,57,"1,400","2,744",49,*,3.83,5.31,6.08,10.62,32,1.79,4.32,13,*,*,*,*,*,*,- 0,- 0,- 0
2022,Census Tract,4.1010.01,46,"1,300","2,115",39,*,3.00,3.74,7.00,9.99,32,1.71,2.55,15,*,*,*,*,*,*,- 0,- 0,- 0
2022,Census Tract,4.1017.00,68,"1,168","1,983",61,*,3.00,9.05,9.96,14.77,45,4.50,6.39,*,*,*,*,*,*,*,- 0,- 0,- 0
2022,Census Tract,4.1032.01,20,850,"3,874",14,*,3.81,3.97,6.86,6.20,*,*,*,*,*,*,*,*,*,*,- 0,- 0,- 0
2022,Census Tract,4.1032.02,30,"1,020","3,738",25,*,2.00,2.40,14.05,18.79,20,2.92,3.11,*,*,*,*,*,*,*,- 0,- 0,- 0
2022,Census Tract,4.1039.00,10,"1,450","1,526",*,- 0,*,*,*,*,*,*,*,*,*,*,*,- 0,- 0,- 0,- 0,- 0,- 0
2022,Census Tract,4.1047.00,26,"1,490","2,667",24,*,28.00,31.67,1.00,2.28,*,*,*,- 0,*,*,*,*,*,*,- 0,- 0,- 0
2022,Census Tract,4.1072.01,14,775,"1,138",11,- 0,2.00,3.43,3.62,3.91,*,*,*,- 0,*,*,*,*,*,*,- 0,- 0,- 0
2022,Census Tract,4.1085.00,16,"1,000","1,862",16,- 0,3.00,4.31,1.00,2.42,*,*,*,*,- 0,- 0,- 0,- 0,- 0,- 0,- 0,- 0,- 0
2022,Census Tract,4.1099.00,48,"1,000","1,708",46,*,3.00,3.23,2.50,4.13,13,2.00,3.57,*,*,*,*,*,*,*,- 0,- 0,- 0
2022,Census Tract,4.1123.00,75,"1,250","1,863",68,*,4.85,6.50,5.00,7.70,33,4.25,5.16,10,*,*,*,*,*,*,- 0,- 0,- 0
2022,Census Tract,4.1129.00,17,"1,500","1,426",16,- 0,4.00,3.88,1.00,7.77,*,*,*,*,*,*,*,*,*,*,- 0,- 0,- 0
2022,Census Tract,4.1139.00,24,"1,314","1,995",19,- 0,3.00,3.33,5.00,6.61,12,2.29,3.43,*,*,*,*,*,*,*,- 0,- 0,- 0
2022,Census Tract,4.1155.00,23,"1,317","1,839",23,- 0,4.00,3.32,6.00,4.97,15,3.00,3.69,*,- 0,- 0,- 0,- 0,- 0,- 0,- 0,- 0,- 0
2022,Census Tract,4.1157.00,49,"1,350","3,059",35,*,7.00,22.03,4.95,7.80,18,2.75,3.90,*,*,*,*,*,*,*,- 0,- 0,- 0
2022,Census Tract,4.1159.00,19,630,"1,670",18,- 0,3.00,5.83,10.01,7.30,12,6.04,5.47,*,*,*,*,*,*,*,- 0,- 0,- 0
2022,Census Tract,4.1161.00,13,950,"2,196",10,- 0,3.50,3.13,2.62,2.91,*,*,*,*,*,*,*,*,*,*,- 0,- 0,- 0
2022,Census Tract,4.1163.00,37,"1,422","2,617",34,*,7.00,23.36,10.03,12.00,26,6.96,6.91,*,*,*,*,*,*,*,- 0,- 0,- 0
2022,Census Tract,4.1167.00,36,"1,550","1,699",32,*,5.00,7.40,6.50,5.89,23,3.00,3.29,*,*,*,*,*,*,*,- 0,- 0,- 0
2022,Census Tract,4.1171.00,161,"1,287","1,621",145,*,4.00,6.63,5.04,6.25,105,3.00,3.65,36,*,*,*,*,*,*,- 0,- 0,- 0
2022,Census Tract,4.1175.00,39,"1,013","3,249",31,*,5.00,6.14,5.00,6.46,21,2.75,2.84,*,*,*,*,*,*,*,- 0,- 0,- 0
2022,Census Tract,4.1181.00,15,"3,500","4,522",13,*,3.00,4.92,4.00,8.57,*,*,*,*,*,*,*,*,*,*,- 0,- 0,- 0
2022,Census Tract,4.1185.00,12,"1,200","1,544",*,- 0,*,*,*,*,*,*,*,- 0,*,*,*,*,*,*,- 0,- 0,- 0
2022,Census Tract,4.1191.00,32,"1,185","1,753",29,*,3.00,5.54,1.00,3.09,11,2.00,2.19,*,*,*,*,*,*,*,- 0,- 0,- 0
2022,Census Tract,4.1205.00,12,983,"4,585",12,*,5.00,25.81,10.13,11.55,*,*,*,*,- 0,- 0,- 0,- 0,- 0,- 0,- 0,- 0,- 0
2022,Census Tract,4.1223.00,10,"1,000","1,862",*,- 0,*,*,*,*,*,*,*,*,*,*,*,- 0,- 0,- 0,- 0,- 0,- 0
2022,Census Tract,4.1227.01,57,992,"3,127",39,*,22.00,19.13,4.00,6.99,22,4.84,5.07,*,*,*,*,*,*,*,- 0,- 0,- 0
2022,Census Tract,4.1227.02,24,"1,811","4,449",22,- 0,2.00,3.77,1.00,2.95,*,*,*,- 0,*,*,*,*,*,*,- 0,- 0,- 0
2022,Census Tract,4.1241.00,19,900,"1,999",18,- 0,4.50,4.78,9.88,10.95,16,3.00,3.69,*,*,*,*,*,*,*,- 0,- 0,- 0
2022,Census Tract,4.1257.00,14,"2,450","2,843",11,- 0,3.00,5.66,5.94,6.90,*,*,*,*,*,*,*,*,*,*,- 0,- 0,- 0
2022,Census Tract,4.1265.00,18,"1,150","2,141",17,*,3.00,7.83,6.08,8.59,14,3.29,3.10,*,*,*,*,*,*,*,- 0,- 0,- 0
2022,Census Tract,4.1267.00,13,"2,000","2,369",13,*,3.00,3.85,4.94,4.54,*,*,*,*,- 0,- 0,- 0,- 0,- 0,- 0,- 0,- 0,- 0
2022,Census Tract,4.1277.00,72,"1,164","2,187",58,- 0,5.00,15.82,10.00,9.65,41,3.50,4.44,14,*,*,*,*,*,*,- 0,- 0,- 0
2022,Census Tract,4.1291.03,22,"1,650","3,058",22,*,5.00,5.59,10.05,15.52,18,3.50,4.54,*,- 0,- 0,- 0,- 0,- 0,- 0,- 0,- 0,- 0
2022,Census Tract,4.1291.04,26,"1,200","1,389",17,- 0,3.00,3.82,1.00,1.00,- 0,- 0,- 0,- 0,*,*,*,*,*,*,- 0,- 0,- 0
2022,Census Tract,4.1301.00,18,"3,367","6,116",16,- 0,3.00,3.50,16.33,20.42,14,5.50,5.45,*,*,*,*,*,*,*,- 0,- 0,- 0
2022,Census Tract,4.1333.00,32,"1,150","1,581",31,- 0,3.00,4.23,10.00,10.77,26,2.71,3.06,*,*,*,*,*,*,*,- 0,- 0,- 0
2022,Census Tract,4.1339.00,35,870,"1,360",33,- 0,5.00,7.97,5.00,5.51,19,1.33,2.06,10,*,*,*,*,*,*,- 0,- 0,- 0
2022,Census Tract,4.1341.00,31,"1,792","2,182",29,*,3.00,6.34,3.00,5.08,13,1.58,2.83,*,*,*,*,*,*,*,- 0,- 0,- 0
2022,Census Tract,4.1347.00,68,"1,832","7,478",58,*,6.13,6.87,20.03,21.49,57,3.16,3.42,14,- 0,- 0,- 0,10,1.95,1.38,*,*,*
2022,Census Tract,4.1367.00,20,"1,350","2,658",19,*,5.00,4.44,11.01,13.60,16,6.88,6.56,*,*,*,*,*,*,*,- 0,- 0,- 0
2022,Census Tract,4.1417.00,15,"4,477","5,789",14,*,30.00,26.52,1.00,10.98,*,*,*,- 0,*,*,*,*,*,*,- 0,- 0,- 0
2022,Census Tract,4.1429.00,18,"1,000","1,722",15,- 0,4.00,5.67,1.00,2.41,*,*,*,*,*,*,*,*,*,*,- 0,- 0,- 0
2022,Census Tract,4.1435.00,16,890,"1,223",14,- 0,2.83,2.55,5.00,4.82,*,*,*,- 0,*,*,*,*,*,*,- 0,- 0,- 0
2022,Census Tract,4.1447.00,43,"1,663","3,271",34,*,3.00,5.44,4.88,5.39,20,3.19,4.07,*,*,*,*,*,*,*,- 0,- 0,- 0
2022,Census Tract,4.1451.02,10,815,"1,179",*,- 0,*,*,*,*,*,*,*,*,*,*,*,- 0,- 0,- 0,- 0,- 0,- 0
2022,Census Tract,4.1459.00,19,"2,525","3,876",16,- 0,2.86,3.23,5.00,11.25,13,4.00,5.15,*,*,*,*,*,*,*,- 0,- 0,- 0
2022,Census Tract,4.1463.00,36,"1,875","2,989",27,- 0,4.00,8.45,5.00,5.51,16,1.88,2.92,10,*,*,*,*,*,*,- 0,- 0,- 0
2022,Census Tract,4.1467.00,94,"1,490","2,106",84,*,5.00,6.91,4.98,6.40,44,3.29,4.81,17,*,*,*,*,*,*,- 0,- 0,- 0
2022,Census Tract,4.1471.00,61,"1,000","2,130",54,*,4.00,5.00,1.00,3.44,16,3.67,4.58,*,*,*,*,*,*,*,- 0,- 0,- 0
2022,Census Tract,4.1479.00,86,"1,200","1,963",70,- 0,3.00,12.91,8.00,8.17,49,2.75,3.69,14,*,*,*,*,*,*,*,*,*
2022,Census Tract,4.1507.02,50,"1,931","2,714",46,19,4.00,6.33,10.00,12.41,40,2.50,3.85,18,*,*,*,*,*,*,- 0,- 0,- 0
2022,Census Tract,4.1529.01,23,"1,950","14,042",16,*,4.55,5.44,18.85,30.80,13,7.92,15.41,- 0,*,*,*,*,*,*,- 0,- 0,- 0
2022,Census Tract,4.1551.02,45,"1,460","5,876",39,*,4.00,4.32,19.51,19.39,38,5.54,5.11,10,*,*,*,*,*,*,- 0,- 0,- 0
2022,Census Tract,4.1571.01,40,"1,175","1,709",38,- 0,3.00,3.66,11.00,12.58,37,4.09,4.83,*,*,*,*,*,*,*,- 0,- 0,- 0
2022,Census Tract,4.1579.01,24,"1,019","1,826",22,*,4.00,3.81,9.93,12.43,17,3.75,7.51,*,*,*,*,*,*,*,- 0,- 0,- 0
2022,Census Tract,4.1579.02,21,"1,089","1,762",19,*,3.00,3.35,4.00,7.82,*,*,*,*,*,*,*,*,*,*,- 0,- 0,- 0
2022,Census Tract,4.1617.00,20,"1,275","3,021",11,- 0,4.00,4.28,4.00,10.86,*,*,*,*,*,*,*,*,*,*,- 0,- 0,- 0
2022,Census Tract,4.1621.00,11,960,"1,004",*,- 0,*,*,*,*,*,*,*,*,*,*,*,- 0,- 0,- 0,- 0,- 0,- 0
2022,Census Tract,5.0003.00,57,"1,000","1,858",46,*,2.02,2.86,3.23,6.17,26,0.96,3.06,18,*,*,*,*,*,*,- 0,- 0,- 0
2022,Census Tract,5.0006.00,42,"1,246","3,227",35,*,2.00,5.19,1.00,4.53,17,2.58,4.83,*,*,*,*,*,*,*,- 0,- 0,- 0
2022,Census Tract,5.0008.00,39,"1,750","4,035",27,*,2.00,5.94,2.58,6.07,15,2.50,6.61,*,*,*,*,*,*,*,- 0,- 0,- 0
2022,Census Tract,5.0021.00,64,"1,800","3,969",52,*,2.00,4.20,5.00,7.99,29,3.84,4.30,*,*,*,*,*,*,*,- 0,- 0,- 0
2022,Census Tract,5.0027.00,14,"1,440","1,868",*,- 0,*,*,*,*,*,*,*,*,*,*,*,*,*,*,- 0,- 0,- 0
2022,Census Tract,5.0040.00,22,"1,063","6,034",16,*,1.55,1.73,1.00,2.14,*,*,*,*,*,*,*,*,*,*,- 0,- 0,- 0
2022,Census Tract,5.0050.00,22,"1,392","2,270",16,- 0,3.00,4.50,10.00,8.92,10,4.96,5.86,*,*,*,*,*,*,*,- 0,- 0,- 0
2022,Census Tract,5.0059.00,11,"1,825","3,032",*,*,*,*,*,*,*,*,*,*,*,*,*,- 0,- 0,- 0,- 0,- 0,- 0
2022,Census Tract,5.0064.00,34,"1,800","2,728",23,*,2.00,5.06,1.00,5.49,*,*,*,*,*,*,*,*,*,*,- 0,- 0,- 0
2022,Census Tract,5.0067.00,18,"1,000","2,359",15,*,3.00,2.79,1.00,4.58,*,*,*,*,*,*,*,*,*,*,- 0,- 0,- 0
2022,Census Tract,5.0070.00,54,"1,000","2,943",46,*,3.00,8.08,2.00,5.62,16,4.05,3.77,*,*,*,*,*,*,*,- 0,- 0,- 0
2022,Census Tract,5.0081.00,10,"2,451","3,356",*,- 0,*,*,*,*,*,*,*,*,*,*,*,- 0,- 0,- 0,- 0,- 0,- 0
2022,Census Tract,5.0096.01,33,"1,500","2,230",24,*,2.00,2.63,1.00,6.85,*,*,*,*,*,*,*,*,*,*,- 0,- 0,- 0
2022,Census Tract,5.0096.02,30,"1,068","2,060",24,*,5.17,12.92,6.00,12.09,14,3.55,6.46,*,*,*,*,*,*,*,- 0,- 0,- 0
2022,Census Tract,5.0105.00,31,"1,385","2,428",25,- 0,9.21,15.39,3.00,8.19,12,0.67,3.01,*,*,*,*,*,*,*,- 0,- 0,- 0
2022,Census Tract,5.0112.01,40,"2,100","2,962",32,*,3.00,3.51,6.92,8.21,15,5.42,6.42,*,*,*,*,*,*,*,- 0,- 0,- 0
2022,Census Tract,5.0112.02,75,"1,235","1,898",60,*,2.00,4.53,5.00,6.82,44,3.04,3.71,13,*,*,*,*,*,*,- 0,- 0,- 0
2022,Census Tract,5.0114.01,33,"1,735","3,041",30,*,4.00,8.09,1.00,4.58,*,*,*,*,*,*,*,*,*,*,- 0,- 0,- 0
2022,Census Tract,5.0114.02,24,"1,344","2,237",19,*,3.00,10.21,10.01,9.80,12,5.42,4.82,*,*,*,*,*,*,*,- 0,- 0,- 0
2022,Census Tract,5.0121.00,29,"1,200","1,578",26,*,3.00,3.75,6.09,8.34,20,2.58,3.26,*,*,*,*,*,*,*,- 0,- 0,- 0
2022,Census Tract,5.0122.00,58,"2,000","2,345",45,13,3.00,10.63,1.00,4.18,11,2.84,5.21,*,*,*,*,*,*,*,*,*,*
2022,Census Tract,5.0128.04,64,"2,968","6,895",47,41,50.00,42.96,12.84,13.11,44,9.09,10.54,*,*,*,*,*,*,*,- 0,- 0,- 0
2022,Census Tract,5.0132.03,29,"1,500","1,962",23,*,2.00,2.01,1.00,2.41,*,*,*,*,*,*,*,*,*,*,- 0,- 0,- 0
2022,Census Tract,5.0132.04,12,950,"1,084",10,*,4.76,11.75,1.00,3.10,*,*,*,*,*,*,*,*,*,*,- 0,- 0,- 0
2022,Census Tract,5.0133.02,79,"2,250","3,225",46,*,1.44,4.30,1.00,4.04,*,*,*,*,*,*,*,*,*,*,- 0,- 0,- 0
2022,Census Tract,5.0134.00,47,"1,440","2,044",32,*,3.00,3.10,3.00,4.95,13,4.55,4.88,*,*,*,*,*,*,*,- 0,- 0,- 0
2022,Census Tract,5.0146.04,42,"1,334","3,326",31,- 0,4.00,10.56,6.01,8.35,23,3.09,4.23,*,*,*,*,*,*,*,- 0,- 0,- 0
2022,Census Tract,5.0146.05,15,"1,500","1,895",13,*,3.00,5.31,10.00,8.57,12,2.88,4.09,*,*,*,*,*,*,*,- 0,- 0,- 0
2022,Census Tract,5.0146.07,61,"1,500","3,459",52,27,16.00,21.97,15.92,19.26,43,5.25,5.75,*,*,*,*,*,*,*,- 0,- 0,- 0
2022,Census Tract,5.0147.00,10,"1,250","1,642",*,*,*,*,*,*,*,*,*,*,*,*,*,*,*,*,- 0,- 0,- 0
2022,Census Tract,5.0151.00,51,"1,200","1,757",40,*,3.14,6.89,4.95,8.20,20,3.46,5.18,*,*,*,*,*,*,*,- 0,- 0,- 0
2022,Census Tract,5.0156.01,65,"1,350","2,222",52,14,3.00,7.94,4.00,7.63,25,4.50,5.13,*,*,*,*,*,*,*,- 0,- 0,- 0
2022,Census Tract,5.0156.02,19,"1,482","1,925",17,- 0,3.00,7.39,6.00,7.32,*,*,*,- 0,*,*,*,*,*,*,- 0,- 0,- 0
2022,Census Tract,5.0156.03,55,"2,000","5,876",45,23,24.00,24.02,15.01,15.52,36,4.58,4.56,*,*,*,*,*,*,*,- 0,- 0,- 0
2022,Census Tract,5.0169.01,33,"1,254","1,772",28,*,4.88,15.14,4.50,6.05,17,0.92,1.97,*,*,*,*,*,*,*,- 0,- 0,- 0
2022,Census Tract,5.0170.05,29,"1,100","1,724",19,*,3.10,3.04,1.00,2.10,*,*,*,*,10,1.00,1.00,- 0,- 0,- 0,- 0,- 0,- 0
2022,Census Tract,5.0170.11,21,"1,400","2,078",17,- 0,3.00,2.71,9.00,6.41,*,*,*,*,*,*,*,*,*,*,- 0,- 0,- 0
2022,Census Tract,5.0181.00,28,"1,000","1,883",25,- 0,2.00,3.99,1.00,3.08,*,*,*,*,*,*,*,*,*,*,- 0,- 0,- 0
2022,Census Tract,5.0187.01,26,700,"1,084",22,- 0,3.00,2.55,1.00,4.44,*,*,*,*,*,*,*,*,*,*,- 0,- 0,- 0
2022,Census Tract,5.0189.01,21,"1,700","2,126",10,- 0,2.11,5.46,1.00,2.10,*,*,*,*,*,*,*,*,*,*,- 0,- 0,- 0
2022,Census Tract,5.0198.00,21,880,"1,307",15,- 0,4.00,3.75,5.00,6.30,*,*,*,*,*,*,*,*,*,*,- 0,- 0,- 0
2022,Census Tract,5.0201.00,21,"1,250","1,926",16,- 0,3.17,3.29,1.00,2.37,*,*,*,*,*,*,*,*,*,*,- 0,- 0,- 0
2022,Census Tract,5.0207.00,39,"2,080","3,115",26,*,1.44,2.25,2.33,5.42,15,1.84,2.91,*,*,*,*,*,*,*,- 0,- 0,- 0
2022,Census Tract,5.0208.01,35,"2,000","5,803",28,- 0,3.50,3.32,10.89,14.28,26,4.79,7.46,*,*,*,*,*,*,*,- 0,- 0,- 0
2022,Census Tract,5.0213.00,33,"1,000","2,085",22,*,3.00,8.17,1.00,1.95,*,*,*,*,*,*,*,*,*,*,- 0,- 0,- 0
2022,Census Tract,5.0223.00,21,"1,800","2,631",15,- 0,1.00,1.27,1.00,2.12,*,*,*,*,*,*,*,*,*,*,- 0,- 0,- 0
2022,Census Tract,5.0226.00,244,"1,752","5,699",210,42,2.71,6.57,4.00,5.98,102,3.50,4.10,30,22,1.00,5.27,12,1.00,1.79,- 0,- 0,- 0
2022,Census Tract,5.0228.00,18,"1,250","1,361",14,*,2.92,8.02,5.00,7.76,13,3.75,4.33,*,*,*,*,*,*,*,- 0,- 0,- 0
2022,Census Tract,5.0231.00,18,"1,750","2,428",15,*,2.19,2.55,6.00,8.14,*,*,*,*,*,*,*,*,*,*,- 0,- 0,- 0
2022,Census Tract,5.0247.00,17,"2,400","6,017",14,*,4.00,12.02,13.15,16.64,11,6.67,9.02,*,*,*,*,*,*,*,- 0,- 0,- 0
2022,Census Tract,5.0248.00,81,"1,263","2,125",57,*,3.00,3.04,5.25,8.50,34,2.75,4.15,14,*,*,*,*,*,*,- 0,- 0,- 0
2022,Census Tract,5.0273.01,10,"3,925","4,337",*,- 0,*,*,*,*,*,*,*,*,*,*,*,- 0,- 0,- 0,- 0,- 0,- 0
2022,Census Tract,5.0277.02,94,"4,357","14,629",73,31,22.00,25.24,15.20,16.93,60,4.67,5.06,14,*,*,*,*,*,*,*,*,*
2022,Census Tract,5.0277.06,25,"1,850","4,664",23,- 0,5.00,16.39,10.35,11.39,13,2.09,2.73,*,*,*,*,*,*,*,- 0,- 0,- 0
2022,Census Tract,5.0279.00,12,"1,061","1,060",11,*,3.00,3.00,1.00,1.26,- 0,- 0,- 0,- 0,*,*,*,*,*,*,- 0,- 0,- 0
2022,Census Tract,5.0291.02,65,"2,000","9,143",47,*,2.00,6.28,7.00,9.20,23,3.42,5.66,*,*,*,*,*,*,*,- 0,- 0,- 0
2022,Census Tract,5.0291.03,67,"1,525","2,794",59,*,3.00,2.76,10.01,10.50,38,3.75,4.32,10,*,*,*,*,*,*,- 0,- 0,- 0
2022,Census Tract,5.0291.04,33,"2,392","5,016",32,- 0,3.00,13.33,15.01,16.41,25,5.75,8.91,*,*,*,*,*,*,*,- 0,- 0,- 0
2022,Census Tract,5.0303.01,23,"1,724","5,538",21,- 0,3.00,2.86,10.01,11.56,21,5.67,6.10,*,*,*,*,*,*,*,- 0,- 0,- 0
2022,Census Tract,5.0303.02,30,"2,419","6,877",26,- 0,2.00,2.64,10.13,8.67,22,1.71,3.76,10,*,*,*,*,*,*,- 0,- 0,- 0
2022,Census Tract,5.0323.00,22,"2,250","8,753",*,*,*,*,*,*,*,*,*,*,13,1.00,1.61,*,*,*,- 0,- 0,- 0
2023,Citywide,Citywide,62611,"1,279","3,248","53,395","3,414",5,10.42,7.67,9.11,"38,551",3.84,4.88,"11,247","3,846",1,6.4,"5,370",1,1.74,166,2.22,4.06
2023,Borough,Manhattan,23651,"1,300","3,165","20,021",985,9,17.61,10.01,10.89,"16,146",4.5,5.55,"3,867",917,1,6.01,"2,713",1,1.9,103,4.73,4.98
2023,Borough,Bronx,8087,"1,050","2,896","7,239",452,4,4.88,6,8.49,"5,264",3.09,3.98,"1,820",348,1,6.88,500,1,1.67,*,*,*
2023,Borough,Brooklyn,15034,"1,331","3,417","12,780",871,4,6.84,5,7.59,"8,327",3.5,4.56,"2,691","1,134",1,7.56,"1,120",1,1.5,26,1.33,2.38
2023,Borough,Queens,13423,"1,296","3,231","11,472","1,003",4,6.14,5.01,8.41,"7,699",3.42,4.51,"2,488","1,079",1,5.96,872,1,1.53,20,1.33,3.42
2023,Borough,Staten Island,2416,"1,653","4,286","1,883",103,3,5.34,4.08,7.17,"1,115",3.01,4.57,381,368,1,4.64,165,1,1.94,*,*,*
2023,Council District,1,4455,"1,400","2,956","3,608",233,9,17.56,7,8.88,"2,702",3.84,5.21,767,275,1,3.68,572,1,1.54,61,7.25,5.57
2023,Council District,2,2670,"1,200","2,686","2,277",112,9,10.94,10,10.54,"1,746",4.75,5.71,361,141,1,6,252,1,2.07,*,*,*
2023,Council District,3,4199,"1,700","4,065","3,556",158,10,22.99,10.04,11.92,"3,027",5.25,6.22,638,113,1,5.46,530,1,1.92,13,4.73,3.36
2023,Council District,4,4504,"1,688","3,783","3,654",147,13,31.06,11,13.07,"3,142",5.05,5.98,681,215,2,7.93,635,1,1.94,13,0.29,6.64
2023,Council District,5,1613,"1,000","2,136","1,392",64,9,15.53,10.01,10.42,"1,100",4.17,4.94,295,48,3,13.56,173,1,1.26,*,*,*
2023,Council District,6,1444,"1,300","4,232","1,260",47,11,14.57,10.17,12.53,"1,105",5.09,5.79,241,38,1,5.99,146,1,1.78,*,*,*
2023,Council District,7,1184,992,"2,228","1,058",42,7,7.75,10.01,10.69,879,4.42,5.15,214,12,1,5.11,114,1,1.94,*,*,*
2023,Council District,8,1182,"1,058","4,006",998,93,4,6.34,6,8.44,703,2.75,3.82,278,57,1,5,127,1,1.79,*,*,*
2023,Council District,9,1125,"1,167","2,573",987,79,5,5.75,9.97,9.36,738,4.09,4.89,195,17,1,11.79,121,1,3.55,*,*,*
2023,Council District,10,1760,852,"1,677","1,636",73,6,6.84,10,9.83,"1,293",4.17,4.79,322,20,1,1.41,104,1,2.52,*,*,*
2023,Council District,11,1001,"1,095","2,261",899,44,4,4.21,6.08,9.11,623,3.33,4.32,211,41,1,14.32,61,1,2.84,- 0,0,0
2023,Council District,12,614,"1,125","5,866",552,36,3,3.16,5.31,8.35,351,3.5,4.14,103,49,1,6.13,13,1,1.33,- 0,0,0
2023,Council District,13,866,"1,200","2,694",749,50,3,3.5,5,7.97,496,3.42,4.39,152,77,1,4.94,40,1,1.76,- 0,0,0
2023,Council District,14,901,987,"1,967",835,39,4,4.64,6.25,8.22,636,3,3.82,222,18,5.42,8.99,48,1,1.07,*,*,*
2023,Council District,15,1173,"1,000","2,275","1,062",52,4.19,7.02,7,8.8,824,3,3.98,296,36,1,9.36,75,1,1.52,*,*,*
2023,Council District,16,903,986,"2,190",834,52,4,4.77,7.98,8.89,648,3,3.77,211,20,1,4.01,49,1,1.07,*,*,*
2023,Council District,17,1288,"1,100","2,929","1,148",88,3.96,5,5.21,7.88,807,3,3.8,291,45,1,4.67,95,1,1.53,*,*,*
2023,Council District,18,832,"1,053","3,010",744,28,3.33,3.93,6.58,8.56,579,3,3.99,208,40,1,5.4,48,1,1.62,- 0,0,0
2023,Council District,19,1265,"1,350","3,259","1,080",102,4,6.37,5,8.59,715,3.5,4.51,215,114,1,5.82,71,1,1.16,- 0,0,0
2023,Council District,20,1595,"1,323","3,481","1,363",154,5,6.93,5,7.05,922,3.25,4.11,306,114,1,3.43,118,1,1.41,*,*,*
2023,Council District,21,998,"1,090","2,044",894,93,5,5.7,5,6.65,528,3.16,3.95,176,51,1,4.22,53,1,2.34,*,*,*
2023,Council District,22,1308,"1,200","2,380","1,126",90,4,4.82,5,7.68,747,3.42,4.06,226,121,1,4.47,61,1,1.74,*,*,*
2023,Council District,23,579,"1,335","3,741",495,28,4,6.72,10.01,13.43,408,4.09,5.33,93,36,1,5,48,1,1.31,*,*,*
2023,Council District,24,710,"1,200","3,014",617,55,4,5.06,5.94,8.38,418,3.5,4.42,129,49,1,6.16,44,1,2.37,- 0,0,0
2023,Council District,25,1171,"1,125","3,283","1,071",60,6,10.05,6,9.13,782,3.21,4.56,268,50,1,6.55,50,1,1.36,*,*,*
2023,Council District,26,1373,"1,599","4,564","1,167",80,4,7.27,6,8.2,777,3.84,4.84,221,99,1,8.8,107,1,1.68,*,*,*
2023,Council District,27,799,"1,500","3,870",642,68,4,7.47,7,9.07,431,3,4.87,160,77,1,5.81,80,0.99,1.1,- 0,0,0
2023,Council District,28,374,"1,206","2,505",314,51,3,4.07,3,6.77,166,3.22,5.04,63,44,1,5.22,16,1,0.98,- 0,0,0
2023,Council District,29,1035,"1,200","2,559",886,65,4,4.78,7.48,9.78,599,3.5,4.82,191,84,1,5.29,65,1,1.38,- 0,0,0
2023,Council District,30,849,"1,308","3,536",688,74,3,4.32,5,8.19,463,3,4.47,179,111,1,5.4,50,1,1.27,*,*,*
2023,Council District,31,456,"1,300","2,783",386,30,3,5.42,5,8.95,257,2.84,3.93,96,37,1,4.35,33,1,1.35,*,*,*
2023,Council District,32,654,"1,678","3,847",525,37,3,3.46,5.06,8.26,352,3.25,4.54,112,71,1,13.14,58,1,1.9,*,*,*
2023,Council District,33,1914,"1,575","3,580","1,616",69,6,16.61,9.01,8.63,"1,121",4.5,5.24,255,110,1,9.49,188,1,2.07,*,*,*
2023,Council District,34,1554,"1,400","2,670","1,317",103,4,6.91,6,7.88,910,3.71,4.78,282,105,1,4.63,132,1,1.36,*,*,*
2023,Council District,35,789,"1,100","3,310",673,64,5,5.34,7.25,8.79,504,3.37,4.55,157,45,1,7.64,71,1,1.26,*,*,*
2023,Council District,36,658,"1,200","2,133",564,29,3.21,3.78,7,8.03,424,3.5,4.74,133,29,1,3.95,65,1,1.45,*,*,*
2023,Council District,37,670,"1,333","2,462",554,31,3,4.38,5.08,7.47,377,3.16,4.13,146,63,1,5.88,53,1,1.4,*,*,*
2023,Council District,38,1476,"1,600","4,047","1,209",78,3,6.3,2.95,5.2,608,2.75,3.77,241,136,1,6.58,131,1,1.09,- 0,0,0
2023,Council District,39,1056,"1,150","7,811",907,50,5,5.11,5.67,7.8,624,3.88,4.52,189,82,1,7.99,67,1,1.26,*,*,*
2023,Council District,40,857,"1,000","2,131",763,68,4,7.7,6,7.69,555,3.25,3.97,188,33,1,5.57,61,1,1.8,- 0,0,0
2023,Council District,41,681,"1,200","2,443",581,45,3,4.15,6,8.27,430,2.84,4.47,160,59,1,6.84,41,1,2.43,- 0,0,0
2023,Council District,42,395,"2,031","7,008",340,30,3,3.52,5.36,8.42,221,3.75,5.35,68,27,1,5.78,28,1,1.91,*,*,*
2023,Council District,43,1094,"1,200","2,050",945,76,4,5.4,4,5.55,532,2.96,3.82,202,97,1,7.66,52,1,1.82,*,*,*
2023,Council District,44,883,"1,300","2,341",762,66,3,3.87,5,8.52,471,3.33,4.8,168,95,1,9.49,26,1,1.01,- 0,0,0
2023,Council District,45,696,"1,308","3,085",573,28,3,4.9,5,7.74,364,3.21,5.25,136,76,1,9.58,47,1,1.16,- 0,0,0
2023,Council District,46,657,"1,760","4,318",567,23,3,3.87,5.05,8.42,373,3.33,4.32,112,50,1,8.93,40,1,1.15,*,*,*
2023,Council District,47,870,"1,300","3,361",727,60,4,5.37,5,7.67,446,3.54,4.51,159,85,1,7.35,58,1,1.07,*,*,*
2023,Council District,48,989,"1,352","2,506",864,65,4,5.63,5,7.19,483,3.67,4.5,146,57,1,9.67,68,1,1.29,*,*,*
2023,Council District,49,717,"1,625","3,915",528,29,3,5.65,2,5.87,293,1.37,3.49,137,124,1,4.79,65,1,1.78,*,*,*
2023,Council District,50,886,"1,500","3,386",692,42,3,3.84,4.33,7.31,376,4.05,5.4,112,130,1,4.68,64,1,1.02,- 0,0,0
2023,Council District,51,830,"1,845","5,551",674,32,3,6.58,5,8.01,449,3.42,4.57,133,117,1,4.76,39,1,3.67,*,*,*
2023,Census Tract,1000201,11,770,942,11,- 0,9,11.64,10.02,12.49,*,*,*,*,- 0,0,0,- 0,0,0,- 0,0,0
2023,Census Tract,1000600,92,800,"1,042",72,*,6,11.68,5.17,5.56,53,2.67,3.25,24,*,*,*,*,*,*,- 0,0,0
2023,Census Tract,1000700,110,"2,041","6,320",79,*,11,26.56,14.52,14.08,70,5.75,6.75,*,*,*,*,*,*,*,- 0,0,0
2023,Census Tract,1000800,194,878,"1,996",157,13,6,11.92,2,3.78,92,1.33,2.12,45,*,*,*,*,*,*,- 0,0,0
2023,Census Tract,1000900,106,"1,999","4,434",82,*,10.5,21.56,10.3,10.73,56,5.59,5.94,11,*,*,*,*,*,*,- 0,0,0
2023,Census Tract,1001200,18,913,"3,038",17,- 0,2,11.47,1,2.06,*,*,*,*,*,*,*,*,*,*,- 0,0,0
2023,Census Tract,1001300,109,"2,330","4,348",77,*,9,17.96,11.97,12.43,64,5.46,7,12,*,*,*,*,*,*,*,*,*
2023,Census Tract,1001401,34,889,"1,848",33,- 0,8,8.06,12.01,15.12,32,3.58,4.28,*,*,*,*,*,*,*,- 0,0,0
2023,Census Tract,1001402,73,"1,000","5,072",59,*,6,7.71,6,7.88,41,5.84,6.15,*,*,*,*,*,*,*,- 0,0,0
2023,Census Tract,1001501,82,"1,474","2,711",62,*,8.5,30.19,10.03,11.6,46,5.67,7.73,11,*,*,*,*,*,*,- 0,0,0
2023,Census Tract,1001502,220,"2,000","6,073",144,*,12,16.58,10.38,12.61,128,5.17,6.17,30,*,*,*,*,*,*,40,7.25,7.33
2023,Census Tract,1001600,319,924,"1,379",274,28,6,12.91,5,5.85,154,2.25,3.03,68,10,1,6.61,35,1,1.96,- 0,0,0
2023,Census Tract,1001800,301,"1,026","2,977",239,14,8,14.3,5.08,7.05,166,3.67,4.54,52,20,1,3.18,42,1,1.41,- 0,0,0
2023,Census Tract,1002100,214,"1,866","4,770",175,*,10,13.68,10.34,11.56,139,5.09,6.63,27,15,1,2.35,24,1,1.78,*,*,*
2023,Census Tract,1002201,60,775,"1,039",46,*,6,5.89,6,8.8,28,2.62,3.3,*,*,*,*,*,*,*,- 0,0,0
2023,Census Tract,1002202,25,"1,080","1,860",19,*,6.67,6.61,5.05,7.09,12,5.17,5.72,*,*,*,*,*,*,*,- 0,0,0
2023,Census Tract,1002601,20,950,"1,799",19,*,5,4.99,5.96,9.94,14,2.37,4.15,*,*,*,*,*,*,*,- 0,0,0
2023,Census Tract,1002602,37,"1,000","1,529",30,- 0,5.96,8.27,9.29,9.56,25,3.67,3.87,10,*,*,*,*,*,*,- 0,0,0
2023,Census Tract,1002700,51,"1,000","1,684",47,*,5,5.42,3,4.82,27,1.92,2.12,15,*,*,*,*,*,*,- 0,0,0
2023,Census Tract,1002800,41,600,958,36,*,6,6.44,5,7.43,26,5.21,5.2,*,*,*,*,*,*,*,- 0,0,0
2023,Census Tract,1002901,10,250,915,10,*,18,22.7,5.13,5.56,*,*,*,*,- 0,0,0,- 0,0,0,- 0,0,0
2023,Census Tract,1002902,256,"1,114","1,612",214,16,7,16.46,5,6.71,165,2.5,3.4,71,15,1,8.14,27,1,1.32,*,*,*
2023,Census Tract,1003001,206,877,"1,300",169,*,8,14.59,4,5.97,91,3.58,4.71,26,*,*,*,*,*,*,- 0,0,0
2023,Census Tract,1003002,40,"1,045","1,368",29,*,9,8.81,7.02,6.93,16,5.71,4.71,*,*,*,*,*,*,*,- 0,0,0
2023,Census Tract,1003100,73,"2,000","3,720",58,*,12.5,23.37,10,9.5,52,4.42,5.22,16,*,*,*,*,*,*,- 0,0,0
2023,Census Tract,1003200,170,800,"1,058",149,10,9,9.9,6.5,7.61,101,4.25,4.82,29,*,*,*,*,*,*,- 0,0,0
2023,Census Tract,1003300,280,"2,400","3,479",224,16,8,14.16,10,10.31,166,4.71,5.75,42,31,1,1.96,25,1,1.93,- 0,0,0
2023,Census Tract,1003400,127,756,"1,309",120,*,8,8.84,7.46,8.9,88,4.21,5.79,19,*,*,*,*,*,*,- 0,0,0
2023,Census Tract,1003601,72,"1,000","2,651",58,*,7.5,14.53,5,6.76,36,2.42,4.16,13,*,*,*,*,*,*,- 0,0,0
2023,Census Tract,1003602,53,800,"1,984",46,*,8.13,11.05,9,7.93,33,4.09,4.45,*,*,*,*,*,*,*,- 0,0,0
2023,Census Tract,1003700,108,"2,500","4,119",81,*,8,17.71,10.05,12.4,72,4.71,7.94,17,*,*,*,*,*,*,*,*,*
2023,Census Tract,1003800,281,896,"1,205",247,*,9,10.2,7,7.86,166,4.17,4.61,39,*,*,*,*,*,*,- 0,0,0
2023,Census Tract,1003900,115,"2,300","3,205",83,*,9,28.84,10.01,11.62,71,4.25,6.53,15,21,1,3.15,11,1,1.96,- 0,0,0
2023,Census Tract,1004001,94,750,956,87,*,10,10.02,9.32,8.96,75,3.67,4.35,20,*,*,*,*,*,*,- 0,0,0
2023,Census Tract,1004002,61,"1,450","1,759",54,*,9,10.85,10,11.19,44,6.21,6,*,*,*,*,*,*,*,- 0,0,0
2023,Census Tract,1004100,367,"1,000","1,644",314,27,9,16.8,5.63,7.04,243,3,3.79,85,23,1,5.7,30,1,1.4,*,*,*
2023,Census Tract,1004200,62,"1,975","4,443",53,*,9,10.9,10.36,12.13,46,6.25,5.97,*,*,*,*,*,*,*,- 0,0,0
2023,Census Tract,1004300,231,"1,021","2,606",194,*,16,21.68,9.96,9.91,164,4.38,5.78,25,12,1,1.73,25,0.95,1.26,*,*,*
2023,Census Tract,1004400,21,"1,909","3,790",19,- 0,8,8.05,9.51,12.43,- 0,0,0,- 0,*,*,*,*,*,*,- 0,0,0
2023,Census Tract,1004500,171,"2,250","2,928",141,12,13,23.76,7.08,8.34,111,4,4.85,38,*,*,*,*,*,*,*,*,*
2023,Census Tract,1004700,256,"2,000","3,066",203,14,12,18.62,10,10.29,173,4.25,6.34,37,31,1,2.6,22,1,2.15,*,*,*
2023,Census Tract,1004800,69,"1,100","1,500",60,*,9,9.11,5.02,9.03,39,4.75,7.14,*,*,*,*,*,*,*,- 0,0,0
2023,Census Tract,1004900,367,"2,100","3,017",304,12,15,28.06,10,11.58,252,4.5,7,58,35,1,4.74,28,1,2.35,*,*,*
2023,Census Tract,1005000,71,"1,950","6,188",64,*,10,11.94,11.09,12.77,53,6.01,6.41,*,*,*,*,*,*,*,- 0,0,0
2023,Census Tract,1005200,133,"3,396","6,079",108,*,11,17.35,10.94,14.76,91,5.94,6.8,16,*,*,*,*,*,*,*,*,*
2023,Census Tract,1005400,174,"2,780","4,789",150,*,8.67,18.68,10.59,14.3,125,5.01,7.14,26,*,*,*,*,*,*,*,*,*
2023,Census Tract,1005501,34,"2,582","4,058",28,- 0,12.5,14.3,12.46,18.54,27,5.75,6.3,*,*,*,*,*,*,*,- 0,0,0
2023,Census Tract,1005502,117,"2,430","5,844",99,*,11,13.84,9.96,10.2,73,5.09,7.72,11,*,*,*,*,*,*,- 0,0,0
2023,Census Tract,1005600,91,"3,000","5,349",84,*,11.92,18.86,12.72,14.4,74,6.05,6.35,*,*,*,*,*,*,*,- 0,0,0
2023,Census Tract,1005700,50,"2,834","5,192",44,*,10.5,11.2,10.03,13.38,35,5.59,7.61,*,*,*,*,*,*,*,- 0,0,0
2023,Census Tract,1005800,213,"2,331","4,499",181,10,10,18.82,10.08,10.9,150,5.17,6.06,35,*,*,*,*,*,*,- 0,0,0
2023,Census Tract,1005900,90,"1,000","2,481",76,*,12,12.61,10.05,13.42,71,4.42,4.97,16,*,*,*,*,*,*,- 0,0,0
2023,Census Tract,1006100,133,"2,300","4,921",101,*,10.5,12.71,10.78,12.6,81,4.67,6.63,22,*,*,*,*,*,*,- 0,0,0
2023,Census Tract,1006200,17,"1,682","4,427",14,- 0,2,2.43,20,21.67,14,2.09,2.37,10,*,*,*,*,*,*,- 0,0,0
2023,Census Tract,1006300,130,"1,500","2,583",113,*,10,10.99,10.09,12.67,100,5.16,5.71,15,*,*,*,*,*,*,*,*,*
2023,Census Tract,1006400,94,"1,100","2,081",81,*,9,11.61,10.01,11.2,68,3.88,4.84,17,*,*,*,*,*,*,- 0,0,0
2023,Census Tract,1006500,181,"1,103","1,619",150,*,11,12.29,10,9.52,111,4.92,5.45,20,16,1,7.85,15,1,1.02,- 0,0,0
2023,Census Tract,1006600,85,"1,082","3,404",71,*,8,10.1,10.01,11.92,61,5.5,5.56,13,*,*,*,*,*,*,- 0,0,0
2023,Census Tract,1006700,160,850,"1,299",134,*,14,26.8,10,10.26,87,7.42,7.16,20,*,*,*,*,*,*,*,*,*
2023,Census Tract,1006800,153,"1,500","2,985",126,*,9.33,12.86,10.01,10.53,90,5.75,6.37,17,*,*,*,*,*,*,- 0,0,0
2023,Census Tract,1006900,21,"2,684","3,851",20,*,6.5,21.6,12.42,13.56,19,6.92,5.33,*,*,*,*,*,*,*,- 0,0,0
2023,Census Tract,1007001,19,"1,598","5,522",16,- 0,9.5,28.75,10,12.78,11,4.67,5.18,*,*,*,*,*,*,*,- 0,0,0
2023,Census Tract,1007002,70,968,"1,994",59,- 0,12,20.72,10.03,10.37,50,6.63,6.35,*,*,*,*,*,*,*,- 0,0,0
2023,Census Tract,1007100,141,"1,150","1,739",128,*,10,18.84,10.01,11.12,112,4.21,5.54,32,*,*,*,*,*,*,- 0,0,0
2023,Census Tract,1007200,145,"1,457","3,237",126,*,9,23.48,10.67,11.88,96,4.67,5.63,20,*,*,*,*,*,*,- 0,0,0
2023,Census Tract,1007300,189,800,"1,247",171,*,15,23.96,10,10.29,146,4.38,5,38,*,*,*,*,*,*,- 0,0,0
2023,Census Tract,1007400,204,"2,090","3,942",163,11,8,27.72,10.51,12.07,140,5.67,6.46,18,10,1,1.95,31,1,1.96,*,*,*
2023,Census Tract,1007500,48,"1,000","1,323",46,*,12,11.89,10,10.64,33,5.09,5.2,*,*,*,*,*,*,*,- 0,0,0
2023,Census Tract,1007600,257,"2,000","3,867",217,*,13,21.65,10,10.4,184,4.17,4.96,49,*,*,*,*,*,*,*,*,*
2023,Census Tract,1007700,124,887,"1,462",114,- 0,13.5,14.7,10.3,12.82,96,6.13,5.92,14,*,*,*,*,*,*,- 0,0,0
2023,Census Tract,1007800,82,"1,000","1,834",65,*,8,13.44,10.01,10.09,55,4.75,4.83,12,*,*,*,*,*,*,*,*,*
2023,Census Tract,1007900,101,"2,364","4,583",89,*,16,39.43,10.59,11.39,82,4.92,5.36,16,*,*,*,*,*,*,- 0,0,0
2023,Census Tract,1008000,155,"1,217","2,442",128,*,10.5,27.62,10.81,13.41,107,4.84,5.28,23,*,*,*,*,*,*,- 0,0,0
2023,Census Tract,1008100,160,"1,650","3,047",139,*,9,20.3,10.01,11.14,120,4.42,5.49,28,*,*,*,*,*,*,- 0,0,0
2023,Census Tract,1008200,194,"2,188","3,554",156,*,11,22.13,10.55,12.73,141,5.42,5.75,23,*,*,*,*,*,*,- 0,0,0
2023,Census Tract,1008300,55,"3,422","6,535",43,*,12,20.47,12.04,12.72,40,5.55,5.75,*,*,*,*,*,*,*,- 0,0,0
2023,Census Tract,1008400,203,"2,500","3,925",173,*,6,17.86,10.17,11.13,151,5.01,6,30,15,1,6.22,15,1,0.93,- 0,0,0
2023,Census Tract,1008603,24,875,"1,300",18,*,7.5,7.94,10.03,12.26,17,3.16,5.31,*,*,*,*,*,*,*,- 0,0,0
2023,Census Tract,1008700,106,"1,500","3,500",88,*,11,38.39,10.01,11.29,83,5.25,5.17,14,*,*,*,*,*,*,- 0,0,0
2023,Census Tract,1008800,99,"1,700","2,670",80,*,10,46.63,11.9,14.34,73,4.67,5.2,20,*,*,*,*,*,*,- 0,0,0
2023,Census Tract,1008900,40,"1,318","1,726",38,*,12,22.85,9.99,8.93,30,4.9,5.28,*,*,*,*,*,*,*,- 0,0,0
2023,Census Tract,1009000,108,"1,195","3,388",89,*,10,18.48,10.01,12.35,66,5.59,6.08,*,*,*,*,*,*,*,- 0,0,0
2023,Census Tract,1009100,188,"1,734","3,679",153,11,10,14.2,10,9.2,107,5.33,5.41,31,11,1,2.6,24,1,3.16,- 0,0,0
2023,Census Tract,1009200,189,"1,893","3,435",136,*,15.5,24.75,12.76,16.38,124,6.17,7.1,17,*,*,*,*,*,*,- 0,0,0
2023,Census Tract,1009300,69,"1,280","2,117",65,*,9,16.31,10.01,11.45,55,5.09,5.24,*,*,*,*,*,*,*,- 0,0,0
2023,Census Tract,1009400,142,"2,900","5,947",115,*,13,28.21,12.69,15.43,108,5.25,6.87,25,*,*,*,*,*,*,- 0,0,0
2023,Census Tract,1009500,221,"2,100","3,265",189,*,7,16.33,10,10.79,155,3.67,4.78,49,11,1,5.83,21,1,1.47,- 0,0,0
2023,Census Tract,1009600,357,"1,131","2,784",321,14,23,62.68,6,9.61,266,3.05,4.76,100,10,15.49,16.99,26,1,1.14,- 0,0,0
2023,Census Tract,1009700,11,"1,537","9,887",11,- 0,4,31.55,10.01,7.9,*,*,*,*,- 0,0,0,- 0,0,0,- 0,0,0
2023,Census Tract,1009800,192,"1,210","1,811",146,*,9.5,21.07,10.34,13.14,127,6.01,6.14,22,13,1,4.55,33,1,2.16,- 0,0,0
2023,Census Tract,1009901,133,"3,047","5,143",114,*,8,18.89,11.05,13.08,102,5.01,7.28,25,*,*,*,*,*,*,- 0,0,0
2023,Census Tract,1009902,68,"2,470","6,600",50,*,6,6.74,10.62,15.51,47,6.12,10.31,*,*,*,*,*,*,*,*,*,*
2023,Census Tract,1009903,46,"3,504","8,084",41,*,8,11.05,11.11,13.02,39,9.25,10.64,*,*,*,*,*,*,*,- 0,0,0
2023,Census Tract,1010000,116,"2,011","3,751",98,*,9.5,15.61,14.99,14,84,6.67,6.49,19,*,*,*,*,*,*,- 0,0,0
2023,Census Tract,1010100,169,"2,417","4,786",123,*,11,23.64,10.59,12.77,111,5.84,6.11,21,*,*,*,*,*,*,- 0,0,0
2023,Census Tract,1010200,172,"2,249","7,292",133,*,17,45.87,12.42,14.74,125,5.42,5.58,22,*,*,*,*,*,*,*,*,*
2023,Census Tract,1010300,163,"1,302","4,287",104,*,14,22,10.54,12.28,99,8.09,7.9,*,*,*,*,*,*,*,- 0,0,0
2023,Census Tract,1010400,245,"2,158","4,037",195,*,12,24.49,15.01,15.85,185,4.99,6.92,32,12,16.09,9.8,38,1,2.1,- 0,0,0
2023,Census Tract,1010601,17,"1,260","2,484",15,*,7,10,9.01,7.16,*,*,*,*,*,*,*,*,*,*,- 0,0,0
2023,Census Tract,1010602,29,"1,100","1,739",28,*,9,13.32,10,9.4,26,3.5,4.64,*,*,*,*,*,*,*,- 0,0,0
2023,Census Tract,1010801,49,"1,040","1,985",42,- 0,10.5,11.01,10,10.2,28,6.79,5.66,*,*,*,*,*,*,*,- 0,0,0
2023,Census Tract,1010802,48,"1,138","1,953",41,- 0,9,13.61,10.01,11.47,31,5.25,5.53,*,*,*,*,*,*,*,- 0,0,0
2023,Census Tract,1010803,80,"1,780","3,736",67,*,7,11.95,10.05,12.94,55,4.13,6.01,15,*,*,*,*,*,*,- 0,0,0
2023,Census Tract,1010900,284,"2,060","4,334",230,*,7,19.66,10.34,12.95,201,4.92,5.86,43,*,*,*,*,*,*,*,*,*
2023,Census Tract,1011000,151,"1,225","2,924",119,*,10,16.89,10.01,10.42,95,5.33,5.53,20,*,*,*,*,*,*,- 0,0,0
2023,Census Tract,1011100,117,"1,395","2,691",99,*,9,24.09,10.01,11.22,90,5.01,5.69,18,*,*,*,*,*,*,- 0,0,0
2023,Census Tract,1011201,86,"2,300","6,127",57,- 0,10,31.34,11.93,14.16,43,7.15,7.53,*,*,*,*,*,*,*,*,*,*
2023,Census Tract,1011202,91,"3,055","7,685",60,*,29,54.38,10.99,14.5,58,6.34,6.41,*,*,*,*,*,*,*,*,*,*
2023,Census Tract,1011203,115,"2,235","6,002",93,*,13,27.7,10.59,12.86,84,5.25,6.19,21,*,*,*,*,*,*,- 0,0,0
2023,Census Tract,1011300,207,"2,400","5,824",180,10,12,25.91,11.16,13.33,149,6.03,6.69,23,*,*,*,*,*,*,*,*,*
2023,Census Tract,1011401,75,"2,900","8,741",63,10,25,55.43,10.92,12.97,55,5.75,6.15,*,*,*,*,*,*,*,- 0,0,0
2023,Census Tract,1011402,109,"1,400","3,659",90,13,11,16.85,10.01,12.18,72,5.46,6.81,11,*,*,*,*,*,*,- 0,0,0
2023,Census Tract,1011500,80,"1,556","2,870",66,*,8,10.32,10,9.98,53,6.67,7.6,*,- 0,0,0,14,1,1.56,*,*,*
2023,Census Tract,1011600,20,980,"4,733",15,*,10,16.71,8.42,8.19,*,*,*,*,*,*,*,*,*,*,- 0,0,0
2023,Census Tract,1011800,99,974,"2,621",89,*,11,15.01,10.56,14.01,74,3.33,5.07,22,*,*,*,*,*,*,- 0,0,0
2023,Census Tract,1011900,143,"3,575","18,961",114,*,28.5,75.52,15.01,17.02,101,7.33,8.2,21,11,15.71,12.01,18,2,2.61,*,*,*
2023,Census Tract,1012000,81,"1,100","1,761",68,*,14,22,10,10.85,55,4.42,5.46,13,*,*,*,*,*,*,- 0,0,0
2023,Census Tract,1012101,53,"1,224","1,446",48,*,14.5,34.37,10,9.04,36,4.25,4.78,*,*,*,*,*,*,*,- 0,0,0
2023,Census Tract,1012102,55,"1,302","2,404",50,*,12,31.32,10.07,15,45,4.53,5.41,12,*,*,*,*,*,*,- 0,0,0
2023,Census Tract,1012200,129,"1,500","2,470",91,*,22,53.91,10.42,14.93,74,4.38,5.05,24,18,3,12.6,20,1,1.1,*,*,*
2023,Census Tract,1012400,56,871,"1,562",50,*,10.5,14.17,10,9.87,39,4.5,4.77,10,*,*,*,*,*,*,- 0,0,0
2023,Census Tract,1012500,125,"2,500","4,416",102,*,18,27.26,15.14,17.06,94,7.42,8.1,15,*,*,*,*,*,*,*,*,*
2023,Census Tract,1012601,66,"1,000","1,959",56,- 0,11,25.27,7.42,8.72,40,2.75,4.31,14,*,*,*,*,*,*,- 0,0,0
2023,Census Tract,1012602,66,"1,060","1,654",60,*,11,14.5,6.99,8.88,38,3.46,4.66,14,*,*,*,*,*,*,- 0,0,0
2023,Census Tract,1012700,173,"1,122","1,876",151,*,12,32.39,10,10.22,120,4.96,5.22,35,*,*,*,*,*,*,- 0,0,0
2023,Census Tract,1012800,148,"1,033","2,775",132,*,10.5,15.26,10,10.99,97,3.92,5,25,*,*,*,*,*,*,- 0,0,0
2023,Census Tract,1012901,46,"1,988","6,605",43,*,7,29.01,10.71,11.73,38,5.87,6.21,*,*,*,*,*,*,*,- 0,0,0
2023,Census Tract,1012902,30,940,"4,510",22,- 0,6,30.77,10.01,17.73,19,5.5,10.8,*,*,*,*,*,*,*,- 0,0,0
2023,Census Tract,1013000,97,"1,617","2,699",74,*,21.5,34.57,10.18,14.97,64,4.09,6.31,15,*,*,*,*,*,*,- 0,0,0
2023,Census Tract,1013100,130,"2,035","6,079",113,*,13,26.58,11.98,15.64,107,7.01,7.05,14,*,*,*,*,*,*,- 0,0,0
2023,Census Tract,1013201,38,893,"1,442",36,*,9,11.24,10.01,10.23,30,5.92,5.26,*,*,*,*,*,*,*,- 0,0,0
2023,Census Tract,1013203,46,915,"1,408",43,*,12,33.6,9.98,10.41,38,3.67,4.51,10,*,*,*,*,*,*,- 0,0,0
2023,Census Tract,1013300,123,900,"1,511",110,*,13,28.16,10.01,10.7,93,6.25,6.02,19,*,*,*,*,*,*,- 0,0,0
2023,Census Tract,1013400,165,970,"1,837",153,*,10,16.26,10,10.47,127,4,4.95,35,- 0,0,0,12,0.92,1.85,- 0,0,0
2023,Census Tract,1013501,22,"1,643","3,155",15,- 0,7,21.63,14.73,12.34,14,5.96,6.5,*,*,*,*,*,*,*,- 0,0,0
2023,Census Tract,1013502,44,"5,250","18,910",42,*,13,30.21,15,12.4,37,8.59,8.31,*,*,*,*,*,*,*,- 0,0,0
2023,Census Tract,1013602,15,736,"2,508",15,- 0,7.07,19.95,3,7.27,12,3.42,3.79,*,- 0,0,0,- 0,0,0,- 0,0,0
2023,Census Tract,1013603,24,619,"1,388",23,*,7,9.35,10,9.65,13,7.59,6.3,*,*,*,*,*,*,*,- 0,0,0
2023,Census Tract,1013604,41,860,"1,336",39,*,10,16.88,5.05,6.33,25,2.75,4.45,*,*,*,*,*,*,*,- 0,0,0
2023,Census Tract,1013700,174,"2,000","6,183",138,*,11,15.93,10.87,14.72,127,5.75,6.5,27,*,*,*,*,*,*,- 0,0,0
2023,Census Tract,1013800,152,732,"1,421",141,*,10,13.54,9.86,10.08,108,3.58,4.38,36,*,*,*,*,*,*,- 0,0,0
2023,Census Tract,1013900,135,"1,000","2,086",123,*,13.83,22.08,10.02,12.03,105,6.25,5.98,22,*,*,*,*,*,*,- 0,0,0
2023,Census Tract,1014000,178,850,"1,435",153,*,15,27.93,10.59,13.63,141,4.67,5.3,28,*,*,*,*,*,*,- 0,0,0
2023,Census Tract,1014200,118,"1,113","1,774",89,*,19,29.55,10.01,13.13,82,3.09,5.91,26,18,9.7,11.61,11,1,1.07,*,*,*
2023,Census Tract,1014401,27,"1,250","1,838",27,*,7,13.63,1,7.97,13,3.16,3.68,*,- 0,0,0,- 0,0,0,- 0,0,0
2023,Census Tract,1014402,43,845,"1,212",37,- 0,10,18.9,7,6.85,26,3.92,4.23,*,*,*,*,*,*,*,- 0,0,0
2023,Census Tract,1014500,50,"2,769","6,510",44,*,9,15.18,15.04,14.08,38,4.63,5.45,*,*,*,*,*,*,*,- 0,0,0
2023,Census Tract,1014601,105,"1,448","2,601",89,*,10,12.41,10.01,13.16,78,3.88,4.63,27,*,*,*,*,*,*,- 0,0,0
2023,Census Tract,1014602,88,"1,300","3,134",65,*,10,21.95,10.01,10.74,49,3.84,4.62,15,*,*,*,*,*,*,*,*,*
2023,Census Tract,1014700,13,"1,734","2,555",*,- 0,*,*,*,*,*,*,*,- 0,*,*,*,*,*,*,- 0,0,0
2023,Census Tract,1014801,49,"1,400","3,591",44,- 0,15.5,32.45,13.27,14.9,38,6.71,8.78,*,*,*,*,*,*,*,- 0,0,0
2023,Census Tract,1014802,87,"1,015","2,952",72,*,11,15.58,10.06,11.26,57,5.25,5.47,14,*,*,*,*,*,*,- 0,0,0
2023,Census Tract,1014900,36,"2,850","5,839",28,- 0,11,13.65,16.84,19.11,26,3.08,5.67,*,*,*,*,*,*,*,- 0,0,0
2023,Census Tract,1015001,34,"1,550","2,354",26,- 0,13,27.73,10.01,13.25,21,4.33,8.29,*,*,*,*,*,*,*,- 0,0,0
2023,Census Tract,1015002,53,"1,000","1,394",49,*,16,19,10.01,11.36,49,4.84,5.6,*,*,*,*,*,*,*,- 0,0,0
2023,Census Tract,1015102,29,"2,430","6,418",22,- 0,6.5,6.5,13.51,14.64,20,7.13,7.5,*,*,*,*,*,*,*,- 0,0,0
2023,Census Tract,1015200,38,813,"1,484",29,- 0,6,10.41,10.02,11.82,28,6.59,5.85,*,*,*,*,*,*,*,- 0,0,0
2023,Census Tract,1015301,31,"1,080","1,717",29,- 0,21,23.03,11.01,12.35,28,5.46,5.06,*,*,*,*,*,*,*,- 0,0,0
2023,Census Tract,1015302,86,"1,490","12,888",75,*,12.5,16.23,10.59,13.85,66,5.46,6.91,12,- 0,0,0,11,1.42,2.32,*,*,*
2023,Census Tract,1015401,41,750,"2,292",37,*,9,18.71,10.01,11.31,29,5.25,6.1,*,*,*,*,*,*,*,- 0,0,0
2023,Census Tract,1015402,41,"1,100","1,584",35,*,8,9.79,8,8.26,28,4.21,4.25,*,*,*,*,*,*,*,- 0,0,0
2023,Census Tract,1015403,26,"4,476","7,501",24,- 0,5,6.4,10.88,11.48,24,2.37,3.64,10,*,*,*,*,*,*,- 0,0,0
2023,Census Tract,1015501,17,"1,560","3,459",14,- 0,10.5,12.92,12.53,12.3,12,5.71,6.25,*,*,*,*,*,*,*,- 0,0,0
2023,Census Tract,1015601,27,"1,750","5,196",21,*,7,21,10.07,11.16,18,4.17,5.35,*,*,*,*,*,*,*,- 0,0,0
2023,Census Tract,1015700,190,"1,050","1,494",172,14,11,13.68,10.01,10.71,148,3.84,4.82,41,*,*,*,*,*,*,- 0,0,0
2023,Census Tract,1015801,64,815,"1,203",46,*,9,10.31,10.01,10.43,39,4.5,4.96,*,*,*,*,*,*,*,- 0,0,0
2023,Census Tract,1015802,24,"1,128","1,408",22,- 0,8.5,9.32,10.01,10.25,19,7.17,6.47,*,*,*,*,*,*,*,- 0,0,0
2023,Census Tract,1015900,56,"1,390","4,498",47,*,8,10.3,9,10.44,39,4.5,5.08,12,*,*,*,*,*,*,- 0,0,0
2023,Census Tract,1016001,34,"1,000","1,260",25,- 0,11,12.56,10.01,10.47,20,4.04,4.65,*,*,*,*,*,*,*,- 0,0,0
2023,Census Tract,1016100,55,"1,200","1,901",49,*,13,14.85,10.37,13.64,46,4.34,4.53,14,*,*,*,*,*,*,- 0,0,0
2023,Census Tract,1016200,19,"1,865","4,520",18,- 0,1,1.56,15.76,14.7,18,0.54,2.25,*,*,*,*,*,*,*,- 0,0,0
2023,Census Tract,1016300,57,"2,000","4,457",45,*,11,12.24,10.01,10.65,30,5.54,5.53,*,- 0,0,0,12,1,1.22,- 0,0,0
2023,Census Tract,1016500,59,"1,250","1,965",53,*,12,10.34,10.01,12.03,46,4.17,4.49,*,*,*,*,*,*,*,- 0,0,0
2023,Census Tract,1016600,57,765,"1,561",49,*,5,5.63,6.69,8.48,34,2.42,3.33,15,*,*,*,*,*,*,- 0,0,0
2023,Census Tract,1016700,111,900,"1,980",98,*,11,15.64,10.05,11.95,95,4.75,4.79,23,*,*,*,*,*,*,- 0,0,0
2023,Census Tract,1016900,96,711,"1,156",89,*,11,11.81,10.01,11.28,81,5.33,6.37,16,*,*,*,*,*,*,- 0,0,0
2023,Census Tract,1017000,81,"1,000","1,901",75,*,5,5.45,5,7.8,45,4.25,5.21,10,*,*,*,*,*,*,- 0,0,0
2023,Census Tract,1017100,81,"1,045","2,297",73,*,10,11.34,10.01,13.08,69,5.59,5.77,11,*,*,*,*,*,*,- 0,0,0
2023,Census Tract,1017200,116,"1,000","1,287",106,*,4,4.72,5,8.08,73,1.5,2.21,43,*,*,*,*,*,*,- 0,0,0
2023,Census Tract,1017300,31,"1,386","1,945",27,*,9,12.07,10.01,11.12,23,2.58,4.2,10,*,*,*,*,*,*,- 0,0,0
2023,Census Tract,1017402,17,"1,197","3,022",13,- 0,5,4,9.98,10.27,10,1.87,4.28,*,*,*,*,*,*,*,- 0,0,0
2023,Census Tract,1017500,65,"1,200","2,937",56,*,11.67,14.73,10.01,11.38,42,5.33,5.19,*,*,*,*,*,*,*,- 0,0,0
2023,Census Tract,1017700,34,"1,501","2,445",33,*,7,6.85,12.76,13.54,28,7.29,7.67,*,*,*,*,*,*,*,- 0,0,0
2023,Census Tract,1017800,39,900,"24,558",25,- 0,3.33,5.86,9.92,10.92,18,5.88,7.09,*,*,*,*,*,*,*,- 0,0,0
2023,Census Tract,1017900,48,"1,260","1,876",41,*,10,12.6,10.04,11.87,31,6.01,7.72,*,*,*,*,*,*,*,- 0,0,0
2023,Census Tract,1018000,41,"1,200","1,282",38,*,3.2,3.72,4.67,5.84,21,4.09,4.49,*,*,*,*,*,*,*,- 0,0,0
2023,Census Tract,1018100,35,"2,700","5,108",31,- 0,7.17,6.54,10.03,11.7,26,6.54,6.49,*,*,*,*,*,*,*,- 0,0,0
2023,Census Tract,1018200,68,"1,300","1,872",61,*,6,5.78,5,7.2,42,2.33,4.06,14,*,*,*,*,*,*,- 0,0,0
2023,Census Tract,1018300,76,"1,123","1,832",64,*,12,11.64,11.42,13.91,61,4.75,5.65,*,*,*,*,*,*,*,- 0,0,0
2023,Census Tract,1018400,61,"1,500","2,336",51,*,3,3.36,9,8.94,35,2.09,3.58,16,*,*,*,*,*,*,- 0,0,0
2023,Census Tract,1018500,27,"4,963","13,977",24,- 0,6,8.92,14.8,15.15,24,5.75,7.36,*,*,*,*,*,*,*,- 0,0,0
2023,Census Tract,1018600,12,"1,013","1,766",12,- 0,5.5,6,13.11,16.82,10,7.4,6.92,*,- 0,0,0,- 0,0,0,- 0,0,0
2023,Census Tract,1018700,62,"1,034","1,873",54,*,10,9.05,10.12,11.43,47,5.84,6.18,*,*,*,*,*,*,*,*,*,*
2023,Census Tract,1018800,68,870,"1,406",58,*,4,4.57,5,5.68,40,2.62,3.44,17,*,*,*,*,*,*,- 0,0,0
2023,Census Tract,1018900,49,960,"1,113",46,*,5.5,6.14,10,10.59,42,4.42,4.91,10,*,*,*,*,*,*,- 0,0,0
2023,Census Tract,1019000,27,"2,585","5,579",22,*,4,3.95,1,4.96,*,*,*,*,*,*,*,*,*,*,- 0,0,0
2023,Census Tract,1019100,55,990,"2,303",51,*,9,9.78,10.01,10.45,37,3.33,4.13,*,*,*,*,*,*,*,- 0,0,0
2023,Census Tract,1019300,78,750,990,72,*,6.37,7.28,9.99,9,65,2.92,3.69,25,*,*,*,*,*,*,- 0,0,0
2023,Census Tract,1019400,31,"1,098","2,058",19,- 0,3.14,3.59,1,2.56,*,*,*,*,*,*,*,*,*,*,- 0,0,0
2023,Census Tract,1019500,64,"1,000","1,722",59,*,8,9.75,10.01,11.57,51,5.25,7.09,11,*,*,*,*,*,*,- 0,0,0
2023,Census Tract,1019600,54,"2,155","4,315",45,*,5,7.93,10.01,9.82,36,3.67,5.37,*,*,*,*,*,*,*,- 0,0,0
2023,Census Tract,1019702,15,"2,009","1,845",14,*,3.5,5.31,5.13,6,*,*,*,*,*,*,*,*,*,*,- 0,0,0
2023,Census Tract,1019800,61,"1,350","2,026",53,*,5,6.62,10,8.83,31,6.25,6.63,*,*,*,*,*,*,*,- 0,0,0
2023,Census Tract,1019900,56,"1,675","2,674",52,*,10,10.82,10.91,12.86,49,4.75,5.58,14,*,*,*,*,*,*,- 0,0,0
2023,Census Tract,1020000,57,"1,500","2,880",50,*,7,7.09,10.12,10.77,46,6.75,6.79,*,*,*,*,*,*,*,- 0,0,0
2023,Census Tract,1020102,27,"1,241","2,337",24,*,4,4.87,2.97,4.46,11,5.51,5.41,*,*,*,*,*,*,*,- 0,0,0
2023,Census Tract,1020600,21,"1,269","1,770",19,- 0,5,5.21,5,8.63,17,1.58,2.35,*,*,*,*,*,*,*,- 0,0,0
2023,Census Tract,1020701,11,"1,174","1,782",10,- 0,3,3.3,9.51,8.84,*,*,*,*,*,*,*,*,*,*,- 0,0,0
2023,Census Tract,1020800,19,665,890,15,*,5,7.93,5,5.69,11,1,3.09,*,*,*,*,*,*,*,- 0,0,0
2023,Census Tract,1020901,28,"1,122","2,170",25,- 0,8,7.06,10.01,11.93,23,4,5.05,*,*,*,*,*,*,*,*,*,*
2023,Census Tract,1021100,45,"1,000","3,596",44,*,6,6.85,10.01,12.95,38,4.08,6.12,*,*,*,*,*,*,*,- 0,0,0
2023,Census Tract,1021200,55,"1,200","2,473",30,*,4,3.6,22.31,23.51,24,2.96,4.45,*,- 0,0,0,25,14.59,10.13,- 0,0,0
2023,Census Tract,1021303,23,800,"1,604",22,*,5,4.5,10.34,11.07,20,5.21,6.26,*,*,*,*,*,*,*,- 0,0,0
2023,Census Tract,1021500,22,"1,000","2,596",20,*,4,5.8,10.01,9.86,16,6.38,6.19,*,*,*,*,*,*,*,- 0,0,0
2023,Census Tract,1021600,36,950,"1,441",32,*,5,5.87,9,8.04,22,4.84,4.76,*,*,*,*,*,*,*,- 0,0,0
2023,Census Tract,1021800,68,955,"2,071",59,*,5.53,6,10.01,9.1,46,4.83,5.13,*,*,*,*,*,*,*,- 0,0,0
2023,Census Tract,1021900,45,"1,350","3,916",37,*,4,5.55,9,7.91,19,3.33,4.52,*,*,*,*,*,*,*,- 0,0,0
2023,Census Tract,1022000,39,"1,000","1,165",37,*,5,5.84,5,6.41,29,3.67,3.94,10,*,*,*,*,*,*,- 0,0,0
2023,Census Tract,1022200,93,"1,750","5,874",76,*,6.25,8.77,10.03,12.28,66,4.05,5.7,11,*,*,*,*,*,*,- 0,0,0
2023,Census Tract,1022301,53,968,"1,367",51,*,6,6.42,10,9.61,35,4.59,4.81,*,*,*,*,*,*,*,- 0,0,0
2023,Census Tract,1022400,37,"1,581","2,264",34,*,5,5.62,8.34,9.21,26,3.67,5.66,*,*,*,*,*,*,*,- 0,0,0
2023,Census Tract,1022500,88,800,"1,119",83,*,7,7.48,9.34,8.93,68,4.63,4.82,17,*,*,*,*,*,*,- 0,0,0
2023,Census Tract,1022600,79,825,"1,055",72,*,5,5.84,9.76,8.4,60,4.17,4.59,14,*,*,*,*,*,*,- 0,0,0
2023,Census Tract,1022700,32,540,"1,530",25,- 0,8,8.61,10.01,11.35,22,5.46,5.81,*,*,*,*,*,*,*,- 0,0,0
2023,Census Tract,1022800,56,977,"1,062",51,13,5,5.56,6.75,7.52,34,4.38,4.37,*,*,*,*,*,*,*,- 0,0,0
2023,Census Tract,1022900,94,909,"1,530",83,*,7,7.63,8.84,8.68,64,4.75,5.19,15,*,*,*,*,*,*,- 0,0,0
2023,Census Tract,1023000,47,"1,000","1,485",45,*,4,5.04,8,8.55,36,4.09,4.57,11,*,*,*,*,*,*,- 0,0,0
2023,Census Tract,1023100,42,875,"1,295",37,*,4.83,5.6,6.92,8.11,28,2.29,3.45,11,*,*,*,*,*,*,- 0,0,0
2023,Census Tract,1023200,68,983,"1,585",67,*,4,4.66,8,7.74,56,2.25,3.37,21,*,*,*,*,*,*,- 0,0,0
2023,Census Tract,1023300,89,842,"1,396",75,*,7,7.11,10.05,11.76,61,5.33,5.14,12,- 0,0,0,14,1,2.25,- 0,0,0
2023,Census Tract,1023400,24,924,"1,166",23,*,4,4.72,1,4.37,*,*,*,*,*,*,*,*,*,*,- 0,0,0
2023,Census Tract,1023501,22,914,"1,001",19,- 0,3,4.95,10,8.43,17,5.33,4.28,*,*,*,*,*,*,*,- 0,0,0
2023,Census Tract,1023600,27,"1,000","1,836",22,*,1,2.86,7.8,8.46,16,4,4.8,*,*,*,*,*,*,*,*,*,*
2023,Census Tract,1023700,44,649,"2,609",40,*,5.5,6.69,6.83,8.47,27,4.09,4.79,*,*,*,*,*,*,*,- 0,0,0
2023,Census Tract,1023804,15,"1,546","2,274",*,- 0,*,*,*,*,*,*,*,*,*,*,*,*,*,*,- 0,0,0
2023,Census Tract,1023900,16,825,913,16,*,5,8.11,6.5,7.71,12,3.33,5.26,*,- 0,0,0,- 0,0,0,- 0,0,0
2023,Census Tract,1024100,49,731,"1,695",43,*,6,6.33,11.01,12.75,42,4.59,4.82,11,*,*,*,*,*,*,- 0,0,0
2023,Census Tract,1024200,24,"1,256","3,693",23,*,3,5.38,10.01,9.07,17,1.33,3.82,*,*,*,*,*,*,*,- 0,0,0
2023,Census Tract,1024301,34,775,"1,361",32,*,5,4.37,10,8.27,31,3.16,3.53,11,*,*,*,*,*,*,- 0,0,0
2023,Census Tract,1024500,191,767,"1,143",175,- 0,7,7.37,10,10.31,147,4.75,5.17,30,- 0,0,0,16,1,3.95,- 0,0,0
2023,Census Tract,1024900,12,"1,000","1,128",10,*,4,4.48,10,8.93,*,*,*,- 0,*,*,*,*,*,*,- 0,0,0
2023,Census Tract,1025100,38,"1,000","1,280",33,*,6,9.91,9.95,8.33,25,4.33,5.12,*,*,*,*,*,*,*,- 0,0,0
2023,Census Tract,1025300,134,700,"1,066",125,*,7,7.16,10,10.27,109,4.09,4.6,24,*,*,*,*,*,*,- 0,0,0
2023,Census Tract,1025700,35,"6,000","8,360",26,- 0,6,6.91,10.45,13.84,18,7.04,8.37,*,*,*,*,*,*,*,- 0,0,0
2023,Census Tract,1025900,34,"1,114","4,813",33,*,4,3.82,4,7.45,17,3.16,4.43,*,*,*,*,*,*,*,- 0,0,0
2023,Census Tract,1026100,96,618,"1,171",86,*,7.33,7.81,10,10.51,66,3.63,4.38,27,*,*,*,*,*,*,- 0,0,0
2023,Census Tract,1026300,119,875,"2,298",115,*,9,8.54,10.01,10.35,98,4.92,5.12,26,*,*,*,*,*,*,- 0,0,0
2023,Census Tract,1026500,63,980,"1,623",61,- 0,8,7.67,10.01,14.55,59,5.17,5.34,11,*,*,*,*,*,*,- 0,0,0
2023,Census Tract,1026900,123,"1,000","1,795",111,11,5,6.69,10,10.33,78,3.71,5.16,20,*,*,*,*,*,*,- 0,0,0
2023,Census Tract,1027100,125,960,"2,227",115,*,8,8.65,10,10.86,92,4.33,4.5,23,*,*,*,*,*,*,- 0,0,0
2023,Census Tract,1027300,50,831,"1,469",44,*,7,8.43,10.01,10.73,39,4.92,5.18,*,*,*,*,*,*,*,- 0,0,0
2023,Census Tract,1027700,57,800,"1,059",53,*,5.69,5.94,9.92,9.02,41,4.67,6.01,*,*,*,*,*,*,*,- 0,0,0
2023,Census Tract,1027900,76,825,"1,391",74,- 0,6,6.11,6.5,7.34,57,3.25,3.95,17,*,*,*,*,*,*,- 0,0,0
2023,Census Tract,1028300,57,750,"1,050",50,*,5.63,5.63,9.93,9.39,37,4.25,4.57,*,*,*,*,*,*,*,- 0,0,0
2023,Census Tract,1028500,81,828,"1,058",78,20,5,5.15,5.02,6.39,54,3.56,3.89,21,*,*,*,*,*,*,- 0,0,0
2023,Census Tract,1028700,52,775,"2,201",50,*,7,6.62,6.98,8.74,34,4.63,4.47,*,*,*,*,*,*,*,- 0,0,0
2023,Census Tract,1029100,107,875,"1,825",100,*,5.61,6.75,8.5,9.74,72,4.42,5.24,15,*,*,*,*,*,*,- 0,0,0
2023,Census Tract,1029300,162,"1,000","1,540",158,- 0,5,5.77,10,9.63,132,3.79,4.65,40,*,*,*,*,*,*,- 0,0,0
2023,Census Tract,1029500,63,800,"1,011",60,*,7,7.46,9.3,10.61,37,3.5,3.76,*,*,*,*,*,*,*,- 0,0,0
2023,Census Tract,1029900,45,"2,500","7,184",36,- 0,3.67,3.87,1,4.75,16,4.17,4.59,*,*,*,*,*,*,*,*,*,*
2023,Census Tract,1030300,39,850,"2,179",36,*,5.25,6.04,10.09,12.45,35,3.92,5.01,*,*,*,*,*,*,*,- 0,0,0
2023,Census Tract,1030700,13,"1,500","2,655",13,*,3,3.39,10,11.06,12,3.71,4.93,*,- 0,0,0,- 0,0,0,- 0,0,0
2023,Census Tract,1030900,40,"1,100","1,826",37,- 0,5,5.3,6,8.58,25,3.58,4.14,*,*,*,*,*,*,*,- 0,0,0
2023,Census Tract,1031703,45,"2,748","5,367",43,*,6,9,12.5,13.51,43,4.33,4.95,11,*,*,*,*,*,*,- 0,0,0
2023,Census Tract,1031704,36,"1,880","2,285",30,*,7,7.6,10.8,10.82,21,6.5,6.98,*,*,*,*,*,*,*,- 0,0,0
2023,Census Tract,2001901,31,"1,800","2,342",21,*,3,3.18,5,7.96,16,1.37,2.2,*,*,*,*,*,*,*,- 0,0,0
2023,Census Tract,2001902,21,"1,250","4,753",13,- 0,3,12.72,8,7.89,*,*,*,*,*,*,*,*,*,*,- 0,0,0
2023,Census Tract,2002002,11,"1,100","1,965",*,*,*,*,*,*,*,*,*,*,*,*,*,*,*,*,- 0,0,0
2023,Census Tract,2002500,36,734,"1,359",35,*,6,9.19,5.3,8.97,26,2,2.87,13,*,*,*,*,*,*,- 0,0,0
2023,Census Tract,2002701,19,900,"1,751",19,*,5,5,5,5.97,13,2,4.33,*,- 0,0,0,- 0,0,0,- 0,0,0
2023,Census Tract,2002702,47,742,"1,729",32,*,4,10.5,8.97,11.56,27,3.16,3.91,*,*,*,*,*,*,*,- 0,0,0
2023,Census Tract,2002800,31,"2,200","4,952",27,- 0,4.33,4.08,11.26,18.02,26,5.25,7.02,*,*,*,*,*,*,*,- 0,0,0
2023,Census Tract,2003100,48,"1,550","3,657",40,- 0,6,7.8,5.63,7.79,30,1.37,2.56,19,*,*,*,*,*,*,- 0,0,0
2023,Census Tract,2003500,24,800,"2,958",23,*,3,3.78,3,5.63,21,1,2.7,*,*,*,*,*,*,*,- 0,0,0
2023,Census Tract,2003900,89,800,"1,219",82,42,4,5.26,9.3,9.96,59,2.42,3.24,25,*,*,*,*,*,*,- 0,0,0
2023,Census Tract,2004100,12,"1,057","2,508",10,- 0,3,11.31,9.51,11.41,*,*,*,*,*,*,*,*,*,*,- 0,0,0
2023,Census Tract,2004200,41,"3,376","12,686",33,- 0,5,5.49,10.19,12.05,32,5.59,6.8,*,*,*,*,*,*,*,- 0,0,0
2023,Census Tract,2004300,85,"1,300","2,477",73,*,6,8.23,7.92,8.25,45,3.42,3.76,11,*,*,*,*,*,*,- 0,0,0
2023,Census Tract,2004400,16,"1,147","4,117",15,- 0,2.51,2.99,1,7.1,*,*,*,- 0,*,*,*,*,*,*,- 0,0,0
2023,Census Tract,2004800,18,832,"1,495",18,- 0,3.08,3.26,1,5.87,*,*,*,*,- 0,0,0,- 0,0,0,- 0,0,0
2023,Census Tract,2005001,18,"1,028",901,16,- 0,3,3.2,10.67,13.04,15,1.25,4.1,*,*,*,*,*,*,*,- 0,0,0
2023,Census Tract,2005002,30,986,"2,485",28,- 0,5,7.25,10,11.27,26,3.36,3.87,*,*,*,*,*,*,*,- 0,0,0
2023,Census Tract,2005100,39,"2,495","4,672",31,*,3,6.25,4,6.18,18,1.62,4.39,10,*,*,*,*,*,*,- 0,0,0
2023,Census Tract,2005200,10,928,"1,553",*,*,*,*,*,*,*,*,*,*,*,*,*,- 0,0,0,- 0,0,0
2023,Census Tract,2005400,81,"1,000","1,362",81,*,4,6.08,6.75,10.76,70,3.84,4.03,18,- 0,0,0,- 0,0,0,- 0,0,0
2023,Census Tract,2005600,22,720,"1,288",20,- 0,4,4.6,7.63,8.82,20,3.33,4,*,*,*,*,*,*,*,- 0,0,0
2023,Census Tract,2005902,17,800,895,15,- 0,6,6.33,5,5.56,*,*,*,*,*,*,*,*,*,*,- 0,0,0
2023,Census Tract,2006100,36,"4,841","7,331",31,- 0,4,4.16,10.74,14.76,27,4.33,6.59,*,*,*,*,*,*,*,- 0,0,0
2023,Census Tract,2006200,19,600,"1,032",15,- 0,5,5,1,1.26,*,*,*,*,*,*,*,*,*,*,- 0,0,0
2023,Census Tract,2006301,83,"2,500","14,873",64,*,4,5.29,15.05,14.89,59,3.33,4.11,22,*,*,*,*,*,*,*,*,*
2023,Census Tract,2006500,123,"1,234","2,704",104,*,4,6.08,4,6.64,60,3.42,5.4,17,*,*,*,*,*,*,- 0,0,0
2023,Census Tract,2006700,78,775,"1,429",70,*,5,5.56,6.62,8.71,60,2.37,3.24,26,*,*,*,*,*,*,- 0,0,0
2023,Census Tract,2006900,19,"1,173","2,073",19,*,4,3.83,3.75,5.15,16,2.29,2.65,*,- 0,0,0,- 0,0,0,- 0,0,0
2023,Census Tract,2007000,28,"1,083","1,934",27,*,3.67,3.86,7.08,8.47,23,4,4.42,*,*,*,*,*,*,*,- 0,0,0
2023,Census Tract,2007100,47,"3,968","8,177",34,*,3,4.19,14.62,13.07,32,3.71,4.31,*,*,*,*,*,*,*,*,*,*
2023,Census Tract,2007200,44,878,"1,402",41,- 0,4,4.04,5,8.76,27,2.25,4.15,14,*,*,*,*,*,*,- 0,0,0
2023,Census Tract,2007300,25,860,"1,476",23,- 0,8,20.14,2,6.51,12,3.33,3.08,*,*,*,*,*,*,*,- 0,0,0
2023,Census Tract,2007500,15,"2,962","4,414",13,*,2,2.32,7,6.84,*,*,*,*,*,*,*,*,*,*,- 0,0,0
2023,Census Tract,2007600,67,650,"1,189",67,*,3.5,4.29,9.89,9.46,63,4,3.69,17,- 0,0,0,- 0,0,0,- 0,0,0
2023,Census Tract,2007700,21,"1,070","1,293",18,13,3,3.22,1,1.46,*,*,*,*,*,*,*,*,*,*,- 0,0,0
2023,Census Tract,2007800,45,875,"1,162",38,*,2.76,2.91,7.67,8.94,32,4.13,4.61,*,*,*,*,*,*,*,- 0,0,0
2023,Census Tract,2007900,31,800,"2,314",27,*,3.33,5.16,5.01,9.16,21,2.92,4.3,*,*,*,*,*,*,*,- 0,0,0
2023,Census Tract,2008300,47,"1,200","2,809",40,*,2.96,4.91,5.39,7.66,30,2.17,3.67,16,*,*,*,*,*,*,- 0,0,0
2023,Census Tract,2008500,17,"3,500","9,414",16,*,2,2.39,6.68,8.49,13,1.42,2.6,11,*,*,*,*,*,*,- 0,0,0
2023,Census Tract,2008700,43,740,"1,452",40,*,3.43,4.99,7.5,10.21,33,3.42,5.55,*,*,*,*,*,*,*,- 0,0,0
2023,Census Tract,2008900,35,"1,356","3,440",34,*,5,6.05,9.38,8.65,28,2.46,3.24,12,*,*,*,*,*,*,- 0,0,0
2023,Census Tract,2009000,11,"2,318","34,746",*,- 0,*,*,*,*,*,*,*,*,*,*,*,- 0,0,0,- 0,0,0
2023,Census Tract,2009200,80,880,"1,501",71,*,5,4.88,4.15,5.84,54,1.17,2.67,24,*,*,*,*,*,*,- 0,0,0
2023,Census Tract,2009301,39,"1,375","3,218",33,*,2,3.24,6.5,7.6,22,2,2.94,*,*,*,*,*,*,*,- 0,0,0
2023,Census Tract,2009302,26,"5,000","18,550",19,- 0,2,2.39,7.96,7.79,13,2.75,3.93,*,*,*,*,*,*,*,- 0,0,0
2023,Census Tract,2009600,14,"5,280","14,880",13,*,1.33,1.53,3,4.96,*,*,*,*,*,*,*,*,*,*,- 0,0,0
2023,Census Tract,2011502,32,900,"1,538",31,- 0,3,3.27,9.8,11.61,22,3.75,4.17,*,*,*,*,*,*,*,- 0,0,0
2023,Census Tract,2011701,11,"1,296","4,059",10,- 0,2,2.1,7.5,8.04,*,*,*,*,*,*,*,*,*,*,- 0,0,0
2023,Census Tract,2011900,64,"1,426","2,144",63,*,6,6.44,9.99,10.26,49,3.5,4.36,14,*,*,*,*,*,*,- 0,0,0
2023,Census Tract,2012102,12,"1,291","1,325",12,- 0,3,3.42,1,1,- 0,0,0,- 0,- 0,0,0,- 0,0,0,- 0,0,0
2023,Census Tract,2012300,47,950,"2,122",33,*,2,4.32,5,6.01,24,2.96,3.47,*,*,*,*,*,*,*,- 0,0,0
2023,Census Tract,2012500,15,946,"1,571",15,*,3,8.18,1,3.45,*,*,*,*,- 0,0,0,- 0,0,0,- 0,0,0
2023,Census Tract,2012701,36,"1,080","1,857",36,*,3,5,6,7.96,29,3.84,5.04,*,- 0,0,0,- 0,0,0,- 0,0,0
2023,Census Tract,2012901,59,700,922,56,*,4,4.27,5,5.19,38,1.96,2.29,22,*,*,*,*,*,*,- 0,0,0
2023,Census Tract,2013100,13,"1,200","5,405",*,*,*,*,*,*,*,*,*,*,*,*,*,*,*,*,- 0,0,0
2023,Census Tract,2014100,42,"1,057","2,125",34,*,3,4.59,9,8.61,25,5.5,4.71,11,*,*,*,*,*,*,- 0,0,0
2023,Census Tract,2014300,17,"2,675","4,057",13,- 0,2.5,2.35,3,2.92,*,*,*,*,*,*,*,*,*,*,- 0,0,0
2023,Census Tract,2014500,28,"1,125","3,309",23,*,4,3.75,3.42,4.29,16,0.46,1.09,*,*,*,*,*,*,*,*,*,*
2023,Census Tract,2014900,33,900,"1,155",30,*,3.5,5.18,1,3.33,11,2.84,3.55,*,*,*,*,*,*,*,- 0,0,0
2023,Census Tract,2015100,28,796,"1,560",23,*,3,3.56,6,6.82,15,2.5,3.11,*,*,*,*,*,*,*,- 0,0,0
2023,Census Tract,2015200,24,"1,145","2,553",21,*,2,2.52,3,6.59,14,2.67,4.54,*,*,*,*,*,*,*,- 0,0,0
2023,Census Tract,2015500,22,"1,138","2,672",19,*,3,2.95,6,8.47,13,2,3.37,*,*,*,*,*,*,*,- 0,0,0
2023,Census Tract,2015700,14,"3,014","4,450",13,- 0,3,5.38,1,5.09,*,*,*,*,*,*,*,*,*,*,- 0,0,0
2023,Census Tract,2015900,20,"2,025","3,956",19,- 0,5.42,6.58,2.5,5.16,*,*,*,*,*,*,*,*,*,*,- 0,0,0
2023,Census Tract,2016100,68,"1,687","3,572",59,*,4,5.19,7.01,9.46,44,2.25,3.05,17,*,*,*,*,*,*,- 0,0,0
2023,Census Tract,2016200,20,"1,123","1,678",17,*,2.21,2.56,2,4.58,*,*,*,*,*,*,*,*,*,*,- 0,0,0
2023,Census Tract,2016400,15,"1,435","1,986",14,*,2.5,2.64,7,8.42,14,2.79,4.3,*,*,*,*,*,*,*,- 0,0,0
2023,Census Tract,2016600,14,"1,383","1,577",13,- 0,3.35,3.82,1,2.77,*,*,*,- 0,*,*,*,*,*,*,- 0,0,0
2023,Census Tract,2016700,20,"1,100","2,225",20,- 0,2,3.71,4.04,5.42,15,2.75,3.28,*,- 0,0,0,- 0,0,0,- 0,0,0
2023,Census Tract,2016900,12,"1,150","5,413",10,- 0,2,2.2,7,9.19,*,*,*,*,*,*,*,*,*,*,- 0,0,0
2023,Census Tract,2017300,18,"1,400","2,281",17,*,4,5.18,1,6.09,*,*,*,- 0,*,*,*,*,*,*,- 0,0,0
2023,Census Tract,2017500,28,"1,250","1,448",26,- 0,4,3.74,5.71,6.67,22,2.04,2.47,10,*,*,*,*,*,*,- 0,0,0
2023,Census Tract,2017701,24,"1,218","2,737",23,*,3.42,3.45,5.58,5.71,13,3,3.75,*,*,*,*,*,*,*,- 0,0,0
2023,Census Tract,2017702,17,"1,255","1,804",16,- 0,3,3,6,7.16,11,2.42,2.67,*,*,*,*,*,*,*,- 0,0,0
2023,Census Tract,2017901,40,806,"1,090",39,*,4.25,5.2,5,7.46,22,3.75,3.48,*,*,*,*,*,*,*,- 0,0,0
2023,Census Tract,2017902,20,614,774,17,- 0,5,5.17,5.01,6.63,15,2.25,2.77,*,*,*,*,*,*,*,- 0,0,0
2023,Census Tract,2018101,19,832,"1,700",17,*,4,4.7,10.01,7.83,12,5.21,6.28,*,*,*,*,*,*,*,- 0,0,0
2023,Census Tract,2018102,50,672,924,45,*,4,4.77,5,5.73,32,1.79,2.87,10,*,*,*,*,*,*,- 0,0,0
2023,Census Tract,2018301,14,"1,180",924,12,- 0,4,4.58,5,7.85,*,*,*,*,*,*,*,*,*,*,- 0,0,0
2023,Census Tract,2018400,28,"1,550","2,706",20,- 0,3,3.1,4.5,7.47,13,4.17,4.29,*,*,*,*,*,*,*,- 0,0,0
2023,Census Tract,2018501,24,"2,593","3,957",19,*,2,3.35,10.01,10.62,19,3,4.04,*,*,*,*,*,*,*,- 0,0,0
2023,Census Tract,2018502,27,"1,885","4,629",22,*,2,3.01,6.58,6.25,14,2.21,3.18,*,*,*,*,*,*,*,- 0,0,0
2023,Census Tract,2018900,45,930,"1,195",42,*,3,4.36,8.97,9.49,37,3.84,4.45,*,*,*,*,*,*,*,- 0,0,0
2023,Census Tract,2019400,12,660,776,*,- 0,*,*,*,*,*,*,*,*,*,*,*,- 0,0,0,- 0,0,0
2023,Census Tract,2019500,37,"1,500","2,287",36,*,4.17,4.32,10,10.46,34,3.79,3.62,13,*,*,*,*,*,*,- 0,0,0
2023,Census Tract,2019700,75,700,"1,429",71,- 0,5,5.72,10.01,10.75,64,3.58,3.86,18,*,*,*,*,*,*,- 0,0,0
2023,Census Tract,2019900,44,900,"2,475",43,*,4,4.25,7,8.35,26,3.38,3.8,*,*,*,*,*,*,*,- 0,0,0
2023,Census Tract,2020000,109,"1,188","1,752",96,*,3,3.08,5,5.89,69,2,2.71,36,*,*,*,*,*,*,- 0,0,0
2023,Census Tract,2020100,12,631,794,11,*,4,5.09,10,9.15,11,1.84,2.81,*,*,*,*,*,*,*,- 0,0,0
2023,Census Tract,2020200,20,"1,000","1,630",19,*,3,2.92,5,7.38,13,4,3.65,*,*,*,*,*,*,*,- 0,0,0
2023,Census Tract,2020601,15,884,"1,611",14,*,2.5,2.64,11.72,14.19,14,2.29,2.54,*,*,*,*,*,*,*,- 0,0,0
2023,Census Tract,2020900,33,"1,200","3,136",29,- 0,3,3.74,5.04,7.96,19,2,2.34,*,*,*,*,*,*,*,- 0,0,0
2023,Census Tract,2021100,26,920,"1,774",26,- 0,3,3.49,5,7.81,19,3.75,4.43,*,- 0,0,0,- 0,0,0,- 0,0,0
2023,Census Tract,2021301,10,"1,000","1,789",*,- 0,*,*,*,*,*,*,*,*,- 0,0,0,*,*,*,- 0,0,0
2023,Census Tract,2021302,15,800,"1,090",15,- 0,3,3.97,1,3.97,*,*,*,*,- 0,0,0,- 0,0,0,- 0,0,0
2023,Census Tract,2021501,28,"1,219","1,982",26,*,4,4.58,10,8.89,22,4.42,4.35,*,*,*,*,*,*,*,- 0,0,0
2023,Census Tract,2021502,16,865,"1,464",14,*,3.5,4.14,5,5.45,11,3.67,2.97,*,*,*,*,*,*,*,- 0,0,0
2023,Census Tract,2021601,28,700,797,28,- 0,2,3.09,2.5,3.88,15,1.75,2.21,10,- 0,0,0,- 0,0,0,- 0,0,0
2023,Census Tract,2021602,94,"1,140","2,904",74,- 0,4,4.82,10,9.36,57,4,4.29,14,*,*,*,*,*,*,- 0,0,0
2023,Census Tract,2021800,27,792,"1,157",25,- 0,3,3.33,5,5.85,22,1.29,1.99,13,*,*,*,*,*,*,- 0,0,0
2023,Census Tract,2021900,27,"1,000","5,127",24,- 0,3.92,5.59,8.21,9.81,19,3.33,3.93,*,*,*,*,*,*,*,- 0,0,0
2023,Census Tract,2022000,18,"1,700","2,152",18,*,2,5.02,10,9.96,15,3.58,3.19,*,- 0,0,0,- 0,0,0,- 0,0,0
2023,Census Tract,2022101,39,"1,200","3,095",36,*,3,4.41,10.01,10.53,30,4.8,6,*,*,*,*,*,*,*,- 0,0,0
2023,Census Tract,2022102,20,985,"1,513",20,*,4,4.75,8,7.57,14,4.21,3.96,*,- 0,0,0,- 0,0,0,- 0,0,0
2023,Census Tract,2022200,79,"1,200","2,169",74,10,3,4.56,5,8.17,66,3.17,4.25,21,*,*,*,*,*,*,- 0,0,0
2023,Census Tract,2022300,36,900,"1,825",33,10,8,9.08,7,8.97,33,4.42,4.09,10,*,*,*,*,*,*,- 0,0,0
2023,Census Tract,2022401,35,"2,370","3,780",33,- 0,5,5.5,10.16,13.4,32,4.05,4.55,*,*,*,*,*,*,*,- 0,0,0
2023,Census Tract,2022403,25,"2,100","2,890",21,*,5.83,6.05,10.53,14.59,20,3.04,4.46,*,*,*,*,*,*,*,- 0,0,0
2023,Census Tract,2022404,47,"1,250","2,326",47,*,4,4.08,10,11.62,35,3.92,4.25,*,- 0,0,0,- 0,0,0,- 0,0,0
2023,Census Tract,2022500,45,560,"1,203",44,- 0,5,5.1,8.5,10.47,42,3.21,3.54,12,*,*,*,*,*,*,- 0,0,0
2023,Census Tract,2022701,29,945,"1,224",27,- 0,3.5,4.28,10.26,12.41,16,3.15,4.99,*,*,*,*,*,*,*,- 0,0,0
2023,Census Tract,2022702,36,790,"1,108",34,- 0,4,4.38,10.27,12.7,25,4.16,4.43,*,*,*,*,*,*,*,- 0,0,0
2023,Census Tract,2022703,10,438,512,10,- 0,6,9.17,8.42,9.96,10,2.08,1.92,*,- 0,0,0,- 0,0,0,- 0,0,0
2023,Census Tract,2022800,25,865,980,25,- 0,3,3.31,10.01,7.97,15,4.75,6.15,*,- 0,0,0,- 0,0,0,- 0,0,0
2023,Census Tract,2022902,20,570,967,19,- 0,6,6.53,10.01,8.85,19,1.67,3.82,*,*,*,*,*,*,*,- 0,0,0
2023,Census Tract,2023100,43,"2,000","2,271",35,- 0,4,6.63,7.3,9.5,32,1.88,3.19,17,*,*,*,*,*,*,- 0,0,0
2023,Census Tract,2023200,24,"1,600","1,987",23,- 0,3,3.63,5,7.92,20,4.34,6.48,*,*,*,*,*,*,*,- 0,0,0
2023,Census Tract,2023301,26,"1,784","4,513",23,*,2,2.63,5.01,8.42,19,1.5,2.04,13,*,*,*,*,*,*,- 0,0,0
2023,Census Tract,2023302,11,600,719,10,- 0,3.76,7.53,10.5,10.48,10,3,3.45,*,*,*,*,*,*,*,- 0,0,0
2023,Census Tract,2023501,37,"1,071","1,771",35,- 0,4.17,4.7,7,6.81,25,4.5,4.47,*,*,*,*,*,*,*,- 0,0,0
2023,Census Tract,2023502,30,"1,225","1,993",26,*,4.5,6.65,5.08,9.35,21,3.42,5.04,*,*,*,*,*,*,*,- 0,0,0
2023,Census Tract,2023600,18,700,"1,061",18,- 0,2,2.6,10.09,13.87,18,4.38,5.72,*,- 0,0,0,- 0,0,0,- 0,0,0
2023,Census Tract,2023702,41,"1,566","4,122",38,*,6.29,8.89,10,9.24,26,4.05,5.59,*,*,*,*,*,*,*,- 0,0,0
2023,Census Tract,2023703,70,803,"1,136",68,- 0,5,5.81,6,8.66,55,2.42,2.84,25,*,*,*,*,*,*,- 0,0,0
2023,Census Tract,2023704,42,598,"1,225",41,- 0,5.2,5.38,10.01,9.8,35,3.58,4.19,13,*,*,*,*,*,*,- 0,0,0
2023,Census Tract,2023800,26,"1,050","5,164",23,*,3,3.6,5,5.92,17,1.33,2.37,*,*,*,*,*,*,*,- 0,0,0
2023,Census Tract,2023900,73,"1,265","2,232",64,*,4,4.49,5,6.54,47,2.5,3.1,19,*,*,*,*,*,*,- 0,0,0
2023,Census Tract,2024000,12,"1,081","2,128",*,- 0,*,*,*,*,*,*,*,*,*,*,*,*,*,*,- 0,0,0
2023,Census Tract,2024100,63,"1,060","2,013",57,*,5,5.1,7,8.09,35,3.09,4.07,11,*,*,*,*,*,*,*,*,*
2023,Census Tract,2024300,44,"1,113","1,744",40,12,4.67,4.73,2.04,4.3,21,2.25,3.03,*,*,*,*,*,*,*,- 0,0,0
2023,Census Tract,2024400,17,"1,000","1,138",10,*,2,2.5,5,6.16,10,3,4.06,*,*,*,*,*,*,*,- 0,0,0
2023,Census Tract,2024501,10,438,943,10,*,5.5,5.1,7.34,6.97,*,*,*,*,- 0,0,0,- 0,0,0,- 0,0,0
2023,Census Tract,2024502,32,"1,200","1,760",31,- 0,4,4.29,5,7.34,19,3,5.35,*,*,*,*,*,*,*,- 0,0,0
2023,Census Tract,2025000,34,625,774,34,*,4,4.47,5,5.46,25,3.33,3.75,11,- 0,0,0,- 0,0,0,- 0,0,0
2023,Census Tract,2025100,53,900,"1,841",47,*,4,4.34,5.01,7.13,35,2.42,2.86,16,*,*,*,*,*,*,- 0,0,0
2023,Census Tract,2025200,30,700,"1,409",27,*,3,3.05,5,6.78,17,3.5,4.57,*,*,*,*,*,*,*,- 0,0,0
2023,Census Tract,2025300,37,"1,470","1,650",36,- 0,4,4.61,10.16,10.71,27,3.09,3.73,*,*,*,*,*,*,*,- 0,0,0
2023,Census Tract,2025400,19,800,884,16,- 0,3.04,3.17,6.17,8.77,10,3.46,3.56,*,*,*,*,*,*,*,- 0,0,0
2023,Census Tract,2025600,13,"1,000","1,405",12,*,1.92,2.1,3,3.86,*,*,*,*,*,*,*,*,*,*,- 0,0,0
2023,Census Tract,2026300,22,606,942,22,*,6.54,6.32,5,5,16,2.88,3.11,*,- 0,0,0,- 0,0,0,- 0,0,0
2023,Census Tract,2026400,20,750,"1,858",18,*,3,3.39,1,5.17,*,*,*,*,*,*,*,*,*,*,- 0,0,0
2023,Census Tract,2026500,47,"1,000","2,049",45,*,4.04,4.99,10,8.8,40,2.58,3.71,18,*,*,*,*,*,*,- 0,0,0
2023,Census Tract,2026601,12,"1,496","1,658",10,- 0,2.5,2.79,9.73,10.48,*,*,*,*,*,*,*,*,*,*,- 0,0,0
2023,Census Tract,2026602,57,966,"1,661",47,*,3.21,3.49,5,7.65,30,2.33,3.11,12,*,*,*,*,*,*,- 0,0,0
2023,Census Tract,2026701,26,"1,015","1,362",24,- 0,3.44,4.15,10.01,12.6,24,5.63,6.23,*,*,*,*,*,*,*,- 0,0,0
2023,Census Tract,2027300,25,855,"1,184",23,*,3.17,3.54,6,7.84,22,2.88,4.53,*,*,*,*,*,*,*,- 0,0,0
2023,Census Tract,2027700,30,680,817,28,*,5,4.76,5,6.96,15,2.58,2.84,*,*,*,*,*,*,*,- 0,0,0
2023,Census Tract,2027900,13,"1,000","1,737",12,*,3,2.99,10,9.32,11,3,2.76,*,*,*,*,*,*,*,- 0,0,0
2023,Census Tract,2028300,62,"2,458","6,063",54,*,5,5.19,10.07,11.85,42,4.84,6.98,10,*,*,*,*,*,*,- 0,0,0
2023,Census Tract,2028500,23,"1,512","2,533",20,- 0,2.75,2.82,4.29,4.6,14,1.75,2.72,*,*,*,*,*,*,*,- 0,0,0
2023,Census Tract,2028700,18,"2,671","4,154",18,- 0,4,3.94,7.04,7.56,11,4.5,4.84,*,- 0,0,0,- 0,0,0,- 0,0,0
2023,Census Tract,2028800,27,900,"1,455",24,*,3.43,3.56,3.5,6.08,17,2,2.54,*,*,*,*,*,*,*,- 0,0,0
2023,Census Tract,2028900,109,864,"1,291",103,*,6,6.09,6,8.02,82,3.42,4.3,32,*,*,*,*,*,*,- 0,0,0
2023,Census Tract,2029302,41,"1,050","7,611",28,- 0,4.5,4.36,14.05,23.46,28,4.67,5.27,*,- 0,0,0,13,2.67,4.62,- 0,0,0
2023,Census Tract,2029500,85,"1,094","1,610",79,- 0,3,4.12,5.5,9.43,46,2.67,3.38,12,*,*,*,*,*,*,- 0,0,0
2023,Census Tract,2029600,28,"3,275","3,966",25,*,1,1.75,1,6.2,*,*,*,*,*,*,*,*,*,*,- 0,0,0
2023,Census Tract,2029700,28,"1,200","1,559",25,*,6,6.32,13.01,16.91,21,5.21,5.25,*,*,*,*,*,*,*,- 0,0,0
2023,Census Tract,2030000,17,"1,350","1,776",14,- 0,3.5,4.6,1.54,4.23,*,*,*,*,*,*,*,*,*,*,- 0,0,0
2023,Census Tract,2031000,11,"8,626","20,762",10,- 0,3,4,15.06,13.13,*,*,*,- 0,*,*,*,*,*,*,- 0,0,0
2023,Census Tract,2031200,19,"1,800","2,945",16,- 0,4,4,6.88,7.56,10,3.88,3.39,*,*,*,*,*,*,*,- 0,0,0
2023,Census Tract,2032300,11,650,952,10,- 0,4,4.1,7.62,12.95,10,4.34,3.56,*,*,*,*,*,*,*,- 0,0,0
2023,Census Tract,2032600,16,"1,000","1,377",13,- 0,3,2.82,5.16,10.87,*,*,*,*,*,*,*,*,*,*,- 0,0,0
2023,Census Tract,2032800,21,"1,569","2,794",19,- 0,3,3.79,5,7.98,12,2.96,4.02,*,*,*,*,*,*,*,- 0,0,0
2023,Census Tract,2033000,78,"1,542","2,705",73,*,3.42,3.63,10,8.78,57,4,4.15,16,*,*,*,*,*,*,- 0,0,0
2023,Census Tract,2033201,10,767,"1,050",10,- 0,4,4.6,13.38,13.98,10,3.13,4.02,*,- 0,0,0,- 0,0,0,- 0,0,0
2023,Census Tract,2033202,17,600,767,15,- 0,8,8.6,5,6.6,13,3.67,4.18,*,*,*,*,*,*,*,- 0,0,0
2023,Census Tract,2033601,45,896,"1,303",45,*,4,4.3,7,8.5,45,3.42,3.73,*,- 0,0,0,- 0,0,0,- 0,0,0
2023,Census Tract,2033700,37,"1,100","1,596",32,*,3,3.95,10.28,12.04,22,4.17,4.57,*,*,*,*,*,*,*,- 0,0,0
2023,Census Tract,2033801,12,"1,287","3,238",11,*,2,3.27,1,3.54,*,*,*,- 0,*,*,*,*,*,*,- 0,0,0
2023,Census Tract,2033802,27,725,970,24,*,3.58,3.56,1,5.09,*,*,*,*,*,*,*,*,*,*,- 0,0,0
2023,Census Tract,2034000,10,"1,000","1,080",10,*,2,2.03,1,2.5,*,*,*,*,- 0,0,0,- 0,0,0,- 0,0,0
2023,Census Tract,2034200,18,"1,200","1,966",16,*,2.27,2.7,1,4.68,*,*,*,*,*,*,*,*,*,*,- 0,0,0
2023,Census Tract,2034400,11,"1,000","1,544",*,- 0,*,*,*,*,*,*,*,*,*,*,*,- 0,0,0,- 0,0,0
2023,Census Tract,2034800,27,"1,100","1,766",25,- 0,3,3.11,10,12.73,22,3.04,3.36,*,*,*,*,*,*,*,- 0,0,0
2023,Census Tract,2035000,17,"1,000","1,747",16,- 0,3,2.47,1,4.21,*,*,*,- 0,*,*,*,*,*,*,- 0,0,0
2023,Census Tract,2035800,17,"2,400","3,201",14,*,2.33,2.77,5,4.43,*,*,*,*,*,*,*,*,*,*,- 0,0,0
2023,Census Tract,2035900,15,"1,000","3,023",14,- 0,3,3.43,3.46,6.87,*,*,*,*,*,*,*,*,*,*,- 0,0,0
2023,Census Tract,2036300,31,"1,250","1,792",30,*,4.38,12.69,10,11.28,28,3.54,3.8,12,*,*,*,*,*,*,- 0,0,0
2023,Census Tract,2036400,24,"1,256","3,582",18,- 0,2,2.37,1,3.26,*,*,*,*,*,*,*,*,*,*,- 0,0,0
2023,Census Tract,2036501,25,"1,250","2,478",24,- 0,4,3.94,1,1.38,*,*,*,*,*,*,*,*,*,*,- 0,0,0
2023,Census Tract,2036502,19,"1,309","1,957",19,- 0,4,6.53,9.84,7.8,11,3.16,4.43,*,- 0,0,0,- 0,0,0,- 0,0,0
2023,Census Tract,2036901,20,"1,344","2,123",20,*,4,4.64,5,5.92,13,3.16,4.17,*,- 0,0,0,- 0,0,0,- 0,0,0
2023,Census Tract,2037000,15,"1,000","1,875",14,- 0,4,3.76,1,5.47,*,*,*,*,*,*,*,*,*,*,- 0,0,0
2023,Census Tract,2037100,21,"1,452","1,347",21,- 0,4,4.44,7,8.11,16,5.17,4.84,*,- 0,0,0,- 0,0,0,- 0,0,0
2023,Census Tract,2037200,13,966,"5,515",13,*,4,3.54,5,4.17,11,1.67,2.14,*,- 0,0,0,- 0,0,0,- 0,0,0
2023,Census Tract,2037300,56,950,"2,608",53,*,5,10.8,7,7.88,37,2.09,3.2,18,*,*,*,*,*,*,*,*,*
2023,Census Tract,2037400,39,"1,318","1,997",36,- 0,3,2.84,5.79,6.16,13,2.58,3.49,*,*,*,*,*,*,*,- 0,0,0
2023,Census Tract,2037504,38,"1,500","3,289",30,*,3,5.8,10.68,9.59,21,5.09,4.3,*,*,*,*,*,*,*,*,*,*
2023,Census Tract,2037800,19,"1,000","2,706",18,- 0,3.5,3.96,11.55,11.42,17,3.09,4.51,*,*,*,*,*,*,*,- 0,0,0
2023,Census Tract,2037900,16,"1,438","5,543",15,*,4.58,10.03,10,8.72,14,3.16,3.27,*,*,*,*,*,*,*,- 0,0,0
2023,Census Tract,2038000,26,700,"2,637",26,*,4,3.85,1.5,6.97,12,4.46,6.92,*,- 0,0,0,- 0,0,0,- 0,0,0
2023,Census Tract,2038100,37,625,"1,098",35,*,5.45,5.36,8,11.13,30,1.29,4.27,15,*,*,*,*,*,*,- 0,0,0
2023,Census Tract,2038301,27,637,"1,024",26,- 0,7,8.08,10,9.32,25,3.92,4.34,*,*,*,*,*,*,*,- 0,0,0
2023,Census Tract,2038304,17,"1,991","4,044",14,- 0,3.5,11.1,8.46,8.79,10,5.69,5.25,*,*,*,*,*,*,*,- 0,0,0
2023,Census Tract,2038500,31,"1,585","2,046",28,*,3,4.65,10.01,12.77,26,5.58,6.28,*,*,*,*,*,*,*,- 0,0,0
2023,Census Tract,2038600,35,"1,400","2,757",33,- 0,2.4,2.81,5,6.2,14,4.13,3.81,*,*,*,*,*,*,*,- 0,0,0
2023,Census Tract,2038700,28,"1,547","2,320",25,- 0,3,3.21,5,6.7,18,2.46,3.07,*,*,*,*,*,*,*,- 0,0,0
2023,Census Tract,2038900,88,600,"1,412",81,*,4.42,8.42,5.22,7.01,65,2.92,3.2,28,*,*,*,*,*,*,- 0,0,0
2023,Census Tract,2039000,23,"1,008","1,215",23,- 0,2.93,3.15,4.75,7.25,12,3.08,3.45,*,- 0,0,0,- 0,0,0,- 0,0,0
2023,Census Tract,2039100,107,659,"1,050",91,10,5,6.52,7,8.02,81,2,2.93,27,*,*,*,*,*,*,- 0,0,0
2023,Census Tract,2039300,15,598,698,15,- 0,5,9.48,13.01,13.97,15,4.67,5.18,*,- 0,0,0,- 0,0,0,- 0,0,0
2023,Census Tract,2039500,46,"1,863","5,087",44,*,3,8.31,4.96,9.02,27,2.42,3.05,11,*,*,*,*,*,*,- 0,0,0
2023,Census Tract,2039600,38,900,"1,738",35,*,3,3.48,5.33,6.44,16,4.25,3.87,*,*,*,*,*,*,*,- 0,0,0
2023,Census Tract,2039700,43,"1,250","3,329",34,*,4.62,5.93,4.98,8.06,20,2.46,7,10,*,*,*,*,*,*,- 0,0,0
2023,Census Tract,2039901,62,"2,200","4,244",54,*,6,7.6,10.02,10.89,47,2.75,4.5,20,*,*,*,*,*,*,- 0,0,0
2023,Census Tract,2039902,80,"1,188","2,367",68,*,5.42,8.24,10.04,10.79,50,3.79,4.64,12,*,*,*,*,*,*,- 0,0,0
2023,Census Tract,2040100,44,950,"2,563",42,*,3,4.34,7,8.74,32,4.21,4.66,*,*,*,*,*,*,*,- 0,0,0
2023,Census Tract,2040302,11,810,"1,092",11,- 0,2.99,3.33,10.05,12.8,10,4.09,4.34,*,- 0,0,0,- 0,0,0,- 0,0,0
2023,Census Tract,2040303,12,"1,166","1,616",10,*,3,3.51,8,7.17,10,2.87,3.39,*,*,*,*,*,*,*,- 0,0,0
2023,Census Tract,2040304,20,920,"2,543",18,*,5.17,5.12,6,9.4,14,2.08,3.28,*,*,*,*,*,*,*,- 0,0,0
2023,Census Tract,2040400,14,747,"1,020",14,*,4,3.79,16.38,15.28,14,5.8,5.06,*,- 0,0,0,- 0,0,0,- 0,0,0
2023,Census Tract,2040501,12,520,886,12,- 0,4.5,4.08,18.93,15.34,*,*,*,- 0,- 0,0,0,- 0,0,0,- 0,0,0
2023,Census Tract,2040502,22,828,"1,563",21,*,6,11.05,5,5.19,11,2.33,3.22,*,*,*,*,*,*,*,- 0,0,0
2023,Census Tract,2040600,53,"1,220","1,464",49,*,2.13,2.54,10.01,10.58,42,3.79,4.16,*,*,*,*,*,*,*,- 0,0,0
2023,Census Tract,2040701,41,818,"1,010",41,- 0,3,4.07,3.16,6.62,35,2,3.44,16,- 0,0,0,- 0,0,0,- 0,0,0
2023,Census Tract,2040702,43,750,"1,162",40,- 0,3,5.17,5,7.3,35,2.5,3.37,13,*,*,*,*,*,*,- 0,0,0
2023,Census Tract,2040800,13,"2,067","2,842",11,- 0,3,3.23,10,11.94,*,*,*,*,*,*,*,*,*,*,- 0,0,0
2023,Census Tract,2041100,33,998,"2,158",27,- 0,4,4.15,5,6.46,17,4,4.29,*,*,*,*,*,*,*,- 0,0,0
2023,Census Tract,2041300,24,908,"1,255",19,- 0,3,3.12,3,4.19,10,2.48,2.68,*,*,*,*,*,*,*,- 0,0,0
2023,Census Tract,2041400,31,"1,000","2,468",25,*,4,3.64,5.17,7.83,12,3.67,5.99,*,*,*,*,*,*,*,- 0,0,0
2023,Census Tract,2041800,26,"1,300","1,863",25,*,3,2.72,9,9.78,15,4,4.12,*,*,*,*,*,*,*,- 0,0,0
2023,Census Tract,2041900,13,990,"1,479",12,- 0,6,6.33,7.54,7.81,12,2,3.05,*,*,*,*,*,*,*,- 0,0,0
2023,Census Tract,2042000,28,"1,272","2,080",23,- 0,3.33,3.63,5.92,8.1,17,1.09,2.22,*,*,*,*,*,*,*,- 0,0,0
2023,Census Tract,2042100,61,"1,269","1,907",58,*,5,4.65,5,5.73,38,3.08,3.76,13,*,*,*,*,*,*,- 0,0,0
2023,Census Tract,2042200,60,938,"1,443",55,*,4,4.38,5,6.76,39,3,3.76,16,*,*,*,*,*,*,- 0,0,0
2023,Census Tract,2042300,40,650,"1,034",37,*,4,4.47,5,8.17,23,2,2.94,13,*,*,*,*,*,*,- 0,0,0
2023,Census Tract,2042500,50,960,"1,407",48,*,3,3.63,5.05,6.95,27,3,3.09,13,*,*,*,*,*,*,- 0,0,0
2023,Census Tract,2042600,15,"1,264","3,105",14,- 0,1,1.39,12.51,15.33,14,4,4.9,*,*,*,*,*,*,*,- 0,0,0
2023,Census Tract,2042902,29,759,"2,006",28,- 0,4,3.67,10.2,12.14,27,4.59,4.83,*,*,*,*,*,*,*,- 0,0,0
2023,Census Tract,2043101,19,880,"1,171",17,- 0,4,5.29,5,6.12,12,4,5.11,*,*,*,*,*,*,*,- 0,0,0
2023,Census Tract,2043102,39,960,"2,145",37,*,3,3.62,4.5,8.97,23,4.59,5.13,*,*,*,*,*,*,*,- 0,0,0
2023,Census Tract,2043400,52,"1,000","1,638",47,*,3,3.38,8,9.67,35,2.67,4.6,15,*,*,*,*,*,*,- 0,0,0
2023,Census Tract,2044200,20,878,"1,090",*,*,*,*,*,*,*,*,*,*,*,*,*,*,*,*,- 0,0,0
2023,Census Tract,2044902,16,900,989,13,- 0,2,2.81,4,6.33,*,*,*,*,*,*,*,*,*,*,- 0,0,0
2023,Census Tract,2046203,23,"5,513","20,409",20,- 0,1,2,11.8,14.99,18,2.17,2.93,10,*,*,*,*,*,*,- 0,0,0
2023,Census Tract,2046205,22,"23,669","79,155",21,- 0,3.67,3.88,11.32,18.27,19,3.67,4.59,*,*,*,*,*,*,*,- 0,0,0
2023,Census Tract,2046208,15,"3,820","3,864",15,*,3,2.75,8,8.23,14,5.42,5.2,*,- 0,0,0,- 0,0,0,- 0,0,0
2023,Census Tract,2046209,19,"2,600","6,325",14,- 0,2,2.49,9.51,12.04,10,4.88,7.15,*,*,*,*,*,*,*,- 0,0,0
2023,Census Tract,2048401,23,"2,180","4,235",17,*,3,2.69,1,4.08,*,*,*,*,*,*,*,*,*,*,- 0,0,0
2023,Census Tract,2051601,30,"1,913","3,487",*,*,*,*,*,*,*,*,*,*,15,2,2.3,*,*,*,- 0,0,0
2023,Census Tract,3000100,19,"1,150","2,758",18,*,6.86,16.94,8.75,14.67,13,5.09,9.35,*,*,*,*,*,*,*,- 0,0,0
2023,Census Tract,3000200,35,"2,500","3,668",26,*,2,2.72,5,4.66,14,2.5,2.7,*,*,*,*,*,*,*,- 0,0,0
2023,Census Tract,3000501,47,"1,200","3,059",36,- 0,9,23.31,6.63,10.42,22,4.13,4.43,*,*,*,*,*,*,*,- 0,0,0
2023,Census Tract,3000502,49,"1,750","3,119",35,*,7,10.5,8,11.81,21,5.09,8.55,*,*,*,*,*,*,*,- 0,0,0
2023,Census Tract,3000700,48,"1,080","1,361",42,*,8,16.54,5,7.94,23,4.17,6.7,*,*,*,*,*,*,*,- 0,0,0
2023,Census Tract,3000900,93,"2,500","4,519",79,*,12,24.89,10.1,12.54,70,4.96,5.42,11,*,*,*,*,*,*,- 0,0,0
2023,Census Tract,3001100,124,"1,500","3,409",100,*,10,13.3,10,8.34,62,4.54,5.31,11,*,*,*,*,*,*,*,*,*
2023,Census Tract,3001300,15,"2,147","3,712",12,- 0,4.5,4.25,4.56,6.45,*,*,*,- 0,*,*,*,*,*,*,- 0,0,0
2023,Census Tract,3001501,11,"1,800","3,781",*,- 0,*,*,*,*,*,*,*,*,*,*,*,*,*,*,- 0,0,0
2023,Census Tract,3001502,63,"3,500","14,206",37,*,8,12.45,10,8.93,32,4.21,5.59,*,*,*,*,*,*,*,- 0,0,0
2023,Census Tract,3001801,27,"6,000","15,844",24,- 0,19,15.5,5,8.42,14,0.92,1.48,*,*,*,*,*,*,*,- 0,0,0
2023,Census Tract,3001802,219,"3,377","7,372",159,*,2,2.07,1,1.13,*,*,*,*,*,*,*,*,*,*,- 0,0,0
2023,Census Tract,3002000,34,"2,300","2,944",27,*,2,7.46,1,4.19,13,4,3.68,*,*,*,*,*,*,*,- 0,0,0
2023,Census Tract,3002100,168,"1,838","3,154",148,*,46,46.53,10.01,9.02,101,4.84,5.7,19,*,*,*,*,*,*,*,*,*
2023,Census Tract,3002200,38,"2,100","3,603",35,*,2,5.23,5,6.22,21,4,4.29,*,*,*,*,*,*,*,- 0,0,0
2023,Census Tract,3003300,53,"1,350","3,855",43,*,6,6.2,10.01,9.74,39,4.75,5.27,*,*,*,*,*,*,*,- 0,0,0
2023,Census Tract,3003500,67,"2,000","9,966",57,*,6,7.04,11.92,12.26,45,3,3.95,11,*,*,*,*,*,*,- 0,0,0
2023,Census Tract,3003700,128,"2,427","6,225",111,*,7,12.02,10.49,12.79,99,6.09,6.25,18,*,*,*,*,*,*,*,*,*
2023,Census Tract,3003900,41,"1,715","2,470",34,*,6,10.76,1,5.65,13,8.76,9.09,*,*,*,*,*,*,*,- 0,0,0
2023,Census Tract,3004100,43,834,"1,400",39,- 0,6,11,9.34,9.16,29,3.58,4.11,10,*,*,*,*,*,*,- 0,0,0
2023,Census Tract,3004300,67,"1,500","2,575",60,- 0,8,18.44,9.65,8.84,45,4.42,4.9,11,*,*,*,*,*,*,*,*,*
2023,Census Tract,3004500,36,"1,031","2,086",33,*,6,6.15,6.52,7.78,26,4.59,5.23,*,*,*,*,*,*,*,- 0,0,0
2023,Census Tract,3004900,11,"1,000","1,468",*,- 0,*,*,*,*,*,*,*,*,- 0,0,0,*,*,*,- 0,0,0
2023,Census Tract,3005100,23,"2,000","3,221",19,- 0,2.83,3.17,2,4.29,12,3.38,3.73,*,*,*,*,*,*,*,- 0,0,0
2023,Census Tract,3005301,49,749,"8,491",43,*,1,2.12,3.04,4.45,34,0.88,1.65,26,*,*,*,*,*,*,- 0,0,0
2023,Census Tract,3005400,16,602,"1,886",16,- 0,5,8.63,7,9.33,13,3.58,5.41,*,- 0,0,0,- 0,0,0,- 0,0,0
2023,Census Tract,3005601,14,"1,267","2,414",12,*,3.5,3.33,3,7.07,*,*,*,*,*,*,*,*,*,*,- 0,0,0
2023,Census Tract,3005800,57,"1,200","2,530",43,11,4,5.13,1,6.34,15,2.33,5.53,*,*,*,*,*,*,*,- 0,0,0
2023,Census Tract,3005900,30,"2,000","3,545",19,*,2,2.47,1,2.93,*,*,*,*,*,*,*,*,*,*,- 0,0,0
2023,Census Tract,3006000,38,"1,000","1,568",34,*,5,4.77,7.67,9.4,30,4.13,4.92,*,*,*,*,*,*,*,- 0,0,0
2023,Census Tract,3006200,28,750,"1,504",27,*,5,10.68,6,5.94,23,4.84,3.79,*,*,*,*,*,*,*,- 0,0,0
2023,Census Tract,3006400,33,700,"1,598",27,*,4,4.1,5,6.71,21,3.09,3.5,*,*,*,*,*,*,*,- 0,0,0
2023,Census Tract,3006500,21,"1,250","1,636",19,- 0,4.56,5.09,5,6.66,*,*,*,*,*,*,*,*,*,*,- 0,0,0
2023,Census Tract,3006600,27,800,"1,033",24,- 0,5,4.86,7.5,8.26,19,2.92,3.82,*,*,*,*,*,*,*,- 0,0,0
2023,Census Tract,3006700,27,"1,313","2,403",24,- 0,5.56,5.95,11.36,11.1,19,4.84,4.71,*,*,*,*,*,*,*,- 0,0,0
2023,Census Tract,3006800,37,"1,200","2,421",36,*,3,3.22,5,7.86,17,2.5,3.59,*,*,*,*,*,*,*,- 0,0,0
2023,Census Tract,3006901,18,"1,300","1,411",14,*,7.71,10.41,5.17,7.07,*,*,*,*,*,*,*,*,*,*,- 0,0,0
2023,Census Tract,3006902,22,"2,327","3,657",17,- 0,4.5,4.77,10,8.61,12,7.29,8.03,*,*,*,*,*,*,*,- 0,0,0
2023,Census Tract,3007100,10,"2,294","2,697",*,- 0,*,*,*,*,*,*,*,*,- 0,0,0,*,*,*,- 0,0,0
2023,Census Tract,3007400,35,"1,000","1,262",34,*,3,5.39,2.5,5.07,13,3,5.31,*,*,*,*,*,*,*,- 0,0,0
2023,Census Tract,3007500,18,"1,414","1,923",12,- 0,6.33,6.81,4.04,6.25,*,*,*,*,*,*,*,*,*,*,- 0,0,0
2023,Census Tract,3007600,35,"1,200","2,393",27,*,6,11.44,3.75,6.87,16,3.29,4.39,*,*,*,*,*,*,*,- 0,0,0
2023,Census Tract,3007700,44,"1,100","2,227",32,*,4,4.3,5.08,8.52,18,3.58,5.05,*,*,*,*,*,*,*,- 0,0,0
2023,Census Tract,3007800,38,"1,150","2,496",27,*,4,7.04,4.92,8.19,18,3.25,4.88,*,*,*,*,*,*,*,- 0,0,0
2023,Census Tract,3008000,21,"1,000","1,289",17,*,5,4.69,10.01,8.26,15,5.01,5.58,*,*,*,*,*,*,*,- 0,0,0
2023,Census Tract,3008200,15,900,"1,081",13,- 0,5,18,5,8.62,*,*,*,*,*,*,*,*,*,*,- 0,0,0
2023,Census Tract,3008400,43,"1,500","2,717",32,*,3,5.72,5,8.54,20,3.84,5.71,*,*,*,*,*,*,*,- 0,0,0
2023,Census Tract,3008800,17,531,"1,146",14,- 0,5.5,5.36,8.48,7.58,10,2.96,4.48,*,*,*,*,*,*,*,- 0,0,0
2023,Census Tract,3009001,14,"1,187","2,273",11,*,3,6.18,5,6.18,*,*,*,*,*,*,*,*,*,*,- 0,0,0
2023,Census Tract,3009002,14,"2,170","3,630",11,*,2,2,1,2.18,*,*,*,- 0,*,*,*,*,*,*,- 0,0,0
2023,Census Tract,3009201,17,"1,786","2,424",13,*,2,2.46,1,3.79,*,*,*,*,*,*,*,*,*,*,- 0,0,0
2023,Census Tract,3009401,11,670,"1,092",11,*,8.5,8.9,5,4.36,*,*,*,*,- 0,0,0,- 0,0,0,- 0,0,0
2023,Census Tract,3009402,17,"1,100","1,321",16,*,2.5,3.52,1,2.4,*,*,*,*,*,*,*,*,*,*,- 0,0,0
2023,Census Tract,3009600,38,806,912,33,- 0,5,5.15,5,5.67,20,1.88,2.95,*,*,*,*,*,*,*,- 0,0,0
2023,Census Tract,3009800,35,"1,594","1,847",29,*,3.5,4.21,1,6.55,10,4,3.92,*,*,*,*,*,*,*,- 0,0,0
2023,Census Tract,3010000,29,"1,150","1,236",28,*,4,4.58,4.46,5.43,16,3.79,5.51,*,*,*,*,*,*,*,- 0,0,0
2023,Census Tract,3010100,64,"2,500","4,376",46,- 0,2,4.6,2.5,3.87,24,3,3.12,*,*,*,*,*,*,*,- 0,0,0
2023,Census Tract,3010200,30,800,"1,286",27,*,4,3.92,3.79,4.13,15,2.42,2.12,*,*,*,*,*,*,*,- 0,0,0
2023,Census Tract,3010401,53,"1,500","1,941",48,*,4.5,4.71,4.87,4.47,24,3.34,3.65,11,*,*,*,*,*,*,*,*,*
2023,Census Tract,3010402,56,"1,251","1,249",49,*,5,7.04,2,3.63,25,3,3.12,10,*,*,*,*,*,*,- 0,0,0
2023,Census Tract,3010601,38,"1,390","1,689",31,*,4.5,4.59,1,4.12,13,2.58,2.98,*,*,*,*,*,*,*,- 0,0,0
2023,Census Tract,3010602,30,"1,989","2,251",28,*,5,7.17,1,4.11,14,4.21,4.07,*,*,*,*,*,*,*,- 0,0,0
2023,Census Tract,3010801,33,"1,000","1,394",29,*,5,7.52,2,3,16,0.75,1.8,*,*,*,*,*,*,*,- 0,0,0
2023,Census Tract,3010802,32,900,"2,499",29,- 0,4.5,5.25,6,5.56,22,2.75,3.09,*,*,*,*,*,*,*,- 0,0,0
2023,Census Tract,3011000,12,"1,411","1,249",10,- 0,7,8,5,4,*,*,*,*,*,*,*,*,*,*,- 0,0,0
2023,Census Tract,3011200,17,"1,100","1,209",16,*,3.5,6.5,7,8.82,12,1.21,2.34,*,*,*,*,*,*,*,- 0,0,0
2023,Census Tract,3011400,11,"1,353","1,400",11,*,3,4.73,3,4.68,*,*,*,*,- 0,0,0,- 0,0,0,- 0,0,0
2023,Census Tract,3011600,18,"1,074","1,479",16,*,4,5.13,1,2.99,*,*,*,*,*,*,*,*,*,*,- 0,0,0
2023,Census Tract,3011700,32,"1,884","3,777",26,- 0,2.5,3.8,4.04,6.85,14,1.29,4.13,10,*,*,*,*,*,*,- 0,0,0
2023,Census Tract,3011800,76,"3,000","5,336",66,*,4,4.64,5,6.27,37,4.01,4.24,*,*,*,*,*,*,*,- 0,0,0
2023,Census Tract,3011901,52,"1,531","2,775",45,*,3.08,4,7.67,7.45,36,3.62,4.11,15,*,*,*,*,*,*,- 0,0,0
2023,Census Tract,3011902,17,"8,000","27,955",17,- 0,1,1.29,1,2.92,*,*,*,- 0,- 0,0,0,- 0,0,0,- 0,0,0
2023,Census Tract,3012000,55,"4,400","4,787",43,*,3,4.39,2.58,6.16,22,3.71,4.02,*,*,*,*,*,*,*,- 0,0,0
2023,Census Tract,3012100,29,"2,006","2,836",23,- 0,4,4.34,7.42,6.88,16,3.63,3.97,*,*,*,*,*,*,*,- 0,0,0
2023,Census Tract,3012200,32,850,"1,219",27,- 0,4,7.7,2,5.46,17,1.5,2.06,*,*,*,*,*,*,*,- 0,0,0
2023,Census Tract,3012600,14,900,"1,025",13,*,3.58,10.66,5,9.13,10,2.5,3.57,*,*,*,*,*,*,*,- 0,0,0
2023,Census Tract,3012700,29,"1,200","1,971",25,*,3,3.17,5,6.4,17,4.42,3.41,*,*,*,*,*,*,*,- 0,0,0
2023,Census Tract,3012901,20,974,"2,916",13,- 0,5,5.55,7.01,8.9,13,3.01,4.58,*,*,*,*,*,*,*,- 0,0,0
2023,Census Tract,3012902,54,"1,201","2,258",47,*,7,7.22,10.01,9.25,36,7.88,7.53,*,*,*,*,*,*,*,- 0,0,0
2023,Census Tract,3013000,45,675,983,40,*,4,4.76,5,5.77,24,2.71,2.99,10,*,*,*,*,*,*,- 0,0,0
2023,Census Tract,3013100,35,"1,000","1,115",32,*,6,5.56,5.21,6.44,26,3.23,4.17,*,*,*,*,*,*,*,- 0,0,0
2023,Census Tract,3013200,20,585,"1,340",20,- 0,3,3.67,5,4.81,12,3.55,2.78,*,- 0,0,0,- 0,0,0,- 0,0,0
2023,Census Tract,3013300,52,"1,300","1,887",49,- 0,6,6.26,10.01,9.71,45,4.33,4.45,14,*,*,*,*,*,*,- 0,0,0
2023,Census Tract,3013400,27,"1,000","1,892",19,*,3.67,6.8,4,7.36,15,1.5,3.21,10,*,*,*,*,*,*,- 0,0,0
2023,Census Tract,3013500,22,840,883,21,*,6,6.26,5,5.69,15,2,2.4,*,*,*,*,*,*,*,- 0,0,0
2023,Census Tract,3013600,25,810,907,21,*,3.83,3.89,5.59,6.94,12,1.8,3.34,*,*,*,*,*,*,*,- 0,0,0
2023,Census Tract,3013700,35,"1,000","2,079",24,- 0,5,4.97,4,4.13,17,1.33,2.74,*,*,*,*,*,*,*,- 0,0,0
2023,Census Tract,3013800,41,"2,000","2,624",37,*,5,6.3,9.96,10.63,24,5.01,6.4,*,*,*,*,*,*,*,- 0,0,0
2023,Census Tract,3013900,41,"1,710","2,763",34,*,5,7.14,4.04,6.39,24,3,3.84,*,*,*,*,*,*,*,- 0,0,0
2023,Census Tract,3014101,15,"3,500","6,181",13,- 0,5,4.75,9.92,9.66,*,*,*,*,*,*,*,*,*,*,- 0,0,0
2023,Census Tract,3014102,18,"1,720","1,742",17,- 0,4,4.53,5,6.45,11,2.21,2.43,*,*,*,*,*,*,*,- 0,0,0
2023,Census Tract,3014200,34,925,"1,630",28,*,3.55,4.99,1,3.41,*,*,*,*,*,*,*,*,*,*,- 0,0,0
2023,Census Tract,3014300,31,"1,700","2,106",22,*,5,7,2.08,4.49,11,2.33,2.76,*,*,*,*,*,*,*,- 0,0,0
2023,Census Tract,3014500,34,"1,000","1,479",31,12,4,6.07,5,6.57,23,4,4.26,*,*,*,*,*,*,*,- 0,0,0
2023,Census Tract,3014901,15,"1,000","1,006",12,*,5,5.74,5.5,15.1,*,*,*,*,*,*,*,*,*,*,- 0,0,0
2023,Census Tract,3015100,33,810,"1,040",29,*,5,5.19,8,8.98,25,4.25,4.72,*,*,*,*,*,*,*,- 0,0,0
2023,Census Tract,3015300,24,"1,330","2,727",23,- 0,8,6.97,5.5,10.44,21,4.25,4.88,*,*,*,*,*,*,*,- 0,0,0
2023,Census Tract,3015500,31,950,"1,050",27,- 0,6,5.77,6,6.83,21,4,4.17,*,*,*,*,*,*,*,- 0,0,0
2023,Census Tract,3015700,50,"1,050","1,659",45,*,7,9.28,5,6.33,27,3.42,4.26,10,*,*,*,*,*,*,- 0,0,0
2023,Census Tract,3015900,45,"1,185","2,180",42,*,6.17,6.75,9.03,7.92,29,2.75,4.31,*,*,*,*,*,*,*,- 0,0,0
2023,Census Tract,3016000,94,"2,000","6,142",75,*,4.25,6.12,4,7.56,41,3.75,4.66,12,*,*,*,*,*,*,- 0,0,0
2023,Census Tract,3016100,37,"1,573","164,390",30,- 0,6.5,7.15,10.01,14.32,22,3.92,4.54,*,*,*,*,*,*,*,- 0,0,0
2023,Census Tract,3016200,12,"1,453","2,073",11,- 0,3,4.45,4,6.31,*,*,*,*,*,*,*,*,*,*,- 0,0,0
2023,Census Tract,3016300,18,"1,706","8,179",16,*,4,4.85,8.98,8.94,12,4.54,7.66,*,*,*,*,*,*,*,*,*,*
2023,Census Tract,3016900,29,600,865,24,*,5.01,6.11,4,9.87,13,2.75,8.96,*,*,*,*,*,*,*,*,*,*
2023,Census Tract,3017200,11,"2,566","4,238",*,*,*,*,*,*,*,*,*,*,*,*,*,- 0,0,0,- 0,0,0
2023,Census Tract,3017800,24,"2,250","3,738",20,*,3,3.66,1,4.37,*,*,*,*,*,*,*,*,*,*,- 0,0,0
2023,Census Tract,3018000,10,"2,525","2,862",10,- 0,3,3.09,10.45,13.59,*,*,*,*,- 0,0,0,- 0,0,0,- 0,0,0
2023,Census Tract,3018100,22,950,"1,100",21,*,6,6.11,5,6.25,16,1.92,2.74,*,*,*,*,*,*,*,- 0,0,0
2023,Census Tract,3018300,18,"1,125","1,840",14,- 0,5,5.48,9.67,10.43,10,6.55,6.3,*,*,*,*,*,*,*,- 0,0,0
2023,Census Tract,3019000,29,"1,000","1,935",22,*,3,3.05,3.42,4.47,*,*,*,- 0,*,*,*,*,*,*,- 0,0,0
2023,Census Tract,3019100,13,"1,176","3,686",12,*,3,3.59,8.5,7.82,11,5.01,4.26,*,*,*,*,*,*,*,- 0,0,0
2023,Census Tract,3019200,22,"1,767","5,157",17,- 0,2,2.19,5,8.95,11,2.67,3.09,*,*,*,*,*,*,*,- 0,0,0
2023,Census Tract,3019300,36,"1,000","2,196",34,*,5,5.44,8.58,8.21,30,4.52,4.95,10,*,*,*,*,*,*,- 0,0,0
2023,Census Tract,3019400,25,"1,320","2,070",22,- 0,3,3.87,4.5,4.54,15,2.75,2.72,*,*,*,*,*,*,*,- 0,0,0
2023,Census Tract,3019500,17,"1,120","1,773",16,- 0,5,5.15,9.98,13.14,*,*,*,*,*,*,*,*,*,*,- 0,0,0
2023,Census Tract,3019600,26,925,"1,589",25,*,3,10.72,1,4.86,*,*,*,*,*,*,*,*,*,*,- 0,0,0
2023,Census Tract,3019800,11,900,"1,020",10,- 0,3,4.4,3.91,4.38,*,*,*,*,*,*,*,*,*,*,- 0,0,0
2023,Census Tract,3019900,44,"1,948","5,675",32,*,5,5.34,10.42,11.98,31,6.25,6.4,*,*,*,*,*,*,*,- 0,0,0
2023,Census Tract,3020000,16,"1,050","1,369",14,- 0,4.5,11.32,1,2,*,*,*,*,*,*,*,*,*,*,- 0,0,0
2023,Census Tract,3020100,22,900,"1,721",21,*,6,5.37,1,2.52,*,*,*,- 0,*,*,*,*,*,*,- 0,0,0
2023,Census Tract,3020500,15,600,"1,980",14,*,4.04,4.18,9.96,9.64,11,5.01,4.13,*,*,*,*,*,*,*,- 0,0,0
2023,Census Tract,3021000,10,725,774,*,- 0,*,*,*,*,*,*,*,*,*,*,*,- 0,0,0,- 0,0,0
2023,Census Tract,3021100,50,"3,468","5,971",35,- 0,2.06,2.89,2.83,5.28,31,2.25,3.52,15,*,*,*,*,*,*,- 0,0,0
2023,Census Tract,3021200,17,800,"2,399",13,- 0,4,4.1,5,6.46,*,*,*,*,*,*,*,*,*,*,- 0,0,0
2023,Census Tract,3021300,11,"1,180","1,456",11,- 0,7,7.09,10.01,10.53,11,2.04,3.3,*,- 0,0,0,- 0,0,0,- 0,0,0
2023,Census Tract,3021400,17,"2,000","3,116",16,- 0,1,1.93,2.75,4.76,12,1,1.32,10,*,*,*,*,*,*,- 0,0,0
2023,Census Tract,3021500,13,700,"1,378",10,- 0,5,5.17,9.38,8.68,*,*,*,- 0,*,*,*,*,*,*,- 0,0,0
2023,Census Tract,3021600,10,"1,000","1,556",*,- 0,*,*,*,*,*,*,*,*,*,*,*,- 0,0,0,- 0,0,0
2023,Census Tract,3021700,26,721,845,22,*,5,6.57,7,7.44,19,4.5,3.95,*,*,*,*,*,*,*,- 0,0,0
2023,Census Tract,3021800,12,"1,380","1,831",*,- 0,*,*,*,*,*,*,*,*,*,*,*,- 0,0,0,- 0,0,0
2023,Census Tract,3021900,11,"2,135","2,735",*,- 0,*,*,*,*,*,*,*,*,- 0,0,0,*,*,*,- 0,0,0
2023,Census Tract,3022000,58,"1,387","2,644",44,*,3,3.77,7.98,8.72,31,3.25,3.53,10,14,2.54,13.15,- 0,0,0,- 0,0,0
2023,Census Tract,3022100,10,"1,690","1,568",*,- 0,*,*,*,*,*,*,*,*,*,*,*,*,*,*,*,*,*
2023,Census Tract,3022200,50,"1,394","1,927",41,*,4,4.61,6,7.18,22,4.17,5.21,*,*,*,*,*,*,*,- 0,0,0
2023,Census Tract,3022400,16,"2,297","2,404",16,*,3,2.83,5.03,6.23,12,1.19,3.05,*,- 0,0,0,- 0,0,0,- 0,0,0
2023,Census Tract,3022600,15,"1,564","1,631",12,*,3,3.15,7.29,7.32,10,2.56,2.93,*,*,*,*,*,*,*,- 0,0,0
2023,Census Tract,3022700,58,"1,150","2,695",52,*,3.5,3.82,7.63,8.73,42,3.63,4.54,15,*,*,*,*,*,*,- 0,0,0
2023,Census Tract,3022800,14,"2,550","2,798",10,*,3,2.8,1.5,4.36,*,*,*,*,*,*,*,*,*,*,- 0,0,0
2023,Census Tract,3023000,16,"1,100","1,251",14,*,2.46,2.64,8,8,12,4,4.96,*,*,*,*,*,*,*,- 0,0,0
2023,Census Tract,3023200,30,"1,700","1,807",24,*,3,3.5,10.23,14.47,16,3.5,4.02,*,*,*,*,*,*,*,- 0,0,0
2023,Census Tract,3023300,25,"1,600","2,206",21,- 0,4.5,4.89,9.64,7.7,19,5.33,5.24,*,*,*,*,*,*,*,- 0,0,0
2023,Census Tract,3023400,36,"1,170","1,534",35,*,4,4.53,7,8.14,18,4.92,4.87,*,*,*,*,*,*,*,- 0,0,0
2023,Census Tract,3023600,25,950,"1,307",18,*,4,5.41,10,10.81,11,3.33,3.41,*,*,*,*,*,*,*,- 0,0,0
2023,Census Tract,3023800,15,"1,247","1,328",12,- 0,4,4,10.01,26.35,10,5.82,18.31,*,*,*,*,*,*,*,- 0,0,0
2023,Census Tract,3024000,10,900,"3,425",*,- 0,*,*,*,*,- 0,0,0,- 0,*,*,*,- 0,0,0,- 0,0,0
2023,Census Tract,3024100,16,"1,000","8,410",14,- 0,5,7.93,9.05,9.62,13,2,3.75,*,*,*,*,*,*,*,- 0,0,0
2023,Census Tract,3024200,10,"4,120","5,546",*,- 0,*,*,*,*,*,*,*,*,*,*,*,*,*,*,- 0,0,0
2023,Census Tract,3024300,25,"1,200","1,297",20,*,3.08,3.66,4.42,6.16,15,2.58,4.66,*,*,*,*,*,*,*,- 0,0,0
2023,Census Tract,3024400,11,390,502,10,- 0,3,3.19,6,7.4,*,*,*,*,*,*,*,*,*,*,- 0,0,0
2023,Census Tract,3024500,29,"1,510","2,527",24,- 0,4,4.06,10.01,10.46,21,5.84,6.78,*,*,*,*,*,*,*,- 0,0,0
2023,Census Tract,3024700,57,"2,500","3,540",48,- 0,4,4.01,12.01,13.23,32,8.97,8.98,*,*,*,*,*,*,*,- 0,0,0
2023,Census Tract,3024800,30,"1,300","3,556",20,*,3,8.76,5.04,6.68,13,6.92,6.36,*,*,*,*,*,*,*,- 0,0,0
2023,Census Tract,3024900,16,"1,000","1,585",14,*,4.42,3.89,5,6.87,*,*,*,*,*,*,*,*,*,*,- 0,0,0
2023,Census Tract,3025200,40,"1,876","2,418",35,- 0,3,4.38,4,7.6,18,7.3,7.33,*,*,*,*,*,*,*,- 0,0,0
2023,Census Tract,3025300,10,849,"1,033",10,*,3,3.7,8.38,6.98,*,*,*,*,- 0,0,0,- 0,0,0,- 0,0,0
2023,Census Tract,3025400,14,"1,050","2,449",11,*,2,2.73,5,5.87,*,*,*,*,*,*,*,*,*,*,- 0,0,0
2023,Census Tract,3025600,27,"1,200","1,728",25,- 0,3,3.16,4,6,15,4.09,4.99,*,*,*,*,*,*,*,- 0,0,0
2023,Census Tract,3025700,14,"1,363","3,655",10,*,2,2.33,8.5,6.72,*,*,*,*,*,*,*,*,*,*,- 0,0,0
2023,Census Tract,3025800,16,"1,028","1,971",14,- 0,3.5,8,1.5,3.01,*,*,*,*,*,*,*,*,*,*,- 0,0,0
2023,Census Tract,3026000,31,"1,600","2,377",26,- 0,4,5.27,6.46,5.97,16,3.38,3.33,*,*,*,*,*,*,*,- 0,0,0
2023,Census Tract,3026100,21,650,"1,361",15,*,4,4.53,5,4.95,12,2.08,2.38,*,*,*,*,*,*,*,- 0,0,0
2023,Census Tract,3026400,32,"1,210","1,680",30,*,3,6.54,3.88,5.1,18,1.46,2.99,*,*,*,*,*,*,*,- 0,0,0
2023,Census Tract,3026500,12,750,"1,058",11,- 0,5,4.77,10,8.1,10,2.29,3.31,*,*,*,*,*,*,*,- 0,0,0
2023,Census Tract,3026600,12,"1,550","1,993",11,*,3,5.23,3,5.23,*,*,*,*,*,*,*,*,*,*,- 0,0,0
2023,Census Tract,3026800,17,526,832,12,*,3.5,8.57,4.98,4.18,*,*,*,*,*,*,*,*,*,*,- 0,0,0
2023,Census Tract,3026900,17,900,944,15,*,5,4.91,5,6.08,*,*,*,*,*,*,*,*,*,*,*,*,*
2023,Census Tract,3027100,24,904,"2,437",17,*,4,4.5,5.97,7.52,17,3.67,3.69,*,*,*,*,*,*,*,- 0,0,0
2023,Census Tract,3027200,10,670,"1,243",*,*,*,*,*,*,*,*,*,- 0,- 0,0,0,*,*,*,- 0,0,0
2023,Census Tract,3027300,16,"1,700","2,957",13,*,2,2.34,4.92,7.16,*,*,*,*,*,*,*,*,*,*,- 0,0,0
2023,Census Tract,3027400,11,"1,178","1,199",10,- 0,3.5,5.5,5,4.9,*,*,*,*,*,*,*,*,*,*,- 0,0,0
2023,Census Tract,3027500,25,800,952,22,*,3,3.92,4.65,4.49,16,1.38,2.07,11,*,*,*,*,*,*,- 0,0,0
2023,Census Tract,3027600,38,"1,747","2,694",31,*,3,9.11,3,5.68,18,2.25,3.43,*,*,*,*,*,*,*,- 0,0,0
2023,Census Tract,3027800,32,"1,827","3,803",29,*,4.17,11.65,5,6,17,2.75,5.08,*,*,*,*,*,*,*,- 0,0,0
2023,Census Tract,3028000,20,"1,500","3,350",14,*,2.5,6,1.5,3.43,*,*,*,*,*,*,*,*,*,*,- 0,0,0
2023,Census Tract,3028100,28,"1,013","1,863",24,*,2,2.58,3.81,7.75,17,4.34,5.39,*,*,*,*,*,*,*,- 0,0,0
2023,Census Tract,3028200,28,668,733,23,- 0,3,13.88,4.83,5.17,21,2,2.37,12,*,*,*,*,*,*,- 0,0,0
2023,Census Tract,3028300,22,930,"1,391",20,- 0,4,3.95,5,7.7,15,2.67,4.19,*,*,*,*,*,*,*,- 0,0,0
2023,Census Tract,3028400,45,"1,000","2,591",41,*,6.96,20.76,6,7.98,31,3.5,4.16,*,*,*,*,*,*,*,- 0,0,0
2023,Census Tract,3028501,13,"1,700","2,485",12,- 0,4,4.67,5.58,5.78,10,3.67,3.33,*,*,*,*,*,*,*,- 0,0,0
2023,Census Tract,3028600,11,"1,060","2,117",11,*,4.5,4.6,10.5,12.09,*,*,*,*,- 0,0,0,- 0,0,0,- 0,0,0
2023,Census Tract,3028700,20,"1,971","5,455",18,*,3,3.36,10,10.83,16,6.21,7.09,*,*,*,*,*,*,*,- 0,0,0
2023,Census Tract,3028800,48,"1,900","2,393",43,*,4,4.66,5,6.48,22,5.19,5.99,*,*,*,*,*,*,*,- 0,0,0
2023,Census Tract,3028900,18,"1,350","1,644",16,*,3,3.19,2,5.04,11,0.92,2.71,*,*,*,*,*,*,*,- 0,0,0
2023,Census Tract,3029000,35,"1,900","2,902",29,*,6,5.75,5.51,6.66,17,2.67,3.52,*,*,*,*,*,*,*,- 0,0,0
2023,Census Tract,3029100,10,"1,175","3,306",*,- 0,*,*,*,*,*,*,*,*,*,*,*,- 0,0,0,- 0,0,0
2023,Census Tract,3029200,17,820,"1,048",16,*,3,3,5,6.3,13,2.25,3.29,*,*,*,*,*,*,*,- 0,0,0
2023,Census Tract,3029400,25,"1,650","12,217",25,- 0,6,5.68,9.97,8.19,19,6.76,6.1,*,- 0,0,0,- 0,0,0,- 0,0,0
2023,Census Tract,3029500,14,800,784,14,*,5,5,4.5,6.39,*,*,*,- 0,- 0,0,0,- 0,0,0,- 0,0,0
2023,Census Tract,3029600,60,"1,070","1,713",56,*,4,7.08,2,6.18,31,2.58,4.34,12,*,*,*,*,*,*,- 0,0,0
2023,Census Tract,3029800,29,"1,200","2,268",26,*,4,4.58,3.25,9.01,13,3.58,8.88,*,*,*,*,*,*,*,- 0,0,0
2023,Census Tract,3030000,33,"1,200","3,257",30,*,3,4.47,7.75,9.86,23,1.84,2.56,14,*,*,*,*,*,*,- 0,0,0
2023,Census Tract,3030100,18,"1,591","2,261",18,*,3.08,4.08,6,9.27,17,2.5,4.1,*,- 0,0,0,- 0,0,0,- 0,0,0
2023,Census Tract,3030500,32,"1,740","4,692",26,10,5,7.45,7.4,10.28,20,3.96,7.59,*,*,*,*,*,*,*,- 0,0,0
2023,Census Tract,3030900,14,"1,875","3,250",13,- 0,4,3.84,10.01,12.56,13,4.67,7.85,*,*,*,*,*,*,*,- 0,0,0
2023,Census Tract,3031500,18,"1,500","1,696",17,- 0,3,3.15,5,6.74,10,1.48,2.88,*,*,*,*,*,*,*,- 0,0,0
2023,Census Tract,3031701,24,715,"1,337",23,*,4,4.05,9.92,11,17,4.09,5.45,*,*,*,*,*,*,*,- 0,0,0
2023,Census Tract,3031702,21,800,"1,047",20,*,4.43,5.62,7.5,8.41,18,2.17,2.73,10,*,*,*,*,*,*,- 0,0,0
2023,Census Tract,3031900,18,945,"1,148",16,*,3,6.86,1,4.56,12,0.5,1.95,*,*,*,*,*,*,*,- 0,0,0
2023,Census Tract,3032100,26,"1,200","2,098",24,*,4,4.53,5.8,6.76,23,2.84,3.18,*,*,*,*,*,*,*,- 0,0,0
2023,Census Tract,3032300,23,"1,521","2,934",22,*,3.17,3.48,6.5,8.29,19,1.75,3.44,*,*,*,*,*,*,*,- 0,0,0
2023,Census Tract,3032500,24,828,746,17,*,4,3.71,10.01,8.15,13,6.25,5.43,*,*,*,*,*,*,*,- 0,0,0
2023,Census Tract,3032600,31,"1,000","1,217",26,*,3,4.88,3.54,4.35,19,1.5,2.49,11,*,*,*,*,*,*,*,*,*
2023,Census Tract,3032700,32,"1,641","4,213",27,- 0,3,6.4,5,9.38,16,4.29,5.27,*,*,*,*,*,*,*,- 0,0,0
2023,Census Tract,3032800,10,"3,896","5,727",10,- 0,4,6.4,10,11.97,*,*,*,- 0,- 0,0,0,- 0,0,0,- 0,0,0
2023,Census Tract,3032900,32,963,"1,109",30,- 0,5,10.23,5,6.23,23,3.67,3.14,*,*,*,*,*,*,*,- 0,0,0
2023,Census Tract,3033100,27,802,"1,486",27,- 0,3,5.44,5,6.87,16,1.05,1.53,*,- 0,0,0,- 0,0,0,- 0,0,0
2023,Census Tract,3033300,13,805,"1,157",13,- 0,5,5.23,1,2.62,*,*,*,*,- 0,0,0,- 0,0,0,- 0,0,0
2023,Census Tract,3033900,12,670,"2,233",*,*,*,*,*,*,*,*,*,*,*,*,*,*,*,*,- 0,0,0
2023,Census Tract,3034200,31,"2,110","2,249",28,- 0,3,3.61,9.42,9.6,17,5.25,5.49,*,*,*,*,*,*,*,- 0,0,0
2023,Census Tract,3034500,22,550,"1,134",21,- 0,3.25,3.35,8,8.5,19,2.67,3.51,*,*,*,*,*,*,*,- 0,0,0
2023,Census Tract,3034800,57,"2,324","7,810",36,*,2.85,3.58,2.5,6.39,18,3.04,5.16,*,*,*,*,*,*,*,- 0,0,0
2023,Census Tract,3034901,14,"1,720","2,515",11,- 0,3,3.05,5,6.71,*,*,*,*,*,*,*,*,*,*,- 0,0,0
2023,Census Tract,3034902,20,541,695,18,*,5,5.17,6.42,5.37,10,0.79,1.1,*,*,*,*,*,*,*,- 0,0,0
2023,Census Tract,3035000,16,"2,850","3,554",10,- 0,6,11.5,9.47,8.9,*,*,*,*,*,*,*,*,*,*,- 0,0,0
2023,Census Tract,3035101,35,833,"1,988",32,- 0,3,4.14,5.62,7.32,20,4.88,5.32,*,*,*,*,*,*,*,- 0,0,0
2023,Census Tract,3035102,35,"1,000","1,849",31,*,5,5.1,5.75,9.04,10,3.25,3.99,*,*,*,*,*,*,*,- 0,0,0
2023,Census Tract,3035200,11,"2,368","3,269",11,- 0,1,2.18,8.47,15.67,*,*,*,*,- 0,0,0,- 0,0,0,- 0,0,0
2023,Census Tract,3035301,12,500,889,12,- 0,4.5,4.15,5.42,6.94,*,*,*,*,- 0,0,0,- 0,0,0,- 0,0,0
2023,Census Tract,3035400,29,"1,550","5,606",25,*,5,5.36,10.34,13.51,25,7.5,9.06,*,*,*,*,*,*,*,- 0,0,0
2023,Census Tract,3035500,35,660,"1,277",31,*,3,3.19,7,9.6,24,3.04,4.85,10,*,*,*,*,*,*,- 0,0,0
2023,Census Tract,3035602,15,"1,350","1,748",14,*,4,4.64,1,4.43,*,*,*,*,*,*,*,*,*,*,- 0,0,0
2023,Census Tract,3035900,10,950,"3,386",*,*,*,*,*,*,*,*,*,*,*,*,*,- 0,0,0,- 0,0,0
2023,Census Tract,3036001,34,"1,894","2,660",33,*,5.25,5.02,5.25,6.56,17,4.09,4.89,*,*,*,*,*,*,*,- 0,0,0
2023,Census Tract,3036002,33,844,"1,331",29,- 0,6.75,10.28,1,4.22,20,0.58,1.71,*,*,*,*,*,*,*,- 0,0,0
2023,Census Tract,3036100,15,"1,500","2,157",14,- 0,3,5.04,6,7.69,14,2,2.3,*,*,*,*,*,*,*,- 0,0,0
2023,Census Tract,3036200,68,"1,400","1,763",60,*,4.13,5.18,5,5.87,23,2.92,3.06,*,*,*,*,*,*,*,*,*,*
2023,Census Tract,3036300,10,"1,068","1,267",10,*,3,5.53,10,7.3,*,*,*,*,- 0,0,0,- 0,0,0,- 0,0,0
2023,Census Tract,3036900,12,700,"1,584",*,*,*,*,*,*,*,*,*,*,*,*,*,*,*,*,- 0,0,0
2023,Census Tract,3037000,15,"2,604","3,161",14,*,3,6.27,3,4.79,*,*,*,*,*,*,*,*,*,*,- 0,0,0
2023,Census Tract,3037300,17,"2,500","2,517",16,*,4.69,8.27,9.84,8.48,14,3.17,3.54,*,*,*,*,*,*,*,- 0,0,0
2023,Census Tract,3037402,17,"2,500","4,973",13,*,3,3.69,1,0.98,- 0,0,0,- 0,*,*,*,*,*,*,- 0,0,0
2023,Census Tract,3037500,18,581,"2,515",14,*,4,5.43,5,9.65,10,2.42,9.85,*,*,*,*,*,*,*,- 0,0,0
2023,Census Tract,3037700,16,500,628,11,*,5,6.64,4,4.49,*,*,*,*,*,*,*,*,*,*,- 0,0,0
2023,Census Tract,3038300,10,867,"1,307",*,*,*,*,*,*,*,*,*,*,*,*,*,- 0,0,0,- 0,0,0
2023,Census Tract,3038600,29,"2,000","2,328",24,*,2.92,3.08,1,4.11,*,*,*,*,*,*,*,*,*,*,- 0,0,0
2023,Census Tract,3038700,15,735,"1,359",12,- 0,3,2.92,3.21,4.25,*,*,*,*,*,*,*,*,*,*,- 0,0,0
2023,Census Tract,3038900,44,"2,038","3,797",33,*,5,8.24,10.01,11.52,29,6.42,6.19,*,*,*,*,*,*,*,- 0,0,0
2023,Census Tract,3039100,14,875,"1,810",11,*,3,4.91,10,11.79,*,*,*,*,*,*,*,*,*,*,- 0,0,0
2023,Census Tract,3039200,21,"1,886","2,556",17,- 0,3,2.98,1,4.86,*,*,*,*,*,*,*,*,*,*,- 0,0,0
2023,Census Tract,3039300,21,"1,800","2,086",18,*,2.25,2.81,3.5,5.43,12,1.5,2.75,*,*,*,*,*,*,*,- 0,0,0
2023,Census Tract,3039400,19,800,"1,601",18,*,4,5.45,1,2.3,*,*,*,*,*,*,*,*,*,*,- 0,0,0
2023,Census Tract,3039500,11,"2,937","3,262",10,*,3.29,8.41,10,8.9,*,*,*,*,*,*,*,*,*,*,- 0,0,0
2023,Census Tract,3039700,23,"2,800","5,136",20,*,3,3,5.79,6.68,10,3.84,4.08,*,*,*,*,*,*,*,- 0,0,0
2023,Census Tract,3039800,18,"1,550","2,113",17,- 0,4,8.37,1,5.85,*,*,*,*,*,*,*,*,*,*,- 0,0,0
2023,Census Tract,3040000,39,"1,700","2,766",27,*,3,5.87,3,6.31,13,4,4.33,*,*,*,*,*,*,*,- 0,0,0
2023,Census Tract,3040100,14,"1,962","2,881",13,- 0,3,6.49,10.25,12.09,10,5.89,5.64,*,*,*,*,*,*,*,- 0,0,0
2023,Census Tract,3040200,34,"1,109","1,633",30,*,3,7.04,1,5.86,10,2,2.88,*,*,*,*,*,*,*,- 0,0,0
2023,Census Tract,3040300,40,"1,333","1,761",34,*,3,3.63,8.34,9.2,29,2.16,2.68,20,*,*,*,*,*,*,- 0,0,0
2023,Census Tract,3040400,16,750,"1,755",10,- 0,2.5,6.5,4.5,4.63,*,*,*,*,*,*,*,*,*,*,- 0,0,0
2023,Census Tract,3040800,21,600,725,21,*,3.17,3.13,1,2.57,14,1.17,1.94,*,- 0,0,0,- 0,0,0,- 0,0,0
2023,Census Tract,3041200,17,"1,800","5,225",15,- 0,3,3.74,9.01,8.9,12,2.69,3.45,*,*,*,*,*,*,*,- 0,0,0
2023,Census Tract,3041800,41,"1,150","2,072",36,*,3,3.58,7.5,10.91,23,3.64,3.47,*,*,*,*,*,*,*,- 0,0,0
2023,Census Tract,3042000,29,"2,000","3,246",27,*,5,4.69,8,8.27,20,2.88,4.49,*,*,*,*,*,*,*,- 0,0,0
2023,Census Tract,3042100,20,750,"1,248",15,*,3,4.67,2.25,5.74,*,*,*,*,*,*,*,*,*,*,- 0,0,0
2023,Census Tract,3042200,32,"1,620","1,758",30,*,3,4.12,5,6.82,13,2,3.04,*,*,*,*,*,*,*,- 0,0,0
2023,Census Tract,3042300,18,"1,425","2,091",14,*,2.5,4.29,2.5,5.45,*,*,*,*,*,*,*,*,*,*,- 0,0,0
2023,Census Tract,3042400,13,800,"2,002",11,- 0,3,3.11,5,4.03,*,*,*,*,*,*,*,*,*,*,- 0,0,0
2023,Census Tract,3042600,24,975,"2,074",24,*,4,4.32,3,8.43,12,4.67,5.5,*,- 0,0,0,- 0,0,0,- 0,0,0
2023,Census Tract,3042700,38,"1,178","1,455",35,*,3,3.17,8.59,8.21,20,6.5,6.73,*,*,*,*,*,*,*,- 0,0,0
2023,Census Tract,3042800,18,"2,308","3,028",15,*,3,2.88,1,5.07,*,*,*,*,*,*,*,*,*,*,- 0,0,0
2023,Census Tract,3042900,51,"1,500","1,939",44,*,4,8.51,10,9.02,37,3.75,4.09,*,*,*,*,*,*,*,- 0,0,0
2023,Census Tract,3043000,21,800,"1,563",19,- 0,3,3.43,5,6.98,15,3.09,3.24,*,*,*,*,*,*,*,- 0,0,0
2023,Census Tract,3043100,64,"1,900","3,019",55,*,5.33,6.24,10.01,10.99,45,6.09,6.46,13,*,*,*,*,*,*,- 0,0,0
2023,Census Tract,3043200,31,"1,123","1,717",27,*,3,6.52,5.08,6.89,22,2.08,2.12,11,*,*,*,*,*,*,- 0,0,0
2023,Census Tract,3043300,19,955,"1,531",15,- 0,4,4.06,8.59,10.61,13,3.58,4.93,*,*,*,*,*,*,*,- 0,0,0
2023,Census Tract,3043400,14,"1,110","1,802",12,*,2,2.58,1.17,4.61,*,*,*,*,*,*,*,*,*,*,- 0,0,0
2023,Census Tract,3043500,10,801,"1,114",10,*,3,3.03,3,5.01,*,*,*,*,- 0,0,0,- 0,0,0,- 0,0,0
2023,Census Tract,3043600,20,563,"1,690",18,*,4,4.65,6.59,6.59,14,4.5,3.63,*,*,*,*,*,*,*,- 0,0,0
2023,Census Tract,3043800,24,"2,000","2,711",20,*,3,3.8,1,3.06,*,*,*,- 0,*,*,*,*,*,*,- 0,0,0
2023,Census Tract,3043900,45,850,"3,655",41,- 0,3.75,4.12,5,7.37,28,2.29,2.93,12,*,*,*,*,*,*,- 0,0,0
2023,Census Tract,3044100,35,"1,048","1,300",30,*,3.5,4.01,5,5.39,16,2.76,4.11,*,*,*,*,*,*,*,- 0,0,0
2023,Census Tract,3044200,10,855,"1,637",*,- 0,*,*,*,*,*,*,*,*,- 0,0,0,*,*,*,- 0,0,0
2023,Census Tract,3044300,29,970,"1,321",22,*,4,5.07,2,3.37,12,1.75,2.45,*,*,*,*,*,*,*,*,*,*
2023,Census Tract,3044500,31,900,"1,686",28,- 0,4.58,6.47,6,7.76,22,4.63,4.72,*,*,*,*,*,*,*,- 0,0,0
2023,Census Tract,3044700,54,"2,179","3,229",49,*,5,9.09,10.01,9.1,42,5.54,5.77,*,*,*,*,*,*,*,- 0,0,0
2023,Census Tract,3044901,13,"9,645","13,904",11,- 0,15,15.18,5,9.92,*,*,*,*,*,*,*,*,*,*,- 0,0,0
2023,Census Tract,3044902,21,"5,000","10,968",20,*,3,4.63,1,5.52,*,*,*,*,*,*,*,*,*,*,- 0,0,0
2023,Census Tract,3045300,52,"1,400","2,188",45,- 0,4,5.22,5.84,7.11,21,1.84,3.13,11,*,*,*,*,*,*,- 0,0,0
2023,Census Tract,3045400,36,600,"1,393",31,*,2,2.85,5,8.8,21,3.84,4.26,*,*,*,*,*,*,*,- 0,0,0
2023,Census Tract,3045600,27,559,"1,176",26,*,4,4.33,3.79,5.71,19,1.83,2.25,11,*,*,*,*,*,*,- 0,0,0
2023,Census Tract,3046201,11,760,"1,580",11,*,2,2.09,3,4.84,*,*,*,*,- 0,0,0,- 0,0,0,- 0,0,0
2023,Census Tract,3046202,11,"2,959","5,749",*,- 0,*,*,*,*,*,*,*,*,*,*,*,- 0,0,0,- 0,0,0
2023,Census Tract,3047400,30,"1,200","1,849",26,*,2.71,2.99,9.5,10.66,18,4.17,3.78,*,*,*,*,*,*,*,- 0,0,0
2023,Census Tract,3047600,19,926,"1,293",16,- 0,3,2.91,2,23.42,*,*,*,*,*,*,*,*,*,*,- 0,0,0
2023,Census Tract,3047700,18,"1,000","1,173",13,*,3,3.54,1,4.2,*,*,*,*,*,*,*,*,*,*,- 0,0,0
2023,Census Tract,3047800,23,771,"2,636",20,- 0,3,2.9,1,2.77,13,1,1.51,*,*,*,*,*,*,*,- 0,0,0
2023,Census Tract,3048000,14,"1,166","1,226",12,*,3,9,1,3.02,*,*,*,*,*,*,*,*,*,*,- 0,0,0
2023,Census Tract,3048100,26,"2,544","3,353",17,*,3,7.67,5,5.14,*,*,*,*,*,*,*,*,*,*,- 0,0,0
2023,Census Tract,3048200,14,750,927,12,- 0,4.5,13.08,3.63,3.6,*,*,*,*,*,*,*,*,*,*,- 0,0,0
2023,Census Tract,3048400,14,"1,363","3,982",12,- 0,3,4.92,7.22,6.93,*,*,*,*,*,*,*,*,*,*,- 0,0,0
2023,Census Tract,3048500,81,"2,500","4,536",62,*,2.5,4.01,4.54,6.3,42,2.5,3.06,18,*,*,*,*,*,*,*,*,*
2023,Census Tract,3048600,25,600,"2,019",22,- 0,3,2.77,3.5,6.66,13,2.67,5.4,*,*,*,*,*,*,*,- 0,0,0
2023,Census Tract,3048800,12,478,"1,185",11,*,3,3,2,5.93,*,*,*,*,*,*,*,*,*,*,- 0,0,0
2023,Census Tract,3049000,11,"1,200","3,087",11,- 0,3,2.7,10.01,12.71,11,2.92,4.19,*,- 0,0,0,- 0,0,0,- 0,0,0
2023,Census Tract,3049100,95,"1,500","2,711",78,*,5,7.49,5,7.73,53,3.09,3.91,18,*,*,*,*,*,*,- 0,0,0
2023,Census Tract,3049200,18,"1,900","4,793",15,- 0,2,4,9,19.54,11,4.33,14.55,*,*,*,*,*,*,*,- 0,0,0
2023,Census Tract,3049302,44,"1,229","1,815",40,*,4,4.86,4.5,6,24,3,3.73,*,*,*,*,*,*,*,- 0,0,0
2023,Census Tract,3049400,15,806,817,15,*,4,4.33,5,5.35,*,*,*,*,- 0,0,0,- 0,0,0,- 0,0,0
2023,Census Tract,3049500,58,"1,200","1,603",48,*,4.23,7.46,5,6.38,39,2,3.29,21,*,*,*,*,*,*,- 0,0,0
2023,Census Tract,3049600,35,726,917,32,*,4.28,5.04,1,3.47,*,*,*,- 0,*,*,*,*,*,*,- 0,0,0
2023,Census Tract,3049700,38,"1,275","1,768",30,*,6,10.42,1.54,5.24,13,2.92,3.42,*,*,*,*,*,*,*,- 0,0,0
2023,Census Tract,3049900,11,730,"2,066",*,- 0,*,*,*,*,*,*,*,*,*,*,*,- 0,0,0,- 0,0,0
2023,Census Tract,3050100,25,"1,500","1,769",21,- 0,3,10.12,3,6,12,3.54,4.67,*,*,*,*,*,*,*,*,*,*
2023,Census Tract,3050300,25,"1,350","1,833",21,- 0,4,8,5,5.17,14,2.5,3.01,*,*,*,*,*,*,*,- 0,0,0
2023,Census Tract,3050500,22,"1,313","2,567",20,*,3,7.1,8.5,8.73,19,2.92,3.62,*,*,*,*,*,*,*,- 0,0,0
2023,Census Tract,3050600,15,"1,071","1,380",14,- 0,4,6.46,8.95,9.37,11,3.25,3.98,*,*,*,*,*,*,*,- 0,0,0
2023,Census Tract,3050700,46,"1,692","3,767",39,*,4,7.96,5.13,8.43,22,7.05,7.93,*,*,*,*,*,*,*,- 0,0,0
2023,Census Tract,3050801,42,"1,100","2,536",37,*,5,7.43,10.47,13.09,35,3.67,4.28,*,*,*,*,*,*,*,- 0,0,0
2023,Census Tract,3050803,20,"2,000","3,255",18,*,5,10.44,9.5,13.23,14,6.55,7.03,*,*,*,*,*,*,*,- 0,0,0
2023,Census Tract,3050900,11,"1,390","2,419",10,*,3.5,10.5,6.5,9.64,*,*,*,*,*,*,*,*,*,*,- 0,0,0
2023,Census Tract,3051002,44,"1,530","2,310",39,*,7.5,14.13,6.98,8.65,32,3,3.49,10,*,*,*,*,*,*,- 0,0,0
2023,Census Tract,3051100,23,"1,250","3,975",21,*,3,6.21,8.67,11.65,14,6.46,8.26,*,*,*,*,*,*,*,- 0,0,0
2023,Census Tract,3051300,62,"1,400","1,996",55,*,4,5.07,5.22,7.54,40,4.42,5.65,12,*,*,*,*,*,*,- 0,0,0
2023,Census Tract,3051400,13,322,877,11,*,6,19.36,1,3,*,*,*,*,*,*,*,*,*,*,- 0,0,0
2023,Census Tract,3051500,16,831,"1,697",14,- 0,6,7.14,10.01,11.61,14,4.67,4.76,*,*,*,*,*,*,*,- 0,0,0
2023,Census Tract,3051602,19,"1,219","1,716",19,- 0,3.04,3.61,5,6.11,13,2.17,3.32,*,- 0,0,0,- 0,0,0,- 0,0,0
2023,Census Tract,3051700,28,"1,410","1,755",23,*,7,6.94,10,9.73,18,5.93,5.44,*,*,*,*,*,*,*,- 0,0,0
2023,Census Tract,3051800,16,781,"1,296",15,- 0,1,2.4,10.25,9.49,12,1.04,1.71,10,*,*,*,*,*,*,- 0,0,0
2023,Census Tract,3051900,84,"1,239","2,263",73,*,6,7.77,10.01,9.54,65,4,4.79,18,*,*,*,*,*,*,- 0,0,0
2023,Census Tract,3052000,23,950,"1,026",22,- 0,5,5.64,10,8.29,16,4.25,5.12,*,*,*,*,*,*,*,- 0,0,0
2023,Census Tract,3052300,71,"1,000","1,145",63,15,7,9.27,6,7.21,46,3.85,4.93,*,*,*,*,*,*,*,- 0,0,0
2023,Census Tract,3052500,64,"1,280","1,972",55,*,5,12.42,10.01,10.84,42,4.59,4.62,*,*,*,*,*,*,*,- 0,0,0
2023,Census Tract,3052600,36,600,"1,065",34,*,4,4.13,7,19.45,26,2.46,16.84,12,*,*,*,*,*,*,- 0,0,0
2023,Census Tract,3052700,44,"1,000","1,515",32,*,4,4.26,5,5.77,19,2.33,3.41,10,*,*,*,*,*,*,- 0,0,0
2023,Census Tract,3052900,13,"1,250","2,651",12,*,3.5,4.83,8.71,12.45,10,4.42,5.12,*,*,*,*,*,*,*,- 0,0,0
2023,Census Tract,3053000,37,"2,033","3,199",30,*,3,4.84,10.01,11.89,27,4,5.72,*,*,*,*,*,*,*,- 0,0,0
2023,Census Tract,3053102,22,"1,250","1,594",19,- 0,4,7.11,9.17,9.04,17,2,2.39,*,*,*,*,*,*,*,- 0,0,0
2023,Census Tract,3053300,27,900,879,23,- 0,3,3.05,6,7.61,12,2.96,3.43,*,*,*,*,*,*,*,- 0,0,0
2023,Census Tract,3053400,40,"1,270","1,941",39,*,3,3.82,3,6.46,19,3.21,3.69,*,*,*,*,*,*,*,- 0,0,0
2023,Census Tract,3053500,28,910,"1,216",22,*,3,4.15,3,9.17,*,*,*,*,*,*,*,*,*,*,- 0,0,0
2023,Census Tract,3053700,17,"1,490","3,499",14,- 0,4.5,4,8,7.22,11,8.54,7.27,*,*,*,*,*,*,*,- 0,0,0
2023,Census Tract,3053800,39,900,"1,300",38,*,3.08,3.65,6.88,7.23,27,2,2.98,18,*,*,*,*,*,*,- 0,0,0
2023,Census Tract,3054900,57,"1,368","2,338",47,*,5,5.92,6,7.73,39,2.58,3.31,16,*,*,*,*,*,*,- 0,0,0
2023,Census Tract,3055000,14,"2,013","2,255",14,- 0,4.5,8.07,1,6.35,*,*,*,- 0,- 0,0,0,- 0,0,0,- 0,0,0
2023,Census Tract,3055100,73,"1,494","1,858",64,*,9,18.83,10.01,8.88,52,5.88,5.89,*,*,*,*,*,*,*,- 0,0,0
2023,Census Tract,3055200,35,"2,000","3,893",31,- 0,5,6.77,5,9.57,18,1.84,4.22,*,*,*,*,*,*,*,- 0,0,0
2023,Census Tract,3055300,97,"2,125","4,463",88,*,9,9.97,10.01,9.36,70,5.19,5.74,14,*,*,*,*,*,*,- 0,0,0
2023,Census Tract,3055400,92,"1,800","3,516",75,*,5,5.42,7.51,9.12,52,3.63,4.46,14,*,*,*,*,*,*,- 0,0,0
2023,Census Tract,3055500,141,"2,150","3,625",122,*,8,14.12,10.01,9.71,112,4.5,4.88,21,*,*,*,*,*,*,*,*,*
2023,Census Tract,3055700,50,"3,084","3,705",42,*,5,7.88,8.75,8.05,31,3.67,4,11,*,*,*,*,*,*,- 0,0,0
2023,Census Tract,3056100,100,998,"2,868",87,*,7.5,24.66,2,5.51,44,2.46,4,16,*,*,*,*,*,*,- 0,0,0
2023,Census Tract,3056301,49,"1,375","1,926",40,- 0,5.5,9.93,5.14,7.27,34,3.67,4.76,*,*,*,*,*,*,*,- 0,0,0
2023,Census Tract,3056302,24,"1,527","3,144",16,*,4,4.81,10.25,9.82,14,7.75,8.4,- 0,*,*,*,*,*,*,- 0,0,0
2023,Census Tract,3056500,76,"1,055","1,738",70,*,28,27,1,5.01,28,4.71,4.8,*,*,*,*,*,*,*,*,*,*
2023,Census Tract,3056600,15,"2,466","5,017",13,- 0,2,2.6,10.01,10.09,11,3.5,6.25,*,*,*,*,*,*,*,- 0,0,0
2023,Census Tract,3056900,55,"1,100","2,847",47,*,7,12.24,5,6.37,32,3.84,4.5,*,*,*,*,*,*,*,*,*,*
2023,Census Tract,3057000,37,"1,456","2,330",34,- 0,3,3.84,15.21,16.43,28,5.84,7.25,*,*,*,*,*,*,*,- 0,0,0
2023,Census Tract,3057100,50,850,"1,143",37,- 0,4,8.85,4,5.19,23,2.17,2.89,11,*,*,*,*,*,*,- 0,0,0
2023,Census Tract,3057400,25,"1,034","1,596",25,*,3.17,3.36,4.99,5.93,12,1.29,2.13,*,- 0,0,0,- 0,0,0,- 0,0,0
2023,Census Tract,3057500,54,"1,197","1,914",47,*,5,6.6,10,9.48,40,4.96,5.21,*,*,*,*,*,*,*,- 0,0,0
2023,Census Tract,3057600,19,900,"1,303",19,*,4.5,7.61,4.58,5.58,12,5.09,5.91,*,- 0,0,0,- 0,0,0,- 0,0,0
2023,Census Tract,3057800,50,800,"1,225",45,*,5,6.95,3,6.07,27,4.01,3.89,*,*,*,*,*,*,*,- 0,0,0
2023,Census Tract,3057901,23,"3,250","4,883",21,- 0,3,9.67,1,3.67,*,*,*,*,*,*,*,*,*,*,- 0,0,0
2023,Census Tract,3058000,30,"1,350","2,706",28,*,4,4.2,3,8.78,16,2.48,6.45,*,*,*,*,*,*,*,- 0,0,0
2023,Census Tract,3058200,29,950,"1,786",28,*,3,3.76,2.5,4.21,15,2.88,3.4,*,*,*,*,*,*,*,- 0,0,0
2023,Census Tract,3058400,12,"1,213","1,273",*,*,*,*,*,*,*,*,*,*,*,*,*,*,*,*,- 0,0,0
2023,Census Tract,3058800,23,"1,459","2,124",20,*,4,3.75,1,3.18,*,*,*,*,*,*,*,*,*,*,- 0,0,0
2023,Census Tract,3058901,29,"4,200","4,924",24,*,2,5.24,1,2.9,*,*,*,*,*,*,*,*,*,*,- 0,0,0
2023,Census Tract,3059000,18,"1,584","2,031",16,*,4,3.75,1,0.96,- 0,0,0,- 0,*,*,*,*,*,*,- 0,0,0
2023,Census Tract,3059100,17,"1,100","1,821",16,*,4,7.63,5.5,6.71,12,2.67,2.59,*,*,*,*,*,*,*,- 0,0,0
2023,Census Tract,3059200,16,"1,200","2,700",15,- 0,4,5.13,5.08,8.5,12,2.25,2.4,*,*,*,*,*,*,*,- 0,0,0
2023,Census Tract,3059300,12,"7,511","8,108",12,- 0,2,2.83,1,4.33,*,*,*,*,- 0,0,0,- 0,0,0,- 0,0,0
2023,Census Tract,3059402,49,"1,785","2,575",47,*,3,3.08,10,11.86,40,3.79,4.76,11,*,*,*,*,*,*,- 0,0,0
2023,Census Tract,3059403,13,750,"1,271",12,*,4,6.33,1,3.33,*,*,*,- 0,*,*,*,*,*,*,- 0,0,0
2023,Census Tract,3059404,26,495,671,19,*,4,3.68,3,4.45,12,1.96,2.38,*,*,*,*,*,*,*,- 0,0,0
2023,Census Tract,3059600,26,"2,254","4,266",19,*,4,4.11,15.01,18.96,18,5.5,7.07,*,*,*,*,*,*,*,- 0,0,0
2023,Census Tract,3060000,43,"1,500","3,416",40,*,4,4.5,1,5.69,15,5.5,5.26,*,*,*,*,*,*,*,- 0,0,0
2023,Census Tract,3060600,78,"1,486","2,328",63,*,4.25,5.71,5,7.33,38,3.16,3.9,13,*,*,*,*,*,*,- 0,0,0
2023,Census Tract,3060800,33,"2,500","4,056",29,*,5,7.7,1,9.31,13,4.33,6.12,*,*,*,*,*,*,*,- 0,0,0
2023,Census Tract,3061003,12,"1,239","1,365",*,- 0,*,*,*,*,*,*,*,*,*,*,*,*,*,*,- 0,0,0
2023,Census Tract,3061004,45,745,"1,393",42,*,6,6.17,3.33,5.98,16,2.04,2.99,*,*,*,*,*,*,*,- 0,0,0
2023,Census Tract,3062800,20,"1,385","1,850",15,*,2.5,2.38,1,3.2,*,*,*,*,*,*,*,*,*,*,- 0,0,0
2023,Census Tract,3064200,15,850,899,12,*,4.5,4.89,1,1.67,*,*,*,*,*,*,*,*,*,*,- 0,0,0
2023,Census Tract,3064400,12,"1,550","9,970",11,- 0,2,2.36,5,4.7,*,*,*,*,*,*,*,*,*,*,- 0,0,0
2023,Census Tract,3064600,17,"1,440","1,458",12,- 0,2.87,4.56,1,1.58,*,*,*,*,*,*,*,*,*,*,- 0,0,0
2023,Census Tract,3065000,27,"2,000","2,163",23,- 0,5,9.83,1,3.18,14,1.04,2.04,*,*,*,*,*,*,*,- 0,0,0
2023,Census Tract,3065200,16,"1,295","1,548",12,- 0,3.39,3.27,5.02,5.59,*,*,*,*,*,*,*,*,*,*,- 0,0,0
2023,Census Tract,3066200,35,"2,655","5,151",28,- 0,3,3.44,1,4.46,*,*,*,- 0,*,*,*,*,*,*,- 0,0,0
2023,Census Tract,3067000,12,"2,038","2,536",12,- 0,4.5,4.67,1,4.49,*,*,*,*,- 0,0,0,- 0,0,0,- 0,0,0
2023,Census Tract,3067200,16,"1,884","3,144",13,- 0,3,3.23,1,6.12,*,*,*,*,*,*,*,*,*,*,- 0,0,0
2023,Census Tract,3067400,12,"1,232","2,863",10,*,2,2.22,1.5,3.44,*,*,*,*,*,*,*,*,*,*,- 0,0,0
2023,Census Tract,3067600,11,"1,500","2,878",*,*,*,*,*,*,*,*,*,*,*,*,*,- 0,0,0,- 0,0,0
2023,Census Tract,3068000,21,"2,256","3,289",20,- 0,2,2.25,7.57,9.18,18,2.84,3.53,*,*,*,*,*,*,*,- 0,0,0
2023,Census Tract,3068200,12,"2,155","2,907",10,- 0,2,3.6,5,5,*,*,*,*,*,*,*,*,*,*,- 0,0,0
2023,Census Tract,3068800,12,800,"1,063",11,- 0,3,5.39,1,7.04,*,*,*,- 0,*,*,*,*,*,*,- 0,0,0
2023,Census Tract,3069000,11,"1,500","1,800",10,- 0,2,2,1,9.8,- 0,0,0,- 0,*,*,*,*,*,*,- 0,0,0
2023,Census Tract,3069601,41,"2,886","4,672",36,*,5,4.95,10.59,15.95,36,4.17,5.14,*,*,*,*,*,*,*,*,*,*
2023,Census Tract,3069800,115,"2,147","11,123",110,- 0,5,5.77,9.84,8.63,107,2.87,3.52,32,*,*,*,*,*,*,- 0,0,0
2023,Census Tract,3072200,27,"1,674","3,465",24,*,2,2.46,4.5,7.44,10,3.62,6.37,*,*,*,*,*,*,*,- 0,0,0
2023,Census Tract,3072800,16,"1,600","3,914",14,- 0,2.5,2.5,4.5,7.04,*,*,*,- 0,*,*,*,*,*,*,- 0,0,0
2023,Census Tract,3073000,10,"2,000","3,010",*,- 0,*,*,*,*,*,*,*,*,*,*,*,*,*,*,- 0,0,0
2023,Census Tract,3073600,12,"2,242","3,027",*,- 0,*,*,*,*,*,*,*,*,*,*,*,*,*,*,- 0,0,0
2023,Census Tract,3073800,13,"1,690","3,194",12,- 0,3,7.64,10.01,13.23,*,*,*,*,*,*,*,*,*,*,- 0,0,0
2023,Census Tract,3074000,22,"1,000","1,606",18,- 0,3,5.41,4,5.78,12,3.46,3.58,*,*,*,*,*,*,*,- 0,0,0
2023,Census Tract,3074600,13,"1,800","3,178",*,- 0,*,*,*,*,*,*,*,- 0,*,*,*,- 0,0,0,- 0,0,0
2023,Census Tract,3075000,15,"1,424","2,834",13,- 0,3,2.62,1,6.35,*,*,*,*,*,*,*,*,*,*,- 0,0,0
2023,Census Tract,3076800,34,"1,317","2,762",29,- 0,3,3.43,7.17,8.15,18,2.92,3.84,*,*,*,*,*,*,*,- 0,0,0
2023,Census Tract,3077000,12,825,735,12,- 0,5,5.13,2.92,3.59,*,*,*,*,- 0,0,0,- 0,0,0,- 0,0,0
2023,Census Tract,3077400,40,"2,473","10,542",36,- 0,5,6.15,10.37,10.04,27,3.75,4.97,*,*,*,*,*,*,*,- 0,0,0
2023,Census Tract,3078400,10,700,"1,440",*,- 0,*,*,*,*,*,*,*,*,- 0,0,0,*,*,*,- 0,0,0
2023,Census Tract,3078601,31,"1,000","1,795",26,*,5.71,9.84,2.5,3.97,18,2,2.93,11,*,*,*,*,*,*,- 0,0,0
2023,Census Tract,3078801,10,"2,850","3,671",*,- 0,*,*,*,*,*,*,*,*,*,*,*,- 0,0,0,- 0,0,0
2023,Census Tract,3079001,17,"1,778","1,446",15,*,2,2.5,3.25,5.18,*,*,*,*,*,*,*,*,*,*,- 0,0,0
2023,Census Tract,3079201,14,"2,232","2,559",12,*,4,4.75,5.01,4.75,*,*,*,*,*,*,*,*,*,*,- 0,0,0
2023,Census Tract,3079400,34,"2,700","8,162",28,*,5.5,15.86,5.5,7.37,20,4.17,5.51,*,*,*,*,*,*,*,- 0,0,0
2023,Census Tract,3079601,18,800,888,16,*,4,7.29,9.63,7.63,15,1.09,3.13,*,*,*,*,*,*,*,- 0,0,0
2023,Census Tract,3079602,31,"1,565","3,510",26,*,5,4.93,8.91,8.62,22,3.92,4.67,*,*,*,*,*,*,*,- 0,0,0
2023,Census Tract,3079801,41,750,715,36,*,6,13.67,10,11.15,31,3.25,3.78,10,*,*,*,*,*,*,- 0,0,0
2023,Census Tract,3079802,60,820,"1,197",58,*,4,7.4,9.95,8.86,50,3.63,4,13,*,*,*,*,*,*,- 0,0,0
2023,Census Tract,3080000,17,448,538,17,- 0,5,9.39,5.42,6.79,13,3.58,4.23,*,- 0,0,0,- 0,0,0,- 0,0,0
2023,Census Tract,3080200,23,"1,218","1,355",17,*,3.5,5.07,3.04,4.48,*,*,*,*,*,*,*,*,*,*,- 0,0,0
2023,Census Tract,3080400,31,600,"1,941",21,- 0,3,3,5.5,5.98,20,2.42,3.09,*,*,*,*,*,*,*,- 0,0,0
2023,Census Tract,3080600,17,610,"2,023",15,- 0,20,15.6,7,7.95,14,1.17,1.66,12,*,*,*,*,*,*,- 0,0,0
2023,Census Tract,3081400,11,"2,500","2,250",10,*,3.5,3.9,9.71,7.88,*,*,*,*,*,*,*,*,*,*,- 0,0,0
2023,Census Tract,3081800,34,788,"1,237",27,- 0,3,4.44,5,5.82,21,1.67,3,*,*,*,*,*,*,*,- 0,0,0
2023,Census Tract,3082000,53,749,"1,687",52,*,3.5,7.53,5.92,6.3,40,2.17,3.02,16,*,*,*,*,*,*,- 0,0,0
2023,Census Tract,3082400,49,"1,000","1,658",46,*,3,3.87,3.99,7.38,23,3.92,4.21,*,*,*,*,*,*,*,- 0,0,0
2023,Census Tract,3082600,23,650,"1,045",22,*,3,4.23,5,6.34,15,3.33,3.4,*,*,*,*,*,*,*,- 0,0,0
2023,Census Tract,3082800,31,"1,400","1,778",24,*,3.92,4.04,6.83,8.48,16,4.75,7.12,*,*,*,*,*,*,*,- 0,0,0
2023,Census Tract,3083000,13,"1,212","2,641",13,- 0,5.75,6.01,1,0.88,- 0,0,0,- 0,- 0,0,0,- 0,0,0,- 0,0,0
2023,Census Tract,3083800,18,"1,028","1,127",11,*,3,4.09,1,1.09,*,*,*,*,*,*,*,*,*,*,- 0,0,0
2023,Census Tract,3084000,22,"1,700","2,151",13,- 0,3,5.73,1,1.61,*,*,*,*,*,*,*,*,*,*,- 0,0,0
2023,Census Tract,3084600,29,"1,000","1,872",24,*,4,4.62,1,3.52,*,*,*,*,*,*,*,*,*,*,- 0,0,0
2023,Census Tract,3085600,23,715,"1,947",21,*,5,6.29,5,7.2,16,3.17,3.03,*,*,*,*,*,*,*,- 0,0,0
2023,Census Tract,3085800,14,"1,150","1,993",12,*,3,2.92,1,4.08,*,*,*,- 0,*,*,*,*,*,*,- 0,0,0
2023,Census Tract,3086000,37,868,"1,011",33,*,3,4.7,6,7.04,28,3.13,4.19,*,*,*,*,*,*,*,- 0,0,0
2023,Census Tract,3086200,15,"1,750","2,787",12,- 0,3,4.25,10,8.2,11,3.5,3.85,*,*,*,*,*,*,*,- 0,0,0
2023,Census Tract,3086600,10,910,"1,178",*,- 0,*,*,*,*,*,*,*,*,*,*,*,- 0,0,0,- 0,0,0
2023,Census Tract,3086800,54,"1,000","1,896",42,*,4,4.33,7.06,11.45,32,3.55,5.28,11,*,*,*,*,*,*,- 0,0,0
2023,Census Tract,3087000,13,900,"1,160",11,*,3,2.65,4,4.65,*,*,*,*,*,*,*,*,*,*,- 0,0,0
2023,Census Tract,3087600,10,880,"2,361",*,- 0,*,*,*,*,*,*,*,*,- 0,0,0,*,*,*,- 0,0,0
2023,Census Tract,3087800,22,"1,035","2,063",18,*,3,3.39,1.5,4.78,*,*,*,*,*,*,*,*,*,*,- 0,0,0
2023,Census Tract,3088200,12,"1,100","2,615",10,*,2,3.3,3,3.16,*,*,*,*,*,*,*,*,*,*,- 0,0,0
2023,Census Tract,3088600,10,550,"1,254",*,- 0,*,*,*,*,*,*,*,*,*,*,*,*,*,*,- 0,0,0
2023,Census Tract,3089000,34,"1,315","1,655",26,*,4,3.81,7,7.37,20,2.42,4.61,*,*,*,*,*,*,*,- 0,0,0
2023,Census Tract,3089200,76,"1,700","2,983",72,*,3,3.32,9.99,10.44,68,3.62,4.86,20,*,*,*,*,*,*,- 0,0,0
2023,Census Tract,3090000,33,"1,000","4,133",31,*,3,3.66,3,5.02,21,1.67,3.65,12,*,*,*,*,*,*,- 0,0,0
2023,Census Tract,3090200,39,"2,000","3,991",31,- 0,3.67,4.27,8,8.28,24,4.5,4.64,*,*,*,*,*,*,*,- 0,0,0
2023,Census Tract,3090600,66,"1,700","2,636",56,*,2.65,4.17,3,8.34,29,3.58,8.65,11,*,*,*,*,*,*,- 0,0,0
2023,Census Tract,3090800,29,"1,404","2,399",23,- 0,2,2.87,10.01,12.58,20,4.02,4.2,*,*,*,*,*,*,*,- 0,0,0
2023,Census Tract,3092400,68,"1,600","2,945",58,*,4,5.31,9.97,9.95,45,4.67,4.69,*,*,*,*,*,*,*,- 0,0,0
2023,Census Tract,3093200,30,"4,100","6,923",16,*,2.5,4.78,9.91,7.82,11,7.09,6.53,*,*,*,*,*,*,*,- 0,0,0
2023,Census Tract,3094401,13,"3,000","4,254",11,- 0,3,2.73,9,9.39,11,5.67,5.81,- 0,*,*,*,*,*,*,- 0,0,0
2023,Census Tract,3095000,25,"1,300","1,436",20,- 0,3,3.88,1,5.07,*,*,*,*,*,*,*,*,*,*,- 0,0,0
2023,Census Tract,3095400,34,"1,430","2,406",33,*,2,2.32,9.01,11.54,23,1.67,2.17,13,*,*,*,*,*,*,- 0,0,0
2023,Census Tract,3095600,21,"1,213","2,295",20,- 0,3,4,10.01,10.83,13,8.84,6.45,*,*,*,*,*,*,*,- 0,0,0
2023,Census Tract,3096000,37,"2,500","9,059",29,- 0,3,2.86,10.02,8.93,22,3.37,4.54,*,*,*,*,*,*,*,- 0,0,0
2023,Census Tract,3096200,15,"2,300","2,783",14,- 0,2,2.64,5.63,6.94,10,4.36,6.1,*,*,*,*,*,*,*,- 0,0,0
2023,Census Tract,3096800,18,"2,075","3,275",14,*,3.85,4.27,6.16,11.42,10,4.46,8.38,*,*,*,*,*,*,*,- 0,0,0
2023,Census Tract,3097400,22,"1,008","1,383",19,- 0,4,5.16,10.01,12.16,16,4.07,4.41,*,*,*,*,*,*,*,- 0,0,0
2023,Census Tract,3101000,12,"1,511","1,748",*,- 0,*,*,*,*,*,*,*,*,*,*,*,- 0,0,0,- 0,0,0
2023,Census Tract,3107001,69,"6,006","19,139",63,*,4,5.08,12.31,13.54,62,3.88,5.02,16,*,*,*,*,*,*,*,*,*
2023,Census Tract,3109800,22,"3,250","6,049",19,*,1,1.41,4,4.71,14,1.75,2.25,10,*,*,*,*,*,*,- 0,0,0
2023,Census Tract,3110400,62,"1,295","4,785",56,*,4,4.32,1,5.77,19,4,6.5,*,*,*,*,*,*,*,*,*,*
2023,Census Tract,3111600,12,"1,900","3,718",*,- 0,*,*,*,*,*,*,*,*,*,*,*,*,*,*,- 0,0,0
2023,Census Tract,3113000,11,"1,367","3,165",*,*,*,*,*,*,*,*,*,*,- 0,0,0,*,*,*,- 0,0,0
2023,Census Tract,3114400,21,"3,000","3,820",17,*,2,2.32,5,5.86,14,2,3.23,*,*,*,*,*,*,*,- 0,0,0
2023,Census Tract,3114600,12,913,"2,046",*,- 0,*,*,*,*,*,*,*,*,*,*,*,*,*,*,- 0,0,0
2023,Census Tract,3116800,14,"1,149","1,966",*,- 0,*,*,*,*,*,*,*,*,*,*,*,*,*,*,- 0,0,0
2023,Census Tract,3117601,12,950,"1,842",11,- 0,3,7.62,4,6.03,*,*,*,*,*,*,*,*,*,*,- 0,0,0
2023,Census Tract,3118400,18,"1,000","2,158",16,*,2,4.25,5.05,5.44,11,1.67,3.57,*,*,*,*,*,*,*,- 0,0,0
2023,Census Tract,3118800,38,"1,845","2,991",34,*,3,2.91,5.12,7.76,18,4.01,5.85,*,*,*,*,*,*,*,- 0,0,0
2023,Census Tract,3119000,24,"1,750","2,690",20,- 0,3,3.22,5.5,7.76,14,3.37,4.54,*,*,*,*,*,*,*,- 0,0,0
2023,Census Tract,3119600,15,900,"1,992",14,*,3,3.64,3.67,4.17,*,*,*,*,*,*,*,*,*,*,- 0,0,0
2023,Census Tract,3119800,18,"1,995","4,614",*,- 0,*,*,*,*,*,*,*,*,*,*,*,*,*,*,- 0,0,0
2023,Census Tract,3123700,35,"2,250","4,034",32,*,4,6.5,6.89,6.81,16,5.02,5.83,*,*,*,*,*,*,*,*,*,*
2023,Census Tract,3152200,24,838,"1,663",20,*,5,6.4,8.55,7.83,15,2.92,3.89,*,*,*,*,*,*,*,- 0,0,0
2023,Census Tract,4000101,15,"2,400","4,054",12,- 0,4.5,5,3.96,5.91,*,*,*,*,*,*,*,*,*,*,*,*,*
2023,Census Tract,4000102,18,"2,442","15,926",18,- 0,5,7.6,16.71,16.55,18,7.64,7.02,*,- 0,0,0,- 0,0,0,- 0,0,0
2023,Census Tract,4000104,36,630,"3,510",33,- 0,2,2.39,6.59,7.54,31,1.09,2.52,23,*,*,*,*,*,*,- 0,0,0
2023,Census Tract,4000400,13,"1,200","1,841",11,- 0,3,2.86,1,2.76,*,*,*,*,*,*,*,*,*,*,- 0,0,0
2023,Census Tract,4000701,66,"1,400","1,995",52,*,5,8.53,6.88,8.98,39,4.67,5.02,11,*,*,*,*,*,*,*,*,*
2023,Census Tract,4000702,45,"2,000","2,263",41,*,4.39,9.37,2.33,5.37,24,3.42,4.15,*,*,*,*,*,*,*,- 0,0,0
2023,Census Tract,4001000,16,"1,544","2,401",10,- 0,2.71,2.64,4,8.91,*,*,*,*,*,*,*,*,*,*,- 0,0,0
2023,Census Tract,4001200,18,"1,300","2,842",14,*,2,2.73,10.03,12.84,10,8.88,7.55,*,*,*,*,*,*,*,- 0,0,0
2023,Census Tract,4001400,11,"1,402","1,574",*,- 0,*,*,*,*,*,*,*,*,*,*,*,- 0,0,0,- 0,0,0
2023,Census Tract,4001600,10,825,"1,616",10,*,3,3.99,7.5,8.86,*,*,*,*,- 0,0,0,- 0,0,0,- 0,0,0
2023,Census Tract,4001800,21,"1,200","1,604",20,- 0,2,2.05,6.71,6.58,14,2.99,3.28,*,*,*,*,*,*,*,- 0,0,0
2023,Census Tract,4001901,30,"3,300","12,182",20,- 0,5.33,8.74,10.56,10.99,18,9.09,7.86,*,- 0,0,0,10,1,1,- 0,0,0
2023,Census Tract,4001902,76,"2,037","2,856",64,*,5,6.19,10.07,9.81,55,5.92,6.39,*,*,*,*,*,*,*,- 0,0,0
2023,Census Tract,4001903,49,"1,988","8,515",41,*,5,6.23,10.01,9.73,34,6.09,6.42,*,*,*,*,*,*,*,- 0,0,0
2023,Census Tract,4002200,10,"1,035","1,534",10,*,1.75,2.43,1,1.89,*,*,*,- 0,- 0,0,0,- 0,0,0,- 0,0,0
2023,Census Tract,4003100,30,"1,450","2,769",23,*,4,3.86,5,4.84,*,*,*,*,*,*,*,*,*,*,- 0,0,0
2023,Census Tract,4003301,31,"1,860","3,667",27,*,5,11.07,10.01,10.37,27,5.23,6.28,*,*,*,*,*,*,*,- 0,0,0
2023,Census Tract,4003302,59,"1,920","4,569",49,*,3,9.52,10,9.15,33,3.25,4.97,10,*,*,*,*,*,*,- 0,0,0
2023,Census Tract,4003400,16,"1,902","3,663",13,- 0,3,3.43,17.93,17.74,*,*,*,*,*,*,*,*,*,*,- 0,0,0
2023,Census Tract,4003800,15,"1,900","2,234",*,- 0,*,*,*,*,*,*,*,- 0,*,*,*,- 0,0,0,- 0,0,0
2023,Census Tract,4003900,15,"2,425","3,267",13,*,2,4.08,5,4.45,*,*,*,*,*,*,*,*,*,*,- 0,0,0
2023,Census Tract,4004001,18,"1,100","1,413",14,- 0,3.25,3.61,1,2.64,*,*,*,*,*,*,*,*,*,*,- 0,0,0
2023,Census Tract,4004002,16,"1,900","2,204",11,*,3.29,3.65,2,4.38,*,*,*,- 0,*,*,*,*,*,*,- 0,0,0
2023,Census Tract,4004700,13,800,"1,596",11,*,3.95,4.17,5,6.18,11,1.67,3.84,*,*,*,*,*,*,*,- 0,0,0
2023,Census Tract,4005100,29,"1,376","2,881",24,- 0,8,19.33,5,6.77,19,2,4.25,12,*,*,*,*,*,*,- 0,0,0
2023,Census Tract,4005300,32,901,"1,537",30,*,5.63,5.3,2,5.06,18,2.29,2.87,*,*,*,*,*,*,*,- 0,0,0
2023,Census Tract,4005400,15,"1,082","1,587",11,- 0,3,3.82,2,3.67,*,*,*,*,*,*,*,*,*,*,- 0,0,0
2023,Census Tract,4005500,27,"3,000","8,859",22,*,2.5,6.99,5.63,7.64,14,6.92,6.5,*,*,*,*,*,*,*,- 0,0,0
2023,Census Tract,4005700,50,"1,225","7,434",46,*,4,5.62,5,6.61,27,3.84,4.11,*,*,*,*,*,*,*,- 0,0,0
2023,Census Tract,4005800,15,"2,000","2,806",12,*,3,5.42,1,2.89,*,*,*,*,*,*,*,*,*,*,- 0,0,0
2023,Census Tract,4005900,42,730,"2,282",36,*,8,8.19,5,7.87,25,3,3.33,*,*,*,*,*,*,*,- 0,0,0
2023,Census Tract,4006100,52,"1,500","2,745",42,*,3.86,3.75,9.92,8.01,31,5.01,4.76,*,*,*,*,*,*,*,- 0,0,0
2023,Census Tract,4006202,26,"6,947","9,016",21,- 0,3,3.48,13.01,13.66,21,6.92,8.76,*,*,*,*,*,*,*,- 0,0,0
2023,Census Tract,4006300,50,"1,780","2,392",38,*,5,6.82,5.04,7.65,31,3,3.92,*,*,*,*,*,*,*,- 0,0,0
2023,Census Tract,4006501,19,750,853,14,- 0,7.41,8.14,2.5,4.65,*,*,*,- 0,*,*,*,*,*,*,- 0,0,0
2023,Census Tract,4006502,34,"1,452","2,987",27,- 0,4.17,4.95,6,8.06,17,4,4.39,*,*,*,*,*,*,*,- 0,0,0
2023,Census Tract,4006900,73,650,"1,142",63,11,4.5,4.59,5,5.86,40,2.25,2.95,19,*,*,*,*,*,*,- 0,0,0
2023,Census Tract,4007100,52,"1,500","2,120",45,*,3.25,4.6,5,5.95,30,3.09,3.42,10,*,*,*,*,*,*,- 0,0,0
2023,Census Tract,4007300,13,"1,500","1,847",12,- 0,4,4.54,5,5.42,*,*,*,*,*,*,*,*,*,*,- 0,0,0
2023,Census Tract,4007500,15,"1,100","3,279",13,*,5,5.03,8,9,12,0.92,1.88,*,*,*,*,*,*,*,- 0,0,0
2023,Census Tract,4007700,28,"1,675","2,863",26,*,4,4.14,15.09,19.11,24,4.46,4.73,*,*,*,*,*,*,*,- 0,0,0
2023,Census Tract,4007900,14,725,783,12,- 0,4,4.14,4,6.99,*,*,*,*,*,*,*,*,*,*,- 0,0,0
2023,Census Tract,4008300,18,"1,887","3,499",14,- 0,3,2.71,1.5,3.38,*,*,*,*,*,*,*,*,*,*,- 0,0,0
2023,Census Tract,4008500,26,"1,775","2,716",22,- 0,3,9.98,4.66,5.08,18,2.21,2.2,*,*,*,*,*,*,*,- 0,0,0
2023,Census Tract,4008600,12,"1,913","3,802",*,- 0,*,*,*,*,*,*,*,- 0,*,*,*,*,*,*,- 0,0,0
2023,Census Tract,4008800,22,"1,227","1,822",21,14,4,3.81,1,3.67,*,*,*,*,*,*,*,*,*,*,- 0,0,0
2023,Census Tract,4009400,18,"1,150","2,714",11,- 0,3,2.7,4.92,5.68,*,*,*,*,*,*,*,*,*,*,- 0,0,0
2023,Census Tract,4009600,11,800,"1,894",10,- 0,3,3.64,2.5,5.39,*,*,*,*,*,*,*,*,*,*,- 0,0,0
2023,Census Tract,4009700,12,"1,550","1,536",10,- 0,3,3.06,7.5,8.16,*,*,*,*,*,*,*,*,*,*,- 0,0,0
2023,Census Tract,4009800,27,"1,050","1,777",26,*,4,4.92,1,5.85,10,2.13,3.94,*,*,*,*,*,*,*,- 0,0,0
2023,Census Tract,4010000,11,"1,520","1,415",*,*,*,*,*,*,*,*,*,*,*,*,*,- 0,0,0,- 0,0,0
2023,Census Tract,4010100,22,"1,719","5,041",21,*,4,4.81,5,6.6,13,6.42,7.43,*,*,*,*,*,*,*,- 0,0,0
2023,Census Tract,4010500,15,"1,049","1,076",15,- 0,3,3.2,11.01,12.95,15,6.92,6.4,*,- 0,0,0,- 0,0,0,- 0,0,0
2023,Census Tract,4010600,22,"1,340","2,045",19,*,4,5.21,5.01,7.97,10,2.63,4,*,*,*,*,*,*,*,- 0,0,0
2023,Census Tract,4011300,40,"1,022","2,401",39,- 0,5,5.49,10,10.17,25,3.33,5.13,*,*,*,*,*,*,*,- 0,0,0
2023,Census Tract,4011400,19,"3,420","5,794",13,- 0,4.33,4.74,10.01,10.36,11,7.17,6.07,*,*,*,*,*,*,*,- 0,0,0
2023,Census Tract,4011500,114,"1,246","2,046",103,*,5.38,6.16,10,10.28,74,4.05,4.81,19,*,*,*,*,*,*,- 0,0,0
2023,Census Tract,4011600,12,"1,023","1,195",12,- 0,3.5,3.83,1,6.31,*,*,*,- 0,- 0,0,0,- 0,0,0,- 0,0,0
2023,Census Tract,4011700,34,"1,063","1,176",29,*,4,4.22,10.01,9.19,20,3.08,3.07,*,*,*,*,*,*,*,- 0,0,0
2023,Census Tract,4011800,10,800,"2,363",*,*,*,*,*,*,*,*,*,*,*,*,*,- 0,0,0,- 0,0,0
2023,Census Tract,4011900,28,"1,850","3,192",25,- 0,3,3.11,10.01,13.62,20,4.75,5.25,*,*,*,*,*,*,*,- 0,0,0
2023,Census Tract,4012100,11,"1,440","1,487",*,- 0,*,*,*,*,*,*,*,- 0,*,*,*,- 0,0,0,- 0,0,0
2023,Census Tract,4012301,31,"1,500","3,893",29,*,3,2.81,4.16,4.3,18,3.25,4.11,*,*,*,*,*,*,*,- 0,0,0
2023,Census Tract,4012500,10,"1,200","3,091",*,- 0,*,*,*,*,- 0,0,0,- 0,*,*,*,- 0,0,0,- 0,0,0
2023,Census Tract,4013000,11,"1,039","1,985",*,*,*,*,*,*,*,*,*,- 0,*,*,*,- 0,0,0,- 0,0,0
2023,Census Tract,4013200,17,750,"2,501",17,- 0,3,3.18,4,7.41,11,2,3.19,*,- 0,0,0,- 0,0,0,- 0,0,0
2023,Census Tract,4013600,23,950,"1,657",20,*,4,4.3,1,2.95,*,*,*,*,*,*,*,*,*,*,- 0,0,0
2023,Census Tract,4013700,17,"1,704","1,816",11,*,4,3.79,1,2,*,*,*,- 0,*,*,*,*,*,*,- 0,0,0
2023,Census Tract,4013800,12,"1,621","5,058",*,- 0,*,*,*,*,*,*,*,*,*,*,*,*,*,*,- 0,0,0
2023,Census Tract,4014100,28,"2,500","3,056",19,*,3.08,3.79,3.5,6.65,10,4.55,6.7,*,*,*,*,*,*,*,- 0,0,0
2023,Census Tract,4014201,11,"3,200","2,341",*,- 0,*,*,*,*,*,*,*,*,*,*,*,- 0,0,0,- 0,0,0
2023,Census Tract,4014202,28,"4,460","6,643",22,*,3,3.78,9.05,9.13,11,1.67,5.84,*,*,*,*,*,*,*,- 0,0,0
2023,Census Tract,4014300,42,"1,103","1,279",40,*,5,5.33,1,3.93,20,3.6,3.46,*,*,*,*,*,*,*,- 0,0,0
2023,Census Tract,4014400,33,"1,800","2,631",25,- 0,3,4.18,5.5,6.39,19,3,3.34,*,*,*,*,*,*,*,- 0,0,0
2023,Census Tract,4014700,40,"1,014","1,471",33,*,5,4.94,3,4.9,16,4.52,3.79,*,*,*,*,*,*,*,- 0,0,0
2023,Census Tract,4014900,57,"1,263","1,889",52,*,3,3.92,5,6.42,35,3,3.37,13,*,*,*,*,*,*,- 0,0,0
2023,Census Tract,4015100,14,456,503,14,*,4.85,5.3,5.5,5.64,11,3.75,4.02,*,- 0,0,0,- 0,0,0,- 0,0,0
2023,Census Tract,4015400,10,"1,225","2,477",10,*,3,2.83,1,6,*,*,*,*,- 0,0,0,- 0,0,0,- 0,0,0
2023,Census Tract,4015500,123,"1,700","2,172",110,10,5,5.2,6.5,9.35,81,4.25,4.32,19,*,*,*,*,*,*,*,*,*
2023,Census Tract,4015700,36,"1,805","3,706",33,*,5,5.5,10,10.8,31,3,3.56,*,*,*,*,*,*,*,- 0,0,0
2023,Census Tract,4015801,14,800,"1,862",*,*,*,*,*,*,*,*,*,*,*,*,*,*,*,*,- 0,0,0
2023,Census Tract,4015802,78,"1,356","1,581",58,- 0,4,4.33,5.54,8.63,40,2.37,3.89,19,*,*,*,*,*,*,- 0,0,0
2023,Census Tract,4015900,18,750,"2,261",15,*,5.4,5.11,5,7.08,10,1.1,2.09,*,*,*,*,*,*,*,- 0,0,0
2023,Census Tract,4016100,21,"1,850","3,280",17,*,3,3.68,5,5.91,13,1,3.07,*,*,*,*,*,*,*,- 0,0,0
2023,Census Tract,4016300,25,"1,100","3,298",22,*,3,3.39,1,3.81,*,*,*,*,*,*,*,*,*,*,- 0,0,0
2023,Census Tract,4016600,21,"1,800","2,493",18,- 0,3,4.23,1,5.49,*,*,*,*,*,*,*,*,*,*,- 0,0,0
2023,Census Tract,4016900,11,"1,000","1,039",10,- 0,5.5,4.5,10,10.6,10,2.33,2.73,*,*,*,*,*,*,*,- 0,0,0
2023,Census Tract,4017102,43,"5,624","17,479",25,- 0,3,14.6,15.18,15.69,25,5.01,6.08,*,*,*,*,*,*,*,- 0,0,0
2023,Census Tract,4017902,26,"3,100","4,832",22,- 0,4,6,10,11.02,21,4.42,5.76,*,*,*,*,*,*,*,- 0,0,0
2023,Census Tract,4018101,14,"1,000","1,250",*,- 0,*,*,*,*,*,*,*,*,*,*,*,*,*,*,- 0,0,0
2023,Census Tract,4018102,21,667,"1,748",19,- 0,6,6.19,10.01,14.28,12,4.42,10.24,*,*,*,*,*,*,*,- 0,0,0
2023,Census Tract,4018300,90,768,"1,641",83,*,6.67,7.43,7.48,11.28,51,4,4.76,12,*,*,*,*,*,*,- 0,0,0
2023,Census Tract,4018501,16,690,"1,060",12,- 0,3.78,5.15,1,3.92,*,*,*,*,*,*,*,*,*,*,- 0,0,0
2023,Census Tract,4018502,37,"1,000","1,164",37,- 0,3.56,4.7,1,5.64,16,4.16,4.73,*,- 0,0,0,- 0,0,0,- 0,0,0
2023,Census Tract,4019000,25,"1,125","1,394",25,13,3,3.28,1,2.09,*,*,*,- 0,- 0,0,0,- 0,0,0,- 0,0,0
2023,Census Tract,4019901,26,"3,502","7,103",23,*,2,8.83,3,5.47,14,1.87,2.64,*,*,*,*,*,*,*,- 0,0,0
2023,Census Tract,4019902,23,"3,250","7,715",20,- 0,3,6.9,5,6.03,14,3.59,3.69,*,*,*,*,*,*,*,- 0,0,0
2023,Census Tract,4020400,11,"1,000","1,420",*,*,*,*,*,*,*,*,*,*,*,*,*,*,*,*,- 0,0,0
2023,Census Tract,4020800,20,"1,295","3,375",13,- 0,2.33,3.18,8,7.21,10,1,1.66,*,*,*,*,*,*,*,- 0,0,0
2023,Census Tract,4021200,35,"1,593","2,157",33,*,3,8.33,7.24,8.9,24,5.13,4.44,10,*,*,*,*,*,*,- 0,0,0
2023,Census Tract,4021400,67,"1,025","1,770",63,*,3.93,4.42,10,8.7,44,4.8,5.54,*,*,*,*,*,*,*,- 0,0,0
2023,Census Tract,4021601,39,"1,075","1,408",30,*,5.5,5.15,14.25,20.85,25,5.84,13.94,*,*,*,*,*,*,*,- 0,0,0
2023,Census Tract,4021900,28,"12,514","18,846",22,*,2,5.77,7.71,6.63,14,5.61,5.23,*,*,*,*,*,*,*,- 0,0,0
2023,Census Tract,4023502,34,933,"1,928",28,*,4,4.98,4.98,10.12,14,4.38,6.27,*,*,*,*,*,*,*,- 0,0,0
2023,Census Tract,4023600,18,800,945,17,- 0,6,10.88,10.01,10.09,13,5.25,6.09,*,*,*,*,*,*,*,- 0,0,0
2023,Census Tract,4023800,21,"1,100","2,390",16,- 0,3,3.01,7.92,8.68,10,3.67,5.01,*,*,*,*,*,*,*,- 0,0,0
2023,Census Tract,4024000,54,"1,346","3,725",50,*,5,6.9,10.1,11.94,40,3.67,4.83,13,*,*,*,*,*,*,- 0,0,0
2023,Census Tract,4024300,12,"1,486","4,268",11,- 0,3,5.64,6,6.09,*,*,*,*,*,*,*,*,*,*,- 0,0,0
2023,Census Tract,4024500,29,"1,917","3,634",25,*,3,2.8,5,8.52,12,5.01,4.6,- 0,*,*,*,*,*,*,- 0,0,0
2023,Census Tract,4024900,18,"2,850","3,569",12,*,2.5,2.5,4.92,5.99,*,*,*,*,*,*,*,*,*,*,- 0,0,0
2023,Census Tract,4025100,22,892,"1,339",21,*,4,4.57,3,4.78,13,1,2.28,*,*,*,*,*,*,*,- 0,0,0
2023,Census Tract,4025301,47,"1,470","1,640",46,*,6,12.53,6.58,8.53,31,4.17,4.01,*,*,*,*,*,*,*,- 0,0,0
2023,Census Tract,4025302,34,"1,902","3,027",32,*,4,9.03,1,4,*,*,*,*,*,*,*,*,*,*,- 0,0,0
2023,Census Tract,4025500,18,"2,500","5,491",15,- 0,2,2.87,10,13.14,10,5.17,5.39,*,*,*,*,*,*,*,- 0,0,0
2023,Census Tract,4025700,12,"2,500","4,383",*,- 0,*,*,*,*,*,*,*,- 0,*,*,*,*,*,*,- 0,0,0
2023,Census Tract,4025900,47,"1,000","2,379",47,*,4,5.74,7.67,8.37,37,4.16,4.89,*,- 0,0,0,- 0,0,0,- 0,0,0
2023,Census Tract,4026100,70,950,"1,763",62,*,4,8.57,5,7.27,37,3.42,3.92,*,*,*,*,*,*,*,- 0,0,0
2023,Census Tract,4026300,32,"1,013","1,226",31,- 0,4,6.55,1,4.1,*,*,*,*,*,*,*,*,*,*,- 0,0,0
2023,Census Tract,4026501,50,800,"1,755",48,*,6,9.02,5,5.83,31,2.5,4.35,14,*,*,*,*,*,*,- 0,0,0
2023,Census Tract,4026700,42,"1,350","2,648",39,*,6.5,6.96,5,5.57,33,3.5,3.38,*,*,*,*,*,*,*,- 0,0,0
2023,Census Tract,4026901,86,"1,185","2,091",78,*,8,12.01,5,8.39,51,3.42,5.2,19,*,*,*,*,*,*,- 0,0,0
2023,Census Tract,4026902,22,850,"1,573",15,*,5,10.2,9.92,17.56,11,5.33,14.98,*,*,*,*,*,*,*,- 0,0,0
2023,Census Tract,4027102,45,800,906,43,*,4,4.91,5,5.55,27,2,3.13,12,*,*,*,*,*,*,- 0,0,0
2023,Census Tract,4027301,72,875,"1,856",68,*,5,7.04,7.58,10.83,44,4.92,5.43,10,*,*,*,*,*,*,- 0,0,0
2023,Census Tract,4027302,20,895,"1,409",20,- 0,6,5.8,9.76,11.31,11,5.09,5.38,*,- 0,0,0,- 0,0,0,- 0,0,0
2023,Census Tract,4027500,62,772,"1,081",53,- 0,5,6.11,4.75,4.15,37,2.75,2.77,13,*,*,*,*,*,*,*,*,*
2023,Census Tract,4027701,65,753,"1,024",60,- 0,6,6.16,4.79,5.09,45,1.5,2.46,23,*,*,*,*,*,*,- 0,0,0
2023,Census Tract,4027900,50,"1,616","2,700",49,- 0,6,6.04,10.01,11.63,43,3.58,4.84,12,*,*,*,*,*,*,- 0,0,0
2023,Census Tract,4028100,29,"2,192","7,400",25,*,6,6.37,2,5.16,13,6.01,5.45,*,*,*,*,*,*,*,- 0,0,0
2023,Census Tract,4028200,15,960,"1,110",14,- 0,2.79,2.61,10,11.82,13,3.33,3.58,*,*,*,*,*,*,*,- 0,0,0
2023,Census Tract,4028300,115,"1,400","2,961",108,*,8,8.24,9.98,9.06,88,3.92,4.7,22,*,*,*,*,*,*,*,*,*
2023,Census Tract,4028400,22,"1,250","1,882",21,15,3,3.48,1,2.75,*,*,*,*,*,*,*,*,*,*,- 0,0,0
2023,Census Tract,4028500,49,980,"1,327",46,- 0,7,6.48,4,5.16,32,1.46,2.59,19,*,*,*,*,*,*,- 0,0,0
2023,Census Tract,4028700,101,900,"1,701",97,*,7,14.34,5.08,7.44,60,3.37,4.36,22,*,*,*,*,*,*,- 0,0,0
2023,Census Tract,4028900,74,"1,510","2,373",69,*,6,12.3,7,12.09,59,3.25,3.94,22,*,*,*,*,*,*,- 0,0,0
2023,Census Tract,4029100,33,"1,000","3,738",32,*,6,6.11,1,4.44,*,*,*,- 0,*,*,*,*,*,*,- 0,0,0
2023,Census Tract,4029400,44,"1,250","1,557",37,*,4,7.3,5.08,11.23,31,3.25,7.39,*,*,*,*,*,*,*,- 0,0,0
2023,Census Tract,4029500,22,"1,000","2,730",22,*,4,4.73,3.5,8.8,11,4.84,4.93,*,- 0,0,0,- 0,0,0,- 0,0,0
2023,Census Tract,4029700,37,"4,500","6,474",27,*,2,3.03,4.75,7.48,16,4.09,6.21,*,*,*,*,*,*,*,- 0,0,0
2023,Census Tract,4030600,14,"3,185","5,020",13,*,3,3.12,5.17,12.36,*,*,*,*,*,*,*,*,*,*,- 0,0,0
2023,Census Tract,4030903,53,"1,982","3,908",48,*,3,5.9,15.01,18.84,46,5.09,6.45,13,*,*,*,*,*,*,- 0,0,0
2023,Census Tract,4030906,18,"1,288","2,403",14,- 0,31,28.74,10.29,14.17,11,1.92,3.06,*,*,*,*,*,*,*,- 0,0,0
2023,Census Tract,4032000,11,"2,000","5,843",*,*,*,*,*,*,*,*,*,*,*,*,*,- 0,0,0,- 0,0,0
2023,Census Tract,4032800,11,"1,061","1,389",11,*,4,4.91,1,1,- 0,0,0,- 0,- 0,0,0,- 0,0,0,- 0,0,0
2023,Census Tract,4032900,17,"1,645","8,926",16,- 0,4.54,5.2,13.55,13.45,14,2.42,3.68,*,*,*,*,*,*,*,- 0,0,0
2023,Census Tract,4033401,15,"1,100","2,179",14,*,3,3.07,1,2.52,*,*,*,- 0,*,*,*,*,*,*,- 0,0,0
2023,Census Tract,4033405,18,960,"1,222",17,- 0,1,1.06,7,6.11,10,1.58,1.65,10,*,*,*,*,*,*,- 0,0,0
2023,Census Tract,4033900,16,"1,110","1,633",15,- 0,4,12.12,1,6.55,*,*,*,- 0,*,*,*,*,*,*,- 0,0,0
2023,Census Tract,4034700,10,"2,000","3,912",*,*,*,*,*,*,*,*,*,- 0,*,*,*,*,*,*,- 0,0,0
2023,Census Tract,4035200,36,"1,824","8,082",31,- 0,4,3.71,10,10.28,19,3.58,4.92,*,*,*,*,*,*,*,- 0,0,0
2023,Census Tract,4035300,14,900,"1,776",12,- 0,3.75,4.49,7.58,9.64,*,*,*,*,*,*,*,*,*,*,- 0,0,0
2023,Census Tract,4035800,23,"2,000","3,480",20,*,3,8.3,5.5,8.09,13,2.5,6.03,*,*,*,*,*,*,*,- 0,0,0
2023,Census Tract,4036100,13,814,"1,449",11,- 0,3.1,3.76,1,3.27,*,*,*,*,*,*,*,*,*,*,- 0,0,0
2023,Census Tract,4036500,19,"1,200","1,848",19,*,2.57,5.41,2,3.96,10,1.17,2.74,*,- 0,0,0,- 0,0,0,- 0,0,0
2023,Census Tract,4036600,18,"2,767","4,450",14,*,2,3.38,1,5.2,*,*,*,- 0,*,*,*,*,*,*,- 0,0,0
2023,Census Tract,4036700,13,"1,200","1,438",10,- 0,3.08,3.74,1,6.4,*,*,*,*,*,*,*,*,*,*,- 0,0,0
2023,Census Tract,4037501,13,734,"1,069",12,- 0,7.5,9.02,9.84,10.99,*,*,*,*,*,*,*,*,*,*,- 0,0,0
2023,Census Tract,4037502,75,"1,200","1,787",72,19,7,7.38,1,6.68,33,4.25,4.51,*,*,*,*,*,*,*,- 0,0,0
2023,Census Tract,4037700,12,"1,330","1,436",10,- 0,3.67,4.27,9,8.22,*,*,*,*,*,*,*,*,*,*,- 0,0,0
2023,Census Tract,4037900,22,924,"1,304",19,- 0,4,3.66,6.08,6.6,15,2.84,3.77,*,*,*,*,*,*,*,*,*,*
2023,Census Tract,4038301,20,"1,750","3,526",17,*,2,2.44,1,1.82,*,*,*,*,*,*,*,*,*,*,- 0,0,0
2023,Census Tract,4039400,10,"2,610","4,595",*,*,*,*,*,*,*,*,*,*,*,*,*,- 0,0,0,- 0,0,0
2023,Census Tract,4039901,20,"1,134","1,580",19,*,4,5.57,1,4.26,*,*,*,*,*,*,*,*,*,*,- 0,0,0
2023,Census Tract,4040102,17,"1,092","1,587",15,*,6,5.63,1.67,2.79,*,*,*,*,*,*,*,*,*,*,- 0,0,0
2023,Census Tract,4040301,18,975,"1,117",17,*,5,5.48,5,4.39,13,3.16,2.82,*,*,*,*,*,*,*,- 0,0,0
2023,Census Tract,4040302,47,832,"1,665",42,10,4,4.48,1.5,2.98,22,2.25,2.88,*,*,*,*,*,*,*,- 0,0,0
2023,Census Tract,4040501,62,"1,200","1,821",60,*,5,6.69,5.5,7.1,40,2.23,2.76,21,*,*,*,*,*,*,- 0,0,0
2023,Census Tract,4040502,50,"1,445","1,884",43,*,4,4.93,1,3.54,15,2.58,3.34,*,*,*,*,*,*,*,- 0,0,0
2023,Census Tract,4040701,10,"1,025","1,381",*,- 0,*,*,*,*,*,*,*,*,- 0,0,0,*,*,*,- 0,0,0
2023,Census Tract,4040702,27,"1,000","1,519",27,- 0,3.33,3.81,8,7.83,21,3.42,5.05,*,- 0,0,0,- 0,0,0,- 0,0,0
2023,Census Tract,4040901,14,740,"1,251",12,*,8.5,7.67,5.5,5.5,*,*,*,- 0,*,*,*,*,*,*,- 0,0,0
2023,Census Tract,4041300,10,"3,608","3,848",10,- 0,7.5,11.6,5,7.31,*,*,*,*,- 0,0,0,- 0,0,0,- 0,0,0
2023,Census Tract,4041500,16,"1,600","2,193",12,*,2.24,3.25,1,4.92,*,*,*,*,*,*,*,*,*,*,- 0,0,0
2023,Census Tract,4042700,20,"1,000","1,260",17,*,4,3.48,5,4.84,10,2.54,2.97,*,*,*,*,*,*,*,- 0,0,0
2023,Census Tract,4043900,22,757,774,22,*,5,5.45,1,5.51,12,3.92,4.07,*,- 0,0,0,- 0,0,0,- 0,0,0
2023,Census Tract,4044000,12,"10,361","13,653",10,*,1.51,2,16.22,14.66,10,2.83,3.65,*,*,*,*,*,*,*,- 0,0,0
2023,Census Tract,4044302,32,"1,050","1,774",28,*,6.5,6.43,1,7.48,10,3.38,3.09,*,*,*,*,*,*,*,- 0,0,0
2023,Census Tract,4044400,80,"2,940","7,113",70,*,2,4.47,5.12,8.76,46,2.79,3.41,19,*,*,*,*,*,*,- 0,0,0
2023,Census Tract,4044601,173,"1,750","3,839",158,13,5,7.44,10.01,9.82,114,3.46,4.87,41,*,*,*,*,*,*,- 0,0,0
2023,Census Tract,4044602,36,900,"1,251",35,*,5,6.97,5,7.68,30,1.58,2.69,13,*,*,*,*,*,*,- 0,0,0
2023,Census Tract,4045000,13,"1,200","1,886",12,- 0,3.5,4.33,1,1,*,*,*,*,*,*,*,*,*,*,- 0,0,0
2023,Census Tract,4045500,42,"2,286","4,161",31,- 0,4,3.74,13.4,14.52,30,4.29,5.79,*,*,*,*,*,*,*,*,*,*
2023,Census Tract,4045800,36,"1,338","2,037",33,- 0,3,5,7.75,7.9,21,2.25,3.62,*,*,*,*,*,*,*,- 0,0,0
2023,Census Tract,4046000,100,"1,171","2,880",*,*,*,*,*,*,36,1.79,2.76,16,*,*,*,49,0.84,0.78,- 0,0,0
2023,Census Tract,4046100,23,500,847,20,- 0,5,4.8,5.5,7.57,16,3.5,3.05,*,*,*,*,*,*,*,- 0,0,0
2023,Census Tract,4046200,26,"2,027","2,520",24,*,6,15.28,4,9.46,14,3.67,8,*,*,*,*,*,*,*,- 0,0,0
2023,Census Tract,4046300,12,744,"4,094",11,- 0,8,6.6,1,1.83,*,*,*,*,*,*,*,*,*,*,- 0,0,0
2023,Census Tract,4046500,61,600,918,55,20,6,7.91,1,3.73,19,5.17,5.29,*,*,*,*,*,*,*,- 0,0,0
2023,Census Tract,4046600,35,"1,400","2,112",34,*,4,3.64,1,4.76,13,5.01,4.61,*,*,*,*,*,*,*,- 0,0,0
2023,Census Tract,4046800,13,"1,100","2,120",11,*,3.5,3.7,5,5.6,*,*,*,*,*,*,*,*,*,*,- 0,0,0
2023,Census Tract,4046901,18,858,"1,422",15,*,1,1.44,24.01,26.7,15,3.33,5.96,*,*,*,*,*,*,*,- 0,0,0
2023,Census Tract,4046902,13,"1,908","3,457",13,- 0,5,5,10.01,13.24,13,2.09,3.21,*,- 0,0,0,- 0,0,0,- 0,0,0
2023,Census Tract,4047000,15,"1,000","2,022",12,*,3,14.08,5.5,5.67,*,*,*,*,*,*,*,*,*,*,- 0,0,0
2023,Census Tract,4047100,32,"1,036","1,411",27,*,4,7.54,3,4.16,16,3.02,3.13,*,*,*,*,*,*,*,- 0,0,0
2023,Census Tract,4047300,53,"1,121","4,584",41,*,5,8.28,10.05,11.1,30,3.21,4.44,11,*,*,*,*,*,*,- 0,0,0
2023,Census Tract,4047500,46,"1,069","2,041",30,*,3,3.8,5.03,6.92,24,2.65,3.72,10,*,*,*,*,*,*,- 0,0,0
2023,Census Tract,4047801,13,"1,613","1,577",13,- 0,3,3.31,12.95,23.47,10,5.92,12.88,*,- 0,0,0,- 0,0,0,- 0,0,0
2023,Census Tract,4047802,21,"1,005","1,409",21,*,3,3.52,10,13.28,14,3.92,4.66,*,- 0,0,0,- 0,0,0,- 0,0,0
2023,Census Tract,4047900,20,"1,209","3,249",17,- 0,3,3.47,2,4.15,*,*,*,*,*,*,*,*,*,*,- 0,0,0
2023,Census Tract,4048100,15,800,990,13,- 0,5.14,6.66,10,10.08,10,4.55,4.71,*,*,*,*,*,*,*,- 0,0,0
2023,Census Tract,4048302,16,980,970,14,*,3,3.21,1,3.42,*,*,*,*,*,*,*,*,*,*,- 0,0,0
2023,Census Tract,4048500,52,"1,800","4,800",49,*,4,7.27,5,7.24,26,2.77,5.26,*,*,*,*,*,*,*,- 0,0,0
2023,Census Tract,4048900,18,"3,897","6,235",11,- 0,2,2.14,5,10.1,*,*,*,*,*,*,*,*,*,*,- 0,0,0
2023,Census Tract,4049302,44,"1,523","2,875",38,*,3,3.89,1.5,5.15,19,2,3.07,*,*,*,*,*,*,*,- 0,0,0
2023,Census Tract,4049600,14,910,"1,269",11,*,2,2.77,5,7.72,*,*,*,*,*,*,*,*,*,*,- 0,0,0
2023,Census Tract,4049900,17,"3,000","6,622",14,- 0,3,3.21,10,8.17,12,4.67,5.94,*,*,*,*,*,*,*,- 0,0,0
2023,Census Tract,4050000,21,750,"1,179",17,- 0,1,1.71,5,6.96,17,1.75,2.29,11,*,*,*,*,*,*,- 0,0,0
2023,Census Tract,4051500,18,"1,300","2,836",13,*,4,6.93,2,5.91,*,*,*,*,*,*,*,*,*,*,- 0,0,0
2023,Census Tract,4051700,29,"1,024","2,273",23,*,2.58,2.55,5,6.5,16,2.11,2.71,*,*,*,*,*,*,*,*,*,*
2023,Census Tract,4052000,13,"1,000",896,13,- 0,3,5.08,8.67,10.93,13,7.42,8.49,*,- 0,0,0,- 0,0,0,- 0,0,0
2023,Census Tract,4052100,13,"1,090","3,309",10,*,2.25,3.05,1.62,6.09,*,*,*,*,*,*,*,*,*,*,- 0,0,0
2023,Census Tract,4053100,38,"2,250","3,571",23,- 0,21,14.71,10.01,12.37,21,1.84,2.68,16,*,*,*,*,*,*,- 0,0,0
2023,Census Tract,4053501,25,"4,000","6,246",19,*,2,2.47,3.33,5.05,10,2.37,3.93,*,*,*,*,*,*,*,- 0,0,0
2023,Census Tract,4053901,19,"2,300","6,047",15,*,2,2.15,5,6.77,11,4.67,4.43,*,*,*,*,*,*,*,- 0,0,0
2023,Census Tract,4054000,16,"2,080","3,368",*,*,*,*,*,*,*,*,*,*,*,*,*,- 0,0,0,- 0,0,0
2023,Census Tract,4054200,13,"1,500","1,768",*,- 0,*,*,*,*,*,*,*,*,*,*,*,*,*,*,- 0,0,0
2023,Census Tract,4054700,14,665,981,10,- 0,3,3.2,1,2.49,*,*,*,*,*,*,*,*,*,*,- 0,0,0
2023,Census Tract,4054900,47,"1,000","1,793",45,*,3,3.54,9.09,7.83,30,2.96,4.04,11,*,*,*,*,*,*,- 0,0,0
2023,Census Tract,4055100,80,970,"1,745",73,*,4,3.79,5,6.82,48,3.38,4.1,16,*,*,*,*,*,*,- 0,0,0
2023,Census Tract,4055300,48,"1,125","2,586",42,*,3,3.23,10.14,15.02,30,2.63,9.68,14,*,*,*,*,*,*,- 0,0,0
2023,Census Tract,4055500,11,"2,000","6,350",10,- 0,2,2.08,1,4.82,*,*,*,*,*,*,*,*,*,*,- 0,0,0
2023,Census Tract,4055700,26,"1,750","2,675",23,*,2,2.29,5,9.41,11,4.42,6.28,*,*,*,*,*,*,*,- 0,0,0
2023,Census Tract,4055900,14,"1,330","2,102",*,*,*,*,*,*,*,*,*,*,*,*,*,*,*,*,- 0,0,0
2023,Census Tract,4056400,13,"1,426","2,182",10,- 0,2.5,4.76,1,3.56,*,*,*,- 0,*,*,*,*,*,*,- 0,0,0
2023,Census Tract,4056600,14,"1,700","2,265",12,*,4,7,1.99,6.43,*,*,*,*,*,*,*,*,*,*,- 0,0,0
2023,Census Tract,4056800,24,"1,380","2,873",21,*,3,6.35,9.97,12.38,17,3.25,7.26,*,*,*,*,*,*,*,- 0,0,0
2023,Census Tract,4057700,35,"1,000","1,537",27,*,2,2.42,6.67,10.58,16,5,8.97,*,*,*,*,*,*,*,- 0,0,0
2023,Census Tract,4058100,22,800,"1,606",15,- 0,3,3.6,5,6.3,11,2.25,2.72,*,*,*,*,*,*,*,- 0,0,0
2023,Census Tract,4058200,15,"1,100","4,258",14,*,3,3.21,1,2.64,*,*,*,*,*,*,*,*,*,*,- 0,0,0
2023,Census Tract,4058300,31,648,"1,204",25,*,3,3.17,5.02,7.14,18,2.71,4.11,*,*,*,*,*,*,*,- 0,0,0
2023,Census Tract,4058500,11,505,"1,195",10,*,6,5.41,7.29,6.96,*,*,*,*,*,*,*,*,*,*,- 0,0,0
2023,Census Tract,4058700,23,"1,120","1,618",19,- 0,3,3.81,3,5.06,11,2.84,3.66,*,*,*,*,*,*,*,- 0,0,0
2023,Census Tract,4058900,21,700,"1,438",19,- 0,3,3.34,3,3.35,17,1.67,2.61,*,*,*,*,*,*,*,- 0,0,0
2023,Census Tract,4059100,16,"1,450","1,277",13,- 0,3,2.88,10.01,8.72,13,3.42,3.61,*,*,*,*,*,*,*,- 0,0,0
2023,Census Tract,4059300,12,975,"1,697",*,- 0,*,*,*,*,*,*,*,*,*,*,*,*,*,*,- 0,0,0
2023,Census Tract,4060000,13,800,"1,359",11,- 0,18,16.27,1,1,- 0,0,0,- 0,*,*,*,*,*,*,- 0,0,0
2023,Census Tract,4060300,22,"3,558","10,186",20,- 0,3.5,4.53,5.06,7.05,12,4.63,4.24,*,*,*,*,*,*,*,- 0,0,0
2023,Census Tract,4061301,47,"1,000","2,522",40,*,4.05,3.96,4.99,7.27,25,2.42,3.37,12,*,*,*,*,*,*,- 0,0,0
2023,Census Tract,4061900,14,"1,780","2,299",12,- 0,3,6.32,5.5,8.35,10,4.29,6.3,*,*,*,*,*,*,*,- 0,0,0
2023,Census Tract,4062500,12,663,895,*,- 0,*,*,*,*,*,*,*,*,*,*,*,*,*,*,- 0,0,0
2023,Census Tract,4062600,17,900,"3,992",12,- 0,1,4.67,5,6.15,*,*,*,*,*,*,*,*,*,*,- 0,0,0
2023,Census Tract,4062700,10,945,"1,526",*,*,*,*,*,*,*,*,*,*,*,*,*,- 0,0,0,- 0,0,0
2023,Census Tract,4062900,18,"1,000","1,717",16,- 0,3,3.05,5,5.52,12,3,2.76,*,*,*,*,*,*,*,*,*,*
2023,Census Tract,4063000,12,"1,500","2,928",10,*,3,7,2,3.2,*,*,*,*,*,*,*,*,*,*,- 0,0,0
2023,Census Tract,4063200,58,"1,200","1,424",55,*,3,4.94,1,6.73,30,2.71,3.67,10,*,*,*,*,*,*,- 0,0,0
2023,Census Tract,4063700,85,"2,446","8,230",67,- 0,3,4.18,6,8.72,63,2.84,3.84,23,*,*,*,*,*,*,- 0,0,0
2023,Census Tract,4063800,15,"1,241","2,289",13,- 0,2,4.09,4,5.23,*,*,*,*,*,*,*,*,*,*,- 0,0,0
2023,Census Tract,4064500,13,"1,100","1,039",11,*,3,2.45,1,5.18,*,*,*,- 0,*,*,*,*,*,*,- 0,0,0
2023,Census Tract,4065401,30,"1,000","2,228",23,*,3,6.11,1,6.15,*,*,*,- 0,*,*,*,*,*,*,- 0,0,0
2023,Census Tract,4065702,13,"1,249","1,858",11,- 0,2,2.6,1.98,4.19,*,*,*,*,*,*,*,*,*,*,- 0,0,0
2023,Census Tract,4065703,26,"1,250","1,533",22,*,2.25,3.18,1,5.41,10,4.42,5.56,*,*,*,*,*,*,*,- 0,0,0
2023,Census Tract,4067100,18,"5,050","5,021",16,- 0,4.79,6.35,4.5,8.42,*,*,*,*,*,*,*,*,*,*,- 0,0,0
2023,Census Tract,4067900,20,"1,125","1,450",15,- 0,3,3.06,6,5.97,10,3.83,3.58,*,*,*,*,*,*,*,- 0,0,0
2023,Census Tract,4068300,146,"1,698","8,580",138,*,14,16.39,10.04,11.14,132,2.42,4.54,48,*,*,*,*,*,*,- 0,0,0
2023,Census Tract,4069300,94,"1,584","2,276",89,14,5,4.9,10.51,15.11,74,4.34,4.77,24,*,*,*,*,*,*,- 0,0,0
2023,Census Tract,4069500,18,893,"2,672",16,*,3,4.25,8.01,7.37,14,3.58,3.59,*,*,*,*,*,*,*,- 0,0,0
2023,Census Tract,4069702,10,"1,900","4,109",*,*,*,*,*,*,*,*,*,- 0,*,*,*,*,*,*,- 0,0,0
2023,Census Tract,4070700,15,800,"1,180",15,- 0,3,3.39,5,6.2,11,4.33,3.6,*,- 0,0,0,- 0,0,0,- 0,0,0
2023,Census Tract,4070900,15,"1,000","1,148",13,*,3,3.09,5,7.65,*,*,*,*,*,*,*,*,*,*,- 0,0,0
2023,Census Tract,4071100,99,"1,977","3,987",93,*,6,7.17,9.5,10.65,57,4.09,4.95,18,*,*,*,*,*,*,- 0,0,0
2023,Census Tract,4071303,39,"1,200","1,821",34,*,5,5.05,10.01,12.4,27,4.25,5.29,*,*,*,*,*,*,*,- 0,0,0
2023,Census Tract,4071304,11,"2,070","6,728",*,- 0,*,*,*,*,*,*,*,*,- 0,0,0,*,*,*,- 0,0,0
2023,Census Tract,4071305,16,"1,575","1,912",15,*,5,4.87,10.29,12.49,14,3.37,3.56,*,*,*,*,*,*,*,- 0,0,0
2023,Census Tract,4071306,33,"1,000","1,418",32,- 0,4.01,4.58,10.18,13.19,31,4.09,4.37,*,*,*,*,*,*,*,- 0,0,0
2023,Census Tract,4071701,54,"1,175","7,119",47,*,5,5.72,5.23,10.75,32,4.25,4.54,*,*,*,*,*,*,*,- 0,0,0
2023,Census Tract,4071702,38,"2,085","8,549",26,*,6.5,6.17,13.93,14.6,25,7.01,6.62,*,*,*,*,*,*,*,- 0,0,0
2023,Census Tract,4072900,13,"1,800","2,338",*,*,*,*,*,*,*,*,*,*,*,*,*,*,*,*,- 0,0,0
2023,Census Tract,4073100,12,"1,550","2,223",*,*,*,*,*,*,*,*,*,*,*,*,*,*,*,*,- 0,0,0
2023,Census Tract,4073700,106,"1,112","2,434",102,*,7.5,8.07,9.95,11.3,75,3.92,4.54,19,*,*,*,*,*,*,- 0,0,0
2023,Census Tract,4074300,53,"1,200","1,627",52,10,2,3.1,10.01,9.91,42,4.38,4.66,11,*,*,*,*,*,*,- 0,0,0
2023,Census Tract,4075701,59,"1,176","3,535",49,- 0,3,3.05,6,9.17,35,2.84,4.22,16,*,*,*,*,*,*,- 0,0,0
2023,Census Tract,4075702,26,595,621,24,- 0,4.05,3.85,9.16,11.85,21,3.58,3.96,*,*,*,*,*,*,*,- 0,0,0
2023,Census Tract,4076901,29,"1,540","2,125",28,*,4,4.36,10.01,11.65,25,4.42,4.63,11,*,*,*,*,*,*,- 0,0,0
2023,Census Tract,4076902,26,962,"1,348",19,- 0,5.17,5.72,11.42,15.09,15,2,3.42,*,*,*,*,*,*,*,- 0,0,0
2023,Census Tract,4077500,32,"1,050","1,329",29,*,3.42,4.05,5,4.9,16,3.29,3.65,*,*,*,*,*,*,*,- 0,0,0
2023,Census Tract,4077902,37,"1,200","1,614",34,*,4,4.5,10,12.01,30,4.38,4.9,*,*,*,*,*,*,*,- 0,0,0
2023,Census Tract,4077904,32,"1,065","1,886",26,- 0,4,5.15,11.03,12.26,21,3.16,3.15,*,*,*,*,*,*,*,- 0,0,0
2023,Census Tract,4077906,20,"1,250","1,881",18,- 0,4.13,4.96,15.03,17.45,15,5.67,5.81,*,*,*,*,*,*,*,- 0,0,0
2023,Census Tract,4077907,21,900,"2,024",21,*,4.27,5.5,5,5.45,16,3.33,3.63,*,- 0,0,0,- 0,0,0,- 0,0,0
2023,Census Tract,4079701,25,990,"7,119",21,*,10,8.43,5,5.53,14,2.34,2.81,*,*,*,*,*,*,*,- 0,0,0
2023,Census Tract,4079702,52,900,"1,157",43,*,4,4.59,9.34,18.12,32,4.71,12.83,*,*,*,*,*,*,*,- 0,0,0
2023,Census Tract,4080900,11,"1,311","2,274",10,- 0,5.63,7.73,10.01,10.94,10,6.8,6.2,*,*,*,*,*,*,*,- 0,0,0
2023,Census Tract,4083700,19,900,"1,341",18,- 0,4,4.67,9,9.7,17,3.4,2.86,*,*,*,*,*,*,*,- 0,0,0
2023,Census Tract,4083800,17,850,"1,659",14,*,3,2.79,10,8.85,13,4,4.25,*,*,*,*,*,*,*,- 0,0,0
2023,Census Tract,4084000,21,"1,520","2,334",16,*,2.7,3.02,1,10.45,*,*,*,*,*,*,*,*,*,*,- 0,0,0
2023,Census Tract,4084500,18,"1,500","2,336",16,*,3,3.09,5.57,8.76,14,2.5,4.36,*,*,*,*,*,*,*,- 0,0,0
2023,Census Tract,4084901,82,"2,333","5,554",62,*,4,4.36,1,3.34,26,2.84,2.56,*,*,*,*,*,*,*,- 0,0,0
2023,Census Tract,4084902,114,"1,262","2,988",96,14,8,9.49,5,6.61,76,2.94,3.6,27,*,*,*,*,*,*,*,*,*
2023,Census Tract,4085300,101,"1,250","6,620",94,*,8,8.86,5.21,8.77,70,3.71,4.66,16,*,*,*,*,*,*,- 0,0,0
2023,Census Tract,4085700,25,880,"1,403",17,- 0,3.48,3.56,7.34,6.31,11,2.58,4.57,*,*,*,*,*,*,*,- 0,0,0
2023,Census Tract,4085900,35,840,"1,610",33,*,8,8.12,11.92,15.82,33,3.33,4.25,*,*,*,*,*,*,*,- 0,0,0
2023,Census Tract,4086100,13,900,"1,698",*,- 0,*,*,*,*,*,*,*,- 0,*,*,*,*,*,*,- 0,0,0
2023,Census Tract,4086400,15,"2,800","15,256",13,- 0,2,2.54,2,4.68,*,*,*,*,*,*,*,*,*,*,- 0,0,0
2023,Census Tract,4086500,49,"1,425","2,715",45,*,4,8.11,5,5.08,26,2.09,2.71,12,*,*,*,*,*,*,- 0,0,0
2023,Census Tract,4086900,264,"1,586","3,506",222,47,4,4.84,5,6.33,146,2.88,3.36,54,16,1,1.79,26,1,1.02,*,*,*
2023,Census Tract,4087100,342,"1,507","4,521",312,29,7.08,9.29,5.63,7.14,223,3.33,3.77,73,13,1,3.43,17,2,2.95,- 0,0,0
2023,Census Tract,4088400,11,"2,000","4,974",10,*,3,5.38,2.29,10.49,*,*,*,*,*,*,*,*,*,*,- 0,0,0
2023,Census Tract,4088902,25,"1,216","1,750",16,*,3,5.61,4.79,4.1,11,3.58,2.98,*,*,*,*,*,*,*,- 0,0,0
2023,Census Tract,4089201,109,"1,723","3,505",85,*,4,4.16,9.03,8.58,68,2.71,3.71,23,*,*,*,*,*,*,- 0,0,0
2023,Census Tract,4090700,42,"1,950","12,399",28,- 0,2.5,3.96,1,5.05,*,*,*,*,*,*,*,*,*,*,- 0,0,0
2023,Census Tract,4091900,26,"3,000","5,241",18,- 0,2,2.61,7.5,8.55,11,9.34,8.79,- 0,*,*,*,*,*,*,- 0,0,0
2023,Census Tract,4092500,49,"1,400","1,860",42,*,2,8.21,5,5.51,33,3.41,3.74,11,*,*,*,*,*,*,- 0,0,0
2023,Census Tract,4092900,22,950,"3,593",17,- 0,3,8.99,6,10.71,14,2.75,6.69,*,*,*,*,*,*,*,- 0,0,0
2023,Census Tract,4093402,18,"1,546","4,177",13,- 0,3,3.75,1,8.27,*,*,*,*,*,*,*,*,*,*,- 0,0,0
2023,Census Tract,4093800,26,"2,000","5,182",26,- 0,2.13,2.69,10.13,12.85,23,3.25,3.78,*,- 0,0,0,- 0,0,0,- 0,0,0
2023,Census Tract,4094202,24,"1,642","2,006",15,- 0,3,3.36,4,5.01,*,*,*,*,*,*,*,*,*,*,- 0,0,0
2023,Census Tract,4094500,43,"3,300","12,641",34,*,3,4.32,15.01,17.61,33,4.5,4.95,*,*,*,*,*,*,*,- 0,0,0
2023,Census Tract,4095400,19,"1,317","4,180",19,*,4,4.37,10.03,11.45,18,4.42,4.24,*,- 0,0,0,- 0,0,0,- 0,0,0
2023,Census Tract,4098100,53,"1,400","2,115",47,*,3,8.54,2,5.42,27,3.09,3.9,10,*,*,*,*,*,*,- 0,0,0
2023,Census Tract,4098700,78,"1,291","3,014",62,*,3,3.47,10.01,13.26,41,2.75,3.72,13,*,*,*,*,*,*,- 0,0,0
2023,Census Tract,4099200,11,"1,500","2,680",*,- 0,*,*,*,*,*,*,*,- 0,*,*,*,*,*,*,*,*,*
2023,Census Tract,4099701,12,994,"1,082",11,- 0,1,1.73,1,13.63,*,*,*,- 0,*,*,*,*,*,*,- 0,0,0
2023,Census Tract,4099704,67,"3,052","4,804",55,*,5,5.84,15.05,18.21,52,4.88,4.9,15,- 0,0,0,12,2,1.76,- 0,0,0
2023,Census Tract,4099801,25,920,"2,466",25,- 0,5,6.76,15.01,17.75,22,4.25,4.39,*,- 0,0,0,- 0,0,0,- 0,0,0
2023,Census Tract,4100803,49,"1,620","2,305",39,*,4,9.72,3,6.94,31,2.75,3.59,12,*,*,*,*,*,*,*,*,*
2023,Census Tract,4101003,46,"1,175","1,949",37,*,3,3.38,5,8.99,32,1.71,2.25,16,*,*,*,*,*,*,- 0,0,0
2023,Census Tract,4101700,58,"1,050","1,609",52,- 0,3,7.07,11.01,16.87,45,4.59,6.07,*,*,*,*,*,*,*,- 0,0,0
2023,Census Tract,4103201,19,850,"2,099",17,*,4,4.05,9,8.63,16,1.96,3.63,*,*,*,*,*,*,*,- 0,0,0
2023,Census Tract,4103202,32,"1,225","3,279",24,*,2,2.33,14.55,19.69,21,2,2.65,11,*,*,*,*,*,*,- 0,0,0
2023,Census Tract,4103900,18,"1,225","1,441",13,- 0,2.9,8.42,1,2.76,*,*,*,*,*,*,*,*,*,*,- 0,0,0
2023,Census Tract,4104700,22,"1,600","2,967",20,- 0,6,18.55,6,9.42,18,3.67,4.04,*,*,*,*,*,*,*,- 0,0,0
2023,Census Tract,4107201,11,800,"1,297",*,- 0,*,*,*,*,- 0,0,0,- 0,*,*,*,- 0,0,0,- 0,0,0
2023,Census Tract,4108500,17,"1,200","2,008",16,*,2.5,5.69,1,5.04,*,*,*,- 0,*,*,*,*,*,*,- 0,0,0
2023,Census Tract,4109900,56,975,"1,499",52,*,3,3.37,4,4.65,22,3.25,3.51,*,*,*,*,*,*,*,- 0,0,0
2023,Census Tract,4112300,73,"1,250","2,086",66,15,4,4.47,5,6.35,30,4.46,5.84,*,*,*,*,*,*,*,- 0,0,0
2023,Census Tract,4112900,20,"1,389","1,227",20,*,4,3.9,3,7.9,12,5.96,5.31,- 0,- 0,0,0,- 0,0,0,- 0,0,0
2023,Census Tract,4113900,15,"1,300","1,743",14,*,4,3.68,5,5.95,11,4.17,4.26,*,*,*,*,*,*,*,- 0,0,0
2023,Census Tract,4115500,37,"1,256","2,238",34,- 0,4,4.06,5,5.05,22,2,2.42,11,*,*,*,*,*,*,- 0,0,0
2023,Census Tract,4115700,40,"1,304","2,707",27,*,6,6.05,5,7.68,19,3.09,4.34,*,*,*,*,*,*,*,- 0,0,0
2023,Census Tract,4115900,18,630,"1,714",17,- 0,3,5.12,10.01,6.83,11,5.04,4.88,*,*,*,*,*,*,*,- 0,0,0
2023,Census Tract,4116100,11,"1,400","2,169",*,- 0,*,*,*,*,*,*,*,- 0,*,*,*,*,*,*,- 0,0,0
2023,Census Tract,4116301,28,"1,787","3,585",26,*,7.33,7.59,15.01,14.45,22,7.63,8.66,*,*,*,*,*,*,*,- 0,0,0
2023,Census Tract,4116302,15,"1,200","1,592",15,- 0,5,5.33,5,7.55,11,4.25,4.18,*,- 0,0,0,- 0,0,0,- 0,0,0
2023,Census Tract,4116700,27,"2,000","2,148",22,- 0,5,5.26,5.62,5.28,14,2,2.39,*,*,*,*,*,*,*,- 0,0,0
2023,Census Tract,4117100,173,"1,200","1,658",154,22,4.1,5.23,5,5.66,102,3.25,3.66,28,*,*,*,*,*,*,- 0,0,0
2023,Census Tract,4117500,43,"1,062","5,001",29,*,4.71,6.15,6,9.03,22,2.05,2.74,11,*,*,*,*,*,*,- 0,0,0
2023,Census Tract,4118100,11,"4,640","5,790",10,*,3.5,4.6,7.5,10.5,*,*,*,*,*,*,*,*,*,*,- 0,0,0
2023,Census Tract,4118500,15,"1,200","1,745",*,*,*,*,*,*,*,*,*,*,*,*,*,*,*,*,- 0,0,0
2023,Census Tract,4119100,40,"1,370","1,894",35,*,3,5.44,1,3.44,16,3,4.22,*,*,*,*,*,*,*,- 0,0,0
2023,Census Tract,4120500,15,"1,290","4,217",14,*,6,6,4.68,6.12,11,3.25,3.24,*,*,*,*,*,*,*,- 0,0,0
2023,Census Tract,4120701,18,"1,274","1,617",15,- 0,2,4.73,1,2.82,*,*,*,*,*,*,*,*,*,*,- 0,0,0
2023,Census Tract,4122703,33,895,"2,839",18,14,5,4.78,1,3.06,*,*,*,- 0,*,*,*,*,*,*,- 0,0,0
2023,Census Tract,4122704,26,"1,694","3,274",25,*,3,2.72,10,11.66,18,3.84,4.82,*,*,*,*,*,*,*,- 0,0,0
2023,Census Tract,4124100,14,900,"1,596",14,- 0,5,5.07,10.17,9.85,11,4.25,4.18,*,- 0,0,0,- 0,0,0,- 0,0,0
2023,Census Tract,4125700,16,"2,450","2,769",13,*,2,4.08,3.92,5.61,*,*,*,*,*,*,*,*,*,*,- 0,0,0
2023,Census Tract,4126500,25,"1,500","2,245",23,- 0,3,3.67,5,5.98,13,3.09,2.96,*,*,*,*,*,*,*,- 0,0,0
2023,Census Tract,4126700,10,"1,000","2,940",*,- 0,*,*,*,*,*,*,*,*,- 0,0,0,*,*,*,- 0,0,0
2023,Census Tract,4127700,78,"1,200","4,445",65,*,4,4.49,7,8.66,51,2.92,3.98,18,*,*,*,*,*,*,- 0,0,0
2023,Census Tract,4129103,21,"1,900","3,202",21,- 0,5,5.52,9.84,11.09,17,3.58,4.65,*,- 0,0,0,- 0,0,0,- 0,0,0
2023,Census Tract,4129104,23,"1,100","1,157",17,- 0,3,3.24,10,10.95,17,5.75,5.11,*,*,*,*,*,*,*,- 0,0,0
2023,Census Tract,4130100,11,"6,600","7,715",11,- 0,4,3.73,19.01,22.81,11,4.75,5.11,*,- 0,0,0,- 0,0,0,- 0,0,0
2023,Census Tract,4133300,40,"1,230","1,543",39,- 0,4,3.36,9.97,11.09,29,4.09,4.15,*,*,*,*,*,*,*,- 0,0,0
2023,Census Tract,4133900,24,"1,006","1,417",22,*,5,6.54,5,6.41,14,3.13,2.83,*,*,*,*,*,*,*,- 0,0,0
2023,Census Tract,4134100,32,"2,020","3,875",30,- 0,6.33,14.73,1,4.17,19,1.84,3.14,*,*,*,*,*,*,*,- 0,0,0
2023,Census Tract,4134701,61,"1,639","7,907",54,- 0,6.42,19.88,20.02,21.94,54,3.67,4.34,15,*,*,*,*,*,*,*,*,*
2023,Census Tract,4136700,34,"1,530","2,681",33,- 0,5,5.21,10.01,15.57,32,6.92,6.19,*,*,*,*,*,*,*,- 0,0,0
2023,Census Tract,4137700,16,"1,200","2,088",15,- 0,5,5.07,6.42,7.25,12,4.21,3.83,*,*,*,*,*,*,*,- 0,0,0
2023,Census Tract,4141700,14,"4,489","6,213",14,*,12.21,17.22,5,8.34,14,1.67,5.06,*,- 0,0,0,- 0,0,0,- 0,0,0
2023,Census Tract,4142900,22,"1,000","1,393",19,*,3,4.22,1,2.67,*,*,*,*,*,*,*,*,*,*,- 0,0,0
2023,Census Tract,4143500,14,825,"1,087",13,- 0,3.82,3.4,10.01,7.63,11,8.09,5.92,*,*,*,*,*,*,*,- 0,0,0
2023,Census Tract,4144700,44,"1,188","3,607",33,*,3,5.03,5,5.36,20,3,4.35,*,11,1,1,- 0,0,0,- 0,0,0
2023,Census Tract,4145102,10,815,"1,228",*,- 0,*,*,*,*,*,*,*,*,*,*,*,- 0,0,0,- 0,0,0
2023,Census Tract,4145900,11,"1,100","2,512",*,- 0,*,*,*,*,*,*,*,*,*,*,*,- 0,0,0,- 0,0,0
2023,Census Tract,4146300,38,"1,875","3,393",29,*,4,5.78,7,7.87,22,2.75,3.59,*,*,*,*,*,*,*,- 0,0,0
2023,Census Tract,4146700,93,"1,340","1,882",83,*,5,6.2,5,6.72,46,3.37,4.97,15,*,*,*,*,*,*,- 0,0,0
2023,Census Tract,4147100,42,"1,500","3,361",39,*,4,4.29,1,3.67,11,3.33,4.24,*,*,*,*,*,*,*,- 0,0,0
2023,Census Tract,4147900,110,"1,000","1,673",91,24,3.02,11.65,7,7.01,65,3.84,3.84,20,*,*,*,*,*,*,- 0,0,0
2023,Census Tract,4150702,43,"1,600","2,367",41,- 0,4,4.37,6.01,8.05,39,2.75,3.75,16,*,*,*,*,*,*,- 0,0,0
2023,Census Tract,4152901,16,"2,838","19,797",*,*,*,*,*,*,*,*,*,- 0,- 0,0,0,*,*,*,- 0,0,0
2023,Census Tract,4155104,35,"1,668","7,138",33,*,4,6.13,20.18,20.79,33,5.67,5.32,*,*,*,*,*,*,*,- 0,0,0
2023,Census Tract,4157101,36,"1,400","1,840",33,- 0,4,3.7,10.02,10.14,25,4.38,5.24,*,*,*,*,*,*,*,- 0,0,0
2023,Census Tract,4157901,22,"1,019","1,539",18,- 0,4.38,10.72,10,13.08,15,4.17,8.65,*,*,*,*,*,*,*,- 0,0,0
2023,Census Tract,4157902,16,"1,089","1,987",15,*,3,4.52,1,6.93,*,*,*,- 0,*,*,*,*,*,*,- 0,0,0
2023,Census Tract,4157903,11,"2,240","4,326",*,- 0,*,*,*,*,*,*,*,- 0,*,*,*,- 0,0,0,- 0,0,0
2023,Census Tract,4161700,31,"1,200","2,690",17,- 0,2.45,4.62,6,9.64,11,3.5,4.68,*,*,*,*,*,*,*,- 0,0,0
2023,Census Tract,5000300,55,"1,000","1,775",48,*,2.82,2.84,2,5.67,27,0.84,2.14,16,*,*,*,*,*,*,- 0,0,0
2023,Census Tract,5000600,38,"1,439","2,947",33,*,3,9.77,1,3.85,15,1,3.72,*,*,*,*,*,*,*,- 0,0,0
2023,Census Tract,5000800,29,"2,521","5,111",24,- 0,2,5.79,2,3.02,12,0.75,1.87,*,*,*,*,*,*,*,- 0,0,0
2023,Census Tract,5002100,70,"1,500","2,885",45,*,2,8.12,1,5.11,23,2.53,3.2,*,12,1,8.25,13,1,0.94,- 0,0,0
2023,Census Tract,5002700,11,"1,800","2,424",*,- 0,*,*,*,*,*,*,*,*,*,*,*,*,*,*,- 0,0,0
2023,Census Tract,5004003,11,900,"9,865",10,- 0,1.5,1.6,1,1,- 0,0,0,- 0,*,*,*,*,*,*,- 0,0,0
2023,Census Tract,5005000,10,"1,316","1,506",*,- 0,*,*,*,*,*,*,*,*,*,*,*,- 0,0,0,- 0,0,0
2023,Census Tract,5006400,34,"2,240","4,865",26,- 0,2,3.83,1,5.76,11,4.67,5.12,*,*,*,*,*,*,*,- 0,0,0
2023,Census Tract,5006700,20,"1,026","2,517",16,*,3,3.02,1,8.67,*,*,*,*,*,*,*,*,*,*,- 0,0,0
2023,Census Tract,5007001,55,"1,000","2,753",43,- 0,4,6.32,1,5.82,18,3.13,4.14,*,*,*,*,*,*,*,- 0,0,0
2023,Census Tract,5008100,10,"1,860","5,738",10,- 0,2,2.23,4,4.82,*,*,*,*,- 0,0,0,- 0,0,0,- 0,0,0
2023,Census Tract,5009601,31,"1,696","2,665",21,*,3,3.47,1,4.92,*,*,*,- 0,*,*,*,*,*,*,- 0,0,0
2023,Census Tract,5009602,25,"1,200","2,839",20,- 0,2.88,3.89,1.54,4.82,*,*,*,*,*,*,*,*,*,*,- 0,0,0
2023,Census Tract,5010500,28,"1,218","2,268",19,- 0,5,12.89,1,3.11,12,0.67,1.51,*,*,*,*,*,*,*,- 0,0,0
2023,Census Tract,5011201,38,"2,138","2,989",31,*,3,3.67,5,7.01,13,6.76,6.61,*,*,*,*,*,*,*,- 0,0,0
2023,Census Tract,5011203,55,"1,235","3,141",46,- 0,2,3.63,5,8.09,29,3.81,5.45,*,*,*,*,*,*,*,- 0,0,0
2023,Census Tract,5011401,32,"1,840","2,930",30,*,4,3.98,1,4.45,16,1.38,3.76,*,*,*,*,*,*,*,- 0,0,0
2023,Census Tract,5011402,23,"1,400","2,363",20,- 0,4,3.73,10.01,12.32,14,4.92,6.82,- 0,*,*,*,*,*,*,- 0,0,0
2023,Census Tract,5012100,15,"1,450","2,211",13,*,3,3,3.04,5.03,*,*,*,*,*,*,*,*,*,*,- 0,0,0
2023,Census Tract,5012200,57,"2,000","2,254",44,*,3,4.23,1,4.88,19,3.75,4.15,*,*,*,*,*,*,*,- 0,0,0
2023,Census Tract,5012804,61,"2,924","7,002",53,- 0,4,4.06,10.59,11.81,52,10.01,9.63,*,*,*,*,*,*,*,- 0,0,0
2023,Census Tract,5013203,24,"1,167","1,261",19,*,2,2.21,1,2.04,*,*,*,*,*,*,*,*,*,*,- 0,0,0
2023,Census Tract,5013204,13,"1,200","1,271",10,- 0,3,6.85,1,3.66,*,*,*,- 0,*,*,*,*,*,*,- 0,0,0
2023,Census Tract,5013302,76,"2,204","3,293",46,*,2,5.3,1,2.43,*,*,*,*,*,*,*,*,*,*,- 0,0,0
2023,Census Tract,5013400,58,"1,420","1,952",45,*,3,3.14,1,4.54,16,2,2.87,*,*,*,*,*,*,*,- 0,0,0
2023,Census Tract,5014100,15,"1,050","1,710",*,- 0,*,*,*,*,*,*,*,*,*,*,*,*,*,*,- 0,0,0
2023,Census Tract,5014604,59,"1,680","3,026",47,*,5,11.35,6.19,7.91,32,3.01,3.43,10,*,*,*,*,*,*,- 0,0,0
2023,Census Tract,5014605,16,"1,850","2,097",13,- 0,3,4.92,10,9.36,11,3.42,4.93,*,*,*,*,*,*,*,- 0,0,0
2023,Census Tract,5014606,10,"1,197","1,779",*,- 0,*,*,*,*,- 0,0,0,- 0,*,*,*,*,*,*,- 0,0,0
2023,Census Tract,5014607,37,"1,950","4,917",34,- 0,4,4.29,10.01,10.73,30,8.67,8.4,*,*,*,*,*,*,*,- 0,0,0
2023,Census Tract,5014700,11,"1,250","2,520",*,*,*,*,*,*,*,*,*,*,*,*,*,*,*,*,- 0,0,0
2023,Census Tract,5015100,45,"1,300","1,897",33,*,3,3.93,4.92,8.19,20,1.84,3.52,10,*,*,*,*,*,*,- 0,0,0
2023,Census Tract,5015601,59,"1,500","2,421",46,*,3,4.02,10.01,12.21,27,5.25,5.47,*,*,*,*,*,*,*,- 0,0,0
2023,Census Tract,5015602,16,"1,387","1,670",15,- 0,3,2.85,1,4.37,*,*,*,*,*,*,*,*,*,*,- 0,0,0
2023,Census Tract,5015603,24,"1,900","2,299",17,*,3,5.71,3.92,4.9,11,2.5,2.51,*,*,*,*,*,*,*,*,*,*
2023,Census Tract,5016901,26,925,"1,692",21,- 0,4,8.79,1,5.04,17,0.84,1.4,*,*,*,*,*,*,*,- 0,0,0
2023,Census Tract,5017005,30,"1,081","2,056",23,*,2,3.12,1,1.87,*,*,*,*,*,*,*,*,*,*,- 0,0,0
2023,Census Tract,5017011,22,"1,325","1,984",16,*,3,2.81,5.01,5.82,11,2.92,3.5,*,*,*,*,*,*,*,- 0,0,0
2023,Census Tract,5018100,28,"1,216","1,846",23,11,2.96,3.15,1,2.76,*,*,*,*,*,*,*,*,*,*,- 0,0,0
2023,Census Tract,5018701,28,700,"1,075",22,*,2.95,2.54,1,4.07,*,*,*,*,*,*,*,*,*,*,- 0,0,0
2023,Census Tract,5018704,19,"1,150","2,896",17,- 0,4,3.76,15.17,18.42,17,3.84,4.17,*,*,*,*,*,*,*,- 0,0,0
2023,Census Tract,5018901,26,"2,000","2,826",*,*,*,*,*,*,*,*,*,*,13,1,1.31,*,*,*,- 0,0,0
2023,Census Tract,5019800,20,880,"1,327",16,- 0,4,4.5,5,6.47,11,4.88,6.08,*,*,*,*,*,*,*,- 0,0,0
2023,Census Tract,5020100,23,"1,400","2,103",17,*,4,3.71,1,2.53,*,*,*,*,*,*,*,*,*,*,- 0,0,0
2023,Census Tract,5020702,41,"1,880","3,120",28,*,2,2.92,3.54,4.25,20,1,2.56,13,*,*,*,*,*,*,- 0,0,0
2023,Census Tract,5020804,10,"1,000","1,578",*,- 0,*,*,*,*,*,*,*,*,*,*,*,- 0,0,0,- 0,0,0
2023,Census Tract,5020805,21,"2,055","7,865",15,- 0,3,2.58,15.51,16.06,11,5.92,9.69,*,*,*,*,*,*,*,- 0,0,0
2023,Census Tract,5021300,33,"1,000","2,028",23,- 0,3,7.4,1,2.63,*,*,*,*,10,1,3.52,- 0,0,0,- 0,0,0
2023,Census Tract,5022300,21,"1,800","2,698",15,- 0,2,1.93,3,3.14,10,1.88,1.69,*,*,*,*,*,*,*,*,*,*
2023,Census Tract,5022601,24,"1,933","4,273",23,*,5,16.7,5.13,7.71,14,4.23,4.29,*,*,*,*,*,*,*,- 0,0,0
2023,Census Tract,5022602,231,"2,750","7,052",199,*,3,4.75,3,5.66,135,2,3.31,43,*,*,*,*,*,*,- 0,0,0
2023,Census Tract,5023100,16,"1,725","3,071",15,*,3,2.79,7,9.34,13,0.58,3.36,*,*,*,*,*,*,*,- 0,0,0
2023,Census Tract,5023900,14,"3,150","6,690",*,*,*,*,*,*,*,*,*,*,*,*,*,*,*,*,- 0,0,0
2023,Census Tract,5024700,42,"2,798","7,624",37,*,3,5.43,10.06,11.29,34,4.17,5.41,*,*,*,*,*,*,*,- 0,0,0
2023,Census Tract,5024800,81,"1,500","2,478",58,*,3,3.16,5,8.59,35,3.84,4.02,12,*,*,*,*,*,*,- 0,0,0
2023,Census Tract,5027702,91,"3,528","15,615",73,- 0,5,12.75,10.3,14.06,65,4.33,5.14,16,*,*,*,*,*,*,*,*,*
2023,Census Tract,5027706,38,"1,425","4,128",34,*,5,14.94,8,9.22,29,3.09,6.17,12,*,*,*,*,*,*,- 0,0,0
2023,Census Tract,5027900,10,"1,131","1,117",10,*,3,2.9,1.45,3.09,*,*,*,*,- 0,0,0,- 0,0,0,- 0,0,0
2023,Census Tract,5029102,52,"2,238","9,742",36,- 0,3,5.04,6,9.09,26,3,3.52,12,*,*,*,*,*,*,- 0,0,0
2023,Census Tract,5029104,31,"2,300","4,825",26,- 0,3,3.12,10.59,16.27,24,3.96,5.46,*,*,*,*,*,*,*,- 0,0,0
2023,Census Tract,5029105,52,"1,397","2,387",48,- 0,3,3.48,10.08,12.88,43,4.25,4.43,*,*,*,*,*,*,*,- 0,0,0
2023,Census Tract,5030302,35,"2,625","6,015",29,- 0,3,3.07,10.08,9.79,23,4,4.7,*,*,*,*,*,*,*,- 0,0,0
2023,Census Tract,5032300,14,"5,340","18,403",*,- 0,*,*,*,*,*,*,*,*,*,*,*,*,*,*,- 0,0,0
2024,Citywide,Citywide,61890,"1,284","3,175","53,038","3,313",5.00,9.99,8.00,9.3,"38,269",3.75,4.82,"11,231","3,629",1,6.49,"5,223",1,1.86,98,1.92,2.66
2024,Borough,Manhattan,23398,"1,300","3,132","19,905",965,9.00,16.06,10.01,11.12,"16,104",4.58,5.55,"3,824",897,1,6.28,"2,596",1,2.06,49,1.62,2.18
2024,Borough,Bronx,8043,"1,050","2,979","7,184",422,4.00,4.84,6.33,8.63,"5,284",3.08,3.97,"1,840",327,1,6.62,532,1,1.75,*,*,*
2024,Borough,Brooklyn,14774,"1,349","3,083","12,651",934,4.00,7.08,5.08,7.76,"8,120",3.25,4.38,"2,690","1,023",1,7.44,"1,100",1,1.51,23,2.75,3.57
2024,Borough,Queens,13246,"1,298","3,305","11,365",902,4.00,6.43,5.17,8.47,"7,589",3.25,4.38,"2,502","1,056",1,6.46,825,1,1.68,15,1.08,2.73
2024,Borough,Staten Island,2429,"1,600","4,071","1,933",90,3.00,6.20,5.00,7.93,"1,172",3.25,4.53,375,326,1,4.09,170,1,2.21,*,*,*
2024,Census Tract,1000201,12,785,941,11,- 0,8.00,8.18,10.09,13.57,*,*,*,*,*,*,*,*,*,*,0,0.00,0.00
2024,Census Tract,1000600,94,804,"1,150",71,*,6.00,8.95,6.00,6.86,58,2.66,3.49,22,*,*,*,*,*,*,0,0.00,0.00
2024,Census Tract,1000700,101,"2,200","7,278",82,*,10.00,18.87,13.02,14.04,80,6.12,6.90,*,*,*,*,*,*,*,0,0.00,0.00
2024,Census Tract,1000800,205,"1,000","2,003",166,*,5.00,9.00,2.00,4.24,91,1.67,2.50,43,*,*,*,*,*,*,0,0.00,0.00
2024,Census Tract,1000900,106,"2,020","4,437",82,*,10.00,16.81,11.38,11.90,62,6.08,6.91,*,*,*,*,*,*,*,0,0.00,0.00
2024,Census Tract,1001200,18,814,"2,997",16,- 0,2.00,3.44,1.00,2.32,*,*,*,*,*,*,*,*,*,*,0,0.00,0.00
2024,Census Tract,1001300,86,"2,554","4,048",68,*,10.00,12.19,12.92,13.30,59,5.00,6.05,13,*,*,*,*,*,*,*,*,*
2024,Census Tract,1001401,36,909,"1,857",36,- 0,8.00,8.31,8.38,8.73,34,2.58,3.38,14,- 0,0.00,0.00,- 0,0.00,0.00,0,0.00,0.00
2024,Census Tract,1001402,85,900,"4,412",71,*,6.00,7.68,5.40,8.08,54,4.54,5.30,10,*,*,*,*,*,*,0,0.00,0.00
2024,Census Tract,1001501,88,"1,719","3,331",68,*,11.00,26.74,10.57,12.63,52,6.88,8.85,*,*,*,*,*,*,*,0,0.00,0.00
2024,Census Tract,1001502,160,"1,406","2,994",128,*,12.00,14.56,10.55,13.50,115,5.16,6.36,19,*,*,*,*,*,*,0,0.00,0.00
2024,Census Tract,1001600,302,898,"1,294",255,30,7.00,13.10,5.00,5.39,158,2.00,2.97,84,16,1.00,11.18,31,1.00,1.23,0,0.00,0.00
2024,Census Tract,1001800,294,"1,078","2,973",235,22,8.00,12.41,5.84,7.50,176,3.67,4.43,45,19,1.00,2.81,40,1.00,1.28,0,0.00,0.00
2024,Census Tract,1002100,185,"2,000","4,861",144,*,11.00,14.00,10.43,13.23,119,6.75,7.10,19,12,1.00,2.93,29,1.13,2.02,*,*,*
2024,Census Tract,1002201,61,750,"1,073",50,*,6.00,6.47,5.00,8.86,28,2.37,3.76,12,*,*,*,*,*,*,0,0.00,0.00
2024,Census Tract,1002202,27,"1,100","1,854",22,*,7.80,9.97,10.00,9.58,17,8.17,7.29,*,*,*,*,*,*,*,0,0.00,0.00
2024,Census Tract,1002601,19,900,"1,589",17,*,5.00,5.81,5.00,10.53,13,2.33,4.38,*,*,*,*,*,*,*,0,0.00,0.00
2024,Census Tract,1002602,38,830,"1,380",29,- 0,7.00,10.16,8.58,10.04,23,3.00,3.29,10,*,*,*,*,*,*,0,0.00,0.00
2024,Census Tract,1002700,52,889,"1,590",48,*,5.00,5.60,3.00,5.04,26,1.14,2.02,13,*,*,*,*,*,*,0,0.00,0.00
2024,Census Tract,1002800,35,516,874,27,*,7.00,6.93,5.00,7.16,18,3.88,4.27,*,*,*,*,*,*,*,0,0.00,0.00
2024,Census Tract,1002901,10,250,915,10,*,18.00,22.70,5.13,5.86,10,3.29,3.45,*,- 0,0.00,0.00,- 0,0.00,0.00,0,0.00,0.00
2024,Census Tract,1002902,251,"1,090","1,601",218,12,8.00,13.37,5.00,6.40,152,2.33,3.48,59,14,1.00,12.51,19,1.00,1.34,*,*,*
2024,Census Tract,1003001,206,800,"1,319",176,11,9.00,13.16,4.54,6.49,99,3.84,4.66,32,*,*,*,*,*,*,0,0.00,0.00
2024,Census Tract,1003002,43,"1,232","1,397",36,*,9.00,8.85,5.79,6.26,20,5.09,4.97,*,*,*,*,*,*,*,0,0.00,0.00
2024,Census Tract,1003100,80,"2,000","4,430",65,*,11.00,24.12,10.00,9.18,55,4.75,5.16,10,*,*,*,*,*,*,0,0.00,0.00
2024,Census Tract,1003200,157,800,"1,046",135,*,9.00,9.77,7.00,8.60,96,4.00,4.48,22,*,*,*,*,*,*,0,0.00,0.00
2024,Census Tract,1003300,273,"2,400","3,525",210,13,7.50,13.12,10.00,10.91,150,4.42,5.53,32,26,1.00,1.86,37,1.00,1.95,*,*,*
2024,Census Tract,1003400,128,780,"1,292",115,*,9.00,9.20,8.00,9.03,82,4.08,5.39,25,*,*,*,*,*,*,0,0.00,0.00
2024,Census Tract,1003601,80,998,"2,865",67,*,8.00,14.94,5.00,7.59,51,2.92,4.63,19,*,*,*,*,*,*,*,*,*
2024,Census Tract,1003602,55,800,"1,863",50,*,9.00,11.93,9.58,8.86,41,3.09,4.64,13,*,*,*,*,*,*,0,0.00,0.00
2024,Census Tract,1003700,108,"2,483","4,116",81,*,7.00,11.38,10.02,12.27,64,5.62,8.41,14,*,*,*,*,*,*,*,*,*
2024,Census Tract,1003800,310,845,"1,118",278,15,9.00,10.25,8.13,8.63,209,4.33,4.92,57,*,*,*,*,*,*,0,0.00,0.00
2024,Census Tract,1003900,116,"2,085","3,171",84,*,9.00,18.42,10.00,11.35,73,3.96,5.87,21,19,1.00,2.02,13,1.00,1.03,0,0.00,0.00
2024,Census Tract,1004001,114,750,"1,048",107,*,10.00,10.94,10.00,9.56,97,4.09,4.46,31,*,*,*,*,*,*,0,0.00,0.00
2024,Census Tract,1004002,79,"1,339","1,666",71,*,11.00,11.05,10.01,11.54,64,5.21,5.44,*,*,*,*,*,*,*,0,0.00,0.00
2024,Census Tract,1004100,362,"1,000","1,560",316,20,9.00,14.37,5.00,6.71,234,2.71,3.43,80,18,1.00,5.52,28,1.00,2.04,*,*,*
2024,Census Tract,1004200,62,"1,985","4,608",52,*,9.00,10.88,10.44,11.89,43,6.33,6.03,11,*,*,*,*,*,*,0,0.00,0.00
2024,Census Tract,1004300,250,"1,015","2,691",222,*,15.00,19.97,8.10,9.26,183,4.09,5.20,47,12,1.00,3.18,16,1.25,1.64,*,*,*
2024,Census Tract,1004400,22,"1,869","3,697",20,- 0,8.00,8.05,10.19,13.14,- 0,0.00,0.00,- 0,*,*,*,*,*,*,0,0.00,0.00
2024,Census Tract,1004500,163,"2,000","2,607",135,14,13.00,20.57,7.06,8.42,101,4.25,4.89,25,*,*,*,*,*,*,*,*,*
2024,Census Tract,1004700,244,"2,000","3,149",187,10,13.00,17.58,10.00,10.14,163,3.92,6.26,42,32,1.00,2.78,25,1.00,1.93,*,*,*
2024,Census Tract,1004800,70,"1,100","1,940",58,*,9.00,12.53,5.15,9.40,37,4.84,7.02,*,*,*,*,*,*,*,0,0.00,0.00
2024,Census Tract,1004900,357,"2,126","3,155",302,16,16.00,24.42,10.00,11.13,257,4.16,6.39,59,36,1.00,3.59,19,1.00,3.17,*,*,*
2024,Census Tract,1005000,86,"1,485","5,372",73,*,10.00,12.22,11.05,12.57,61,6.16,6.32,*,*,*,*,*,*,*,0,0.00,0.00
2024,Census Tract,1005200,132,"3,277","6,219",105,*,11.00,20.89,10.95,15.43,88,5.84,7.62,14,*,*,*,*,*,*,0,0.00,0.00
2024,Census Tract,1005400,161,"2,760","5,206",139,10,8.33,16.60,10.67,14.69,118,5.96,7.63,24,*,*,*,*,*,*,0,0.00,0.00
2024,Census Tract,1005501,33,"2,250","4,335",26,- 0,13.00,13.85,10.61,17.45,26,5.56,5.48,*,*,*,*,*,*,*,0,0.00,0.00
2024,Census Tract,1005502,114,"2,500","6,044",96,*,12.00,14.44,10.00,11.06,73,5.81,7.91,11,*,*,*,*,*,*,0,0.00,0.00
2024,Census Tract,1005600,90,"3,326","6,305",80,*,10.33,25.67,12.48,14.26,72,6.05,7.20,11,- 0,0.00,0.00,10,1.19,1.58,*,*,*
2024,Census Tract,1005700,59,"2,726","5,312",49,*,11.00,10.84,15.00,18.89,45,7.67,11.06,*,*,*,*,*,*,*,0,0.00,0.00
2024,Census Tract,1005800,232,"2,369","4,441",197,10,10.00,18.32,10.20,11.79,168,4.83,6.24,41,*,*,*,*,*,*,0,0.00,0.00
2024,Census Tract,1005900,93,"1,000","2,153",80,*,11.00,12.23,10.01,12.61,74,4.25,4.61,19,*,*,*,*,*,*,0,0.00,0.00
2024,Census Tract,1006100,131,"2,250","4,808",100,*,11.00,13.04,10.97,12.34,81,4.50,6.26,22,20,38.39,24.38,11,1.00,1.20,*,*,*
2024,Census Tract,1006200,17,"1,682","4,427",14,- 0,2.00,2.43,20.00,16.53,13,1.08,1.60,10,*,*,*,*,*,*,0,0.00,0.00
2024,Census Tract,1006300,136,"1,500","2,535",119,*,10.00,11.21,10.05,13.00,111,4.67,5.80,21,*,*,*,*,*,*,0,0.00,0.00
2024,Census Tract,1006400,88,"1,100","1,933",72,*,9.00,8.90,10.01,10.82,57,3.75,4.47,15,*,*,*,*,*,*,*,*,*
2024,Census Tract,1006500,184,"1,193","1,545",158,*,11.50,12.79,10.01,11.27,131,5.16,5.55,28,13,1.00,9.78,13,1.00,1.50,0,0.00,0.00
2024,Census Tract,1006600,77,"1,126","3,184",65,*,8.00,8.74,10.00,12.27,57,4.84,5.11,12,*,*,*,*,*,*,0,0.00,0.00
2024,Census Tract,1006700,165,900,"1,491",141,*,14.00,23.12,10.01,11.36,109,6.50,6.81,20,*,*,*,*,*,*,0,0.00,0.00
2024,Census Tract,1006800,161,"1,297","2,692",127,*,10.00,13.12,10.01,12.26,101,6.25,7.58,12,*,*,*,*,*,*,0,0.00,0.00
2024,Census Tract,1006900,21,"2,684","3,851",20,*,6.00,12.60,12.42,13.91,17,6.25,5.19,*,*,*,*,*,*,*,0,0.00,0.00
2024,Census Tract,1007001,28,"1,395","4,046",25,*,8.00,24.68,10.00,11.88,19,3.67,4.32,*,*,*,*,*,*,*,0,0.00,0.00
2024,Census Tract,1007002,74,900,"1,930",61,- 0,13.00,28.06,10.03,11.15,52,6.33,6.33,*,*,*,*,*,*,*,0,0.00,0.00
2024,Census Tract,1007100,133,"1,000","1,738",123,*,11.00,22.41,10.01,11.03,109,3.92,5.25,25,*,*,*,*,*,*,0,0.00,0.00
2024,Census Tract,1007200,144,"1,500","3,080",125,*,9.00,23.32,10.55,13.04,102,4.63,5.58,20,*,*,*,*,*,*,*,*,*
2024,Census Tract,1007300,187,800,"1,199",171,*,16.00,24.30,10.01,10.47,146,4.88,5.40,32,*,*,*,*,*,*,0,0.00,0.00
2024,Census Tract,1007400,212,"2,188","3,879",179,10,9.00,16.81,10.52,12.31,160,5.21,5.91,35,13,1.00,3.27,20,1.00,2.56,0,0.00,0.00
2024,Census Tract,1007500,60,"1,000","1,936",56,*,12.50,27.50,10.00,10.68,43,5.16,5.06,*,*,*,*,*,*,*,0,0.00,0.00
2024,Census Tract,1007600,265,"2,000","4,077",220,10,12.00,24.80,10.01,10.49,192,4.05,5.15,50,11,1.00,14.13,34,1.00,2.05,*,*,*
2024,Census Tract,1007700,131,900,"1,381",120,*,15.00,18.14,10.26,12.46,101,5.33,5.18,27,*,*,*,*,*,*,0,0.00,0.00
2024,Census Tract,1007800,87,"1,000","1,742",71,- 0,8.43,9.40,10.01,9.71,61,3.93,4.82,20,- 0,0.00,0.00,16,2.00,2.39,0,0.00,0.00
2024,Census Tract,1007900,100,"2,305","4,454",87,*,17.00,41.91,10.57,11.57,76,4.86,5.42,16,*,*,*,*,*,*,0,0.00,0.00
2024,Census Tract,1008000,139,"1,260","2,683",106,*,11.50,28.11,10.47,12.71,77,5.25,5.84,17,12,2.00,2.58,21,1.87,3.66,0,0.00,0.00
2024,Census Tract,1008100,161,"1,650","3,217",143,*,9.00,19.70,10.03,11.82,125,5.33,5.52,28,*,*,*,*,*,*,0,0.00,0.00
2024,Census Tract,1008200,170,"2,146","3,442",131,*,11.00,17.92,10.59,12.70,115,5.25,5.68,18,*,*,*,*,*,*,0,0.00,0.00
2024,Census Tract,1008300,73,"2,250","5,407",52,*,11.50,25.16,11.98,12.64,47,4.09,4.73,12,*,*,*,*,*,*,0,0.00,0.00
2024,Census Tract,1008400,154,"2,089","3,152",131,*,9.00,29.89,10.17,11.03,112,5.00,6.06,14,12,1.00,7.34,11,1.00,0.86,*,*,*
2024,Census Tract,1008603,24,875,"1,363",21,*,7.00,17.81,10.01,11.05,19,4.09,5.90,*,*,*,*,*,*,*,0,0.00,0.00
2024,Census Tract,1008700,104,"1,450","3,770",86,*,12.00,31.17,10.00,10.71,80,4.75,5.40,15,*,*,*,*,*,*,0,0.00,0.00
2024,Census Tract,1008800,79,"1,773","3,586",66,- 0,9.00,42.06,12.01,14.89,55,4.16,5.97,12,*,*,*,*,*,*,0,0.00,0.00
2024,Census Tract,1008900,46,"1,500","1,974",39,- 0,11.00,21.01,9.98,8.52,33,4.33,5.20,*,*,*,*,*,*,*,0,0.00,0.00
2024,Census Tract,1009000,107,"1,000","3,587",85,*,9.50,17.93,10.00,12.09,60,4.50,5.13,16,*,*,*,*,*,*,0,0.00,0.00
2024,Census Tract,1009100,169,"1,739","3,398",142,*,9.00,15.01,10.00,9.18,100,4.58,4.85,28,*,*,*,*,*,*,0,0.00,0.00
2024,Census Tract,1009200,171,"1,860","3,572",126,*,15.00,26.15,12.26,16.39,115,5.58,6.83,20,*,*,*,*,*,*,*,*,*
2024,Census Tract,1009300,70,"1,427","2,187",65,- 0,10.00,21.54,10.01,12.34,52,4.58,4.89,*,*,*,*,*,*,*,0,0.00,0.00
2024,Census Tract,1009400,137,"2,895","5,970",107,*,13.00,26.39,12.51,14.23,100,5.94,6.59,24,*,*,*,*,*,*,*,*,*
2024,Census Tract,1009500,218,"2,108","3,199",172,13,7.00,14.28,10.01,11.73,143,3.25,5.26,48,10,1.00,5.85,36,1.00,1.29,0,0.00,0.00
2024,Census Tract,1009600,334,"1,111","3,012",302,*,21.00,27.05,7.00,9.83,248,3.54,4.52,78,*,*,*,*,*,*,0,0.00,0.00
2024,Census Tract,1009700,13,"1,500","8,539",12,- 0,4.00,30.75,9.17,7.35,*,*,*,*,*,*,*,*,*,*,0,0.00,0.00
2024,Census Tract,1009800,171,"1,400","1,926",126,*,8.00,19.51,10.30,12.82,110,5.50,5.77,24,10,1.00,5.82,35,1.00,2.58,*,*,*
2024,Census Tract,1009901,125,"2,828","4,942",106,*,8.00,16.53,11.08,13.31,95,5.92,7.35,18,*,*,*,*,*,*,0,0.00,0.00
2024,Census Tract,1009902,72,"2,467","6,023",53,*,6.00,11.28,10.54,14.10,49,5.42,8.63,*,*,*,*,*,*,*,0,0.00,0.00
2024,Census Tract,1009903,51,"3,459","7,692",45,*,8.00,11.76,11.38,12.89,44,8.54,9.59,*,*,*,*,*,*,*,0,0.00,0.00
2024,Census Tract,1010000,113,"1,760","3,693",100,*,11.00,21.58,12.12,14.06,90,7.17,6.85,12,*,*,*,*,*,*,0,0.00,0.00
2024,Census Tract,1010100,156,"2,438","4,985",125,*,10.00,18.51,10.71,12.75,114,5.42,5.79,19,*,*,*,*,*,*,*,*,*
2024,Census Tract,1010200,158,"2,213","3,500",132,11,15.00,31.13,11.92,14.86,122,5.13,5.92,25,*,*,*,*,*,*,0,0.00,0.00
2024,Census Tract,1010300,155,"1,251","6,349",95,*,16.00,32.84,10.57,12.71,86,7.09,8.37,*,*,*,*,*,*,*,0,0.00,0.00
2024,Census Tract,1010400,231,"2,200","4,049",179,*,13.00,23.48,15.07,16.73,170,5.55,6.75,39,12,1.00,5.02,40,1.00,2.48,0,0.00,0.00
2024,Census Tract,1010601,32,828,"1,690",26,*,13.00,13.12,10.71,13.82,20,5.21,4.46,*,*,*,*,*,*,*,0,0.00,0.00
2024,Census Tract,1010602,28,"1,186","4,802",27,*,9.00,13.30,10.00,10.59,25,3.25,5.06,10,*,*,*,*,*,*,0,0.00,0.00
2024,Census Tract,1010801,44,"1,000","2,083",36,- 0,11.00,11.79,10.00,9.82,22,6.00,5.34,*,*,*,*,*,*,*,0,0.00,0.00
2024,Census Tract,1010802,47,"1,200","1,966",43,- 0,9.00,15.21,10.00,10.82,34,4.79,5.24,*,*,*,*,*,*,*,0,0.00,0.00
2024,Census Tract,1010803,78,"1,765","3,694",68,*,8.00,13.21,10.42,13.22,56,4.67,5.83,15,- 0,0.00,0.00,10,1.00,1.50,0,0.00,0.00
2024,Census Tract,1010900,288,"2,167","4,193",243,*,6.00,18.79,10.51,13.26,215,4.92,6.03,40,*,*,*,*,*,*,*,*,*
2024,Census Tract,1011000,144,"1,200","2,768",117,11,10.00,16.45,10.01,10.45,96,5.52,5.55,25,*,*,*,*,*,*,0,0.00,0.00
2024,Census Tract,1011100,120,"1,348","2,829",103,*,8.00,19.74,10.01,12.42,89,4.58,6.62,20,*,*,*,*,*,*,0,0.00,0.00
2024,Census Tract,1011201,88,"2,043","5,910",57,*,11.00,43.12,12.42,14.93,44,6.54,7.15,*,*,*,*,*,*,*,*,*,*
2024,Census Tract,1011202,75,"3,069","8,556",61,*,18.00,36.99,10.75,14.43,60,6.58,6.66,*,*,*,*,*,*,*,0,0.00,0.00
2024,Census Tract,1011203,110,"2,008","5,860",89,*,15.00,24.51,10.75,12.85,85,5.92,6.37,17,*,*,*,*,*,*,0,0.00,0.00
2024,Census Tract,1011300,221,"2,250","5,496",192,*,12.00,22.49,11.00,14.21,166,6.00,6.54,36,*,*,*,*,*,*,0,0.00,0.00
2024,Census Tract,1011401,60,"2,860","9,500",50,*,16.00,33.46,10.98,12.21,47,5.67,6.33,11,*,*,*,*,*,*,0,0.00,0.00
2024,Census Tract,1011402,122,"1,176","3,187",107,11,13.00,27.15,10.07,13.17,95,5.09,6.86,18,*,*,*,*,*,*,0,0.00,0.00
2024,Census Tract,1011500,65,"1,500","3,152",54,*,10.00,14.58,10.01,10.35,43,6.33,7.27,*,*,*,*,*,*,*,*,*,*
2024,Census Tract,1011600,21,"1,480","3,797",15,- 0,7.00,15.31,8.42,8.19,*,*,*,*,*,*,*,*,*,*,0,0.00,0.00
2024,Census Tract,1011700,11,838,"13,968",*,- 0,*,*,*,*,*,*,*,- 0,*,*,*,*,*,*,0,0.00,0.00
2024,Census Tract,1011800,96,"1,150","2,781",92,*,10.00,11.32,10.56,13.19,82,4.37,5.22,28,*,*,*,*,*,*,0,0.00,0.00
2024,Census Tract,1011900,126,"3,161","18,646",107,*,26.00,60.70,15.15,16.97,96,6.52,7.27,13,*,*,*,*,*,*,*,*,*
2024,Census Tract,1012000,84,"1,475","2,418",69,*,12.00,19.32,10.01,10.09,54,4.96,5.33,13,*,*,*,*,*,*,0,0.00,0.00
2024,Census Tract,1012101,70,"1,434","3,295",60,*,14.00,30.30,11.33,13.06,50,5.67,6.85,*,*,*,*,*,*,*,0,0.00,0.00
2024,Census Tract,1012102,52,"1,342","2,430",50,*,11.00,23.35,10.41,16.00,48,5.25,5.47,14,*,*,*,*,*,*,0,0.00,0.00
2024,Census Tract,1012200,122,"1,333","2,246",92,*,24.00,40.40,10.09,14.30,71,5.09,5.43,19,14,4.00,3.36,16,1.00,1.07,*,*,*
2024,Census Tract,1012400,64,900,"1,669",57,*,12.00,21.59,10.01,11.07,49,5.33,5.82,*,*,*,*,*,*,*,0,0.00,0.00
2024,Census Tract,1012500,116,"2,797","5,070",97,*,14.00,23.71,15.37,18.20,90,8.38,8.94,12,*,*,*,*,*,*,0,0.00,0.00
2024,Census Tract,1012601,59,960,"2,362",52,*,10.00,17.46,8.58,9.63,33,5.25,5.30,*,*,*,*,*,*,*,0,0.00,0.00
2024,Census Tract,1012602,52,"1,352","1,904",48,*,13.00,17.14,10.09,11.44,40,6.17,5.80,*,*,*,*,*,*,*,0,0.00,0.00
2024,Census Tract,1012700,169,"1,100","1,837",143,*,10.23,29.18,10.01,10.60,116,4.21,4.92,36,11,1.00,8.64,15,1.00,1.94,0,0.00,0.00
2024,Census Tract,1012800,141,"1,000","2,129",129,*,9.00,14.01,10.00,11.47,100,3.71,5.15,26,*,*,*,*,*,*,0,0.00,0.00
2024,Census Tract,1012901,42,"2,158","7,481",40,- 0,5.00,5.70,12.38,13.39,34,5.07,6.66,*,*,*,*,*,*,*,0,0.00,0.00
2024,Census Tract,1012902,28,"1,040","4,634",19,*,8.00,34.05,10.00,9.47,18,4.25,4.67,*,*,*,*,*,*,*,0,0.00,0.00
2024,Census Tract,1013000,85,"1,200","2,591",65,- 0,21.00,31.88,10.01,14.95,52,3.71,6.66,11,*,*,*,*,*,*,0,0.00,0.00
2024,Census Tract,1013100,117,"2,030","6,435",102,*,12.00,28.28,14.03,15.40,85,6.67,7.46,15,*,*,*,*,*,*,0,0.00,0.00
2024,Census Tract,1013201,37,980,"1,471",34,*,9.00,11.85,10.03,12.02,31,5.00,4.74,*,*,*,*,*,*,*,0,0.00,0.00
2024,Census Tract,1013203,42,940,"1,418",39,*,12.00,29.29,10.00,11.57,32,4.58,4.62,*,*,*,*,*,*,*,0,0.00,0.00
2024,Census Tract,1013300,124,982,"1,506",113,*,15.00,26.87,10.01,11.23,95,5.50,5.50,20,*,*,*,*,*,*,0,0.00,0.00
2024,Census Tract,1013400,168,914,"1,782",155,*,10.00,15.99,10.00,10.74,133,3.58,4.49,46,- 0,0.00,0.00,13,1.00,2.20,0,0.00,0.00
2024,Census Tract,1013501,26,"1,500","2,488",20,- 0,7.50,44.50,15.01,16.11,19,6.58,6.90,*,*,*,*,*,*,*,0,0.00,0.00
2024,Census Tract,1013502,43,"6,500","19,285",41,*,7.00,11.30,15.01,13.42,38,7.59,7.80,*,*,*,*,*,*,*,0,0.00,0.00
2024,Census Tract,1013602,13,700,"2,695",13,- 0,65.00,50.54,6.67,9.11,12,2.42,2.95,*,- 0,0.00,0.00,- 0,0.00,0.00,0,0.00,0.00
2024,Census Tract,1013603,22,619,"1,451",20,*,7.50,9.75,7.13,10.31,10,7.17,6.49,*,*,*,*,*,*,*,0,0.00,0.00
2024,Census Tract,1013604,42,830,"1,088",40,*,9.00,15.08,5.02,6.80,26,3.71,4.39,*,*,*,*,*,*,*,0,0.00,0.00
2024,Census Tract,1013700,164,"1,925","6,269",131,*,11.00,14.31,12.01,15.90,117,6.25,7.26,15,*,*,*,*,*,*,0,0.00,0.00
2024,Census Tract,1013800,154,713,"1,407",144,*,9.00,13.41,10.00,10.57,108,3.75,4.16,37,*,*,*,*,*,*,0,0.00,0.00
2024,Census Tract,1013900,142,"1,100","2,205",128,*,12.00,16.01,10.60,13.24,113,6.00,6.00,17,*,*,*,*,*,*,*,*,*
2024,Census Tract,1014000,179,826,"1,373",157,*,15.00,24.42,10.34,13.20,142,4.33,5.15,37,*,*,*,*,*,*,0,0.00,0.00
2024,Census Tract,1014200,114,"1,105","1,565",85,*,19.00,30.68,10.00,12.75,73,3.42,5.21,24,*,*,*,*,*,*,*,*,*
2024,Census Tract,1014401,28,"1,225","1,815",28,*,7.00,11.64,2.57,9.13,13,4.75,5.34,*,- 0,0.00,0.00,- 0,0.00,0.00,0,0.00,0.00
2024,Census Tract,1014402,40,750,"1,217",34,- 0,8.67,14.36,5.60,8.11,29,2.50,3.44,11,*,*,*,*,*,*,0,0.00,0.00
2024,Census Tract,1014500,51,"3,388","6,955",42,- 0,11.00,15.38,15.02,15.87,38,5.63,5.84,*,*,*,*,*,*,*,0,0.00,0.00
2024,Census Tract,1014601,98,"1,339","2,449",77,*,10.00,13.22,10.75,12.80,70,3.75,4.62,20,*,*,*,*,*,*,0,0.00,0.00
2024,Census Tract,1014602,67,"1,500","2,951",59,*,10.00,18.02,10.25,11.11,48,4.79,4.89,14,*,*,*,*,*,*,*,*,*
2024,Census Tract,1014700,14,"1,771","4,551",10,- 0,8.00,25.17,15.01,15.61,10,6.58,6.52,*,*,*,*,*,*,*,0,0.00,0.00
2024,Census Tract,1014801,45,"1,677","3,755",42,*,13.00,21.69,14.47,15.24,35,5.92,9.08,*,*,*,*,*,*,*,0,0.00,0.00
2024,Census Tract,1014802,88,"1,200","2,889",79,- 0,11.00,18.63,10.03,11.55,60,4.42,6.30,17,*,*,*,*,*,*,0,0.00,0.00
2024,Census Tract,1014900,35,"2,558","5,862",27,- 0,10.00,12.14,16.01,19.28,23,2.83,6.27,*,*,*,*,*,*,*,0,0.00,0.00
2024,Census Tract,1015001,33,"1,600","2,403",26,- 0,15.50,48.38,10.28,14.36,26,4.58,7.35,*,*,*,*,*,*,*,0,0.00,0.00
2024,Census Tract,1015002,58,"1,025","1,460",49,*,16.00,18.55,10.01,11.41,46,4.75,5.66,10,*,*,*,*,*,*,0,0.00,0.00
2024,Census Tract,1015102,33,"2,422","6,035",25,- 0,6.00,6.20,15.01,14.88,24,6.75,6.83,*,*,*,*,*,*,*,0,0.00,0.00
2024,Census Tract,1015200,39,800,"1,346",29,*,7.00,7.62,10.01,11.31,29,6.00,5.46,*,- 0,0.00,0.00,10,1.88,1.83,0,0.00,0.00
2024,Census Tract,1015301,30,"1,040","1,680",28,- 0,20.50,24.29,11.78,13.10,27,5.09,5.24,*,*,*,*,*,*,*,0,0.00,0.00
2024,Census Tract,1015302,85,"1,500","13,126",78,*,12.25,15.04,10.48,13.59,66,5.09,6.54,15,*,*,*,*,*,*,0,0.00,0.00
2024,Census Tract,1015401,32,"1,000","2,837",30,*,7.50,12.76,10.01,10.98,23,5.33,5.74,*,*,*,*,*,*,*,0,0.00,0.00
2024,Census Tract,1015402,39,"1,400","1,422",33,*,8.00,10.53,9.97,8.37,26,3.93,4.69,*,*,*,*,*,*,*,0,0.00,0.00
2024,Census Tract,1015403,23,"5,914","8,041",22,- 0,5.00,6.11,14.47,13.20,21,6.09,5.28,*,*,*,*,*,*,*,0,0.00,0.00
2024,Census Tract,1015501,21,"1,562","4,058",17,- 0,9.00,7.94,10.70,12.40,15,5.86,5.96,*,*,*,*,*,*,*,0,0.00,0.00
2024,Census Tract,1015502,14,"2,778","8,349",10,- 0,4.00,4.00,15.35,16.18,*,*,*,*,*,*,*,*,*,*,0,0.00,0.00
2024,Census Tract,1015601,25,"1,500","5,374",21,*,6.00,20.48,10.07,11.20,19,4.00,4.99,*,*,*,*,*,*,*,0,0.00,0.00
2024,Census Tract,1015700,177,"1,000","1,417",158,12,12.00,14.53,10.01,11.12,130,3.92,4.87,32,*,*,*,*,*,*,0,0.00,0.00
2024,Census Tract,1015801,58,"1,016","1,402",47,*,9.00,10.89,10.01,12.18,42,7.13,6.53,*,*,*,*,*,*,*,0,0.00,0.00
2024,Census Tract,1015802,21,970,"1,392",19,- 0,9.00,10.00,10.01,10.74,16,6.47,5.84,*,*,*,*,*,*,*,0,0.00,0.00
2024,Census Tract,1015900,52,"1,500","4,733",47,*,8.00,10.70,10.25,10.56,42,6.25,6.59,*,*,*,*,*,*,*,0,0.00,0.00
2024,Census Tract,1016001,35,"1,000","1,291",26,- 0,13.00,13.38,9.00,8.87,22,3.75,4.45,*,*,*,*,*,*,*,0,0.00,0.00
2024,Census Tract,1016100,59,"1,200","1,722",54,*,13.00,13.09,11.26,13.27,47,4.42,4.49,12,*,*,*,*,*,*,0,0.00,0.00
2024,Census Tract,1016200,19,"1,865","4,520",18,- 0,1.00,1.61,16.67,15.50,18,0.67,2.06,*,*,*,*,*,*,*,0,0.00,0.00
2024,Census Tract,1016300,63,"1,825","3,797",51,- 0,12.00,13.09,10.01,10.04,31,5.50,6.74,*,- 0,0.00,0.00,12,1.50,1.82,0,0.00,0.00
2024,Census Tract,1016400,10,"2,288","4,482",*,- 0,*,*,*,*,*,*,*,*,*,*,*,*,*,*,0,0.00,0.00
2024,Census Tract,1016500,75,"1,046","1,687",68,*,12.00,12.42,10.01,11.40,55,3.50,4.40,16,*,*,*,*,*,*,0,0.00,0.00
2024,Census Tract,1016600,77,728,"1,342",68,*,5.00,5.78,8.67,8.69,49,3.92,4.91,12,*,*,*,*,*,*,0,0.00,0.00
2024,Census Tract,1016700,109,"1,015","2,375",101,*,10.00,13.11,10.05,11.79,97,4.33,4.46,23,*,*,*,*,*,*,0,0.00,0.00
2024,Census Tract,1016900,74,838,"1,367",67,- 0,12.00,12.02,10.01,11.94,62,4.75,6.13,14,*,*,*,*,*,*,0,0.00,0.00
2024,Census Tract,1017000,81,"1,200","1,820",76,*,5.00,8.13,8.61,8.96,50,4.75,5.43,12,*,*,*,*,*,*,0,0.00,0.00
2024,Census Tract,1017100,68,995,"2,355",57,*,12.00,14.48,10.75,15.16,55,6.25,5.85,*,*,*,*,*,*,*,0,0.00,0.00
2024,Census Tract,1017200,122,960,"1,257",112,*,4.00,5.25,5.00,7.85,70,1.62,2.38,41,*,*,*,*,*,*,0,0.00,0.00
2024,Census Tract,1017300,41,"1,599","3,011",36,*,8.00,7.92,11.64,13.07,28,5.67,6.42,*,*,*,*,*,*,*,0,0.00,0.00
2024,Census Tract,1017402,20,"1,599","3,266",15,*,4.50,5.71,10.00,10.15,13,6.25,5.17,*,*,*,*,*,*,*,0,0.00,0.00
2024,Census Tract,1017500,60,"1,188","2,191",54,- 0,11.00,12.51,10.00,10.80,38,4.42,4.83,*,*,*,*,*,*,*,0,0.00,0.00
2024,Census Tract,1017700,32,"1,958","5,508",31,*,8.00,7.55,12.01,12.69,28,7.44,7.25,*,*,*,*,*,*,*,0,0.00,0.00
2024,Census Tract,1017800,34,959,"28,059",17,*,3.00,4.53,7.00,11.53,11,7.75,8.19,- 0,*,*,*,*,*,*,0,0.00,0.00
2024,Census Tract,1017900,62,"1,174","1,907",55,*,10.00,12.76,10.05,11.42,45,4.67,6.04,12,*,*,*,*,*,*,0,0.00,0.00
2024,Census Tract,1018000,46,"1,215","1,287",40,*,3.00,5.49,4.96,6.23,23,3.33,3.89,*,*,*,*,*,*,*,0,0.00,0.00
2024,Census Tract,1018100,26,"2,120","3,914",25,*,8.00,8.00,10.01,9.33,22,4.96,5.54,*,*,*,*,*,*,*,0,0.00,0.00
2024,Census Tract,1018200,84,"1,200","1,712",76,*,6.00,6.39,7.00,8.32,54,3.67,4.14,14,*,*,*,*,*,*,0,0.00,0.00
2024,Census Tract,1018300,70,"1,200","1,999",59,- 0,11.00,11.24,10.01,13.68,57,3.84,5.10,10,- 0,0.00,0.00,11,1.00,1.36,0,0.00,0.00
2024,Census Tract,1018400,61,"1,000","2,112",49,- 0,3.22,3.73,10.00,9.59,30,3.53,4.08,10,*,*,*,*,*,*,0,0.00,0.00
2024,Census Tract,1018500,26,"5,284","14,475",23,*,6.00,8.70,15.01,15.19,23,5.52,7.65,*,*,*,*,*,*,*,0,0.00,0.00
2024,Census Tract,1018600,12,"1,013","1,766",12,*,5.50,5.75,12.80,17.56,11,7.67,7.13,- 0,- 0,0.00,0.00,- 0,0.00,0.00,0,0.00,0.00
2024,Census Tract,1018700,61,"1,050","1,929",57,*,9.00,9.56,10.01,10.94,46,4.96,5.32,*,*,*,*,*,*,*,*,*,*
2024,Census Tract,1018800,87,850,"1,226",76,*,4.00,6.38,5.00,6.49,45,3.16,4.44,13,*,*,*,*,*,*,0,0.00,0.00
2024,Census Tract,1018900,44,885,"1,082",42,- 0,5.00,6.85,10.00,10.81,42,3.96,4.32,11,*,*,*,*,*,*,0,0.00,0.00
2024,Census Tract,1019000,27,"2,500","4,873",22,- 0,4.00,3.49,1.29,5.12,11,2.25,3.03,*,*,*,*,*,*,*,0,0.00,0.00
2024,Census Tract,1019100,59,"1,025","2,033",54,*,9.00,10.58,9.98,9.56,39,4.33,4.99,12,*,*,*,*,*,*,0,0.00,0.00
2024,Census Tract,1019300,69,750,"1,002",62,*,6.00,7.02,10.00,9.80,55,2.41,3.52,25,*,*,*,*,*,*,0,0.00,0.00
2024,Census Tract,1019400,30,"1,053","2,968",19,- 0,3.00,3.47,1.00,4.16,*,*,*,*,*,*,*,*,*,*,0,0.00,0.00
2024,Census Tract,1019500,65,"1,000","1,649",61,*,10.00,9.81,10.04,12.11,53,6.67,7.19,*,*,*,*,*,*,*,0,0.00,0.00
2024,Census Tract,1019600,53,"2,300","4,943",43,*,6.00,11.39,10.01,11.24,35,4.33,6.10,*,*,*,*,*,*,*,0,0.00,0.00
2024,Census Tract,1019702,18,750,"1,057",16,*,7.50,10.33,9.71,8.91,*,*,*,*,*,*,*,*,*,*,0,0.00,0.00
2024,Census Tract,1019800,48,"1,375","2,210",42,*,6.00,6.46,8.50,8.32,26,5.79,6.05,*,*,*,*,*,*,*,0,0.00,0.00
2024,Census Tract,1019900,52,"1,626","2,638",48,*,13.00,13.96,10.55,12.51,45,3.75,4.82,12,*,*,*,*,*,*,0,0.00,0.00
2024,Census Tract,1020000,59,"1,611","2,962",51,*,6.42,8.37,10.05,10.87,45,6.00,6.26,*,*,*,*,*,*,*,0,0.00,0.00
2024,Census Tract,1020102,25,"1,418","2,426",22,*,4.54,5.02,1.00,5.26,10,6.02,6.30,*,*,*,*,*,*,*,0,0.00,0.00
2024,Census Tract,1020600,20,"1,087","1,615",20,*,4.00,4.80,7.50,8.94,18,2.46,2.68,*,- 0,0.00,0.00,- 0,0.00,0.00,0,0.00,0.00
2024,Census Tract,1020701,13,"1,174","1,997",10,*,2.50,3.10,9.80,9.05,*,*,*,*,*,*,*,*,*,*,0,0.00,0.00
2024,Census Tract,1020800,21,690,917,19,- 0,6.00,7.27,5.00,6.33,10,5.34,5.55,*,*,*,*,*,*,*,0,0.00,0.00
2024,Census Tract,1020901,35,"1,411","2,507",31,*,6.00,6.71,10.05,11.91,28,3.84,5.75,*,*,*,*,*,*,*,0,0.00,0.00
2024,Census Tract,1021100,57,"1,014","3,136",55,*,6.00,7.00,10.01,13.02,45,5.16,6.55,11,*,*,*,*,*,*,0,0.00,0.00
2024,Census Tract,1021200,53,"1,200","2,197",27,- 0,4.00,4.15,22.01,22.97,26,2.00,3.41,12,- 0,0.00,0.00,26,10.76,10.57,0,0.00,0.00
2024,Census Tract,1021303,24,850,"1,558",21,*,5.00,4.38,12.00,11.28,19,5.00,6.03,*,*,*,*,*,*,*,0,0.00,0.00
2024,Census Tract,1021500,20,"1,000","2,716",18,*,3.00,5.11,8.42,8.38,13,5.28,4.71,*,*,*,*,*,*,*,0,0.00,0.00
2024,Census Tract,1021600,33,950,"1,482",29,*,6.00,6.03,9.42,8.35,19,4.50,4.86,*,*,*,*,*,*,*,0,0.00,0.00
2024,Census Tract,1021800,84,"1,076","1,988",68,*,5.21,5.65,10.00,9.06,51,4.67,4.94,11,*,*,*,*,*,*,0,0.00,0.00
2024,Census Tract,1021900,54,"1,098","3,444",42,- 0,4.00,6.12,8.54,8.24,23,3.67,4.34,*,- 0,0.00,0.00,12,1.92,2.14,0,0.00,0.00
2024,Census Tract,1022000,42,994,"1,149",39,*,5.00,5.75,5.00,6.57,29,2.67,3.35,10,*,*,*,*,*,*,0,0.00,0.00
2024,Census Tract,1022200,76,"2,779","6,873",63,- 0,8.00,9.05,11.03,14.26,55,5.00,6.50,12,*,*,*,*,*,*,0,0.00,0.00
2024,Census Tract,1022301,56,968,"1,349",54,*,7.00,7.11,10.01,9.97,38,4.81,5.33,*,*,*,*,*,*,*,0,0.00,0.00
2024,Census Tract,1022400,32,"1,950","2,599",31,*,4.00,4.75,5.58,7.84,23,2.67,3.69,*,*,*,*,*,*,*,0,0.00,0.00
2024,Census Tract,1022500,93,864,"1,130",87,*,8.00,7.76,10.00,9.15,69,4.67,4.62,14,*,*,*,*,*,*,0,0.00,0.00
2024,Census Tract,1022600,68,800,"1,066",60,*,5.00,6.07,9.92,8.42,44,3.49,4.03,13,*,*,*,*,*,*,0,0.00,0.00
2024,Census Tract,1022700,36,540,"1,569",28,*,7.50,9.68,10.01,11.01,25,4.50,5.07,*,*,*,*,*,*,*,0,0.00,0.00
2024,Census Tract,1022800,57,990,"1,064",49,12,5.00,5.99,7.00,7.77,32,3.96,4.12,*,*,*,*,*,*,*,0,0.00,0.00
2024,Census Tract,1022900,108,"1,007","1,562",98,*,7.58,8.08,9.25,9.87,76,4.33,5.64,16,*,*,*,*,*,*,0,0.00,0.00
2024,Census Tract,1023000,53,950,"1,180",50,*,4.00,4.67,6.78,8.42,37,3.92,4.33,10,*,*,*,*,*,*,0,0.00,0.00
2024,Census Tract,1023100,41,816,"1,018",32,*,4.75,6.11,6.58,7.44,25,4.00,4.27,*,*,*,*,*,*,*,0,0.00,0.00
2024,Census Tract,1023200,81,800,"1,665",69,*,5.00,4.99,5.00,6.76,55,2.41,3.22,21,- 0,0.00,0.00,12,2.83,3.23,0,0.00,0.00
2024,Census Tract,1023300,81,820,"1,440",67,*,7.00,7.12,10.01,11.48,54,4.67,5.13,*,- 0,0.00,0.00,14,1.00,2.65,0,0.00,0.00
2024,Census Tract,1023400,27,948,"1,287",25,*,4.00,4.60,2.00,4.98,*,*,*,- 0,*,*,*,*,*,*,0,0.00,0.00
2024,Census Tract,1023501,11,"1,200","1,439",11,- 0,5.00,5.00,10.01,9.91,10,4.63,4.50,*,- 0,0.00,0.00,- 0,0.00,0.00,0,0.00,0.00
2024,Census Tract,1023600,26,960,"1,926",23,*,1.00,2.65,8.84,8.57,17,1.50,4.31,*,*,*,*,*,*,*,0,0.00,0.00
2024,Census Tract,1023700,40,700,"2,792",39,*,5.00,6.21,6.00,7.64,27,3.00,3.56,12,*,*,*,*,*,*,0,0.00,0.00
2024,Census Tract,1023804,15,"1,546","2,224",*,*,*,*,*,*,*,*,*,*,*,*,*,*,*,*,*,*,*
2024,Census Tract,1023900,17,750,895,15,*,4.00,4.12,6.51,8.05,10,4.58,6.05,*,*,*,*,*,*,*,0,0.00,0.00
2024,Census Tract,1024100,39,720,"1,916",32,- 0,6.92,6.73,11.53,13.64,31,4.33,4.43,*,*,*,*,*,*,*,0,0.00,0.00
2024,Census Tract,1024200,18,"2,279","5,335",16,*,1.43,2.62,10.47,9.75,*,*,*,*,*,*,*,*,*,*,0,0.00,0.00
2024,Census Tract,1024301,32,800,"1,374",30,*,5.00,4.83,9.42,8.15,29,2.92,3.25,10,*,*,*,*,*,*,0,0.00,0.00
2024,Census Tract,1024500,196,757,"1,159",179,*,7.00,7.88,10.00,10.34,153,4.92,5.08,32,- 0,0.00,0.00,17,1.00,3.22,0,0.00,0.00
2024,Census Tract,1025100,31,"1,000","1,350",20,*,5.50,5.37,8.21,8.20,14,3.63,4.95,*,- 0,0.00,0.00,11,1.00,0.94,0,0.00,0.00
2024,Census Tract,1025300,119,700,"1,046",105,- 0,7.00,6.91,10.00,9.86,86,4.05,4.51,22,- 0,0.00,0.00,14,1.00,0.93,0,0.00,0.00
2024,Census Tract,1025700,38,"4,290","8,280",29,*,4.67,5.46,10.88,14.60,21,7.75,9.56,*,*,*,*,*,*,*,0,0.00,0.00
2024,Census Tract,1025900,37,900,"4,445",36,13,4.00,4.42,1.00,5.71,15,3.87,4.42,*,*,*,*,*,*,*,0,0.00,0.00
2024,Census Tract,1026100,99,684,"1,126",90,*,8.00,8.23,10.00,10.68,77,4.00,4.48,17,*,*,*,*,*,*,0,0.00,0.00
2024,Census Tract,1026300,122,854,"2,202",120,*,9.00,8.54,10.01,10.43,99,4.67,4.86,27,*,*,*,*,*,*,0,0.00,0.00
2024,Census Tract,1026500,80,794,"1,393",78,- 0,8.50,8.88,10.00,11.80,58,4.63,5.00,11,*,*,*,*,*,*,0,0.00,0.00
2024,Census Tract,1026900,128,815,"1,490",119,*,5.00,6.42,8.00,10.23,73,3.33,4.76,21,*,*,*,*,*,*,0,0.00,0.00
2024,Census Tract,1027100,126,995,"2,198",112,*,8.00,8.41,10.00,10.64,94,3.54,4.33,20,*,*,*,*,*,*,0,0.00,0.00
2024,Census Tract,1027300,39,852,"1,702",36,*,7.00,7.71,10.01,10.28,32,2.96,4.31,14,*,*,*,*,*,*,0,0.00,0.00
2024,Census Tract,1027700,50,753,998,46,*,6.63,6.62,8.89,8.52,36,3.79,5.06,*,*,*,*,*,*,*,0,0.00,0.00
2024,Census Tract,1027900,78,860,"1,360",74,*,6.00,6.44,7.71,7.65,54,3.29,3.82,18,*,*,*,*,*,*,0,0.00,0.00
2024,Census Tract,2036501,29,"1,200","2,203",28,*,4.00,3.88,1.00,2.90,*,*,*,- 0,*,*,*,*,*,*,0,0.00,0.00
2024,Census Tract,1028300,50,750,930,48,- 0,5.79,5.58,9.98,9.57,37,3.92,4.62,*,*,*,*,*,*,*,0,0.00,0.00
2024,Census Tract,1028500,78,814,978,74,16,5.00,5.23,5.67,6.46,51,2.83,3.26,20,*,*,*,*,*,*,0,0.00,0.00
2024,Census Tract,1028700,47,910,"4,243",40,- 0,7.00,6.70,10.00,11.06,25,4.42,6.57,*,*,*,*,*,*,*,0,0.00,0.00
2024,Census Tract,1029100,87,"1,000","1,939",77,*,6.00,6.46,10.00,10.92,57,4.42,5.51,14,*,*,*,*,*,*,0,0.00,0.00
2024,Census Tract,1029300,153,"1,000","1,419",150,*,6.00,6.25,10.00,10.27,121,4.16,4.84,22,*,*,*,*,*,*,0,0.00,0.00
2024,Census Tract,1029500,67,900,"1,318",62,*,7.00,7.53,10.00,10.76,37,3.33,4.16,13,*,*,*,*,*,*,*,*,*
2024,Census Tract,1029900,52,"2,475","7,130",45,*,3.75,3.47,2.00,4.42,16,3.79,4.40,*,*,*,*,*,*,*,0,0.00,0.00
2024,Census Tract,1030300,36,784,"1,642",34,*,5.75,6.41,10.01,13.23,33,4.84,5.76,*,*,*,*,*,*,*,0,0.00,0.00
2024,Census Tract,1030700,13,"1,500","2,655",13,*,3.00,3.39,10.00,11.14,12,2.71,3.92,*,- 0,0.00,0.00,- 0,0.00,0.00,0,0.00,0.00
2024,Census Tract,1030900,53,"1,568","4,023",49,- 0,5.00,5.43,10.51,11.87,41,4.92,5.59,*,*,*,*,*,*,*,0,0.00,0.00
2024,Census Tract,1031703,45,"2,748","5,408",43,*,6.00,8.91,12.50,13.48,41,4.09,4.28,10,*,*,*,*,*,*,0,0.00,0.00
2024,Census Tract,1031704,36,"1,880","2,389",30,*,6.50,7.00,11.11,11.66,22,6.67,6.86,*,*,*,*,*,*,*,*,*,*
2024,Census Tract,2001901,36,"2,000","2,425",28,- 0,3.00,3.21,6.78,7.08,18,2.29,3.38,*,*,*,*,*,*,*,0,0.00,0.00
2024,Census Tract,2001902,12,"1,525","7,848",*,- 0,*,*,*,*,*,*,*,- 0,*,*,*,*,*,*,0,0.00,0.00
2024,Census Tract,2002002,10,"1,050","1,862",*,*,*,*,*,*,*,*,*,*,*,*,*,*,*,*,0,0.00,0.00
2024,Census Tract,2002500,44,900,"1,460",41,*,6.00,9.46,5.00,8.45,31,1.25,2.17,18,*,*,*,*,*,*,0,0.00,0.00
2024,Census Tract,2002701,19,905,"1,844",19,*,4.00,4.89,5.00,5.94,13,4.00,4.87,*,- 0,0.00,0.00,- 0,0.00,0.00,0,0.00,0.00
2024,Census Tract,2002702,44,755,"2,134",32,- 0,6.00,21.64,6.00,10.27,28,2.49,3.19,14,*,*,*,*,*,*,0,0.00,0.00
2024,Census Tract,2002800,27,"2,000","4,418",20,- 0,4.67,4.80,11.30,20.06,20,5.42,7.72,*,*,*,*,*,*,*,0,0.00,0.00
2024,Census Tract,2003100,48,"1,550","3,465",39,- 0,6.00,7.54,6.00,7.86,28,1.33,2.42,13,*,*,*,*,*,*,0,0.00,0.00
2024,Census Tract,2003500,20,775,"1,972",19,- 0,3.00,3.11,6.00,8.62,19,3.25,3.36,*,*,*,*,*,*,*,0,0.00,0.00
2024,Census Tract,2003900,60,701,"1,079",53,16,5.00,6.64,5.00,6.87,25,4.25,3.77,*,*,*,*,*,*,*,0,0.00,0.00
2024,Census Tract,2004100,11,"1,057","1,325",*,*,*,*,*,*,*,*,*,*,*,*,*,- 0,0.00,0.00,0,0.00,0.00
2024,Census Tract,2004200,44,"3,143","11,987",38,- 0,5.50,5.93,10.36,12.31,38,5.63,6.94,*,*,*,*,*,*,*,0,0.00,0.00
2024,Census Tract,2004300,92,"1,400","2,432",79,*,6.00,8.33,7.08,7.95,49,3.16,3.63,18,*,*,*,*,*,*,0,0.00,0.00
2024,Census Tract,2004400,12,867,"1,632",11,*,2.51,2.86,1.00,3.18,*,*,*,- 0,*,*,*,*,*,*,0,0.00,0.00
2024,Census Tract,2004600,11,"1,100","4,039",11,- 0,7.00,6.72,10.03,12.51,11,3.25,3.96,*,- 0,0.00,0.00,- 0,0.00,0.00,0,0.00,0.00
2024,Census Tract,2004800,17,775,"1,414",16,- 0,3.13,3.50,1.00,4.98,*,*,*,*,*,*,*,*,*,*,0,0.00,0.00
2024,Census Tract,2005001,15,"1,000","1,091",11,- 0,3.00,3.56,11.92,15.05,*,*,*,*,*,*,*,*,*,*,0,0.00,0.00
2024,Census Tract,2005002,32,986,"2,495",30,*,5.00,7.19,10.01,12.89,29,3.50,4.68,*,*,*,*,*,*,*,0,0.00,0.00
2024,Census Tract,2005100,32,"1,746","3,377",26,*,3.00,7.61,5.13,7.41,16,2.41,5.34,*,*,*,*,*,*,*,0,0.00,0.00
2024,Census Tract,2005200,10,928,"1,553",*,*,*,*,*,*,*,*,*,*,*,*,*,- 0,0.00,0.00,0,0.00,0.00
2024,Census Tract,2005400,67,705,"1,499",64,*,5.00,5.20,7.17,10.98,62,2.79,3.20,26,*,*,*,*,*,*,*,*,*
2024,Census Tract,2005600,22,720,"1,288",21,- 0,4.00,4.38,7.04,8.07,19,2.58,3.38,*,*,*,*,*,*,*,0,0.00,0.00
2024,Census Tract,2005902,17,800,895,14,*,5.50,6.07,6.00,6.25,*,*,*,*,*,*,*,*,*,*,0,0.00,0.00
2024,Census Tract,2006000,10,"1,933","2,140",*,*,*,*,*,*,*,*,*,*,*,*,*,*,*,*,0,0.00,0.00
2024,Census Tract,2006100,28,"4,887","7,863",20,- 0,3.00,3.50,10.42,13.37,16,4.75,5.93,*,*,*,*,*,*,*,0,0.00,0.00
2024,Census Tract,2006200,21,600,971,19,- 0,6.00,6.37,9.92,7.16,15,6.33,5.39,*,*,*,*,*,*,*,0,0.00,0.00
2024,Census Tract,2006301,97,"1,893","12,335",82,*,5.00,7.48,11.53,13.08,68,2.75,3.96,20,*,*,*,*,*,*,0,0.00,0.00
2024,Census Tract,2006500,132,"1,500","3,125",111,*,4.00,5.28,3.00,7.01,63,4.50,6.23,18,*,*,*,*,*,*,0,0.00,0.00
2024,Census Tract,2006700,79,700,"1,281",73,*,5.00,5.13,7.00,8.65,60,2.83,3.28,24,*,*,*,*,*,*,0,0.00,0.00
2024,Census Tract,2006900,17,880,"1,926",17,*,4.00,4.00,4.00,5.66,13,2.00,2.44,*,- 0,0.00,0.00,- 0,0.00,0.00,0,0.00,0.00
2024,Census Tract,2007000,25,"1,066","1,644",24,*,3.50,3.68,6.00,7.74,20,4.00,4.60,*,*,*,*,*,*,*,0,0.00,0.00
2024,Census Tract,2007100,46,"3,550","8,584",36,*,4.00,4.62,12.42,11.75,33,2.84,4.06,*,*,*,*,*,*,*,0,0.00,0.00
2024,Census Tract,2007200,45,980,"1,596",42,*,3.27,3.99,7.04,9.80,27,3.08,4.89,10,*,*,*,*,*,*,0,0.00,0.00
2024,Census Tract,2007300,27,860,"1,429",23,- 0,11.00,24.57,5.00,6.87,14,3.08,3.45,*,*,*,*,*,*,*,0,0.00,0.00
2024,Census Tract,2007500,13,"5,315","5,464",12,*,2.00,2.58,4.00,7.76,*,*,*,- 0,*,*,*,*,*,*,0,0.00,0.00
2024,Census Tract,2007600,71,650,"1,045",67,- 0,3.17,4.05,9.65,9.18,65,3.50,3.68,18,*,*,*,*,*,*,0,0.00,0.00
2024,Census Tract,2007700,15,"1,082","1,324",13,13,3.00,3.46,1.00,1.00,- 0,0.00,0.00,- 0,*,*,*,*,*,*,0,0.00,0.00
2024,Census Tract,2007800,46,875,"1,391",41,- 0,2.08,2.84,7.75,8.77,35,4.00,4.42,10,*,*,*,*,*,*,0,0.00,0.00
2024,Census Tract,2007900,24,800,"2,587",22,*,4.13,14.77,6.50,10.37,20,4.13,4.77,*,*,*,*,*,*,*,0,0.00,0.00
2024,Census Tract,2008300,58,"1,100","1,694",53,*,3.00,3.56,5.00,7.57,37,2.50,3.60,15,*,*,*,*,*,*,0,0.00,0.00
2024,Census Tract,2008500,17,"10,000","10,073",15,- 0,2.00,2.15,5.36,8.62,11,1.16,2.45,*,*,*,*,*,*,*,0,0.00,0.00
2024,Census Tract,2008700,53,800,"1,825",50,*,3.00,4.85,6.21,10.00,43,3.08,4.80,18,*,*,*,*,*,*,0,0.00,0.00
2024,Census Tract,2008900,29,"1,744","4,123",28,*,5.50,5.69,9.55,8.81,20,2.54,3.88,*,*,*,*,*,*,*,0,0.00,0.00
2024,Census Tract,2009000,18,875,"21,561",16,- 0,3.25,3.96,5.00,5.32,11,3.13,3.16,*,*,*,*,*,*,*,0,0.00,0.00
2024,Census Tract,2009200,75,800,"1,426",67,- 0,5.00,5.27,5.00,6.63,57,1.33,2.39,25,*,*,*,*,*,*,0,0.00,0.00
2024,Census Tract,2009301,33,"1,440","3,743",29,*,2.75,3.25,6.00,6.69,16,1.08,3.22,*,*,*,*,*,*,*,0,0.00,0.00
2024,Census Tract,2009302,28,"3,500","14,986",21,- 0,2.00,2.47,9.00,7.72,13,5.00,3.62,*,*,*,*,*,*,*,0,0.00,0.00
2024,Census Tract,2009600,17,"4,588","13,678",15,- 0,2.00,2.39,5.00,6.89,10,2.00,3.66,*,*,*,*,*,*,*,0,0.00,0.00
2024,Census Tract,2011502,31,"1,200","2,869",30,*,2.50,3.10,10.13,12.23,21,3.00,3.78,*,*,*,*,*,*,*,0,0.00,0.00
2024,Census Tract,2011701,11,"1,296","4,059",10,- 0,2.00,2.20,6.00,8.33,*,*,*,- 0,*,*,*,*,*,*,0,0.00,0.00
2024,Census Tract,2011900,65,"1,400","2,111",62,*,6.00,6.74,9.99,10.61,49,2.50,3.67,22,*,*,*,*,*,*,0,0.00,0.00
2024,Census Tract,2012102,12,"1,291","1,325",12,- 0,3.00,3.42,1.00,1.00,- 0,0.00,0.00,- 0,- 0,0.00,0.00,- 0,0.00,0.00,0,0.00,0.00
2024,Census Tract,2012300,30,"1,250","3,085",20,*,2.00,4.31,3.00,5.59,11,1.58,2.92,*,*,*,*,*,*,*,0,0.00,0.00
2024,Census Tract,2012500,17,"1,000","1,963",15,*,3.00,6.35,1.00,3.36,*,*,*,*,*,*,*,*,*,*,0,0.00,0.00
2024,Census Tract,2012701,36,"1,068","1,855",34,- 0,3.00,5.03,9.75,8.58,24,5.04,5.31,*,*,*,*,*,*,*,0,0.00,0.00
2024,Census Tract,2012901,59,784,"1,296",55,- 0,3.00,3.76,5.36,6.93,40,1.70,2.36,16,*,*,*,*,*,*,0,0.00,0.00
2024,Census Tract,2013100,13,"1,200","6,137",10,*,3.75,5.65,1.00,5.52,*,*,*,- 0,*,*,*,*,*,*,0,0.00,0.00
2024,Census Tract,2014100,40,"1,100","2,455",36,*,3.00,3.91,9.00,8.83,28,5.71,4.83,*,*,*,*,*,*,*,0,0.00,0.00
2024,Census Tract,2014300,17,"1,500","2,381",15,- 0,2.67,3.50,3.00,2.97,*,*,*,*,*,*,*,*,*,*,0,0.00,0.00
2024,Census Tract,2014500,27,"1,240","4,030",21,*,3.75,4.37,5.00,5.91,17,0.75,1.80,*,*,*,*,*,*,*,0,0.00,0.00
2024,Census Tract,2014900,25,725,"1,066",22,*,4.50,3.91,5.00,4.76,15,4.67,5.09,*,*,*,*,*,*,*,0,0.00,0.00
2024,Census Tract,2015100,32,973,"1,469",28,*,4.00,4.46,5.00,6.06,16,2.92,3.32,*,*,*,*,*,*,*,0,0.00,0.00
2024,Census Tract,2015200,15,"1,530","3,690",13,*,2.00,2.62,1.00,6.19,*,*,*,*,*,*,*,*,*,*,0,0.00,0.00
2024,Census Tract,2015500,20,"1,138","2,794",17,*,3.00,3.18,7.00,10.19,15,3.00,3.41,*,*,*,*,*,*,*,0,0.00,0.00
2024,Census Tract,2015900,20,"2,025","3,650",19,*,6.06,8.36,2.50,4.82,*,*,*,*,*,*,*,*,*,*,0,0.00,0.00
2024,Census Tract,2016100,71,"1,400","3,405",63,*,4.00,5.26,10.01,11.89,54,4.33,4.56,14,*,*,*,*,*,*,0,0.00,0.00
2024,Census Tract,2016200,20,"1,090","1,390",17,- 0,3.00,2.88,5.50,8.83,10,4.17,5.75,*,*,*,*,*,*,*,0,0.00,0.00
2024,Census Tract,2016400,22,"1,000","1,630",19,*,2.00,2.70,7.00,7.80,18,2.16,2.92,*,*,*,*,*,*,*,0,0.00,0.00
2024,Census Tract,2016600,21,"1,265","1,731",19,- 0,4.00,4.17,4.92,6.00,11,3.16,5.25,*,*,*,*,*,*,*,0,0.00,0.00
2024,Census Tract,2016700,13,"2,000","2,937",13,- 0,2.00,2.54,5.00,6.42,10,1.79,2.57,*,- 0,0.00,0.00,- 0,0.00,0.00,0,0.00,0.00
2024,Census Tract,2017300,18,"1,400","2,281",17,*,4.00,5.06,1.00,6.09,*,*,*,*,*,*,*,*,*,*,0,0.00,0.00
2024,Census Tract,2017500,13,990,"1,847",12,- 0,4.00,3.79,1.50,4.29,10,1.12,1.56,*,*,*,*,*,*,*,0,0.00,0.00
2024,Census Tract,2017701,26,"1,309","2,727",26,*,3.29,3.37,6.50,6.61,16,2.41,3.42,*,- 0,0.00,0.00,- 0,0.00,0.00,0,0.00,0.00
2024,Census Tract,2017702,16,"1,255","2,341",15,*,3.00,3.67,5.00,6.23,11,2.00,2.09,*,*,*,*,*,*,*,0,0.00,0.00
2024,Census Tract,2017901,41,812,"1,174",39,*,4.00,5.22,5.00,7.67,25,3.92,4.13,*,*,*,*,*,*,*,0,0.00,0.00
2024,Census Tract,2017902,19,565,741,17,- 0,5.83,5.37,6.00,7.20,15,2.08,3.26,*,*,*,*,*,*,*,0,0.00,0.00
2024,Census Tract,2018101,26,824,"1,519",24,*,4.50,4.02,6.92,7.83,21,2.00,3.28,*,*,*,*,*,*,*,0,0.00,0.00
2024,Census Tract,2018102,47,684,935,43,- 0,5.00,5.46,5.05,6.13,39,1.25,2.47,15,*,*,*,*,*,*,0,0.00,0.00
2024,Census Tract,2018301,26,950,922,22,- 0,4.00,5.05,10.00,12.35,17,2.08,2.89,*,*,*,*,*,*,*,0,0.00,0.00
2024,Census Tract,2018302,12,804,932,11,- 0,4.00,4.27,7.00,8.12,10,1.71,2.52,*,*,*,*,*,*,*,0,0.00,0.00
2024,Census Tract,2018400,28,"1,550","3,027",19,- 0,3.08,3.21,5.00,6.25,12,2.83,3.13,*,*,*,*,*,*,*,0,0.00,0.00
2024,Census Tract,2018501,19,"1,800","2,954",17,*,1.00,2.20,10.08,10.59,17,2.00,4.24,*,*,*,*,*,*,*,0,0.00,0.00
2024,Census Tract,2018502,29,"1,069","3,706",26,- 0,2.50,3.15,10.00,9.17,23,2.58,3.59,10,*,*,*,*,*,*,0,0.00,0.00
2024,Census Tract,2018900,42,975,"1,320",38,*,3.00,4.42,9.93,10.46,33,3.33,4.29,10,*,*,*,*,*,*,0,0.00,0.00
2024,Census Tract,2019400,13,"1,144","1,859",*,*,*,*,*,*,*,*,*,- 0,*,*,*,- 0,0.00,0.00,0,0.00,0.00
2024,Census Tract,2019500,33,"1,225","2,232",27,*,5.00,4.83,10.06,11.26,27,3.42,3.80,*,*,*,*,*,*,*,0,0.00,0.00
2024,Census Tract,2019700,73,790,"2,730",70,- 0,5.00,5.65,8.00,9.30,60,3.54,4.86,15,*,*,*,*,*,*,0,0.00,0.00
2024,Census Tract,2019900,44,900,"2,355",42,*,4.00,4.47,6.13,9.15,25,3.42,4.49,*,*,*,*,*,*,*,0,0.00,0.00
2024,Census Tract,2020000,102,"1,200","2,066",89,*,3.00,3.34,5.00,6.53,63,2.33,3.01,29,*,*,*,*,*,*,0,0.00,0.00
2024,Census Tract,2020200,18,"1,000","1,705",17,- 0,3.00,2.73,5.00,7.95,13,3.04,3.04,*,*,*,*,*,*,*,0,0.00,0.00
2024,Census Tract,2020601,11,"1,700","1,945",10,- 0,2.00,2.50,11.31,16.12,10,2.25,2.79,*,*,*,*,*,*,*,0,0.00,0.00
2024,Census Tract,2020900,33,"1,200","2,954",27,- 0,3.00,3.79,5.04,8.26,17,2.16,2.51,10,*,*,*,*,*,*,0,0.00,0.00
2024,Census Tract,2021100,24,920,"1,547",21,- 0,2.92,3.63,6.00,7.95,15,2.16,2.58,*,*,*,*,*,*,*,0,0.00,0.00
2024,Census Tract,2021301,16,"1,000","1,832",13,- 0,5.00,6.44,6.84,7.71,*,*,*,*,*,*,*,*,*,*,0,0.00,0.00
2024,Census Tract,2021302,15,800,"1,090",15,*,3.00,3.71,1.00,4.15,*,*,*,*,- 0,0.00,0.00,- 0,0.00,0.00,0,0.00,0.00
2024,Census Tract,2021501,34,"1,250","1,965",30,*,4.00,4.70,10.00,9.21,27,3.92,4.09,*,*,*,*,*,*,*,0,0.00,0.00
2024,Census Tract,2021502,17,"1,500","1,664",16,*,3.00,3.31,5.00,5.84,12,2.83,3.32,*,*,*,*,*,*,*,0,0.00,0.00
2024,Census Tract,2021601,18,600,606,18,- 0,3.00,3.57,1.00,1.94,*,*,*,*,- 0,0.00,0.00,- 0,0.00,0.00,0,0.00,0.00
2024,Census Tract,2021602,85,"1,387","3,249",65,*,4.00,4.42,10.09,10.79,52,4.00,4.65,*,- 0,0.00,0.00,20,1.00,1.30,0,0.00,0.00
2024,Census Tract,2021800,31,972,"1,312",31,- 0,3.00,3.61,5.00,6.85,30,1.92,2.64,10,- 0,0.00,0.00,- 0,0.00,0.00,0,0.00,0.00
2024,Census Tract,2021900,30,"1,000","5,290",27,*,3.17,4.98,10.00,10.18,27,4.00,4.07,*,*,*,*,*,*,*,0,0.00,0.00
2024,Census Tract,2022000,19,"1,700","2,202",18,- 0,2.00,2.09,10.00,9.60,15,2.75,2.49,*,*,*,*,*,*,*,0,0.00,0.00
2024,Census Tract,2022101,44,"1,550","3,016",43,*,3.33,5.20,7.00,8.98,27,4.25,5.48,*,*,*,*,*,*,*,0,0.00,0.00
2024,Census Tract,2022102,28,"1,100","2,676",26,*,4.08,4.55,5.29,8.14,16,3.79,4.43,*,*,*,*,*,*,*,0,0.00,0.00
2024,Census Tract,2022200,68,"1,200","2,092",62,*,4.00,4.43,8.80,9.48,56,3.42,4.71,15,*,*,*,*,*,*,0,0.00,0.00
2024,Census Tract,2022300,23,800,"1,840",20,- 0,10.50,10.25,6.96,6.46,20,4.79,4.11,*,*,*,*,*,*,*,0,0.00,0.00
2024,Census Tract,2022401,34,"2,006","3,475",31,- 0,5.00,5.63,10.97,13.85,29,3.08,3.79,10,*,*,*,*,*,*,0,0.00,0.00
2024,Census Tract,2022403,26,"2,100","3,136",23,*,6.00,6.42,11.01,14.49,22,2.37,3.77,*,*,*,*,*,*,*,0,0.00,0.00
2024,Census Tract,2022404,50,"1,240","2,369",49,*,4.33,4.68,10.00,10.96,34,3.63,3.67,*,*,*,*,*,*,*,0,0.00,0.00
2024,Census Tract,2022500,43,560,"1,225",42,- 0,5.00,5.12,7.55,10.57,40,2.45,3.12,17,*,*,*,*,*,*,0,0.00,0.00
2024,Census Tract,2022701,28,854,"1,400",27,*,3.00,4.52,10.01,10.48,20,3.10,5.13,*,*,*,*,*,*,*,0,0.00,0.00
2024,Census Tract,2022702,36,790,"1,108",34,- 0,4.63,4.57,10.92,13.50,27,3.92,3.91,*,*,*,*,*,*,*,0,0.00,0.00
2024,Census Tract,2022703,10,438,512,10,- 0,4.79,5.50,9.17,10.20,10,1.00,1.66,*,- 0,0.00,0.00,- 0,0.00,0.00,0,0.00,0.00
2024,Census Tract,2022800,33,930,"1,173",30,- 0,4.00,3.77,10.14,9.27,16,6.08,6.03,*,*,*,*,*,*,*,0,0.00,0.00
2024,Census Tract,2022902,16,650,"1,109",15,- 0,6.00,5.76,11.01,11.17,15,2.41,4.14,*,*,*,*,*,*,*,0,0.00,0.00
2024,Census Tract,2023000,12,"1,385","2,709",11,*,3.00,2.64,5.05,5.96,*,*,*,*,*,*,*,*,*,*,0,0.00,0.00
2024,Census Tract,2023100,45,"2,075","7,239",37,*,3.00,3.05,7.30,9.08,33,2.92,3.66,13,*,*,*,*,*,*,0,0.00,0.00
2024,Census Tract,2023200,23,"1,700","2,617",23,- 0,3.00,3.54,8.42,9.78,22,4.33,6.74,*,- 0,0.00,0.00,- 0,0.00,0.00,0,0.00,0.00
2024,Census Tract,2023301,25,"1,900","7,707",23,*,2.00,2.24,5.00,6.77,18,0.62,1.36,*,*,*,*,*,*,*,0,0.00,0.00
2024,Census Tract,2023302,10,700,752,10,- 0,4.21,4.10,10.51,11.10,*,*,*,*,- 0,0.00,0.00,- 0,0.00,0.00,0,0.00,0.00
2024,Census Tract,2023501,35,"1,070","1,602",33,- 0,5.00,5.04,5.25,6.37,22,3.67,3.97,*,*,*,*,*,*,*,0,0.00,0.00
2024,Census Tract,2023502,31,892,"1,719",28,*,4.00,4.26,5.58,9.10,27,2.00,2.55,17,*,*,*,*,*,*,0,0.00,0.00
2024,Census Tract,2023600,23,800,"1,024",22,*,2.04,2.98,10.01,13.43,21,6.72,6.46,*,*,*,*,*,*,*,0,0.00,0.00
2024,Census Tract,2023702,41,"1,426","3,866",36,*,5.29,6.38,8.00,8.83,26,3.37,4.85,11,*,*,*,*,*,*,0,0.00,0.00
2024,Census Tract,2023703,70,803,"1,184",67,- 0,6.00,6.83,5.15,8.18,50,1.92,2.90,26,*,*,*,*,*,*,*,*,*
2024,Census Tract,2023704,49,550,840,48,*,5.10,5.66,10.00,9.02,42,3.25,3.71,13,*,*,*,*,*,*,0,0.00,0.00
2024,Census Tract,2023800,24,"1,000","4,981",22,- 0,3.00,3.06,5.00,5.43,14,3.71,4.09,*,*,*,*,*,*,*,0,0.00,0.00
2024,Census Tract,2023900,85,"1,200","2,149",79,*,4.00,4.88,5.00,6.36,59,3.25,3.79,22,*,*,*,*,*,*,0,0.00,0.00
2024,Census Tract,2024000,13,"1,161","2,156",*,- 0,*,*,*,*,*,*,*,*,*,*,*,*,*,*,0,0.00,0.00
2024,Census Tract,2024100,57,"1,060","2,044",50,*,5.00,6.22,5.67,8.37,34,2.25,2.95,17,*,*,*,*,*,*,*,*,*
2024,Census Tract,2024300,49,"1,050","1,813",41,*,5.00,4.66,1.00,3.98,18,2.08,2.86,*,*,*,*,*,*,*,0,0.00,0.00
2024,Census Tract,2024400,15,"1,036","1,678",13,- 0,2.00,2.03,5.00,5.36,12,2.96,3.46,*,*,*,*,*,*,*,0,0.00,0.00
2024,Census Tract,2024501,15,825,"1,128",15,*,4.00,4.84,4.00,5.45,11,0.83,2.48,*,- 0,0.00,0.00,- 0,0.00,0.00,0,0.00,0.00
2024,Census Tract,2024502,32,"1,200","1,760",32,- 0,4.00,4.81,8.50,8.86,25,4.84,5.06,*,- 0,0.00,0.00,- 0,0.00,0.00,0,0.00,0.00
2024,Census Tract,2024800,22,"1,600","1,895",21,*,4.00,3.78,1.00,5.18,*,*,*,*,*,*,*,*,*,*,0,0.00,0.00
2024,Census Tract,2025000,34,625,774,34,*,5.00,4.50,5.00,6.05,25,3.84,3.55,*,- 0,0.00,0.00,- 0,0.00,0.00,0,0.00,0.00
2024,Census Tract,2025100,66,675,"1,606",62,- 0,5.00,5.76,5.13,6.78,46,2.62,3.60,20,*,*,*,*,*,*,0,0.00,0.00
2024,Census Tract,2025200,33,770,"1,469",31,*,3.00,2.97,5.00,5.70,19,2.50,3.86,*,*,*,*,*,*,*,0,0.00,0.00
2024,Census Tract,2025300,37,"1,470","1,650",35,- 0,5.00,6.01,10.43,11.16,30,2.67,3.27,13,*,*,*,*,*,*,0,0.00,0.00
2024,Census Tract,2025400,17,600,766,15,- 0,4.00,4.47,2.00,4.61,*,*,*,*,*,*,*,*,*,*,0,0.00,0.00
2024,Census Tract,2025600,13,"1,000","2,073",12,- 0,1.92,2.28,3.00,3.44,*,*,*,- 0,*,*,*,*,*,*,0,0.00,0.00
2024,Census Tract,2026300,22,606,851,19,*,8.00,9.55,5.00,5.33,14,3.50,3.87,*,*,*,*,*,*,*,0,0.00,0.00
2024,Census Tract,2026400,29,800,"1,560",25,*,3.00,3.40,4.00,4.15,15,3.16,3.13,*,*,*,*,*,*,*,0,0.00,0.00
2024,Census Tract,2026500,37,"1,100","2,256",35,- 0,6.00,6.94,10.00,9.14,30,3.00,4.73,10,*,*,*,*,*,*,0,0.00,0.00
2024,Census Tract,2026601,10,"1,420","1,389",*,- 0,*,*,*,*,*,*,*,*,*,*,*,*,*,*,0,0.00,0.00
2024,Census Tract,2026602,53,900,"1,235",48,*,4.00,3.93,5.00,7.65,38,2.45,3.12,15,*,*,*,*,*,*,0,0.00,0.00
2024,Census Tract,2026701,24,"1,015","1,275",24,- 0,4.01,5.03,10.01,12.64,22,5.67,5.75,*,- 0,0.00,0.00,- 0,0.00,0.00,0,0.00,0.00
2024,Census Tract,2027300,15,"1,200","1,621",13,- 0,3.00,3.47,10.00,9.79,12,4.29,4.44,*,*,*,*,*,*,*,0,0.00,0.00
2024,Census Tract,2027700,29,660,"1,052",27,*,5.00,5.60,6.00,7.95,19,1.83,2.92,*,*,*,*,*,*,*,0,0.00,0.00
2024,Census Tract,2028300,62,"2,500","6,935",56,*,6.00,8.19,10.11,12.38,46,3.37,5.88,17,*,*,*,*,*,*,0,0.00,0.00
2024,Census Tract,2028500,22,"1,559","3,083",19,- 0,2.58,3.68,5.00,6.92,13,5.00,4.58,*,*,*,*,*,*,*,0,0.00,0.00
2024,Census Tract,2028700,12,"4,025","5,642",12,- 0,4.00,3.58,10.01,11.18,10,4.38,5.29,*,- 0,0.00,0.00,- 0,0.00,0.00,0,0.00,0.00
2024,Census Tract,2028800,29,"1,083","1,575",23,*,3.90,3.75,4.67,6.90,12,1.67,2.33,*,*,*,*,*,*,*,0,0.00,0.00
2024,Census Tract,2028900,106,864,"1,414",99,*,6.00,6.58,7.21,8.89,75,3.58,4.36,22,*,*,*,*,*,*,0,0.00,0.00
2024,Census Tract,2029302,41,"1,050","7,611",28,- 0,5.00,4.27,14.05,23.99,26,4.63,5.17,*,- 0,0.00,0.00,13,3.00,3.47,0,0.00,0.00
2024,Census Tract,2029500,81,"1,094","1,570",76,*,4.00,5.51,5.17,9.50,46,2.66,3.69,17,*,*,*,*,*,*,0,0.00,0.00
2024,Census Tract,2029600,24,"3,400","3,558",21,- 0,1.00,1.85,1.00,6.86,*,*,*,*,*,*,*,*,*,*,0,0.00,0.00
2024,Census Tract,2029700,33,"1,197","1,481",31,- 0,6.25,6.38,10.01,14.12,20,4.20,4.51,*,*,*,*,*,*,*,0,0.00,0.00
2024,Census Tract,2030000,17,"1,500","1,819",16,- 0,4.15,4.61,1.67,2.73,*,*,*,*,*,*,*,*,*,*,0,0.00,0.00
2024,Census Tract,2031000,11,"8,626","20,762",10,- 0,3.00,4.00,15.06,13.14,*,*,*,*,*,*,*,*,*,*,0,0.00,0.00
2024,Census Tract,2031200,13,"2,000","3,734",10,- 0,3.50,4.10,5.50,5.40,*,*,*,*,*,*,*,*,*,*,0,0.00,0.00
2024,Census Tract,2032300,13,650,921,12,- 0,4.50,4.50,5.15,11.20,11,3.75,3.11,*,*,*,*,*,*,*,0,0.00,0.00
2024,Census Tract,2032600,12,900,"1,522",*,*,*,*,*,*,*,*,*,*,*,*,*,- 0,0.00,0.00,0,0.00,0.00
2024,Census Tract,2032800,21,"1,569","2,794",20,- 0,3.00,3.45,5.00,7.74,15,3.17,3.50,*,*,*,*,*,*,*,0,0.00,0.00
2024,Census Tract,2033000,62,"1,512","2,709",58,- 0,4.00,3.93,10.00,9.73,52,3.00,3.47,16,*,*,*,*,*,*,0,0.00,0.00
2024,Census Tract,2033202,19,650,915,17,- 0,5.75,6.64,6.00,6.59,15,3.67,4.38,*,*,*,*,*,*,*,0,0.00,0.00
2024,Census Tract,2033601,41,924,"1,413",41,- 0,4.00,4.40,7.00,8.54,41,2.92,3.55,14,- 0,0.00,0.00,- 0,0.00,0.00,0,0.00,0.00
2024,Census Tract,2033700,37,"1,000","1,746",33,*,3.00,3.91,10.13,12.93,30,3.62,3.68,12,*,*,*,*,*,*,0,0.00,0.00
2024,Census Tract,2033801,12,"1,287","3,238",11,*,2.00,3.36,1.00,3.51,*,*,*,- 0,*,*,*,*,*,*,0,0.00,0.00
2024,Census Tract,2033802,31,725,"2,886",26,*,3.84,4.36,1.00,4.63,*,*,*,*,*,*,*,*,*,*,0,0.00,0.00
2024,Census Tract,2034200,20,"1,200","2,070",18,*,2.49,2.79,1.25,5.47,*,*,*,*,*,*,*,*,*,*,0,0.00,0.00
2024,Census Tract,2034800,18,"1,200","1,799",17,- 0,2.75,3.10,11.25,16.33,13,4.25,3.77,*,*,*,*,*,*,*,0,0.00,0.00
2024,Census Tract,2035000,17,"1,000","1,803",17,*,3.00,2.41,1.00,4.02,*,*,*,- 0,- 0,0.00,0.00,- 0,0.00,0.00,0,0.00,0.00
2024,Census Tract,2035800,23,"1,600","2,586",21,*,2.00,2.50,3.00,5.86,15,4.42,6.20,*,*,*,*,*,*,*,0,0.00,0.00
2024,Census Tract,2035900,13,"1,000","2,140",12,- 0,3.50,4.33,11.01,11.30,10,1.83,3.53,*,*,*,*,*,*,*,0,0.00,0.00
2024,Census Tract,2036300,33,"1,250","1,639",31,*,2.83,3.17,10.00,10.11,20,3.25,3.84,*,*,*,*,*,*,*,0,0.00,0.00
2024,Census Tract,2036400,35,960,"2,418",30,- 0,4.00,3.68,5.00,5.27,17,2.58,3.20,*,*,*,*,*,*,*,0,0.00,0.00
2024,Census Tract,2036502,30,"1,104","1,553",24,*,4.29,3.97,1.00,4.51,10,0.91,1.82,*,*,*,*,*,*,*,0,0.00,0.00
2024,Census Tract,2036901,30,"1,174","1,739",30,*,4.00,3.39,4.00,4.85,14,3.50,4.01,*,- 0,0.00,0.00,- 0,0.00,0.00,0,0.00,0.00
2024,Census Tract,2037000,15,"1,000","1,826",14,- 0,4.50,4.76,4.00,6.33,*,*,*,*,*,*,*,*,*,*,0,0.00,0.00
2024,Census Tract,2037100,21,"1,452","1,352",20,- 0,4.04,4.63,6.50,8.16,15,4.50,3.92,*,*,*,*,*,*,*,0,0.00,0.00
2024,Census Tract,2037200,17,504,"3,533",17,*,4.00,3.47,5.09,5.68,12,2.83,2.96,*,- 0,0.00,0.00,- 0,0.00,0.00,0,0.00,0.00
2024,Census Tract,2037300,55,950,"2,648",51,- 0,4.00,3.96,7.00,7.87,38,1.54,2.83,19,*,*,*,*,*,*,*,*,*
2024,Census Tract,2037400,32,"1,318","2,691",28,*,2.46,2.68,1.00,4.31,10,4.00,3.79,*,*,*,*,*,*,*,0,0.00,0.00
2024,Census Tract,2037504,38,"1,725","3,568",32,*,2.63,2.73,10.01,9.71,25,5.00,4.66,*,*,*,*,*,*,*,*,*,*
2024,Census Tract,2037800,18,"1,000","2,795",17,- 0,4.00,4.13,12.84,12.22,16,2.25,4.03,*,*,*,*,*,*,*,0,0.00,0.00
2024,Census Tract,2037900,19,"2,500","7,563",18,- 0,2.00,2.69,7.12,7.40,15,1.33,2.03,12,*,*,*,*,*,*,0,0.00,0.00
2024,Census Tract,2038000,46,720,"1,949",41,16,4.00,3.95,5.00,7.25,23,4.58,5.47,*,*,*,*,*,*,*,0,0.00,0.00
2024,Census Tract,2038100,34,663,"1,115",31,- 0,5.44,4.77,10.01,12.75,28,2.83,4.13,*,*,*,*,*,*,*,0,0.00,0.00
2024,Census Tract,2038301,27,651,"1,037",26,- 0,7.00,7.96,6.34,7.59,25,3.58,4.20,*,*,*,*,*,*,*,0,0.00,0.00
2024,Census Tract,2038304,14,"1,824","4,268",13,*,2.50,2.94,10.00,9.69,11,4.54,4.18,*,*,*,*,*,*,*,0,0.00,0.00
2024,Census Tract,2038500,26,978,"1,904",22,- 0,3.91,4.16,6.90,11.11,21,1.75,3.92,*,*,*,*,*,*,*,0,0.00,0.00
2024,Census Tract,2038600,45,"1,000","1,734",45,- 0,3.00,3.12,8.00,10.81,29,4.00,6.80,*,- 0,0.00,0.00,- 0,0.00,0.00,0,0.00,0.00
2024,Census Tract,2038700,26,"1,507","2,227",24,*,3.00,3.21,5.06,6.44,13,2.08,2.95,*,*,*,*,*,*,*,0,0.00,0.00
2024,Census Tract,2038900,82,600,"1,484",73,*,4.83,5.65,6.75,8.38,58,2.92,3.37,21,*,*,*,*,*,*,0,0.00,0.00
2024,Census Tract,2039000,25,880,"1,168",25,*,2.98,3.28,4.92,7.19,14,2.50,2.70,*,- 0,0.00,0.00,- 0,0.00,0.00,0,0.00,0.00
2024,Census Tract,2039100,105,700,"1,180",87,11,5.00,4.88,6.07,7.85,76,2.00,2.97,34,*,*,*,*,*,*,0,0.00,0.00
2024,Census Tract,2039300,14,690,873,14,- 0,4.08,4.89,15.22,14.90,14,3.67,4.21,*,- 0,0.00,0.00,- 0,0.00,0.00,0,0.00,0.00
2024,Census Tract,2039500,50,"1,945","5,112",45,*,2.00,2.79,4.92,5.71,33,1.41,2.70,15,*,*,*,*,*,*,0,0.00,0.00
2024,Census Tract,2039600,36,835,"1,787",33,*,3.00,3.99,6.00,6.70,19,3.50,3.89,*,*,*,*,*,*,*,0,0.00,0.00
2024,Census Tract,2039700,35,"1,600","3,452",24,- 0,4.00,6.47,2.00,6.16,11,3.16,4.38,*,*,*,*,*,*,*,0,0.00,0.00
2024,Census Tract,2039901,62,"2,100","4,012",52,*,5.00,6.36,10.06,11.97,45,2.41,4.41,18,*,*,*,*,*,*,0,0.00,0.00
2024,Census Tract,2039902,71,"1,090","2,582",58,*,5.00,6.21,10.01,11.69,38,4.88,4.83,*,*,*,*,*,*,*,0,0.00,0.00
2024,Census Tract,2040100,35,750,898,34,- 0,5.00,5.12,10.00,7.39,27,2.75,3.23,*,*,*,*,*,*,*,0,0.00,0.00
2024,Census Tract,2040302,11,810,995,11,- 0,3.17,3.70,11.05,13.35,10,3.08,3.84,*,- 0,0.00,0.00,- 0,0.00,0.00,0,0.00,0.00
2024,Census Tract,2040303,11,"1,110","1,308",11,*,3.00,3.46,8.00,6.61,10,3.17,3.19,*,- 0,0.00,0.00,- 0,0.00,0.00,0,0.00,0.00
2024,Census Tract,2040304,18,800,"1,840",18,- 0,5.17,5.26,5.00,8.84,15,3.16,3.87,*,- 0,0.00,0.00,- 0,0.00,0.00,0,0.00,0.00
2024,Census Tract,2040400,15,861,"1,043",15,*,4.00,3.73,10.00,13.85,15,2.00,3.51,*,- 0,0.00,0.00,- 0,0.00,0.00,0,0.00,0.00
2024,Census Tract,2040501,15,560,"1,189",14,*,4.50,4.43,18.93,15.87,10,7.13,7.88,*,*,*,*,*,*,*,0,0.00,0.00
2024,Census Tract,2040502,20,828,"1,585",19,*,3.58,3.45,6.00,5.77,12,3.38,2.76,*,*,*,*,*,*,*,0,0.00,0.00
2024,Census Tract,2040600,55,"1,272","1,571",52,13,2.50,2.72,10.01,10.00,42,3.33,3.14,11,*,*,*,*,*,*,0,0.00,0.00
2024,Census Tract,2040701,44,850,"1,025",43,- 0,3.00,4.49,4.20,5.42,39,1.16,2.86,17,*,*,*,*,*,*,0,0.00,0.00
2024,Census Tract,2040702,43,800,"1,175",41,*,3.00,3.96,5.00,7.17,36,2.71,3.60,14,*,*,*,*,*,*,0,0.00,0.00
2024,Census Tract,2040800,19,"1,000","2,079",18,- 0,3.00,2.83,9.59,9.81,17,2.33,4.64,*,*,*,*,*,*,*,0,0.00,0.00
2024,Census Tract,2041100,27,"1,242","2,577",21,- 0,4.00,3.29,6.00,8.17,14,3.00,6.12,*,*,*,*,*,*,*,0,0.00,0.00
2024,Census Tract,2041300,18,908,"1,279",15,- 0,4.00,4.37,4.00,7.84,*,*,*,*,*,*,*,*,*,*,0,0.00,0.00
2024,Census Tract,2041400,40,"1,500","2,510",34,*,3.00,4.15,1.00,6.43,12,3.12,6.07,*,*,*,*,*,*,*,0,0.00,0.00
2024,Census Tract,2041800,32,780,"1,536",31,*,3.00,2.84,4.00,7.80,19,2.75,2.76,*,*,*,*,*,*,*,0,0.00,0.00
2024,Census Tract,2041900,23,"1,000","1,644",21,- 0,4.00,5.05,5.00,6.88,12,3.92,4.35,*,*,*,*,*,*,*,0,0.00,0.00
2024,Census Tract,2042000,26,"1,152","1,646",21,- 0,3.33,4.33,9.96,9.75,18,1.20,2.56,*,*,*,*,*,*,*,0,0.00,0.00
2024,Census Tract,2042100,54,"1,264","1,844",49,*,5.00,4.73,7.00,7.59,46,4.00,3.65,10,*,*,*,*,*,*,0,0.00,0.00
2024,Census Tract,2042200,49,938,"1,542",43,*,4.00,4.59,6.00,7.43,32,3.88,4.68,*,*,*,*,*,*,*,0,0.00,0.00
2024,Census Tract,2042300,40,600,"1,024",36,- 0,4.79,5.60,5.17,9.06,24,2.96,3.37,*,*,*,*,*,*,*,0,0.00,0.00
2024,Census Tract,2042400,14,"1,005","2,044",13,*,3.00,3.13,5.00,5.86,11,2.25,2.72,*,*,*,*,*,*,*,0,0.00,0.00
2024,Census Tract,2042500,43,920,"1,364",43,*,3.58,5.57,6.00,8.44,29,2.67,2.96,14,- 0,0.00,0.00,- 0,0.00,0.00,0,0.00,0.00
2024,Census Tract,2042600,19,"1,264","2,320",16,- 0,1.00,3.42,9.76,12.23,14,3.50,4.27,*,*,*,*,*,*,*,0,0.00,0.00
2024,Census Tract,2042902,27,757,"1,437",26,- 0,4.00,3.85,10.11,12.84,26,4.17,4.45,*,*,*,*,*,*,*,0,0.00,0.00
2024,Census Tract,2043101,28,"1,095","1,215",25,*,4.00,4.73,2.92,5.00,14,3.87,4.31,*,*,*,*,*,*,*,0,0.00,0.00
2024,Census Tract,2043102,34,789,"1,783",31,*,3.00,4.02,6.93,9.99,21,4.75,5.02,*,*,*,*,*,*,*,0,0.00,0.00
2024,Census Tract,2043400,54,945,"1,577",50,*,3.08,4.56,8.72,10.24,36,3.79,5.30,*,*,*,*,*,*,*,0,0.00,0.00
2024,Census Tract,2044200,17,770,"1,038",*,- 0,*,*,*,*,*,*,*,- 0,*,*,*,*,*,*,0,0.00,0.00
2024,Census Tract,2044902,11,600,930,*,- 0,*,*,*,*,*,*,*,*,*,*,*,- 0,0.00,0.00,0,0.00,0.00
2024,Census Tract,2046203,19,"6,302","23,986",17,*,1.00,2.12,10.00,12.12,15,4.67,4.85,*,*,*,*,*,*,*,0,0.00,0.00
2024,Census Tract,2046205,26,"35,119","76,775",23,- 0,5.00,4.91,20.16,24.16,23,9.01,10.11,*,*,*,*,*,*,*,0,0.00,0.00
2024,Census Tract,2046208,16,"1,740","2,886",15,*,3.00,3.47,5.00,6.26,13,4.42,4.81,*,*,*,*,*,*,*,0,0.00,0.00
2024,Census Tract,2046209,36,"2,720","5,255",29,*,2.00,2.55,10.01,12.84,26,3.71,4.95,*,*,*,*,*,*,*,0,0.00,0.00
2024,Census Tract,2048401,27,"2,000","4,014",21,- 0,2.34,2.78,4.00,4.33,15,0.83,1.40,*,*,*,*,*,*,*,0,0.00,0.00
2024,Census Tract,2051601,29,"1,950","3,668",*,*,*,*,*,*,*,*,*,*,15,3.00,2.97,*,*,*,0,0.00,0.00
2024,Census Tract,3000100,19,"1,170","3,086",17,- 0,5.18,12.20,7.50,18.94,13,4.42,11.81,*,*,*,*,*,*,*,0,0.00,0.00
2024,Census Tract,3000200,35,"2,500","3,511",25,*,2.00,2.97,3.00,4.89,15,2.16,2.90,*,*,*,*,*,*,*,0,0.00,0.00
2024,Census Tract,3000301,10,"1,200","1,313",*,*,*,*,*,*,*,*,*,*,*,*,*,- 0,0.00,0.00,0,0.00,0.00
2024,Census Tract,3000501,42,954,"3,113",32,*,9.00,16.08,6.00,11.10,16,2.75,3.73,*,*,*,*,*,*,*,0,0.00,0.00
2024,Census Tract,3000502,49,"1,600","3,284",40,*,7.00,8.03,10.01,12.68,35,5.58,7.16,11,*,*,*,*,*,*,0,0.00,0.00
2024,Census Tract,3000700,47,"1,250","1,382",41,*,5.00,8.32,5.00,7.47,23,3.92,6.53,*,*,*,*,*,*,*,0,0.00,0.00
2024,Census Tract,3000900,102,"2,567","4,551",79,- 0,11.00,24.13,10.39,13.37,69,5.09,5.97,13,*,*,*,*,*,*,0,0.00,0.00
2024,Census Tract,3001100,124,"1,563","3,453",98,*,10.00,12.51,10.00,8.92,67,3.50,4.40,23,*,*,*,*,*,*,0,0.00,0.00
2024,Census Tract,3001300,14,"1,999","3,406",13,*,4.00,6.23,10.00,7.26,*,*,*,*,*,*,*,*,*,*,0,0.00,0.00
2024,Census Tract,3001501,11,"1,800","3,781",*,- 0,*,*,*,*,*,*,*,*,*,*,*,*,*,*,0,0.00,0.00
2024,Census Tract,3001502,78,"3,560","12,164",49,*,9.00,9.75,10.03,9.47,43,7.09,6.51,*,*,*,*,*,*,*,0,0.00,0.00
2024,Census Tract,3001801,21,"5,000","17,384",17,- 0,16.00,12.53,5.00,7.42,12,2.08,2.82,*,*,*,*,*,*,*,0,0.00,0.00
2024,Census Tract,3001802,157,"2,872","5,925",107,- 0,2.00,2.43,1.00,1.23,*,*,*,- 0,*,*,*,*,*,*,0,0.00,0.00
2024,Census Tract,3001803,10,"6,288","6,970",*,- 0,*,*,*,*,*,*,*,*,*,*,*,- 0,0.00,0.00,0,0.00,0.00
2024,Census Tract,3002000,29,"2,003","2,739",24,*,2.00,6.68,2.00,4.22,13,1.00,2.65,*,*,*,*,*,*,*,0,0.00,0.00
2024,Census Tract,3002100,166,"1,838","3,215",143,*,51.00,48.95,10.01,9.04,92,4.54,5.90,12,*,*,*,*,*,*,0,0.00,0.00
2024,Census Tract,3002200,33,"1,875","2,471",30,- 0,2.00,5.75,5.00,6.55,20,4.09,4.94,*,*,*,*,*,*,*,0,0.00,0.00
2024,Census Tract,3003300,35,"2,200","5,143",28,*,6.00,6.39,10.00,9.16,22,4.25,5.14,*,*,*,*,*,*,*,0,0.00,0.00
2024,Census Tract,3003500,65,"2,000","10,506",53,- 0,7.00,7.62,14.18,13.72,44,3.88,3.95,16,*,*,*,*,*,*,0,0.00,0.00
2024,Census Tract,3003700,135,"2,250","5,051",110,*,7.00,12.30,10.35,11.77,93,5.50,5.79,15,*,*,*,*,*,*,0,0.00,0.00
2024,Census Tract,3003900,31,"1,300","2,333",28,*,5.00,14.00,5.08,8.06,14,7.08,7.97,*,*,*,*,*,*,*,0,0.00,0.00
2024,Census Tract,3004100,33,898,"1,603",31,- 0,6.00,13.19,10.01,11.31,25,3.58,4.37,*,*,*,*,*,*,*,0,0.00,0.00
2024,Census Tract,3004300,74,"1,500","2,496",64,*,8.00,12.13,10.01,9.46,51,4.00,4.22,18,*,*,*,*,*,*,*,*,*
2024,Census Tract,3004500,37,"1,000","1,996",34,- 0,7.00,8.02,5.00,7.66,25,3.58,4.67,*,*,*,*,*,*,*,0,0.00,0.00
2024,Census Tract,3004900,10,994,963,*,- 0,*,*,*,*,*,*,*,*,- 0,0.00,0.00,*,*,*,0,0.00,0.00
2024,Census Tract,3005100,20,"4,147","3,945",15,- 0,2.00,3.00,1.08,4.38,*,*,*,*,*,*,*,*,*,*,0,0.00,0.00
2024,Census Tract,3005301,49,749,"8,277",42,*,1.00,3.24,4.47,5.87,36,1.50,2.33,19,*,*,*,*,*,*,0,0.00,0.00
2024,Census Tract,3005601,13,"1,400","2,541",11,- 0,3.00,3.09,3.00,7.90,*,*,*,*,*,*,*,*,*,*,0,0.00,0.00
2024,Census Tract,3005602,10,"1,350","1,909",10,*,4.00,4.28,4.00,5.74,*,*,*,*,- 0,0.00,0.00,- 0,0.00,0.00,0,0.00,0.00
2024,Census Tract,3005800,54,"1,410","2,984",40,*,4.00,4.55,1.00,5.97,16,1.91,4.82,*,*,*,*,*,*,*,0,0.00,0.00
2024,Census Tract,3005900,19,"2,250","4,006",13,- 0,3.00,2.79,1.00,2.52,*,*,*,*,*,*,*,*,*,*,0,0.00,0.00
2024,Census Tract,3006000,34,"1,100","1,677",29,*,5.00,5.03,5.50,8.02,22,2.96,4.46,*,*,*,*,*,*,*,0,0.00,0.00
2024,Census Tract,3006200,15,700,"1,998",15,- 0,3.83,4.21,1.00,5.60,*,*,*,*,- 0,0.00,0.00,- 0,0.00,0.00,0,0.00,0.00
2024,Census Tract,3006300,12,"1,213","2,334",*,*,*,*,*,*,*,*,*,- 0,*,*,*,*,*,*,0,0.00,0.00
2024,Census Tract,3006400,36,700,"1,755",29,*,4.00,4.37,5.00,6.84,24,2.88,3.28,*,*,*,*,*,*,*,0,0.00,0.00
2024,Census Tract,3006500,19,"1,300","1,587",19,*,4.00,4.77,6.00,7.00,*,*,*,*,- 0,0.00,0.00,- 0,0.00,0.00,0,0.00,0.00
2024,Census Tract,3006600,29,950,"1,214",25,- 0,4.80,4.90,7.00,7.24,19,4.50,3.93,*,*,*,*,*,*,*,0,0.00,0.00
2024,Census Tract,3006700,22,"1,319","2,345",19,*,7.00,6.25,10.59,10.59,13,5.09,5.63,*,*,*,*,*,*,*,0,0.00,0.00
2024,Census Tract,3006800,41,"1,200","2,358",40,*,3.00,3.46,4.50,8.04,25,2.00,2.89,*,*,*,*,*,*,*,0,0.00,0.00
2024,Census Tract,3006901,16,"1,167","1,245",13,*,7.55,7.08,5.01,5.84,*,*,*,*,*,*,*,*,*,*,0,0.00,0.00
2024,Census Tract,3006902,20,"1,960","3,375",15,- 0,5.00,5.72,10.00,7.64,*,*,*,*,*,*,*,*,*,*,0,0.00,0.00
2024,Census Tract,3007100,11,"2,536","2,950",10,- 0,3.00,4.20,7.00,6.42,*,*,*,*,*,*,*,*,*,*,0,0.00,0.00
2024,Census Tract,3007400,32,800,981,31,*,3.00,4.98,5.00,5.94,21,2.25,4.30,*,*,*,*,*,*,*,0,0.00,0.00
2024,Census Tract,3007500,12,"1,502","2,061",*,- 0,*,*,*,*,*,*,*,- 0,*,*,*,*,*,*,0,0.00,0.00
2024,Census Tract,3007600,41,"1,000","2,078",32,- 0,6.00,9.76,6.00,8.01,21,4.09,4.58,*,*,*,*,*,*,*,0,0.00,0.00
2024,Census Tract,3007700,41,"1,176","2,066",33,*,4.00,4.41,5.00,7.38,20,3.38,3.61,*,*,*,*,*,*,*,0,0.00,0.00
2024,Census Tract,3007800,38,"1,548","3,010",27,*,4.00,7.64,5.00,8.86,20,3.00,4.99,*,*,*,*,*,*,*,0,0.00,0.00
2024,Census Tract,3008000,15,900,"1,344",12,- 0,5.00,4.91,5.00,6.13,11,2.41,3.49,*,*,*,*,*,*,*,0,0.00,0.00
2024,Census Tract,3008200,15,900,"2,223",11,- 0,5.00,15.58,3.00,8.01,*,*,*,*,*,*,*,*,*,*,0,0.00,0.00
2024,Census Tract,3008400,49,"1,320","2,970",38,*,4.00,8.17,5.00,8.31,24,3.17,5.00,*,*,*,*,*,*,*,0,0.00,0.00
2024,Census Tract,3008800,17,531,"1,146",13,*,5.00,4.54,9.00,8.22,*,*,*,*,*,*,*,*,*,*,0,0.00,0.00
2024,Census Tract,3009001,16,"1,687","2,364",15,*,3.00,7.87,3.00,4.89,10,3.42,3.37,*,*,*,*,*,*,*,0,0.00,0.00
2024,Census Tract,3009002,12,"2,000","3,848",10,*,2.00,3.10,1.79,2.96,*,*,*,*,*,*,*,*,*,*,0,0.00,0.00
2024,Census Tract,3009201,16,"1,653","2,446",15,- 0,2.00,2.40,1.00,3.42,*,*,*,*,*,*,*,*,*,*,0,0.00,0.00
2024,Census Tract,3009401,14,750,"1,291",13,*,7.00,7.38,5.00,4.74,11,2.00,2.95,*,*,*,*,*,*,*,0,0.00,0.00
2024,Census Tract,3009402,20,"1,100","1,327",18,*,3.00,3.50,1.00,3.42,*,*,*,*,*,*,*,*,*,*,0,0.00,0.00
2024,Census Tract,3009600,32,900,"1,019",28,- 0,4.00,5.03,1.00,3.70,12,3.12,4.09,*,*,*,*,*,*,*,0,0.00,0.00
2024,Census Tract,3009800,32,"1,444","1,524",28,*,6.00,6.36,4.00,5.00,15,3.75,4.22,*,*,*,*,*,*,*,0,0.00,0.00
2024,Census Tract,3010000,35,"1,115","1,175",33,*,4.64,7.53,4.00,4.73,15,3.16,4.65,*,*,*,*,*,*,*,0,0.00,0.00
2024,Census Tract,3010100,64,"2,308","3,594",49,- 0,3.00,4.59,3.00,3.60,31,2.00,2.47,19,*,*,*,*,*,*,0,0.00,0.00
2024,Census Tract,3010200,24,800,"1,235",22,*,4.00,4.05,2.60,3.71,*,*,*,*,*,*,*,*,*,*,0,0.00,0.00
2024,Census Tract,3010401,59,"1,500","1,764",56,*,5.00,5.49,5.00,4.40,33,3.00,3.29,15,*,*,*,*,*,*,0,0.00,0.00
2024,Census Tract,3010402,55,"1,250","1,329",49,*,5.00,8.11,3.59,5.91,30,3.00,5.26,11,*,*,*,*,*,*,0,0.00,0.00
2024,Census Tract,3010601,37,"1,500","1,763",32,*,5.00,5.69,1.00,4.00,11,3.67,3.37,*,*,*,*,*,*,*,0,0.00,0.00
2024,Census Tract,3010602,27,"1,740","2,207",25,- 0,3.00,4.91,2.00,4.96,14,3.50,3.83,*,*,*,*,*,*,*,0,0.00,0.00
2024,Census Tract,3010801,33,"1,100","1,337",31,*,5.00,8.61,2.00,3.41,18,2.00,2.85,10,*,*,*,*,*,*,0,0.00,0.00
2024,Census Tract,3010802,35,720,"2,297",34,*,5.00,5.91,5.00,5.31,24,1.79,2.48,17,*,*,*,*,*,*,0,0.00,0.00
2024,Census Tract,3011000,12,"1,510","1,459",11,*,3.50,4.68,5.00,4.91,*,*,*,*,*,*,*,*,*,*,0,0.00,0.00
2024,Census Tract,3011200,14,862,"1,105",14,*,3.00,6.29,3.50,7.68,*,*,*,*,- 0,0.00,0.00,- 0,0.00,0.00,0,0.00,0.00
2024,Census Tract,3011400,11,"1,353","1,400",11,*,3.00,3.82,2.00,4.68,*,*,*,- 0,- 0,0.00,0.00,- 0,0.00,0.00,0,0.00,0.00
2024,Census Tract,3011600,13,"1,000","1,497",11,*,4.00,4.36,1.00,3.00,*,*,*,*,*,*,*,*,*,*,0,0.00,0.00
2024,Census Tract,3011700,31,"2,000","3,766",27,- 0,2.00,3.22,5.00,7.19,16,1.75,4.01,*,*,*,*,*,*,*,0,0.00,0.00
2024,Census Tract,3011800,84,"2,840","5,379",73,*,4.00,5.03,5.00,5.69,44,3.33,3.75,12,*,*,*,*,*,*,0,0.00,0.00
2024,Census Tract,3011901,61,"1,521","3,183",42,*,4.00,4.17,6.50,7.99,33,4.00,4.36,*,*,*,*,*,*,*,*,*,*
2024,Census Tract,3011902,17,"8,000","27,955",16,- 0,1.00,1.31,1.00,3.05,*,*,*,- 0,*,*,*,*,*,*,0,0.00,0.00
2024,Census Tract,3012000,56,"3,696","4,446",45,*,3.00,4.57,5.00,6.43,23,3.98,3.88,*,*,*,*,*,*,*,0,0.00,0.00
2024,Census Tract,3012100,24,"2,154","3,248",19,- 0,4.00,6.19,5.00,6.72,12,2.87,3.27,*,*,*,*,*,*,*,0,0.00,0.00
2024,Census Tract,3012200,36,500,"1,414",33,*,4.02,5.78,4.71,5.71,22,1.92,3.13,*,*,*,*,*,*,*,0,0.00,0.00
2024,Census Tract,3012600,11,"1,200","1,128",11,*,3.00,4.02,7.00,10.51,*,*,*,*,- 0,0.00,0.00,- 0,0.00,0.00,0,0.00,0.00
2024,Census Tract,3012700,21,"1,500","2,407",15,*,4.00,3.98,6.03,6.19,12,3.12,3.20,*,*,*,*,*,*,*,0,0.00,0.00
2024,Census Tract,3012901,22,989,"2,664",14,*,3.54,4.28,6.00,9.82,13,1.08,3.38,*,*,*,*,*,*,*,*,*,*
2024,Census Tract,3012902,40,"1,100","1,559",33,*,8.00,8.03,8.17,7.74,21,6.92,6.16,*,*,*,*,*,*,*,0,0.00,0.00
2024,Census Tract,3013000,44,745,"1,057",38,*,4.00,4.15,5.00,5.84,22,3.42,3.77,*,*,*,*,*,*,*,0,0.00,0.00
2024,Census Tract,3013100,31,"1,000","1,200",29,*,6.42,6.48,8.42,8.02,23,4.75,4.52,*,*,*,*,*,*,*,0,0.00,0.00
2024,Census Tract,3013200,14,"1,164","1,787",14,- 0,2.00,2.31,5.50,5.76,*,*,*,*,- 0,0.00,0.00,- 0,0.00,0.00,0,0.00,0.00
2024,Census Tract,3013300,48,"1,300","2,005",43,- 0,6.00,6.33,10.04,10.08,39,3.50,3.97,*,*,*,*,*,*,*,0,0.00,0.00
2024,Census Tract,3013400,26,"1,000","1,898",21,*,3.80,4.64,4.00,6.65,16,2.25,3.35,*,*,*,*,*,*,*,*,*,*
2024,Census Tract,3013500,19,950,"1,194",19,*,6.00,6.42,5.00,6.25,13,4.42,4.58,*,- 0,0.00,0.00,- 0,0.00,0.00,0,0.00,0.00
2024,Census Tract,3013600,23,850,981,20,*,4.08,4.04,6.30,7.07,12,1.04,2.68,*,*,*,*,*,*,*,0,0.00,0.00
2024,Census Tract,3013700,41,"1,000","1,965",30,*,5.00,5.32,5.00,5.64,23,3.50,3.81,*,*,*,*,*,*,*,0,0.00,0.00
2024,Census Tract,3013800,36,"1,960","2,647",35,*,5.00,6.40,9.96,10.00,24,3.33,4.17,*,*,*,*,*,*,*,0,0.00,0.00
2024,Census Tract,3013900,39,"1,800","2,392",32,- 0,3.00,4.02,5.54,9.35,23,3.84,5.08,*,*,*,*,*,*,*,0,0.00,0.00
2024,Census Tract,3014101,14,"3,500","6,562",12,- 0,5.00,5.33,7.48,10.03,10,4.09,5.32,*,*,*,*,*,*,*,0,0.00,0.00
2024,Census Tract,3014102,18,"1,660","1,608",16,- 0,5.00,6.23,6.46,7.56,*,*,*,*,*,*,*,*,*,*,0,0.00,0.00
2024,Census Tract,3014200,35,950,"1,635",28,*,3.50,3.93,1.00,4.00,*,*,*,*,*,*,*,*,*,*,0,0.00,0.00
2024,Census Tract,3014300,28,"1,555","2,073",21,*,4.00,5.00,5.50,6.33,12,2.64,3.36,*,*,*,*,*,*,*,0,0.00,0.00
2024,Census Tract,3014500,34,"1,000","1,787",32,*,4.50,6.72,5.29,6.76,26,3.29,3.73,*,*,*,*,*,*,*,0,0.00,0.00
2024,Census Tract,3014901,14,775,933,12,- 0,5.00,5.89,8.11,17.45,10,4.21,4.73,*,*,*,*,*,*,*,0,0.00,0.00
2024,Census Tract,3014902,11,700,774,*,- 0,*,*,*,*,*,*,*,- 0,*,*,*,*,*,*,0,0.00,0.00
2024,Census Tract,3015100,26,"1,130","1,067",23,*,6.00,6.45,8.00,8.47,20,2.83,3.82,10,*,*,*,*,*,*,0,0.00,0.00
2024,Census Tract,3015300,26,"1,480","1,506",24,*,8.00,7.45,9.99,12.33,20,6.29,6.00,*,*,*,*,*,*,*,0,0.00,0.00
2024,Census Tract,3015500,24,890,"1,042",21,*,6.00,5.84,6.00,8.85,16,2.50,5.06,*,*,*,*,*,*,*,0,0.00,0.00
2024,Census Tract,3015700,48,"1,050","1,939",44,*,6.50,8.88,5.00,6.99,29,2.83,3.83,*,*,*,*,*,*,*,0,0.00,0.00
2024,Census Tract,3015900,38,"1,150","1,782",35,*,6.63,7.39,10.01,11.21,28,4.38,4.64,10,*,*,*,*,*,*,0,0.00,0.00
2024,Census Tract,3016000,64,"1,500","3,344",59,*,4.00,4.97,7.00,9.94,47,2.75,4.00,17,*,*,*,*,*,*,0,0.00,0.00
2024,Census Tract,3016100,36,999,"2,310",28,*,8.00,8.12,10.05,13.54,22,4.33,4.53,*,*,*,*,*,*,*,0,0.00,0.00
2024,Census Tract,3016200,17,990,"1,972",17,*,3.00,4.89,4.58,5.85,12,1.71,3.10,*,- 0,0.00,0.00,- 0,0.00,0.00,0,0.00,0.00
2024,Census Tract,3016300,22,"2,210","7,403",19,- 0,4.42,5.32,10.01,10.24,14,5.00,6.95,*,*,*,*,*,*,*,0,0.00,0.00
2024,Census Tract,3016900,31,900,983,27,*,5.17,6.14,3.00,9.02,17,2.75,7.88,*,*,*,*,*,*,*,0,0.00,0.00
2024,Census Tract,3017200,13,"3,000","4,013",11,- 0,4.00,4.58,11.39,14.66,*,*,*,*,*,*,*,*,*,*,0,0.00,0.00
2024,Census Tract,3017800,21,"2,500","3,853",19,*,3.00,2.70,1.50,4.76,*,*,*,*,*,*,*,*,*,*,0,0.00,0.00
2024,Census Tract,3018100,21,950,"1,039",18,*,6.50,6.38,5.46,5.90,14,1.08,2.39,*,*,*,*,*,*,*,0,0.00,0.00
2024,Census Tract,3018300,17,"1,150","1,856",15,*,6.00,5.46,9.34,10.28,11,5.75,6.31,*,*,*,*,*,*,*,0,0.00,0.00
2024,Census Tract,3019000,32,875,"1,885",29,*,3.00,4.41,4.59,4.61,13,4.00,4.40,*,*,*,*,*,*,*,0,0.00,0.00
2024,Census Tract,3019100,18,"1,881","3,377",17,*,3.25,3.69,9.00,8.53,12,5.28,4.77,*,*,*,*,*,*,*,0,0.00,0.00
2024,Census Tract,3019200,13,"1,460","1,725",10,- 0,2.00,2.33,6.00,6.80,*,*,*,*,*,*,*,*,*,*,0,0.00,0.00
2024,Census Tract,3019300,29,"1,365","2,836",28,*,5.00,4.61,10.05,9.60,23,5.00,5.69,*,*,*,*,*,*,*,0,0.00,0.00
2024,Census Tract,3019400,25,"1,110","1,850",22,*,3.00,4.21,4.00,4.84,12,3.16,3.39,*,*,*,*,*,*,*,0,0.00,0.00
2024,Census Tract,3019500,19,"1,000","1,388",19,- 0,6.00,5.37,10.01,12.47,13,3.84,3.80,*,- 0,0.00,0.00,- 0,0.00,0.00,0,0.00,0.00
2024,Census Tract,3019600,29,"1,000","2,128",28,*,3.00,10.29,3.62,5.22,20,2.12,3.49,*,*,*,*,*,*,*,0,0.00,0.00
2024,Census Tract,3019800,13,917,"1,288",12,*,2.50,3.97,3.91,5.65,10,1.12,3.03,*,*,*,*,*,*,*,0,0.00,0.00
2024,Census Tract,3019900,39,"2,165","6,189",28,- 0,5.00,5.18,11.36,12.85,25,6.16,6.55,*,*,*,*,*,*,*,0,0.00,0.00
2024,Census Tract,3020000,27,900,"1,276",24,- 0,3.00,3.38,1.00,2.42,*,*,*,*,*,*,*,*,*,*,0,0.00,0.00
2024,Census Tract,3020100,15,800,960,15,*,6.14,6.41,1.00,1.86,*,*,*,- 0,- 0,0.00,0.00,- 0,0.00,0.00,0,0.00,0.00
2024,Census Tract,3020500,15,600,"1,955",15,*,5.33,4.73,10.01,10.67,11,4.00,3.31,*,- 0,0.00,0.00,- 0,0.00,0.00,0,0.00,0.00
2024,Census Tract,3021000,13,900,"1,180",12,- 0,3.00,5.51,8.38,6.92,10,1.27,2.03,*,*,*,*,*,*,*,0,0.00,0.00
2024,Census Tract,3021100,44,"4,190","6,413",28,*,2.00,3.66,1.54,3.96,21,0.26,2.26,*,*,*,*,*,*,*,0,0.00,0.00
2024,Census Tract,3021200,17,"1,653","2,080",12,*,4.38,4.02,2.46,3.68,*,*,*,*,*,*,*,*,*,*,0,0.00,0.00
2024,Census Tract,3021300,10,"1,090","1,152",10,- 0,6.50,6.90,14.88,14.13,10,5.21,5.37,*,- 0,0.00,0.00,- 0,0.00,0.00,0,0.00,0.00
2024,Census Tract,3021400,17,"2,000","2,796",16,- 0,1.00,2.12,2.75,4.57,13,1.00,1.27,10,*,*,*,*,*,*,0,0.00,0.00
2024,Census Tract,3021500,18,625,"1,151",15,- 0,6.00,5.71,10.00,8.81,11,4.42,4.31,*,*,*,*,*,*,*,0,0.00,0.00
2024,Census Tract,3021600,11,800,"1,354",10,- 0,4.00,3.90,1.50,2.70,*,*,*,*,*,*,*,*,*,*,0,0.00,0.00
2024,Census Tract,3021700,25,700,858,21,*,5.00,5.36,5.00,6.47,13,3.58,3.17,*,*,*,*,*,*,*,0,0.00,0.00
2024,Census Tract,3021800,14,"1,253","2,184",11,- 0,3.00,2.75,1.00,12.53,*,*,*,- 0,*,*,*,*,*,*,0,0.00,0.00
2024,Census Tract,3021900,14,"2,318","2,095",11,- 0,6.00,6.18,6.00,7.13,*,*,*,*,*,*,*,*,*,*,0,0.00,0.00
2024,Census Tract,3022000,56,"1,341","2,440",43,- 0,3.00,4.07,9.17,9.26,25,3.16,3.67,*,13,4.00,14.73,- 0,0.00,0.00,0,0.00,0.00
2024,Census Tract,3022100,10,"1,615","1,467",*,- 0,*,*,*,*,*,*,*,*,*,*,*,*,*,*,0,0.00,0.00
2024,Census Tract,3022200,48,"1,394","1,937",38,*,3.50,4.05,6.00,6.95,17,3.25,4.68,*,*,*,*,*,*,*,0,0.00,0.00
2024,Census Tract,3022400,14,"2,734","2,508",14,*,3.50,3.21,8.55,7.79,*,*,*,*,- 0,0.00,0.00,- 0,0.00,0.00,0,0.00,0.00
2024,Census Tract,3022600,18,"1,682","2,506",16,- 0,2.75,2.90,10.90,10.09,15,2.00,4.06,*,*,*,*,*,*,*,0,0.00,0.00
2024,Census Tract,3022700,52,"1,214","3,663",48,*,3.50,4.27,10.01,10.50,38,3.98,4.94,12,*,*,*,*,*,*,0,0.00,0.00
2024,Census Tract,3022800,14,"3,068","3,065",12,*,3.00,2.92,1.00,3.53,*,*,*,*,*,*,*,*,*,*,0,0.00,0.00
2024,Census Tract,3023000,22,"1,300","1,417",21,*,3.00,3.43,5.00,5.68,11,2.58,3.63,*,*,*,*,*,*,*,0,0.00,0.00
2024,Census Tract,3023200,28,"1,800","2,063",23,*,3.00,3.99,10.01,14.59,15,3.58,3.71,*,*,*,*,*,*,*,0,0.00,0.00
2024,Census Tract,3023300,24,"1,600","2,064",23,*,5.00,4.96,9.64,8.55,20,4.79,5.15,*,*,*,*,*,*,*,0,0.00,0.00
2024,Census Tract,3023400,28,"1,114","1,374",26,*,5.50,8.85,10.10,10.35,14,3.84,3.97,*,*,*,*,*,*,*,0,0.00,0.00
2024,Census Tract,3023600,25,950,"1,331",18,*,3.92,4.14,8.07,7.85,11,3.00,3.64,*,*,*,*,*,*,*,0,0.00,0.00
2024,Census Tract,3023800,18,"1,305","1,395",15,- 0,4.00,3.87,9.00,21.95,10,4.81,17.91,*,*,*,*,*,*,*,0,0.00,0.00
2024,Census Tract,3024100,21,"1,450","6,937",17,- 0,4.00,9.18,5.00,10.58,15,3.58,4.46,*,*,*,*,*,*,*,0,0.00,0.00
2024,Census Tract,3024300,27,"1,200","1,417",21,*,3.79,4.37,5.03,6.59,17,2.16,4.03,*,*,*,*,*,*,*,0,0.00,0.00
2024,Census Tract,3024500,34,"1,400","2,438",27,- 0,4.00,4.14,10.01,9.82,23,5.00,6.21,*,*,*,*,*,*,*,0,0.00,0.00
2024,Census Tract,3024700,48,"2,553","3,351",36,*,4.00,4.48,11.05,11.29,28,4.94,7.20,*,*,*,*,*,*,*,0,0.00,0.00
2024,Census Tract,3024800,28,"1,300","2,522",24,*,4.00,10.85,4.00,4.45,14,4.17,4.80,*,*,*,*,*,*,*,0,0.00,0.00
2024,Census Tract,3024900,16,"1,000","1,332",13,*,5.00,4.47,4.63,7.33,*,*,*,*,*,*,*,*,*,*,0,0.00,0.00
2024,Census Tract,3025100,11,"1,000","2,156",11,*,3.00,3.91,4.92,6.17,*,*,*,*,- 0,0.00,0.00,- 0,0.00,0.00,0,0.00,0.00
2024,Census Tract,3025200,38,"1,720","2,501",28,- 0,4.00,4.93,7.00,8.77,19,6.00,6.24,*,*,*,*,*,*,*,*,*,*
2024,Census Tract,3025300,14,"1,225","1,855",13,*,4.00,4.00,7.75,7.49,*,*,*,*,*,*,*,*,*,*,0,0.00,0.00
2024,Census Tract,3025400,13,"1,000","1,958",10,- 0,2.00,2.90,1.50,4.86,*,*,*,*,*,*,*,*,*,*,0,0.00,0.00
2024,Census Tract,3025600,26,"1,040","1,493",22,- 0,3.00,3.27,5.00,6.49,15,3.33,4.48,*,*,*,*,*,*,*,0,0.00,0.00
2024,Census Tract,3025700,14,"1,275","3,903",11,*,3.00,2.85,7.00,6.72,*,*,*,*,*,*,*,*,*,*,0,0.00,0.00
2024,Census Tract,3025800,16,"1,028","1,971",14,- 0,3.00,5.51,1.75,2.96,*,*,*,*,*,*,*,*,*,*,0,0.00,0.00
2024,Census Tract,3026000,33,"1,600","2,273",29,- 0,4.00,5.05,6.01,5.72,17,3.00,3.56,*,*,*,*,*,*,*,0,0.00,0.00
2024,Census Tract,3026100,12,675,"1,703",*,- 0,*,*,*,*,*,*,*,*,*,*,*,*,*,*,0,0.00,0.00
2024,Census Tract,3026400,25,"1,420","1,974",24,*,2.71,3.60,5.00,4.79,11,4.09,4.62,*,*,*,*,*,*,*,0,0.00,0.00
2024,Census Tract,3026500,11,800,904,*,- 0,*,*,*,*,*,*,*,*,- 0,0.00,0.00,*,*,*,0,0.00,0.00
2024,Census Tract,3026600,12,"1,600","1,540",11,*,3.00,5.18,6.00,6.59,*,*,*,*,*,*,*,*,*,*,0,0.00,0.00
2024,Census Tract,3026700,10,828,"1,596",*,- 0,*,*,*,*,*,*,*,*,- 0,0.00,0.00,*,*,*,0,0.00,0.00
2024,Census Tract,3026800,18,550,867,11,*,2.00,3.33,1.00,3.75,*,*,*,*,*,*,*,*,*,*,0,0.00,0.00
2024,Census Tract,3026900,12,"1,007","1,214",11,*,5.00,4.42,6.00,7.16,*,*,*,*,*,*,*,*,*,*,0,0.00,0.00
2024,Census Tract,3027100,20,"1,004","2,714",17,- 0,5.00,5.04,6.56,7.06,16,3.29,3.41,*,*,*,*,*,*,*,0,0.00,0.00
2024,Census Tract,3027200,13,665,"1,018",13,*,4.00,3.46,1.00,3.44,*,*,*,*,- 0,0.00,0.00,- 0,0.00,0.00,0,0.00,0.00
2024,Census Tract,3027300,17,"1,600","2,062",15,*,2.00,3.36,4.92,7.14,*,*,*,*,*,*,*,*,*,*,0,0.00,0.00
2024,Census Tract,3027400,11,"1,178","1,199",*,- 0,*,*,*,*,*,*,*,*,*,*,*,*,*,*,0,0.00,0.00
2024,Census Tract,3027500,28,760,957,23,*,3.00,3.83,5.00,4.99,15,2.00,3.17,*,*,*,*,*,*,*,0,0.00,0.00
2024,Census Tract,3027600,40,"1,693","2,541",34,*,3.00,9.59,5.21,7.28,19,3.58,4.03,*,*,*,*,*,*,*,0,0.00,0.00
2024,Census Tract,3027800,42,"1,827","3,453",41,*,4.00,7.10,5.00,6.18,26,2.73,4.54,10,*,*,*,*,*,*,0,0.00,0.00
2024,Census Tract,3027900,14,835,843,12,*,4.42,4.99,5.00,5.33,*,*,*,*,*,*,*,*,*,*,0,0.00,0.00
2024,Census Tract,3028000,17,"1,500","1,996",16,- 0,2.00,5.63,3.00,4.38,*,*,*,*,*,*,*,*,*,*,0,0.00,0.00
2024,Census Tract,3028100,24,"1,100","2,044",20,- 0,2.00,2.75,4.50,7.36,10,6.05,5.56,*,*,*,*,*,*,*,0,0.00,0.00
2024,Census Tract,3028200,11,984,953,*,- 0,*,*,*,*,*,*,*,*,*,*,*,- 0,0.00,0.00,0,0.00,0.00
2024,Census Tract,3028300,24,975,"1,405",19,- 0,3.00,3.68,5.00,8.12,15,1.67,3.27,*,*,*,*,*,*,*,0,0.00,0.00
2024,Census Tract,3028400,49,960,"1,390",47,*,5.50,16.52,5.50,7.25,29,3.08,4.76,*,*,*,*,*,*,*,0,0.00,0.00
2024,Census Tract,3028501,12,"1,875","2,662",12,- 0,4.00,4.35,7.13,6.98,12,3.00,3.31,*,- 0,0.00,0.00,- 0,0.00,0.00,0,0.00,0.00
2024,Census Tract,3028600,11,913,"1,908",10,- 0,5.00,8.00,12.85,13.00,*,*,*,- 0,*,*,*,*,*,*,0,0.00,0.00
2024,Census Tract,3028700,19,"1,841","4,800",18,*,3.50,3.78,8.05,8.82,12,5.21,5.94,*,*,*,*,*,*,*,0,0.00,0.00
2024,Census Tract,3028800,54,"1,900","2,373",49,*,4.17,4.47,5.00,6.34,23,5.58,5.80,*,*,*,*,*,*,*,0,0.00,0.00
2024,Census Tract,3028900,19,"1,300","1,687",17,*,3.00,3.48,4.33,5.82,11,2.00,3.15,*,*,*,*,*,*,*,0,0.00,0.00
2024,Census Tract,3029000,35,"1,900","2,828",30,*,5.00,5.46,7.19,7.52,20,1.79,3.85,*,*,*,*,*,*,*,0,0.00,0.00
2024,Census Tract,3029200,16,806,992,15,- 0,3.00,3.07,6.00,6.67,11,2.58,2.82,*,*,*,*,*,*,*,0,0.00,0.00
2024,Census Tract,3029400,25,"1,650","12,217",24,*,7.50,9.57,10.00,8.25,18,6.34,5.95,*,*,*,*,*,*,*,0,0.00,0.00
2024,Census Tract,3029500,17,800,821,17,*,4.00,4.59,8.59,6.89,11,3.00,3.99,*,- 0,0.00,0.00,- 0,0.00,0.00,0,0.00,0.00
2024,Census Tract,3029600,58,"1,070","1,677",56,*,5.00,7.17,2.00,5.95,31,3.58,4.36,12,*,*,*,*,*,*,0,0.00,0.00
2024,Census Tract,3029800,29,"1,200","2,268",26,*,4.00,4.88,3.75,8.99,12,6.55,9.43,*,*,*,*,*,*,*,0,0.00,0.00
2024,Census Tract,3030000,33,"1,200","3,096",31,*,3.00,3.34,7.01,9.39,22,0.79,1.73,12,*,*,*,*,*,*,0,0.00,0.00
2024,Census Tract,3030100,12,"2,175","2,858",12,- 0,3.17,6.22,5.21,10.90,11,2.00,3.05,*,- 0,0.00,0.00,- 0,0.00,0.00,0,0.00,0.00
2024,Census Tract,3030500,21,"1,800","4,809",16,*,4.00,6.31,6.88,9.86,12,2.33,5.15,*,*,*,*,*,*,*,0,0.00,0.00
2024,Census Tract,3030900,13,"2,000","3,373",12,- 0,4.00,4.39,10.01,12.77,12,3.42,6.47,*,*,*,*,*,*,*,0,0.00,0.00
2024,Census Tract,3031100,11,900,"1,926",*,- 0,*,*,*,*,*,*,*,*,*,*,*,*,*,*,0,0.00,0.00
2024,Census Tract,3031500,30,"1,250","1,442",24,*,4.00,4.28,6.00,7.24,17,4.16,3.95,*,*,*,*,*,*,*,0,0.00,0.00
2024,Census Tract,3031701,23,530,"1,196",19,*,4.67,5.07,6.00,12.27,15,4.00,5.27,*,*,*,*,*,*,*,0,0.00,0.00
2024,Census Tract,3031702,16,775,912,12,- 0,4.00,4.05,5.50,7.32,12,0.98,1.76,*,*,*,*,*,*,*,0,0.00,0.00
2024,Census Tract,3031900,19,900,"1,115",19,*,3.00,5.55,1.00,4.27,14,0.54,1.56,*,- 0,0.00,0.00,- 0,0.00,0.00,0,0.00,0.00
2024,Census Tract,3032100,26,"1,200","2,109",23,*,4.00,4.56,6.84,7.24,19,3.50,3.35,*,*,*,*,*,*,*,0,0.00,0.00
2024,Census Tract,3032300,11,"1,000","2,008",10,- 0,3.88,4.30,6.00,7.17,*,*,*,*,*,*,*,*,*,*,0,0.00,0.00
2024,Census Tract,3032500,24,738,769,17,*,4.00,3.95,5.00,7.08,12,3.50,3.79,*,*,*,*,*,*,*,0,0.00,0.00
2024,Census Tract,3032600,26,"1,050","1,292",23,*,3.00,5.48,3.00,4.65,16,2.29,2.59,*,*,*,*,*,*,*,0,0.00,0.00
2024,Census Tract,3032700,33,"1,581","4,385",29,*,3.00,6.52,5.00,9.12,16,3.50,5.03,*,*,*,*,*,*,*,0,0.00,0.00
2024,Census Tract,3032800,10,"3,896","5,727",*,- 0,*,*,*,*,*,*,*,- 0,- 0,0.00,0.00,*,*,*,0,0.00,0.00
2024,Census Tract,3032900,40,963,"1,269",39,- 0,5.00,10.64,5.00,5.56,32,2.37,2.47,14,*,*,*,*,*,*,0,0.00,0.00
2024,Census Tract,3033100,28,999,"1,490",28,*,3.00,3.61,5.55,7.98,12,1.58,3.31,*,- 0,0.00,0.00,- 0,0.00,0.00,0,0.00,0.00
2024,Census Tract,3033300,11,805,"1,040",11,- 0,5.00,5.09,1.00,1.36,- 0,0.00,0.00,- 0,- 0,0.00,0.00,- 0,0.00,0.00,0,0.00,0.00
2024,Census Tract,3033702,12,"1,058","1,309",11,- 0,3.00,3.27,1.00,5.94,*,*,*,- 0,*,*,*,*,*,*,0,0.00,0.00
2024,Census Tract,3033900,19,670,"1,651",16,- 0,3.12,3.59,2.00,5.53,10,1.04,1.86,*,*,*,*,*,*,*,0,0.00,0.00
2024,Census Tract,3034200,24,"2,103","2,341",23,- 0,3.00,3.87,9.00,8.60,12,4.04,4.77,*,*,*,*,*,*,*,0,0.00,0.00
2024,Census Tract,3034500,23,550,"1,100",23,- 0,3.25,3.67,7.00,7.53,22,3.54,3.33,*,- 0,0.00,0.00,- 0,0.00,0.00,0,0.00,0.00
2024,Census Tract,3034800,52,"2,345","7,612",33,*,3.00,3.11,5.00,8.33,20,4.58,6.37,*,*,*,*,*,*,*,0,0.00,0.00
2024,Census Tract,3034901,14,"1,869","2,454",13,*,3.00,3.62,6.00,6.73,*,*,*,*,*,*,*,*,*,*,0,0.00,0.00
2024,Census Tract,3034902,20,541,695,17,*,5.00,5.18,7.59,6.17,*,*,*,*,*,*,*,*,*,*,0,0.00,0.00
2024,Census Tract,3035000,25,"2,250","3,869",17,*,4.17,8.03,1.00,6.17,10,4.00,5.89,*,*,*,*,*,*,*,0,0.00,0.00
2024,Census Tract,3035101,39,833,"2,214",35,- 0,3.00,4.70,6.00,7.07,19,4.00,4.55,*,*,*,*,*,*,*,0,0.00,0.00
2024,Census Tract,3035102,35,"1,000","1,799",31,*,5.00,5.59,7.00,10.59,15,2.00,4.57,*,*,*,*,*,*,*,0,0.00,0.00
2024,Census Tract,3035200,18,"1,243","2,800",17,*,2.00,5.12,8.59,10.48,*,*,*,*,*,*,*,*,*,*,0,0.00,0.00
2024,Census Tract,3035301,13,400,482,12,*,5.00,4.62,4.71,6.12,*,*,*,*,*,*,*,*,*,*,0,0.00,0.00
2024,Census Tract,3035400,30,"1,500","5,160",25,*,5.00,5.12,10.34,12.38,25,6.50,7.36,*,*,*,*,*,*,*,0,0.00,0.00
2024,Census Tract,3035500,40,655,"1,185",36,*,3.00,3.64,7.34,8.55,23,3.75,4.43,*,*,*,*,*,*,*,0,0.00,0.00
2024,Census Tract,3035602,15,"1,350","1,748",14,*,4.00,4.64,1.00,4.80,*,*,*,*,*,*,*,*,*,*,0,0.00,0.00
2024,Census Tract,3036001,34,"1,894","2,657",33,*,6.00,6.33,5.25,6.94,22,3.96,4.39,*,*,*,*,*,*,*,0,0.00,0.00
2024,Census Tract,3036002,34,784,"1,195",31,*,6.67,10.03,5.00,6.82,25,3.25,3.74,*,*,*,*,*,*,*,0,0.00,0.00
2024,Census Tract,3036100,19,900,"1,523",17,- 0,3.00,7.50,3.86,6.32,*,*,*,*,*,*,*,*,*,*,0,0.00,0.00
2024,Census Tract,3036200,78,"1,540","2,144",72,*,4.00,4.74,5.17,6.00,35,3.25,3.39,13,*,*,*,*,*,*,0,0.00,0.00
2024,Census Tract,3036300,10,"1,168","1,172",10,*,3.00,4.98,10.00,6.94,*,*,*,*,- 0,0.00,0.00,- 0,0.00,0.00,0,0.00,0.00
2024,Census Tract,3036400,13,500,969,10,*,6.00,6.60,1.00,2.00,*,*,*,*,*,*,*,*,*,*,*,*,*
2024,Census Tract,3036900,15,"1,000","5,650",11,*,4.00,5.73,5.00,7.80,*,*,*,*,*,*,*,*,*,*,0,0.00,0.00
2024,Census Tract,3037000,11,"2,604","3,578",*,- 0,*,*,*,*,*,*,*,*,*,*,*,*,*,*,0,0.00,0.00
2024,Census Tract,3037300,18,"1,442","2,283",16,*,4.58,7.90,9.84,8.34,12,2.62,3.03,*,*,*,*,*,*,*,0,0.00,0.00
2024,Census Tract,3037402,21,"2,500","4,791",19,*,2.00,3.32,1.00,3.95,*,*,*,*,*,*,*,*,*,*,0,0.00,0.00
2024,Census Tract,3037500,16,775,"2,897",13,- 0,4.00,5.36,5.00,6.40,10,1.41,4.03,*,*,*,*,*,*,*,0,0.00,0.00
2024,Census Tract,3037700,16,550,688,13,*,4.00,4.92,5.00,4.69,*,*,*,*,*,*,*,*,*,*,0,0.00,0.00
2024,Census Tract,3038300,13,500,721,12,*,4.50,4.42,7.50,7.31,12,3.12,3.00,*,*,*,*,*,*,*,0,0.00,0.00
2024,Census Tract,3038600,15,"2,000","2,249",12,*,3.00,4.17,1.00,4.09,*,*,*,- 0,*,*,*,*,*,*,0,0.00,0.00
2024,Census Tract,3038700,14,735,"1,346",*,- 0,*,*,*,*,*,*,*,*,*,*,*,*,*,*,0,0.00,0.00
2024,Census Tract,3038900,49,"1,900","3,232",37,*,4.00,9.55,10.00,9.66,30,5.49,5.28,*,*,*,*,*,*,*,0,0.00,0.00
2024,Census Tract,3039100,13,875,"1,949",11,*,3.00,3.91,5.00,9.59,*,*,*,*,*,*,*,*,*,*,0,0.00,0.00
2024,Census Tract,3039200,20,"1,898","2,502",17,- 0,3.00,3.13,1.00,4.29,*,*,*,*,*,*,*,*,*,*,0,0.00,0.00
2024,Census Tract,3039300,26,"1,850","2,490",20,*,3.00,4.05,5.50,6.99,17,3.00,3.27,*,*,*,*,*,*,*,0,0.00,0.00
2024,Census Tract,3039400,22,900,"1,599",21,*,3.00,4.95,1.00,1.93,*,*,*,*,*,*,*,*,*,*,0,0.00,0.00
2024,Census Tract,3039500,14,"3,000","3,485",13,- 0,27.00,21.54,10.00,9.70,11,3.25,3.74,*,*,*,*,*,*,*,0,0.00,0.00
2024,Census Tract,3039700,22,"2,071","4,400",19,*,3.00,2.95,7.00,7.80,10,3.79,3.66,*,*,*,*,*,*,*,0,0.00,0.00
2024,Census Tract,3039800,16,"1,450","2,089",15,- 0,5.00,9.99,1.00,5.65,*,*,*,- 0,*,*,*,*,*,*,0,0.00,0.00
2024,Census Tract,3040000,38,"1,700","3,235",31,*,3.00,5.44,6.00,7.57,18,3.00,3.75,*,*,*,*,*,*,*,0,0.00,0.00
2024,Census Tract,3040100,10,"2,300","3,383",10,- 0,26.50,23.70,11.42,12.59,*,*,*,*,- 0,0.00,0.00,- 0,0.00,0.00,0,0.00,0.00
2024,Census Tract,3040200,37,"1,190","1,868",33,*,3.00,4.19,1.00,5.05,10,1.16,3.20,*,*,*,*,*,*,*,0,0.00,0.00
2024,Census Tract,3040300,43,"1,333","1,887",36,*,3.00,3.59,8.50,9.50,30,1.33,2.45,16,*,*,*,*,*,*,0,0.00,0.00
2024,Census Tract,3040400,11,627,"2,276",10,- 0,2.50,6.50,5.00,5.13,*,*,*,*,*,*,*,*,*,*,0,0.00,0.00
2024,Census Tract,3040800,16,355,726,16,*,3.64,3.31,2.00,3.69,13,1.75,2.17,*,- 0,0.00,0.00,- 0,0.00,0.00,0,0.00,0.00
2024,Census Tract,3041200,25,"1,500","3,979",20,- 0,3.00,6.29,8.00,9.01,17,4.00,3.68,*,*,*,*,*,*,*,0,0.00,0.00
2024,Census Tract,3041800,43,"1,070","1,979",38,*,4.50,5.74,7.50,10.77,24,3.37,3.18,*,*,*,*,*,*,*,0,0.00,0.00
2024,Census Tract,3042000,30,"1,950","3,227",28,*,4.00,4.21,7.50,7.95,14,2.79,4.94,*,*,*,*,*,*,*,0,0.00,0.00
2024,Census Tract,3042100,23,700,"1,028",21,*,3.00,4.14,3.00,5.29,14,2.46,3.36,*,*,*,*,*,*,*,0,0.00,0.00
2024,Census Tract,3042200,25,"1,600","1,405",25,*,4.00,5.52,8.00,8.51,14,2.50,3.33,*,- 0,0.00,0.00,- 0,0.00,0.00,0,0.00,0.00
2024,Census Tract,3042300,19,732,"1,799",18,*,3.50,6.50,3.04,5.04,10,1.00,1.95,*,*,*,*,*,*,*,0,0.00,0.00
2024,Census Tract,3042400,10,"1,363","2,498",*,- 0,*,*,*,*,*,*,*,- 0,*,*,*,- 0,0.00,0.00,0,0.00,0.00
2024,Census Tract,3042600,25,"1,150","2,087",25,*,3.67,4.49,2.00,8.22,12,3.67,4.88,*,- 0,0.00,0.00,- 0,0.00,0.00,0,0.00,0.00
2024,Census Tract,3042700,38,"1,110","1,369",33,- 0,3.00,3.33,3.25,7.25,17,5.33,5.18,*,*,*,*,*,*,*,0,0.00,0.00
2024,Census Tract,3042800,12,"2,855","3,483",12,*,3.00,2.92,2.00,6.27,*,*,*,*,- 0,0.00,0.00,- 0,0.00,0.00,0,0.00,0.00
2024,Census Tract,3042900,48,"1,563","2,020",45,*,4.00,8.76,9.00,8.30,36,3.29,3.48,13,*,*,*,*,*,*,0,0.00,0.00
2024,Census Tract,3043000,22,855,"1,588",20,- 0,3.50,5.14,5.51,7.91,15,2.16,2.79,*,*,*,*,*,*,*,0,0.00,0.00
2024,Census Tract,3043100,65,"1,800","2,999",58,*,6.00,8.52,10.01,10.85,42,7.61,7.14,*,*,*,*,*,*,*,0,0.00,0.00
2024,Census Tract,3043200,32,"1,168","1,789",29,*,3.42,5.12,5.00,5.54,23,1.75,1.80,15,*,*,*,*,*,*,0,0.00,0.00
2024,Census Tract,3043300,22,"1,267","1,617",19,*,3.00,7.98,7.34,9.49,14,3.12,4.37,*,*,*,*,*,*,*,0,0.00,0.00
2024,Census Tract,3043400,10,"1,050","1,390",10,*,2.00,2.60,6.17,7.86,*,*,*,*,- 0,0.00,0.00,- 0,0.00,0.00,0,0.00,0.00
2024,Census Tract,3043500,11,600,985,11,*,3.00,7.91,5.00,6.46,*,*,*,*,- 0,0.00,0.00,- 0,0.00,0.00,0,0.00,0.00
2024,Census Tract,3043600,18,"1,250","1,858",17,- 0,5.00,13.88,2.00,3.66,13,1.83,2.24,*,*,*,*,*,*,*,0,0.00,0.00
2024,Census Tract,3043700,13,"1,000",805,12,*,4.50,10.08,4.00,4.64,*,*,*,*,*,*,*,*,*,*,0,0.00,0.00
2024,Census Tract,3043800,28,"2,000","2,523",24,12,3.00,3.88,1.00,2.76,*,*,*,*,*,*,*,*,*,*,0,0.00,0.00
2024,Census Tract,3043900,49,850,"3,320",44,*,5.00,9.16,5.00,6.76,33,1.50,2.25,19,*,*,*,*,*,*,0,0.00,0.00
2024,Census Tract,3044100,31,900,"1,219",29,*,4.00,6.62,5.00,5.55,19,2.62,3.01,*,*,*,*,*,*,*,0,0.00,0.00
2024,Census Tract,3044200,11,"1,150","2,033",11,- 0,4.00,3.82,10.00,8.20,*,*,*,*,- 0,0.00,0.00,- 0,0.00,0.00,0,0.00,0.00
2024,Census Tract,3044300,31,650,"1,131",26,*,5.00,11.32,2.00,3.09,10,1.74,2.72,*,*,*,*,*,*,*,0,0.00,0.00
2024,Census Tract,3044500,32,780,"2,024",28,- 0,5.00,12.63,6.00,7.65,20,4.25,4.40,*,*,*,*,*,*,*,0,0.00,0.00
2024,Census Tract,3044700,69,"2,093","3,517",59,*,5.00,8.20,10.01,9.10,51,4.58,4.90,10,*,*,*,*,*,*,0,0.00,0.00
2024,Census Tract,3044901,13,"9,645","14,288",11,- 0,14.00,15.73,5.00,10.38,*,*,*,*,*,*,*,*,*,*,0,0.00,0.00
2024,Census Tract,3044902,26,"5,349","11,009",23,*,3.00,5.27,1.00,5.58,10,4.11,4.86,*,*,*,*,*,*,*,0,0.00,0.00
2024,Census Tract,3045300,33,"2,023","3,344",26,- 0,4.00,5.26,6.71,8.53,19,2.92,3.08,*,*,*,*,*,*,*,0,0.00,0.00
2024,Census Tract,3045400,33,500,"1,487",27,*,3.00,2.96,5.00,10.74,22,3.00,3.80,*,*,*,*,*,*,*,0,0.00,0.00
2024,Census Tract,3045600,29,559,"1,216",28,- 0,4.00,4.32,3.91,6.00,20,1.83,2.08,13,*,*,*,*,*,*,0,0.00,0.00
2024,Census Tract,3046000,15,950,770,15,- 0,4.00,3.97,5.00,7.33,15,1.16,2.08,10,- 0,0.00,0.00,- 0,0.00,0.00,0,0.00,0.00
2024,Census Tract,3046201,11,760,"1,580",11,*,2.00,2.37,3.00,4.93,*,*,*,*,- 0,0.00,0.00,- 0,0.00,0.00,0,0.00,0.00
2024,Census Tract,3046202,13,"2,600","5,119",*,- 0,*,*,*,*,*,*,*,*,*,*,*,- 0,0.00,0.00,0,0.00,0.00
2024,Census Tract,3047400,25,"1,200","1,885",21,*,3.00,4.49,9.01,11.76,17,2.67,2.80,*,*,*,*,*,*,*,0,0.00,0.00
2024,Census Tract,3047600,23,926,"1,207",20,*,3.00,4.84,2.50,18.44,10,3.45,24.66,*,*,*,*,*,*,*,0,0.00,0.00
2024,Census Tract,3047700,17,"1,000","1,171",13,- 0,3.00,3.45,1.00,3.70,*,*,*,*,*,*,*,*,*,*,0,0.00,0.00
2024,Census Tract,3047800,17,700,"2,816",15,- 0,4.00,3.47,3.00,6.17,11,1.00,2.14,*,*,*,*,*,*,*,0,0.00,0.00
2024,Census Tract,3048000,12,"1,332","1,222",11,*,4.00,6.66,1.00,1.73,*,*,*,*,*,*,*,*,*,*,0,0.00,0.00
2024,Census Tract,3048100,19,"2,500","3,338",11,*,3.00,9.64,4.00,5.06,*,*,*,*,*,*,*,*,*,*,0,0.00,0.00
2024,Census Tract,3048400,15,"1,226","3,316",13,- 0,3.00,4.85,6.00,7.71,*,*,*,*,*,*,*,*,*,*,0,0.00,0.00
2024,Census Tract,3048500,61,"2,500","4,857",49,- 0,2.00,4.27,4.08,6.03,28,1.87,2.51,17,*,*,*,*,*,*,0,0.00,0.00
2024,Census Tract,3048600,24,565,"2,032",22,- 0,3.00,2.77,3.50,6.75,11,1.67,5.20,*,*,*,*,*,*,*,0,0.00,0.00
2024,Census Tract,3049100,97,"1,500","2,949",77,*,5.00,7.66,5.08,8.14,53,4.00,4.24,17,*,*,*,*,*,*,0,0.00,0.00
2024,Census Tract,3049200,16,"1,900","4,975",15,- 0,2.00,4.01,9.00,20.81,13,5.01,12.85,*,*,*,*,*,*,*,0,0.00,0.00
2024,Census Tract,3049302,43,"1,250","1,925",41,*,4.00,4.55,6.37,7.42,29,4.00,4.11,11,*,*,*,*,*,*,0,0.00,0.00
2024,Census Tract,3049400,15,806,817,15,*,5.00,5.27,5.00,5.35,*,*,*,*,- 0,0.00,0.00,- 0,0.00,0.00,0,0.00,0.00
2024,Census Tract,3049500,44,"1,450","1,841",38,*,5.00,9.11,5.00,6.42,26,2.12,3.83,15,*,*,*,*,*,*,0,0.00,0.00
2024,Census Tract,3049600,39,750,"1,335",35,*,4.00,4.64,1.00,3.60,*,*,*,*,*,*,*,*,*,*,0,0.00,0.00
2024,Census Tract,3049700,40,"1,213","1,918",30,*,6.11,8.75,3.63,6.64,17,2.33,4.23,*,*,*,*,*,*,*,0,0.00,0.00
2024,Census Tract,3050100,23,"1,500","1,806",23,*,5.00,10.22,1.00,4.94,12,3.38,4.34,*,- 0,0.00,0.00,- 0,0.00,0.00,0,0.00,0.00
2024,Census Tract,3050300,26,"1,200","1,858",19,- 0,4.50,7.38,8.17,7.13,13,2.08,3.04,*,*,*,*,*,*,*,0,0.00,0.00
2024,Census Tract,3050500,23,"1,250","2,539",22,*,3.50,6.77,6.92,7.31,15,1.25,2.99,*,*,*,*,*,*,*,0,0.00,0.00
2024,Census Tract,3050600,16,"1,092","1,566",15,- 0,5.00,8.99,10.00,10.06,12,2.92,3.79,*,*,*,*,*,*,*,0,0.00,0.00
2024,Census Tract,3050700,41,"1,783","4,045",33,*,5.00,8.70,3.00,8.62,21,7.67,7.18,*,*,*,*,*,*,*,0,0.00,0.00
2024,Census Tract,3050801,44,"1,290","2,540",39,- 0,6.00,8.54,10.28,11.90,33,3.67,4.33,*,*,*,*,*,*,*,0,0.00,0.00
2024,Census Tract,3050803,25,"1,655","3,201",23,*,5.00,12.65,4.00,8.68,11,7.00,5.41,*,*,*,*,*,*,*,0,0.00,0.00
2024,Census Tract,3050900,12,"1,446","2,478",12,*,4.00,11.25,5.12,12.32,10,1.83,2.13,*,- 0,0.00,0.00,- 0,0.00,0.00,0,0.00,0.00
2024,Census Tract,3051001,13,"2,000","5,614",12,- 0,4.00,7.83,10.01,9.75,12,5.17,5.03,*,*,*,*,*,*,*,0,0.00,0.00
2024,Census Tract,3051002,45,"1,500","2,357",41,*,5.50,5.84,7.00,8.58,32,4.01,4.13,*,*,*,*,*,*,*,0,0.00,0.00
2024,Census Tract,3051100,17,"1,400","5,248",15,*,2.00,5.80,8.67,13.90,*,*,*,*,*,*,*,*,*,*,0,0.00,0.00
2024,Census Tract,3051300,51,"1,440","2,007",45,*,4.00,5.36,8.00,8.09,35,4.84,5.74,*,*,*,*,*,*,*,0,0.00,0.00
2024,Census Tract,3051400,13,"1,050","1,047",11,*,4.06,4.86,1.00,2.71,*,*,*,- 0,*,*,*,*,*,*,0,0.00,0.00
2024,Census Tract,3051500,19,831,"1,563",17,- 0,6.00,10.35,10.01,11.24,17,4.01,4.40,*,*,*,*,*,*,*,0,0.00,0.00
2024,Census Tract,3051602,22,"1,400","1,746",20,*,3.16,3.50,5.00,5.63,15,4.50,4.28,*,*,*,*,*,*,*,0,0.00,0.00
2024,Census Tract,3051700,26,"1,275","1,759",22,- 0,9.00,19.09,10.00,8.43,17,5.62,5.26,*,*,*,*,*,*,*,0,0.00,0.00
2024,Census Tract,3051800,15,695,"1,329",14,- 0,1.00,2.50,13.13,10.09,11,0.04,1.05,*,*,*,*,*,*,*,0,0.00,0.00
2024,Census Tract,3051900,63,"1,700","2,603",55,*,6.00,8.78,10.25,10.56,49,3.16,4.43,13,*,*,*,*,*,*,0,0.00,0.00
2024,Census Tract,3052000,27,"1,100","1,282",24,*,5.50,5.62,7.39,7.23,15,4.09,4.51,*,*,*,*,*,*,*,0,0.00,0.00
2024,Census Tract,3052300,61,"1,031","1,219",56,18,6.00,8.77,6.00,8.03,48,2.79,3.92,21,*,*,*,*,*,*,0,0.00,0.00
2024,Census Tract,3052500,58,"1,400","2,203",49,*,6.00,14.62,10.01,11.60,35,5.01,5.04,*,*,*,*,*,*,*,0,0.00,0.00
2024,Census Tract,3052600,29,700,"1,123",26,*,4.00,4.21,7.32,23.62,16,5.54,26.74,*,*,*,*,*,*,*,0,0.00,0.00
2024,Census Tract,3052700,46,825,"1,537",38,*,4.00,6.15,5.00,6.41,26,2.96,3.82,*,*,*,*,*,*,*,0,0.00,0.00
2024,Census Tract,3052900,13,"1,250","2,330",12,- 0,3.00,4.33,8.00,10.56,*,*,*,*,*,*,*,*,*,*,0,0.00,0.00
2024,Census Tract,3053000,33,"2,400","3,324",28,*,7.50,10.26,10.00,12.30,25,3.00,4.99,*,*,*,*,*,*,*,0,0.00,0.00
2024,Census Tract,3053102,19,"2,000","1,885",16,*,4.00,3.63,10.26,11.46,13,3.67,3.44,*,*,*,*,*,*,*,0,0.00,0.00
2024,Census Tract,3053300,28,850,941,26,- 0,3.00,2.81,6.00,7.32,15,2.00,2.42,*,*,*,*,*,*,*,0,0.00,0.00
2024,Census Tract,3053400,43,"1,550","2,264",41,*,3.00,3.31,2.00,6.03,20,4.50,4.04,*,*,*,*,*,*,*,0,0.00,0.00
2024,Census Tract,3053500,22,"1,393","1,424",17,*,3.00,5.73,4.00,6.98,*,*,*,*,*,*,*,*,*,*,0,0.00,0.00
2024,Census Tract,3053700,20,"2,122","7,129",14,- 0,4.00,3.64,1.00,1.86,*,*,*,- 0,*,*,*,*,*,*,0,0.00,0.00
2024,Census Tract,3053800,34,900,"1,180",33,*,4.67,7.36,7.00,7.57,24,1.17,2.49,11,*,*,*,*,*,*,0,0.00,0.00
2024,Census Tract,3054900,63,"1,400","2,143",54,*,5.00,5.82,5.05,7.25,39,2.67,3.15,15,*,*,*,*,*,*,0,0.00,0.00
2024,Census Tract,3055000,16,"1,850","1,973",16,- 0,4.50,5.00,1.00,5.31,*,*,*,- 0,- 0,0.00,0.00,- 0,0.00,0.00,0,0.00,0.00
2024,Census Tract,3055100,77,"1,407","1,851",62,*,9.00,19.53,10.01,9.00,48,5.42,5.69,*,*,*,*,*,*,*,*,*,*
2024,Census Tract,3055200,46,"1,566","3,682",43,- 0,5.00,5.68,4.00,8.48,22,5.29,5.69,*,*,*,*,*,*,*,0,0.00,0.00
2024,Census Tract,3055300,98,"2,238","4,521",90,*,10.00,13.51,10.00,9.29,73,4.53,5.05,21,*,*,*,*,*,*,0,0.00,0.00
2024,Census Tract,3055400,97,"1,776","3,371",78,*,5.00,5.66,6.92,8.70,50,4.33,4.75,*,*,*,*,*,*,*,0,0.00,0.00
2024,Census Tract,3055500,142,"2,039","3,213",119,*,8.00,13.13,10.01,9.68,109,4.09,4.62,26,*,*,*,*,*,*,*,*,*
2024,Census Tract,3055700,52,"3,100","4,143",45,*,6.00,15.33,6.05,7.92,34,4.83,4.78,11,*,*,*,*,*,*,0,0.00,0.00
2024,Census Tract,3056100,97,900,"16,484",85,*,8.00,25.86,1.00,5.06,35,3.50,4.16,10,*,*,*,*,*,*,0,0.00,0.00
2024,Census Tract,3056301,41,"1,400","2,070",32,- 0,4.00,11.13,5.50,7.92,26,4.13,4.58,*,*,*,*,*,*,*,0,0.00,0.00
2024,Census Tract,3056302,21,"1,520","3,398",16,*,4.00,5.25,10.30,10.34,15,7.33,7.70,*,*,*,*,*,*,*,0,0.00,0.00
2024,Census Tract,3056400,15,"1,300","1,559",12,*,2.00,2.17,5.00,6.88,10,3.25,3.76,*,*,*,*,*,*,*,0,0.00,0.00
2024,Census Tract,3056500,80,"1,025","1,689",74,*,29.00,28.81,1.00,4.72,30,4.37,4.57,*,*,*,*,*,*,*,0,0.00,0.00
2024,Census Tract,3056600,14,"2,433","5,231",13,*,2.00,3.95,10.00,9.76,12,5.55,6.51,*,*,*,*,*,*,*,0,0.00,0.00
2024,Census Tract,3056900,65,"1,375","3,331",57,*,7.00,13.36,8.00,8.24,40,3.29,4.76,13,*,*,*,*,*,*,*,*,*
2024,Census Tract,3057000,48,"1,167","1,826",40,- 0,4.00,8.11,15.21,15.94,35,4.76,5.93,*,*,*,*,*,*,*,0,0.00,0.00
2024,Census Tract,3057100,45,900,"1,219",36,*,4.00,7.27,4.68,6.09,24,2.42,3.20,11,*,*,*,*,*,*,0,0.00,0.00
2024,Census Tract,3057300,12,"1,638","3,071",11,- 0,3.00,4.45,1.00,5.55,*,*,*,*,*,*,*,*,*,*,0,0.00,0.00
2024,Census Tract,3057400,28,"1,034","1,599",27,*,4.00,6.73,4.92,5.50,13,2.00,3.01,*,*,*,*,*,*,*,0,0.00,0.00
2024,Census Tract,3057500,47,"1,193","1,928",38,- 0,5.00,7.61,7.72,8.83,30,4.08,4.40,10,*,*,*,*,*,*,0,0.00,0.00
2024,Census Tract,3057600,21,600,"1,017",20,*,3.50,5.45,3.00,5.11,10,4.51,5.47,*,*,*,*,*,*,*,0,0.00,0.00
2024,Census Tract,3057800,47,900,"1,391",44,*,5.00,6.92,5.17,6.86,29,3.00,3.89,13,*,*,*,*,*,*,0,0.00,0.00
2024,Census Tract,3057901,25,"2,430","3,791",22,*,3.00,9.64,1.00,3.40,*,*,*,*,*,*,*,*,*,*,0,0.00,0.00
2024,Census Tract,3058000,29,"1,300","2,264",26,*,4.00,4.33,3.04,8.48,14,3.75,7.71,*,*,*,*,*,*,*,0,0.00,0.00
2024,Census Tract,3058200,33,800,"1,340",31,*,4.20,4.66,1.00,3.76,12,2.79,3.09,*,*,*,*,*,*,*,0,0.00,0.00
2024,Census Tract,3058800,22,"1,480","2,111",18,*,4.00,3.78,1.00,3.10,*,*,*,*,*,*,*,*,*,*,0,0.00,0.00
2024,Census Tract,3058901,27,"3,500","4,563",23,*,4.00,6.09,1.00,2.15,*,*,*,*,*,*,*,*,*,*,0,0.00,0.00
2024,Census Tract,3059000,23,"1,462","1,733",21,*,4.00,3.95,1.00,2.43,- 0,0.00,0.00,- 0,*,*,*,*,*,*,0,0.00,0.00
2024,Census Tract,3059100,16,900,"1,533",14,- 0,4.75,5.04,3.50,5.27,*,*,*,*,*,*,*,*,*,*,0,0.00,0.00
2024,Census Tract,3059200,10,"1,200","3,521",*,- 0,*,*,*,*,*,*,*,*,*,*,*,- 0,0.00,0.00,0,0.00,0.00
2024,Census Tract,3059300,12,"7,511","8,108",12,- 0,2.00,2.83,1.00,4.33,*,*,*,*,- 0,0.00,0.00,- 0,0.00,0.00,0,0.00,0.00
2024,Census Tract,3059402,50,"1,743","2,524",49,*,3.00,3.60,10.00,12.93,42,3.67,4.12,13,*,*,*,*,*,*,0,0.00,0.00
2024,Census Tract,3059403,11,748,"1,029",10,*,4.00,4.10,2.00,3.12,*,*,*,*,*,*,*,*,*,*,0,0.00,0.00
2024,Census Tract,3059404,22,455,614,17,*,4.00,3.70,2.00,3.73,10,0.96,1.52,*,*,*,*,*,*,*,0,0.00,0.00
2024,Census Tract,3059600,16,"2,465","5,204",11,- 0,3.00,3.00,10.93,17.44,11,3.58,4.63,- 0,*,*,*,*,*,*,0,0.00,0.00
2024,Census Tract,3060000,35,"1,800","3,868",31,- 0,4.00,4.81,1.00,5.33,11,5.00,5.46,*,*,*,*,*,*,*,0,0.00,0.00
2024,Census Tract,3060600,99,"1,300","1,675",84,- 0,4.00,4.85,5.00,6.54,37,2.67,3.51,11,*,*,*,*,*,*,0,0.00,0.00
2024,Census Tract,3060800,32,"2,617","4,474",31,- 0,5.00,5.14,1.00,8.34,13,4.00,5.25,*,*,*,*,*,*,*,0,0.00,0.00
2024,Census Tract,3061004,27,"1,159","1,714",22,*,7.00,5.35,3.51,6.66,11,2.25,2.68,*,*,*,*,*,*,*,0,0.00,0.00
2024,Census Tract,3062800,18,"1,094","1,848",16,- 0,2.00,2.35,1.00,4.58,*,*,*,*,*,*,*,*,*,*,0,0.00,0.00
2024,Census Tract,3064200,15,"1,136","1,269",12,*,4.00,4.83,2.00,3.65,*,*,*,*,*,*,*,*,*,*,0,0.00,0.00
2024,Census Tract,3064400,11,"1,260","10,709",10,- 0,2.00,2.50,5.00,4.70,*,*,*,*,*,*,*,*,*,*,0,0.00,0.00
2024,Census Tract,3064600,17,"1,440","1,458",12,- 0,2.69,2.76,1.00,1.50,*,*,*,*,*,*,*,*,*,*,0,0.00,0.00
2024,Census Tract,3065000,27,"1,600","1,942",24,*,4.00,6.62,2.00,3.80,16,0.87,2.77,*,*,*,*,*,*,*,0,0.00,0.00
2024,Census Tract,3065200,15,"1,190","1,624",12,*,3.39,3.35,5.00,5.26,*,*,*,*,*,*,*,*,*,*,0,0.00,0.00
2024,Census Tract,3066200,39,"2,400","4,905",33,*,3.00,3.93,1.00,3.99,12,3.04,2.76,*,*,*,*,*,*,*,0,0.00,0.00
2024,Census Tract,3067000,13,"2,346","2,649",13,*,4.17,4.17,1.00,4.46,*,*,*,*,- 0,0.00,0.00,- 0,0.00,0.00,0,0.00,0.00
2024,Census Tract,3067200,18,"2,732","3,584",13,*,2.00,1.92,1.00,10.29,*,*,*,*,*,*,*,*,*,*,0,0.00,0.00
2024,Census Tract,3067400,12,"1,423","2,117",11,*,2.50,2.45,2.08,5.68,*,*,*,*,*,*,*,*,*,*,0,0.00,0.00
2024,Census Tract,3068000,23,"1,755","2,668",21,- 0,2.00,2.33,8.51,9.21,16,4.08,4.12,*,*,*,*,*,*,*,0,0.00,0.00
2024,Census Tract,3068200,13,"2,310","3,229",12,*,1.80,2.30,4.50,4.58,*,*,*,*,*,*,*,*,*,*,0,0.00,0.00
2024,Census Tract,3068800,13,800,"1,058",12,- 0,1.00,4.29,4.00,7.98,11,2.00,4.21,*,*,*,*,*,*,*,0,0.00,0.00
2024,Census Tract,3069000,12,"1,500","1,983",*,- 0,*,*,*,*,*,*,*,- 0,*,*,*,*,*,*,0,0.00,0.00
2024,Census Tract,3069601,41,"2,886","4,672",36,*,5.17,5.10,10.62,17.42,36,3.71,4.84,10,*,*,*,*,*,*,*,*,*
2024,Census Tract,3069602,11,"1,948","2,037",10,*,2.50,5.70,8.84,9.91,*,*,*,- 0,*,*,*,*,*,*,0,0.00,0.00
2024,Census Tract,3069800,122,"2,078","10,562",114,- 0,5.00,6.57,10.00,9.76,104,2.66,3.31,32,*,*,*,*,*,*,0,0.00,0.00
2024,Census Tract,3072200,22,"2,337","3,732",21,*,3.00,3.38,1.00,6.86,*,*,*,*,*,*,*,*,*,*,0,0.00,0.00
2024,Census Tract,3073000,10,"2,240","3,392",*,- 0,*,*,*,*,*,*,*,*,*,*,*,*,*,*,0,0.00,0.00
2024,Census Tract,3074000,28,850,"1,376",26,*,3.00,4.41,5.00,6.63,20,1.67,2.44,10,*,*,*,*,*,*,0,0.00,0.00
2024,Census Tract,3074200,11,"1,200","1,662",10,*,4.50,4.90,6.38,6.71,*,*,*,*,*,*,*,*,*,*,0,0.00,0.00
2024,Census Tract,3074600,13,"1,200","2,773",*,- 0,*,*,*,*,*,*,*,*,*,*,*,- 0,0.00,0.00,0,0.00,0.00
2024,Census Tract,3076800,33,"1,313","2,788",29,- 0,3.00,4.17,8.00,9.01,22,2.62,3.61,*,*,*,*,*,*,*,0,0.00,0.00
2024,Census Tract,3077000,13,860,745,13,- 0,4.00,5.20,3.00,3.70,*,*,*,*,- 0,0.00,0.00,- 0,0.00,0.00,0,0.00,0.00
2024,Census Tract,3077400,48,"2,665","9,302",45,*,4.00,4.71,10.23,11.29,39,5.16,5.37,*,*,*,*,*,*,*,0,0.00,0.00
2024,Census Tract,3078400,11,700,"1,468",*,- 0,*,*,*,*,*,*,*,*,- 0,0.00,0.00,*,*,*,0,0.00,0.00
2024,Census Tract,3078601,34,950,"1,461",33,*,4.00,5.15,5.01,6.18,24,3.17,4.43,*,*,*,*,*,*,*,0,0.00,0.00
2024,Census Tract,3078801,11,"2,400","3,555",*,- 0,*,*,*,*,*,*,*,*,*,*,*,*,*,*,0,0.00,0.00
2024,Census Tract,3079001,17,"1,000","1,589",14,*,2.00,2.80,4.25,4.70,*,*,*,*,*,*,*,*,*,*,0,0.00,0.00
2024,Census Tract,3079201,18,"1,632","9,474",15,*,4.00,4.60,6.00,6.69,11,5.09,4.16,*,*,*,*,*,*,*,0,0.00,0.00
2024,Census Tract,3079400,32,"3,000","8,605",27,*,6.00,13.84,5.03,7.13,18,3.17,4.74,*,*,*,*,*,*,*,0,0.00,0.00
2024,Census Tract,3079601,17,700,952,14,- 0,4.00,5.27,8.17,6.72,*,*,*,*,*,*,*,*,*,*,0,0.00,0.00
2024,Census Tract,3079602,22,"1,679","3,536",20,*,5.00,4.89,10.01,9.71,17,3.92,4.61,*,*,*,*,*,*,*,0,0.00,0.00
2024,Census Tract,3079801,40,708,674,36,*,6.00,14.06,10.02,12.71,30,2.41,3.21,10,*,*,*,*,*,*,0,0.00,0.00
2024,Census Tract,3079802,54,900,"1,291",51,*,4.00,7.71,9.01,8.92,39,3.00,3.40,13,*,*,*,*,*,*,0,0.00,0.00
2024,Census Tract,3080000,13,420,562,13,- 0,5.00,5.23,6.00,6.75,10,1.81,3.21,*,- 0,0.00,0.00,- 0,0.00,0.00,0,0.00,0.00
2024,Census Tract,3080200,22,950,"1,129",18,*,3.00,4.38,1.79,2.85,*,*,*,*,*,*,*,*,*,*,0,0.00,0.00
2024,Census Tract,3080400,20,800,"2,440",14,- 0,3.00,3.25,6.88,9.17,11,3.08,4.40,*,*,*,*,*,*,*,0,0.00,0.00
2024,Census Tract,3080600,18,755,"2,157",17,- 0,3.00,11.18,7.00,8.13,12,1.21,1.76,*,*,*,*,*,*,*,0,0.00,0.00
2024,Census Tract,3081800,32,725,"1,231",27,*,3.00,4.56,5.17,6.30,21,1.67,2.86,10,*,*,*,*,*,*,0,0.00,0.00
2024,Census Tract,3082000,52,735,"1,406",51,*,4.00,8.57,6.84,6.98,34,3.00,3.28,13,*,*,*,*,*,*,0,0.00,0.00
2024,Census Tract,3082200,13,800,"1,080",13,- 0,3.00,3.08,5.00,6.34,*,*,*,*,- 0,0.00,0.00,- 0,0.00,0.00,0,0.00,0.00
2024,Census Tract,3082400,43,750,"1,575",39,10,4.00,4.82,3.00,8.26,20,2.92,3.70,*,*,*,*,*,*,*,0,0.00,0.00
2024,Census Tract,3082600,20,650,"1,105",20,*,3.00,5.05,5.00,6.02,11,2.41,2.57,*,- 0,0.00,0.00,- 0,0.00,0.00,0,0.00,0.00
2024,Census Tract,3082800,36,"1,050","1,521",32,*,4.00,4.33,5.03,6.75,22,4.00,4.13,*,*,*,*,*,*,*,0,0.00,0.00
2024,Census Tract,3083000,13,"1,212","2,641",13,- 0,5.92,5.67,1.00,1.00,- 0,0.00,0.00,- 0,- 0,0.00,0.00,- 0,0.00,0.00,0,0.00,0.00
2024,Census Tract,3083800,10,"1,200","1,809",*,- 0,*,*,*,*,- 0,0.00,0.00,- 0,*,*,*,*,*,*,0,0.00,0.00
2024,Census Tract,3084600,30,850,"1,798",24,12,3.00,3.68,1.00,3.54,*,*,*,*,*,*,*,*,*,*,0,0.00,0.00
2024,Census Tract,3085600,22,675,"1,982",20,*,3.50,3.95,7.34,7.96,17,2.58,3.05,*,*,*,*,*,*,*,0,0.00,0.00
2024,Census Tract,3085800,17,"1,100","1,799",15,*,3.00,3.14,1.00,4.40,*,*,*,*,*,*,*,*,*,*,0,0.00,0.00
2024,Census Tract,3086000,29,"1,192","1,339",26,- 0,3.00,3.44,5.00,5.84,14,1.16,2.59,10,*,*,*,*,*,*,0,0.00,0.00
2024,Census Tract,3086200,14,"1,755","2,964",11,*,2.00,2.67,6.00,6.83,*,*,*,*,*,*,*,*,*,*,0,0.00,0.00
2024,Census Tract,3086800,43,"1,200","2,147",37,*,4.00,4.36,6.00,10.22,24,2.54,4.08,11,*,*,*,*,*,*,0,0.00,0.00
2024,Census Tract,3087000,12,890,"1,164",10,- 0,3.00,2.43,1.00,4.72,*,*,*,- 0,*,*,*,*,*,*,0,0.00,0.00
2024,Census Tract,3087600,10,880,"3,161",*,- 0,*,*,*,*,*,*,*,*,- 0,0.00,0.00,*,*,*,0,0.00,0.00
2024,Census Tract,3087800,23,"1,000","2,063",18,*,3.00,5.11,1.50,4.58,*,*,*,*,*,*,*,*,*,*,0,0.00,0.00
2024,Census Tract,3088400,10,704,997,*,*,*,*,*,*,*,*,*,*,- 0,0.00,0.00,*,*,*,0,0.00,0.00
2024,Census Tract,3088600,10,550,"1,254",*,- 0,*,*,*,*,*,*,*,*,*,*,*,*,*,*,0,0.00,0.00
2024,Census Tract,3088800,10,"2,358","2,809",*,- 0,*,*,*,*,*,*,*,*,*,*,*,*,*,*,0,0.00,0.00
2024,Census Tract,3089000,30,"1,415","1,667",23,*,4.00,6.41,7.00,7.54,14,2.83,5.01,*,*,*,*,*,*,*,0,0.00,0.00
2024,Census Tract,3089200,85,"1,600","2,855",78,*,3.00,3.35,9.98,10.44,59,3.67,4.77,19,*,*,*,*,*,*,0,0.00,0.00
2024,Census Tract,3090000,25,"1,600","5,342",22,*,2.00,3.19,5.00,6.18,13,4.00,4.81,*,*,*,*,*,*,*,0,0.00,0.00
2024,Census Tract,3090200,32,"1,882","4,368",25,- 0,3.33,4.58,9.00,9.35,22,4.50,4.10,*,*,*,*,*,*,*,0,0.00,0.00
2024,Census Tract,3090600,85,"1,666","2,587",73,*,2.65,3.73,5.00,6.53,43,3.58,4.14,*,*,*,*,*,*,*,0,0.00,0.00
2024,Census Tract,3090800,26,"1,428","2,425",21,- 0,2.00,2.95,10.34,13.23,19,3.25,3.71,*,*,*,*,*,*,*,0,0.00,0.00
2024,Census Tract,3091000,12,925,"2,854",12,- 0,3.00,3.00,2.00,6.61,11,0.33,2.77,*,- 0,0.00,0.00,- 0,0.00,0.00,0,0.00,0.00
2024,Census Tract,3092400,61,"1,280","3,041",50,*,4.50,5.33,9.13,8.91,39,3.67,3.72,*,*,*,*,*,*,*,0,0.00,0.00
2024,Census Tract,3093000,12,875,"1,289",12,- 0,3.00,2.76,1.00,1.67,*,*,*,- 0,- 0,0.00,0.00,- 0,0.00,0.00,0,0.00,0.00
2024,Census Tract,3093200,37,"4,000","5,854",22,*,2.92,2.88,5.00,6.62,16,3.71,4.93,*,*,*,*,*,*,*,0,0.00,0.00
2024,Census Tract,3093400,12,"1,000","1,539",12,*,4.00,12.92,1.00,5.34,*,*,*,*,- 0,0.00,0.00,- 0,0.00,0.00,0,0.00,0.00
2024,Census Tract,3094401,15,"3,000","4,111",11,- 0,3.00,2.93,7.08,9.25,11,4.67,5.30,*,*,*,*,*,*,*,0,0.00,0.00
2024,Census Tract,3095000,25,"1,300","1,436",21,- 0,3.00,3.02,1.00,5.16,*,*,*,*,*,*,*,*,*,*,0,0.00,0.00
2024,Census Tract,3095400,24,"1,007","1,936",24,*,1.00,2.13,10.13,12.66,15,1.95,2.06,*,- 0,0.00,0.00,- 0,0.00,0.00,0,0.00,0.00
2024,Census Tract,3095600,21,"1,213","2,374",19,- 0,4.00,4.16,10.00,9.48,11,7.84,7.09,*,*,*,*,*,*,*,0,0.00,0.00
2024,Census Tract,3096000,36,"2,500","9,199",27,- 0,3.00,2.81,10.02,9.06,19,2.58,4.17,*,*,*,*,*,*,*,0,0.00,0.00
2024,Census Tract,3096600,11,562,"1,241",*,- 0,*,*,*,*,*,*,*,*,*,*,*,- 0,0.00,0.00,0,0.00,0.00
2024,Census Tract,3096800,13,"2,500","3,276",12,*,5.00,5.02,9.51,13.62,*,*,*,*,*,*,*,*,*,*,0,0.00,0.00
2024,Census Tract,3097400,28,"1,050","1,458",25,*,4.00,5.00,9.92,10.42,20,3.71,3.84,*,*,*,*,*,*,*,0,0.00,0.00
2024,Census Tract,3101000,10,"1,516","2,118",*,- 0,*,*,*,*,*,*,*,*,*,*,*,- 0,0.00,0.00,0,0.00,0.00
2024,Census Tract,3105804,42,"1,888","4,481",38,- 0,4.79,15.66,15.26,19.90,31,1.92,3.59,15,*,*,*,*,*,*,0,0.00,0.00
2024,Census Tract,3107001,70,"5,958","18,829",66,*,4.00,5.41,15.01,14.11,65,4.33,5.33,13,*,*,*,*,*,*,0,0.00,0.00
2024,Census Tract,3109800,23,"3,200","4,559",19,*,1.00,1.47,5.00,5.34,14,2.35,2.95,*,*,*,*,*,*,*,0,0.00,0.00
2024,Census Tract,3110400,68,"1,350","4,514",59,*,4.00,5.02,1.00,6.17,23,4.33,5.35,*,*,*,*,*,*,*,0,0.00,0.00
2024,Census Tract,3111600,14,"1,900","3,586",10,- 0,2.00,3.50,4.00,4.23,*,*,*,*,*,*,*,*,*,*,0,0.00,0.00
2024,Census Tract,3114400,29,"2,100","3,253",21,*,3.00,4.35,7.00,7.19,15,3.58,4.02,*,*,*,*,*,*,*,0,0.00,0.00
2024,Census Tract,3114600,16,800,"1,354",13,*,4.00,4.86,1.00,2.55,*,*,*,- 0,*,*,*,*,*,*,0,0.00,0.00
2024,Census Tract,3116800,11,"1,148","1,772",*,*,*,*,*,*,*,*,*,*,*,*,*,*,*,*,0,0.00,0.00
2024,Census Tract,3117601,13,"1,100","1,661",11,*,4.00,7.82,5.00,6.49,*,*,*,*,*,*,*,*,*,*,0,0.00,0.00
2024,Census Tract,3117800,10,"1,100","2,827",*,- 0,*,*,*,*,*,*,*,*,*,*,*,*,*,*,0,0.00,0.00
2024,Census Tract,3118400,15,"1,000","1,373",13,- 0,2.00,11.92,5.00,4.23,*,*,*,*,*,*,*,*,*,*,0,0.00,0.00
2024,Census Tract,3118800,45,"1,800","2,810",40,*,3.50,4.68,2.00,7.74,18,3.62,5.45,*,*,*,*,*,*,*,0,0.00,0.00
2024,Census Tract,3119000,24,"1,263","2,560",20,- 0,3.00,3.46,6.04,7.31,12,2.71,4.15,*,*,*,*,*,*,*,0,0.00,0.00
2024,Census Tract,3119400,11,"1,000","2,191",11,- 0,3.00,3.00,5.00,7.69,10,4.21,4.16,*,- 0,0.00,0.00,- 0,0.00,0.00,0,0.00,0.00
2024,Census Tract,3119600,14,825,"1,498",14,*,2.50,2.85,4.17,3.98,*,*,*,*,- 0,0.00,0.00,- 0,0.00,0.00,0,0.00,0.00
2024,Census Tract,3119800,27,"2,100","4,700",17,*,2.00,10.19,5.00,8.25,11,3.42,3.88,*,*,*,*,*,*,*,0,0.00,0.00
2024,Census Tract,3123700,40,"2,175","3,748",39,13,4.00,7.28,8.00,8.16,22,4.83,4.34,*,*,*,*,*,*,*,0,0.00,0.00
2024,Census Tract,3152200,24,757,"1,498",21,- 0,5.00,6.50,8.00,8.34,14,2.96,3.47,*,*,*,*,*,*,*,0,0.00,0.00
2024,Census Tract,4000101,20,"2,557","6,953",15,- 0,5.00,4.63,1.00,4.83,*,*,*,*,*,*,*,*,*,*,0,0.00,0.00
2024,Census Tract,4000102,18,"2,484","16,046",18,- 0,5.00,5.05,16.71,16.67,18,6.64,6.18,*,- 0,0.00,0.00,- 0,0.00,0.00,0,0.00,0.00
2024,Census Tract,4000104,30,595,"3,193",26,- 0,2.00,2.38,6.59,7.87,20,1.04,1.62,16,*,*,*,*,*,*,0,0.00,0.00
2024,Census Tract,4000400,12,"1,250","1,921",*,- 0,*,*,*,*,*,*,*,*,*,*,*,*,*,*,0,0.00,0.00
2024,Census Tract,4000701,68,"1,275","1,774",59,*,5.00,5.59,6.00,8.25,44,3.08,3.92,15,*,*,*,*,*,*,0,0.00,0.00
2024,Census Tract,4000702,51,"1,991","2,287",47,*,4.00,4.40,5.00,6.33,29,3.54,4.09,11,*,*,*,*,*,*,0,0.00,0.00
2024,Census Tract,4001000,20,"1,085","1,999",12,- 0,2.00,2.75,7.44,9.45,*,*,*,*,*,*,*,*,*,*,0,0.00,0.00
2024,Census Tract,4001200,16,"1,300","2,954",11,*,2.00,3.11,10.00,9.97,*,*,*,*,*,*,*,*,*,*,*,*,*
2024,Census Tract,4001400,11,"1,426","1,594",*,- 0,*,*,*,*,*,*,*,*,*,*,*,- 0,0.00,0.00,0,0.00,0.00
2024,Census Tract,4001800,23,"1,000","1,439",22,- 0,2.00,3.97,5.71,6.04,17,2.16,2.55,*,*,*,*,*,*,*,0,0.00,0.00
2024,Census Tract,4001901,32,"2,833","11,246",27,*,8.00,7.57,10.54,11.05,25,8.67,7.48,*,*,*,*,*,*,*,0,0.00,0.00
2024,Census Tract,4001902,74,"2,024","2,870",64,*,6.00,6.15,10.11,9.83,55,4.92,5.64,*,*,*,*,*,*,*,0,0.00,0.00
2024,Census Tract,4001903,55,"1,785","7,466",48,*,5.00,5.37,10.00,9.35,42,4.42,5.24,10,*,*,*,*,*,*,0,0.00,0.00
2024,Census Tract,4002200,10,"1,035","1,534",*,*,*,*,*,*,*,*,*,- 0,- 0,0.00,0.00,*,*,*,0,0.00,0.00
2024,Census Tract,4003100,31,"1,195","2,052",23,*,4.00,4.94,5.08,5.35,15,1.08,2.18,*,*,*,*,*,*,*,0,0.00,0.00
2024,Census Tract,4003301,30,"2,035","3,982",27,*,4.50,4.22,10.00,9.13,26,4.50,5.92,*,*,*,*,*,*,*,0,0.00,0.00
2024,Census Tract,4003302,71,"2,500","5,945",51,*,3.00,3.77,9.00,9.37,41,2.75,4.27,17,*,*,*,*,*,*,0,0.00,0.00
2024,Census Tract,4003400,18,"2,711","3,838",16,- 0,3.17,3.62,18.97,20.68,15,2.08,4.28,*,*,*,*,*,*,*,0,0.00,0.00
2024,Census Tract,4003800,14,"1,950","2,322",*,- 0,*,*,*,*,*,*,*,- 0,*,*,*,- 0,0.00,0.00,0,0.00,0.00
2024,Census Tract,4003900,17,"2,500","3,217",13,*,2.00,2.52,5.00,5.07,*,*,*,*,*,*,*,*,*,*,0,0.00,0.00
2024,Census Tract,4004001,21,"1,100","1,316",18,- 0,3.00,3.39,1.00,2.65,*,*,*,*,*,*,*,*,*,*,0,0.00,0.00
2024,Census Tract,4004002,23,"1,512","2,089",19,*,4.00,5.00,5.08,7.67,12,3.37,4.07,*,*,*,*,*,*,*,0,0.00,0.00
2024,Census Tract,4004500,12,"1,310","1,720",12,- 0,4.71,4.49,10.01,12.21,12,4.25,3.88,*,- 0,0.00,0.00,- 0,0.00,0.00,0,0.00,0.00
2024,Census Tract,4004700,13,800,"1,596",11,- 0,3.95,4.24,5.00,6.09,10,1.37,3.45,*,*,*,*,*,*,*,0,0.00,0.00
2024,Census Tract,4005100,25,"1,200","2,996",20,- 0,2.54,3.16,6.50,8.03,17,2.00,4.17,*,*,*,*,*,*,*,0,0.00,0.00
2024,Census Tract,4005300,28,"1,300","1,674",26,*,5.13,5.25,1.00,3.97,18,1.29,2.63,*,*,*,*,*,*,*,0,0.00,0.00
2024,Census Tract,4005400,15,700,952,12,- 0,2.88,3.81,1.00,2.57,*,*,*,*,*,*,*,*,*,*,0,0.00,0.00
2024,Census Tract,4005500,30,"2,962","9,211",24,*,2.46,5.24,5.13,6.99,14,4.17,4.91,*,*,*,*,*,*,*,0,0.00,0.00
2024,Census Tract,4005700,45,"1,403","8,194",39,*,4.00,4.00,6.00,7.18,25,3.33,3.95,*,*,*,*,*,*,*,0,0.00,0.00
2024,Census Tract,4005900,44,743,"2,233",37,*,8.00,7.62,5.00,6.30,24,2.58,2.71,*,*,*,*,*,*,*,0,0.00,0.00
2024,Census Tract,4006100,60,"1,500","2,506",49,*,3.70,3.60,10.01,8.89,39,4.25,4.53,*,*,*,*,*,*,*,0,0.00,0.00
2024,Census Tract,4006202,28,"5,344","8,466",24,*,3.00,3.38,11.82,13.28,24,6.75,8.49,*,*,*,*,*,*,*,0,0.00,0.00
2024,Census Tract,4006300,54,"1,800","2,481",42,*,4.00,5.45,5.01,6.22,34,2.54,3.07,14,*,*,*,*,*,*,0,0.00,0.00
2024,Census Tract,4006501,23,750,"1,327",19,*,5.77,7.25,5.00,8.43,14,2.37,3.32,*,*,*,*,*,*,*,0,0.00,0.00
2024,Census Tract,4006502,31,"1,625","3,171",26,- 0,4.08,4.78,5.92,8.46,18,3.33,4.01,*,*,*,*,*,*,*,0,0.00,0.00
2024,Census Tract,4006900,70,750,"1,285",65,*,4.00,4.20,6.00,7.30,47,3.00,3.28,18,*,*,*,*,*,*,*,*,*
2024,Census Tract,4007100,44,"1,500","2,471",36,- 0,3.25,4.23,3.88,6.46,22,2.33,3.37,*,*,*,*,*,*,*,0,0.00,0.00
2024,Census Tract,4007300,12,"1,146","1,273",*,*,*,*,*,*,*,*,*,*,*,*,*,- 0,0.00,0.00,0,0.00,0.00
2024,Census Tract,4007500,19,"1,210","3,214",15,*,6.00,5.99,10.00,10.36,14,1.79,4.82,*,*,*,*,*,*,*,0,0.00,0.00
2024,Census Tract,4007700,24,"1,550","2,794",23,- 0,4.00,4.30,15.01,20.88,21,5.42,6.51,*,*,*,*,*,*,*,0,0.00,0.00
2024,Census Tract,4007900,13,"1,034","1,645",13,*,3.75,3.44,3.00,4.45,*,*,*,*,- 0,0.00,0.00,- 0,0.00,0.00,0,0.00,0.00
2024,Census Tract,4008300,25,"1,500","3,305",19,- 0,3.00,2.75,2.00,4.58,13,2.16,2.79,*,*,*,*,*,*,*,*,*,*
2024,Census Tract,4008500,25,"2,000","2,839",21,*,3.00,3.93,3.00,3.93,17,1.67,1.79,14,*,*,*,*,*,*,0,0.00,0.00
2024,Census Tract,4008600,11,"1,626","3,899",*,- 0,*,*,*,*,*,*,*,- 0,*,*,*,*,*,*,0,0.00,0.00
2024,Census Tract,4008800,22,"1,227","1,791",21,14,4.00,4.00,1.00,3.43,*,*,*,*,*,*,*,*,*,*,0,0.00,0.00
2024,Census Tract,4009400,15,"1,300","2,203",*,- 0,*,*,*,*,*,*,*,*,*,*,*,- 0,0.00,0.00,0,0.00,0.00
2024,Census Tract,4009600,11,800,"2,037",11,- 0,3.13,3.30,3.00,4.46,*,*,*,*,- 0,0.00,0.00,- 0,0.00,0.00,0,0.00,0.00
2024,Census Tract,4009700,15,"1,400","1,409",12,- 0,3.00,4.04,5.00,7.22,10,3.21,4.83,*,*,*,*,*,*,*,0,0.00,0.00
2024,Census Tract,4009800,28,"1,025","1,608",26,- 0,4.00,5.31,1.54,7.35,13,3.00,4.04,*,*,*,*,*,*,*,0,0.00,0.00
2024,Census Tract,4010000,10,"1,520","1,544",*,*,*,*,*,*,*,*,*,*,*,*,*,- 0,0.00,0.00,0,0.00,0.00
2024,Census Tract,4010100,24,"1,460","4,673",24,*,3.00,4.63,5.50,7.25,17,5.42,6.35,*,- 0,0.00,0.00,- 0,0.00,0.00,0,0.00,0.00
2024,Census Tract,4010300,10,"1,070",976,*,- 0,*,*,*,*,*,*,*,*,*,*,*,- 0,0.00,0.00,0,0.00,0.00
2024,Census Tract,4010500,15,"1,049","1,076",15,- 0,3.00,3.20,11.01,12.95,15,5.92,5.40,*,- 0,0.00,0.00,- 0,0.00,0.00,0,0.00,0.00
2024,Census Tract,4010600,20,"1,795","2,387",15,- 0,4.00,4.20,9.17,8.32,*,*,*,*,*,*,*,*,*,*,0,0.00,0.00
2024,Census Tract,4010701,11,"2,984","5,439",*,- 0,*,*,*,*,*,*,*,*,*,*,*,*,*,*,0,0.00,0.00
2024,Census Tract,4011300,35,"1,103","2,702",31,- 0,5.63,6.04,10.00,9.32,18,3.46,4.32,*,*,*,*,*,*,*,0,0.00,0.00
2024,Census Tract,4011400,18,"1,710","5,221",13,- 0,4.00,4.83,10.00,9.65,10,4.79,4.67,*,*,*,*,*,*,*,0,0.00,0.00
2024,Census Tract,4011500,109,"1,300","2,370",96,*,6.00,6.74,10.01,11.55,77,3.50,4.92,20,*,*,*,*,*,*,0,0.00,0.00
2024,Census Tract,4011600,14,"1,023","1,798",13,- 0,4.00,4.00,1.00,5.91,*,*,*,- 0,*,*,*,*,*,*,0,0.00,0.00
2024,Census Tract,4011700,33,"1,000","1,125",29,- 0,4.00,4.85,10.01,9.44,20,2.62,3.14,*,*,*,*,*,*,*,0,0.00,0.00
2024,Census Tract,4011900,27,"1,900","3,356",23,- 0,3.00,3.04,10.01,13.85,18,4.83,4.98,*,*,*,*,*,*,*,0,0.00,0.00
2024,Census Tract,4012100,13,"1,440","1,547",10,- 0,4.00,5.39,1.00,1.41,*,*,*,*,*,*,*,*,*,*,0,0.00,0.00
2024,Census Tract,4012200,10,"1,397","1,930",*,*,*,*,*,*,*,*,*,*,*,*,*,- 0,0.00,0.00,0,0.00,0.00
2024,Census Tract,4012301,21,"1,150","3,391",19,*,3.00,3.85,2.00,3.84,*,*,*,*,*,*,*,*,*,*,0,0.00,0.00
2024,Census Tract,4012500,10,"1,200","2,953",*,- 0,*,*,*,*,*,*,*,*,*,*,*,*,*,*,0,0.00,0.00
2024,Census Tract,4012601,35,"1,400","2,039",33,*,3.00,2.48,2.25,3.69,24,1.00,1.14,22,*,*,*,*,*,*,0,0.00,0.00
2024,Census Tract,4013200,15,850,"2,853",14,- 0,3.00,7.36,5.00,8.54,*,*,*,*,*,*,*,*,*,*,*,*,*
2024,Census Tract,4013600,20,825,"1,105",18,*,4.00,4.06,1.00,2.61,*,*,*,- 0,*,*,*,*,*,*,0,0.00,0.00
2024,Census Tract,4013700,16,"1,399","1,782",11,*,3.00,3.37,1.00,2.46,*,*,*,*,*,*,*,*,*,*,0,0.00,0.00
2024,Census Tract,4013800,14,956,"3,795",11,*,3.00,4.73,1.95,6.65,*,*,*,*,*,*,*,*,*,*,0,0.00,0.00
2024,Census Tract,4014100,28,"2,208","2,946",19,*,3.00,3.65,5.00,7.32,16,3.54,4.40,*,*,*,*,*,*,*,0,0.00,0.00
2024,Census Tract,4014202,25,"5,400","7,470",21,*,3.00,4.98,9.05,11.37,14,6.54,7.60,*,*,*,*,*,*,*,0,0.00,0.00
2024,Census Tract,4014300,55,"1,125","1,311",53,*,4.00,4.50,1.00,5.00,25,3.25,4.69,*,*,*,*,*,*,*,0,0.00,0.00
2024,Census Tract,4014400,34,"1,750","2,402",28,*,4.00,6.26,8.19,7.00,18,3.46,3.60,*,*,*,*,*,*,*,0,0.00,0.00
2024,Census Tract,4014700,38,"1,098","1,619",31,*,4.00,4.61,1.00,4.85,14,4.46,4.29,*,*,*,*,*,*,*,0,0.00,0.00
2024,Census Tract,4014900,44,"1,310","2,028",40,- 0,3.50,4.23,5.00,7.25,24,1.92,2.69,14,*,*,*,*,*,*,0,0.00,0.00
2024,Census Tract,4015100,15,600,648,12,*,4.88,5.28,6.50,7.18,10,2.95,3.20,*,*,*,*,*,*,*,0,0.00,0.00
2024,Census Tract,4015400,17,"1,105","1,783",17,*,3.00,7.18,1.00,4.23,*,*,*,*,- 0,0.00,0.00,- 0,0.00,0.00,0,0.00,0.00
2024,Census Tract,4015500,106,"2,000","2,361",91,*,5.00,4.79,8.25,9.82,58,4.33,5.10,10,*,*,*,*,*,*,*,*,*
2024,Census Tract,4015700,36,"2,150","4,591",30,*,4.42,4.37,10.00,11.60,25,2.92,4.63,*,*,*,*,*,*,*,0,0.00,0.00
2024,Census Tract,4015801,24,"1,155","1,670",17,*,4.63,4.15,2.00,4.42,*,*,*,*,*,*,*,*,*,*,0,0.00,0.00
2024,Census Tract,4015802,59,"1,225","1,430",47,*,4.00,4.20,4.00,6.17,30,1.29,2.46,15,*,*,*,*,*,*,0,0.00,0.00
2024,Census Tract,4015900,13,750,"3,318",11,- 0,4.83,4.82,5.00,6.09,*,*,*,*,*,*,*,*,*,*,0,0.00,0.00
2024,Census Tract,4016100,26,"2,065","4,004",21,*,3.00,3.43,5.34,7.64,15,4.84,4.90,*,*,*,*,*,*,*,0,0.00,0.00
2024,Census Tract,4016300,26,"1,113","3,528",23,*,3.00,3.42,1.00,3.60,*,*,*,*,*,*,*,*,*,*,0,0.00,0.00
2024,Census Tract,4016600,21,"1,300","2,444",18,*,3.00,4.23,2.50,6.13,11,1.00,3.58,*,*,*,*,*,*,*,0,0.00,0.00
2024,Census Tract,4016900,16,701,835,16,- 0,6.00,5.06,13.01,15.22,15,1.83,3.07,*,- 0,0.00,0.00,- 0,0.00,0.00,0,0.00,0.00
2024,Census Tract,4017102,40,"5,914","17,405",24,- 0,3.00,3.58,15.29,15.74,23,4.00,5.57,*,*,*,*,*,*,*,0,0.00,0.00
2024,Census Tract,4017901,12,"2,883","6,511",*,- 0,*,*,*,*,*,*,*,*,*,*,*,*,*,*,0,0.00,0.00
2024,Census Tract,4017902,26,"2,925","4,118",23,*,4.00,6.39,8.76,8.30,15,3.33,4.06,*,*,*,*,*,*,*,0,0.00,0.00
2024,Census Tract,4018101,11,800,"1,155",*,- 0,*,*,*,*,*,*,*,*,- 0,0.00,0.00,*,*,*,0,0.00,0.00
2024,Census Tract,4018102,21,700,"1,484",19,*,6.00,6.21,5.08,12.86,10,3.42,10.50,*,*,*,*,*,*,*,0,0.00,0.00
2024,Census Tract,4018300,82,710,"1,536",73,- 0,6.90,6.51,8.00,9.69,52,4.29,5.07,15,*,*,*,*,*,*,0,0.00,0.00
2024,Census Tract,4018501,21,700,950,15,*,4.00,5.12,3.00,3.82,*,*,*,*,*,*,*,*,*,*,0,0.00,0.00
2024,Census Tract,4018502,38,"1,000","1,163",34,*,3.88,3.64,1.00,5.81,13,3.16,3.89,*,*,*,*,*,*,*,0,0.00,0.00
2024,Census Tract,4018900,15,"1,200","4,073",15,*,3.00,3.81,5.00,6.12,*,*,*,*,- 0,0.00,0.00,- 0,0.00,0.00,0,0.00,0.00
2024,Census Tract,4019000,19,"1,125","1,471",19,17,3.00,3.68,1.00,1.75,*,*,*,*,- 0,0.00,0.00,- 0,0.00,0.00,0,0.00,0.00
2024,Census Tract,4019901,20,"4,500","7,797",18,*,2.00,4.36,5.00,8.11,12,3.67,3.48,*,*,*,*,*,*,*,0,0.00,0.00
2024,Census Tract,4019902,22,"3,709","8,725",18,- 0,2.00,3.56,7.36,6.78,12,2.87,3.92,*,*,*,*,*,*,*,0,0.00,0.00
2024,Census Tract,4020800,30,"1,284","3,627",23,*,2.00,3.00,2.00,5.45,*,*,*,*,*,*,*,*,*,*,0,0.00,0.00
2024,Census Tract,4021200,38,"1,496","1,970",35,*,4.00,9.24,6.00,9.13,24,4.29,4.26,*,*,*,*,*,*,*,0,0.00,0.00
2024,Census Tract,4021400,63,"1,025","1,964",61,- 0,4.00,4.71,8.42,8.60,43,3.58,4.41,12,*,*,*,*,*,*,0,0.00,0.00
2024,Census Tract,4021601,39,"1,075","1,386",26,*,3.00,4.03,12.25,20.41,19,5.25,16.20,*,*,*,*,*,*,*,0,0.00,0.00
2024,Census Tract,4021900,29,"17,000","25,303",23,*,2.00,4.65,9.92,8.79,15,6.00,4.54,*,*,*,*,*,*,*,0,0.00,0.00
2024,Census Tract,4023502,29,"1,206","2,280",24,*,4.76,5.48,5.00,11.99,14,3.67,5.75,*,*,*,*,*,*,*,0,0.00,0.00
2024,Census Tract,4023600,35,773,972,34,*,3.00,4.09,5.00,7.24,23,2.50,4.20,*,*,*,*,*,*,*,0,0.00,0.00
2024,Census Tract,4023800,19,"1,100","2,200",13,- 0,3.00,2.80,6.00,7.95,*,*,*,*,*,*,*,*,*,*,0,0.00,0.00
2024,Census Tract,4024000,60,"1,800","3,611",59,*,4.00,6.29,10.01,11.06,48,4.13,5.11,12,*,*,*,*,*,*,0,0.00,0.00
2024,Census Tract,4024300,11,"1,471","4,465",11,*,3.00,2.91,6.00,6.45,*,*,*,*,- 0,0.00,0.00,- 0,0.00,0.00,0,0.00,0.00
2024,Census Tract,4024500,30,"2,059","3,447",26,*,3.00,3.00,6.00,8.61,12,4.00,3.98,- 0,*,*,*,*,*,*,0,0.00,0.00
2024,Census Tract,4024900,21,"2,000","3,231",15,*,3.00,2.95,8.98,6.59,10,5.75,4.45,*,*,*,*,*,*,*,0,0.00,0.00
2024,Census Tract,4025100,15,"1,140","1,461",14,*,4.00,4.29,2.00,4.72,*,*,*,*,*,*,*,*,*,*,0,0.00,0.00
2024,Census Tract,4025301,43,"1,535","1,760",43,*,4.83,5.61,7.00,8.82,26,3.16,3.34,*,- 0,0.00,0.00,- 0,0.00,0.00,0,0.00,0.00
2024,Census Tract,4025302,29,"1,326","2,688",28,- 0,3.33,4.73,2.00,4.65,13,3.25,3.80,*,*,*,*,*,*,*,0,0.00,0.00
2024,Census Tract,4025700,17,"2,500","4,546",*,- 0,*,*,*,*,*,*,*,- 0,*,*,*,*,*,*,0,0.00,0.00
2024,Census Tract,4025900,44,"1,100","2,395",44,- 0,4.00,5.09,8.00,9.82,39,3.16,4.45,*,- 0,0.00,0.00,- 0,0.00,0.00,0,0.00,0.00
2024,Census Tract,4026100,80,875,"1,684",77,*,4.00,4.38,5.00,7.41,51,4.16,4.00,16,*,*,*,*,*,*,0,0.00,0.00
2024,Census Tract,4026300,37,"1,200","1,344",35,*,5.08,5.45,2.00,5.81,17,1.25,2.28,10,*,*,*,*,*,*,0,0.00,0.00
2024,Census Tract,4026501,46,820,"1,929",45,*,6.00,7.96,5.00,6.43,29,4.09,4.95,*,*,*,*,*,*,*,0,0.00,0.00
2024,Census Tract,4026700,33,"1,850","2,886",31,*,8.00,13.53,5.00,7.30,23,3.58,4.17,*,*,*,*,*,*,*,0,0.00,0.00
2024,Census Tract,4026901,99,"1,170","1,826",96,*,8.00,12.24,10.00,9.81,73,4.42,4.90,19,*,*,*,*,*,*,0,0.00,0.00
2024,Census Tract,4026902,12,671,879,12,*,4.50,4.92,6.52,11.46,*,*,*,*,- 0,0.00,0.00,- 0,0.00,0.00,0,0.00,0.00
2024,Census Tract,4027102,38,770,933,36,*,4.00,5.02,2.63,5.04,14,2.12,3.41,*,*,*,*,*,*,*,0,0.00,0.00
2024,Census Tract,4027301,92,927,"1,724",87,*,5.00,9.80,3.00,9.36,45,5.00,5.21,13,*,*,*,*,*,*,0,0.00,0.00
2024,Census Tract,4027302,19,"1,000","1,458",19,- 0,6.00,5.63,10.00,11.53,11,4.09,4.68,*,- 0,0.00,0.00,- 0,0.00,0.00,0,0.00,0.00
2024,Census Tract,4027500,68,900,"1,103",58,- 0,5.00,13.02,5.00,4.87,38,2.50,3.21,14,*,*,*,*,*,*,0,0.00,0.00
2024,Census Tract,4027701,71,850,"2,568",67,- 0,7.00,6.59,5.00,5.73,45,3.42,4.04,11,*,*,*,*,*,*,0,0.00,0.00
2024,Census Tract,4027900,45,"1,600","2,224",45,*,6.08,5.83,10.01,12.07,39,3.58,4.33,*,- 0,0.00,0.00,- 0,0.00,0.00,0,0.00,0.00
2024,Census Tract,4028100,36,"1,188","6,081",34,*,8.00,9.76,7.46,7.86,20,4.79,4.75,*,*,*,*,*,*,*,0,0.00,0.00
2024,Census Tract,4028200,10,950,"1,096",*,- 0,*,*,*,*,*,*,*,*,*,*,*,- 0,0.00,0.00,0,0.00,0.00
2024,Census Tract,4028300,98,"1,530","2,613",90,- 0,9.00,9.82,10.00,9.49,71,3.67,4.48,22,*,*,*,*,*,*,0,0.00,0.00
2024,Census Tract,4028400,19,"1,200","1,611",18,15,3.50,3.67,1.00,2.87,*,*,*,- 0,*,*,*,*,*,*,0,0.00,0.00
2024,Census Tract,4028500,35,670,"1,001",33,*,8.00,7.42,3.00,4.90,21,1.00,1.39,14,*,*,*,*,*,*,0,0.00,0.00
2024,Census Tract,4028700,93,900,"1,663",87,*,8.00,25.83,5.00,7.50,54,3.21,4.29,17,*,*,*,*,*,*,0,0.00,0.00
2024,Census Tract,4028900,72,"1,516","2,250",64,*,7.50,28.16,9.71,12.02,52,3.17,4.63,18,*,*,*,*,*,*,0,0.00,0.00
2024,Census Tract,4029100,39,"1,000","2,888",37,*,6.00,6.04,1.00,3.76,11,3.25,4.07,*,*,*,*,*,*,*,0,0.00,0.00
2024,Census Tract,4029400,30,"1,159","1,481",26,*,3.92,8.91,5.08,12.86,21,3.09,8.90,*,*,*,*,*,*,*,0,0.00,0.00
2024,Census Tract,4029500,35,"1,556","2,631",32,11,4.00,4.34,1.00,8.06,14,4.71,4.83,*,*,*,*,*,*,*,0,0.00,0.00
2024,Census Tract,4029700,34,"4,625","7,834",24,- 0,3.00,5.42,1.00,5.11,10,3.46,4.13,*,10,1.00,3.43,- 0,0.00,0.00,0,0.00,0.00
2024,Census Tract,4030600,56,"1,426","4,543",45,*,2.00,2.46,0.67,2.95,*,*,*,*,*,*,*,*,*,*,0,0.00,0.00
2024,Census Tract,4030903,47,"2,000","4,277",42,*,3.00,3.79,15.01,19.33,39,4.92,6.17,*,*,*,*,*,*,*,0,0.00,0.00
2024,Census Tract,4030906,18,"1,288","4,120",15,*,35.00,31.87,20.01,17.36,14,4.38,5.15,*,*,*,*,*,*,*,0,0.00,0.00
2024,Census Tract,4032000,42,"2,118","10,787",35,*,2.00,2.60,0.67,2.09,*,*,*,*,*,*,*,*,*,*,0,0.00,0.00
2024,Census Tract,4032800,11,"1,061","1,389",11,10,4.00,4.91,1.00,1.00,- 0,0.00,0.00,- 0,- 0,0.00,0.00,- 0,0.00,0.00,0,0.00,0.00
2024,Census Tract,4032900,18,"1,514","8,485",17,*,4.92,5.15,14.09,13.76,15,4.41,4.28,*,*,*,*,*,*,*,0,0.00,0.00
2024,Census Tract,4033401,15,"1,100","2,179",14,11,3.50,3.29,1.00,2.52,*,*,*,- 0,*,*,*,*,*,*,0,0.00,0.00
2024,Census Tract,4033405,18,960,"1,222",17,*,1.00,1.35,9.00,7.29,10,2.58,2.65,- 0,*,*,*,*,*,*,0,0.00,0.00
2024,Census Tract,4033900,17,"1,110","1,577",17,- 0,4.00,4.44,10.51,9.80,13,4.67,4.89,*,- 0,0.00,0.00,- 0,0.00,0.00,0,0.00,0.00
2024,Census Tract,4035200,33,"1,848","8,514",29,- 0,4.00,3.76,10.01,10.80,17,4.50,4.51,*,*,*,*,*,*,*,0,0.00,0.00
2024,Census Tract,4035300,16,900,"1,620",14,- 0,4.08,4.70,7.00,9.12,*,*,*,*,*,*,*,*,*,*,0,0.00,0.00
2024,Census Tract,4035800,19,"2,250","3,545",15,*,3.00,5.27,2.00,8.29,*,*,*,*,*,*,*,*,*,*,0,0.00,0.00
2024,Census Tract,4036100,13,814,"1,373",10,- 0,3.08,3.50,1.50,3.20,*,*,*,*,*,*,*,*,*,*,0,0.00,0.00
2024,Census Tract,4036500,19,"1,500","2,048",17,*,2.64,4.38,3.00,4.82,10,2.25,3.08,*,*,*,*,*,*,*,0,0.00,0.00
2024,Census Tract,4036600,27,"1,200","2,610",25,- 0,3.00,3.00,3.00,6.52,15,2.08,5.43,*,*,*,*,*,*,*,0,0.00,0.00
2024,Census Tract,4036700,15,"1,200","1,460",14,- 0,3.08,3.66,1.00,5.43,*,*,*,*,*,*,*,*,*,*,0,0.00,0.00
2024,Census Tract,4037300,10,"1,950","4,836",*,*,*,*,*,*,*,*,*,*,*,*,*,- 0,0.00,0.00,0,0.00,0.00
2024,Census Tract,4037501,20,"1,000",957,20,*,6.00,7.64,10.01,13.30,17,4.92,5.05,*,- 0,0.00,0.00,- 0,0.00,0.00,0,0.00,0.00
2024,Census Tract,4037502,67,"1,428","1,899",65,12,8.00,7.95,5.00,7.19,33,3.58,4.01,*,*,*,*,*,*,*,0,0.00,0.00
2024,Census Tract,4037700,10,"1,200","1,277",*,- 0,*,*,*,*,*,*,*,*,*,*,*,- 0,0.00,0.00,0,0.00,0.00
2024,Census Tract,4037900,24,"1,025","1,261",22,*,4.00,3.63,5.02,5.97,15,3.00,3.02,*,*,*,*,*,*,*,0,0.00,0.00
2024,Census Tract,4038301,18,"1,575","3,288",15,*,2.00,2.07,1.00,1.73,*,*,*,*,*,*,*,*,*,*,0,0.00,0.00
2024,Census Tract,4039400,21,"1,000","2,500",20,*,17.00,17.40,5.00,7.14,11,1.83,1.75,*,*,*,*,*,*,*,0,0.00,0.00
2024,Census Tract,4039901,19,"1,134","1,529",18,*,4.00,4.49,1.00,3.89,*,*,*,*,*,*,*,*,*,*,0,0.00,0.00
2024,Census Tract,4040101,10,"1,472","3,044",*,*,*,*,*,*,*,*,*,- 0,*,*,*,- 0,0.00,0.00,0,0.00,0.00
2024,Census Tract,4040102,20,"1,167","1,539",18,*,5.00,5.81,4.67,4.99,15,2.41,2.62,*,*,*,*,*,*,*,0,0.00,0.00
2024,Census Tract,4040301,15,900,"1,113",14,- 0,6.00,6.29,4.98,4.13,10,2.33,2.17,*,*,*,*,*,*,*,0,0.00,0.00
2024,Census Tract,4040302,47,832,"1,774",41,*,4.00,4.82,1.00,2.45,15,1.58,2.34,*,*,*,*,*,*,*,0,0.00,0.00
2024,Census Tract,4040501,64,"1,200","1,852",58,*,4.87,6.51,7.13,7.82,43,1.84,2.66,23,*,*,*,*,*,*,0,0.00,0.00
2024,Census Tract,4040502,49,"1,669","1,935",44,*,3.67,4.88,1.00,3.21,14,1.00,1.91,*,*,*,*,*,*,*,0,0.00,0.00
2024,Census Tract,4040701,10,908,"1,352",10,*,4.50,4.30,5.00,5.72,*,*,*,*,- 0,0.00,0.00,- 0,0.00,0.00,0,0.00,0.00
2024,Census Tract,4040702,27,"1,000","1,462",27,- 0,4.00,3.89,3.00,6.05,23,1.00,3.09,12,- 0,0.00,0.00,- 0,0.00,0.00,0,0.00,0.00
2024,Census Tract,4040901,14,"1,443","1,776",13,*,8.00,7.31,1.00,5.25,*,*,*,*,*,*,*,*,*,*,0,0.00,0.00
2024,Census Tract,4040902,10,945,996,10,*,7.03,9.94,1.00,3.62,*,*,*,- 0,- 0,0.00,0.00,- 0,0.00,0.00,0,0.00,0.00
2024,Census Tract,4041300,17,"1,434","2,647",14,- 0,4.00,7.44,5.50,8.08,12,1.16,1.55,10,*,*,*,*,*,*,0,0.00,0.00
2024,Census Tract,4041500,14,"1,600","2,229",10,*,2.62,3.29,3.00,5.79,*,*,*,- 0,*,*,*,*,*,*,0,0.00,0.00
2024,Census Tract,4042700,18,"1,000","1,271",16,*,3.50,3.73,3.00,6.46,*,*,*,*,*,*,*,*,*,*,0,0.00,0.00
2024,Census Tract,4043900,18,688,767,18,- 0,5.00,6.83,1.00,3.89,*,*,*,- 0,- 0,0.00,0.00,- 0,0.00,0.00,0,0.00,0.00
2024,Census Tract,4044000,17,"5,700","10,760",16,*,1.88,2.49,4.54,8.75,14,2.08,3.01,*,*,*,*,*,*,*,0,0.00,0.00
2024,Census Tract,4044302,26,"1,400","2,006",23,- 0,6.00,5.70,1.00,8.82,10,3.12,2.93,*,*,*,*,*,*,*,0,0.00,0.00
2024,Census Tract,4044400,88,"3,390","8,017",78,*,2.00,5.28,5.00,8.81,54,3.08,3.99,17,*,*,*,*,*,*,0,0.00,0.00
2024,Census Tract,4044601,159,"1,750","4,164",136,*,5.00,7.33,10.01,9.41,90,3.46,4.56,28,*,*,*,*,*,*,0,0.00,0.00
2024,Census Tract,4044602,34,"1,000","1,534",33,*,4.08,6.22,5.00,6.16,22,3.42,3.92,*,*,*,*,*,*,*,0,0.00,0.00
2024,Census Tract,4045400,17,875,"2,601",17,- 0,8.00,9.65,2.00,3.00,*,*,*,*,- 0,0.00,0.00,- 0,0.00,0.00,0,0.00,0.00
2024,Census Tract,4045500,42,"2,286","4,161",31,*,4.00,3.90,15.01,15.19,31,3.67,5.43,*,*,*,*,*,*,*,*,*,*
2024,Census Tract,4045800,31,"1,300","2,072",30,- 0,3.00,3.27,10.01,8.82,17,3.92,3.77,*,*,*,*,*,*,*,0,0.00,0.00
2024,Census Tract,4046000,52,"2,048","5,113",35,- 0,4.00,6.49,10.00,9.84,29,2.58,3.32,11,*,*,*,*,*,*,0,0.00,0.00
2024,Census Tract,4046100,27,550,833,25,- 0,6.00,4.92,5.00,4.20,23,3.16,2.41,10,*,*,*,*,*,*,0,0.00,0.00
2024,Census Tract,4046200,24,"2,022","2,493",22,12,5.50,9.67,2.00,9.87,10,5.25,10.41,*,*,*,*,*,*,*,0,0.00,0.00
2024,Census Tract,4046500,60,650,888,53,*,6.00,7.56,1.00,3.73,18,4.33,4.40,*,*,*,*,*,*,*,0,0.00,0.00
2024,Census Tract,4046600,32,"1,532","2,299",31,*,3.00,3.71,1.00,5.12,10,5.25,5.04,*,*,*,*,*,*,*,0,0.00,0.00
2024,Census Tract,4046800,13,"1,100","2,120",10,*,3.50,3.60,5.00,5.91,*,*,*,- 0,*,*,*,*,*,*,0,0.00,0.00
2024,Census Tract,4046901,14,891,"1,618",13,*,1.00,1.21,24.52,29.33,13,3.44,6.31,*,*,*,*,*,*,*,0,0.00,0.00
2024,Census Tract,4046902,13,"1,908","3,456",12,- 0,5.00,5.08,10.42,11.96,12,1.58,2.74,*,*,*,*,*,*,*,0,0.00,0.00
2024,Census Tract,4047000,24,"1,623","9,334",22,*,4.65,18.98,5.00,5.59,16,3.54,4.45,*,*,*,*,*,*,*,0,0.00,0.00
2024,Census Tract,4047100,32,"1,050","1,461",26,*,3.50,7.12,3.46,4.12,16,2.14,3.30,*,*,*,*,*,*,*,0,0.00,0.00
2024,Census Tract,4047300,53,"1,003","4,531",40,- 0,5.50,8.32,10.03,10.91,29,2.33,3.41,11,*,*,*,*,*,*,0,0.00,0.00
2024,Census Tract,4047500,46,"1,800","3,730",33,*,4.00,4.42,5.08,6.78,31,3.08,3.50,14,*,*,*,*,*,*,0,0.00,0.00
2024,Census Tract,4047801,13,"1,613","1,577",12,- 0,2.50,3.33,14.52,25.72,12,1.00,10.11,*,*,*,*,*,*,*,0,0.00,0.00
2024,Census Tract,4047802,22,"1,021","1,717",22,*,3.50,3.64,8.05,13.46,15,4.00,4.55,*,- 0,0.00,0.00,- 0,0.00,0.00,0,0.00,0.00
2024,Census Tract,4047900,23,"1,308","3,561",19,- 0,3.00,3.37,2.00,3.98,*,*,*,*,*,*,*,*,*,*,0,0.00,0.00
2024,Census Tract,4048100,14,775,980,12,- 0,53.00,49.42,9.98,9.09,*,*,*,*,*,*,*,*,*,*,0,0.00,0.00
2024,Census Tract,4048302,12,659,964,10,- 0,2.00,3.10,1.50,2.76,*,*,*,- 0,*,*,*,*,*,*,0,0.00,0.00
2024,Census Tract,4048500,55,"1,800","4,570",52,*,4.50,6.96,3.96,6.21,27,2.92,5.61,*,*,*,*,*,*,*,0,0.00,0.00
2024,Census Tract,4048900,18,"4,496","6,279",11,- 0,2.00,2.23,5.00,8.19,*,*,*,*,*,*,*,*,*,*,0,0.00,0.00
2024,Census Tract,4049302,40,"1,585","2,800",33,- 0,3.00,3.52,1.43,5.96,14,3.58,4.66,*,*,*,*,*,*,*,0,0.00,0.00
2024,Census Tract,4049600,10,930,"1,005",*,- 0,*,*,*,*,*,*,*,*,*,*,*,- 0,0.00,0.00,0,0.00,0.00
2024,Census Tract,4049900,15,"3,309","7,349",13,- 0,3.00,3.31,10.00,8.57,11,4.00,5.44,*,*,*,*,*,*,*,0,0.00,0.00
2024,Census Tract,4050000,28,785,"1,091",25,- 0,2.00,3.16,5.00,5.64,17,1.25,2.55,11,*,*,*,*,*,*,0,0.00,0.00
2024,Census Tract,4050800,11,600,"1,175",*,*,*,*,*,*,*,*,*,*,*,*,*,*,*,*,0,0.00,0.00
2024,Census Tract,4051200,10,"1,050","3,200",*,*,*,*,*,*,- 0,0.00,0.00,- 0,*,*,*,- 0,0.00,0.00,0,0.00,0.00
2024,Census Tract,4051500,14,"1,436","1,581",10,*,4.00,8.60,2.00,4.05,*,*,*,- 0,*,*,*,*,*,*,0,0.00,0.00
2024,Census Tract,4051700,25,750,"2,186",20,*,3.00,2.65,2.42,5.27,11,2.08,3.45,*,*,*,*,*,*,*,0,0.00,0.00
2024,Census Tract,4052000,14,"1,000",918,13,- 0,3.00,5.08,8.67,11.01,13,6.42,7.56,*,*,*,*,*,*,*,0,0.00,0.00
2024,Census Tract,4052100,12,"1,560","3,710",11,*,2.00,3.18,3.00,7.97,*,*,*,*,*,*,*,*,*,*,0,0.00,0.00
2024,Census Tract,4053100,16,"2,250","3,836",*,- 0,*,*,*,*,*,*,*,*,10,1.03,1.33,*,*,*,0,0.00,0.00
2024,Census Tract,4053501,24,"4,002","6,431",19,*,2.00,2.47,3.00,4.88,10,2.33,3.81,*,*,*,*,*,*,*,0,0.00,0.00
2024,Census Tract,4053502,10,"10,000","34,240",*,- 0,*,*,*,*,*,*,*,- 0,*,*,*,- 0,0.00,0.00,0,0.00,0.00
2024,Census Tract,4053901,13,"2,200","6,965",11,*,2.00,2.38,9.88,7.08,*,*,*,*,*,*,*,*,*,*,0,0.00,0.00
2024,Census Tract,4054000,16,"2,000","3,355",10,*,2.00,2.00,3.96,10.10,*,*,*,*,*,*,*,*,*,*,0,0.00,0.00
2024,Census Tract,4054200,36,"1,250","1,368",21,*,3.00,3.05,1.00,3.10,*,*,*,*,*,*,*,*,*,*,0,0.00,0.00
2024,Census Tract,4054700,20,665,"1,067",15,- 0,3.00,3.06,3.00,5.52,*,*,*,*,*,*,*,*,*,*,0,0.00,0.00
2024,Census Tract,4054900,44,"1,000","2,111",43,*,3.00,3.60,5.00,7.34,30,3.17,4.17,*,*,*,*,*,*,*,0,0.00,0.00
2024,Census Tract,4055100,73,886,"1,573",65,*,3.33,3.87,5.00,6.13,39,3.00,3.70,13,*,*,*,*,*,*,0,0.00,0.00
2024,Census Tract,4055300,50,"1,423","2,269",43,*,3.00,3.42,10.25,14.02,26,2.71,9.94,*,*,*,*,*,*,*,0,0.00,0.00
2024,Census Tract,4055500,12,"2,000","4,142",10,- 0,2.00,1.90,1.00,2.41,*,*,*,*,*,*,*,*,*,*,0,0.00,0.00
2024,Census Tract,4055700,27,800,"2,462",24,*,3.00,2.89,2.00,6.67,16,2.16,3.07,*,*,*,*,*,*,*,0,0.00,0.00
2024,Census Tract,4055900,11,"1,260","1,901",*,- 0,*,*,*,*,*,*,*,*,*,*,*,*,*,*,0,0.00,0.00
2024,Census Tract,4056600,16,"1,514","1,947",14,- 0,6.50,15.07,5.00,7.79,10,2.46,3.06,*,*,*,*,*,*,*,0,0.00,0.00
2024,Census Tract,4056800,39,"1,350","2,407",34,*,3.00,5.71,9.48,11.19,27,3.00,5.83,12,*,*,*,*,*,*,0,0.00,0.00
2024,Census Tract,4057700,24,863,"1,438",23,*,2.00,2.22,10.01,15.79,18,4.37,11.93,*,*,*,*,*,*,*,0,0.00,0.00
2024,Census Tract,4058100,17,800,"1,749",14,- 0,3.12,3.97,5.00,6.71,11,3.42,2.98,*,*,*,*,*,*,*,0,0.00,0.00
2024,Census Tract,4058200,14,"4,050","4,832",14,*,3.00,3.00,1.00,2.79,*,*,*,*,- 0,0.00,0.00,- 0,0.00,0.00,0,0.00,0.00
2024,Census Tract,4058300,25,700,"1,307",20,*,3.00,3.57,5.93,7.12,14,3.04,3.82,*,*,*,*,*,*,*,0,0.00,0.00
2024,Census Tract,4058500,16,760,"1,176",14,- 0,3.54,4.65,5.29,6.19,10,3.67,3.69,*,*,*,*,*,*,*,0,0.00,0.00
2024,Census Tract,4058700,21,"1,120","1,676",18,- 0,3.07,4.02,2.50,5.37,10,2.54,3.17,*,*,*,*,*,*,*,0,0.00,0.00
2024,Census Tract,4058900,12,800,"1,000",11,- 0,3.00,3.09,2.00,2.45,*,*,*,*,*,*,*,*,*,*,0,0.00,0.00
2024,Census Tract,4059100,15,800,"1,101",11,- 0,3.00,3.33,10.01,8.19,11,3.16,3.44,*,*,*,*,*,*,*,0,0.00,0.00
2024,Census Tract,4059300,13,800,"1,632",*,- 0,*,*,*,*,*,*,*,*,*,*,*,*,*,*,0,0.00,0.00
2024,Census Tract,4059501,10,800,"1,925",10,*,3.00,3.70,1.00,15.82,*,*,*,*,- 0,0.00,0.00,- 0,0.00,0.00,0,0.00,0.00
2024,Census Tract,4059502,10,750,946,*,*,*,*,*,*,*,*,*,*,*,*,*,- 0,0.00,0.00,0,0.00,0.00
2024,Census Tract,4060000,13,800,"1,299",12,- 0,1.00,1.42,3.00,2.33,*,*,*,*,*,*,*,*,*,*,0,0.00,0.00
2024,Census Tract,4060100,12,870,"1,971",11,- 0,3.33,5.77,1.00,9.07,*,*,*,*,*,*,*,*,*,*,0,0.00,0.00
2024,Census Tract,4060300,22,"2,150","9,923",21,*,3.83,6.35,3.83,7.18,12,3.75,4.00,*,*,*,*,*,*,*,0,0.00,0.00
2024,Census Tract,4061301,43,900,"2,174",35,*,4.29,3.77,4.99,7.99,23,2.08,3.03,12,*,*,*,*,*,*,0,0.00,0.00
2024,Census Tract,4061900,16,685,"1,725",14,*,3.50,3.42,7.00,6.66,12,4.29,4.07,*,*,*,*,*,*,*,0,0.00,0.00
2024,Census Tract,4062600,18,848,"3,787",13,*,1.00,4.46,5.00,5.91,*,*,*,*,*,*,*,*,*,*,0,0.00,0.00
2024,Census Tract,4062900,19,"1,300","2,231",14,- 0,2.51,2.93,5.00,5.57,11,2.16,2.20,*,*,*,*,*,*,*,0,0.00,0.00
2024,Census Tract,4063200,63,"1,300","1,513",61,10,3.00,6.76,5.05,9.60,51,3.84,3.57,13,*,*,*,*,*,*,0,0.00,0.00
2024,Census Tract,4063700,78,"3,967","9,100",61,- 0,3.00,4.84,10.01,9.80,51,2.33,3.54,21,*,*,*,*,*,*,0,0.00,0.00
2024,Census Tract,4063800,15,"1,200","1,353",14,- 0,2.23,2.39,1.00,2.26,*,*,*,*,*,*,*,*,*,*,0,0.00,0.00
2024,Census Tract,4064500,15,"1,100","1,235",15,*,3.00,2.60,1.00,6.14,*,*,*,*,- 0,0.00,0.00,- 0,0.00,0.00,0,0.00,0.00
2024,Census Tract,4065401,36,970,"2,059",33,*,3.00,5.00,1.00,5.01,10,1.92,4.72,*,*,*,*,*,*,*,0,0.00,0.00
2024,Census Tract,4065702,16,802,"1,204",15,*,3.00,3.76,4.00,4.93,10,1.00,1.67,*,*,*,*,*,*,*,0,0.00,0.00
2024,Census Tract,4065703,25,"1,250","1,582",21,*,2.25,3.09,1.00,5.43,*,*,*,- 0,*,*,*,*,*,*,0,0.00,0.00
2024,Census Tract,4067100,15,950,"2,345",13,- 0,3.00,3.12,1.00,7.08,*,*,*,- 0,*,*,*,*,*,*,0,0.00,0.00
2024,Census Tract,4067900,19,"1,250","1,786",14,*,7.00,10.64,10.00,9.00,12,4.04,4.47,*,*,*,*,*,*,*,0,0.00,0.00
2024,Census Tract,4068300,146,"1,546","8,429",138,*,14.00,16.54,10.08,11.14,115,3.08,4.17,36,*,*,*,*,*,*,0,0.00,0.00
2024,Census Tract,4068700,16,929,"1,385",12,- 0,3.08,3.38,7.50,9.96,11,1.50,3.33,*,*,*,*,*,*,*,0,0.00,0.00
2024,Census Tract,4069300,77,"1,775","2,210",68,*,4.00,4.72,10.01,14.12,52,4.63,5.10,10,*,*,*,*,*,*,0,0.00,0.00
2024,Census Tract,4069500,17,885,"2,219",15,*,3.00,4.40,8.01,7.40,13,2.16,2.58,*,*,*,*,*,*,*,0,0.00,0.00
2024,Census Tract,4069702,15,"1,600","3,279",*,- 0,*,*,*,*,*,*,*,*,*,*,*,*,*,*,0,0.00,0.00
2024,Census Tract,4070700,16,800,"1,169",16,- 0,3.00,3.58,5.00,6.63,12,3.46,3.06,*,- 0,0.00,0.00,- 0,0.00,0.00,0,0.00,0.00
2024,Census Tract,4070900,15,"1,000","1,148",13,*,3.00,3.22,5.00,5.72,*,*,*,*,*,*,*,*,*,*,0,0.00,0.00
2024,Census Tract,4071100,99,"2,112","4,443",85,*,7.00,7.93,10.01,12.63,75,3.25,4.41,25,- 0,0.00,0.00,14,1.00,1.14,0,0.00,0.00
2024,Census Tract,4071303,50,"1,190","1,847",45,- 0,6.00,6.86,10.01,12.45,39,4.54,4.87,12,*,*,*,*,*,*,0,0.00,0.00
2024,Census Tract,4071304,37,"1,184","2,900",26,*,3.00,3.76,11.48,13.81,23,2.33,4.57,11,- 0,0.00,0.00,11,1.00,0.94,0,0.00,0.00
2024,Census Tract,4071305,15,"1,250","1,977",13,- 0,6.00,5.15,15.01,13.23,*,*,*,*,*,*,*,*,*,*,0,0.00,0.00
2024,Census Tract,4071306,33,"1,000","1,418",33,- 0,4.00,4.66,10.06,12.75,31,3.08,3.73,*,- 0,0.00,0.00,- 0,0.00,0.00,0,0.00,0.00
2024,Census Tract,4071701,62,"1,145","5,947",50,*,5.00,5.89,10.30,11.26,36,3.37,4.11,10,*,*,*,*,*,*,0,0.00,0.00
2024,Census Tract,4071702,34,"1,772","8,822",25,*,8.00,7.67,12.69,14.53,25,6.09,6.38,*,*,*,*,*,*,*,0,0.00,0.00
2024,Census Tract,4072900,11,"1,088","2,355",*,- 0,*,*,*,*,*,*,*,*,*,*,*,- 0,0.00,0.00,0,0.00,0.00
2024,Census Tract,4073100,19,"1,200","1,918",13,*,2.36,4.15,3.00,3.37,*,*,*,*,*,*,*,*,*,*,0,0.00,0.00
2024,Census Tract,4073700,106,"1,112","2,494",103,*,8.00,8.58,10.05,11.98,82,3.50,4.55,25,*,*,*,*,*,*,0,0.00,0.00
2024,Census Tract,4074300,52,"1,240","1,646",49,- 0,2.00,3.16,10.01,10.96,41,4.16,4.53,*,*,*,*,*,*,*,0,0.00,0.00
2024,Census Tract,4075701,31,"1,936","5,980",26,18,1.66,2.28,5.00,10.82,24,1.66,2.87,14,*,*,*,*,*,*,*,*,*
2024,Census Tract,4075702,22,603,646,21,- 0,4.25,6.35,9.16,9.10,21,3.33,3.37,*,*,*,*,*,*,*,0,0.00,0.00
2024,Census Tract,4076901,25,"1,540","2,187",23,*,4.00,4.70,9.98,12.03,15,5.50,6.69,- 0,*,*,*,*,*,*,0,0.00,0.00
2024,Census Tract,4076902,27,876,"1,323",21,- 0,6.00,5.41,10.05,14.64,17,3.42,4.43,*,*,*,*,*,*,*,0,0.00,0.00
2024,Census Tract,4077500,29,950,"1,139",27,*,4.00,4.11,1.00,4.37,10,3.50,4.20,*,*,*,*,*,*,*,0,0.00,0.00
2024,Census Tract,4077902,15,"1,375","1,748",14,*,4.00,3.85,7.96,9.96,*,*,*,*,*,*,*,*,*,*,0,0.00,0.00
2024,Census Tract,4077904,30,"1,130","2,137",29,*,4.00,4.93,12.84,13.63,24,3.92,4.23,*,*,*,*,*,*,*,0,0.00,0.00
2024,Census Tract,4077906,21,"1,221","1,807",20,*,4.00,4.86,15.31,18.22,18,5.84,6.71,*,*,*,*,*,*,*,0,0.00,0.00
2024,Census Tract,4077907,10,996,"3,034",10,*,4.08,6.72,1.50,5.85,*,*,*,- 0,- 0,0.00,0.00,- 0,0.00,0.00,0,0.00,0.00
2024,Census Tract,4079701,14,668,"1,127",10,- 0,8.00,8.20,5.00,6.63,*,*,*,*,*,*,*,*,*,*,0,0.00,0.00
2024,Census Tract,4079702,47,900,"1,131",37,*,4.00,5.02,10.00,21.82,32,3.96,12.33,*,- 0,0.00,0.00,10,1.00,2.54,0,0.00,0.00
2024,Census Tract,4080301,17,"1,000","1,168",14,- 0,8.00,18.39,5.00,5.46,11,3.42,2.91,*,*,*,*,*,*,*,0,0.00,0.00
2024,Census Tract,4080900,11,"1,311","2,274",*,- 0,*,*,*,*,*,*,*,*,- 0,0.00,0.00,*,*,*,0,0.00,0.00
2024,Census Tract,4083800,22,850,"1,820",20,*,3.00,3.36,10.00,10.55,18,3.00,3.63,*,*,*,*,*,*,*,0,0.00,0.00
2024,Census Tract,4084000,23,"1,520","2,167",18,*,2.50,2.89,1.00,9.77,*,*,*,*,*,*,*,*,*,*,0,0.00,0.00
2024,Census Tract,4084500,17,"1,500","2,415",15,*,3.00,3.00,6.00,9.28,13,1.33,3.49,*,*,*,*,*,*,*,0,0.00,0.00
2024,Census Tract,4084901,72,"2,000","5,450",52,*,3.50,4.33,1.50,3.76,24,2.41,2.59,11,10,1.50,2.78,10,1.00,1.00,0,0.00,0.00
2024,Census Tract,4084902,110,"1,460","3,218",93,*,8.00,9.96,5.00,6.42,74,2.65,3.71,28,*,*,*,*,*,*,0,0.00,0.00
2024,Census Tract,4085300,104,"1,200","8,831",93,*,9.00,9.04,8.00,9.51,72,3.21,4.44,18,*,*,*,*,*,*,0,0.00,0.00
2024,Census Tract,4085500,12,"1,858","2,098",10,- 0,6.50,7.40,5.00,6.73,*,*,*,*,*,*,*,*,*,*,0,0.00,0.00
2024,Census Tract,4085700,25,880,"1,360",19,- 0,4.00,16.37,5.33,5.99,12,4.50,4.17,*,*,*,*,*,*,*,0,0.00,0.00
2024,Census Tract,4085900,33,840,"1,426",30,*,8.50,8.30,12.09,15.52,30,2.66,3.60,13,*,*,*,*,*,*,0,0.00,0.00
2024,Census Tract,4086400,15,"2,800","15,256",13,*,2.00,2.54,2.00,4.60,*,*,*,*,*,*,*,*,*,*,0,0.00,0.00
2024,Census Tract,4086500,41,"1,300","2,862",37,*,4.00,4.82,5.00,4.88,17,1.33,2.38,*,*,*,*,*,*,*,0,0.00,0.00
2024,Census Tract,4086900,249,"1,500","3,681",219,40,4.00,7.06,5.00,6.85,142,2.71,3.58,54,17,1.00,1.63,13,1.00,1.09,0,0.00,0.00
2024,Census Tract,4087100,344,"1,420","3,453",314,20,9.00,11.12,5.38,7.27,221,3.67,4.13,57,11,1.05,4.33,19,1.00,1.39,0,0.00,0.00
2024,Census Tract,4088400,11,"2,000","5,004",*,*,*,*,*,*,*,*,*,*,*,*,*,*,*,*,0,0.00,0.00
2024,Census Tract,4088902,21,"1,500","1,810",19,- 0,3.00,12.91,4.00,3.84,13,2.58,2.42,*,*,*,*,*,*,*,0,0.00,0.00
2024,Census Tract,4088903,24,"1,463","2,242",24,- 0,6.00,5.79,5.45,6.56,18,3.21,2.47,*,- 0,0.00,0.00,- 0,0.00,0.00,0,0.00,0.00
2024,Census Tract,4089201,106,"1,668","3,356",86,*,4.00,4.60,10.01,9.55,72,3.29,3.91,21,*,*,*,*,*,*,0,0.00,0.00
2024,Census Tract,4090700,37,"2,250","17,035",22,- 0,2.50,2.91,1.00,4.10,*,*,*,*,*,*,*,*,*,*,*,*,*
2024,Census Tract,4091900,24,"3,200","5,395",15,*,2.00,2.53,10.01,9.80,10,8.33,8.67,- 0,*,*,*,*,*,*,0,0.00,0.00
2024,Census Tract,4092500,45,"1,500","1,895",41,*,2.00,6.43,5.00,5.61,28,3.75,4.09,*,*,*,*,*,*,*,0,0.00,0.00
2024,Census Tract,4092900,16,975,"3,916",13,- 0,4.00,12.31,10.01,12.63,12,1.96,6.63,*,*,*,*,*,*,*,0,0.00,0.00
2024,Census Tract,4093402,22,"2,251","3,885",15,- 0,3.00,3.53,4.00,5.98,*,*,*,*,*,*,*,*,*,*,0,0.00,0.00
2024,Census Tract,4093800,38,"2,100","4,387",38,*,2.00,3.97,9.13,11.80,34,3.67,4.08,11,- 0,0.00,0.00,- 0,0.00,0.00,0,0.00,0.00
2024,Census Tract,4094201,15,"1,500","2,338",13,- 0,2.00,2.46,3.63,4.70,10,1.96,2.61,*,*,*,*,*,*,*,0,0.00,0.00
2024,Census Tract,4094202,21,"1,800","2,347",13,*,3.00,3.33,5.00,10.19,*,*,*,*,*,*,*,*,*,*,0,0.00,0.00
2024,Census Tract,4094500,21,"4,103","21,823",16,- 0,3.00,3.50,12.75,16.49,15,3.92,4.82,*,*,*,*,*,*,*,0,0.00,0.00
2024,Census Tract,4094700,10,"2,768","6,879",*,- 0,*,*,*,*,*,*,*,*,*,*,*,*,*,*,0,0.00,0.00
2024,Census Tract,4095400,19,"1,397","4,185",19,- 0,4.00,4.26,11.92,12.49,19,4.41,4.71,*,- 0,0.00,0.00,- 0,0.00,0.00,0,0.00,0.00
2024,Census Tract,4098100,40,"1,538","2,504",35,*,3.00,8.74,1.00,5.31,16,1.74,4.13,*,*,*,*,*,*,*,0,0.00,0.00
2024,Census Tract,4098700,48,"1,183","2,469",42,*,3.00,4.15,10.00,11.40,23,4.16,4.86,*,*,*,*,*,*,*,0,0.00,0.00
2024,Census Tract,4099701,14,"1,000","1,685",12,- 0,1.00,1.83,1.00,12.58,*,*,*,- 0,*,*,*,*,*,*,0,0.00,0.00
2024,Census Tract,4099704,66,"2,988","5,038",58,- 0,5.00,5.53,15.02,18.36,54,4.54,5.17,10,*,*,*,*,*,*,0,0.00,0.00
2024,Census Tract,4099801,28,915,"2,201",27,*,4.00,5.42,15.01,19.07,26,4.67,5.48,*,*,*,*,*,*,*,0,0.00,0.00
2024,Census Tract,4100803,23,"1,620","3,556",20,- 0,4.00,8.35,7.13,11.24,14,2.54,3.32,*,*,*,*,*,*,*,0,0.00,0.00
2024,Census Tract,4101003,30,"1,300","2,550",25,*,3.00,2.88,7.05,12.18,22,1.87,2.13,13,*,*,*,*,*,*,0,0.00,0.00
2024,Census Tract,4101700,54,"1,025","1,585",48,*,3.00,7.25,11.51,17.99,43,3.84,5.45,10,*,*,*,*,*,*,0,0.00,0.00
2024,Census Tract,4103201,17,850,"2,214",16,- 0,4.00,4.08,8.50,9.11,13,3.84,4.02,*,*,*,*,*,*,*,0,0.00,0.00
2024,Census Tract,4103202,28,"1,225","2,621",24,- 0,2.00,2.21,14.22,19.35,22,1.58,2.14,10,*,*,*,*,*,*,0,0.00,0.00
2024,Census Tract,4103900,16,"1,450","1,644",13,- 0,3.04,8.85,1.00,3.61,*,*,*,*,*,*,*,*,*,*,0,0.00,0.00
2024,Census Tract,4104700,25,"1,520","2,713",23,- 0,25.00,25.02,5.00,6.75,17,4.00,3.39,*,*,*,*,*,*,*,0,0.00,0.00
2024,Census Tract,4107201,14,"1,050","1,340",11,- 0,2.00,2.18,4.00,4.62,- 0,0.00,0.00,- 0,*,*,*,*,*,*,0,0.00,0.00
2024,Census Tract,4108500,13,"1,350","2,472",12,- 0,2.00,6.08,1.00,5.84,*,*,*,- 0,*,*,*,*,*,*,0,0.00,0.00
2024,Census Tract,4109900,42,"1,200","1,725",42,*,2.00,2.53,6.05,5.45,20,3.17,3.31,*,- 0,0.00,0.00,- 0,0.00,0.00,0,0.00,0.00
2024,Census Tract,4112300,84,"1,246","1,775",76,14,5.00,5.53,5.05,6.36,43,2.67,4.04,17,*,*,*,*,*,*,0,0.00,0.00
2024,Census Tract,4112900,20,"1,389","1,227",20,*,4.00,4.05,5.00,8.14,12,5.42,5.74,*,- 0,0.00,0.00,- 0,0.00,0.00,0,0.00,0.00
2024,Census Tract,4113900,16,"1,314","2,259",15,*,4.00,5.77,5.00,7.29,10,3.25,3.89,*,*,*,*,*,*,*,0,0.00,0.00
2024,Census Tract,4115500,33,982,"2,125",31,- 0,4.00,4.19,6.00,5.52,22,1.37,2.49,12,*,*,*,*,*,*,0,0.00,0.00
2024,Census Tract,4115700,40,"1,370","2,656",29,*,7.00,6.62,5.00,9.42,23,4.00,6.59,*,*,*,*,*,*,*,0,0.00,0.00
2024,Census Tract,4115900,20,630,"1,644",19,- 0,3.00,4.89,10.01,7.78,12,4.03,4.54,- 0,*,*,*,*,*,*,0,0.00,0.00
2024,Census Tract,4116100,11,"1,400","2,169",*,- 0,*,*,*,*,*,*,*,*,*,*,*,*,*,*,0,0.00,0.00
2024,Census Tract,4116301,26,"1,989","3,687",23,*,7.58,9.88,15.01,13.16,20,9.29,8.10,*,*,*,*,*,*,*,0,0.00,0.00
2024,Census Tract,4116302,15,"1,200","1,592",15,- 0,5.00,4.80,10.00,7.94,10,4.08,4.08,*,- 0,0.00,0.00,- 0,0.00,0.00,0,0.00,0.00
2024,Census Tract,4116700,35,"1,092","1,577",31,*,6.00,11.14,8.92,6.79,21,1.92,2.22,11,*,*,*,*,*,*,0,0.00,0.00
2024,Census Tract,4117100,184,"1,128","1,577",162,23,4.00,7.42,5.00,5.59,107,2.83,3.24,38,*,*,*,*,*,*,0,0.00,0.00
2024,Census Tract,4117500,50,"1,006","3,432",38,*,5.00,16.33,6.00,7.17,26,4.41,4.20,*,*,*,*,*,*,*,0,0.00,0.00
2024,Census Tract,4118100,17,"2,812","4,131",15,- 0,3.00,4.80,7.00,8.00,10,3.96,5.38,*,*,*,*,*,*,*,0,0.00,0.00
2024,Census Tract,4118500,10,"1,392","1,900",*,*,*,*,*,*,*,*,*,*,*,*,*,- 0,0.00,0.00,0,0.00,0.00
2024,Census Tract,4119100,28,"1,332","1,609",26,*,4.00,4.69,1.08,3.79,15,1.58,2.81,*,*,*,*,*,*,*,0,0.00,0.00
2024,Census Tract,4120500,17,"1,050","3,804",16,*,6.00,6.02,5.25,12.70,13,3.25,5.33,*,*,*,*,*,*,*,0,0.00,0.00
2024,Census Tract,4120701,17,"1,250","1,741",14,- 0,2.00,4.86,2.00,3.81,*,*,*,- 0,*,*,*,*,*,*,0,0.00,0.00
2024,Census Tract,4122703,35,895,"2,865",19,*,5.00,4.84,1.00,2.95,*,*,*,*,*,*,*,*,*,*,0,0.00,0.00
2024,Census Tract,4122704,26,"1,506","3,113",22,*,3.00,2.59,10.02,11.07,19,3.08,4.33,*,*,*,*,*,*,*,0,0.00,0.00
2024,Census Tract,4124100,15,900,"1,656",15,- 0,5.00,4.87,10.00,9.53,12,3.00,3.08,*,- 0,0.00,0.00,- 0,0.00,0.00,0,0.00,0.00
2024,Census Tract,4125700,15,"2,200","2,580",13,*,3.17,4.17,1.00,5.22,*,*,*,*,*,*,*,*,*,*,0,0.00,0.00
2024,Census Tract,4126500,21,"1,500","2,351",18,*,3.00,3.63,5.00,7.59,13,2.16,2.17,*,*,*,*,*,*,*,0,0.00,0.00
2024,Census Tract,4126700,16,"2,010","5,715",16,*,3.33,3.41,7.50,7.88,13,3.41,4.71,*,- 0,0.00,0.00,- 0,0.00,0.00,0,0.00,0.00
2024,Census Tract,4127700,60,"1,200","4,566",48,*,4.00,4.04,5.00,5.98,26,4.00,3.70,*,*,*,*,*,*,*,0,0.00,0.00
2024,Census Tract,4129103,21,"1,900","3,202",21,- 0,6.00,5.95,10.00,11.00,17,3.50,5.02,*,- 0,0.00,0.00,- 0,0.00,0.00,0,0.00,0.00
2024,Census Tract,4129104,22,950,"1,092",17,- 0,3.00,3.29,10.00,11.25,16,5.54,4.92,*,*,*,*,*,*,*,0,0.00,0.00
2024,Census Tract,4130100,12,"6,600","7,281",12,- 0,3.50,3.50,20.01,23.91,12,5.67,6.64,*,- 0,0.00,0.00,- 0,0.00,0.00,0,0.00,0.00
2024,Census Tract,4133300,23,"1,185","1,563",21,- 0,4.00,4.33,13.01,12.79,19,4.25,4.66,*,*,*,*,*,*,*,0,0.00,0.00
2024,Census Tract,4133900,22,850,"1,521",21,*,5.00,5.19,5.00,7.05,15,3.46,3.06,*,*,*,*,*,*,*,0,0.00,0.00
2024,Census Tract,4134100,34,"1,646","2,101",32,- 0,4.08,7.32,1.00,4.69,11,3.42,4.79,*,*,*,*,*,*,*,0,0.00,0.00
2024,Census Tract,4134701,61,"1,639","7,903",58,- 0,6.58,17.90,16.04,21.01,58,4.05,5.04,12,*,*,*,*,*,*,0,0.00,0.00
2024,Census Tract,4136700,38,"1,530","2,631",37,- 0,5.00,5.16,10.01,15.58,31,6.09,5.74,*,*,*,*,*,*,*,0,0.00,0.00
2024,Census Tract,4141700,15,"4,500","6,421",12,- 0,32.00,31.67,5.00,5.50,12,2.00,2.21,*,*,*,*,*,*,*,0,0.00,0.00
2024,Census Tract,4142900,25,"1,000","1,467",21,- 0,4.00,3.71,2.92,4.40,10,3.83,3.01,*,*,*,*,*,*,*,0,0.00,0.00
2024,Census Tract,4143500,17,865,"1,249",17,- 0,3.82,4.50,10.00,7.18,15,3.33,4.29,*,- 0,0.00,0.00,- 0,0.00,0.00,0,0.00,0.00
2024,Census Tract,4144700,35,"2,000","4,063",25,*,3.00,5.50,2.00,4.50,13,3.67,3.93,*,10,1.00,9.63,- 0,0.00,0.00,0,0.00,0.00
2024,Census Tract,4145102,10,815,"1,228",*,- 0,*,*,*,*,*,*,*,*,*,*,*,- 0,0.00,0.00,0,0.00,0.00
2024,Census Tract,4145900,12,"1,050","2,386",*,- 0,*,*,*,*,*,*,*,*,*,*,*,- 0,0.00,0.00,0,0.00,0.00
2024,Census Tract,4146300,38,"1,952","3,375",26,*,4.00,10.92,8.00,8.24,19,2.67,3.07,*,*,*,*,*,*,*,0,0.00,0.00
2024,Census Tract,4146700,87,"1,400","1,911",78,*,4.00,5.75,7.00,7.49,52,1.79,3.84,25,*,*,*,*,*,*,0,0.00,0.00
2024,Census Tract,4147100,28,"2,306","4,359",26,*,4.00,4.99,1.00,4.62,10,2.86,3.88,*,*,*,*,*,*,*,0,0.00,0.00
2024,Census Tract,4147900,99,"1,100","1,676",83,19,4.00,14.04,7.10,7.67,59,3.92,3.86,14,*,*,*,*,*,*,0,0.00,0.00
2024,Census Tract,4150701,13,"1,568","7,006",10,- 0,7.00,19.94,3.25,6.90,*,*,*,*,*,*,*,*,*,*,0,0.00,0.00
2024,Census Tract,4150702,46,"1,914","2,402",43,- 0,4.00,4.49,10.50,14.11,42,4.00,4.52,11,*,*,*,*,*,*,0,0.00,0.00
2024,Census Tract,4152901,16,"1,725","19,348",11,- 0,5.00,5.71,20.01,27.38,11,6.92,12.13,- 0,*,*,*,*,*,*,0,0.00,0.00
2024,Census Tract,4155104,31,"1,800","6,758",30,- 0,4.00,4.17,21.59,23.34,29,6.84,6.96,- 0,*,*,*,*,*,*,0,0.00,0.00
2024,Census Tract,4157101,22,"1,336","1,857",20,- 0,4.00,4.31,10.01,10.18,19,3.58,3.80,*,*,*,*,*,*,*,0,0.00,0.00
2024,Census Tract,4157901,23,"1,037","1,619",22,- 0,4.75,8.15,10.00,13.05,20,6.96,8.48,*,*,*,*,*,*,*,0,0.00,0.00
2024,Census Tract,4157902,14,"1,089","2,046",12,*,3.50,11.67,1.00,3.00,*,*,*,*,*,*,*,*,*,*,0,0.00,0.00
2024,Census Tract,4157903,11,"2,100","4,038",*,- 0,*,*,*,*,*,*,*,*,*,*,*,*,*,*,0,0.00,0.00
2024,Census Tract,4161700,31,"1,200","2,642",18,- 0,3.00,3.42,4.63,8.19,10,2.41,3.22,*,*,*,*,*,*,*,0,0.00,0.00
2024,Census Tract,5000300,58,900,"1,625",45,*,3.00,5.67,1.00,5.06,21,0.75,1.96,10,*,*,*,*,*,*,0,0.00,0.00
2024,Census Tract,5000600,36,"1,439","2,996",30,*,3.00,9.92,1.00,4.60,13,4.59,5.33,*,*,*,*,*,*,*,0,0.00,0.00
2024,Census Tract,5000800,39,"1,800","3,363",32,10,2.00,5.94,4.00,3.71,25,2.00,2.14,19,*,*,*,*,*,*,0,0.00,0.00
2024,Census Tract,5002100,66,"1,588","4,001",47,*,2.07,8.96,1.00,5.35,27,1.83,3.14,13,*,*,*,*,*,*,0,0.00,0.00
2024,Census Tract,5002700,14,"1,610","1,950",*,*,*,*,*,*,*,*,*,*,*,*,*,*,*,*,0,0.00,0.00
2024,Census Tract,5004003,15,"1,500","7,634",11,- 0,2.00,2.00,1.00,4.82,*,*,*,- 0,*,*,*,*,*,*,0,0.00,0.00
2024,Census Tract,5005000,17,"1,232","1,239",11,- 0,4.00,3.69,5.00,7.44,10,3.00,3.94,*,*,*,*,*,*,*,0,0.00,0.00
2024,Census Tract,5006400,36,"1,800","4,099",27,- 0,3.00,5.13,1.00,5.27,*,*,*,*,*,*,*,*,*,*,0,0.00,0.00
2024,Census Tract,5006700,16,976,"2,643",12,- 0,2.00,2.33,1.00,8.16,*,*,*,- 0,*,*,*,*,*,*,0,0.00,0.00
2024,Census Tract,5007001,54,"1,179","2,875",47,- 0,4.00,6.60,5.00,6.96,26,3.44,4.17,10,*,*,*,*,*,*,0,0.00,0.00
2024,Census Tract,5009601,23,"1,950","2,837",20,*,3.00,5.31,1.00,4.87,*,*,*,- 0,*,*,*,*,*,*,0,0.00,0.00
2024,Census Tract,5009602,25,"1,100","2,542",20,- 0,4.21,12.01,2.50,5.73,*,*,*,*,*,*,*,*,*,*,0,0.00,0.00
2024,Census Tract,5010500,25,"1,385","1,715",18,- 0,32.50,27.00,1.00,3.28,17,0.67,0.96,11,*,*,*,*,*,*,0,0.00,0.00
2024,Census Tract,5011201,27,"1,637","1,882",23,*,3.00,5.61,1.00,6.02,*,*,*,*,*,*,*,*,*,*,0,0.00,0.00
2024,Census Tract,5011203,46,"1,376","2,840",31,- 0,2.00,5.16,2.16,4.71,16,3.95,4.08,*,*,*,*,*,*,*,0,0.00,0.00
2024,Census Tract,5011401,31,"1,800","2,632",28,*,4.00,4.37,1.00,4.77,16,0.83,3.20,*,*,*,*,*,*,*,0,0.00,0.00
2024,Census Tract,5011402,16,"1,926","3,496",14,- 0,3.33,3.72,1.50,6.68,*,*,*,*,*,*,*,*,*,*,0,0.00,0.00
2024,Census Tract,5012100,21,"1,400","1,860",19,- 0,4.00,3.32,2.00,2.35,*,*,*,*,*,*,*,*,*,*,0,0.00,0.00
2024,Census Tract,5012200,64,"1,957","2,255",48,*,3.00,3.76,1.00,3.72,17,3.84,4.12,*,*,*,*,*,*,*,0,0.00,0.00
2024,Census Tract,5012500,12,"1,285","1,637",*,- 0,*,*,*,*,*,*,*,- 0,*,*,*,*,*,*,0,0.00,0.00
2024,Census Tract,5012804,58,"2,862","7,223",52,- 0,5.00,6.24,10.59,12.39,51,9.09,8.98,*,*,*,*,*,*,*,0,0.00,0.00
2024,Census Tract,5013203,22,"1,944","2,391",18,*,2.00,1.94,1.00,2.68,*,*,*,*,*,*,*,*,*,*,0,0.00,0.00
2024,Census Tract,5013204,15,"1,400","2,983",12,- 0,5.26,12.82,5.00,9.16,*,*,*,*,*,*,*,*,*,*,0,0.00,0.00
2024,Census Tract,5013302,70,"2,204","3,375",44,*,2.00,5.82,1.00,3.48,*,*,*,*,*,*,*,*,*,*,0,0.00,0.00
2024,Census Tract,5013400,53,"1,400","1,847",43,*,2.20,2.83,1.00,4.27,14,3.92,3.45,*,*,*,*,*,*,*,0,0.00,0.00
2024,Census Tract,5014100,12,"1,068","2,214",*,- 0,*,*,*,*,*,*,*,*,*,*,*,*,*,*,0,0.00,0.00
2024,Census Tract,5014604,57,"1,600","3,041",47,*,5.00,10.75,8.55,8.86,35,2.00,2.71,18,*,*,*,*,*,*,0,0.00,0.00
2024,Census Tract,5014605,16,"1,650","1,953",12,*,3.00,3.00,9.99,9.26,11,3.33,4.02,*,*,*,*,*,*,*,0,0.00,0.00
2024,Census Tract,5014607,39,"1,989","4,272",33,- 0,4.00,4.58,10.08,18.84,30,8.13,8.37,*,*,*,*,*,*,*,0,0.00,0.00
2024,Census Tract,5014700,12,"1,325","2,355",*,*,*,*,*,*,*,*,*,*,*,*,*,*,*,*,0,0.00,0.00
2024,Census Tract,5015100,45,"1,400","2,162",36,*,3.00,4.51,5.04,8.79,22,4.13,5.37,*,*,*,*,*,*,*,0,0.00,0.00
2024,Census Tract,5015601,59,"1,486","2,436",49,*,3.00,4.87,9.92,11.92,31,4.92,5.22,*,*,*,*,*,*,*,0,0.00,0.00
2024,Census Tract,5015602,15,"1,292","1,648",15,- 0,4.00,3.47,1.00,4.31,*,*,*,*,- 0,0.00,0.00,- 0,0.00,0.00,0,0.00,0.00
2024,Census Tract,5015603,17,"1,500","2,436",14,- 0,3.00,13.14,2.50,4.92,*,*,*,*,*,*,*,*,*,*,0,0.00,0.00
2024,Census Tract,5016901,21,"1,260","1,762",19,- 0,8.00,19.81,1.00,4.92,18,0.58,1.13,*,*,*,*,*,*,*,0,0.00,0.00
2024,Census Tract,5017005,30,"1,060","2,065",21,- 0,2.00,2.60,1.00,3.43,*,*,*,*,*,*,*,*,*,*,0,0.00,0.00
2024,Census Tract,5017011,22,"1,325","1,984",18,- 0,3.00,2.83,5.00,6.30,15,2.50,3.05,*,*,*,*,*,*,*,0,0.00,0.00
2024,Census Tract,5018100,33,"1,192","1,694",28,12,2.96,3.23,1.00,2.29,*,*,*,*,*,*,*,*,*,*,0,0.00,0.00
2024,Census Tract,5018701,29,700,"1,060",24,*,2.95,2.56,1.00,3.51,11,1.00,1.65,10,*,*,*,*,*,*,0,0.00,0.00
2024,Census Tract,5018704,19,"1,150","2,896",18,- 0,4.00,4.06,15.16,18.85,17,3.58,4.64,*,*,*,*,*,*,*,0,0.00,0.00
2024,Census Tract,5018901,29,"1,800","2,910",16,*,2.50,6.63,1.00,3.93,*,*,*,*,*,*,*,*,*,*,0,0.00,0.00
2024,Census Tract,5019800,20,880,"1,307",18,- 0,4.00,4.22,5.00,6.86,12,5.15,5.55,*,*,*,*,*,*,*,0,0.00,0.00
2024,Census Tract,5020100,19,"1,480","2,373",12,- 0,3.50,3.42,1.00,2.08,*,*,*,- 0,*,*,*,*,*,*,0,0.00,0.00
2024,Census Tract,5020702,38,"1,500","2,940",27,*,2.00,2.77,4.00,4.49,14,2.14,2.99,*,*,*,*,*,*,*,0,0.00,0.00
2024,Census Tract,5020804,11,"1,000","1,471",*,*,*,*,*,*,*,*,*,*,*,*,*,- 0,0.00,0.00,0,0.00,0.00
2024,Census Tract,5020805,20,"2,068","8,239",15,- 0,3.00,2.65,15.51,16.06,11,4.92,8.69,*,*,*,*,*,*,*,0,0.00,0.00
2024,Census Tract,5020806,38,"1,280","2,408",35,- 0,5.00,4.83,14.97,15.29,35,3.25,4.85,12,*,*,*,*,*,*,0,0.00,0.00
2024,Census Tract,5021300,32,"1,059","2,379",25,- 0,3.00,6.53,1.00,2.70,10,2.35,2.34,*,*,*,*,*,*,*,0,0.00,0.00
2024,Census Tract,5022300,28,"1,765","2,541",22,- 0,2.00,1.95,2.98,2.89,16,1.96,2.05,11,*,*,*,*,*,*,0,0.00,0.00
2024,Census Tract,5022601,23,"2,066","4,448",21,- 0,16.00,18.10,6.00,8.07,13,4.04,3.69,*,*,*,*,*,*,*,0,0.00,0.00
2024,Census Tract,5022602,184,"2,332","6,375",157,*,3.00,5.59,5.00,7.17,101,3.42,4.17,32,*,*,*,*,*,*,0,0.00,0.00
2024,Census Tract,5022801,20,"1,250","2,275",17,- 0,3.03,3.44,5.00,5.65,12,3.17,4.41,*,*,*,*,*,*,*,0,0.00,0.00
2024,Census Tract,5023100,19,"1,750","3,146",15,*,3.00,2.72,8.00,9.74,13,0.67,3.21,*,*,*,*,*,*,*,0,0.00,0.00
2024,Census Tract,5023900,12,"3,100","2,936",*,- 0,*,*,*,*,*,*,*,*,*,*,*,*,*,*,0,0.00,0.00
2024,Census Tract,5024700,42,"2,900","6,396",33,*,3.00,5.91,15.06,17.83,30,4.46,5.70,*,*,*,*,*,*,*,0,0.00,0.00
2024,Census Tract,5024800,98,"1,550","2,338",82,*,3.00,3.26,9.91,10.92,58,4.00,4.11,17,*,*,*,*,*,*,0,0.00,0.00
2024,Census Tract,5027702,92,"4,240","16,103",74,- 0,5.88,12.48,14.01,15.79,66,4.05,4.82,16,*,*,*,*,*,*,*,*,*
2024,Census Tract,5027706,39,"1,500","4,665",35,- 0,4.00,14.34,5.92,6.93,27,2.16,3.76,12,*,*,*,*,*,*,0,0.00,0.00
2024,Census Tract,5027900,12,"1,061","1,068",12,*,3.00,3.00,1.96,3.49,*,*,*,*,- 0,0.00,0.00,- 0,0.00,0.00,0,0.00,0.00
2024,Census Tract,5029102,61,"1,378","7,705",51,*,3.00,7.36,5.00,8.16,34,2.64,3.88,10,*,*,*,*,*,*,0,0.00,0.00
2024,Census Tract,5029104,33,"2,250","4,611",31,*,3.00,4.05,10.01,13.52,24,3.49,5.51,*,*,*,*,*,*,*,0,0.00,0.00
2024,Census Tract,5029105,40,"1,397","2,621",34,*,3.00,3.44,12.68,13.74,26,3.25,3.65,*,*,*,*,*,*,*,0,0.00,0.00
2024,Census Tract,5030302,49,"1,976","4,785",38,- 0,3.00,4.37,9.50,9.06,33,4.20,5.02,*,- 0,0.00,0.00,11,1.00,0.89,0,0.00,0.00
2024,Census Tract,5032300,14,"5,340","13,589",*,*,*,*,*,*,*,*,*,*,*,*,*,*,*,*,0,0.00,0.00
2024,Council District,1,4349,"1,400","2,830","3,588",227,9.00,15.35,7.59,8.94,"2,722",3.84,5.09,754,263,1.00,3.87,498,1.00,1.71,19,1.92,1.97
2024,Council District,2,2747,"1,200","2,616","2,325",114,9.00,11.20,10.01,11.14,"1,863",4.84,5.82,416,137,1.00,8.09,285,1.00,2.12,*,*,*
2024,Council District,3,4240,"1,700","4,138","3,600",132,10.00,22.71,10.08,12.29,"3,091",5.16,6.16,657,114,1.00,6.65,526,1.00,1.90,11,5.84,4.00
2024,Council District,4,4299,"1,642","3,613","3,526",145,13.00,25.61,10.50,13.10,"3,006",5.00,6.00,657,208,2.00,6.69,565,1.00,2.23,11,0.89,1.01
2024,Council District,5,1534,"1,025","2,171","1,351",64,9.00,15.14,10.01,10.90,"1,105",4.42,5.02,304,46,4.48,13.10,137,1.00,1.70,*,*,*
2024,Council District,6,1431,"1,338","4,330","1,253",48,11.00,13.22,10.42,12.97,"1,083",5.09,5.91,214,34,1.50,7.09,144,1.00,2.36,*,*,*
2024,Council District,7,1218,"1,000","2,231","1,089",51,7.00,8.30,10.01,10.67,892,4.16,5.04,219,10,1.00,6.05,119,1.00,1.94,*,*,*
2024,Council District,8,1194,"1,057","3,887","1,012",65,4.67,7.78,6.07,8.50,695,3.16,4.20,232,61,1.00,5.23,121,1.00,1.91,0,0.00,0.00
2024,Council District,9,1132,"1,100","2,574",969,93,5.00,5.78,9.98,9.35,699,4.16,4.85,175,22,2.00,9.74,141,1.34,3.67,0,0.00,0.00
2024,Council District,10,1703,853,"1,796","1,566",59,6.00,6.83,10.00,10.00,"1,205",4.00,4.75,294,21,1.00,1.37,116,1.00,1.63,*,*,*
2024,Council District,11,991,"1,065","2,300",886,45,4.00,5.00,7.00,9.54,628,3.67,4.33,193,30,1.00,11.88,75,1.00,2.56,0,0.00,0.00
2024,Council District,12,681,"1,120","5,889",616,60,3.00,3.35,5.67,8.70,422,3.58,4.53,128,44,1.00,7.77,21,1.00,1.09,0,0.00,0.00
2024,Council District,13,875,"1,200","2,617",761,38,3.00,3.68,5.01,8.07,518,3.08,4.13,170,76,1.00,5.12,38,1.00,1.75,0,0.00,0.00
2024,Council District,14,907,950,"1,964",843,35,4.75,5.36,6.00,7.88,649,2.83,3.79,245,16,6.83,10.52,48,1.00,1.94,*,*,*
2024,Council District,15,1159,"1,000","2,522","1,029",63,4.00,4.50,7.00,8.76,792,2.83,3.66,304,40,1.00,7.79,90,1.00,1.62,*,*,*
2024,Council District,16,904,977,"2,245",823,51,4.00,4.95,7.17,9.01,633,3.00,3.68,228,22,1.00,4.63,59,1.00,1.28,0,0.00,0.00
2024,Council District,17,1257,"1,133","3,050","1,135",75,4.00,4.77,6.00,8.37,815,2.92,3.92,295,38,1.00,3.72,84,1.00,1.52,*,*,*
2024,Council District,18,798,"1,080","3,086",702,22,3.17,4.07,7.52,8.99,555,3.33,4.18,178,40,1.00,6.08,56,1.00,1.74,0,0.00,0.00
2024,Council District,19,1177,"1,340","3,400","1,013",90,4.00,7.51,6.00,8.68,673,3.58,4.41,197,107,1.00,7.63,57,1.00,1.26,*,*,*
2024,Council District,20,1549,"1,287","3,366","1,344",115,5.00,8.63,5.00,7.44,922,3.08,4.11,314,104,1.00,4.01,101,1.00,1.35,0,0.00,0.00
2024,Council District,21,1012,"1,100","2,118",910,65,5.00,5.68,5.00,6.75,530,2.89,3.67,189,52,1.00,4.84,50,1.00,2.33,*,*,*
2024,Council District,22,1288,"1,300","2,525","1,093",49,4.00,4.72,5.00,7.95,744,3.25,4.03,232,120,1.00,5.40,75,1.00,1.82,*,*,*
2024,Council District,23,550,"1,300","3,914",468,23,4.00,7.03,10.01,13.38,378,4.09,5.42,96,35,1.00,6.42,47,1.00,1.32,0,0.00,0.00
2024,Council District,24,678,"1,200","3,081",596,37,4.00,4.85,5.25,8.27,376,3.67,4.53,108,43,1.00,7.92,39,1.00,1.93,0,0.00,0.00
2024,Council District,25,1150,"1,125","3,225","1,056",64,7.00,13.36,6.25,9.22,740,3.42,4.45,236,51,1.00,5.74,43,1.00,1.79,0,0.00,0.00
2024,Council District,26,1387,"1,556","4,756","1,187",74,4.00,4.69,6.17,8.29,820,3.42,4.47,277,104,1.00,7.75,96,1.00,1.47,0,0.00,0.00
2024,Council District,27,861,"1,400","3,885",697,91,3.00,6.27,5.08,8.63,461,3.00,4.61,166,81,1.00,9.25,83,1.84,1.77,0,0.00,0.00
2024,Council District,28,357,"1,200","2,481",300,64,3.00,4.10,2.99,6.55,156,2.58,4.69,63,43,1.00,5.45,14,1.00,1.14,0,0.00,0.00
2024,Council District,29,1055,"1,200","2,599",903,74,4.00,5.25,7.92,9.88,638,3.33,4.53,226,81,1.00,5.50,71,1.00,1.61,*,*,*
2024,Council District,30,777,"1,300","3,547",632,58,3.00,4.07,5.00,8.06,410,3.21,4.59,150,111,1.00,5.18,34,1.00,3.09,0,0.00,0.00
2024,Council District,31,496,"1,384","3,664",420,44,3.00,4.45,5.00,8.53,244,3.13,3.98,83,36,1.00,4.22,40,1.00,1.38,0,0.00,0.00
2024,Council District,32,660,"1,700","3,820",534,35,3.00,4.14,6.00,8.79,370,3.00,4.35,127,67,1.00,10.59,59,1.00,1.81,*,*,*
2024,Council District,33,1922,"1,600","4,253","1,617",93,7.00,16.61,9.25,8.86,"1,107",4.16,5.13,291,102,1.00,8.01,203,1.00,1.78,*,*,*
2024,Council District,34,1499,"1,408","2,794","1,267",105,4.00,7.19,6.00,7.79,874,3.67,4.51,280,106,1.00,4.87,126,1.00,1.27,*,*,*
2024,Council District,35,766,"1,118","3,368",647,45,5.00,5.39,7.50,8.87,449,3.84,4.44,133,38,1.00,5.74,81,1.00,1.43,0,0.00,0.00
2024,Council District,36,657,"1,190","2,128",554,32,4.00,4.08,6.42,7.97,410,3.52,4.47,128,28,1.00,3.59,75,1.00,1.67,0,0.00,0.00
2024,Council District,37,706,"1,250","2,510",593,49,4.00,7.30,5.00,7.51,396,3.00,3.97,147,67,1.00,5.18,46,1.00,1.65,0,0.00,0.00
2024,Council District,38,1386,"1,500","3,676","1,166",77,3.00,6.29,3.00,5.39,612,2.75,3.85,247,110,1.00,7.82,110,1.00,1.14,0,0.00,0.00
2024,Council District,39,982,"1,153","2,168",833,60,5.00,5.38,6.00,8.09,560,3.50,4.49,169,77,1.00,8.07,72,1.00,1.17,*,*,*
2024,Council District,40,828,"1,000","2,344",748,74,4.00,7.02,6.00,7.93,506,3.00,3.91,174,29,1.00,4.65,51,1.00,1.26,0,0.00,0.00
2024,Council District,41,684,"1,200","2,468",582,55,3.00,4.22,6.00,7.84,375,3.08,3.91,128,63,1.00,6.31,39,1.00,1.75,0,0.00,0.00
2024,Council District,42,453,"1,905","6,276",395,25,3.00,5.60,6.00,9.50,265,3.00,4.49,89,28,2.00,3.92,30,1.08,2.58,0,0.00,0.00
2024,Council District,43,1108,"1,200","2,037",984,79,4.00,5.49,5.00,5.70,572,2.75,3.78,226,76,1.00,8.75,48,1.00,1.46,*,*,*
2024,Council District,44,848,"1,288","2,344",736,66,3.00,4.94,6.00,8.93,454,3.00,4.75,166,88,2.00,10.39,24,1.00,1.10,0,0.00,0.00
2024,Council District,45,667,"1,331","3,197",561,43,3.00,3.76,5.01,8.05,352,3.00,5.04,129,61,1.00,9.24,45,1.00,1.34,0,0.00,0.00
2024,Council District,46,674,"1,667","4,166",588,40,3.08,4.95,5.59,8.88,401,3.00,4.09,129,40,2.05,12.35,46,1.00,1.83,*,*,*
2024,Council District,47,804,"1,255","3,146",691,47,4.00,5.07,5.00,7.72,434,3.00,4.17,159,66,1.00,9.65,47,1.00,1.38,*,*,*
2024,Council District,48,1002,"1,400","2,438",876,63,4.00,5.24,5.00,7.06,464,3.50,4.39,131,61,1.00,5.86,65,1.00,1.56,*,*,*
2024,Council District,49,737,"1,600","3,783",544,34,3.00,6.92,3.00,6.55,318,2.00,3.82,130,106,1.00,5.52,87,1.00,1.97,0,0.00,0.00
2024,Council District,50,863,"1,500","3,283",693,41,3.00,5.07,3.54,7.04,363,3.75,5.04,99,123,1.00,2.15,47,1.00,1.26,0,0.00,0.00
2024,Council District,51,848,"1,800","5,122",709,15,4.00,6.70,8.00,9.87,497,3.52,4.60,147,100,1.00,4.87,39,1.00,3.85,*,*,*
