w_geocode,borough,latitude,longitude,total_jobs,office_jobs,higher_earning_jobs
360470001001000,Brooklyn,40.70248099999999,-73.99412775094112,31,0,15
360470001001001,Brooklyn,40.702656,-73.99459515959032,47,0,32
360470001001002,Brooklyn,40.701404,-73.99417557584269,2,2,1
360470001001005,Brooklyn,40.702196,-73.99343984800218,39,24,25
360470001001007,Brooklyn,40.701053,-73.99618380569854,129,20,74
360470001001009,Brooklyn,40.700479,-73.99481406908397,12,0,8
360470001001010,Brooklyn,40.700277,-73.99394027603053,40,0,25
360470001001011,Brooklyn,40.700849999999996,-73.9936789516129,1,0,1
360470001002000,Brooklyn,40.6996245,-73.99424085018113,5,1,5
360470001002001,Brooklyn,40.699863,-73.99509776014,8,4,2
360470001002002,Brooklyn,40.69921,-73.99540297756249,12,1,6
360470001002003,Brooklyn,40.69904749999999,-73.99451477631578,9,0,5
360470001003000,Brooklyn,40.701814,-73.99250418280275,11,11,10
360470001003001,Brooklyn,40.7012445,-73.99227160132378,5,0,2
360470001003002,Brooklyn,40.700588499999995,-73.99240725787968,38,0,13
360470001003003,Brooklyn,40.6999425,-73.99271555187215,156,31,112
360470001003004,Brooklyn,40.69928949999999,-73.99302828808976,95,2,49
360470001003005,Brooklyn,40.69864,-73.99334255555556,103,5,38
360470001004000,Brooklyn,40.700472,-73.99118052102804,14,11,8
360470001004001,Brooklyn,40.698969999999996,-73.99181446192154,75,21,33
360470001004002,Brooklyn,40.6976185,-73.99217059286113,67,22,33
360470002001000,Brooklyn,40.655998,-74.00798689328153,2009,1547,1234
360470002001001,Brooklyn,40.655167500000005,-74.00884302748219,527,0,322
360470002001004,Brooklyn,40.653935000000004,-74.00789538430547,18,0,6
360470002001005,Brooklyn,40.6515255,-74.01037391668234,106,2,69
360470002001007,Brooklyn,40.651090999999994,-74.01117084854828,7,7,4
360470002001008,Brooklyn,40.6531875,-74.01086867790588,207,1,152
360470002001009,Brooklyn,40.6545225,-74.0130791036612,450,0,298
360470002001010,Brooklyn,40.6539675,-74.01365902664395,133,0,71
360470002001011,Brooklyn,40.6526255,-74.01144415027915,97,10,49
360470002001012,Brooklyn,40.652064499999994,-74.01202758082198,285,153,143
360470002001013,Brooklyn,40.6515035,-74.01260928521984,71,33,26
360470002001014,Brooklyn,40.6509455,-74.01319716468966,68,14,29
360470002001015,Brooklyn,40.6503855,-74.01378302698413,144,42,91
360470002001016,Brooklyn,40.654289,-74.0096382913845,110,46,57
360470002001017,Brooklyn,40.6537505,-74.01029073646586,145,0,51
360470002001018,Brooklyn,40.6498345,-74.01211162234043,4,1,2
360470003011000,Brooklyn,40.698562499999994,-73.99571847087564,21,16,15
360470003011001,Brooklyn,40.697226,-73.99633360906591,295,209,191
360470003012000,Brooklyn,40.698328000000004,-73.99487055794066,9,5,5
360470003012001,Brooklyn,40.697132999999994,-73.99544831683417,35,14,21
360470003013000,Brooklyn,40.695768,-73.99646500964931,70,32,46
360470003013001,Brooklyn,40.695102,-73.99677705521935,88,1,45
360470003014000,Brooklyn,40.6951525,-73.999385934184,210,0,168
360470003014002,Brooklyn,40.69457,-73.99744941057233,23,3,10
360470003014003,Brooklyn,40.6943,-73.99822708503837,62,25,47
360470003015002,Brooklyn,40.698752999999996,-73.99647191185417,4,4,3
360470003015003,Brooklyn,40.697435,-73.99705296592316,31,12,23
360470003015004,Brooklyn,40.6961355,-73.9975825604651,248,4,198
360470003015005,Brooklyn,40.6954635,-73.99789503821394,10,0,5
360470005011000,Brooklyn,40.6979925,-73.99365765073858,239,170,145
360470005011001,Brooklyn,40.696918999999994,-73.99417398695489,111,26,56
360470005012000,Brooklyn,40.6960085,-73.99484780496853,37,17,21
360470005012001,Brooklyn,40.695342,-73.9949175819672,103,31,38
360470005013000,Brooklyn,40.6946495,-73.99524740644695,131,6,57
360470005013001,Brooklyn,40.69382,-73.99564380218501,34,22,18
360470005021000,Brooklyn,40.696121,-73.99208578553922,65,19,41
360470005021001,Brooklyn,40.696704499999996,-73.9928772476415,621,7,457
360470005021002,Brooklyn,40.6955965,-73.9913629108456,396,164,309
360470005022000,Brooklyn,40.694869499999996,-73.99319923099851,177,24,65
360470005022001,Brooklyn,40.694198,-73.99352146964154,335,60,148
360470005022002,Brooklyn,40.693376,-73.9939115196113,71,28,38
360470007001000,Brooklyn,40.692969,-73.99829707338039,4,1,1
360470007001001,Brooklyn,40.692493,-73.99915778887689,48,3,28
360470007001003,Brooklyn,40.6926795,-73.99966095751391,24,24,17
360470007001004,Brooklyn,40.6931575,-74.00033344543974,135,75,94
360470007001005,Brooklyn,40.693006499999996,-74.00104096741705,13,0,11
360470007001006,Brooklyn,40.69130199999999,-73.99685508396485,156,42,61
360470007002000,Brooklyn,40.692392999999996,-73.99590321773374,16,0,9
360470007002001,Brooklyn,40.692576,-73.99670574028059,14,7,6
360470007002002,Brooklyn,40.692763,-73.99752927081413,38,9,32
360470007003000,Brooklyn,40.6926785,-73.99376435044077,157,51,99
360470007003001,Brooklyn,40.691925499999996,-73.99518866653364,9,0,4
360470007003002,Brooklyn,40.6908275,-73.99513928875379,229,19,107
360470007003003,Brooklyn,40.69173549999999,-73.99421998903509,16,4,5
360470009001000,Brooklyn,40.6944185,-73.99149046416392,1098,436,723
360470009001001,Brooklyn,40.69367,-73.99159329404938,2521,1566,1423
360470009001002,Brooklyn,40.6933265,-73.99230586396575,2348,504,1241
360470009001003,Brooklyn,40.6923515,-73.99220656972543,614,73,415
360470009001004,Brooklyn,40.691858499999995,-73.99070112773722,3981,1073,2020
360470009001008,Brooklyn,40.691015,-73.99059975142224,313,175,184
360470009001009,Brooklyn,40.691565999999995,-73.99259208460222,128,10,34
360470009002000,Brooklyn,40.690692999999996,-73.99134099074074,919,56,243
360470009002001,Brooklyn,40.690945,-73.99289385707651,20,10,12
360470009002002,Brooklyn,40.690292,-73.99320689627254,149,5,51
360470009002003,Brooklyn,40.6897335,-73.99126192290076,505,22,227
360470011001000,Brooklyn,40.6940715,-73.98618704510274,14918,5502,11789
360470011001001,Brooklyn,40.6934545,-73.98803122327286,4639,169,3886
360470011001003,Brooklyn,40.6933915,-73.98979463317497,212,7,187
360470011001004,Brooklyn,40.691948499999995,-73.98839976923077,115,9,32
360470011001005,Brooklyn,40.6920225,-73.98776366982057,394,6,228
360470011001006,Brooklyn,40.6918265,-73.98680785976202,140,20,40
360470011001007,Brooklyn,40.6925975,-73.98676607429715,490,25,369
360470011001008,Brooklyn,40.6934395,-73.98671861958354,16,0,0
360470011001010,Brooklyn,40.6925605,-73.98575623781379,206,163,152
360470011001011,Brooklyn,40.691604,-73.98580633227135,481,58,301
360470013001000,Brooklyn,40.6987715,-73.98848856194095,70,39,56
360470013001001,Brooklyn,40.69616,-73.98789688461538,2,2,2
360470013001002,Brooklyn,40.6982255,-73.98772047840632,189,57,160
360470013001003,Brooklyn,40.698,-73.98648854189716,59,14,35
360470013001005,Brooklyn,40.697885,-73.9855330234375,565,85,457
360470013001006,Brooklyn,40.6978905,-73.98517907578503,22,0,14
360470013001007,Brooklyn,40.6974185,-73.98513203145727,1,1,1
360470013001008,Brooklyn,40.69703,-73.98608443937724,979,52,840
360470013001009,Brooklyn,40.696493,-73.98598399688939,11,0,1
360470013001011,Brooklyn,40.6955575,-73.9861188447751,301,0,278
360470013001013,Brooklyn,40.695519,-73.98786394345743,2745,157,1413
360470013001019,Brooklyn,40.698204499999996,-73.99065343428931,33,0,11
360470013001020,Brooklyn,40.695584999999994,-73.98952804688179,72,51,52
360470013001024,Brooklyn,40.6979015,-73.98939437953041,363,67,317
360470013002001,Brooklyn,40.700445,-73.98743690238808,128,96,103
360470013002002,Brooklyn,40.700462,-73.98822786872694,803,0,795
360470013002005,Brooklyn,40.699469,-73.9873584037415,73,63,58
360470015011000,Brooklyn,40.69793299999999,-73.98355487663918,34,2,23
360470015011001,Brooklyn,40.6980155,-73.98448786777635,90,13,52
360470015011002,Brooklyn,40.696845499999995,-73.98446743232792,217,8,188
360470015011003,Brooklyn,40.696912999999995,-73.9836159110298,10,6,6
360470015011004,Brooklyn,40.6967585,-73.98275433422972,65,18,23
360470015011010,Brooklyn,40.695347,-73.98283472970729,521,41,434
360470015011011,Brooklyn,40.695138,-73.98362800272233,510,15,417
360470015012005,Brooklyn,40.695077999999995,-73.9804610287504,7,0,0
360470015012006,Brooklyn,40.695275499999994,-73.9818060472786,83,0,59
360470015012007,Brooklyn,40.694591,-73.98217388200918,41,28,28
360470015012009,Brooklyn,40.6952665,-73.98095441309762,52,52,50
360470015012010,Brooklyn,40.693766999999994,-73.98173640756303,19,0,10
360470015012012,Brooklyn,40.694126999999995,-73.98006508636362,3,0,0
360470015021000,Brooklyn,40.694076499999994,-73.98293250772402,151,63,81
360470015021004,Brooklyn,40.69414449999999,-73.98452843828991,48,0,44
360470015021005,Brooklyn,40.6926225,-73.98260522969923,133,54,93
360470015021007,Brooklyn,40.692476,-73.98311690586314,294,0,60
360470015021011,Brooklyn,40.690594499999996,-73.9826798839477,1289,367,411
360470015021012,Brooklyn,40.6911895,-73.98391742299091,93,2,36
360470015021014,Brooklyn,40.692542,-73.98478922732241,111,84,92
360470015021015,Brooklyn,40.691394,-73.98484980543512,410,125,246
360470015021017,Brooklyn,40.69261949999999,-73.98210018858614,333,193,252
360470015021018,Brooklyn,40.691834,-73.98205560488125,9,6,3
360470018010001,Brooklyn,40.667359,-74.00155094893915,1,0,1
360470018011003,Brooklyn,40.665565,-73.99907033083832,1206,174,793
360470018011008,Brooklyn,40.664632999999995,-73.99678364438503,11,0,4
360470018011009,Brooklyn,40.6613105,-74.00023891586345,300,5,78
360470018011010,Brooklyn,40.66054,-74.00329086126817,4,1,2
360470018012000,Brooklyn,40.6599485,-74.00387448792529,145,0,126
360470018021000,Brooklyn,40.659279999999995,-74.00896997038082,22,0,17
360470018021001,Brooklyn,40.656575,-74.00740207785014,1150,349,784
360470018021002,Brooklyn,40.658250499999994,-74.00565692079424,162,145,82
360470018021003,Brooklyn,40.657692499999996,-74.00623956080993,392,205,287
360470018021004,Brooklyn,40.6571315,-74.0068129547461,454,133,300
360470018021006,Brooklyn,40.659403999999995,-74.00447678056742,91,12,70
360470018021009,Brooklyn,40.657146499999996,-74.00452289276123,1544,318,486
360470018021010,Brooklyn,40.657854,-74.01430272309216,186,30,149
360470018021011,Brooklyn,40.655371,-74.0121941443371,1139,128,597
360470018031000,Brooklyn,40.653492,-74.01891424102871,412,15,294
360470018031001,Brooklyn,40.6511585,-74.01657241066223,159,2,69
360470018031002,Brooklyn,40.650036,-74.01773930743038,138,3,93
360470018031003,Brooklyn,40.650597,-74.01715519341309,71,20,32
360470018031004,Brooklyn,40.653398499999994,-74.0142336873856,1,0,0
360470018031005,Brooklyn,40.652281,-74.01540518696301,641,3,368
360470018031006,Brooklyn,40.6485315,-74.02301089705881,570,2,271
360470018031007,Brooklyn,40.647797,-74.02006637567237,6156,51,1757
360470018031008,Brooklyn,40.648358,-74.01948497948187,101,0,57
360470018031010,Brooklyn,40.6494775,-74.0183228807843,134,15,87
360470018041000,Brooklyn,40.644319499999995,-74.02493863051157,2840,539,1449
360470020001000,Brooklyn,40.649822,-74.01435762652329,182,22,131
360470020001001,Brooklyn,40.649266,-74.01494418103798,436,10,204
360470020001002,Brooklyn,40.648702,-74.01552084128556,103,30,74
360470020001003,Brooklyn,40.648151999999996,-74.01612134807255,259,48,161
360470020001006,Brooklyn,40.6483655,-74.01359023725729,20,0,7
360470020002000,Brooklyn,40.647591500000004,-74.0167018044005,175,1,122
360470020002001,Brooklyn,40.647026,-74.01728435249436,226,17,141
360470020002002,Brooklyn,40.6464565,-74.01785969693441,55,6,28
360470020002006,Brooklyn,40.6455885,-74.01647722867513,4,0,1
360470020002007,Brooklyn,40.646593499999994,-74.01546289175008,36,0,7
360470021001001,Brooklyn,40.704381999999995,-73.99258696644385,834,356,650
360470021001003,Brooklyn,40.70361,-73.994423600894,100,0,71
360470021001004,Brooklyn,40.702872,-73.99368096169917,110,6,47
360470021001008,Brooklyn,40.7020825,-73.99154027589515,365,0,312
360470021001009,Brooklyn,40.702890499999995,-73.99153988248503,669,353,474
360470021001010,Brooklyn,40.702890499999995,-73.99001838789061,1380,833,1018
360470021001011,Brooklyn,40.7035315,-73.9900021567965,84,46,62
360470021001017,Brooklyn,40.7020825,-73.99040788822246,79,27,40
360470021002000,Brooklyn,40.7045035,-73.98772617336192,379,229,291
360470021002005,Brooklyn,40.7041385,-73.98798358221225,44,19,23
360470021002006,Brooklyn,40.704111999999995,-73.98705603001034,1732,1194,1463
360470021002007,Brooklyn,40.703450499999995,-73.98710353971731,61,25,23
360470021002008,Brooklyn,40.703467499999995,-73.98785563927098,64,13,49
360470021002009,Brooklyn,40.702867999999995,-73.98721994645494,727,300,387
360470021002014,Brooklyn,40.703149999999994,-73.98853858739503,198,123,148
360470021002015,Brooklyn,40.7034995,-73.9891434890269,33,32,27
360470021002017,Brooklyn,40.702816999999996,-73.9889979046875,925,715,827
360470021002018,Brooklyn,40.7020485,-73.98904670520521,76,36,47
360470021002019,Brooklyn,40.70218199999999,-73.98822779888268,80,68,69
360470021002024,Brooklyn,40.700945000000004,-73.9881966385077,590,406,465
360470021002025,Brooklyn,40.7008955,-73.98746576932278,28,5,23
360470021002028,Brooklyn,40.7013465,-73.98697329256079,563,9,315
360470021002029,Brooklyn,40.7018615,-73.98710065328873,132,14,50
360470021003000,Brooklyn,40.705031,-73.98286097326454,14,1,12
360470021003001,Brooklyn,40.70405099999999,-73.98559361826189,331,259,257
360470021003003,Brooklyn,40.703925999999996,-73.9818282112462,3,3,2
360470021003005,Brooklyn,40.703302,-73.9805993257874,5,1,2
360470021003007,Brooklyn,40.7033275,-73.98366945174772,97,25,41
360470021003008,Brooklyn,40.703395,-73.98563603802398,182,121,97
360470021003009,Brooklyn,40.702727499999995,-73.9856764860688,126,36,91
360470021003010,Brooklyn,40.702659499999996,-73.98372890707964,599,486,417
360470021003011,Brooklyn,40.702597999999995,-73.98196257701206,51,6,30
360470021003012,Brooklyn,40.70214,-73.98079537622041,4,2,3
360470021003013,Brooklyn,40.701635499999995,-73.98191591962612,144,28,102
360470021003014,Brooklyn,40.701863,-73.98378111996419,80,4,24
360470021003015,Brooklyn,40.70194,-73.98572578423706,24,5,22
360470021003016,Brooklyn,40.701069,-73.98569266473318,8,4,4
360470022001000,Brooklyn,40.647237000000004,-74.02064800000001,28,0,16
360470022001001,Brooklyn,40.646677499999996,-74.02122924034182,5363,42,4634
360470022001002,Brooklyn,40.646118,-74.02181164473684,2035,0,474
360470022001003,Brooklyn,40.645545999999996,-74.02241159519131,108,0,65
360470022001004,Brooklyn,40.645914999999995,-74.01844085602872,14,0,7
360470022001005,Brooklyn,40.6453895,-74.01905955696775,17,5,6
360470022001008,Brooklyn,40.6448105,-74.01725897046617,25,0,3
360470022002000,Brooklyn,40.6448135,-74.01961944296838,24,0,4
360470022002001,Brooklyn,40.64428649999999,-74.02022166557008,231,9,170
360470022002002,Brooklyn,40.643717499999994,-74.02083257756162,73,4,39
360470022002003,Brooklyn,40.643164,-74.02143809519075,64,0,18
360470022003000,Brooklyn,40.642566,-74.02201682728082,17,1,5
360470022003001,Brooklyn,40.6419715,-74.02257479082444,13,11,6
360470022003002,Brooklyn,40.64135999999999,-74.02307814750752,3,2,0
360470022003003,Brooklyn,40.6409145,-74.02387453497123,8,8,7
360470022003010,Brooklyn,40.6417495,-74.02056178093345,2,0,1
360470022003011,Brooklyn,40.641138999999995,-74.02170535377141,11,0,1
360470022004000,Brooklyn,40.6404505,-74.0256679768977,2,2,0
360470022004003,Brooklyn,40.639613,-74.02455534016869,18,18,15
360470023001000,Brooklyn,40.7009745,-73.98383321600497,25,20,16
360470023002000,Brooklyn,40.700312,-73.98168119405796,11,10,4
360470023003000,Brooklyn,40.699040499999995,-73.98174686532008,224,43,194
360470023003007,Brooklyn,40.6978725,-73.9815124643273,38,0,33
360470029011006,Brooklyn,40.693943000000004,-73.97828272333273,24,24,22
360470029012003,Brooklyn,40.695178,-73.97764896691044,150,0,121
360470029012004,Brooklyn,40.695242,-73.9766873104663,537,1,485
360470029012007,Brooklyn,40.693636999999995,-73.97673827183343,58,47,49
360470030001002,Brooklyn,40.6393135,-74.02770121892164,4,3,1
360470030001004,Brooklyn,40.6399845,-74.0293618686984,3,2,3
360470030001005,Brooklyn,40.638884,-74.02911586379024,10,1,3
360470030002000,Brooklyn,40.638211999999996,-74.02944692015552,8,2,6
360470030002001,Brooklyn,40.637412499999996,-74.02977356019522,21,12,4
360470031011000,Brooklyn,40.6925125,-73.97834387256809,277,23,214
360470031011001,Brooklyn,40.692494999999994,-73.98037702218934,99,37,53
360470031011002,Brooklyn,40.69332,-73.98208516848675,15,13,14
360470031012000,Brooklyn,40.69060999999999,-73.98023194545453,1061,8,441
360470031012001,Brooklyn,40.6919125,-73.98166241203702,50,0,12
360470031013000,Brooklyn,40.69077299999999,-73.97804098519799,50,19,39
360470033001000,Brooklyn,40.6884445,-73.975356686722,162,78,113
360470033001001,Brooklyn,40.6884605,-73.97634847281901,903,1,743
360470033002000,Brooklyn,40.688654,-73.97729729801037,21,9,8
360470033002001,Brooklyn,40.688839,-73.97811747656212,2874,23,2227
360470033002002,Brooklyn,40.6890425,-73.97895413983801,338,2,170
360470033002003,Brooklyn,40.6892505,-73.97988282859959,105,55,58
360470033002004,Brooklyn,40.6893835,-73.98073385293289,1352,1274,1125
360470033002006,Brooklyn,40.689498,-73.98189858618952,319,4,178
360470033002008,Brooklyn,40.687346,-73.97871428341986,437,18,154
360470033002009,Brooklyn,40.6877995,-73.97969192190465,562,395,409
360470033002011,Brooklyn,40.68722699999999,-73.97784563830798,12,0,3
360470034001006,Brooklyn,40.6383345,-74.03275552890003,6,3,3
360470034001007,Brooklyn,40.63878149999999,-74.03415963830787,11,2,2
360470034001008,Brooklyn,40.639088,-74.03518968328007,137,62,105
360470034001009,Brooklyn,40.6379465,-74.03146842649585,9,2,3
360470034002000,Brooklyn,40.6373915,-74.03325392361613,11,0,5
360470034002001,Brooklyn,40.637519999999995,-74.0324272580645,137,122,22
360470034002002,Brooklyn,40.637784499999995,-74.03506457930162,12,3,7
360470034002003,Brooklyn,40.636829,-74.03329533512911,19,1,10
360470034003000,Brooklyn,40.636152499999994,-74.03352767759299,6,4,2
360470034003001,Brooklyn,40.6366885,-74.03549559652912,192,0,136
360470034003002,Brooklyn,40.63604599999999,-74.03596273543602,11,7,7
360470034003003,Brooklyn,40.6354505,-74.03351801388567,1,0,1
360470035001000,Brooklyn,40.686081,-73.97629183178654,202,19,141
360470035001001,Brooklyn,40.6860075,-73.97762271307832,788,47,330
360470035001002,Brooklyn,40.685740499999994,-73.9783472086682,248,19,89
360470035001003,Brooklyn,40.684458,-73.97690773769575,2562,1173,1417
360470035001004,Brooklyn,40.684643,-73.97561314922746,688,10,162
360470035002000,Brooklyn,40.686533,-73.97473234920633,117,3,43
360470035002001,Brooklyn,40.685911000000004,-73.97485608801776,73,5,26
360470035002002,Brooklyn,40.684698999999995,-73.97462408949914,246,110,124
360470036001000,Brooklyn,40.63660949999999,-74.03010513581381,30,3,13
360470036001001,Brooklyn,40.635734,-74.03143318321617,32,0,16
360470036001002,Brooklyn,40.635696499999995,-74.03047831818597,1,0,0
360470036001003,Brooklyn,40.63562,-74.02953773502304,1,0,1
360470036002000,Brooklyn,40.634814,-74.03083693274854,27,4,10
360470036002001,Brooklyn,40.634131499999995,-74.03111307616149,20,15,10
360470036003000,Brooklyn,40.6334515,-74.03139343699246,3,0,0
360470036003001,Brooklyn,40.632763,-74.03167303661442,9,1,3
360470037001000,Brooklyn,40.688148,-73.98083531244859,2367,11,2265
360470037001001,Brooklyn,40.688554999999994,-73.98176678174542,232,13,123
360470037001002,Brooklyn,40.689103,-73.98271815921301,284,17,168
360470037001003,Brooklyn,40.689451,-73.98379217390192,282,29,155
360470037001004,Brooklyn,40.689887,-73.98490481136965,140,12,41
360470037001005,Brooklyn,40.69036199999999,-73.98610318718704,413,25,165
360470037001006,Brooklyn,40.690785999999996,-73.98719842573342,472,14,250
360470037001007,Brooklyn,40.691289,-73.98813271840132,226,9,164
360470037001008,Brooklyn,40.691569,-73.9887528571554,58,15,27
360470037001009,Brooklyn,40.687166999999995,-73.98052493864117,110,72,88
360470037001010,Brooklyn,40.68806,-73.9826937346636,632,172,367
360470037001011,Brooklyn,40.688905,-73.98486837067688,779,58,626
360470037001012,Brooklyn,40.689750000000004,-73.987022173627,754,171,518
360470037001013,Brooklyn,40.690400999999994,-73.9887789820437,440,12,364
360470038001001,Brooklyn,40.635014,-74.03626178529412,10,3,5
360470038001002,Brooklyn,40.6347775,-74.03781256053242,1,1,0
360470038001006,Brooklyn,40.633399499999996,-74.03435500405416,5,4,4
360470038001007,Brooklyn,40.6338795,-74.0362224219653,3,3,1
360470039001000,Brooklyn,40.685577499999994,-73.97891608080808,2,0,0
360470039001001,Brooklyn,40.686302,-73.98059812860893,117,4,102
360470039001002,Brooklyn,40.68602249999999,-73.98146654166665,235,32,143
360470039001003,Brooklyn,40.68503,-73.9790517750269,127,40,73
360470039002000,Brooklyn,40.685387500000004,-73.981897,90,5,40
360470039002001,Brooklyn,40.6847525,-73.98232756536697,105,0,90
360470039002002,Brooklyn,40.6841175,-73.98275760843461,381,18,316
360470039003000,Brooklyn,40.68454199999999,-73.97973302206672,366,103,224
360470039003001,Brooklyn,40.6839065,-73.9801517443995,315,18,261
360470039003002,Brooklyn,40.6832715,-73.98057991329694,220,14,166
360470041001000,Brooklyn,40.68744699999999,-73.98310843980403,301,3,210
360470041001001,Brooklyn,40.688516,-73.98533612002964,70,24,39
360470041001002,Brooklyn,40.68815049999999,-73.98537875829811,3,0,0
360470041001003,Brooklyn,40.6876685,-73.98569965484505,148,18,57
360470041001004,Brooklyn,40.6868255,-73.9835305806942,144,34,117
360470041002000,Brooklyn,40.687034,-73.98612922028076,167,56,93
360470041002001,Brooklyn,40.686398999999994,-73.986559,260,7,223
360470041002002,Brooklyn,40.6857645,-73.9869891589816,109,9,88
360470041003000,Brooklyn,40.686189999999996,-73.98395990323432,74,8,26
360470041003001,Brooklyn,40.6855555,-73.98439065913847,13,9,13
360470041003002,Brooklyn,40.68492,-73.98482024462743,31,9,16
360470043001000,Brooklyn,40.6891725,-73.98970447543581,180,0,156
360470043002000,Brooklyn,40.689132,-73.98743572600395,127,27,66
360470043002001,Brooklyn,40.6897875,-73.98919529609134,249,53,199
360470043002002,Brooklyn,40.6885115,-73.98786774234256,138,62,68
360470043003000,Brooklyn,40.6878825,-73.98830740471126,105,16,72
360470043003001,Brooklyn,40.686927999999995,-73.98790891226024,3,2,3
360470043003002,Brooklyn,40.6873525,-73.98899116638259,232,0,124
360470043003003,Brooklyn,40.6865965,-73.98911346391152,105,2,54
360470043004000,Brooklyn,40.6885865,-73.99011552831458,191,13,62
360470043004001,Brooklyn,40.68885,-73.99134544568822,113,57,46
360470043004002,Brooklyn,40.6885365,-73.99199895926202,219,90,115
360470043004003,Brooklyn,40.6878835,-73.99237248346938,121,18,86
360470043004004,Brooklyn,40.6873285,-73.99096066926217,150,24,60
360470043004005,Brooklyn,40.687967,-73.99054017444178,142,2,46
360470044001000,Brooklyn,40.6326995,-74.03464246443897,1,1,1
360470044001001,Brooklyn,40.633016999999995,-74.03667792350333,21,2,11
360470044001003,Brooklyn,40.6306545,-74.03825676582757,5,0,5
360470044001006,Brooklyn,40.63198,-74.03493694761274,4,0,4
360470044001008,Brooklyn,40.6315225,-74.03759661335616,7,1,2
360470044001009,Brooklyn,40.630206,-74.03481349556213,11,11,4
360470044001010,Brooklyn,40.62994449999999,-74.0359366326348,10,6,6
360470044001011,Brooklyn,40.629388,-74.03796524107142,3,1,2
360470044001012,Brooklyn,40.629508,-74.03927095454546,4,1,1
360470044001013,Brooklyn,40.6290595,-74.03612992900503,4,2,1
360470044002000,Brooklyn,40.6320635,-74.03196044978783,6,2,3
360470044002001,Brooklyn,40.6313445,-74.03225309746921,9,9,6
360470044002002,Brooklyn,40.630613,-74.0325510268583,1,0,0
360470044002004,Brooklyn,40.629152500000004,-74.03314901064559,20,20,14
360470045001000,Brooklyn,40.6896365,-73.99352117043273,494,3,138
360470045001001,Brooklyn,40.6901715,-73.99545455333617,147,26,71
360470045001002,Brooklyn,40.689508000000004,-73.99577591340902,8,3,4
360470045001003,Brooklyn,40.688974,-73.99384330238075,196,16,139
360470045002000,Brooklyn,40.688295,-73.9941692738663,56,36,36
360470045002001,Brooklyn,40.688832000000005,-73.99610203583993,51,19,25
360470045002002,Brooklyn,40.6883555,-73.99636638029637,42,0,30
360470045002003,Brooklyn,40.687942500000005,-73.99653022375622,4,2,4
360470045003000,Brooklyn,40.687537999999996,-73.994535023031,34,2,17
360470045003001,Brooklyn,40.68675449999999,-73.99491399410014,65,5,22
360470045004000,Brooklyn,40.6873775,-73.99680245505238,24,2,19
360470045004001,Brooklyn,40.687085999999994,-73.99752642851239,183,0,128
360470045004002,Brooklyn,40.6863635,-73.99678964117646,1,1,0
360470045004003,Brooklyn,40.686105,-73.99464717584146,61,7,37
360470045004004,Brooklyn,40.685948499999995,-73.99532326274263,8,3,5
360470046001000,Brooklyn,40.6264165,-74.02836344149185,22,3,10
360470046001001,Brooklyn,40.627056499999995,-74.0310639941973,140,6,92
360470046001002,Brooklyn,40.627693,-74.0337455523059,5,0,1
360470046001003,Brooklyn,40.628327999999996,-74.03642799401902,6,5,4
360470046001005,Brooklyn,40.628138,-74.03895054295154,10,0,1
360470046001010,Brooklyn,40.626307,-74.03431098348977,6,1,5
360470046001011,Brooklyn,40.626825499999995,-74.0380792054299,601,0,523
360470046001012,Brooklyn,40.625485499999996,-74.03758693264251,1,1,0
360470047001003,Brooklyn,40.6889965,-74.00228392494026,319,2,255
360470047001004,Brooklyn,40.6881955,-74.00078710529158,6,2,4
360470047001005,Brooklyn,40.687618,-74.00044014549181,14,10,14
360470047001006,Brooklyn,40.68916899999999,-73.9999394992769,12,5,7
360470047001007,Brooklyn,40.686736499999995,-74.00137256709466,74,19,46
360470047001008,Brooklyn,40.6864015,-74.00076284947336,51,12,24
360470047001012,Brooklyn,40.688216999999995,-73.99929536484285,1,1,1
360470047001015,Brooklyn,40.688514999999995,-74.0002489045311,74,8,55
360470049001000,Brooklyn,40.6906465,-73.99716175175794,61,2,30
360470049001002,Brooklyn,40.689305000000004,-73.99780767906019,32,8,21
360470049001003,Brooklyn,40.6886235,-73.99813708739735,30,0,9
360470049002000,Brooklyn,40.687813500000004,-73.9981173015014,11,1,7
360470049002001,Brooklyn,40.688053,-73.99886255477128,1,0,1
360470049002002,Brooklyn,40.68732,-73.99840974080882,16,2,12
360470049002003,Brooklyn,40.6870395,-73.99880473285427,2,0,0
360470049003000,Brooklyn,40.685868,-73.9990209638444,163,150,153
360470049003001,Brooklyn,40.6860975,-73.99978831451679,33,6,11
360470050001000,Brooklyn,40.625142499999995,-74.03993982987113,2,0,0
360470050001004,Brooklyn,40.62441799999999,-74.04012480371975,11,9,3
360470050001005,Brooklyn,40.6236165,-74.0402199229255,27,27,8
360470050002000,Brooklyn,40.624686499999996,-74.03791655155922,1,0,0
360470050002001,Brooklyn,40.6239785,-74.03820647490969,8,1,4
360470050002002,Brooklyn,40.62329749999999,-74.03848256314242,2,2,0
360470050002003,Brooklyn,40.622660499999995,-74.03580249326612,36,8,20
360470050003000,Brooklyn,40.625623000000004,-74.03458953318204,22,0,2
360470050003001,Brooklyn,40.62485099999999,-74.03490725485076,58,0,38
360470050003002,Brooklyn,40.6240495,-74.03523400613912,4,0,0
360470050003003,Brooklyn,40.623340999999996,-74.03552353895655,3,0,0
360470051001002,Brooklyn,40.685191499999995,-74.00180141110559,93,23,45
360470051001003,Brooklyn,40.6857025,-74.00360721822537,100,6,68
360470051001004,Brooklyn,40.68503,-74.00393244070779,181,17,102
360470051001005,Brooklyn,40.68453649999999,-74.00216807131304,44,21,22
360470051002003,Brooklyn,40.683865,-74.0024910977522,63,1,26
360470051002004,Brooklyn,40.6843585,-74.00425414429526,36,7,21
360470051002005,Brooklyn,40.6836885,-74.0045764894408,40,1,36
360470051002006,Brooklyn,40.683196499999994,-74.0028131760674,20,3,6
360470051003002,Brooklyn,40.6811635,-74.00296982407694,108,0,85
360470051003003,Brooklyn,40.68185199999999,-74.00346305604893,18,5,13
360470051003004,Brooklyn,40.68252199999999,-74.00313755208867,6,2,2
360470051003005,Brooklyn,40.682989,-74.00472199824121,207,0,126
360470051003006,Brooklyn,40.682143999999994,-74.00463676674775,24,2,12
360470051003007,Brooklyn,40.681428499999996,-74.00458788600525,22,0,11
360470051003008,Brooklyn,40.681242,-74.00376590047696,70,6,49
360470052011000,Brooklyn,40.6216605,-74.03621283987528,24,0,14
360470052011001,Brooklyn,40.622108499999996,-74.0388757605972,38,13,18
360470052011005,Brooklyn,40.620611499999995,-74.03662702371543,3,3,1
360470052011006,Brooklyn,40.6210875,-74.03914545232772,167,167,64
360470052021000,Brooklyn,40.620031,-74.03910242875452,14,12,10
360470052022000,Brooklyn,40.6198255,-74.03655125330397,19,0,8
360470052022001,Brooklyn,40.6192285,-74.03862838562489,11,8,4
360470052022002,Brooklyn,40.619035,-74.03646510468059,2,2,0
360470052022003,Brooklyn,40.618581999999996,-74.03823495803316,36,32,29
360470053011001,Brooklyn,40.6794735,-74.01396998250004,59,2,22
360470053011002,Brooklyn,40.678940499999996,-74.01459102780558,81,0,10
360470053011003,Brooklyn,40.678408000000005,-74.01521556398438,9,0,3
360470053011004,Brooklyn,40.677876499999996,-74.01584017637337,55,0,33
360470053011005,Brooklyn,40.6769465,-74.01447704851375,5,3,2
360470053011006,Brooklyn,40.67748,-74.01385289641871,123,1,65
360470053011007,Brooklyn,40.678012499999994,-74.01322804238116,33,13,10
360470053011008,Brooklyn,40.678544,-74.01260304762133,11,1,2
360470053011009,Brooklyn,40.679075999999995,-74.01197926693916,18,0,7
360470053011010,Brooklyn,40.678146,-74.010611564011,52,0,25
360470053011011,Brooklyn,40.677614999999996,-74.0112371131131,51,2,24
360470053011012,Brooklyn,40.677082,-74.01185664490171,94,0,77
360470053011013,Brooklyn,40.676557,-74.01248572714343,52,7,22
360470053011014,Brooklyn,40.6760225,-74.01312014318785,54,0,25
360470053012000,Brooklyn,40.678872,-74.01727661335397,17,0,5
360470053012001,Brooklyn,40.677172999999996,-74.01817829110936,151,17,73
360470053012003,Brooklyn,40.6773885,-74.01653059439025,55,14,40
360470053012004,Brooklyn,40.676413499999995,-74.01510296718561,19,2,11
360470053012005,Brooklyn,40.672630999999996,-74.01521541413237,212,18,127
360470053012006,Brooklyn,40.673908999999995,-74.01282927024367,8,8,2
360470053012007,Brooklyn,40.675352000000004,-74.0163433162538,105,0,58
360470053012008,Brooklyn,40.6758805,-74.01572718765512,42,1,30
360470053012009,Brooklyn,40.6749575,-74.01436924881676,202,18,137
360470053012010,Brooklyn,40.675489,-74.01374488864187,69,6,45
360470053012011,Brooklyn,40.6744415,-74.01220584029579,77,16,62
360470053012012,Brooklyn,40.6750025,-74.01162067575117,42,0,22
360470053012013,Brooklyn,40.67554,-74.01098924968517,19,10,10
360470053012014,Brooklyn,40.674939499999994,-74.01002227419842,25,1,19
360470053012015,Brooklyn,40.674034,-74.01052616576726,2,0,0
360470053012016,Brooklyn,40.673428,-74.010929775,949,42,511
360470053012017,Brooklyn,40.673044000000004,-74.01156505016556,99,99,86
360470053012018,Brooklyn,40.672019999999996,-74.01254344195922,307,11,158
360470053021001,Brooklyn,40.675445999999994,-74.00127970109261,2,0,2
360470053021002,Brooklyn,40.6746725,-74.00122062640433,114,0,34
360470053021004,Brooklyn,40.67300949999999,-73.99941561695906,3,3,3
360470053021006,Brooklyn,40.6738905,-74.00115038363712,36,0,17
360470053021009,Brooklyn,40.672124,-74.00012419516844,66,2,50
360470053021011,Brooklyn,40.673222499999994,-74.00144508819457,4,2,0
360470053021012,Brooklyn,40.6728475,-73.99999229496825,37,16,34
360470053022002,Brooklyn,40.6689825,-74.00808126146873,63,11,30
360470053022003,Brooklyn,40.66977249999999,-74.00309819798659,112,105,94
360470053022004,Brooklyn,40.669619999999995,-74.00133028370439,13,1,5
360470053022005,Brooklyn,40.67017799999999,-74.00106087128428,7,2,3
360470053022006,Brooklyn,40.670806999999996,-74.00075604234479,30,1,22
360470053022007,Brooklyn,40.6694015,-74.00992513052844,116,10,83
360470053022008,Brooklyn,40.67104499999999,-74.01016844106583,2,0,2
360470053022010,Brooklyn,40.670981499999996,-74.0025237303112,21,0,8
360470053022012,Brooklyn,40.6714705,-74.00043799724776,57,12,27
360470053023000,Brooklyn,40.674056,-74.00701732793769,73,0,50
360470053023003,Brooklyn,40.67325149999999,-74.00944447327277,217,66,198
360470053023005,Brooklyn,40.673393,-74.00733169934765,3,0,0
360470053031004,Brooklyn,40.68221799999999,-74.00885730784162,18,0,18
360470053031005,Brooklyn,40.681147499999994,-74.01009239850393,11,4,5
360470053031008,Brooklyn,40.680465999999996,-74.01611794664439,39,0,19
360470054001000,Brooklyn,40.6179225,-74.03783688951715,10,7,4
360470054001001,Brooklyn,40.617248499999995,-74.03742401225448,18,15,11
360470054001002,Brooklyn,40.616592,-74.03702209415508,15,8,10
360470054002000,Brooklyn,40.6179255,-74.03476837223141,63,0,19
360470054002002,Brooklyn,40.617295999999996,-74.0348693998358,100,14,68
360470054003000,Brooklyn,40.616956,-74.0322202746619,56,18,11
360470054003001,Brooklyn,40.6162365,-74.0324815924331,52,0,11
360470056011000,Brooklyn,40.615942000000004,-74.03663028539327,14,11,10
360470056011001,Brooklyn,40.614771,-74.03652129963632,15,13,13
360470056011002,Brooklyn,40.614968,-74.0351610484496,3,3,3
360470056012000,Brooklyn,40.616358,-74.03472571263295,85,37,45
360470056012001,Brooklyn,40.6155675,-74.03285256084027,16,1,11
360470056012002,Brooklyn,40.615590499999996,-74.0346500016587,43,10,16
360470056012003,Brooklyn,40.615095999999994,-74.033841885995,58,3,34
360470056012004,Brooklyn,40.614671,-74.03292223282344,14,4,6
360470056021000,Brooklyn,40.614149499999996,-74.03379402572104,50,3,19
360470056021001,Brooklyn,40.613388,-74.03613704718477,56,2,46
360470056021002,Brooklyn,40.6135375,-74.03425625171525,96,16,41
360470056021003,Brooklyn,40.612967999999995,-74.03468876128518,35,3,12
360470056021004,Brooklyn,40.6121695,-74.03495744819631,6,3,3
360470058001000,Brooklyn,40.619991,-74.03072615438742,87,25,43
360470058001001,Brooklyn,40.6193665,-74.03125149768877,155,9,40
360470058001002,Brooklyn,40.6184665,-74.02946590953022,96,14,40
360470058001003,Brooklyn,40.619502999999995,-74.02929204823269,175,11,102
360470058002000,Brooklyn,40.6185785,-74.03156534230646,53,12,16
360470058002001,Brooklyn,40.619299,-74.03423158089709,70,17,24
360470058002002,Brooklyn,40.617763999999994,-74.03190407997346,171,25,95
360470058002003,Brooklyn,40.6186185,-74.03451091941909,132,24,56
360470058002004,Brooklyn,40.617141,-74.03030733018868,250,142,134
360470058003000,Brooklyn,40.620663,-74.03367661435601,16,2,3
360470058003001,Brooklyn,40.61998,-74.03395547561496,73,11,15
360470059001000,Brooklyn,40.68079,-74.00944790070423,45,2,31
360470059001001,Brooklyn,40.680282,-74.00812032638376,42,1,23
360470059001002,Brooklyn,40.6792715,-74.0066353279788,29,1,22
360470059001003,Brooklyn,40.678727499999994,-74.00724378531453,48,6,41
360470059001004,Brooklyn,40.679749,-74.00874624161042,158,59,116
360470059001005,Brooklyn,40.679215,-74.00936554484399,29,2,24
360470059001006,Brooklyn,40.6797255,-74.01069680651969,112,8,44
360470059001007,Brooklyn,40.6786785,-74.00998722192105,43,13,19
360470059002000,Brooklyn,40.6834185,-74.00617589590443,46,0,10
360470059002001,Brooklyn,40.683237500000004,-74.00641659438378,23,0,11
360470059002002,Brooklyn,40.682751999999994,-74.0071482003367,142,28,122
360470059002010,Brooklyn,40.681841500000004,-74.00652378896103,21,11,9
360470059002011,Brooklyn,40.6813435,-74.00686293854065,126,2,58
360470059002012,Brooklyn,40.68185749999999,-74.00819499248121,46,41,39
360470059002013,Brooklyn,40.6808145,-74.00749136292676,48,6,21
360470059002014,Brooklyn,40.679902,-74.00614326768806,131,21,94
360470059002017,Brooklyn,40.6793325,-74.00483234445261,42,8,17
360470059002018,Brooklyn,40.6785625,-74.00484289199005,48,0,25
360470059002022,Brooklyn,40.6779155,-74.00515461330278,137,0,119
360470059002024,Brooklyn,40.6774225,-74.00357160811245,228,5,72
360470059002027,Brooklyn,40.677052,-74.00256968039788,21,0,21
360470059002029,Brooklyn,40.676812999999996,-74.00382407984496,146,0,43
360470059002030,Brooklyn,40.677274499999996,-74.00547333560692,10,0,5
360470059002031,Brooklyn,40.676449500000004,-74.00243350311686,37,13,25
360470059002032,Brooklyn,40.676169,-74.00413698035817,118,11,89
360470060001000,Brooklyn,40.622764000000004,-74.02985506340022,104,1,19
360470060001001,Brooklyn,40.623413,-74.03255149379886,245,1,135
360470060001002,Brooklyn,40.6220675,-74.03014130200162,91,10,44
360470060002000,Brooklyn,40.6213855,-74.03042092463551,627,20,210
360470060002001,Brooklyn,40.620881,-74.03079666169182,23,2,2
360470060002002,Brooklyn,40.621343499999995,-74.03340184026783,17,4,6
360470060003000,Brooklyn,40.622705999999994,-74.03284148308823,22,6,9
360470060003001,Brooklyn,40.622024999999994,-74.03312001759531,47,0,15
360470062001000,Brooklyn,40.625709,-74.02865148785818,145,21,113
360470062001001,Brooklyn,40.6247,-74.02834566115703,19,3,3
360470062001002,Brooklyn,40.6243595,-74.02924019329225,255,18,193
360470062002000,Brooklyn,40.6235175,-74.02954796153188,186,110,77
360470062002001,Brooklyn,40.624213999999995,-74.03222458091446,298,38,193
360470062003000,Brooklyn,40.6263515,-74.03135200302339,44,31,27
360470062003001,Brooklyn,40.625669,-74.03162903881861,49,2,11
360470062003002,Brooklyn,40.624989,-74.03190797181979,46,6,17
360470063001000,Brooklyn,40.6846975,-74.00002001888342,56,21,36
360470063001001,Brooklyn,40.6840265,-74.00034104534609,280,4,220
360470063001002,Brooklyn,40.683353999999994,-74.00066672883875,39,0,21
360470063002000,Brooklyn,40.682698,-74.00099935175756,15,4,2
360470063002001,Brooklyn,40.682019499999996,-74.00133444018337,16,11,12
360470063002002,Brooklyn,40.681307,-74.00167419032275,15,12,12
360470063002003,Brooklyn,40.68068649999999,-74.00197885787361,26,17,23
360470063002005,Brooklyn,40.679632999999995,-74.00202042189622,244,0,207
360470064001000,Brooklyn,40.630066,-74.02687047058824,41,3,8
360470064001001,Brooklyn,40.6307075,-74.02957059541723,51,11,14
360470064001002,Brooklyn,40.629977,-74.02986998137249,48,14,18
360470064001003,Brooklyn,40.629335999999995,-74.02716898824059,78,7,30
360470064002000,Brooklyn,40.628606,-74.0274672254742,29,0,7
360470064002001,Brooklyn,40.6292465,-74.03016802648963,48,5,9
360470064002002,Brooklyn,40.6285175,-74.03046646081077,48,5,17
360470064003000,Brooklyn,40.6278765,-74.02776894605356,28,0,3
360470064003001,Brooklyn,40.627145,-74.02806693701265,24,15,12
360470064003002,Brooklyn,40.627787,-74.03076546849314,120,2,69
360470065001000,Brooklyn,40.68167,-73.9973628532266,53,4,23
360470065001001,Brooklyn,40.68221,-73.99928158709322,24,6,11
360470065002000,Brooklyn,40.680966,-73.99770196947391,63,21,34
360470065002001,Brooklyn,40.6815395,-73.9996051252287,53,10,27
360470065003000,Brooklyn,40.680184499999996,-73.99807935380372,8,3,4
360470065003001,Brooklyn,40.680680499999994,-74.00001961919315,7,2,2
360470065004000,Brooklyn,40.679368999999994,-73.99847267898056,46,8,21
360470065004001,Brooklyn,40.679903499999995,-74.00039357199427,11,3,7
360470065005000,Brooklyn,40.678551,-73.99886382107843,40,8,26
360470065005001,Brooklyn,40.6790855,-74.0007843643631,21,18,17
360470065006000,Brooklyn,40.677777500000005,-73.99923641340573,33,9,22
360470065006001,Brooklyn,40.6783125,-74.00115496474618,11,7,8
360470065006002,Brooklyn,40.6774785,-74.00110009496123,23,1,7
360470065006003,Brooklyn,40.677088,-73.99956793056288,20,1,8
360470065007000,Brooklyn,40.6764435,-73.99988459443443,182,16,67
360470065007002,Brooklyn,40.6757075,-73.99993861902175,10,2,7
360470065007003,Brooklyn,40.674949,-73.99989717079305,66,5,26
360470066001000,Brooklyn,40.6328475,-74.02573398401691,73,12,27
360470066001001,Brooklyn,40.6325015,-74.02662067521993,236,0,149
360470066001002,Brooklyn,40.6314845,-74.02629143149902,80,4,22
360470066002000,Brooklyn,40.630784,-74.02657555596736,82,10,35
360470066002001,Brooklyn,40.6314275,-74.02927742932053,23,3,3
360470066003000,Brooklyn,40.633494999999996,-74.02843197819132,48,2,7
360470066003001,Brooklyn,40.6328135,-74.02871050671416,24,2,7
360470066003002,Brooklyn,40.6321265,-74.02899052800771,98,39,43
360470067001000,Brooklyn,40.684765,-73.99530618589742,241,1,130
360470067001001,Brooklyn,40.685036499999995,-73.99630573881521,64,10,25
360470067002000,Brooklyn,40.683685,-73.9963914809417,130,46,76
360470067002001,Brooklyn,40.683012999999995,-73.99671504339763,34,19,25
360470067003000,Brooklyn,40.682340999999994,-73.99703680268924,51,21,23
360470067003001,Brooklyn,40.68288,-73.99895982761194,60,24,45
360470067004000,Brooklyn,40.684220999999994,-73.99831386995515,21,6,11
360470067004001,Brooklyn,40.683550999999994,-73.99863779786965,28,11,12
360470067005000,Brooklyn,40.68532999999999,-73.99726116154628,16,9,7
360470067005001,Brooklyn,40.685607,-73.99818352681885,25,15,20
360470068001000,Brooklyn,40.6362865,-74.02435418317881,65,8,19
360470068001001,Brooklyn,40.6355295,-74.02463153275676,42,13,11
360470068002000,Brooklyn,40.6347925,-74.02494978848736,132,5,37
360470068002001,Brooklyn,40.634136999999996,-74.02619532564992,60,8,18
360470068002002,Brooklyn,40.6335135,-74.02496269098145,130,0,113
360470068003000,Brooklyn,40.634517,-74.02727733290156,45,9,17
360470068003001,Brooklyn,40.634175,-74.0281564387897,171,5,48
360470068004000,Brooklyn,40.6366065,-74.02716154554508,105,4,32
360470068004001,Brooklyn,40.6354985,-74.02717439251718,165,0,28
360470068004002,Brooklyn,40.636027999999996,-74.02843835731244,3,0,0
360470069011000,Brooklyn,40.6859755,-73.98959509781153,71,12,49
360470069011001,Brooklyn,40.685336,-73.99002131812048,68,9,36
360470069012000,Brooklyn,40.686927499999996,-73.99202879030463,391,8,297
360470069012001,Brooklyn,40.6862675,-73.99241646423266,113,5,57
360470069021000,Brooklyn,40.6847125,-73.99047415077689,128,4,93
360470069021001,Brooklyn,40.684067,-73.99087559050531,196,36,99
360470069021002,Brooklyn,40.6834315,-73.99130609558824,166,16,114
360470069021003,Brooklyn,40.68378799999999,-73.98982807497995,15,9,9
360470069022000,Brooklyn,40.685613000000004,-73.9927932220246,129,21,71
360470069022001,Brooklyn,40.6849565,-73.99316960759387,368,1,300
360470069022002,Brooklyn,40.684304,-73.99354755502318,47,17,15
360470070001004,Brooklyn,40.638928,-74.02233803693392,227,0,189
360470070001005,Brooklyn,40.6384415,-74.02261805277982,13,3,6
360470070001008,Brooklyn,40.638463,-74.02601502744861,86,1,61
360470070002000,Brooklyn,40.63696949999999,-74.02404847347637,278,0,222
360470070002001,Brooklyn,40.6379695,-74.02653908236721,35,0,10
360470070002002,Brooklyn,40.6374065,-74.02708393377088,17,10,5
360470071001000,Brooklyn,40.6842855,-73.98525772251352,22,9,15
360470071001001,Brooklyn,40.685124,-73.98741527961238,13,9,10
360470071001002,Brooklyn,40.683654000000004,-73.98568652925948,35,5,13
360470071002000,Brooklyn,40.6830175,-73.9861118526691,53,26,29
360470071002001,Brooklyn,40.682387,-73.98654605432478,109,13,68
360470071002002,Brooklyn,40.68291,-73.98892514786834,34,29,27
360470071002003,Brooklyn,40.681411499999996,-73.98637186853946,86,1,59
360470072001000,Brooklyn,40.641208500000005,-74.01974686993633,37,6,8
360470072001002,Brooklyn,40.640645,-74.02139185497919,2,0,2
360470072001004,Brooklyn,40.640501,-74.02015363903527,6,0,0
360470072001005,Brooklyn,40.6401065,-74.0208615128143,2,0,1
360470072001006,Brooklyn,40.639245,-74.02101295661451,7,0,3
360470074001000,Brooklyn,40.6421455,-74.01523217310947,312,9,67
360470074001001,Brooklyn,40.6415865,-74.01581624396192,53,0,3
360470074002000,Brooklyn,40.6410255,-74.01639776886648,58,5,13
360470074002001,Brooklyn,40.6404565,-74.01699318631054,32,13,5
360470074003000,Brooklyn,40.6425615,-74.01953215756848,2,0,1
360470074003001,Brooklyn,40.6422575,-74.0183576504097,28,1,8
360470074003002,Brooklyn,40.641673,-74.0189588239478,351,0,301
360470074004000,Brooklyn,40.64343649999999,-74.01868026754742,92,0,62
360470074004001,Brooklyn,40.64340849999999,-74.01723499430668,14,0,5
360470074004002,Brooklyn,40.642833499999995,-74.01779068094334,21,0,4
360470075001000,Brooklyn,40.681342,-73.98798514955969,1,1,1
360470075001001,Brooklyn,40.681968499999996,-73.98959135409144,55,9,27
360470075001002,Brooklyn,40.6828015,-73.99173904765499,110,17,61
360470075001003,Brooklyn,40.6836425,-73.993925082504,66,16,38
360470075002001,Brooklyn,40.6813815,-73.98963925126698,2,0,0
360470075002002,Brooklyn,40.6811615,-73.9901051887598,4,0,0
360470075002003,Brooklyn,40.682165999999995,-73.9921733005921,55,2,24
360470075002004,Brooklyn,40.68298899999999,-73.99430525423318,104,6,38
360470075003000,Brooklyn,40.680059,-73.98882548159304,8,7,0
360470075003001,Brooklyn,40.680685499999996,-73.99042843809241,10,0,6
360470075003002,Brooklyn,40.681533,-73.9926051994079,37,0,12
360470075003003,Brooklyn,40.6800505,-73.99085821036547,170,12,143
360470075003005,Brooklyn,40.6787655,-73.98970109835172,22,0,7
360470075003006,Brooklyn,40.6794175,-73.99128664163729,17,13,13
360470075004000,Brooklyn,40.680854499999995,-73.99306893074323,36,5,6
360470075004001,Brooklyn,40.6801155,-73.99357643365299,66,18,33
360470075005000,Brooklyn,40.682334499999996,-73.99468061364628,55,7,24
360470075005001,Brooklyn,40.681682499999994,-73.99506123227096,106,27,29
360470075005002,Brooklyn,40.681391999999995,-73.9958570849582,8,8,7
360470076001000,Brooklyn,40.64556399999999,-74.01483761884327,9,5,6
360470076001001,Brooklyn,40.644388,-74.01290434042069,131,12,49
360470076001002,Brooklyn,40.643827,-74.01348601211049,54,38,36
360470076002000,Brooklyn,40.6432685,-74.01407093755216,59,9,20
360470076002001,Brooklyn,40.642707,-74.01465110183639,21,7,4
360470076003000,Brooklyn,40.645018,-74.01542333512441,24,11,3
360470076003001,Brooklyn,40.644476,-74.01602070950122,16,5,7
360470076003002,Brooklyn,40.6439045,-74.01662199959077,7,0,1
360470077001000,Brooklyn,40.67778199999999,-73.98979406053269,102,15,80
360470077001001,Brooklyn,40.678838,-73.99170860621322,2,0,0
360470077001002,Brooklyn,40.679358,-73.99408340960039,29,0,5
360470077001003,Brooklyn,40.678292,-73.99212196627823,13,12,10
360470077001004,Brooklyn,40.6775045,-73.99040705422601,11,3,8
360470077002000,Brooklyn,40.678658,-73.99454400554913,12,8,2
360470077002001,Brooklyn,40.6780015,-73.99492792927504,657,85,300
360470077002002,Brooklyn,40.677075,-73.99301285316054,372,61,297
360470077002003,Brooklyn,40.6776955,-73.992547625821,117,11,91
360470077002004,Brooklyn,40.676897999999994,-73.99089312946916,348,52,294
360470077002005,Brooklyn,40.676646,-73.9916853091822,9,0,7
360470077003000,Brooklyn,40.67732099999999,-73.9953017684587,90,34,41
360470077003001,Brooklyn,40.676258499999996,-73.99474209434385,157,47,115
360470077003002,Brooklyn,40.677285,-73.99744552381449,179,9,87
360470077003003,Brooklyn,40.6764455,-73.99726271908975,1,0,0
360470077003004,Brooklyn,40.676664,-73.9980551560515,4,0,0
360470077003005,Brooklyn,40.6759445,-73.9980929872093,57,7,32
360470077003006,Brooklyn,40.67530000000001,-73.99839982047047,55,36,31
360470077003008,Brooklyn,40.673944,-73.9974726843331,4,0,4
360470077003009,Brooklyn,40.674648499999996,-73.99871599383926,51,6,17
360470077003010,Brooklyn,40.6740205,-73.99901981793478,173,0,117
360470077003011,Brooklyn,40.673214,-73.99890665227738,102,0,35
360470077003013,Brooklyn,40.6726525,-73.99836249211165,22,22,19
360470077004000,Brooklyn,40.680428,-73.99578213493672,173,0,150
360470077004001,Brooklyn,40.679663500000004,-73.99622675681796,141,5,88
360470077004002,Brooklyn,40.678940999999995,-73.99664106646341,25,7,10
360470077004003,Brooklyn,40.678014000000005,-73.99709735066622,62,28,26
360470078001000,Brooklyn,40.6478345,-74.01257286244149,52,1,17
360470078001001,Brooklyn,40.64662799999999,-74.01057410880809,67,0,12
360470078002000,Brooklyn,40.6460685,-74.01115728278504,63,6,8
360470078002001,Brooklyn,40.6455085,-74.0117395,60,7,18
360470078003000,Brooklyn,40.6461645,-74.01434373627411,12,0,2
360470078003001,Brooklyn,40.644948,-74.01232140358564,121,16,66
360470078004000,Brooklyn,40.647291499999994,-74.01318568219557,18,9,2
360470078004001,Brooklyn,40.646726,-74.01375526648027,17,7,5
360470080001000,Brooklyn,40.65022999999999,-74.01050024469627,375,2,27
360470080001001,Brooklyn,40.6489745,-74.0084222651358,61,5,24
360470080001002,Brooklyn,40.648306000000005,-74.00882601289308,28,0,6
360470080002000,Brooklyn,40.647746,-74.00940796923632,37,1,8
360470080002001,Brooklyn,40.647189,-74.00999117530155,45,8,4
360470080003000,Brooklyn,40.6495345,-74.01085964698075,18,9,14
360470080003001,Brooklyn,40.648971,-74.01143822499165,221,0,190
360470080003002,Brooklyn,40.648399999999995,-74.0120007181794,8,6,0
360470082001000,Brooklyn,40.6511085,-74.00591210817072,62,6,15
360470082001001,Brooklyn,40.650549,-74.00649667230991,46,5,10
360470082002000,Brooklyn,40.6499865,-74.00707864722018,77,1,59
360470082002001,Brooklyn,40.6493275,-74.00711331275673,39,1,9
360470082002003,Brooklyn,40.6508065,-74.00954536387584,30,1,5
360470082002004,Brooklyn,40.65066,-74.01006384096951,2,0,0
360470082003000,Brooklyn,40.652348,-74.00792839450398,205,1,178
360470082003001,Brooklyn,40.651771499999995,-74.00851174738878,22,0,4
360470082003002,Brooklyn,40.651217,-74.00911243949506,68,0,18
360470084001000,Brooklyn,40.655029,-74.00183624427059,88,9,60
360470084001001,Brooklyn,40.654188,-74.00270583917123,7,2,2
360470084001002,Brooklyn,40.6533565,-74.00358151985546,27,5,4
360470084002000,Brooklyn,40.652784,-74.00416639488212,12,0,7
360470084002001,Brooklyn,40.6522315,-74.00475438844035,468,21,174
360470084002002,Brooklyn,40.6516685,-74.00532939582277,162,58,97
360470084002003,Brooklyn,40.6529165,-74.00736774671309,6,0,1
360470084003000,Brooklyn,40.6562605,-74.00387888339382,39,8,8
360470084003001,Brooklyn,40.655696,-74.00445663331223,241,0,206
360470084003002,Brooklyn,40.655131,-74.00503384890204,1013,0,138
360470084003003,Brooklyn,40.6545795,-74.00562644122878,182,70,99
360470084003004,Brooklyn,40.6540415,-74.0061969458913,283,3,182
360470084003005,Brooklyn,40.6534065,-74.0066896451097,27,1,20
360470085001001,Brooklyn,40.67636,-74.00999880250185,4,0,0
360470085001002,Brooklyn,40.676869499999995,-74.00734157950129,44,44,42
360470085002000,Brooklyn,40.675366,-74.00258822466762,83,0,46
360470085002001,Brooklyn,40.67576699999999,-74.00530597277516,47,47,45
360470086001000,Brooklyn,40.647976,-74.00374318328335,102,0,90
360470088001000,Brooklyn,40.6509485,-74.0011389855172,36,3,12
360470088001001,Brooklyn,40.650323,-74.00309999608797,78,14,31
360470088001002,Brooklyn,40.649761999999996,-74.00367905219791,18,6,2
360470088002000,Brooklyn,40.6495545,-74.00018886342653,296,0,113
360470088002001,Brooklyn,40.648994,-74.00090053627454,22,0,7
360470088002002,Brooklyn,40.648433499999996,-74.0014752215072,15,10,4
360470090011001,Brooklyn,40.648251,-73.99804293061882,27,0,0
360470090011002,Brooklyn,40.647659000000004,-73.99869129269192,13,0,3
360470090011003,Brooklyn,40.647103,-73.999273318006,45,0,9
360470090021001,Brooklyn,40.646929,-73.9958619700534,43,0,17
360470090021002,Brooklyn,40.6463325,-73.99649215148959,199,0,143
360470090021003,Brooklyn,40.645771999999994,-73.99707402084766,57,4,21
360470092011000,Brooklyn,40.646542499999995,-73.99985666146017,48,8,8
360470092012000,Brooklyn,40.645982499999995,-74.00044054500299,93,16,22
360470092012001,Brooklyn,40.645568,-74.00088368189866,3415,4,374
360470092021000,Brooklyn,40.645212,-73.99765618261236,44,32,30
360470092021001,Brooklyn,40.644651499999995,-73.99823699999999,65,5,4
360470092022000,Brooklyn,40.644006000000005,-73.99828461476167,22,0,5
360470092022001,Brooklyn,40.643857999999994,-73.99880435953713,7,2,1
360470094011000,Brooklyn,40.6449005,-74.0016708642921,31,12,5
360470094011001,Brooklyn,40.6443035,-74.00219070007748,35,4,4
360470094012000,Brooklyn,40.643741999999996,-74.00277096208595,31,0,9
360470094012001,Brooklyn,40.64318299999999,-74.00335465130394,16,0,0
360470094021000,Brooklyn,40.6435325,-73.99940511432592,30,2,2
360470094021001,Brooklyn,40.642970999999996,-73.9999865204977,141,3,112
360470094022000,Brooklyn,40.6424125,-74.00056838532451,38,5,6
360470094022001,Brooklyn,40.6418515,-74.0011506166694,40,10,10
360470096001000,Brooklyn,40.646193499999995,-74.0038115799693,11,4,6
360470096001001,Brooklyn,40.64563149999999,-74.00439089333436,4,0,0
360470096002000,Brooklyn,40.645073499999995,-74.0049751235168,65,14,13
360470096002001,Brooklyn,40.644512,-74.00555726043933,24,2,4
360470096003000,Brooklyn,40.646403,-74.00717789606652,46,0,7
360470096003001,Brooklyn,40.6458425,-74.00776006635338,45,0,7
360470096004000,Brooklyn,40.647518000000005,-74.00601131435253,33,7,9
360470096004001,Brooklyn,40.646961,-74.00659476024435,48,0,6
360470098001000,Brooklyn,40.645281999999995,-74.00834285526315,25,6,12
360470098001001,Brooklyn,40.643952,-74.00613988418877,10,1,0
360470098002000,Brooklyn,40.6447215,-74.00892540493928,113,5,49
360470098002001,Brooklyn,40.6433915,-74.0067230946957,12,2,2
360470098003000,Brooklyn,40.642831,-74.00730638424865,58,7,9
360470098003001,Brooklyn,40.642270499999995,-74.00788876033619,35,6,1
360470098004000,Brooklyn,40.644161999999994,-74.00950923992119,297,0,238
360470098004001,Brooklyn,40.6436015,-74.0100912603904,22,2,4
360470100001000,Brooklyn,40.641711,-74.00847085510512,24,0,2
360470100001001,Brooklyn,40.641149999999996,-74.00905273176465,40,0,9
360470100002000,Brooklyn,40.6405905,-74.00963588490549,35,0,1
360470100002001,Brooklyn,40.640030499999995,-74.01021828963184,49,9,4
360470100003000,Brooklyn,40.64192,-74.01183887589002,47,16,8
360470100003001,Brooklyn,40.6413605,-74.0124215,25,5,0
360470100004000,Brooklyn,40.643041,-74.01067326034158,76,10,50
360470100004001,Brooklyn,40.6424815,-74.0112568632699,115,26,68
360470101001000,Brooklyn,40.6600705,-73.99659047567962,72,0,38
360470101001001,Brooklyn,40.65951,-73.99717524419773,402,1,250
360470101001002,Brooklyn,40.658949,-73.99775666874147,38,21,6
360470101001003,Brooklyn,40.65839,-73.99834070609845,135,89,94
360470101001004,Brooklyn,40.6578295,-73.99892476671145,69,5,52
360470101001005,Brooklyn,40.65742349999999,-73.9997663220941,149,5,120
360470101002000,Brooklyn,40.656802,-74.00024743610747,9,0,3
360470101002001,Brooklyn,40.65626999999999,-74.00087742487793,57,6,20
360470101002002,Brooklyn,40.657368,-74.00269271749973,56,1,13
360470101002003,Brooklyn,40.656811,-74.00327953180431,587,51,223
360470101002004,Brooklyn,40.655587999999995,-74.0012552330791,8,6,6
360470101003000,Brooklyn,40.661312499999994,-73.9986506535582,79,4,62
360470101003001,Brooklyn,40.660752,-73.99923462309758,64,0,16
360470101003002,Brooklyn,40.660184,-73.99980100219781,68,2,31
360470101003003,Brooklyn,40.659628,-74.0003861766248,222,23,130
360470101003004,Brooklyn,40.65907299999999,-74.00096589478729,62,5,49
360470101003005,Brooklyn,40.6585075,-74.00153676303117,344,36,289
360470101003006,Brooklyn,40.657925999999996,-74.0021014450958,53,0,37
360470102001000,Brooklyn,40.63947,-74.0108014214876,49,0,4
360470102001001,Brooklyn,40.6389095,-74.01138254965116,70,23,15
360470102001002,Brooklyn,40.6383505,-74.01196512430823,27,11,8
360470102002000,Brooklyn,40.639680999999996,-74.01416885499624,49,9,12
360470102002001,Brooklyn,40.6391095,-74.01476162697051,150,0,98
360470102002002,Brooklyn,40.637778499999996,-74.01255731587442,69,1,7
360470102003000,Brooklyn,40.640800999999996,-74.01300462410997,59,1,11
360470102003001,Brooklyn,40.6402405,-74.01358721036814,56,2,13
360470104011000,Brooklyn,40.638139499999994,-74.00859754970566,558,7,30
360470104011001,Brooklyn,40.63758,-74.00918023970337,170,17,36
360470104012000,Brooklyn,40.637019499999994,-74.00976226060791,367,40,197
360470104012001,Brooklyn,40.636449,-74.01035645165169,2611,48,138
360470104021000,Brooklyn,40.635689,-74.00756052021269,199,35,74
360470104021001,Brooklyn,40.635118999999996,-74.00815390774679,160,31,35
360470104022000,Brooklyn,40.63681,-74.00639540492455,189,8,53
360470104022001,Brooklyn,40.6362505,-74.00697921742369,617,12,80
360470106011000,Brooklyn,40.64037999999999,-74.00626835526316,89,3,13
360470106011001,Brooklyn,40.63982,-74.00684930970593,93,4,10
360470106012000,Brooklyn,40.639261000000005,-74.0074331897998,86,19,19
360470106012001,Brooklyn,40.6387,-74.0080155,187,18,32
360470106021000,Brooklyn,40.637930499999996,-74.0052299052993,248,58,73
360470106021001,Brooklyn,40.63737,-74.00581285526314,69,27,32
360470106022000,Brooklyn,40.639050999999995,-74.00406536279904,47,1,1
360470106022001,Brooklyn,40.6384905,-74.0046471451916,96,10,23
360470108011000,Brooklyn,40.642621,-74.0039370661157,117,3,78
360470108011001,Brooklyn,40.64206,-74.00451924431158,67,0,29
360470108012000,Brooklyn,40.64149999999999,-74.00510423160065,172,0,106
360470108012001,Brooklyn,40.640941,-74.00568771864967,77,6,12
360470108021000,Brooklyn,40.640170999999995,-74.00290188493489,50,15,4
360470108021001,Brooklyn,40.63961,-74.00348289564451,76,20,12
360470108022000,Brooklyn,40.64129,-74.00173309968346,254,4,195
360470108022001,Brooklyn,40.640731,-74.00231875568844,84,5,10
360470110001001,Brooklyn,40.64597,-73.99408364520716,2,0,0
360470110001003,Brooklyn,40.644960499999996,-73.99467371327682,24,0,6
360470110001004,Brooklyn,40.645108,-73.99406076883238,6,0,0
360470110001005,Brooklyn,40.644258,-73.99154790178216,836,3,287
360470110001006,Brooklyn,40.644648,-73.99068364358158,598,116,326
360470110001007,Brooklyn,40.64348699999999,-73.99031667515592,2,0,0
360470110002000,Brooklyn,40.6436985,-73.99213441433966,142,33,84
360470110002001,Brooklyn,40.6430945,-73.99264488570395,48,0,41
360470110002002,Brooklyn,40.6438315,-73.99398803023777,1,0,1
360470110002003,Brooklyn,40.6440695,-73.99463364154411,10,0,1
360470112001000,Brooklyn,40.6439345,-73.99554142636116,101,6,18
360470112001001,Brooklyn,40.642458,-73.99310070673482,13,1,2
360470112001004,Brooklyn,40.642258999999996,-73.99390272914547,7,2,1
360470112001005,Brooklyn,40.641081,-73.99395935584064,23,5,4
360470112001006,Brooklyn,40.6413605,-73.99467675332593,179,0,36
360470112002000,Brooklyn,40.641085,-73.99535272795302,69,4,26
360470112002001,Brooklyn,40.640491,-73.99588396386167,99,6,33
360470112003000,Brooklyn,40.6422005,-73.99720223269503,29,21,6
360470112003001,Brooklyn,40.641641,-73.99778507351087,18,1,4
360470112004000,Brooklyn,40.6433225,-73.99603496555372,10,6,3
360470112004001,Brooklyn,40.642761,-73.99661970999247,33,3,9
360470114001000,Brooklyn,40.6410805,-73.99836555035924,38,2,15
360470114001001,Brooklyn,40.639973,-73.99653382067677,68,5,30
360470114001002,Brooklyn,40.639453,-73.99718265102975,1907,1901,740
360470114001004,Brooklyn,40.638414499999996,-73.99848151492915,1521,0,456
360470114002000,Brooklyn,40.63884,-74.00069790492455,151,5,82
360470114002001,Brooklyn,40.6382815,-74.00128074012372,11,0,5
360470114002002,Brooklyn,40.637655499999994,-73.99981448255814,47,19,11
360470114002003,Brooklyn,40.6381755,-73.99921949243772,28,13,9
360470114003000,Brooklyn,40.640520499999994,-73.9989484719785,114,28,73
360470114003001,Brooklyn,40.6399605,-73.99953185507519,169,92,94
360470114003002,Brooklyn,40.639400499999994,-74.000115,32,6,20
360470116001000,Brooklyn,40.637572999999996,-74.00161709416446,54,20,27
360470116001002,Brooklyn,40.636844499999995,-74.00192166344024,13,0,6
360470116001003,Brooklyn,40.6364815,-74.00283033527302,8,1,0
360470116002000,Brooklyn,40.635960999999995,-74.0034795495572,53,5,20
360470116002001,Brooklyn,40.635442499999996,-74.00412993684392,18,1,3
360470116002002,Brooklyn,40.6349205,-74.00477777912121,15,0,2
360470116003000,Brooklyn,40.63440249999999,-74.00542938315854,101,11,33
360470116003001,Brooklyn,40.633872,-74.00608811939279,44,2,5
360470117001000,Brooklyn,40.6705235,-73.99345628394454,48,22,27
360470117001001,Brooklyn,40.669925,-73.99396193645123,207,9,110
360470117001002,Brooklyn,40.668798499999994,-73.99162796587083,84,46,55
360470117001003,Brooklyn,40.669400499999995,-73.99112499999998,23,10,21
360470117002000,Brooklyn,40.669323,-73.99446188178632,192,22,128
360470117002001,Brooklyn,40.668195999999995,-73.99213038534171,32,2,7
360470117002002,Brooklyn,40.667593999999994,-73.99263350782931,27,6,11
360470117002003,Brooklyn,40.6687285,-73.99497910570169,125,10,63
360470117003000,Brooklyn,40.6683355,-73.9956054783924,142,19,72
360470117003001,Brooklyn,40.6669945,-73.99314020917846,71,0,52
360470117003002,Brooklyn,40.66646899999999,-73.9936188329738,12,8,9
360470118001001,Brooklyn,40.634076,-74.01216770751878,14,1,14
360470118001002,Brooklyn,40.6349715,-74.01423356512763,27,4,5
360470118002000,Brooklyn,40.637197,-74.01316275231338,72,5,9
360470118002001,Brooklyn,40.6366285,-74.013755,43,5,2
360470118002002,Brooklyn,40.6362955,-74.01492904536897,61,0,7
360470118002003,Brooklyn,40.635423,-74.01211183189332,1133,795,956
360470118003000,Brooklyn,40.635868,-74.0109605924668,258,1,65
360470118003001,Brooklyn,40.634538,-74.00875790760786,523,75,56
360470118003002,Brooklyn,40.633334,-74.0067627824074,134,3,8
360470119011000,Brooklyn,40.6771875,-73.98776254759723,64,4,45
360470119011003,Brooklyn,40.675909499999996,-73.98880190222518,7,7,4
360470119011004,Brooklyn,40.675125,-73.98635307920793,5,0,4
360470119011005,Brooklyn,40.6736735,-73.98756246380633,460,200,309
360470119011006,Brooklyn,40.674692,-73.99086830948511,541,12,211
360470119011008,Brooklyn,40.6735415,-73.990941091987,144,25,77
360470119011009,Brooklyn,40.672415,-73.98861293900299,114,3,94
360470119012000,Brooklyn,40.679464499999995,-73.98316156828098,121,1,75
360470119012002,Brooklyn,40.679677999999996,-73.98576627789919,19,0,9
360470119012005,Brooklyn,40.6790405,-73.98568075847459,43,6,24
360470119012006,Brooklyn,40.678951999999995,-73.98648683313439,4,4,3
360470119012007,Brooklyn,40.6795815,-73.98759096536841,29,22,23
360470119012010,Brooklyn,40.6788315,-73.98359007856372,174,4,63
360470119012011,Brooklyn,40.678197499999996,-73.98402012467147,53,0,40
360470119012012,Brooklyn,40.677563,-73.98445070264201,264,3,157
360470119012013,Brooklyn,40.678406499999994,-73.98662559312112,52,0,24
360470119012014,Brooklyn,40.677771,-73.9870563494261,67,0,37
360470119012015,Brooklyn,40.676930999999996,-73.98488794698835,444,167,271
360470119012016,Brooklyn,40.676529,-73.98624907337732,89,31,34
360470119012017,Brooklyn,40.676199499999996,-73.98549708826079,156,0,102
360470119012018,Brooklyn,40.675961,-73.98462734439607,19,3,7
360470119021002,Brooklyn,40.67426449999999,-73.9929963887169,218,42,151
360470119021003,Brooklyn,40.673384,-73.99528253733527,47,8,30
360470119021005,Brooklyn,40.672343,-73.9957565531054,355,18,171
360470119021006,Brooklyn,40.6713805,-73.9973330120189,33,0,17
360470119021009,Brooklyn,40.669948500000004,-73.9969492853954,150,0,131
360470119021011,Brooklyn,40.670846499999996,-73.99587423553163,113,0,90
360470119021012,Brooklyn,40.669073,-73.99671317539267,15,0,13
360470120001000,Brooklyn,40.633411499999994,-74.00993183398273,156,29,25
360470120001001,Brooklyn,40.632849,-74.01051404958677,278,4,141
360470120001002,Brooklyn,40.632268999999994,-74.01111968063444,125,33,39
360470120001003,Brooklyn,40.633598,-74.01332794248572,222,44,78
360470120001004,Brooklyn,40.6349335,-74.01545522653905,161,0,112
360470120001005,Brooklyn,40.634266999999994,-74.01565290878378,3,0,1
360470120001007,Brooklyn,40.6329255,-74.01384263879189,55,0,6
360470120001008,Brooklyn,40.631657000000004,-74.01175265656263,32,0,6
360470120001009,Brooklyn,40.6309915,-74.01023339805097,95,0,19
360470120001010,Brooklyn,40.6312255,-74.0093928868066,29,2,5
360470120001011,Brooklyn,40.631766999999996,-74.00872154814769,48,3,10
360470120001012,Brooklyn,40.632287,-74.0080709125523,97,1,78
360470121001000,Brooklyn,40.672940999999994,-73.99144449542436,928,105,271
360470121001001,Brooklyn,40.671811500000004,-73.98911623626961,182,27,43
360470121001002,Brooklyn,40.6712055,-73.98962181384529,26,16,15
360470121001003,Brooklyn,40.672335000000004,-73.99194799345132,86,53,42
360470121002000,Brooklyn,40.6717315,-73.99245000850175,65,19,48
360470121002001,Brooklyn,40.670685,-73.98999372899536,27,4,10
360470121002003,Brooklyn,40.670002999999994,-73.99062264925305,107,10,22
360470121002004,Brooklyn,40.671132,-73.99295301405618,313,43,219
360470122001000,Brooklyn,40.63987349999999,-74.0175959733028,28,0,4
360470122001001,Brooklyn,40.638526,-74.01536509587712,15,5,3
360470122002000,Brooklyn,40.639301499999995,-74.01818786450043,28,0,2
360470122002001,Brooklyn,40.637956,-74.01595867920837,19,3,3
360470122003000,Brooklyn,40.636497500000004,-74.0178443682737,2,2,1
360470122004000,Brooklyn,40.638743,-74.01877080182527,37,16,22
360470122004001,Brooklyn,40.638180999999996,-74.01935337976539,130,7,52
360470122004002,Brooklyn,40.637823,-74.02006223313782,23,2,11
360470122004003,Brooklyn,40.6370635,-74.01771131188863,87,9,20
360470122004004,Brooklyn,40.6373975,-74.01654114392701,70,0,27
360470126001001,Brooklyn,40.63735,-74.02038142412206,78,0,61
360470126001006,Brooklyn,40.6360245,-74.02182387364164,184,1,153
360470126001007,Brooklyn,40.635141,-74.0218151554198,31,5,7
360470126002002,Brooklyn,40.6356575,-74.0183550224224,26,0,8
360470126002004,Brooklyn,40.6344025,-74.01900589538373,13,0,4
360470126002005,Brooklyn,40.6339485,-74.01938982013293,47,1,40
360470126003002,Brooklyn,40.634409500000004,-74.01707080046225,7,0,0
360470126003003,Brooklyn,40.6334405,-74.01744648124821,7,2,4
360470126003004,Brooklyn,40.6323275,-74.01760710219975,4,1,1
360470127001000,Brooklyn,40.682636,-73.98101392088267,89,4,60
360470127001001,Brooklyn,40.6834805,-73.98318390699919,17,0,9
360470127001002,Brooklyn,40.6820015,-73.9814440572153,35,5,23
360470127002000,Brooklyn,40.681371999999996,-73.9818719699381,49,29,35
360470127002001,Brooklyn,40.680733499999995,-73.98230049833526,18,0,5
360470127002002,Brooklyn,40.6815825,-73.98447426989003,95,0,65
360470127002003,Brooklyn,40.680944499999995,-73.98490743970521,655,5,91
360470127002004,Brooklyn,40.680099,-73.98273194085746,222,36,115
360470127003000,Brooklyn,40.682846,-73.98361041447367,19,0,14
360470127003001,Brooklyn,40.6822145,-73.98404210593844,22,22,22
360470128011002,Brooklyn,40.6305335,-74.01292245533025,12,0,2
360470128011003,Brooklyn,40.6316255,-74.01473593568697,4,0,0
360470128011004,Brooklyn,40.631399,-74.01551764285713,122,0,31
360470128011005,Brooklyn,40.6299315,-74.01345223150204,63,2,32
360470128011006,Brooklyn,40.629093,-74.0120807374084,32,0,19
360470128011007,Brooklyn,40.629901000000004,-74.0114500078534,99,0,15
360470129011000,Brooklyn,40.6846295,-73.97802158836207,20,6,12
360470129011001,Brooklyn,40.6833665,-73.9773300523633,48,0,30
360470129012000,Brooklyn,40.68167,-73.97852830253046,111,1,30
360470129012001,Brooklyn,40.681037,-73.97895989152681,149,8,41
360470129013000,Brooklyn,40.680402,-73.97939055864691,92,14,48
360470129013002,Brooklyn,40.6799235,-73.98022168988439,39,22,25
360470129014000,Brooklyn,40.6829,-73.97760392537313,263,32,65
360470129014001,Brooklyn,40.6823045,-73.97809883412523,86,7,18
360470129021000,Brooklyn,40.679506,-73.97678424501157,155,41,101
360470129021001,Brooklyn,40.678873499999995,-73.97721353012341,117,3,82
360470129022000,Brooklyn,40.68266799999999,-73.97515483076921,1494,74,365
360470129022002,Brooklyn,40.681188500000005,-73.97485555164013,69,8,29
360470129022003,Brooklyn,40.681179,-73.97579788485794,120,6,40
360470129022004,Brooklyn,40.680549,-73.97579016420494,169,44,97
360470129022006,Brooklyn,40.680094999999994,-73.97638797190112,51,13,19
360470130001000,Brooklyn,40.634282,-74.02187876251283,85,13,15
360470130001001,Brooklyn,40.6338315,-74.02042716071429,51,0,19
360470130002000,Brooklyn,40.6324565,-74.01995272819943,30,14,13
360470130002001,Brooklyn,40.63156599999999,-74.02031528102447,41,1,9
360470130003000,Brooklyn,40.631927499999996,-74.02313074328123,17,2,5
360470130003001,Brooklyn,40.630773999999995,-74.0206429150861,43,9,8
360470130004000,Brooklyn,40.6336175,-74.02293274703379,278,9,164
360470130004001,Brooklyn,40.633829,-74.0222411434994,54,3,16
360470130004002,Brooklyn,40.632718999999994,-74.02281038394943,123,40,45
360470131001000,Brooklyn,40.6782385,-73.9776433058135,112,3,50
360470131001001,Brooklyn,40.67916699999999,-73.9802443031809,53,3,27
360470131002000,Brooklyn,40.6775555,-73.97810531702291,178,26,77
360470131002001,Brooklyn,40.6784985,-73.98067894085489,391,7,288
360470131003000,Brooklyn,40.676878,-73.97856723615752,57,2,19
360470131003001,Brooklyn,40.676323499999995,-73.9786750424107,19,0,2
360470131003002,Brooklyn,40.6760995,-73.97913006356235,3,3,2
360470131004000,Brooklyn,40.677865499999996,-73.9811040117801,230,13,49
360470131004001,Brooklyn,40.677398,-73.98143250747162,62,14,29
360470131004002,Brooklyn,40.677104,-73.98171511230589,17,0,8
360470132001000,Brooklyn,40.630692999999994,-74.0158288852075,26,8,3
360470132001001,Brooklyn,40.629238,-74.01416695471804,47,3,15
360470132001002,Brooklyn,40.6294735,-74.0137917450055,10,0,2
360470132002002,Brooklyn,40.6287205,-74.01446382644868,79,56,51
360470132002003,Brooklyn,40.628204,-74.01511014955206,60,8,21
360470132002004,Brooklyn,40.627674,-74.01574901113449,2,0,0
360470133001000,Brooklyn,40.675639000000004,-73.97950414312908,106,24,43
360470133001001,Brooklyn,40.676657,-73.98212191960494,93,23,27
360470133002000,Brooklyn,40.6749755,-73.97985792433605,105,8,44
360470133002001,Brooklyn,40.675962999999996,-73.98239509300889,54,16,35
360470133003000,Brooklyn,40.6743865,-73.98035255334949,86,12,41
360470133003001,Brooklyn,40.67546,-73.98284125134032,63,3,28
360470133004000,Brooklyn,40.6748875,-73.98323863000343,197,14,100
360470133004001,Brooklyn,40.67373,-73.980846,66,23,49
360470134001000,Brooklyn,40.631904,-74.01789662462909,3,0,0
360470134001001,Brooklyn,40.63162749999999,-74.01835408856411,11,0,6
360470134001009,Brooklyn,40.629994999999994,-74.01805431103861,18,0,10
360470134001011,Brooklyn,40.6309745,-74.01841075489716,4,3,0
360470134001013,Brooklyn,40.6297155,-74.01917570411663,1,0,0
360470134001014,Brooklyn,40.629003,-74.01965409146341,13,8,7
360470134001015,Brooklyn,40.627962,-74.01930158239631,14,0,8
360470134001017,Brooklyn,40.629189,-74.018441,34,0,16
360470134002000,Brooklyn,40.631247,-74.02340892699158,52,13,14
360470134002001,Brooklyn,40.630568499999995,-74.02362346987833,182,91,106
360470134002002,Brooklyn,40.629797499999995,-74.02399205473823,136,20,43
360470134003000,Brooklyn,40.630089,-74.02092857536249,105,78,12
360470134003001,Brooklyn,40.629327,-74.02127149504688,128,32,51
360470134003002,Brooklyn,40.6283815,-74.02161822436798,58,15,25
360470134003003,Brooklyn,40.627174,-74.01961857978482,14,2,4
360470135001000,Brooklyn,40.6731285,-73.98134888954583,80,18,28
360470135001001,Brooklyn,40.672526,-73.98184998405874,32,0,9
360470135002000,Brooklyn,40.6730885,-73.98476167424243,186,0,150
360470135002001,Brooklyn,40.6719245,-73.98235450796284,68,22,28
360470135002002,Brooklyn,40.6713215,-73.98285712584041,210,65,72
360470135002003,Brooklyn,40.6724805,-73.98526023327855,203,4,175
360470135003000,Brooklyn,40.6742835,-73.98374138143546,35,10,12
360470135003001,Brooklyn,40.6736825,-73.9842448671628,103,26,66
360470136001003,Brooklyn,40.625696500000004,-74.02023021580426,54,38,40
360470136001004,Brooklyn,40.6268925,-74.02222501436275,21,6,5
360470136001005,Brooklyn,40.627624499999996,-74.0219293991758,58,10,20
360470136001006,Brooklyn,40.6264195,-74.01992647331599,2,2,2
360470136002000,Brooklyn,40.626165,-74.02252491898165,67,10,25
360470136002001,Brooklyn,40.6254325,-74.02282307183108,53,11,10
360470136003000,Brooklyn,40.62758099999999,-74.0249089150071,67,13,37
360470136003001,Brooklyn,40.6268505,-74.02520723933145,133,16,70
360470136004000,Brooklyn,40.6290395,-74.02430908928204,196,7,125
360470136004001,Brooklyn,40.62831,-74.02460812019915,357,11,81
360470137001000,Brooklyn,40.671876,-73.98574887759455,111,16,62
360470137001001,Brooklyn,40.6707185,-73.98335825526007,142,10,37
360470137002000,Brooklyn,40.671273,-73.98625249999999,62,8,32
360470137002001,Brooklyn,40.67011599999999,-73.98386051195348,92,5,32
360470137003000,Brooklyn,40.670669,-73.98675575584727,179,32,102
360470137003001,Brooklyn,40.6700625,-73.98726087197272,145,31,67
360470137003002,Brooklyn,40.6689075,-73.98486998064966,422,13,109
360470137003003,Brooklyn,40.66951399999999,-73.98436436211617,152,66,57
360470138001000,Brooklyn,40.626103,-74.02545149698551,81,9,26
360470138001001,Brooklyn,40.6254055,-74.02579435779164,21,0,7
360470138001002,Brooklyn,40.623975,-74.02342152194959,29,5,9
360470138001003,Brooklyn,40.624702,-74.02312053161754,98,50,21
360470138002000,Brooklyn,40.624674,-74.02609314405731,43,20,20
360470138002001,Brooklyn,40.62394499999999,-74.0263915678647,56,0,20
360470138003000,Brooklyn,40.6232155,-74.0266900984088,43,13,13
360470138003001,Brooklyn,40.62247,-74.0270102691388,425,32,115
360470139001000,Brooklyn,40.667705999999995,-73.98586958939526,67,14,21
360470139001001,Brooklyn,40.667103499999996,-73.98637301942335,47,15,21
360470139002000,Brooklyn,40.667657,-73.98926687873612,51,15,25
360470139002001,Brooklyn,40.666501499999995,-73.986876,196,71,99
360470139003000,Brooklyn,40.668862,-73.98826137873613,73,12,32
360470139003001,Brooklyn,40.6682595,-73.98876312147738,58,15,23
360470139004000,Brooklyn,40.669461,-73.98776350955987,77,3,31
360470139004001,Brooklyn,40.668304,-73.98537088389219,161,42,70
360470140001000,Brooklyn,40.622453,-74.01789608259267,34,5,15
360470140001001,Brooklyn,40.6218195,-74.01834760784834,90,46,38
360470140001002,Brooklyn,40.6211755,-74.01878521457334,19,2,9
360470140001003,Brooklyn,40.622009999999996,-74.0201664485385,15,0,3
360470140002000,Brooklyn,40.621352,-74.02056664692543,26,0,8
360470140002002,Brooklyn,40.619626,-74.0211173801653,7,0,1
360470140002004,Brooklyn,40.620529,-74.01922410129288,16,0,5
360470140002005,Brooklyn,40.619626,-74.02036915782665,47,2,23
360470140002006,Brooklyn,40.6189595,-74.0207084414557,61,52,27
360470140002007,Brooklyn,40.619364,-74.02188576387249,174,23,37
360470141011000,Brooklyn,40.6670545,-73.98976873979527,38,0,7
360470141011001,Brooklyn,40.666453000000004,-73.99027187895638,126,20,46
360470141011002,Brooklyn,40.665297499999994,-73.98788088200524,98,14,29
360470141011003,Brooklyn,40.6659,-73.98737937102499,69,4,32
360470141021000,Brooklyn,40.66584999999999,-73.99077512963046,85,7,44
360470141021001,Brooklyn,40.665234999999996,-73.99134616572039,33,7,13
360470141022000,Brooklyn,40.664694,-73.98838239417763,49,3,13
360470141022001,Brooklyn,40.663993,-73.98902453818826,591,43,159
360470142001000,Brooklyn,40.624981500000004,-74.0205571467259,3,2,2
360470142001001,Brooklyn,40.6247195,-74.02124334230288,19,0,16
360470142001004,Brooklyn,40.622974,-74.02177820030474,10,0,8
360470142001006,Brooklyn,40.6210185,-74.02295775187994,43,0,17
360470142001008,Brooklyn,40.622406,-74.02208968523676,1,0,1
360470142001015,Brooklyn,40.620499499999994,-74.02375230633592,27,3,4
360470142002000,Brooklyn,40.621786,-74.02432121575771,33,2,5
360470142002001,Brooklyn,40.621234,-74.02497665134342,26,7,9
360470142003000,Brooklyn,40.623242499999996,-74.02371527468424,36,9,20
360470142003001,Brooklyn,40.6225185,-74.02401855538751,56,17,29
360470143001000,Brooklyn,40.6657915,-73.99398515718732,67,0,56
360470143001001,Brooklyn,40.66447599999999,-73.99202589459833,56,29,15
360470143001002,Brooklyn,40.664756499999996,-73.99173419017451,3,0,0
360470143001004,Brooklyn,40.663050999999996,-73.98977083263199,39,0,7
360470143001005,Brooklyn,40.663968499999996,-73.99247355389952,36,0,7
360470143001006,Brooklyn,40.6652345,-73.99457337000274,19,3,6
360470143002000,Brooklyn,40.6626555,-73.99029828169007,94,5,46
360470143002001,Brooklyn,40.662084,-73.9908627399212,158,6,68
360470143002002,Brooklyn,40.6635325,-73.99363623564,100,1,84
360470143002003,Brooklyn,40.664494,-73.99524603132318,40,0,28
360470143002004,Brooklyn,40.664895,-73.99513914171428,97,56,85
360470143002005,Brooklyn,40.663672999999996,-73.99311494587812,4,0,1
360470143003000,Brooklyn,40.6641135,-73.99573932823908,263,13,179
360470143003001,Brooklyn,40.6629475,-73.99380399708093,115,20,51
360470143003002,Brooklyn,40.661524,-73.991445,64,2,32
360470145001000,Brooklyn,40.660964,-73.9920275,51,17,26
360470145001001,Brooklyn,40.6604045,-73.99261083467621,68,10,39
360470145001002,Brooklyn,40.659842999999995,-73.99319313614515,29,9,23
360470145002000,Brooklyn,40.661191,-73.9954263792647,19,4,6
360470145002001,Brooklyn,40.66063199999999,-73.99600908641693,58,6,32
360470145003000,Brooklyn,40.662994,-73.9969048705397,221,152,182
360470145003001,Brooklyn,40.662434000000005,-73.99749020914473,87,4,34
360470145003002,Brooklyn,40.661874499999996,-73.99807278465357,60,2,42
360470145004000,Brooklyn,40.663553,-73.99631662667261,125,53,69
360470145004001,Brooklyn,40.662381499999995,-73.99437553349591,84,0,36
360470145004002,Brooklyn,40.661818,-73.99495416645794,209,5,46
360470145004003,Brooklyn,40.661697000000004,-73.99324428817951,33,15,11
360470147001000,Brooklyn,40.66110499999999,-73.98813255933047,78,75,73
360470147001001,Brooklyn,40.660937,-73.98896292895563,267,0,233
360470147001002,Brooklyn,40.660197499999995,-73.989239657491,25,2,13
360470147002000,Brooklyn,40.659634499999996,-73.9898226938935,21,5,7
360470147002001,Brooklyn,40.6590745,-73.990405104084,27,2,12
360470147002002,Brooklyn,40.6585165,-73.9909833823175,4,3,0
360470148001000,Brooklyn,40.618409,-74.01119238454912,5,0,0
360470148001001,Brooklyn,40.61785,-74.01177320977443,18,3,5
360470148001002,Brooklyn,40.617290999999994,-74.01235480567637,45,32,26
360470148002000,Brooklyn,40.6167315,-74.01293563098298,18,0,4
360470148002001,Brooklyn,40.616172999999996,-74.013518,49,10,32
360470148002002,Brooklyn,40.615612999999996,-74.01409840525127,22,2,1
360470148002003,Brooklyn,40.6150265,-74.01470243133934,17,4,3
360470149011000,Brooklyn,40.6647585,-73.9850183622573,127,3,67
360470149011001,Brooklyn,40.6641555,-73.985519873939,107,9,42
360470149012000,Brooklyn,40.6636165,-73.98265700000002,86,22,44
360470149012001,Brooklyn,40.663014,-73.98315961821365,68,5,41
360470149021000,Brooklyn,40.6624115,-73.9836622640105,56,7,20
360470149021001,Brooklyn,40.66181,-73.98416484528815,13,3,3
360470149021002,Brooklyn,40.661203,-73.98473408545172,32,11,11
360470149022000,Brooklyn,40.661865999999996,-73.98791035606061,1,1,0
360470149022001,Brooklyn,40.6615355,-73.9869339201428,12,8,7
360470149022002,Brooklyn,40.6605335,-73.985300446509,257,4,170
360470149022003,Brooklyn,40.6600935,-73.98598106869369,15,14,13
360470149023000,Brooklyn,40.66363,-73.986180326468,22,2,15
360470149023001,Brooklyn,40.663121,-73.98748963082367,7,1,6
360470149023002,Brooklyn,40.662704,-73.98673124521562,14,1,11
360470149023003,Brooklyn,40.662380999999996,-73.98590581558442,6,0,2
360470150001000,Brooklyn,40.6170795,-74.00899075622308,45,1,11
360470150001001,Brooklyn,40.616519499999995,-74.00956963098298,6,6,1
360470150001002,Brooklyn,40.6159605,-74.01015171090225,19,0,6
360470150002000,Brooklyn,40.6154015,-74.01073409519327,90,0,62
360470150002001,Brooklyn,40.614842499999995,-74.01131621036814,14,6,11
360470150002002,Brooklyn,40.614283,-74.0118965498246,18,0,6
360470150002003,Brooklyn,40.6137015,-74.01250427391207,22,4,3
360470151001000,Brooklyn,40.666022,-73.98065124788366,76,28,41
360470151001001,Brooklyn,40.665424,-73.98115062594448,219,34,98
360470151002000,Brooklyn,40.664822,-73.9816535079776,105,0,67
360470151002001,Brooklyn,40.6642195,-73.982155,68,49,47
360470151003000,Brooklyn,40.665963,-73.98401323663452,62,13,31
360470151003001,Brooklyn,40.665361000000004,-73.9845162642419,60,6,19
360470151004000,Brooklyn,40.6671625,-73.98301012018389,154,7,45
360470151004001,Brooklyn,40.6665645,-73.98351001974794,58,14,21
360470152001000,Brooklyn,40.614109,-74.026566163106,3,0,1
360470152001001,Brooklyn,40.614183,-74.0259511449595,5,5,1
360470152001002,Brooklyn,40.612708999999995,-74.02503722033899,1608,45,1489
360470152001004,Brooklyn,40.612984999999995,-74.02718333218557,1,0,0
360470152002000,Brooklyn,40.6163635,-74.02515536206413,46,1,18
360470152002002,Brooklyn,40.616063,-74.02350160377586,4,0,0
360470152002004,Brooklyn,40.615665,-74.02294366992619,328,69,230
360470152003001,Brooklyn,40.61828,-74.02193455110074,3,0,1
360470152003002,Brooklyn,40.61729,-74.02277297690131,3,0,0
360470152003003,Brooklyn,40.6177385,-74.0236768480911,35,0,13
360470152003004,Brooklyn,40.616994,-74.02210519264068,19,3,12
360470153001000,Brooklyn,40.668437,-73.9786362849065,345,7,217
360470153001001,Brooklyn,40.66783649999999,-73.97914350925205,669,40,623
360470153002000,Brooklyn,40.667230499999995,-73.97964050562712,52,11,17
360470153002001,Brooklyn,40.6666245,-73.98014863215256,95,9,30
360470153003000,Brooklyn,40.6683725,-73.98200225187341,120,4,27
360470153003001,Brooklyn,40.667764,-73.98250648432239,102,11,36
360470153004000,Brooklyn,40.669579999999996,-73.98099767197435,26,7,12
360470153004001,Brooklyn,40.668974999999996,-73.98149964535901,59,15,13
360470155001000,Brooklyn,40.6719855,-73.97898848045281,264,0,224
360470155001001,Brooklyn,40.670844,-73.97662814705882,64,7,20
360470155002000,Brooklyn,40.671383500000005,-73.9794910427054,70,6,42
360470155002001,Brooklyn,40.6702425,-73.97712895464262,91,12,41
360470155003000,Brooklyn,40.670781999999996,-73.97999237382268,70,8,46
360470155003001,Brooklyn,40.669641,-73.97763211798247,114,18,63
360470155004000,Brooklyn,40.670179000000005,-73.98049304730785,102,3,19
360470155004001,Brooklyn,40.66904149999999,-73.97813533776451,98,0,79
360470157001000,Brooklyn,40.6737325,-73.9746132239263,88,29,38
360470157001001,Brooklyn,40.674690999999996,-73.97707033847448,304,25,180
360470157002000,Brooklyn,40.673034,-73.97487387577002,150,94,94
360470157002001,Brooklyn,40.6739995,-73.97735445905624,64,20,25
360470157003000,Brooklyn,40.672003,-73.97456426810865,37,35,33
360470157003001,Brooklyn,40.67224349999999,-73.97546327479783,10,1,5
360470157003002,Brooklyn,40.6725935,-73.97626776190342,107,32,54
360470157003003,Brooklyn,40.673329499999994,-73.97790153882889,90,10,24
360470157004000,Brooklyn,40.672588,-73.97848674397727,158,9,33
360470157004001,Brooklyn,40.6713675,-73.97596668612819,48,6,22
360470159001000,Brooklyn,40.674927499999995,-73.97356241298766,85,4,19
360470159001001,Brooklyn,40.674318,-73.97351871530257,77,6,42
360470159001002,Brooklyn,40.674226,-73.97430746326012,14,5,8
360470159002000,Brooklyn,40.67590249999999,-73.97606457379806,49,3,21
360470159002001,Brooklyn,40.6752555,-73.97593843611315,197,133,111
360470159002002,Brooklyn,40.6749965,-73.97630404071099,47,0,21
360470159003000,Brooklyn,40.677254500000004,-73.97514841650653,105,35,17
360470159003001,Brooklyn,40.6765795,-73.97560496102776,226,12,66
360470159004000,Brooklyn,40.676083999999996,-73.97242280813953,126,22,59
360470159004001,Brooklyn,40.675597499999995,-73.97310413193588,163,29,96
360470159005000,Brooklyn,40.674882499999995,-73.97033401616808,14,13,0
360470159006000,Brooklyn,40.6758305,-73.9705015775076,100,38,46
360470159006001,Brooklyn,40.675155,-73.97146794574468,21,10,11
360470159006002,Brooklyn,40.6742505,-73.97195437992124,63,13,23
360470159006003,Brooklyn,40.673913999999996,-73.97232568464567,71,25,33
360470159006004,Brooklyn,40.673106,-73.97157692421602,21,1,11
360470160001000,Brooklyn,40.619682,-74.02451884728495,4,0,2
360470160001002,Brooklyn,40.618622,-74.02545145456446,7,3,3
360470160001004,Brooklyn,40.617962999999996,-74.02438757705193,5,0,3
360470160001005,Brooklyn,40.61760699999999,-74.02631872041763,11,2,4
360470160002000,Brooklyn,40.616980999999996,-74.02944047185227,44,10,30
360470160002001,Brooklyn,40.616391,-74.02867490471672,39,11,16
360470160003000,Brooklyn,40.619461,-74.02731384725848,41,1,32
360470160003001,Brooklyn,40.619063499999996,-74.0263375210018,10,0,4
360470160003002,Brooklyn,40.617849,-74.02738367041755,38,4,24
360470160003003,Brooklyn,40.618244499999996,-74.02835633092259,207,7,168
360470160004000,Brooklyn,40.621743499999994,-74.02744309472476,303,5,53
360470160004001,Brooklyn,40.6205845,-74.02634825452489,123,12,27
360470160004002,Brooklyn,40.621019000000004,-74.02785501347526,105,2,20
360470160004003,Brooklyn,40.620594,-74.02851470224395,211,5,153
360470160004004,Brooklyn,40.619791,-74.02864176326918,21,0,9
360470160004005,Brooklyn,40.6201545,-74.02539320091942,49,4,8
360470161001000,Brooklyn,40.679908999999995,-73.97294593534713,218,3,127
360470161001001,Brooklyn,40.6789225,-73.97276427501798,256,53,170
360470161001002,Brooklyn,40.677775499999996,-73.97236784052214,44,3,18
360470161001003,Brooklyn,40.678196,-73.97280194108085,120,78,38
360470161003000,Brooklyn,40.6815625,-73.97253928068935,101,32,90
360470161003001,Brooklyn,40.6807915,-73.97281149214564,437,0,353
360470161004001,Brooklyn,40.678985999999995,-73.97408880063867,58,0,26
360470161004002,Brooklyn,40.678319,-73.97403075609756,273,99,151
360470161004003,Brooklyn,40.677342499999995,-73.97304295768025,115,0,35
360470161004004,Brooklyn,40.6778905,-73.97471579256863,21,1,9
360470162001000,Brooklyn,40.615427499999996,-74.02803470305776,9,9,2
360470162001001,Brooklyn,40.61567649999999,-74.02996390178686,119,29,40
360470162001002,Brooklyn,40.6150725,-74.03082613751376,174,0,137
360470162002001,Brooklyn,40.6139685,-74.03140099999999,25,22,13
360470162002002,Brooklyn,40.613262,-74.03200955136043,3,3,0
360470162002003,Brooklyn,40.61267099999999,-74.0325100471037,116,0,90
360470162002004,Brooklyn,40.6119975,-74.03309329830918,13,5,5
360470163002000,Brooklyn,40.6809025,-73.96939885595181,242,52,178
360470163002001,Brooklyn,40.680136,-73.9696739308996,223,38,145
360470163002002,Brooklyn,40.679314,-73.96996839429525,93,34,63
360470163003000,Brooklyn,40.6784355,-73.97028456121868,91,4,43
360470163003001,Brooklyn,40.677555999999996,-73.97060339863145,246,9,182
360470163004000,Brooklyn,40.676598999999996,-73.97064203022003,151,10,54
360470164001001,Brooklyn,40.614639499999996,-74.02703386999521,2,2,2
360470164001005,Brooklyn,40.61071749999999,-74.02784972117179,77,1,24
360470164001006,Brooklyn,40.611655,-74.0285219668175,2,0,0
360470164001016,Brooklyn,40.6078925,-74.02380997395797,8,8,2
360470164001027,Brooklyn,40.6070595,-74.02561563875946,42,40,39
360470164001029,Brooklyn,40.606691,-74.02999357712278,56,56,54
360470165001000,Brooklyn,40.6726735,-73.97177862790699,107,77,52
360470165001001,Brooklyn,40.6720435,-73.97233719100689,78,27,45
360470165002000,Brooklyn,40.671516,-73.97282432307765,32,13,19
360470165002001,Brooklyn,40.6709025,-73.97325397495584,85,17,22
360470165002002,Brooklyn,40.6703025,-73.97375783691086,185,21,72
360470165003000,Brooklyn,40.6697,-73.97425811083073,75,13,57
360470165003001,Brooklyn,40.6690985,-73.97476200798282,60,2,10
360470165003002,Brooklyn,40.668496499999996,-73.97526561901654,20,6,8
360470165004000,Brooklyn,40.667895,-73.97576900643105,13,3,5
360470165004001,Brooklyn,40.66729599999999,-73.97627577126102,614,18,500
360470166001000,Brooklyn,40.621069500000004,-74.015595,1,0,0
360470166001001,Brooklyn,40.620512000000005,-74.01617844158571,4,0,0
360470166001002,Brooklyn,40.619949999999996,-74.01675868787035,1,1,1
360470166001003,Brooklyn,40.619391,-74.01734096970054,4,2,2
360470166001005,Brooklyn,40.6182725,-74.01850283420154,1,1,1
360470166001006,Brooklyn,40.617692,-74.0191086747448,5,4,4
360470166002000,Brooklyn,40.619738999999996,-74.01339290539919,2,1,1
360470166002001,Brooklyn,40.619179,-74.01397434635132,240,0,208
360470166002004,Brooklyn,40.617503,-74.01571923981228,1,0,1
360470166002005,Brooklyn,40.616941999999995,-74.01629937668267,1,1,1
360470166002006,Brooklyn,40.61636,-74.01690492046549,3,0,1
360470167001000,Brooklyn,40.666691,-73.97677364664722,39,1,22
360470167001001,Brooklyn,40.666087999999995,-73.97727275317635,73,6,48
360470167002000,Brooklyn,40.6654815,-73.97777813574893,213,133,179
360470167002001,Brooklyn,40.664880999999994,-73.97828336944593,41,9,29
360470167003000,Brooklyn,40.664282,-73.97878397411844,19,7,4
360470167003001,Brooklyn,40.663675999999995,-73.97928422233821,45,12,32
360470167004000,Brooklyn,40.663073,-73.97978599726305,58,11,33
360470167004001,Brooklyn,40.662473,-73.98029139515472,425,316,339
360470167004002,Brooklyn,40.661868,-73.98078785499052,27,11,9
360470168001001,Brooklyn,40.605344,-74.0152122828826,7,1,1
360470168001002,Brooklyn,40.604772,-74.014619727496,1,0,1
360470168001004,Brooklyn,40.6046015,-74.01321289719293,3,0,0
360470169001000,Brooklyn,40.6601305,-73.97894446215773,44,9,13
360470169001001,Brooklyn,40.659605,-73.97960868733567,70,2,24
360470169002000,Brooklyn,40.661347,-73.98145330207731,91,21,64
360470169002001,Brooklyn,40.6606675,-73.98180475190142,112,36,53
360470169003000,Brooklyn,40.6599655,-73.98243158136862,179,11,91
360470169003001,Brooklyn,40.6591125,-73.9809024639965,72,0,50
360470169003002,Brooklyn,40.6587065,-73.98015743389547,6,1,3
360470169003003,Brooklyn,40.658354,-73.97934388587443,14,2,4
360470169004000,Brooklyn,40.6592035,-73.98309765906698,34,9,12
360470169004001,Brooklyn,40.657706999999995,-73.98061557494364,16,2,5
360470169005000,Brooklyn,40.658593499999995,-73.98357455815929,102,9,73
360470169005001,Brooklyn,40.6573255,-73.98146198453449,18,2,2
360470170001001,Brooklyn,40.6125115,-74.01052950788288,199,0,48
360470170001002,Brooklyn,40.610780999999996,-74.01076518918767,37,2,7
360470170002000,Brooklyn,40.611663,-74.01222506451697,32,0,4
360470170002001,Brooklyn,40.611221,-74.0114951321714,85,13,23
360470170002002,Brooklyn,40.609533,-74.01325220035156,7,0,2
360470170002003,Brooklyn,40.609973,-74.01398143052612,196,1,166
360470170003000,Brooklyn,40.609092499999996,-74.01252237336237,55,0,34
360470170003001,Brooklyn,40.607436,-74.01425578825281,14,0,9
360470170003002,Brooklyn,40.607856,-74.01500496493887,3,3,1
360470170003003,Brooklyn,40.6082825,-74.0157477621318,5,5,0
360470171001000,Brooklyn,40.658989999999996,-73.97658518857651,98,13,70
360470171001001,Brooklyn,40.658386,-73.97708359946033,31,1,17
360470171001002,Brooklyn,40.6568695,-73.97435760918003,15,3,6
360470171001003,Brooklyn,40.6580325,-73.97491208518144,4,0,2
360470171002000,Brooklyn,40.657782999999995,-73.97758754912272,11,9,2
360470171002001,Brooklyn,40.656800499999996,-73.97554123083779,141,5,89
360470171002002,Brooklyn,40.655824499999994,-73.9741166465863,24,22,11
360470171003000,Brooklyn,40.657195,-73.9781438557936,197,33,76
360470171003002,Brooklyn,40.656271,-73.97599637814645,2,2,2
360470171003003,Brooklyn,40.654923,-73.97596595673076,1,0,0
360470171004000,Brooklyn,40.6566895,-73.97857825020264,1,1,1
360470171004002,Brooklyn,40.655995499999996,-73.97927221766025,5,0,1
360470172001000,Brooklyn,40.611666,-74.00748010561739,18,3,2
360470172001001,Brooklyn,40.611181,-74.00832571983409,96,14,52
360470172001002,Brooklyn,40.610331,-74.010023302787,53,2,9
360470172001003,Brooklyn,40.609891,-74.00929450812804,31,1,10
360470172001004,Brooklyn,40.609309999999994,-74.00905703909106,29,21,12
360470172001005,Brooklyn,40.607662499999996,-74.01074635839471,4,1,1
360470172001007,Brooklyn,40.609309999999994,-74.00845212423629,3,0,1
360470172002000,Brooklyn,40.608644,-74.01178013365154,3,0,1
360470172002001,Brooklyn,40.6082045,-74.01105129968109,15,15,15
360470172002002,Brooklyn,40.6065825,-74.01273829103437,1,0,1
360470172002004,Brooklyn,40.606063999999996,-74.01239715269634,19,0,6
360470172002005,Brooklyn,40.6059635,-74.01189617538951,10,0,0
360470174001000,Brooklyn,40.604132,-74.01272036355313,2,2,1
360470174001001,Brooklyn,40.603573999999995,-74.01203671390805,8,2,0
360470174001002,Brooklyn,40.6030945,-74.01123375715162,18,7,12
360470174002000,Brooklyn,40.605709,-74.0111842539107,16,1,14
360470174002001,Brooklyn,40.605237,-74.01034576674101,45,0,32
360470174002002,Brooklyn,40.6047645,-74.00950862384673,19,2,1
360470175001000,Brooklyn,40.652114499999996,-73.99099306020942,2,0,0
360470176001000,Brooklyn,40.6034715,-74.00720710049683,50,0,4
360470176001001,Brooklyn,40.60193149999999,-74.00880015582091,25,0,7
360470176001002,Brooklyn,40.601534,-74.00807759444152,2,2,1
360470176002000,Brooklyn,40.6043145,-74.00870224904347,32,8,9
360470176002001,Brooklyn,40.603894,-74.00795274595484,149,142,77
360470176002002,Brooklyn,40.6020635,-74.00985218974428,17,4,10
360470176002003,Brooklyn,40.603183,-74.0098750484127,51,46,20
360470177001000,Brooklyn,40.668172,-73.96395077121296,5,0,2
360470177001004,Brooklyn,40.661617,-73.96385541892127,51,0,28
360470177001005,Brooklyn,40.6632265,-73.970164,70,0,12
360470177001013,Brooklyn,40.6507515,-73.96840788061223,6,0,1
360470178001000,Brooklyn,40.609382499999995,-74.0034429874031,1,0,0
360470178001001,Brooklyn,40.608671,-74.00417080293346,36,6,12
360470178001002,Brooklyn,40.60752,-74.00536900769089,44,17,9
360470178001003,Brooklyn,40.607981499999994,-74.0030333641546,57,15,19
360470178001004,Brooklyn,40.608375499999994,-74.002316859447,218,3,166
360470178001005,Brooklyn,40.6084905,-74.00144901785714,24,5,15
360470178002000,Brooklyn,40.6070785,-74.00464265838899,43,15,17
360470178002001,Brooklyn,40.60663649999999,-74.00390976224719,215,30,140
360470178002002,Brooklyn,40.6055465,-74.00504997668477,41,2,11
360470178002003,Brooklyn,40.605987,-74.00577608690374,2,0,0
360470178002005,Brooklyn,40.6055875,-74.00737744852498,71,27,26
360470178002006,Brooklyn,40.605146500000004,-74.0066497012258,18,0,9
360470178002007,Brooklyn,40.6047065,-74.00592230391354,46,8,25
360470179001000,Brooklyn,40.6831095,-73.96939610999073,55,0,47
360470179001001,Brooklyn,40.684293,-73.97058914888889,16,0,1
360470179001002,Brooklyn,40.68293,-73.97032477258435,6,0,4
360470179002000,Brooklyn,40.6840835,-73.97151773809523,73,68,37
360470179002001,Brooklyn,40.685006,-73.97245298491379,1,1,0
360470179002002,Brooklyn,40.685095,-73.97297368563684,4,4,3
360470179002003,Brooklyn,40.684829,-73.97365247431875,309,21,214
360470179003000,Brooklyn,40.685388,-73.96981436989677,3,3,1
360470179003001,Brooklyn,40.6855425,-73.97083854150763,120,6,101
360470180001000,Brooklyn,40.610325,-74.00509978264986,6,0,0
360470180001001,Brooklyn,40.609829,-74.00608771130553,64,5,14
360470180001002,Brooklyn,40.6089795,-74.0077824180874,6,6,6
360470180001003,Brooklyn,40.608487499999995,-74.00696684994821,29,15,12
360470180002000,Brooklyn,40.60799349999999,-74.00615207383566,150,25,52
360470180002001,Brooklyn,40.606059,-74.00816354942239,136,5,91
360470180002002,Brooklyn,40.6067985,-74.00872259980962,42,23,25
360470180002003,Brooklyn,40.6074365,-74.00938575923655,32,2,15
360470181001000,Brooklyn,40.6885355,-73.972418223369,75,6,53
360470181001001,Brooklyn,40.68657399999999,-73.97202788600754,8,0,1
360470181002000,Brooklyn,40.688509999999994,-73.97364247859548,82,20,65
360470181002001,Brooklyn,40.688509999999994,-73.97315255255818,4,0,3
360470181002002,Brooklyn,40.68659149999999,-73.97326338570839,101,80,76
360470181002003,Brooklyn,40.68659149999999,-73.97277015376105,71,28,47
360470181003000,Brooklyn,40.688483,-73.97437351246509,46,9,24
360470181003001,Brooklyn,40.68675,-73.97403447652388,196,7,104
360470181003002,Brooklyn,40.686097000000004,-73.97415232663317,119,3,32
360470181004000,Brooklyn,40.68822,-73.9703775721681,64,11,38
360470181004001,Brooklyn,40.688163,-73.97136060626912,96,1,84
360470181004002,Brooklyn,40.686851000000004,-73.9710985,93,5,23
360470181004003,Brooklyn,40.686963,-73.97012676946721,110,1,86
360470182001000,Brooklyn,40.6145585,-74.00067119731509,69,41,16
360470182001001,Brooklyn,40.61438,-74.0015058582548,183,1,15
360470182001002,Brooklyn,40.6137145,-74.0019110062064,30,1,3
360470182001003,Brooklyn,40.6130455,-74.00230930261365,567,0,493
360470182002001,Brooklyn,40.611631,-74.0014148373997,10,2,2
360470182002002,Brooklyn,40.612455999999995,-74.0028405660888,14,3,5
360470182002003,Brooklyn,40.611894,-74.0034213476169,10,4,6
360470182002004,Brooklyn,40.611338,-74.0040058411091,118,109,62
360470182002005,Brooklyn,40.6108205,-74.00447723398555,23,18,5
360470182002006,Brooklyn,40.610597,-74.00221710344827,10,0,5
360470183001000,Brooklyn,40.6923685,-73.97019004816903,152,9,54
360470183001001,Brooklyn,40.692406,-73.97120998789808,70,20,27
360470183001002,Brooklyn,40.690573,-73.9708455,129,10,71
360470183001003,Brooklyn,40.690535,-73.969826,127,23,61
360470183002000,Brooklyn,40.690611000000004,-73.97184765695383,57,4,27
360470183002001,Brooklyn,40.690651,-73.97283939731948,37,17,9
360470183003000,Brooklyn,40.692445,-73.97222365148775,40,14,24
360470183003001,Brooklyn,40.692479,-73.97321449388843,118,6,68
360470184001000,Brooklyn,40.6139805,-74.00536755751077,2,2,0
360470184001002,Brooklyn,40.61330099999999,-74.00575064446952,177,1,148
360470184001003,Brooklyn,40.612742,-74.00633244999123,1,0,1
360470184001004,Brooklyn,40.612183,-74.00687656450862,2,0,2
360470184002000,Brooklyn,40.61519,-74.00736980466007,2,2,0
360470184002001,Brooklyn,40.614630500000004,-74.00795078909775,33,1,5
360470184002002,Brooklyn,40.614070999999996,-74.00853246944844,10,2,1
360470184002003,Brooklyn,40.6135125,-74.00911364465763,2,0,1
360470185011002,Brooklyn,40.694751499999995,-73.97269763502227,84,4,61
360470185012003,Brooklyn,40.695578999999995,-73.97483069616204,137,131,115
360470185013001,Brooklyn,40.694747,-73.9756371640523,6,0,3
360470185014000,Brooklyn,40.693923999999996,-73.9741415444292,46,0,6
360470186001000,Brooklyn,40.615538,-74.00342248629546,7,0,2
360470186001001,Brooklyn,40.6150805,-74.00417358620045,38,17,20
360470186001003,Brooklyn,40.613875,-74.00368779480061,16,15,5
360470186001004,Brooklyn,40.6145425,-74.00479119285741,7,0,1
360470186002000,Brooklyn,40.616868,-74.00562432549305,2,2,2
360470186002001,Brooklyn,40.616309,-74.00620638471719,3,0,0
360470186002002,Brooklyn,40.615747999999996,-74.00678686102637,2,0,1
360470187001004,Brooklyn,40.695938,-73.9698802228885,2,2,2
360470187001005,Brooklyn,40.694455,-73.96958470009073,109,41,58
360470187001006,Brooklyn,40.694501,-73.97061434582088,81,19,66
360470187001007,Brooklyn,40.69453,-73.97163296043901,293,90,144
360470188001000,Brooklyn,40.6191915,-74.00320864492481,8,2,4
360470188001001,Brooklyn,40.61861,-74.0038122745097,9,4,1
360470188001002,Brooklyn,40.61728049999999,-74.00161113692711,6,6,2
360470188001003,Brooklyn,40.617858999999996,-74.00100795707066,9,0,2
360470188001004,Brooklyn,40.6171605,-73.99974986483211,4,0,1
360470188001005,Brooklyn,40.6164675,-74.00020806002587,25,3,14
360470188002000,Brooklyn,40.618007999999996,-74.00443995255796,2,0,1
360470188002001,Brooklyn,40.6174275,-74.00504377057396,8,7,3
360470188002002,Brooklyn,40.6160965,-74.00284125976722,18,1,1
360470188002003,Brooklyn,40.616677499999994,-74.00223750071444,25,5,10
360470188002004,Brooklyn,40.615331,-74.00044954723225,8,2,1
360470190001000,Brooklyn,40.6238655,-73.99882962982852,5787,55,1075
360470190001001,Brooklyn,40.623161499999995,-73.99923545060469,24,5,6
360470190001002,Brooklyn,40.622499,-73.9997483159401,43,11,19
360470190001003,Brooklyn,40.621887,-73.99840968810467,8,1,0
360470190001004,Brooklyn,40.6210275,-73.99895874867899,19,0,9
360470190002000,Brooklyn,40.6219665,-74.00034275451674,38,4,15
360470190002001,Brooklyn,40.621468,-74.00056780562309,5,3,1
360470190002002,Brooklyn,40.621429,-74.00125645934395,27,1,10
360470190002003,Brooklyn,40.6203055,-73.9992134980315,171,57,120
360470190002005,Brooklyn,40.619333499999996,-73.99930073747444,32,0,4
360470190003000,Brooklyn,40.620868,-74.00146407068243,8,2,1
360470190003001,Brooklyn,40.620309999999996,-74.00204627051657,7,3,5
360470190003002,Brooklyn,40.619750499999995,-74.00262711553003,3,3,3
360470190003003,Brooklyn,40.618492,-74.00054591173134,76,6,9
360470190003004,Brooklyn,40.6191555,-74.00013599846604,6,0,0
360470191001000,Brooklyn,40.6972915,-73.96131444327227,289,20,186
360470191001007,Brooklyn,40.696714,-73.96215238139214,12,5,1
360470191001008,Brooklyn,40.695049499999996,-73.96188389072121,285,15,154
360470191001009,Brooklyn,40.695161999999996,-73.96086451198119,73,18,28
360470191001010,Brooklyn,40.69488,-73.962897036871,73,11,16
360470191001011,Brooklyn,40.695797999999996,-73.96424526548672,20,0,10
360470191001012,Brooklyn,40.69512949999999,-73.96389874319334,60,13,24
360470191002003,Brooklyn,40.6958255,-73.9668839642361,279,0,86
360470191002006,Brooklyn,40.69510699999999,-73.96483037075538,281,8,194
360470191002007,Brooklyn,40.694571999999994,-73.96566885669077,32,2,6
360470191002008,Brooklyn,40.694539,-73.96662544269279,153,11,98
360470191003004,Brooklyn,40.694478000000004,-73.96858622852298,10,1,4
360470191003005,Brooklyn,40.6945145,-73.96760764122595,116,83,86
360470192001000,Brooklyn,40.630371,-73.99875083463613,302,76,67
360470192001001,Brooklyn,40.6288385,-73.9966025767857,78,13,38
360470192002000,Brooklyn,40.6298,-73.99934326666168,56,12,14
360470192002001,Brooklyn,40.6292215,-73.9999485908824,134,53,79
360470192002003,Brooklyn,40.6275535,-73.99832539189188,2,0,0
360470192002004,Brooklyn,40.62795199999999,-73.99785339094907,763,423,335
360470192002005,Brooklyn,40.628645,-73.9974389551495,167,34,102
360470192003001,Brooklyn,40.6282265,-74.000976745414,1,0,0
360470192003002,Brooklyn,40.6279505,-74.00127173148744,3,0,0
360470192003003,Brooklyn,40.626761,-73.998925668376,122,11,59
360470192004000,Brooklyn,40.626402999999996,-73.99721211004274,9,0,4
360470192004001,Brooklyn,40.625939,-73.9975211289614,44,2,22
360470193001000,Brooklyn,40.693428499999996,-73.96154359955891,56,3,22
360470193001001,Brooklyn,40.692950499999995,-73.96319181969992,23,0,7
360470193001002,Brooklyn,40.692429,-73.96476441777467,202,42,79
360470193002000,Brooklyn,40.6932705,-73.96045893462508,40,30,26
360470193002001,Brooklyn,40.691435999999996,-73.96007591587085,50,11,11
360470193003000,Brooklyn,40.69121749999999,-73.9620252886512,242,0,215
360470193003001,Brooklyn,40.69099,-73.96400543903798,3439,6,1092
360470193004000,Brooklyn,40.688914999999994,-73.96462270673076,214,11,180
360470193004001,Brooklyn,40.68915749999999,-73.9621919657652,82,18,35
360470194001000,Brooklyn,40.6262,-73.99950537694113,13,0,1
360470194001001,Brooklyn,40.62562,-74.00010872645063,54,16,14
360470194001002,Brooklyn,40.6241,-73.99800173360654,72,5,18
360470194001003,Brooklyn,40.6248885,-73.99772902795839,6246,19,799
360470194002000,Brooklyn,40.625018,-74.0007346791954,29,1,8
360470194002001,Brooklyn,40.624436,-74.00133876852041,54,2,25
360470194003000,Brooklyn,40.6275305,-74.00170654482659,2,0,0
360470194003001,Brooklyn,40.626948,-74.00230859409973,12,2,5
360470194003002,Brooklyn,40.626346999999996,-74.00293595312252,71,0,32
360470195001000,Brooklyn,40.692319999999995,-73.96618279416404,45,12,22
360470195001001,Brooklyn,40.690769,-73.96587221820502,23,15,9
360470195002000,Brooklyn,40.692493,-73.9672055566919,35,7,13
360470195002001,Brooklyn,40.690383,-73.96678054684196,27,6,19
360470195003000,Brooklyn,40.692381999999995,-73.96816905353359,45,17,22
360470195003001,Brooklyn,40.690279,-73.9677501033537,330,1,132
360470195004000,Brooklyn,40.692342499999995,-73.96916401478222,127,28,59
360470195004001,Brooklyn,40.69023249999999,-73.96874402338759,19,9,10
360470196001000,Brooklyn,40.6238065,-74.00197590188856,50,14,23
360470196001001,Brooklyn,40.623155,-74.00236979115566,20,2,2
360470196001002,Brooklyn,40.622882000000004,-74.00366810723852,4,4,1
360470196002000,Brooklyn,40.62353,-74.00586895853007,349,87,209
360470196002001,Brooklyn,40.622969,-74.00644826028658,46,0,16
360470196002002,Brooklyn,40.621638499999996,-74.00424651960915,42,0,21
360470196002003,Brooklyn,40.622198999999995,-74.00366685563908,43,2,10
360470196003000,Brooklyn,40.62513799999999,-74.00419325100418,261,0,187
360470196003001,Brooklyn,40.624528999999995,-74.0046935578612,225,0,192
360470196003002,Brooklyn,40.624146499999995,-74.0057502193329,17,5,1
360470196003003,Brooklyn,40.62419249999999,-74.00507136560097,7,0,3
360470197001000,Brooklyn,40.688999499999994,-73.96548792906682,124,89,95
360470197001001,Brooklyn,40.688885,-73.9664733013394,8,2,4
360470197002000,Brooklyn,40.6880725,-73.96374485332565,8,0,5
360470197002001,Brooklyn,40.687228499999996,-73.96508586143344,21,15,9
360470197002002,Brooklyn,40.6873405,-73.96358516579534,7,7,0
360470197003000,Brooklyn,40.687416,-73.9661741933815,85,3,28
360470197003001,Brooklyn,40.6873055,-73.96715830481362,23,12,13
360470197003002,Brooklyn,40.687193,-73.96813918401747,82,13,61
360470197003003,Brooklyn,40.6870775,-73.96913718413236,113,3,87
360470197004000,Brooklyn,40.688796999999994,-73.96745550560081,10,0,2
360470197004001,Brooklyn,40.6888625,-73.96847196083792,29,1,20
360470197004002,Brooklyn,40.6888325,-73.96948693757126,32,8,11
360470197004003,Brooklyn,40.688039,-73.96830871852681,1,0,0
360470198001000,Brooklyn,40.62107999999999,-74.00482764457831,80,0,9
360470198001001,Brooklyn,40.620521,-74.00541030541805,26,16,8
360470198001002,Brooklyn,40.61994,-74.00601327207607,33,23,9
360470198002000,Brooklyn,40.6193365,-74.00664013713134,36,2,17
360470198002001,Brooklyn,40.618757,-74.00724506433409,22,2,8
360470198002002,Brooklyn,40.61819799999999,-74.00782554949821,109,9,46
360470198002003,Brooklyn,40.617639,-74.00840824006437,26,4,5
360470199001000,Brooklyn,40.6855865,-73.96580756285996,26,2,4
360470199001001,Brooklyn,40.6854745,-73.96679340405598,51,11,35
360470199002000,Brooklyn,40.683848999999995,-73.96546063346614,44,0,27
360470199002001,Brooklyn,40.68390099999999,-73.96648136512027,41,1,13
360470199002002,Brooklyn,40.6839655,-73.96749640370814,69,8,41
360470199003000,Brooklyn,40.6821895,-73.96514448277242,75,10,47
360470199003001,Brooklyn,40.6824125,-73.96619663760137,473,12,384
360470199003002,Brooklyn,40.6826185,-73.96721077965378,77,10,18
360470199003003,Brooklyn,40.682863,-73.96828593158543,2317,66,1934
360470199004000,Brooklyn,40.685361,-73.96777345289507,45,7,21
360470199004001,Brooklyn,40.6852465,-73.96877094414427,26,26,21
360470200001000,Brooklyn,40.62241,-74.00702959481853,57,1,23
360470200001001,Brooklyn,40.621849499999996,-74.00761021548539,27,0,6
360470200001002,Brooklyn,40.621269999999996,-74.0082159057538,21,10,9
360470200002000,Brooklyn,40.620667499999996,-74.00884186339141,59,20,25
360470200002001,Brooklyn,40.6200865,-74.00944616467379,66,10,24
360470200002002,Brooklyn,40.6195285,-74.01002883445861,221,19,76
360470200002003,Brooklyn,40.6189675,-74.01060892541764,35,4,15
360470201001000,Brooklyn,40.685621499999996,-73.96274594037322,73,8,45
360470201001001,Brooklyn,40.6837355,-73.96236521602683,65,9,32
360470201002000,Brooklyn,40.682122,-73.9625429849851,122,29,69
360470201002001,Brooklyn,40.682338,-73.96411443080939,63,2,19
360470201002002,Brooklyn,40.681157999999996,-73.96236764312752,25,1,17
360470201003000,Brooklyn,40.68373749999999,-73.96335067578659,49,8,23
360470201003001,Brooklyn,40.683792999999994,-73.96439500228371,35,4,11
360470201004000,Brooklyn,40.6858225,-73.96377100000001,20,17,16
360470201004001,Brooklyn,40.685705999999996,-73.96477763022432,17,9,9
360470202001000,Brooklyn,40.6237405,-74.00923140505301,15,0,2
360470202001002,Brooklyn,40.6226,-74.0104172742299,18,0,3
360470202002000,Brooklyn,40.621998,-74.01104427360909,18,0,6
360470202002003,Brooklyn,40.6202995,-74.01281212387303,68,1,62
360470203001000,Brooklyn,40.680346,-73.96281433056544,100,10,46
360470203001001,Brooklyn,40.680739,-73.9644906726659,5,0,4
360470203001002,Brooklyn,40.679911000000004,-73.96456190632478,18,6,6
360470203001003,Brooklyn,40.6795405,-73.96292098319256,51,0,28
360470203001004,Brooklyn,40.6787255,-73.96298672349913,190,122,142
360470203001005,Brooklyn,40.679098499999995,-73.96462897797183,9,2,3
360470203002000,Brooklyn,40.681039999999996,-73.96607380591996,66,2,4
360470203002001,Brooklyn,40.680271,-73.96637203419445,136,2,50
360470203002002,Brooklyn,40.679503999999994,-73.96664703438381,103,5,22
360470204001000,Brooklyn,40.625071,-74.01143450000001,16,0,10
360470204001001,Brooklyn,40.624511,-74.01201649999999,3,0,0
360470204001002,Brooklyn,40.62393,-74.01261954705556,16,3,6
360470204002001,Brooklyn,40.622747499999996,-74.01385064492482,12,2,5
360470204002002,Brooklyn,40.6221885,-74.01443235507519,3,0,0
360470204002003,Brooklyn,40.621629,-74.0150137600788,5,3,2
360470205001000,Brooklyn,40.6778465,-73.96305777533354,43,32,29
360470205001001,Brooklyn,40.678228,-73.96469969930706,39,25,31
360470205001002,Brooklyn,40.6786805,-73.96694173464164,445,17,321
360470205002000,Brooklyn,40.676917,-73.9631387559823,37,1,14
360470205002001,Brooklyn,40.6772935,-73.96477821738524,68,20,32
360470205002002,Brooklyn,40.677802,-73.96725923798658,300,3,187
360470205003000,Brooklyn,40.6759835,-73.9632170206014,17,0,11
360470205003001,Brooklyn,40.676363499999994,-73.96486050339871,104,0,46
360470205003002,Brooklyn,40.676922499999996,-73.9675763125,75,0,44
360470206001000,Brooklyn,40.626910499999994,-74.0129742132161,20,0,2
360470206001001,Brooklyn,40.626392499999994,-74.01362327090804,21,6,7
360470206001002,Brooklyn,40.6258755,-74.0142701079341,274,0,229
360470206001003,Brooklyn,40.6253355,-74.01494499560732,38,0,17
360470206002000,Brooklyn,40.6247815,-74.0156495203116,18,0,4
360470206002001,Brooklyn,40.62424,-74.01631810575091,5,1,0
360470206002002,Brooklyn,40.623718,-74.01702704526042,96,9,84
360470206002003,Brooklyn,40.6230945,-74.01747583133526,9,0,6
360470207001000,Brooklyn,40.675431499999995,-73.96493598800627,43,3,15
360470207001001,Brooklyn,40.674494499999994,-73.96501761825728,57,21,34
360470207002000,Brooklyn,40.6746305,-73.9679074246614,58,18,31
360470207002001,Brooklyn,40.673811,-73.96794682013385,75,14,26
360470207003000,Brooklyn,40.67604299999999,-73.96789679434787,23,2,13
360470207003001,Brooklyn,40.675321999999994,-73.96873323908858,42,20,26
360470208001000,Brooklyn,40.6255405,-74.00806140403309,53,53,43
360470208001001,Brooklyn,40.6255805,-74.0073743629108,2,2,0
360470208002000,Brooklyn,40.626188,-74.01027176017772,1,0,0
360470208002001,Brooklyn,40.6256295,-74.01085325950598,8,1,0
360470208002002,Brooklyn,40.6243005,-74.00865157555607,3,0,0
360470208003000,Brooklyn,40.6280345,-74.01218999815896,30,9,11
360470208003001,Brooklyn,40.6280345,-74.01143701746342,10,1,1
360470208003002,Brooklyn,40.627431,-74.0123273949232,29,8,10
360470208003003,Brooklyn,40.626833500000004,-74.00945039038228,17,0,7
360470208003004,Brooklyn,40.6268115,-74.01016610087765,43,0,23
360470210001000,Brooklyn,40.627095999999995,-74.00574324003009,18,0,6
360470210001001,Brooklyn,40.62648,-74.00639086920236,513,6,26
360470210001002,Brooklyn,40.625806499999996,-74.00680021830883,14,3,7
360470210002000,Brooklyn,40.628426,-74.00794570999248,795,0,74
360470210002001,Brooklyn,40.627821499999996,-74.0085823481428,17,8,2
360470210002002,Brooklyn,40.627251,-74.00915816757902,13,4,2
360470210003000,Brooklyn,40.6295085,-74.0097305435533,46,1,20
360470210003001,Brooklyn,40.628986999999995,-74.0103807995296,29,5,4
360470210003002,Brooklyn,40.628358999999996,-74.01085050653235,43,5,16
360470211001000,Brooklyn,40.697253,-73.97703955320785,1,0,1
360470211002000,Brooklyn,40.6969705,-73.97008036587134,80,0,41
360470211002001,Brooklyn,40.6970135,-73.97111018484584,63,2,46
360470211002002,Brooklyn,40.697044500000004,-73.97212685110688,99,9,56
360470211002003,Brooklyn,40.6970835,-73.97313149045607,19,8,4
360470211002004,Brooklyn,40.69713349999999,-73.97413312080843,34,1,8
360470211002005,Brooklyn,40.6971595,-73.97513321822642,245,62,195
360470211002006,Brooklyn,40.697209,-73.97612514603084,106,0,97
360470211003001,Brooklyn,40.697151,-73.9642781628506,118,0,55
360470211003002,Brooklyn,40.6968715,-73.96516302623098,40,5,33
360470211003003,Brooklyn,40.696817499999995,-73.96609534056724,46,0,22
360470211003004,Brooklyn,40.69685,-73.96707705657136,147,61,128
360470211003005,Brooklyn,40.696882,-73.96807078487514,108,12,41
360470211003006,Brooklyn,40.6969265,-73.96906812041432,117,80,84
360470212001000,Brooklyn,40.631382,-74.00699662857141,18,0,1
360470212001001,Brooklyn,40.630855,-74.00758910888501,2,0,0
360470212001002,Brooklyn,40.63019,-74.00611020977445,20,0,3
360470212001003,Brooklyn,40.630748999999994,-74.00552885526315,936,905,183
360470212001004,Brooklyn,40.6294185,-74.00332445434321,23,0,14
360470212002000,Brooklyn,40.6288605,-74.00390731993204,38,1,8
360470212002001,Brooklyn,40.628280000000004,-74.00451240527897,196,3,141
360470212002002,Brooklyn,40.627675999999994,-74.00513768357295,52,4,22
360470212003000,Brooklyn,40.630275,-74.00822167121211,26,0,6
360470212003001,Brooklyn,40.62961,-74.00671341052632,14,1,4
360470212003002,Brooklyn,40.6290075,-74.00734049918287,49,0,18
360470212003003,Brooklyn,40.6300435,-74.00906516495547,28,9,15
360470213001003,Brooklyn,40.6708215,-73.96199160005636,509,2,356
360470213001004,Brooklyn,40.670573,-73.9603930609459,177,18,147
360470213001005,Brooklyn,40.67022,-73.95870948343804,268,2,206
360470213001006,Brooklyn,40.6694535,-73.95899559693943,35,8,9
360470213001007,Brooklyn,40.6698205,-73.96066189572733,525,0,455
360470213002000,Brooklyn,40.6685735,-73.95931831937509,5,0,3
360470213002001,Brooklyn,40.6688955,-73.96091995811695,111,0,103
360470213002002,Brooklyn,40.667964,-73.96099115129984,12,5,9
360470213002003,Brooklyn,40.6676925,-73.95962904749264,1,1,0
360470213003001,Brooklyn,40.6670295,-73.96106701625916,14,4,6
360470213003002,Brooklyn,40.665647,-73.96118965227151,232,9,146
360470213003003,Brooklyn,40.665532,-73.96041292092872,5,4,2
360470213003004,Brooklyn,40.663683,-73.96075876427054,17,5,5
360470214002000,Brooklyn,40.631699499999996,-74.00095358612023,69,59,38
360470214002001,Brooklyn,40.6311295,-74.001546921875,93,2,66
360470214002002,Brooklyn,40.630549,-74.00215001536998,225,5,91
360470214003001,Brooklyn,40.63302949999999,-74.00315638231893,487,1,377
360470214003002,Brooklyn,40.6324585,-74.00375035921053,57,20,16
360470214003003,Brooklyn,40.63324899999999,-74.00501868225147,29,0,4
360470214003004,Brooklyn,40.6327085,-74.00570253701724,64,0,32
360470214003005,Brooklyn,40.631587999999994,-74.00499227421236,4,0,0
360470214003006,Brooklyn,40.631878,-74.00435457706766,78,48,25
360470215001000,Brooklyn,40.674725499999994,-73.96164818276954,143,3,108
360470215001001,Brooklyn,40.6737945,-73.96172937799633,138,22,96
360470215002000,Brooklyn,40.6729475,-73.96179802720658,92,9,42
360470215002001,Brooklyn,40.672045499999996,-73.96188831138727,27,8,12
360470215003000,Brooklyn,40.673642,-73.9650735732888,57,19,25
360470215004000,Brooklyn,40.672706,-73.9643603900222,153,97,106
360470216001000,Brooklyn,40.632051000000004,-73.99700613318285,68,16,22
360470216001001,Brooklyn,40.6314895,-73.9975869258122,8553,19,1351
360470216001002,Brooklyn,40.630931000000004,-73.99817057493642,960,6,126
360470216002000,Brooklyn,40.6333805,-73.99920614454888,25,8,15
360470216002001,Brooklyn,40.6328225,-73.9997897591328,36,17,16
360470216002002,Brooklyn,40.632259,-74.00036960449947,26,12,7
360470216003000,Brooklyn,40.6346725,-74.00134513238797,38,7,3
360470216003001,Brooklyn,40.6341515,-74.00199151935553,68,32,21
360470216003002,Brooklyn,40.6336,-74.00258542689905,33,7,9
360470217001000,Brooklyn,40.673845,-73.95741226360354,129,1,62
360470217001001,Brooklyn,40.674198499999996,-73.95909761348123,17,8,10
360470217001002,Brooklyn,40.6733205,-73.9594128593261,29,6,24
360470217001003,Brooklyn,40.672984,-73.95771651822324,39,3,9
360470217002000,Brooklyn,40.672087,-73.95803808814145,65,0,28
360470217002001,Brooklyn,40.6724425,-73.9597223274468,26,0,16
360470217002002,Brooklyn,40.671667,-73.96000019098867,30,16,13
360470217002005,Brooklyn,40.6713155,-73.95831560078236,38,0,12
360470218001000,Brooklyn,40.633652,-73.99550552364865,64,32,32
360470218001001,Brooklyn,40.6333915,-73.99620483263108,170,143,34
360470218001002,Brooklyn,40.6326935,-73.99655468630291,113,67,34
360470218001003,Brooklyn,40.632588,-73.99496215537414,696,286,293
360470218001004,Brooklyn,40.633712,-73.99479529411765,1247,23,572
360470218002000,Brooklyn,40.6350595,-73.99745808560888,5,0,0
360470218002001,Brooklyn,40.6345,-73.99804123126194,23,0,1
360470218002002,Brooklyn,40.633941,-73.99862373992119,28,0,12
360470218003000,Brooklyn,40.636230999999995,-73.99939507186203,56,5,26
360470218003001,Brooklyn,40.635712,-74.000046177331,56,19,7
360470218003002,Brooklyn,40.635191,-74.00069470063394,177,0,135
360470219001000,Brooklyn,40.6731625,-73.95357157451882,43,1,14
360470219001001,Brooklyn,40.673463,-73.95550986886141,84,13,32
360470219002000,Brooklyn,40.672276499999995,-73.95377325352365,2,0,0
360470219002001,Brooklyn,40.672499,-73.95585837421507,14,6,5
360470219002002,Brooklyn,40.672946499999995,-73.9569394782036,5,2,3
360470219002003,Brooklyn,40.671392999999995,-73.95397473823454,18,13,12
360470219003000,Brooklyn,40.671526,-73.95528705523375,12,1,4
360470219003001,Brooklyn,40.6717055,-73.95620682515323,11,8,10
360470219003002,Brooklyn,40.671841,-73.95684788943103,1,0,0
360470219003003,Brooklyn,40.671929999999996,-73.95728024647235,39,2,4
360470219003004,Brooklyn,40.6709325,-73.95642506746378,93,25,43
360470219003005,Brooklyn,40.670621,-73.95415058840807,18,4,2
360470220001000,Brooklyn,40.635968,-73.99292804133478,129,27,25
360470220001001,Brooklyn,40.63539349999999,-73.99348276072685,890,630,310
360470220002001,Brooklyn,40.6346915,-73.99383066744304,344,50,202
360470220002002,Brooklyn,40.6344965,-73.99464177425742,124,46,28
360470220002003,Brooklyn,40.634375,-73.99530293206197,7,4,1
360470220002004,Brooklyn,40.6356195,-73.99687543492124,306,26,139
360470220003000,Brooklyn,40.6372705,-73.99809716021457,6,4,0
360470220003001,Brooklyn,40.636178,-73.99629044238267,48,3,10
360470220003002,Brooklyn,40.636751,-73.99874620618183,244,7,215
360470220004000,Brooklyn,40.63831,-73.99679983456572,10,0,3
360470220004001,Brooklyn,40.6377895,-73.99744726767732,46,14,18
360470220004002,Brooklyn,40.636859,-73.99591583161488,103,29,33
360470220004003,Brooklyn,40.637026,-73.99506495978062,11,5,2
360470220004004,Brooklyn,40.636753,-73.99431065213328,57,1,21
360470221001001,Brooklyn,40.678811499999995,-73.95505295773732,6,1,1
360470221001002,Brooklyn,40.678453499999996,-73.95396923997492,124,0,102
360470221001003,Brooklyn,40.677710499999996,-73.95410793330075,51,23,23
360470221001004,Brooklyn,40.676894,-73.95424428871604,22,14,14
360470221002000,Brooklyn,40.6758155,-73.95297188675298,4,1,1
360470221002001,Brooklyn,40.67609,-73.95456741725717,10,3,7
360470221002002,Brooklyn,40.675218,-73.9548750194394,177,0,56
360470221003000,Brooklyn,40.674927999999994,-73.9531689616667,29,0,19
360470221003001,Brooklyn,40.674047,-73.95337023318274,84,0,56
360470221003002,Brooklyn,40.674336,-73.95519527275673,15,3,12
360470222001000,Brooklyn,40.6382105,-73.9905987396638,45,9,14
360470222001001,Brooklyn,40.637648999999996,-73.99117997744696,159,50,52
360470222001002,Brooklyn,40.6370905,-73.9917637688647,250,144,146
360470222002000,Brooklyn,40.6385255,-73.99602548064252,15,4,2
360470222002001,Brooklyn,40.63785299999999,-73.99494140094339,25,1,12
360470222002002,Brooklyn,40.637891999999994,-73.99421575943396,279,11,35
360470222002003,Brooklyn,40.636529499999995,-73.99234671111944,152,87,48
360470222003000,Brooklyn,40.6395615,-73.9928591797504,104,21,36
360470222003002,Brooklyn,40.6398915,-73.99486379550208,119,82,55
360470222003003,Brooklyn,40.639594,-73.99447066389726,2,0,1
360470222003004,Brooklyn,40.6388755,-73.99321603786822,70,7,12
360470222003005,Brooklyn,40.63873099999999,-73.99410339196427,23,2,5
360470222003006,Brooklyn,40.6389795,-73.99481505620287,26,3,12
360470222003007,Brooklyn,40.639067999999995,-73.9954421957672,37,16,16
360470224001000,Brooklyn,40.640339,-73.9880816949105,47,0,22
360470224001001,Brooklyn,40.63998049999999,-73.98936886402288,86,18,25
360470224001002,Brooklyn,40.6400105,-73.98866322806651,7,5,0
360470224002000,Brooklyn,40.639331999999996,-73.98943224887499,54,25,17
360470224002001,Brooklyn,40.6387705,-73.9900141447072,111,10,18
360470224003000,Brooklyn,40.640761499999996,-73.99180172637054,350,10,93
360470224003001,Brooklyn,40.6402435,-73.99245141914406,216,7,173
360470224004000,Brooklyn,40.642320999999995,-73.98985391949984,167,50,110
360470224004001,Brooklyn,40.641741499999995,-73.99040514913834,89,2,38
360470224004002,Brooklyn,40.6413745,-73.99164506696607,10,4,2
360470224004003,Brooklyn,40.6413745,-73.9908914073826,8,7,0
360470226001000,Brooklyn,40.6428205,-73.9861999486456,289,39,87
360470226001001,Brooklyn,40.6421315,-73.98651842889518,236,28,108
360470226001002,Brooklyn,40.6415705,-73.98710111588989,239,31,105
360470226001003,Brooklyn,40.640241,-73.98489743373494,2914,66,1336
360470226001004,Brooklyn,40.640895,-73.98446909846902,152,23,25
360470226001005,Brooklyn,40.641402,-73.98385453680982,85,0,63
360470226001006,Brooklyn,40.640790499999994,-73.98288921079545,646,0,120
360470226002000,Brooklyn,40.6438095,-73.98782997270115,105,0,31
360470226002001,Brooklyn,40.64336,-73.98855257066214,88,2,67
360470226002002,Brooklyn,40.6428405,-73.98920330627377,165,57,47
360470227001000,Brooklyn,40.6830905,-73.95496036748682,21,17,16
360470227001001,Brooklyn,40.682356999999996,-73.95481390027658,137,0,116
360470227001002,Brooklyn,40.6811205,-73.95395904775017,31,13,13
360470227001003,Brooklyn,40.681503,-73.95513466099476,60,5,15
360470227002000,Brooklyn,40.6804205,-73.95442779458597,53,5,13
360470227002001,Brooklyn,40.680967499999994,-73.95703184541502,61,0,13
360470227002002,Brooklyn,40.6801335,-73.95705519926199,5,0,2
360470227003000,Brooklyn,40.682875499999994,-73.95682350889473,256,0,210
360470227003001,Brooklyn,40.682081999999994,-73.9580607959445,27,0,14
360470227003002,Brooklyn,40.681676499999995,-73.95658368019775,149,37,93
360470227004000,Brooklyn,40.682430999999994,-73.9592068,32,5,14
360470227004001,Brooklyn,40.68248199999999,-73.96017831799162,27,13,15
360470227004002,Brooklyn,40.682533,-73.96115365078124,21,4,7
360470227004003,Brooklyn,40.6815885,-73.96000481974174,1,0,0
360470227004004,Brooklyn,40.680627,-73.95984801650329,44,13,15
360470228001000,Brooklyn,40.641037999999995,-73.98054169593496,38,1,4
360470228001003,Brooklyn,40.6403745,-73.98069291891892,51,3,24
360470228002000,Brooklyn,40.6387765,-73.97996638841406,13,3,3
360470228002001,Brooklyn,40.638142,-73.9801387239726,6,4,0
360470228002002,Brooklyn,40.637698,-73.98068136914709,110,4,36
360470228002003,Brooklyn,40.6370225,-73.981075179843,217,13,53
360470228003000,Brooklyn,40.640029999999996,-73.98152902427955,1798,677,776
360470228003001,Brooklyn,40.6394725,-73.9821112965907,2832,1457,1240
360470228003002,Brooklyn,40.6389115,-73.98269530495512,463,3,161
360470228003003,Brooklyn,40.63835,-73.9832777022604,291,52,152
360470229001000,Brooklyn,40.686754,-73.95569016030014,45,17,20
360470229001001,Brooklyn,40.686021499999995,-73.95554537369586,19,2,4
360470229002000,Brooklyn,40.6852885,-73.95539793374584,11,2,3
360470229002001,Brooklyn,40.684556,-73.9552518014979,18,10,12
360470229002002,Brooklyn,40.683848499999996,-73.95488507761479,12,2,0
360470229002003,Brooklyn,40.683724,-73.95596435718427,4,4,4
360470229003000,Brooklyn,40.68647299999999,-73.9581330418838,3,2,2
360470229003001,Brooklyn,40.685740499999994,-73.95798681593271,3,2,3
360470229004000,Brooklyn,40.685007999999996,-73.95783992886457,5,3,2
360470229004001,Brooklyn,40.684276,-73.95769415725836,16,10,11
360470229004002,Brooklyn,40.6835415,-73.95754789908136,7,2,3
360470230001000,Brooklyn,40.636411499999994,-73.98157712397311,62,33,13
360470230001001,Brooklyn,40.6357405,-73.98238133261277,12,6,2
360470230001002,Brooklyn,40.635943999999995,-73.98195322656763,49,4,4
360470230001003,Brooklyn,40.6353405,-73.98282509494697,376,0,277
360470230002000,Brooklyn,40.6377235,-73.98374908360552,170,11,55
360470230002001,Brooklyn,40.637474999999995,-73.984466604744,28,5,7
360470230002002,Brooklyn,40.637333999999996,-73.98498781634719,22,7,6
360470230003000,Brooklyn,40.6410105,-73.98768368403263,1883,0,343
360470230003001,Brooklyn,40.639683,-73.98548344067575,177,30,50
360470230003002,Brooklyn,40.639039,-73.98592838523761,89,3,25
360470231001000,Brooklyn,40.688351499999996,-73.96134827441111,269,6,193
360470231001001,Brooklyn,40.6876175,-73.96120366929503,71,19,26
360470231002000,Brooklyn,40.686886,-73.96105719656398,18,4,11
360470231002001,Brooklyn,40.685841999999994,-73.9613304594456,55,9,26
360470231002002,Brooklyn,40.685475,-73.96029022449412,5,2,2
360470231002003,Brooklyn,40.684118,-73.95954105090908,5,4,2
360470231003000,Brooklyn,40.683955,-73.96046971502997,204,1,168
360470231003001,Brooklyn,40.6838465,-73.96141278456136,20,3,15
360470232001000,Brooklyn,40.63478,-73.98340586005489,249,7,110
360470232001001,Brooklyn,40.634221499999995,-73.98398882547724,767,221,204
360470232001002,Brooklyn,40.633663,-73.98457236301057,255,235,184
360470232002000,Brooklyn,40.635551,-73.98619114500374,71,3,23
360470232002001,Brooklyn,40.63499,-73.98677318633796,288,4,149
360470232002002,Brooklyn,40.636320999999995,-73.98897966984441,465,35,136
360470232003000,Brooklyn,40.63744,-73.98781182682421,255,90,111
360470232003001,Brooklyn,40.63688,-73.98839525987142,895,14,265
360470232004000,Brooklyn,40.6386505,-73.98716832125984,1832,4,337
360470232004001,Brooklyn,40.638713499999994,-73.98651791288914,18,0,3
360470232004002,Brooklyn,40.638000500000004,-73.9872278104561,259,26,126
360470232005000,Brooklyn,40.6366705,-73.9850264051619,349,6,118
360470232005001,Brooklyn,40.636111,-73.98560966083079,184,11,62
360470233001000,Brooklyn,40.688672,-73.9585683982553,85,15,39
360470233001001,Brooklyn,40.6880125,-73.95843749083929,101,10,42
360470233001002,Brooklyn,40.687206,-73.95827750000001,141,28,81
360470233002000,Brooklyn,40.6896625,-73.95977869956772,58,31,38
360470233003000,Brooklyn,40.689809499999996,-73.95567804450887,20,5,8
360470233003001,Brooklyn,40.690326999999996,-73.95673545020463,115,4,51
360470233003002,Brooklyn,40.689116999999996,-73.95604862134672,62,0,10
360470233003003,Brooklyn,40.688764,-73.9561213077649,41,4,28
360470233003004,Brooklyn,40.68867949999999,-73.95696538118844,13,0,2
360470233003005,Brooklyn,40.6882795,-73.95684853575125,56,0,8
360470233003006,Brooklyn,40.688306999999995,-73.95575082016347,60,12,27
360470233003007,Brooklyn,40.687487,-73.95583536762425,28,0,9
360470234001000,Brooklyn,40.6357595,-73.98956116427549,128,30,30
360470234001001,Brooklyn,40.6344315,-73.98735798030259,397,19,50
360470234001002,Brooklyn,40.633101999999994,-73.98515494103601,104,56,26
360470234002000,Brooklyn,40.6351995,-73.9901438948588,95,28,26
360470234002001,Brooklyn,40.633872499999995,-73.98794126973644,135,63,44
360470234002002,Brooklyn,40.6327,-73.98599958564488,114,36,43
360470234003000,Brooklyn,40.634642,-73.99072799045823,196,62,50
360470234003001,Brooklyn,40.6333115,-73.9885234718699,40,14,5
360470234003002,Brooklyn,40.63211,-73.98653316691744,184,13,41
360470235001000,Brooklyn,40.691896,-73.9560912156607,72,14,18
360470235001001,Brooklyn,40.6917895,-73.95702044580214,83,10,34
360470235001002,Brooklyn,40.691660999999996,-73.9581309699642,143,1,112
360470235001003,Brooklyn,40.691537999999994,-73.95921076176752,98,54,56
360470235002000,Brooklyn,40.693732,-73.95645724502421,556,83,188
360470235002001,Brooklyn,40.693625,-73.95738453308128,698,127,321
360470235002003,Brooklyn,40.693372499999995,-73.95957643824826,9,1,1
360470236001000,Brooklyn,40.631420999999996,-73.9869021650516,156,75,74
360470236001001,Brooklyn,40.63086249999999,-73.98748705541611,551,302,197
360470236001002,Brooklyn,40.630301,-73.9880686446281,59,9,26
360470236002000,Brooklyn,40.632960499999996,-73.99247340505865,69,43,20
360470236002001,Brooklyn,40.6316315,-73.99027221958542,59,39,26
360470236003000,Brooklyn,40.6335215,-73.99189097813989,516,28,44
360470236003001,Brooklyn,40.632189,-73.98968691778973,62,13,12
360470236004000,Brooklyn,40.6340815,-73.99130814492482,336,21,147
360470236004001,Brooklyn,40.6327515,-73.989106007733,303,14,119
360470238001000,Brooklyn,40.629740999999996,-73.98865175981709,109,51,21
360470238001001,Brooklyn,40.629223999999994,-73.98919305013433,389,92,164
360470238001002,Brooklyn,40.6286625,-73.98977495966943,426,44,318
360470238002000,Brooklyn,40.631071,-73.99085390503346,34,11,11
360470238002001,Brooklyn,40.630512499999995,-73.99143697402371,377,5,62
360470238002002,Brooklyn,40.629949999999994,-73.99201726568745,21,3,5
360470238003000,Brooklyn,40.6324005,-73.9930565873853,241,44,60
360470238003001,Brooklyn,40.631843,-73.99364057780184,377,19,203
360470238003002,Brooklyn,40.6312365,-73.99414467993387,89,3,29
360470240001000,Brooklyn,40.628061,-73.99040126007881,42,4,19
360470240001001,Brooklyn,40.6275005,-73.99098402094656,149,116,58
360470240002000,Brooklyn,40.63134049999999,-73.99573906751678,12,1,1
360470240002001,Brooklyn,40.630668,-73.99618191249255,32,4,14
360470240002002,Brooklyn,40.629608999999995,-73.99637327777778,38,19,15
360470240002003,Brooklyn,40.629623499999994,-73.9956278482478,80,15,16
360470240002004,Brooklyn,40.6298955,-73.9949461484463,27,24,6
360470240002005,Brooklyn,40.62827,-73.99376887553568,11,3,4
360470240002006,Brooklyn,40.6269415,-73.99156759556557,41,3,10
360470240003000,Brooklyn,40.630562499999996,-73.99454406276695,164,79,82
360470240003001,Brooklyn,40.629391,-73.9926035,34,16,6
360470240003002,Brooklyn,40.628831,-73.99318662284654,186,52,76
360470241001000,Brooklyn,40.6938945,-73.95274096498423,31,13,10
360470241001001,Brooklyn,40.69404949999999,-73.95370207907698,222,0,129
360470241001002,Brooklyn,40.693946499999996,-73.95459323376417,148,6,36
360470241001003,Brooklyn,40.69384049999999,-73.9555115,630,227,277
360470241001004,Brooklyn,40.692004999999995,-73.95514552613909,139,27,22
360470241001005,Brooklyn,40.692111499999996,-73.95422518598244,255,24,115
360470241001006,Brooklyn,40.6924285,-73.95290369493762,571,6,334
360470241002000,Brooklyn,40.69080699999999,-73.95303957849721,60,35,39
360470241002001,Brooklyn,40.6905985,-73.95486735852398,17,13,14
360470241002002,Brooklyn,40.6900195,-73.95336538249384,84,31,40
360470242001000,Brooklyn,40.62491249999999,-73.98971656136679,56,30,16
360470242001001,Brooklyn,40.624404,-73.99041455464126,164,0,56
360470242001002,Brooklyn,40.625811,-73.99274266518148,2165,1,412
360470242001003,Brooklyn,40.625941,-73.99407058254994,2,0,0
360470242001004,Brooklyn,40.6249985,-73.99296366198206,3,2,0
360470242001005,Brooklyn,40.623822000000004,-73.991019,371,292,95
360470242002000,Brooklyn,40.628944,-73.99591693710292,45,21,21
360470242002001,Brooklyn,40.627869,-73.99623636042483,179,11,120
360470242002002,Brooklyn,40.626504999999995,-73.99546415074289,69,12,23
360470242002003,Brooklyn,40.627140499999996,-73.9949452207988,76,57,34
360470242002004,Brooklyn,40.6277115,-73.99435092412318,36,20,21
360470242002005,Brooklyn,40.626384,-73.99215060678752,567,65,278
360470243001000,Brooklyn,40.689274999999995,-73.95421503181021,15,0,4
360470243001001,Brooklyn,40.689312,-73.95219669992382,40,38,37
360470243001002,Brooklyn,40.6885555,-73.9530748089567,42,3,15
360470243002000,Brooklyn,40.687822,-73.95292869051599,65,4,31
360470243002001,Brooklyn,40.687089,-73.95278337256656,27,6,20
360470243003000,Brooklyn,40.686356,-73.95263758533312,33,7,11
360470243003001,Brooklyn,40.6856235,-73.95249150000001,176,6,81
360470244001000,Brooklyn,40.620337,-73.98368337302779,53,0,17
360470244001001,Brooklyn,40.619755999999995,-73.98428799999999,19,6,3
360470244002000,Brooklyn,40.62241349999999,-73.98557966891275,42,35,19
360470244002001,Brooklyn,40.6216575,-73.98586760742208,37,14,15
360470244002002,Brooklyn,40.621073499999994,-73.98646928568877,7,0,4
360470244003000,Brooklyn,40.623568,-73.98749245788764,118,32,17
360470244003001,Brooklyn,40.622991999999996,-73.988077767536,892,23,144
360470244003002,Brooklyn,40.6224055,-73.98867520688974,34,1,3
360470245001000,Brooklyn,40.68489099999999,-73.95234593554295,85,3,60
360470245001001,Brooklyn,40.684157,-73.95219995731898,4,0,1
360470245002000,Brooklyn,40.683425,-73.9520544145215,107,49,56
360470245002001,Brooklyn,40.6826925,-73.95190891508528,45,10,18
360470245003000,Brooklyn,40.6819595,-73.95176169098565,17,0,9
360470245004000,Brooklyn,40.681353,-73.95051777060695,41,17,4
360470245004001,Brooklyn,40.681141,-73.95234447385042,57,4,10
360470245004002,Brooklyn,40.680689,-73.9503952367647,124,9,19
360470246001000,Brooklyn,40.6184125,-73.97897239788261,26,8,11
360470246001001,Brooklyn,40.61767,-73.97926595609367,48,0,16
360470246001002,Brooklyn,40.61708899999999,-73.97987012303672,210,115,125
360470246002000,Brooklyn,40.6191835,-73.98488036889741,8,1,1
360470246002001,Brooklyn,40.617855999999996,-73.98267743453724,27,16,13
360470246002002,Brooklyn,40.616519,-73.9804631915417,99,35,38
360470246003000,Brooklyn,40.6195785,-73.9808878768826,579,13,477
360470246003001,Brooklyn,40.619007999999994,-73.98148187347496,23,4,12
360470246003002,Brooklyn,40.6184265,-73.98208545185524,26,10,12
360470247001000,Brooklyn,40.6797865,-73.9453967577546,456,61,263
360470247001001,Brooklyn,40.67993799999999,-73.94817519257293,133,26,76
360470247001002,Brooklyn,40.679224,-73.94823158155438,249,142,57
360470247001003,Brooklyn,40.678864,-73.94547939037027,95,0,59
360470247002000,Brooklyn,40.680015999999995,-73.95140744429708,231,37,85
360470247002001,Brooklyn,40.679513,-73.95369455585634,466,0,378
360470247002004,Brooklyn,40.679354499999995,-73.95136127998944,51,7,25
360470247002005,Brooklyn,40.678819,-73.95084693920484,112,6,38
360470248001000,Brooklyn,40.6205015,-73.98705858032315,37,19,24
360470248001001,Brooklyn,40.619935,-73.98763133910718,37,3,6
360470248001002,Brooklyn,40.619529,-73.98806152026094,14,0,2
360470248001003,Brooklyn,40.620872,-73.99025756035871,42,0,3
360470248001004,Brooklyn,40.620577999999995,-73.9905328826326,5,0,2
360470248001005,Brooklyn,40.61924,-73.98834159437033,11,0,1
360470248002000,Brooklyn,40.623251999999994,-73.99161148365289,106,56,73
360470248002001,Brooklyn,40.622693999999996,-73.99219291344991,142,0,72
360470248002002,Brooklyn,40.6223035,-73.99260432111262,558,39,239
360470248002003,Brooklyn,40.622018999999995,-73.99289070447693,3,0,1
360470248002004,Brooklyn,40.621272,-73.98983886430628,32,1,5
360470248002005,Brooklyn,40.621833499999994,-73.98926234461996,109,32,57
360470249001000,Brooklyn,40.685289999999995,-73.94887759698521,57,3,46
360470249001001,Brooklyn,40.6845575,-73.94873164532632,7,0,2
360470249002000,Brooklyn,40.683823499999995,-73.94858595242775,11,5,5
360470249002001,Brooklyn,40.683091499999996,-73.948441,24,13,10
360470249003000,Brooklyn,40.682359,-73.94829437858117,26,7,16
360470249003001,Brooklyn,40.6816265,-73.94814868450347,1,0,1
360470249004000,Brooklyn,40.681017,-73.94700388555285,33,0,0
360470249004001,Brooklyn,40.68073,-73.94866209237537,155,11,34
360470250001000,Brooklyn,40.6259345,-73.99604950147203,5,0,1
360470250001001,Brooklyn,40.624658499999995,-73.99393939222384,134,4,48
360470250001002,Brooklyn,40.6240975,-73.99452480855635,533,476,422
360470250001003,Brooklyn,40.62516599999999,-73.99628664589433,19,0,8
360470250001004,Brooklyn,40.6246565,-73.99682306194926,62,45,58
360470250001005,Brooklyn,40.623502,-73.99461056262513,51,21,14
360470250001007,Brooklyn,40.62296,-73.9957085910059,2,2,0
360470250002000,Brooklyn,40.6238015,-73.99715211839285,9,0,3
360470250002001,Brooklyn,40.623078,-73.99762823067573,11,0,0
360470250002002,Brooklyn,40.6222705,-73.99754355541542,29,14,10
360470250002003,Brooklyn,40.622361,-73.99634020813599,216,0,174
360470250002005,Brooklyn,40.621356,-73.99661521871784,2,1,1
360470251001000,Brooklyn,40.689637499999996,-73.9497416029802,68,4,12
360470251001001,Brooklyn,40.688954499999994,-73.94960619514714,29,5,13
360470251002000,Brooklyn,40.688221999999996,-73.94946128121387,11,3,8
360470251002001,Brooklyn,40.687489,-73.94931514540482,25,9,11
360470251003000,Brooklyn,40.6867555,-73.9491695,16,3,5
360470251003001,Brooklyn,40.686023,-73.94902340334467,29,4,10
360470252001000,Brooklyn,40.618793,-73.98880960414166,1085,57,166
360470252001001,Brooklyn,40.6181875,-73.98943059584562,43,17,20
360470252002000,Brooklyn,40.619519999999994,-73.99163739612587,46,0,4
360470252002001,Brooklyn,40.61883949999999,-73.99231916390153,85,19,28
360470252003000,Brooklyn,40.620828,-73.99380607777778,64,0,25
360470252003001,Brooklyn,40.6207945,-73.9956557980841,2,0,0
360470252003003,Brooklyn,40.6200785,-73.99443056657924,33,2,19
360470252003004,Brooklyn,40.619715,-73.99381184485146,5,1,2
360470252004000,Brooklyn,40.6215525,-73.99337960595898,15,0,1
360470252004001,Brooklyn,40.6201235,-73.99101575957113,375,334,236
360470253001000,Brooklyn,40.6948205,-73.95077437618085,203,34,46
360470253001001,Brooklyn,40.694084000000004,-73.95062737822994,13,1,9
360470253002000,Brooklyn,40.6932955,-73.95047024585429,19,7,13
360470253002001,Brooklyn,40.692617,-73.95033573371869,1,1,1
360470253003001,Brooklyn,40.691653,-73.95021144857847,2,0,0
360470253003002,Brooklyn,40.691152,-73.95004399999999,50,1,44
360470253003003,Brooklyn,40.6904195,-73.94989828199385,62,36,16
360470254001000,Brooklyn,40.615959,-73.9810442419433,8,3,3
360470254001001,Brooklyn,40.615399,-73.98162524755182,32,0,8
360470254001002,Brooklyn,40.614816,-73.98225588778695,23,1,8
360470254002000,Brooklyn,40.617298,-73.98325983506888,19,0,7
360470254002001,Brooklyn,40.617065,-73.98400544722014,20,0,6
360470254002003,Brooklyn,40.616238499999994,-73.98458027709424,33,4,3
360470254003000,Brooklyn,40.618627,-73.98546230601207,47,19,19
360470254003001,Brooklyn,40.618213,-73.98590218169852,16,0,5
360470254003002,Brooklyn,40.6179255,-73.98618383912539,3,1,1
360470254003003,Brooklyn,40.6174885,-73.98664895338345,32,3,5
360470255001000,Brooklyn,40.6986785,-73.95154455781463,6,0,0
360470255002000,Brooklyn,40.696484,-73.95110515454544,72,54,55
360470256001000,Brooklyn,40.6138955,-73.98275831961507,9,4,1
360470256001001,Brooklyn,40.6136985,-73.98356689176279,92,1,7
360470256001002,Brooklyn,40.6149745,-73.98567738535812,41,0,32
360470256001003,Brooklyn,40.614415,-73.9862589714006,198,0,178
360470256001004,Brooklyn,40.6130815,-73.9840547357225,67,17,25
360470256001005,Brooklyn,40.614131,-73.98219567644276,16,0,0
360470256002000,Brooklyn,40.616885499999995,-73.98727490924794,48,8,8
360470256002001,Brooklyn,40.616304,-73.98787808404323,5,5,3
360470256002002,Brooklyn,40.6157455,-73.98845981791386,44,0,8
360470256002003,Brooklyn,40.615551499999995,-73.98507481649804,10,0,0
360470257001000,Brooklyn,40.698106499999994,-73.94829510118427,62,17,26
360470257001001,Brooklyn,40.6973815,-73.94814453401672,118,1,91
360470257001002,Brooklyn,40.69665,-73.94799551507951,400,2,339
360470257001003,Brooklyn,40.6959125,-73.94785735288819,19,5,5
360470257002000,Brooklyn,40.698507,-73.94467580947625,3,0,0
360470257002001,Brooklyn,40.6983745,-73.94605877266082,4,4,0
360470257003000,Brooklyn,40.6998615,-73.94573793296854,562,131,151
360470257003001,Brooklyn,40.6995825,-73.94859779585659,606,116,362
360470257003002,Brooklyn,40.698843999999994,-73.94845023252057,2,0,0
360470257003003,Brooklyn,40.6991735,-73.94560083061376,14,2,8
360470258001000,Brooklyn,40.612517,-73.98462905009393,58,5,8
360470258001001,Brooklyn,40.6119565,-73.98520985574069,29,10,11
360470258001002,Brooklyn,40.6113985,-73.98578803042867,30,1,10
360470258002000,Brooklyn,40.6138555,-73.98684175998531,666,2,57
360470258002001,Brooklyn,40.6132975,-73.98742402986431,13,3,6
360470258002002,Brooklyn,40.612738,-73.98800580524141,145,0,122
360470258003000,Brooklyn,40.615185499999995,-73.98904249999998,29,2,6
360470258003001,Brooklyn,40.6146265,-73.98962411506051,23,5,7
360470258003002,Brooklyn,40.6140675,-73.99020599999999,24,3,4
360470259011000,Brooklyn,40.6954965,-73.944876300876,11,1,3
360470259011001,Brooklyn,40.69517,-73.94771441154774,30,5,8
360470259011002,Brooklyn,40.6944335,-73.94756886099728,93,0,75
360470259011003,Brooklyn,40.69476,-73.94473302736913,60,8,44
360470259021000,Brooklyn,40.696985,-73.94515391184044,69,36,48
360470260001000,Brooklyn,40.6175845,-73.98999580423703,31,10,8
360470260001001,Brooklyn,40.6170405,-73.99060289062623,36,11,28
360470260001002,Brooklyn,40.6164785,-73.99118010220774,17,3,0
360470260002000,Brooklyn,40.6159155,-73.99175728000597,53,16,16
360470260002001,Brooklyn,40.615353,-73.99233355769424,32,4,3
360470260003000,Brooklyn,40.618303999999995,-73.99291160790844,55,0,13
360470260003001,Brooklyn,40.617811,-73.99338544165659,30,0,1
360470260003002,Brooklyn,40.61725,-73.9939642349747,22,8,13
360470260003003,Brooklyn,40.616686,-73.99454098849041,66,26,13
360470261001000,Brooklyn,40.69402649999999,-73.94458852954637,28,9,16
360470261001001,Brooklyn,40.693293999999995,-73.94444205464481,12,3,4
360470261002000,Brooklyn,40.6925695,-73.94496352016245,5,0,5
360470261002001,Brooklyn,40.69239949999999,-73.9440299423992,12,1,0
360470261002002,Brooklyn,40.6918285,-73.94415183294782,42,2,26
360470261003000,Brooklyn,40.691096,-73.94400588860063,2,1,1
360470261003001,Brooklyn,40.6907705,-73.94684011112633,434,6,267
360470261004000,Brooklyn,40.6922205,-73.94785288619403,4,1,1
360470261004001,Brooklyn,40.692078499999994,-73.94693921216151,7,1,2
360470261004002,Brooklyn,40.6915035,-73.94698613881309,15,0,5
360470261005000,Brooklyn,40.693701000000004,-73.947423,13,4,7
360470261005001,Brooklyn,40.6929685,-73.94727736099726,77,4,33
360470262001000,Brooklyn,40.620954499999996,-73.99745846678321,6,0,0
360470262001001,Brooklyn,40.6204515,-73.99776118658643,13,2,3
360470262001002,Brooklyn,40.6192505,-73.99576924871549,42,0,20
360470262001003,Brooklyn,40.619693,-73.99528949579124,5,0,0
360470262001004,Brooklyn,40.618692499999995,-73.99635253257932,5,1,0
360470262002000,Brooklyn,40.620221,-73.99827236832412,8,2,3
360470262002001,Brooklyn,40.6197985,-73.99848040201474,21,1,10
360470262002004,Brooklyn,40.6183865,-73.99893677152232,6,0,0
360470262002005,Brooklyn,40.618134,-73.99693735944736,3,1,0
360470262002006,Brooklyn,40.6175705,-73.99751358350004,7,5,5
360470262002007,Brooklyn,40.61698,-73.9980375379269,18,3,2
360470263001000,Brooklyn,40.690363500000004,-73.94385829963272,11,3,9
360470263001002,Brooklyn,40.689634,-73.94371086599804,12,3,7
360470263001003,Brooklyn,40.6888995,-73.94356616594575,356,0,292
360470263001004,Brooklyn,40.688573,-73.94640199999999,10,4,1
360470264001000,Brooklyn,40.6161245,-73.99511679442901,2207,9,227
360470264001001,Brooklyn,40.615562999999995,-73.99569524000877,40,0,12
360470264002000,Brooklyn,40.614999,-73.9962721937718,18,8,6
360470264002001,Brooklyn,40.614298000000005,-73.99667913869476,39,1,4
360470264003000,Brooklyn,40.6139275,-73.99812533682444,37,15,8
360470264003002,Brooklyn,40.613225,-73.99808970537725,23,2,2
360470264003003,Brooklyn,40.614589499999994,-73.99994143248406,920,14,144
360470264003004,Brooklyn,40.6135315,-74.00015444390704,20,0,0
360470264003005,Brooklyn,40.612863499999996,-74.00059539346184,18,6,2
360470264004000,Brooklyn,40.616308,-73.99843597700871,46,0,32
360470264004001,Brooklyn,40.61560899999999,-73.99884533808572,61,0,22
360470264004002,Brooklyn,40.61536649999999,-73.99966266578947,9,0,0
360470265001000,Brooklyn,40.688166499999994,-73.94342119514071,13,1,8
360470265001001,Brooklyn,40.68784049999999,-73.94625649999999,16,5,7
360470265002000,Brooklyn,40.6874325,-73.94327550218281,22,1,4
360470265002001,Brooklyn,40.687107499999996,-73.94611158356071,966,948,934
360470265003000,Brooklyn,40.6867005,-73.94313074956689,60,1,11
360470265003001,Brooklyn,40.686375,-73.94596563866119,66,3,40
360470265004000,Brooklyn,40.685968,-73.94298436084583,21,1,6
360470265004001,Brooklyn,40.6856425,-73.94581927762619,69,0,57
360470266001000,Brooklyn,40.61084099999999,-73.98637095619232,20,4,13
360470266001001,Brooklyn,40.610281,-73.9869527227497,58,3,36
360470266001002,Brooklyn,40.611619,-73.98916759510955,42,3,7
360470266002000,Brooklyn,40.613508499999995,-73.99078878484127,122,0,21
360470266002001,Brooklyn,40.612947999999996,-73.99136795511527,30,10,6
360470266002002,Brooklyn,40.612177,-73.98858507047197,20,4,2
360470266003000,Brooklyn,40.614791499999995,-73.99291073810349,22,2,3
360470266003001,Brooklyn,40.614228,-73.99348729452824,32,5,8
360470266003002,Brooklyn,40.613665,-73.99406545496555,4,0,0
360470267001000,Brooklyn,40.68523499999999,-73.94283827830832,13,12,12
360470267001001,Brooklyn,40.6849095,-73.94567394474761,116,4,50
360470267002000,Brooklyn,40.684503,-73.94269350066719,47,22,29
360470267002001,Brooklyn,40.68417649999999,-73.94552708248547,17,1,4
360470267003000,Brooklyn,40.683949999999996,-73.94258252469803,26,3,7
360470267003001,Brooklyn,40.6834205,-73.94537726161202,25,3,3
360470267003002,Brooklyn,40.6834035,-73.94319882825485,25,0,13
360470267004000,Brooklyn,40.6830365,-73.94240216745395,14,1,2
360470267004001,Brooklyn,40.682711,-73.9452358891467,24,5,7
360470268001000,Brooklyn,40.609723,-73.98753433958322,17,1,3
360470268001001,Brooklyn,40.609140499999995,-73.9881386203723,55,2,14
360470268002000,Brooklyn,40.6097025,-73.99112942161653,10,3,2
360470268002001,Brooklyn,40.609860499999996,-73.9905827202999,16,1,4
360470268002002,Brooklyn,40.60869649999999,-73.98862542085945,9,0,3
360470268002003,Brooklyn,40.608553,-73.98919589244753,8,0,0
360470268003000,Brooklyn,40.612387999999996,-73.99194951117605,11,4,4
360470268003001,Brooklyn,40.61181,-73.99255510440273,221,207,99
360470268003003,Brooklyn,40.611014499999996,-73.99329579813346,2,0,0
360470268004000,Brooklyn,40.611061,-73.98974904527958,11,2,3
360470268004001,Brooklyn,40.610412999999994,-73.99024005300035,1,0,0
360470269001000,Brooklyn,40.682304,-73.94225713915415,11,1,2
360470269001001,Brooklyn,40.6815725,-73.94210974782666,23,11,11
360470269002000,Brooklyn,40.680841,-73.94196320998785,9,2,4
360470269002001,Brooklyn,40.6801825,-73.94183699999999,67,13,16
360470269003000,Brooklyn,40.681978,-73.9450906114208,1097,3,995
360470269003001,Brooklyn,40.681248,-73.94494247125922,26,2,12
360470269003002,Brooklyn,40.680516499999996,-73.94481560836402,70,20,20
360470270001000,Brooklyn,40.6054925,-73.98828515794246,338,10,268
360470270001001,Brooklyn,40.604934,-73.98888626623837,20,13,12
360470270001002,Brooklyn,40.60437449999999,-73.98946767192899,4,1,1
360470270002000,Brooklyn,40.607398,-73.98995127859493,2,0,0
360470270002001,Brooklyn,40.606846000000004,-73.9905386173371,216,0,65
360470270002002,Brooklyn,40.606281499999994,-73.99111607828061,43,1,20
360470270002003,Brooklyn,40.6057225,-73.991697,12,4,6
360470271001000,Brooklyn,40.6783655,-73.93717146713615,26,0,17
360470271001001,Brooklyn,40.678563999999994,-73.93993743692955,30,21,18
360470271001003,Brooklyn,40.6787595,-73.94361652990219,8,2,4
360470271001004,Brooklyn,40.679777,-73.9426137586436,196,4,90
360470271001005,Brooklyn,40.679705999999996,-73.93993291232125,309,2,280
360470271001006,Brooklyn,40.6794795,-73.94060352459016,8,0,7
360470271002000,Brooklyn,40.678492,-73.93142970194086,143,0,120
360470271002001,Brooklyn,40.6791815,-73.93410815552781,7,0,5
360470271002002,Brooklyn,40.679314,-73.9368184645464,36,9,7
360470272001000,Brooklyn,40.609297,-73.99158438496862,14,0,0
360470272001001,Brooklyn,40.607958999999994,-73.98937178779016,19,1,2
360470272002000,Brooklyn,40.6087375,-73.99216566558309,6,0,0
360470272002001,Brooklyn,40.608179,-73.99274769501821,26,5,4
360470272003001,Brooklyn,40.60706,-73.99391161577759,10,2,2
360470272003002,Brooklyn,40.60839,-73.99611143421052,23,7,10
360470273001000,Brooklyn,40.68222899999999,-73.93639763506138,4,1,2
360470273001001,Brooklyn,40.681897000000006,-73.93927786132146,97,0,35
360470273002000,Brooklyn,40.681543999999995,-73.93612141712141,29,2,20
360470273002001,Brooklyn,40.6811685,-73.93758152188784,1,0,1
360470273002002,Brooklyn,40.6811665,-73.93913152590292,21,2,11
360470273003000,Brooklyn,40.680888499999995,-73.93613090594107,14,0,3
360470273003001,Brooklyn,40.6803185,-73.93796848341094,17,16,6
360470273003002,Brooklyn,40.6803185,-73.9394181,64,1,11
360470273003004,Brooklyn,40.6802865,-73.93652589007661,8,8,8
360470274001000,Brooklyn,40.6106255,-73.99378492496345,170,1,144
360470274001001,Brooklyn,40.610069499999994,-73.99436666826969,5,0,3
360470274001002,Brooklyn,40.6095085,-73.99494620372202,25,5,8
360470274001003,Brooklyn,40.6089495,-73.99552921015038,13,1,1
360470274002000,Brooklyn,40.61308,-73.99466279158386,31,7,7
360470274002001,Brooklyn,40.612669,-73.99522082010927,8,4,5
360470274002002,Brooklyn,40.6123185,-73.99545022905089,5,0,0
360470274002003,Brooklyn,40.611892999999995,-73.99588383050306,22,3,2
360470274002004,Brooklyn,40.6113295,-73.99645654614625,31,7,7
360470274002005,Brooklyn,40.61077,-73.99703416076976,154,3,28
360470275001000,Brooklyn,40.685160499999995,-73.93697936509562,1,0,1
360470275001001,Brooklyn,40.684828499999995,-73.93985838771135,26,14,14
360470275002000,Brooklyn,40.6844305,-73.93760438695355,10,2,1
360470275002001,Brooklyn,40.684072,-73.93732538822113,62,0,55
360470275002002,Brooklyn,40.684266,-73.93974692603173,16,4,4
360470275002003,Brooklyn,40.683899,-73.93977371958874,18,0,17
360470275003000,Brooklyn,40.6836955,-73.93668889141907,158,22,96
360470275003001,Brooklyn,40.683364,-73.93956780411023,45,0,29
360470275004000,Brooklyn,40.6829625,-73.93654293277133,44,2,16
360470275004001,Brooklyn,40.682629999999996,-73.93942333436178,33,0,21
360470276001000,Brooklyn,40.612663,-73.99866534541817,42,3,8
360470276001001,Brooklyn,40.612102,-73.99924036999408,12,5,1
360470276002000,Brooklyn,40.611457,-73.99968941418257,23,0,6
360470276002001,Brooklyn,40.610206,-73.9976111822883,13,0,2
360470276003000,Brooklyn,40.610793,-74.00009513034558,79,8,15
360470276003001,Brooklyn,40.6096425,-73.99818770323465,52,2,20
360470276003002,Brooklyn,40.609668,-74.0007202729202,318,108,74
360470276003003,Brooklyn,40.610237,-74.00177593024901,12,1,1
360470277001000,Brooklyn,40.6880905,-73.9375616485795,8,0,6
360470277001001,Brooklyn,40.6873585,-73.93741490676229,11,0,0
360470277002001,Brooklyn,40.68589299999999,-73.93712477012278,9,5,5
360470277003000,Brooklyn,40.686294,-73.94014947245651,102,0,95
360470277003001,Brooklyn,40.685561,-73.94000422305592,103,2,87
360470277004000,Brooklyn,40.68776,-73.9404410831967,42,7,25
360470277004001,Brooklyn,40.6870265,-73.94029497269862,95,0,46
360470278001000,Brooklyn,40.609080500000005,-73.998763005,41,7,11
360470278001001,Brooklyn,40.608537999999996,-73.9993707110429,20,2,5
360470278001002,Brooklyn,40.608000499999996,-73.99998832534648,10,0,7
360470278001003,Brooklyn,40.607386,-74.00047963750535,32,1,13
360470278002000,Brooklyn,40.6070395,-74.00197170845341,62,2,6
360470278002001,Brooklyn,40.6071555,-74.00125916747146,1213,30,274
360470278002002,Brooklyn,40.606195,-74.00316911651684,526,5,115
360470278002003,Brooklyn,40.60552,-74.0026859956534,189,7,16
360470278002004,Brooklyn,40.6050965,-74.00193489227166,49,17,9
360470279001000,Brooklyn,40.69102049999999,-73.93814622956403,21,3,2
360470279001001,Brooklyn,40.69068849999999,-73.94102458294714,150,6,61
360470279002000,Brooklyn,40.6902875,-73.93800005496104,5,0,2
360470279002001,Brooklyn,40.689958,-73.94087866783039,7,3,4
360470279003000,Brooklyn,40.689555,-73.93785491840598,18,0,14
360470279003001,Brooklyn,40.6892255,-73.9407324448232,1,1,1
360470279004000,Brooklyn,40.688824999999994,-73.93770809813574,73,3,39
360470279004001,Brooklyn,40.688492999999994,-73.94058677792916,3,2,2
360470280001000,Brooklyn,40.60109849999999,-74.00733445675519,1,0,1
360470280001001,Brooklyn,40.600705,-74.00649911592896,4,4,0
360470280002000,Brooklyn,40.604344,-74.00528284925679,87,39,59
360470280002001,Brooklyn,40.603915,-74.0045171506132,84,0,45
360470280002002,Brooklyn,40.603463,-74.00363234349851,12,0,1
360470280002003,Brooklyn,40.602254,-74.0048890202755,223,7,161
360470280002004,Brooklyn,40.602685,-74.00572918589714,62,13,33
360470280002005,Brooklyn,40.60310799999999,-74.0064990584126,152,7,127
360470281001000,Brooklyn,40.69395,-73.93872997287701,11,8,6
360470281002000,Brooklyn,40.6924855,-73.93843786527967,24,0,23
360470281002001,Brooklyn,40.691753,-73.938292242434,9,0,5
360470281003000,Brooklyn,40.6936195,-73.94160872199453,30,0,29
360470281003001,Brooklyn,40.692842999999996,-73.94238762596942,4,4,2
360470281003002,Brooklyn,40.692702,-73.9414212552771,29,1,2
360470281003003,Brooklyn,40.692154,-73.94131652748959,112,16,39
360470281003004,Brooklyn,40.6914215,-73.94117138911719,58,3,45
360470282001000,Brooklyn,40.600554,-74.00544864821183,21,17,3
360470282001001,Brooklyn,40.600145,-74.00408609841122,31,0,22
360470282001002,Brooklyn,40.5988725,-74.0051966112467,10,0,0
360470282002000,Brooklyn,40.6030495,-74.00285086421373,16,0,3
360470282002001,Brooklyn,40.602647000000005,-74.00208235555351,554,0,437
360470282002002,Brooklyn,40.601444,-74.0033345,21,2,7
360470282002003,Brooklyn,40.601845999999995,-74.0041033192669,35,1,21
360470282003000,Brooklyn,40.602243,-74.00131847276771,30,26,18
360470282003001,Brooklyn,40.601034999999996,-74.00257317124394,26,1,9
360470283001000,Brooklyn,40.696135,-73.93916574390244,35,0,24
360470283001001,Brooklyn,40.6958235,-73.94204229157627,63,0,40
360470283002000,Brooklyn,40.6954015,-73.93901673775511,2,0,0
360470283002001,Brooklyn,40.69508499999999,-73.94189925111533,297,0,148
360470283003000,Brooklyn,40.694683,-73.93887593362538,259,1,238
360470283003001,Brooklyn,40.694353,-73.94175447392135,20,4,13
360470284001000,Brooklyn,40.6078305,-73.99669392030074,6,2,0
360470284001001,Brooklyn,40.607271499999996,-73.99727454972589,8,4,2
360470284002000,Brooklyn,40.606712,-73.99785608647792,11,2,6
360470284002001,Brooklyn,40.60615299999999,-73.99843807874905,13,5,0
360470284002002,Brooklyn,40.60570799999999,-73.99927174849283,185,38,49
360470284003000,Brooklyn,40.6046645,-74.00117250200779,27,6,7
360470284003001,Brooklyn,40.604243499999995,-74.00042182148837,35,2,4
360470284003002,Brooklyn,40.603820999999996,-73.99967593066829,65,0,11
360470285011000,Brooklyn,40.6994955,-73.94277470332602,2780,10,2600
360470285011001,Brooklyn,40.6989425,-73.93998500233022,82,3,18
360470285011002,Brooklyn,40.699664999999996,-73.94071738569207,242,2,112
360470285021000,Brooklyn,40.6977555,-73.93950608516232,59,52,51
360470285021001,Brooklyn,40.697146000000004,-73.94230332613168,213,0,199
360470286001000,Brooklyn,40.59781699999999,-74.0037020736403,21,0,11
360470286002000,Brooklyn,40.598959,-74.00351064088423,33,0,1
360470286003000,Brooklyn,40.5990075,-74.00196954633401,11,6,1
360470286004000,Brooklyn,40.600581,-74.0018336899465,20,1,0
360470286004001,Brooklyn,40.6001055,-74.00114197741347,29,0,6
360470286004002,Brooklyn,40.599627,-74.00045236954743,16,2,7
360470286005000,Brooklyn,40.60195,-74.0004127190198,15,0,1
360470286005001,Brooklyn,40.601493,-73.99970095001302,34,2,7
360470286005002,Brooklyn,40.601034999999996,-73.99899187506519,25,0,11
360470287001000,Brooklyn,40.697959499999996,-73.93752575549613,30,0,8
360470287001001,Brooklyn,40.697196,-73.93675926057298,26,3,6
360470287001002,Brooklyn,40.696647999999996,-73.93628059883599,142,1,53
360470287001004,Brooklyn,40.69605299999999,-73.9341243729508,38,0,5
360470287001005,Brooklyn,40.695752999999996,-73.9360945462993,8,7,2
360470287002000,Brooklyn,40.6952365,-73.93332221282401,21,2,8
360470287002002,Brooklyn,40.6949975,-73.93613910792416,18,0,2
360470287003000,Brooklyn,40.6946215,-73.93288683613275,8,0,3
360470287003001,Brooklyn,40.694433,-73.93453426538989,19,0,9
360470287003002,Brooklyn,40.694265,-73.93599686131336,34,34,29
360470288001000,Brooklyn,40.606500999999994,-73.99449352895924,9,0,3
360470288001001,Brooklyn,40.605942,-73.99507504401319,21,13,4
360470288001002,Brooklyn,40.6053825,-73.99565493524776,85,1,61
360470288002000,Brooklyn,40.604823499999995,-73.99623815922462,44,25,0
360470288002001,Brooklyn,40.6043855,-73.99707580813953,224,19,36
360470288003000,Brooklyn,40.603534999999994,-73.99876605016301,46,0,12
360470288003001,Brooklyn,40.603093,-73.99803972072192,80,28,39
360470288003002,Brooklyn,40.60265149999999,-73.99731067378272,35,8,11
360470289001000,Brooklyn,40.6940905,-73.93069398527396,5,3,0
360470289001001,Brooklyn,40.6934665,-73.93009154752554,67,17,21
360470289001002,Brooklyn,40.6927335,-73.9295108431105,2,0,1
360470289002000,Brooklyn,40.692426,-73.93244294604935,14,3,5
360470289002001,Brooklyn,40.6920905,-73.93536889203959,9,3,4
360470289003000,Brooklyn,40.693158,-73.93259296101232,3,3,3
360470289003001,Brooklyn,40.6928225,-73.93551554684802,56,0,47
360470289004000,Brooklyn,40.693890999999994,-73.93273744298294,24,5,9
360470289004001,Brooklyn,40.69355349999999,-73.93566290674642,2,0,0
360470290001000,Brooklyn,40.605163,-73.99227938767592,88,55,38
360470290001001,Brooklyn,40.6046025,-73.99285966193207,23,6,7
360470290002000,Brooklyn,40.604044,-73.99344212939783,11,2,5
360470290002001,Brooklyn,40.603483499999996,-73.99402303072657,28,21,19
360470290003000,Brooklyn,40.60305149999999,-73.99487350912136,267,60,111
360470290003001,Brooklyn,40.602202999999996,-73.99657014507511,52,23,18
360470290003002,Brooklyn,40.601775,-73.99583151161723,65,19,18
360470290003003,Brooklyn,40.601322999999994,-73.9950900550176,123,14,44
360470291001000,Brooklyn,40.691327,-73.93222370640046,160,0,139
360470291001001,Brooklyn,40.691357499999995,-73.9352225,91,4,71
360470291001002,Brooklyn,40.690625,-73.93507702669166,9,1,0
360470291002000,Brooklyn,40.6902295,-73.93200567536584,115,104,56
360470291002001,Brooklyn,40.689892,-73.93493045814328,12,7,1
360470291003001,Brooklyn,40.6891575,-73.93478416498073,14,10,1
360470292001000,Brooklyn,40.600567,-73.99826794282203,22,6,7
360470292001001,Brooklyn,40.600108,-73.99755805109824,2,0,0
360470292001002,Brooklyn,40.5996445,-73.99683203613176,49,9,16
360470292002000,Brooklyn,40.599143,-73.99974863515021,36,2,7
360470292002001,Brooklyn,40.5986745,-73.99905922231468,13,6,1
360470292002002,Brooklyn,40.598181499999995,-73.99835614730864,369,26,83
360470292002003,Brooklyn,40.59854249999999,-74.00069284815618,6,6,0
360470293001000,Brooklyn,40.688762999999994,-73.9317141209388,23,22,20
360470293001001,Brooklyn,40.6884295,-73.93463743125892,223,0,161
360470293002000,Brooklyn,40.6880325,-73.93156874291697,118,0,101
360470293002001,Brooklyn,40.68769399999999,-73.93449185317178,116,0,102
360470293003000,Brooklyn,40.687298,-73.93142327012278,14,3,1
360470293003001,Brooklyn,40.686961499999995,-73.93434624435334,4,2,0
360470293004000,Brooklyn,40.6865645,-73.93128060878215,24,0,1
360470293004001,Brooklyn,40.686229999999995,-73.93420228308881,53,29,29
360470294001000,Brooklyn,40.5976575,-73.99764254649651,21,0,7
360470294001001,Brooklyn,40.597139999999996,-73.9969748590327,8,2,2
360470294001002,Brooklyn,40.596638,-73.99630734454598,138,18,20
360470294001003,Brooklyn,40.595615499999994,-73.99749554614289,821,10,513
360470294001009,Brooklyn,40.59376449999999,-73.99896782176751,4,4,1
360470294001010,Brooklyn,40.594551499999994,-74.00042263010116,427,7,74
360470295001000,Brooklyn,40.6858335,-73.93113171084968,6,0,1
360470295001001,Brooklyn,40.685153,-73.93148575716233,19,0,3
360470295001002,Brooklyn,40.68496999999999,-73.93064958783785,12,6,6
360470295002000,Brooklyn,40.684366999999995,-73.93084277107249,16,4,6
360470295002001,Brooklyn,40.683634999999995,-73.93069606755304,70,2,26
360470295003000,Brooklyn,40.684031,-73.93376540573769,15,3,3
360470295003001,Brooklyn,40.6832985,-73.93362009379263,25,3,12
360470295004000,Brooklyn,40.6854965,-73.93405608127856,15,0,8
360470295004001,Brooklyn,40.684751,-73.93468295435967,2,2,0
360470295004002,Brooklyn,40.684563999999995,-73.9339473027735,4,0,2
360470296001000,Brooklyn,40.603815,-73.9900476419046,138,0,14
360470296001001,Brooklyn,40.603258,-73.99063140522003,432,4,78
360470296001002,Brooklyn,40.6026965,-73.99121311251511,42,10,11
360470296002000,Brooklyn,40.602138499999995,-73.99179598515107,19,4,9
360470296002001,Brooklyn,40.601713,-73.99263771645663,181,23,44
360470296002002,Brooklyn,40.6008545,-73.99432144580888,116,23,35
360470296003000,Brooklyn,40.6004,-73.99358167927407,69,38,14
360470296003001,Brooklyn,40.599957,-73.9928541849927,71,3,13
360470296003002,Brooklyn,40.598234,-73.99464627823644,7,6,3
360470296004000,Brooklyn,40.599158,-73.99608160040692,38,18,20
360470296004001,Brooklyn,40.5986895,-73.99535797621236,16,0,11
360470297001000,Brooklyn,40.6829015,-73.93054812178104,83,0,71
360470297001001,Brooklyn,40.6821695,-73.93040251158969,6,0,3
360470297001002,Brooklyn,40.68143549999999,-73.93025913475267,48,6,39
360470297002000,Brooklyn,40.6807045,-73.93010933939384,6,6,4
360470297002001,Brooklyn,40.680392999999995,-73.93304255832196,12,11,9
360470297002003,Brooklyn,40.6798315,-73.93002238840398,67,0,35
360470297003000,Brooklyn,40.682565999999994,-73.93347366218437,2,0,0
360470297003001,Brooklyn,40.6818325,-73.93332733766462,54,2,27
360470297003002,Brooklyn,40.6811,-73.93318129706125,27,6,16
360470298001000,Brooklyn,40.604817999999995,-73.9869783568376,6,0,5
360470298001001,Brooklyn,40.60349599999999,-73.9869025526188,11,0,6
360470298001002,Brooklyn,40.603217,-73.98755098797022,39,6,10
360470298001003,Brooklyn,40.602478500000004,-73.98783483506591,3,2,2
360470298001004,Brooklyn,40.6019185,-73.98841611663596,23,0,15
360470298001005,Brooklyn,40.6006395,-73.98652003571428,68,0,58
360470298002000,Brooklyn,40.5996355,-73.98635654872083,11,2,3
360470298002001,Brooklyn,40.599469,-73.98737812507639,20,0,10
360470298002002,Brooklyn,40.599027500000005,-73.98821417655898,136,0,41
360470298002003,Brooklyn,40.5976775,-73.98611334582286,34,0,11
360470298002004,Brooklyn,40.598226999999994,-73.98580808918538,9,0,8
360470298003000,Brooklyn,40.601358,-73.98899866072205,8,0,4
360470298003001,Brooklyn,40.600798499999996,-73.98957890469754,125,2,83
360470298003002,Brooklyn,40.6003575,-73.99041641823308,130,7,17
360470299001000,Brooklyn,40.678573,-73.92315324815272,59,0,14
360470299001002,Brooklyn,40.6776445,-73.9232395,15,1,12
360470299001003,Brooklyn,40.677697499999994,-73.92421969045348,7,2,0
360470299001004,Brooklyn,40.677777,-73.92562816327617,77,2,15
360470299002000,Brooklyn,40.67873,-73.92600958174603,184,0,113
360470299002001,Brooklyn,40.6788665,-73.92843447222825,13,13,6
360470299002002,Brooklyn,40.6778575,-73.92701108529747,11,8,6
360470299002003,Brooklyn,40.677903,-73.9279002759278,2,0,0
360470299002004,Brooklyn,40.677946999999996,-73.92928028630514,32,0,15
360470300001000,Brooklyn,40.5995115,-73.99211069749101,65,8,0
360470300001001,Brooklyn,40.59907,-73.99138461416595,23,2,10
360470300002000,Brooklyn,40.5986295,-73.99065270634921,35,2,8
360470300002001,Brooklyn,40.598177,-73.989910536172,13,6,4
360470300003000,Brooklyn,40.597738,-73.98917959046739,5,1,3
360470300003001,Brooklyn,40.5972985,-73.98844922285464,21,2,4
360470300004000,Brooklyn,40.596851,-73.98770939371695,37,2,9
360470300004001,Brooklyn,40.596408499999995,-73.98698428298813,48,0,26
360470300005000,Brooklyn,40.59587,-73.98635401310534,58,41,39
360470300005001,Brooklyn,40.595541999999995,-73.98556400531915,2,0,0
360470301001000,Brooklyn,40.677975,-73.91218978476296,15,5,9
360470301001001,Brooklyn,40.6770075,-73.9122573296648,3,1,1
360470301001002,Brooklyn,40.6770575,-73.91317369940256,3,0,0
360470301001003,Brooklyn,40.676959,-73.91133873377177,9,5,5
360470301002000,Brooklyn,40.6781255,-73.91495108083295,216,0,173
360470301002001,Brooklyn,40.677112,-73.91410947608313,165,0,137
360470301002003,Brooklyn,40.6772105,-73.91594715167983,4,4,1
360470301003000,Brooklyn,40.678276,-73.91770742121082,58,0,29
360470301003001,Brooklyn,40.678422499999996,-73.92038171949602,244,28,84
360470301003002,Brooklyn,40.67740499999999,-73.91870955317336,1,0,0
360470301003003,Brooklyn,40.677354,-73.91779533682686,11,0,10
360470301003005,Brooklyn,40.677544,-73.92132894352868,3,0,0
360470301003006,Brooklyn,40.677499999999995,-73.92047120210898,9,0,0
360470301003007,Brooklyn,40.677454499999996,-73.91960936140853,2,0,0
360470302001000,Brooklyn,40.597764,-73.99392393597917,6,1,0
360470302001001,Brooklyn,40.5973055,-73.99321441826544,29,18,8
360470302001003,Brooklyn,40.596382500000004,-73.99177692828843,37,0,7
360470302002000,Brooklyn,40.595940999999996,-73.99104817341214,37,4,27
360470302002001,Brooklyn,40.5955015,-73.9903199355569,18,7,9
360470302002002,Brooklyn,40.5950545,-73.98957651620782,2,2,0
360470302003000,Brooklyn,40.594612,-73.98884868043592,4,0,1
360470302003002,Brooklyn,40.593723999999995,-73.98737499233965,7,3,3
360470303001000,Brooklyn,40.676166499999994,-73.91512023997,9,5,3
360470303001001,Brooklyn,40.67533949999999,-73.91519927012219,71,0,63
360470303001002,Brooklyn,40.674594,-73.91526794085425,6,2,3
360470303001003,Brooklyn,40.67376,-73.9153465,8,2,3
360470303002001,Brooklyn,40.676418999999996,-73.92057050278551,52,0,22
360470303002003,Brooklyn,40.6750355,-73.92070268449638,284,0,248
360470303002004,Brooklyn,40.674060999999995,-73.92079401342045,6,0,6
360470303003001,Brooklyn,40.676298,-73.91788961677472,274,1,238
360470303003002,Brooklyn,40.6755255,-73.91796446221394,1,0,1
360470303003003,Brooklyn,40.67474899999999,-73.91803630868486,7,0,2
360470303003004,Brooklyn,40.673911,-73.91811470477779,10,0,7
360470304001001,Brooklyn,40.5924415,-73.98991917850319,7,3,0
360470304001002,Brooklyn,40.591992499999996,-73.98917581445212,3,1,1
360470304001003,Brooklyn,40.5917795,-73.99184068877125,8,0,0
360470304001004,Brooklyn,40.59124,-73.991213990602,14,0,3
360470304001005,Brooklyn,40.59051099999999,-73.99227468179828,5,1,4
360470304001009,Brooklyn,40.591204499999996,-73.9958701967011,640,13,419
360470304001010,Brooklyn,40.5911595,-73.9927703170697,2,0,2
360470304002000,Brooklyn,40.596125,-73.99563952002498,11,1,3
360470304002001,Brooklyn,40.5956285,-73.9949806936392,14,4,3
360470304002002,Brooklyn,40.595127500000004,-73.99431048735866,8,1,2
360470304002003,Brooklyn,40.594621000000004,-73.99361317834897,178,0,156
360470304002004,Brooklyn,40.5938185,-73.99519125482627,28,3,10
360470304003000,Brooklyn,40.5942125,-73.99285101991455,70,27,23
360470304003004,Brooklyn,40.5928805,-73.99315336465725,4,0,0
360470304003006,Brooklyn,40.593086,-73.99444424034156,40,1,19
360470304003007,Brooklyn,40.5924415,-73.99384122524413,99,0,83
360470305001000,Brooklyn,40.678850999999995,-73.95570645088719,14,0,7
360470305001001,Brooklyn,40.6792035,-73.9572928142066,45,7,20
360470305001002,Brooklyn,40.6797665,-73.95998158657531,25,9,12
360470305001003,Brooklyn,40.678990999999996,-73.96026206404517,223,0,169
360470305001004,Brooklyn,40.678224,-73.96053726432291,140,6,104
360470305001005,Brooklyn,40.67765849999999,-73.95783937191538,34,23,25
360470305001006,Brooklyn,40.678426,-73.95756299657035,39,3,9
360470305001007,Brooklyn,40.678073,-73.95587623207301,8,4,2
360470305001008,Brooklyn,40.677305,-73.95615329518856,253,91,171
360470305002000,Brooklyn,40.6764805,-73.95644980958087,34,6,19
360470305002001,Brooklyn,40.6768335,-73.95813383739939,54,28,28
360470305002002,Brooklyn,40.6774005,-73.96083487365331,258,1,209
360470305003000,Brooklyn,40.6756045,-73.95677377463065,35,3,7
360470305003001,Brooklyn,40.675955,-73.95845515062021,96,21,33
360470305003002,Brooklyn,40.6765195,-73.96114954639273,58,23,25
360470305004000,Brooklyn,40.674724,-73.95709463548741,46,0,11
360470305004001,Brooklyn,40.675079499999995,-73.95878018057293,4,2,2
360470305004002,Brooklyn,40.675642499999995,-73.9614703472921,254,15,189
360470306001000,Brooklyn,40.592985999999996,-73.98633919356027,275,0,235
360470306001001,Brooklyn,40.591111,-73.987718,8,0,0
360470306001002,Brooklyn,40.591551499999994,-73.98844700715782,38,6,10
360470306001003,Brooklyn,40.5920835,-73.98548315213529,58,2,33
360470306001004,Brooklyn,40.592031999999996,-73.98463556828885,18,5,10
360470306001007,Brooklyn,40.590221,-73.98624631143191,21,0,8
360470306001008,Brooklyn,40.590661499999996,-73.98697517134488,38,14,19
360470306001009,Brooklyn,40.589172000000005,-73.98493390144299,94,0,53
360470306001010,Brooklyn,40.5888305,-73.98422282068691,11,0,4
360470307001001,Brooklyn,40.675275,-73.92653502845658,48,48,47
360470307002000,Brooklyn,40.6757395,-73.92341382803468,16,0,4
360470307003005,Brooklyn,40.676728499999996,-73.92619316583468,496,9,308
360470307003006,Brooklyn,40.6768815,-73.9289664511792,57,0,17
360470307003007,Brooklyn,40.67612,-73.92884123467047,1,0,1
360470307003008,Brooklyn,40.676196,-73.93022493824392,4,0,0
360470307003009,Brooklyn,40.675351,-73.92910905651576,23,2,8
360470307003010,Brooklyn,40.674516999999994,-73.9291867739943,424,0,363
360470307003011,Brooklyn,40.67436599999999,-73.9264194334048,37,0,13
360470307003012,Brooklyn,40.674209,-73.92356492437145,3,0,0
360470307003013,Brooklyn,40.676570999999996,-73.92333423988316,82,41,12
360470308001000,Brooklyn,40.5888305,-73.98105308633093,2296,12,855
360470308001001,Brooklyn,40.58757,-73.97652746330418,400,0,48
360470308001003,Brooklyn,40.5843005,-73.9824166726415,771,0,456
360470308001006,Brooklyn,40.586451499999995,-73.98429849771772,20,5,12
360470308001007,Brooklyn,40.588254500000005,-73.98388433653136,9,0,1
360470308001010,Brooklyn,40.585436,-73.98555981550538,11,7,3
360470308001011,Brooklyn,40.5857585,-73.98641453055397,46,45,7
360470309001003,Brooklyn,40.6771785,-73.93450469769874,73,12,6
360470309001004,Brooklyn,40.677031,-73.93173595126684,179,0,109
360470309001006,Brooklyn,40.676283,-73.93180464466239,5,0,1
360470309001007,Brooklyn,40.676432999999996,-73.93457476052905,3,0,1
360470309002000,Brooklyn,40.675504000000004,-73.93187770154043,52,34,46
360470309002001,Brooklyn,40.675652,-73.93465031558124,139,1,130
360470309002002,Brooklyn,40.6746705,-73.93195642091236,120,0,53
360470311001002,Brooklyn,40.677330999999995,-73.93727212477218,20,1,12
360470311001003,Brooklyn,40.67658349999999,-73.93734577675232,54,23,26
360470311002000,Brooklyn,40.675940999999995,-73.93989221245187,7,0,5
360470311002001,Brooklyn,40.676016000000004,-73.9412759984094,30,0,18
360470311002002,Brooklyn,40.6751205,-73.9402610614525,163,3,130
360470311003002,Brooklyn,40.677451,-73.94004139906099,26,1,15
360470311003003,Brooklyn,40.6767355,-73.94011522080208,13,0,2
360470313001002,Brooklyn,40.677634999999995,-73.9428083708422,11,2,5
360470313001003,Brooklyn,40.676885999999996,-73.94288279845956,11,8,5
360470313002000,Brooklyn,40.675918499999995,-73.9428463688414,14,0,0
360470313002002,Brooklyn,40.675275,-73.94303513495052,7,0,5
360470313003000,Brooklyn,40.676248,-73.94459570051414,10,1,4
360470313003001,Brooklyn,40.67609,-73.94592570512734,2,0,0
360470313004002,Brooklyn,40.677787499999994,-73.94557805537634,59,9,38
360470313004003,Brooklyn,40.677037,-73.94565157749042,10,8,4
360470314011000,Brooklyn,40.5906865,-73.99056687652987,62,20,39
360470314011001,Brooklyn,40.5903655,-73.98968091221482,1,0,1
360470314011003,Brooklyn,40.5889605,-73.98993626436206,9,0,1
360470314011004,Brooklyn,40.5898535,-73.9890280846345,6,3,1
360470314011005,Brooklyn,40.589263,-73.98842753555499,7,0,0
360470314012000,Brooklyn,40.589457499999995,-73.99156148452667,32,13,8
360470314012001,Brooklyn,40.5881215,-73.99122659604105,20,4,10
360470314013003,Brooklyn,40.587493499999994,-73.99375239215922,22,0,15
360470314013004,Brooklyn,40.5877185,-73.99440886415553,100,0,54
360470314013008,Brooklyn,40.585583,-73.98826052172842,5,3,3
360470314013009,Brooklyn,40.586879499999995,-73.98975102401096,18,10,9
360470314014000,Brooklyn,40.5883165,-73.99770407890396,28,28,2
360470314015001,Brooklyn,40.5881585,-73.98720386800089,43,1,8
360470314016000,Brooklyn,40.587382,-73.98680384802225,48,0,12
360470314016001,Brooklyn,40.58685,-73.98617533243512,124,1,106
360470315001002,Brooklyn,40.677937,-73.94834838118517,70,6,27
360470315001003,Brooklyn,40.677188,-73.9484219805833,66,38,46
360470315002000,Brooklyn,40.6763265,-73.94850236033199,23,1,8
360470315002001,Brooklyn,40.675574,-73.94857310475457,36,2,14
360470315003000,Brooklyn,40.676559999999995,-73.95127356280179,106,9,51
360470315003001,Brooklyn,40.6757255,-73.95134250059454,53,27,24
360470315004002,Brooklyn,40.6781035,-73.95129337993663,45,0,6
360470315004003,Brooklyn,40.677339499999995,-73.95126467801211,46,16,27
360470317011000,Brooklyn,40.6746825,-73.94865643470484,51,3,7
360470317011001,Brooklyn,40.674833,-73.95142501886309,167,96,54
360470317012000,Brooklyn,40.67379199999999,-73.94873929213483,21,7,5
360470317012001,Brooklyn,40.6739415,-73.95150868797336,76,2,59
360470317013000,Brooklyn,40.672900999999996,-73.94882329204036,52,37,26
360470317013001,Brooklyn,40.6730515,-73.9515930847691,107,3,42
360470317021000,Brooklyn,40.672009,-73.94890720795965,17,1,3
360470317021001,Brooklyn,40.67111799999999,-73.94899105146177,54,9,23
360470317022000,Brooklyn,40.670334499999996,-73.94906398193223,24,10,8
360470317022001,Brooklyn,40.67048749999999,-73.95183360366107,28,10,6
360470317023000,Brooklyn,40.6721605,-73.95167646136885,122,9,85
360470317023001,Brooklyn,40.671268,-73.95176035149163,96,3,33
360470319001001,Brooklyn,40.669233,-73.94916727551796,54,10,38
360470319001002,Brooklyn,40.66842799999999,-73.94924298265707,55,6,27
360470319002000,Brooklyn,40.6675515,-73.94932570791245,21,7,11
360470319002001,Brooklyn,40.666803,-73.94939583632286,9,3,1
360470319003000,Brooklyn,40.6657695,-73.94949296081549,592,2,231
360470319003001,Brooklyn,40.66457749999999,-73.9503372195255,17,3,4
360470319003002,Brooklyn,40.66486,-73.94907700809723,5,1,0
360470319003003,Brooklyn,40.6642425,-73.94884042237688,8,0,5
360470321001001,Brooklyn,40.6693795,-73.95193684183735,15,7,8
360470321001002,Brooklyn,40.6685945,-73.95201104506053,60,22,28
360470321002000,Brooklyn,40.6677025,-73.95209491470257,157,137,20
360470321002001,Brooklyn,40.6668105,-73.95217860440917,32,0,19
360470321003000,Brooklyn,40.6658815,-73.95157116629434,3709,4,531
360470321003001,Brooklyn,40.6659565,-73.95295687691994,60,31,25
360470321004000,Brooklyn,40.6650415,-73.95234953140096,14,9,9
360470321004001,Brooklyn,40.6642095,-73.9523983803646,36,17,19
360470323001001,Brooklyn,40.669512499999996,-73.95440286857298,40,6,33
360470323001002,Brooklyn,40.6687375,-73.95458001633777,146,0,88
360470323001003,Brooklyn,40.667851999999996,-73.95478132693603,86,37,52
360470323002000,Brooklyn,40.666968,-73.954981904858,41,4,20
360470323002001,Brooklyn,40.66608,-73.9551844413844,52,5,20
360470323003000,Brooklyn,40.6650315,-73.95438404166666,7,4,2
360470323003002,Brooklyn,40.6650755,-73.95652813132563,75,17,29
360470323003003,Brooklyn,40.6640155,-73.95554416412213,101,5,33
360470325001001,Brooklyn,40.6698525,-73.95681602688461,21,5,4
360470325001002,Brooklyn,40.669064500000005,-73.9571010573924,24,7,4
360470325002000,Brooklyn,40.668190499999994,-73.95741677254499,56,12,14
360470325002001,Brooklyn,40.667311,-73.95773397336364,56,2,13
360470325003000,Brooklyn,40.6664325,-73.95805068563136,657,244,299
360470325003001,Brooklyn,40.6650995,-73.95803725557326,45,37,21
360470325003002,Brooklyn,40.665118,-73.95948006870938,139,6,125
360470326001000,Brooklyn,40.57784049999999,-73.98446132703286,137,91,30
360470326001001,Brooklyn,40.5777245,-73.98552318990326,56,0,38
360470326001002,Brooklyn,40.575907,-73.98517623818802,18,7,10
360470326001003,Brooklyn,40.57602,-73.98410916047797,6,1,2
360470326002000,Brooklyn,40.575771,-73.98623309762905,5,1,1
360470326002001,Brooklyn,40.5755845,-73.98728116304835,6,0,2
360470326002002,Brooklyn,40.575376,-73.98832503993277,13,5,8
360470326003000,Brooklyn,40.575202,-73.99045659523809,44,31,35
360470326003001,Brooklyn,40.575143499999996,-73.99152840398591,19,0,4
360470326004000,Brooklyn,40.57713749999999,-73.99081888491773,122,0,80
360470326004001,Brooklyn,40.5770215,-73.99188322136881,212,23,180
360470326005000,Brooklyn,40.577606,-73.98658541446764,16,1,0
360470326005001,Brooklyn,40.5774865,-73.98764595686913,162,10,120
360470326005002,Brooklyn,40.577377,-73.98870615862769,26,5,6
360470326005003,Brooklyn,40.577258,-73.98976197576943,2,1,0
360470327001000,Brooklyn,40.663231999999994,-73.95549341795527,180,23,45
360470327001001,Brooklyn,40.6624555,-73.95541243826538,3,0,0
360470327002000,Brooklyn,40.6638465,-73.95837403581854,2,0,0
360470327002001,Brooklyn,40.6637345,-73.9600119818104,80,0,14
360470327002002,Brooklyn,40.66302,-73.95893923829611,107,8,29
360470327002004,Brooklyn,40.662235499999994,-73.95895184650259,7,4,5
360470327003000,Brooklyn,40.66212,-73.96127212667946,676,266,410
360470327003001,Brooklyn,40.661389,-73.96250657287823,125,7,79
360470327003002,Brooklyn,40.6618995,-73.96183283999957,128,16,41
360470327003003,Brooklyn,40.661319,-73.96094171495395,38,8,8
360470328001000,Brooklyn,40.57690649999999,-73.99294632878788,57,0,52
360470328001001,Brooklyn,40.57678799999999,-73.99400468358103,25,0,7
360470328001002,Brooklyn,40.5766665,-73.99506372790825,24,2,2
360470328002000,Brooklyn,40.576547,-73.99612507538994,33,0,7
360470328002001,Brooklyn,40.57644,-73.99717324689082,21,0,3
360470328002002,Brooklyn,40.5763005,-73.9982311030225,8,0,1
360470328003000,Brooklyn,40.576173,-73.99929807891345,1,0,0
360470328003001,Brooklyn,40.5760525,-74.00035704003923,74,0,64
360470328004000,Brooklyn,40.575936999999996,-74.00141858335044,4,0,1
360470328004001,Brooklyn,40.575856,-74.00248567287234,301,3,94
360470329001000,Brooklyn,40.663450999999995,-73.94345349652524,316,273,201
360470329001001,Brooklyn,40.663445499999995,-73.94455095544893,11,9,3
360470329001002,Brooklyn,40.663811499999994,-73.94521365458635,12,0,3
360470329002000,Brooklyn,40.6637655,-73.9468022161938,8,1,2
360470329002001,Brooklyn,40.6629915,-73.9467727780289,9,3,4
360470329003000,Brooklyn,40.663606,-73.94950255571577,21,15,18
360470329003001,Brooklyn,40.6628295,-73.94940345881449,11,9,5
360470329004000,Brooklyn,40.663427,-73.95237450870398,32,5,8
360470329004001,Brooklyn,40.6626505,-73.95229744526364,26,1,4
360470330001000,Brooklyn,40.578959499999996,-74.00170657355466,284,0,21
360470330002001,Brooklyn,40.579922999999994,-74.00217011333334,5,5,3
360470330002002,Brooklyn,40.579961,-74.00326390999999,15,1,3
360470330003000,Brooklyn,40.5796645,-73.99598979732141,283,0,246
360470330003002,Brooklyn,40.579573999999994,-73.99936216828849,2,0,0
360470330003003,Brooklyn,40.5780215,-73.99844966034755,13,0,7
360470331001000,Brooklyn,40.66427399999999,-73.93850060399879,56,35,7
360470331001001,Brooklyn,40.663611,-73.93832853361857,3,0,3
360470331001002,Brooklyn,40.6634605,-73.93859488080439,12,0,8
360470331002000,Brooklyn,40.664424499999996,-73.9412701234626,75,9,44
360470331002001,Brooklyn,40.663655500000004,-73.94108282594235,68,30,31
360470331002002,Brooklyn,40.663236999999995,-73.94139478062914,50,11,12
360470331003000,Brooklyn,40.6645865,-73.94403784144251,51,28,6
360470331003001,Brooklyn,40.664750999999995,-73.94680322352427,341,53,258
360470333001000,Brooklyn,40.666056999999995,-73.93833234157303,21,18,15
360470333001001,Brooklyn,40.6663285,-73.94109067088448,162,59,72
360470333002000,Brooklyn,40.665165,-73.93841578683751,111,25,65
360470333002001,Brooklyn,40.6653175,-73.94118673348135,199,4,78
360470333002002,Brooklyn,40.6654685,-73.94395549943789,22,4,4
360470333003000,Brooklyn,40.666365,-73.94324478858024,112,16,61
360470333003001,Brooklyn,40.6665195,-73.9459218635321,1,0,0
360470333003002,Brooklyn,40.6663075,-73.94685829925848,3,0,0
360470333003003,Brooklyn,40.665617999999995,-73.94672520684156,15,11,11
360470333003004,Brooklyn,40.666137,-73.94403318613254,9,4,4
360470335001000,Brooklyn,40.667798499999996,-73.93817090027017,39,35,13
360470335001001,Brooklyn,40.6669475,-73.9382502926487,37,1,2
360470335002000,Brooklyn,40.667958999999996,-73.94093862897327,133,29,31
360470335002001,Brooklyn,40.667097999999996,-73.94101857722916,17,1,7
360470335003000,Brooklyn,40.6681165,-73.94370564372763,355,253,276
360470335003001,Brooklyn,40.668268499999996,-73.94647327795678,11,3,5
360470335003002,Brooklyn,40.6674015,-73.9465564801877,13,0,8
360470335003003,Brooklyn,40.667251,-73.94378702622379,5,0,3
360470336001000,Brooklyn,40.577791999999995,-74.00458744067893,4,2,1
360470336001001,Brooklyn,40.57753699999999,-74.00691227534571,29,2,2
360470336001002,Brooklyn,40.576848999999996,-74.00678075448198,3,0,0
360470336001003,Brooklyn,40.5771055,-74.00445615471928,3,1,1
360470336001004,Brooklyn,40.5764135,-74.00432427504097,3,1,1
360470336002001,Brooklyn,40.575706999999994,-74.00436650140806,7,6,2
360470336002002,Brooklyn,40.575504499999994,-74.00652280265095,1,0,0
360470336002003,Brooklyn,40.574748,-74.00709073593598,4,1,1
360470336002005,Brooklyn,40.575053499999996,-74.00407217816107,12,0,6
360470336002006,Brooklyn,40.573972999999995,-74.0031516480916,31,0,27
360470336002007,Brooklyn,40.5741065,-74.00518334366055,12,12,10
360470336002008,Brooklyn,40.573944499999996,-74.0072330066919,15,0,7
360470336002009,Brooklyn,40.5715825,-74.00236795873786,7,0,7
360470336002010,Brooklyn,40.5736495,-74.00365515393518,69,0,22
360470336003000,Brooklyn,40.578753,-74.00861967683954,7,7,7
360470336003001,Brooklyn,40.57803749999999,-74.00878036193615,2,0,0
360470336003002,Brooklyn,40.577332,-74.0087797829752,1,0,0
360470336003004,Brooklyn,40.575990000000004,-74.00854514655173,20,0,4
360470336003005,Brooklyn,40.575509499999995,-74.00905105357143,4,0,1
360470336003006,Brooklyn,40.5751915,-74.01108001822598,4,4,0
360470336003007,Brooklyn,40.5749285,-74.00965026481505,4,4,4
360470336004000,Brooklyn,40.577886,-74.01015440315933,44,2,13
360470336004001,Brooklyn,40.5772675,-74.0118192283328,1,0,0
360470336005000,Brooklyn,40.58037899999999,-74.00911067914953,25,2,1
360470336005001,Brooklyn,40.5799995,-74.00904372215345,13,10,8
360470336005002,Brooklyn,40.58013149999999,-74.00735397248181,6,0,5
360470336005003,Brooklyn,40.5806645,-74.00506973601682,1,0,0
360470336005005,Brooklyn,40.579845999999996,-74.00493946821013,3,0,0
360470336005006,Brooklyn,40.5795855,-74.00728581556803,34,0,4
360470336005007,Brooklyn,40.5788935,-74.00716319380982,3,2,1
360470336005009,Brooklyn,40.5784725,-74.00471625718379,4,4,2
360470336005010,Brooklyn,40.5782105,-74.00703724185453,2,0,0
360470337011000,Brooklyn,40.6700525,-73.94352407421486,29,18,13
360470337011001,Brooklyn,40.6700785,-73.94688056466427,37,24,21
360470337011003,Brooklyn,40.670032,-73.94572605432131,363,0,177
360470337011004,Brooklyn,40.669765999999996,-73.94689874367904,1,1,0
360470337012000,Brooklyn,40.669753,-73.9379876096609,41,1,7
360470337012001,Brooklyn,40.6698985,-73.94075669172301,177,8,104
360470337021002,Brooklyn,40.66906399999999,-73.94639839735179,21,1,2
360470337021003,Brooklyn,40.668909,-73.94363075739575,203,14,72
360470337022002,Brooklyn,40.668752999999995,-73.94086467450941,370,36,91
360470337022003,Brooklyn,40.668591,-73.93809622550737,38,17,14
360470339001000,Brooklyn,40.6714035,-73.93783330556354,3,1,0
360470339001001,Brooklyn,40.670539,-73.9379138354544,27,6,6
360470339002000,Brooklyn,40.671526,-73.94005371262125,17,1,4
360470339002001,Brooklyn,40.6716005,-73.94143833322912,17,4,9
360470339002002,Brooklyn,40.6706875,-73.94068324244742,84,11,33
360470339003000,Brooklyn,40.671707999999995,-73.94336994064321,12,10,8
360470339003001,Brooklyn,40.6708445,-73.94345063022926,63,3,18
360470339004000,Brooklyn,40.671858,-73.94613724701466,78,40,38
360470339004001,Brooklyn,40.671001,-73.94621810671171,10,6,4
360470340001000,Brooklyn,40.5724675,-73.99643701953373,1,0,0
360470340001002,Brooklyn,40.572464999999994,-73.99965553291814,67,0,21
360470340001003,Brooklyn,40.572494,-74.00076872177328,2,0,0
360470340001004,Brooklyn,40.572593499999996,-74.00187356805156,438,0,216
360470340002001,Brooklyn,40.572314999999996,-73.99315737919974,190,0,164
360470340002002,Brooklyn,40.572244999999995,-73.99425564733787,330,0,254
360470341001000,Brooklyn,40.673932,-73.94315963875998,149,0,90
360470341001001,Brooklyn,40.67453449999999,-73.94588708193041,335,3,220
360470341002000,Brooklyn,40.673638499999996,-73.94597030361359,22,8,5
360470341003000,Brooklyn,40.672597999999994,-73.94328566181287,9,6,3
360470341003001,Brooklyn,40.67274999999999,-73.9460535852018,2,0,1
360470342001000,Brooklyn,40.5749485,-73.99311429621952,371,0,293
360470342001001,Brooklyn,40.574729500000004,-73.99470104002343,3,1,1
360470342002000,Brooklyn,40.574671499999994,-73.99577497943204,133,0,68
360470342002001,Brooklyn,40.5743265,-73.99678975880579,53,3,17
360470342003000,Brooklyn,40.573678,-73.99827654349434,68,31,45
360470342003001,Brooklyn,40.5737385,-73.99990777043948,33,33,32
360470342004000,Brooklyn,40.573926,-74.00103740503876,26,0,14
360470342004001,Brooklyn,40.573982,-74.00213006796116,67,0,40
360470343001000,Brooklyn,40.672315,-73.93775134858423,319,0,281
360470343001001,Brooklyn,40.672399999999996,-73.93957119784622,12,0,7
360470343001002,Brooklyn,40.6724415,-73.9404109280537,5,0,0
360470343001003,Brooklyn,40.672494,-73.94135394579342,8,0,1
360470343002000,Brooklyn,40.6740975,-73.94034821790254,14,7,8
360470343002001,Brooklyn,40.673338,-73.94042277759453,5,2,3
360470343003000,Brooklyn,40.67363399999999,-73.9376220952852,58,34,44
360470345001000,Brooklyn,40.6719945,-73.93221020725534,12,6,1
360470345001001,Brooklyn,40.6721445,-73.93498403798304,14,3,7
360470345002000,Brooklyn,40.6737775,-73.93204095619421,6,0,0
360470345002001,Brooklyn,40.67434,-73.9347801788613,117,0,100
360470345002002,Brooklyn,40.673055999999995,-73.93490580392145,94,11,66
360470345002003,Brooklyn,40.672886,-73.93212560273291,3,2,1
360470347001000,Brooklyn,40.673697499999996,-73.92648267696629,24,0,15
360470347001001,Brooklyn,40.673773499999996,-73.92925595617979,43,3,16
360470347001002,Brooklyn,40.6732525,-73.9265246769663,2,0,0
360470347002000,Brooklyn,40.6725825,-73.926587351091,6,0,0
360470347002001,Brooklyn,40.6727345,-73.92935635694512,495,202,309
360470347003000,Brooklyn,40.671691499999994,-73.92667123381543,3,1,0
360470347003001,Brooklyn,40.6718425,-73.92944118769415,13,2,3
360470348001006,Brooklyn,40.581556000000006,-73.97889289778018,101,45,43
360470348001008,Brooklyn,40.5829075,-73.98535224708044,91,0,13
360470348001009,Brooklyn,40.5834535,-73.98609285533766,20,0,5
360470348001010,Brooklyn,40.581145,-73.97534862335266,48,28,23
360470348001011,Brooklyn,40.5802755,-73.9770749104955,63,0,52
360470348001015,Brooklyn,40.5809275,-73.98284652403919,235,6,128
360470348001016,Brooklyn,40.5808935,-73.98180384445612,54,0,13
360470348001017,Brooklyn,40.5799485,-73.98618020780162,139,94,95
360470348001019,Brooklyn,40.581211499999995,-73.98696983695652,26,0,15
360470348001021,Brooklyn,40.5813925,-73.98887920809165,286,0,100
360470348001023,Brooklyn,40.582644,-73.98753983340728,1,0,0
360470348001024,Brooklyn,40.5832785,-73.98746316216639,23,0,1
360470348001025,Brooklyn,40.5788335,-73.99005029765624,67,2,35
360470348001027,Brooklyn,40.580349999999996,-73.98386036040955,26,0,10
360470348001028,Brooklyn,40.579857,-73.98487810185614,124,16,34
360470348002000,Brooklyn,40.5780805,-73.98233854772553,110,51,19
360470348002001,Brooklyn,40.5779565,-73.9833998391965,58,1,24
360470348002002,Brooklyn,40.576128499999996,-73.98304816472151,35,5,6
360470348002003,Brooklyn,40.5762115,-73.98197656588223,15,2,1
360470349011000,Brooklyn,40.670952,-73.92952479292929,20,3,3
360470349012000,Brooklyn,40.670083999999996,-73.92960685362267,82,40,30
360470349012001,Brooklyn,40.6693035,-73.92968026597241,94,2,21
360470349021001,Brooklyn,40.668130500000004,-73.92979164350294,98,1,50
360470349021002,Brooklyn,40.6673435,-73.92986809640888,75,0,46
360470349022000,Brooklyn,40.666495999999995,-73.92994934363576,100,19,72
360470349023000,Brooklyn,40.6655435,-73.92900933279441,4,0,0
360470349023001,Brooklyn,40.6656275,-73.93040816054457,22,4,13
360470350001000,Brooklyn,40.579459,-73.97649735258481,2,0,0
360470350001001,Brooklyn,40.577813,-73.97720379459601,31,3,15
360470350002000,Brooklyn,40.5776645,-73.97884189480587,67,1,53
360470350002001,Brooklyn,40.5776645,-73.98046353307086,172,0,117
360470350002002,Brooklyn,40.578117500000005,-73.9815663434197,76,0,34
360470350002003,Brooklyn,40.575656499999994,-73.9781111602372,158,0,73
360470351011000,Brooklyn,40.671104,-73.93229410475456,38,3,3
360470351011001,Brooklyn,40.670237,-73.93237578153396,288,0,171
360470351011002,Brooklyn,40.669456999999994,-73.93244903484151,150,5,59
360470351021001,Brooklyn,40.6682785,-73.93256106357242,68,5,14
360470351021002,Brooklyn,40.6674965,-73.93263616463146,41,15,25
360470351022000,Brooklyn,40.6666455,-73.93271663409283,50,2,20
360470351022001,Brooklyn,40.665752,-73.93280010476695,47,2,23
360470352001000,Brooklyn,40.573336499999996,-73.97327178804348,255,2,63
360470352001002,Brooklyn,40.5751365,-73.97925801263436,7,0,6
360470352001003,Brooklyn,40.575166499999995,-73.98012141829456,17,0,4
360470352001004,Brooklyn,40.57518399999999,-73.98089166363636,42,0,6
360470352001005,Brooklyn,40.5751735,-73.98169906224332,55,0,9
360470352001006,Brooklyn,40.572803,-73.98460647690317,800,0,442
360470352001007,Brooklyn,40.5732785,-73.98904445390826,13,0,8
360470353011000,Brooklyn,40.671256,-73.93506283632286,18,1,7
360470353011001,Brooklyn,40.6703875,-73.9351446273958,30,2,8
360470353012000,Brooklyn,40.669608,-73.93521721642087,231,2,196
360470353021000,Brooklyn,40.666797,-73.93548206494188,9,3,3
360470353021001,Brooklyn,40.66590599999999,-73.93556271153123,13,0,6
360470353022001,Brooklyn,40.668426499999995,-73.93532936961418,39,2,13
360470353022002,Brooklyn,40.6676465,-73.93540355732289,2,0,1
360470354001005,Brooklyn,40.58231549999999,-73.96922618646408,369,0,318
360470354001007,Brooklyn,40.582421,-73.97204676582052,280,0,242
360470354001008,Brooklyn,40.5812405,-73.97296989114392,185,129,141
360470354002000,Brooklyn,40.578154,-73.97353689263588,633,83,401
360470354002001,Brooklyn,40.579511499999995,-73.97550615909091,56,0,2
360470354002002,Brooklyn,40.577804,-73.97553115283843,780,312,604
360470354003000,Brooklyn,40.575644499999996,-73.9748745557554,71,33,39
360470355001000,Brooklyn,40.664829999999995,-73.92893586552566,7,4,7
360470355001001,Brooklyn,40.66472999999999,-73.9303718767689,51,20,11
360470355001002,Brooklyn,40.66486449999999,-73.93288076065677,33,1,22
360470355002000,Brooklyn,40.663804999999996,-73.93093252226464,3,0,1
360470355002001,Brooklyn,40.663973,-73.93296337616529,20,2,3
360470355002002,Brooklyn,40.663465,-73.9337373817427,14,2,8
360470355003000,Brooklyn,40.66501099999999,-73.9356475261961,32,3,15
360470355003001,Brooklyn,40.664124,-73.93573218835401,79,0,68
360470355003002,Brooklyn,40.66353599999999,-73.93581726691164,45,0,7
360470356011001,Brooklyn,40.580811499999996,-73.96827611258561,64,20,32
360470356011002,Brooklyn,40.581038,-73.97005806078113,425,20,81
360470356021000,Brooklyn,40.5776415,-73.97188249917505,1038,47,230
360470356021003,Brooklyn,40.57619749999999,-73.97183078975306,55,2,18
360470356022000,Brooklyn,40.5785445,-73.97028569720366,39,13,22
360470356022002,Brooklyn,40.576016499999994,-73.97026944028826,24,10,8
360470356023001,Brooklyn,40.578776,-73.96877212268723,52,16,28
360470356023004,Brooklyn,40.57587099999999,-73.96939016165962,60,4,23
360470357011000,Brooklyn,40.6707995,-73.9267549345058,12,0,3
360470357011001,Brooklyn,40.6699335,-73.92683655174572,4,0,1
360470357011002,Brooklyn,40.6691485,-73.92691289722796,9,7,0
360470359001000,Brooklyn,40.6731765,-73.92366036126681,8,7,5
360470359001001,Brooklyn,40.672427,-73.92373020459641,8,0,0
360470359002000,Brooklyn,40.6715345,-73.92381424323395,43,0,40
360470359002001,Brooklyn,40.670643999999996,-73.92389805172695,15,0,8
360470359003000,Brooklyn,40.669763,-73.92374024841212,12,0,4
360470359003002,Brooklyn,40.668995499999994,-73.92405598640183,6,4,0
360470359004001,Brooklyn,40.667854,-73.92385168992249,6,2,0
360470359004002,Brooklyn,40.667132499999994,-73.92317562904825,84,0,23
360470359004003,Brooklyn,40.6669595,-73.92403558111954,4,0,2
360470360011000,Brooklyn,40.575925999999995,-73.96698159398673,101,24,67
360470360011001,Brooklyn,40.575722999999996,-73.96794146232877,22,9,2
360470360011002,Brooklyn,40.5756835,-73.96856417405334,24,0,5
360470360012000,Brooklyn,40.5761035,-73.96535257050749,25,1,4
360470360012001,Brooklyn,40.576038499999996,-73.96611321217601,23,2,12
360470360012002,Brooklyn,40.5751685,-73.96573684921157,6,0,0
360470360013000,Brooklyn,40.576367,-73.96359929444705,37,9,8
360470360013001,Brooklyn,40.576229,-73.96451736837275,44,20,17
360470360021000,Brooklyn,40.5772075,-73.96004780509116,82,29,57
360470360021001,Brooklyn,40.5767235,-73.96088267474434,93,40,38
360470360021002,Brooklyn,40.5753665,-73.9602543789546,215,7,87
360470360022000,Brooklyn,40.576606999999996,-73.96174813053877,42,12,12
360470360022001,Brooklyn,40.576487,-73.96267570465915,43,4,13
360470360022002,Brooklyn,40.575396,-73.96201572672648,47,14,17
360470361001000,Brooklyn,40.669989,-73.91660585786582,17,2,8
360470361002000,Brooklyn,40.669501999999994,-73.91896615511877,2,2,1
360470361002001,Brooklyn,40.669698,-73.91967704183267,6,0,2
360470361002003,Brooklyn,40.668887,-73.9207276314516,9,1,2
360470361002004,Brooklyn,40.668865499999995,-73.92201614593914,53,0,46
360470361002005,Brooklyn,40.667666499999996,-73.92207228197674,38,1,13
360470361002006,Brooklyn,40.6688305,-73.91921373113206,1,0,0
360470361003000,Brooklyn,40.670492499999995,-73.9211307502135,5,0,1
360470361003001,Brooklyn,40.669726999999995,-73.92121235374555,77,3,37
360470362001000,Brooklyn,40.578911,-73.96010310167117,167,12,40
360470362001001,Brooklyn,40.579105999999996,-73.96080747922599,3,0,1
360470362001002,Brooklyn,40.578944,-73.9614837900939,561,12,137
360470362001003,Brooklyn,40.5784935,-73.9622783429634,51,22,29
360470362002000,Brooklyn,40.578299,-73.96318968615424,64,16,32
360470362002001,Brooklyn,40.578103999999996,-73.96409677900628,19,0,1
360470362002002,Brooklyn,40.5777885,-73.96495523255814,29,1,9
360470362003000,Brooklyn,40.578546,-73.96620015518837,1,0,1
360470362003001,Brooklyn,40.578272,-73.96618197555209,3,1,1
360470362003002,Brooklyn,40.577670999999995,-73.9674129229287,756,10,150
360470362003004,Brooklyn,40.577733499999994,-73.96661449727414,1,0,0
360470362003005,Brooklyn,40.577733499999994,-73.96613405776515,2,2,0
360470362003006,Brooklyn,40.577738499999995,-73.9656673169782,3,0,0
360470362003007,Brooklyn,40.577019,-73.96561764400886,151,2,13
360470362003008,Brooklyn,40.576832499999995,-73.96653414050735,120,7,28
360470362003009,Brooklyn,40.5772805,-73.96657875737047,4,1,1
360470363001000,Brooklyn,40.672644,-73.91040767249999,8,0,0
360470363001001,Brooklyn,40.6724315,-73.9111153482446,1,0,0
360470363001002,Brooklyn,40.67264899999999,-73.91176314439411,22,3,3
360470363001005,Brooklyn,40.67178199999999,-73.91307158998721,30,3,7
360470363001006,Brooklyn,40.67119099999999,-73.91377204661018,3,0,0
360470363002000,Brooklyn,40.673167,-73.92087821020179,61,1,45
360470363002001,Brooklyn,40.672275,-73.9209625,3,0,1
360470363002002,Brooklyn,40.6713835,-73.92104701983506,41,1,35
360470363002003,Brooklyn,40.671237500000004,-73.91836712374788,3,3,1
360470363003001,Brooklyn,40.6721125,-73.91550141507847,3,0,2
360470363003002,Brooklyn,40.6711255,-73.91647059234069,9,0,3
360470363004000,Brooklyn,40.673019999999994,-73.91819901955277,7,2,6
360470363004001,Brooklyn,40.6721285,-73.9182835,7,7,2
360470364001000,Brooklyn,40.5812835,-73.96039810760482,27,2,4
360470364001001,Brooklyn,40.58102649999999,-73.96132557227888,6,6,3
360470364001002,Brooklyn,40.581149499999995,-73.96228687135505,25,0,7
360470364001003,Brooklyn,40.5802815,-73.96031190045592,3,0,1
360470364001004,Brooklyn,40.580139,-73.96111427777248,6,0,1
360470364001005,Brooklyn,40.5803025,-73.96198750854532,139,0,124
360470364001006,Brooklyn,40.580375,-73.96298398299942,69,3,17
360470364001007,Brooklyn,40.580180999999996,-73.96388374065825,1336,5,199
360470364002000,Brooklyn,40.580557999999996,-73.96499195567534,33,14,12
360470364002001,Brooklyn,40.5798895,-73.96612190473948,65,9,20
360470364002002,Brooklyn,40.579729,-73.96693430163538,115,5,44
360470364002004,Brooklyn,40.57972099999999,-73.96468858680899,135,3,50
360470364002005,Brooklyn,40.578902,-73.9659822863196,8,0,4
360470364002006,Brooklyn,40.5796735,-73.96553958436532,18,2,8
360470365011000,Brooklyn,40.675653,-73.91238582896379,44,23,18
360470365011001,Brooklyn,40.674443499999995,-73.91249810443443,383,0,327
360470365011002,Brooklyn,40.6736095,-73.91257664756463,28,24,9
360470365012000,Brooklyn,40.67583449999999,-73.9095547995761,123,122,31
360470365012001,Brooklyn,40.675067999999996,-73.90982647719912,6,0,2
360470365021004,Brooklyn,40.675627999999996,-73.90482057080925,83,0,48
360470365021005,Brooklyn,40.674938999999995,-73.90724802195882,18,7,12
360470365021006,Brooklyn,40.674679,-73.90609694081806,11,0,6
360470365021007,Brooklyn,40.6749325,-73.90514350195312,36,32,11
360470365021008,Brooklyn,40.674125,-73.90749068228497,8,2,2
360470365021009,Brooklyn,40.674263999999994,-73.90900397373345,24,0,2
360470365021010,Brooklyn,40.674316,-73.9103584890182,3,0,0
360470365021012,Brooklyn,40.6735695,-73.90949092150473,29,0,1
360470366001006,Brooklyn,40.5829215,-73.96063009441656,26,2,8
360470366001008,Brooklyn,40.583600000000004,-73.96184875769231,10,0,0
360470366001009,Brooklyn,40.582114499999996,-73.96157507824893,7,0,2
360470366001010,Brooklyn,40.58223099999999,-73.9605433945374,4550,12,813
360470366002000,Brooklyn,40.58224,-73.96493871617972,331,0,266
360470366002001,Brooklyn,40.581939,-73.96630942592591,98,24,36
360470366003000,Brooklyn,40.583612,-73.96277595212469,12,0,5
360470366003001,Brooklyn,40.5823715,-73.96254403508236,39,0,11
360470366003002,Brooklyn,40.582244,-73.96362668168757,5,4,3
360470366003003,Brooklyn,40.5815615,-73.96366050304104,51,0,17
360470367001000,Brooklyn,40.678383,-73.90298142708332,4,0,0
360470367001003,Brooklyn,40.6765395,-73.90295652772747,10,0,1
360470367001004,Brooklyn,40.676227999999995,-73.90209049681934,10,0,10
360470367002001,Brooklyn,40.6776,-73.90524842599336,2537,0,453
360470367002005,Brooklyn,40.6767525,-73.90657024473384,30,0,16
360470367003000,Brooklyn,40.679839,-73.90543397862069,49,0,14
360470367003001,Brooklyn,40.678998,-73.90525322651933,10,10,7
360470367003005,Brooklyn,40.6776875,-73.90695228848492,21,20,6
360470367003006,Brooklyn,40.67678,-73.90755258141516,9,2,1
360470369001001,Brooklyn,40.680324,-73.90724771866485,145,26,82
360470369001002,Brooklyn,40.679565999999994,-73.90721056014718,1,0,1
360470369001003,Brooklyn,40.6788755,-73.90758891172413,5,3,5
360470369002000,Brooklyn,40.6778185,-73.90934860363872,103,0,87
360470369002001,Brooklyn,40.676857,-73.90948697874148,71,68,11
360470369002002,Brooklyn,40.6769075,-73.91040302168368,4,0,0
360470369002003,Brooklyn,40.6768035,-73.90853480663134,8,0,2
360470369003000,Brooklyn,40.68003,-73.90982481826552,1,0,0
360470369003001,Brooklyn,40.67930199999999,-73.90968117415228,7,1,2
360470369003002,Brooklyn,40.6785735,-73.90952997694777,41,1,25
360470369004000,Brooklyn,40.68288799999999,-73.91108586239781,16,0,13
360470369004001,Brooklyn,40.68217,-73.91038705040872,9,1,1
360470369004002,Brooklyn,40.681498,-73.91011870011545,12,0,0
360470369004003,Brooklyn,40.680767,-73.9099726478619,67,23,54
360470370001000,Brooklyn,40.5911115,-73.96171846943292,53,12,27
360470370001001,Brooklyn,40.59025,-73.96310838425873,11,1,8
360470370001002,Brooklyn,40.590841499999996,-73.96429804541594,174,3,85
360470370001004,Brooklyn,40.589705499999994,-73.96153414464486,13,0,4
360470370001005,Brooklyn,40.5904095,-73.96162790740573,22,21,19
360470370001006,Brooklyn,40.589389999999995,-73.96433107659138,6,2,4
360470370001007,Brooklyn,40.59012299999999,-73.96431815034046,21,11,8
360470370002000,Brooklyn,40.5889815,-73.96143825080844,10,1,1
360470370002001,Brooklyn,40.588181999999996,-73.96271891501416,38,6,20
360470370002002,Brooklyn,40.588277,-73.96134636953948,39,24,12
360470370002003,Brooklyn,40.5875755,-73.9612528067143,240,0,130
360470370003000,Brooklyn,40.587982,-73.9636090292729,21,8,8
360470370003001,Brooklyn,40.588621,-73.96480264369814,1,0,0
360470370003004,Brooklyn,40.585688499999996,-73.96486174693801,3351,260,3072
360470370003006,Brooklyn,40.587903999999995,-73.96481587180152,2,0,1
360470370003007,Brooklyn,40.585851500000004,-73.9632061617022,4,0,1
360470370004001,Brooklyn,40.5859935,-73.96230392583892,9,6,1
360470370004002,Brooklyn,40.586077,-73.96106503413078,6,0,2
360470370004003,Brooklyn,40.585346,-73.96098684014083,62,11,14
360470371001000,Brooklyn,40.681926,-73.91291917272301,11,0,5
360470371001001,Brooklyn,40.68162099999999,-73.91557680152025,6,0,0
360470371002000,Brooklyn,40.681194,-73.91277509295597,3,0,1
360470371003000,Brooklyn,40.6804585,-73.91262714824161,236,43,73
360470371003001,Brooklyn,40.680153000000004,-73.9152844708388,4,4,3
360470371004000,Brooklyn,40.679725,-73.91248235517241,13,5,4
360470371005000,Brooklyn,40.6789965,-73.91233531393678,21,13,3
360470371005001,Brooklyn,40.6787415,-73.91498914942528,3,0,0
360470371005002,Brooklyn,40.678591999999995,-73.91144577475248,4,0,0
360470373001001,Brooklyn,40.6858545,-73.9167185303547,49,0,8
360470373001002,Brooklyn,40.685194499999994,-73.91622470020462,39,0,7
360470373001003,Brooklyn,40.684894,-73.91438617213115,35,0,21
360470373001005,Brooklyn,40.684636,-73.9144333412565,1,1,1
360470373001006,Brooklyn,40.684073,-73.91287597089416,5,0,5
360470373002000,Brooklyn,40.683342499999995,-73.91311053590971,13,0,10
360470373002001,Brooklyn,40.68266,-73.9130649373297,5,0,0
360470373003000,Brooklyn,40.6830885,-73.91586590841173,60,0,45
360470373003001,Brooklyn,40.682354,-73.91572064577656,2,2,2
360470373004000,Brooklyn,40.684552499999995,-73.91615863104519,6,0,2
360470373004001,Brooklyn,40.6838195,-73.91601150220362,15,4,4
360470374011000,Brooklyn,40.589639,-73.96863421700799,10,0,4
360470374011001,Brooklyn,40.5895345,-73.9695605121325,130,1,101
360470374012001,Brooklyn,40.5906355,-73.96646211733363,3,0,1
360470374012002,Brooklyn,40.589791,-73.96771525932043,79,4,13
360470374012003,Brooklyn,40.589855,-73.96647719666393,19,11,8
360470374012005,Brooklyn,40.5891545,-73.96649465834338,3,0,0
360470374013001,Brooklyn,40.588573499999995,-73.96628946334215,4,0,1
360470374013002,Brooklyn,40.588336,-73.96721467753119,96,0,86
360470374013003,Brooklyn,40.587579999999996,-73.96725995840498,2,2,2
360470374013004,Brooklyn,40.587869999999995,-73.9663711471166,5,3,0
360470374013005,Brooklyn,40.5869345,-73.96701746691215,27,4,20
360470374014000,Brooklyn,40.587571999999994,-73.96824276712329,1,0,1
360470374014001,Brooklyn,40.587419499999996,-73.96916092082735,11,11,2
360470374015001,Brooklyn,40.586375000000004,-73.96678590823606,20,1,5
360470374015002,Brooklyn,40.5859535,-73.9684097680764,10,1,4
360470374015003,Brooklyn,40.585437999999996,-73.96709653251935,8,1,3
360470374015006,Brooklyn,40.5846815,-73.96831703694157,2,0,1
360470374015007,Brooklyn,40.5853115,-73.96834096171054,4,0,0
360470374021000,Brooklyn,40.5893315,-73.97141417217748,20,4,4
360470374021001,Brooklyn,40.589555,-73.97239456406324,27,13,17
360470374021002,Brooklyn,40.58949,-73.97353548802565,1940,1,511
360470374021003,Brooklyn,40.5884125,-73.97345236364839,501,0,95
360470374021004,Brooklyn,40.58767,-73.9734061624159,47,6,16
360470374021005,Brooklyn,40.587058999999996,-73.9719306089109,58,0,8
360470374021006,Brooklyn,40.586959,-73.97336249246334,6,0,0
360470374021007,Brooklyn,40.5862505,-73.97331672380332,4,4,0
360470374022000,Brooklyn,40.5849175,-73.97152742810171,11,8,3
360470374022001,Brooklyn,40.5847505,-73.97388942909218,89,1,31
360470374022002,Brooklyn,40.584841499999996,-73.97264280380868,4,4,2
360470374022003,Brooklyn,40.5840225,-73.97250954113485,26,21,20
360470374023000,Brooklyn,40.5852235,-73.97016265486629,171,115,146
360470374024000,Brooklyn,40.589434999999995,-73.9704878360128,17,0,4
360470374024001,Brooklyn,40.5873145,-73.97008669672127,3,1,0
360470374024002,Brooklyn,40.58721299999999,-73.97101408721332,10,6,5
360470375001000,Brooklyn,40.6866375,-73.91933352548463,6,0,0
360470375001002,Brooklyn,40.686128,-73.92266668485675,19,14,6
360470375001003,Brooklyn,40.685947,-73.92193842660913,38,0,25
360470375002001,Brooklyn,40.689707,-73.92325304178081,29,0,9
360470375002002,Brooklyn,40.6889335,-73.92255426873297,1143,471,522
360470375002003,Brooklyn,40.688328,-73.92243334930106,9,2,3
360470375002005,Brooklyn,40.6879495,-73.92017528226691,14,9,2
360470375002006,Brooklyn,40.6875965,-73.92228776589359,10,0,4
360470375003000,Brooklyn,40.687089,-73.91942457991803,27,0,12
360470375003001,Brooklyn,40.686863,-73.92214111643325,36,2,23
360470377001000,Brooklyn,40.685708500000004,-73.91914811346811,24,1,16
360470377001001,Brooklyn,40.6853985,-73.9218495,21,2,13
360470377002001,Brooklyn,40.684242499999996,-73.91885804457317,2,2,1
360470377002002,Brooklyn,40.683510999999996,-73.91871134082896,7,3,4
360470377003000,Brooklyn,40.682777,-73.91856627333277,2,0,1
360470377003001,Brooklyn,40.682468,-73.92127126640077,14,0,7
360470377004000,Brooklyn,40.684665499999994,-73.92170364987771,23,19,8
360470377004002,Brooklyn,40.6832005,-73.92141264631651,10,2,5
360470379001000,Brooklyn,40.682044,-73.91842138536396,4,0,3
360470379001001,Brooklyn,40.6817275,-73.92113624057706,8,0,5
360470379002000,Brooklyn,40.681309999999996,-73.9182754430521,8,7,6
360470379002001,Brooklyn,40.6809995,-73.92100003943438,15,12,4
360470379002002,Brooklyn,40.6802655,-73.92085329944823,131,0,113
360470379002003,Brooklyn,40.6805795,-73.91813058416528,1,0,0
360470379003000,Brooklyn,40.679846,-73.91798537109706,3,0,1
360470379003001,Brooklyn,40.679534,-73.92070460492295,15,1,5
360470379003002,Brooklyn,40.679044,-73.92036513157893,10,0,3
360470379003003,Brooklyn,40.6791145,-73.91783851672187,2,0,2
360470381001000,Brooklyn,40.68286,-73.92438181855763,17,1,8
360470381001001,Brooklyn,40.682122,-73.92424089315062,25,4,10
360470381002000,Brooklyn,40.680294,-73.92387802557488,55,39,44
360470381003000,Brooklyn,40.681042,-73.92717644532846,31,4,11
360470381003001,Brooklyn,40.680279999999996,-73.92702643571428,21,0,7
360470381003002,Brooklyn,40.679570999999996,-73.9270894494855,13,4,8
360470381004000,Brooklyn,40.6825055,-73.92747849940116,6,0,4
360470381004001,Brooklyn,40.681771,-73.92732913606417,23,5,6
360470382001000,Brooklyn,40.590378,-73.9816050394436,9,0,3
360470382001001,Brooklyn,40.590250999999995,-73.98254103399,12,0,2
360470382001002,Brooklyn,40.589863,-73.98345001618705,332,0,130
360470382002000,Brooklyn,40.592741,-73.9830239209312,47,24,15
360470382003000,Brooklyn,40.5916025,-73.97984924226884,75,58,64
360470383001000,Brooklyn,40.685788,-73.92577819838417,24,0,18
360470383001001,Brooklyn,40.685773999999995,-73.92429862176166,2,2,0
360470383001002,Brooklyn,40.685457,-73.92887053591159,21,2,0
360470383001003,Brooklyn,40.685249999999996,-73.92810826332007,1,1,0
360470383001004,Brooklyn,40.6851075,-73.92931162823575,1,0,0
360470383002000,Brooklyn,40.6850585,-73.92481691395118,61,50,24
360470383002001,Brooklyn,40.684703,-73.92791827247956,26,4,8
360470383003000,Brooklyn,40.6843255,-73.92467162124316,4,4,3
360470383003001,Brooklyn,40.68397,-73.92777395628416,34,14,15
360470383004000,Brooklyn,40.683593,-73.924527,124,0,104
360470383004001,Brooklyn,40.6832375,-73.9276270755889,10,0,0
360470385001000,Brooklyn,40.688721,-73.92554449046321,332,11,276
360470385001001,Brooklyn,40.688366,-73.92864590406076,5,1,2
360470385002000,Brooklyn,40.687989,-73.92540085366518,153,0,128
360470385002001,Brooklyn,40.6876355,-73.92850097320377,8,0,3
360470385003000,Brooklyn,40.687257,-73.92525440163043,37,4,17
360470385003001,Brooklyn,40.686901,-73.92835480106771,10,1,4
360470385004000,Brooklyn,40.68652349999999,-73.92510786627906,18,3,0
360470385004001,Brooklyn,40.686168499999994,-73.92821083857729,6,2,6
360470386001000,Brooklyn,40.593158,-73.97211998787111,11,1,6
360470386001001,Brooklyn,40.5931295,-73.97317462198515,65,11,47
360470386001002,Brooklyn,40.5931135,-73.97427857105694,26,0,16
360470386001003,Brooklyn,40.592809,-73.97520834276477,9,0,0
360470386001004,Brooklyn,40.5915825,-73.97538282645161,1,0,0
360470386001005,Brooklyn,40.591415999999995,-73.9745232495442,170,0,118
360470386001006,Brooklyn,40.591342,-73.97343076412945,160,24,44
360470386001007,Brooklyn,40.592139,-73.97209586661671,2,2,1
360470386001008,Brooklyn,40.591427499999995,-73.97207799146074,3,3,0
360470386001009,Brooklyn,40.590716,-73.97205783025305,53,3,22
360470386002002,Brooklyn,40.593057,-73.97736008214531,27,0,5
360470386002003,Brooklyn,40.593534,-73.97816542642445,17,0,8
360470386002004,Brooklyn,40.593498499999995,-73.97862932260782,13,1,1
360470386002005,Brooklyn,40.593368,-73.97927676002226,46,0,3
360470386002007,Brooklyn,40.5926885,-73.97619282913624,4,0,2
360470386002009,Brooklyn,40.590852999999996,-73.97626882365319,25,0,5
360470387001000,Brooklyn,40.692173999999994,-73.92733395628414,52,1,21
360470387001001,Brooklyn,40.691660999999996,-73.92682937489707,22,0,7
360470387001002,Brooklyn,40.690965,-73.92615113321918,80,10,40
360470387001003,Brooklyn,40.690186999999995,-73.9258385100658,383,363,345
360470387002000,Brooklyn,40.689453,-73.92569125616438,150,12,126
360470387002001,Brooklyn,40.6890995,-73.92879026047953,92,30,71
360470387003000,Brooklyn,40.6905655,-73.92908166147002,44,4,33
360470387003001,Brooklyn,40.689831,-73.9289365949748,143,1,119
360470387004000,Brooklyn,40.692029500000004,-73.92937289160403,69,15,34
360470387004001,Brooklyn,40.691297,-73.92922716181535,4,0,0
360470388001000,Brooklyn,40.595051999999995,-73.96777056891223,1,0,0
360470388001001,Brooklyn,40.593863,-73.96754527115058,1,1,0
360470388001002,Brooklyn,40.592324,-73.96725237515092,9,7,2
360470388002000,Brooklyn,40.595053,-73.96871684496753,1,0,0
360470388002002,Brooklyn,40.5938595,-73.96943531378366,29,11,16
360470388002003,Brooklyn,40.5938575,-73.96849031019687,4,0,1
360470388002004,Brooklyn,40.59186,-73.96811021654526,16,4,5
360470388003000,Brooklyn,40.591758,-73.96903723784803,42,6,15
360470388003001,Brooklyn,40.5916555,-73.9699637263142,51,6,14
360470388003002,Brooklyn,40.5914995,-73.97088000188323,16,6,8
360470388004000,Brooklyn,40.5938615,-73.97038147589099,18,4,8
360470388004001,Brooklyn,40.5940545,-73.971366095283,20,0,5
360470389001000,Brooklyn,40.700964,-73.93697714861258,61,0,32
360470389001001,Brooklyn,40.700367,-73.93711314778702,91,0,66
360470389001002,Brooklyn,40.700678999999994,-73.94021679397395,69,17,9
360470389001003,Brooklyn,40.700503,-73.94124284296483,60,0,16
360470389001004,Brooklyn,40.700277,-73.939457569338,86,0,36
360470389001005,Brooklyn,40.6998525,-73.93870569968209,4,4,0
360470389002000,Brooklyn,40.699434999999994,-73.93794241209272,94,38,43
360470389002001,Brooklyn,40.69902499999999,-73.93718542080757,35,15,15
360470389002002,Brooklyn,40.6986285,-73.93644810493596,5,1,3
360470389003000,Brooklyn,40.698265500000005,-73.93574384540621,39,13,10
360470389003001,Brooklyn,40.697835,-73.93499757111732,153,3,35
360470389003002,Brooklyn,40.6974865,-73.93418266999217,86,0,52
360470389003003,Brooklyn,40.697585,-73.93314082937584,15,0,2
360470390001000,Brooklyn,40.59324599999999,-73.96200632391047,41,0,15
360470390001001,Brooklyn,40.5930925,-73.96378721870653,7,1,4
360470390001004,Brooklyn,40.591497000000004,-73.9644286578706,8,2,2
360470390001007,Brooklyn,40.592543,-73.96191133552736,22,0,10
360470390001008,Brooklyn,40.5918535,-73.96240691911764,45,4,25
360470390001009,Brooklyn,40.591661,-73.96185453274094,15,0,13
360470390002003,Brooklyn,40.593866999999996,-73.96659962642585,1,0,0
360470390002004,Brooklyn,40.594121,-73.96561460838151,5,0,3
360470390002007,Brooklyn,40.5921945,-73.96548633560171,4,4,2
360470390002008,Brooklyn,40.5924265,-73.9663261171716,2,0,0
360470390002009,Brooklyn,40.591376,-73.96597449733987,2,2,2
360470391001000,Brooklyn,40.7015095,-73.93470539040672,15,0,3
360470391001001,Brooklyn,40.70183,-73.9360363145675,9,1,4
360470391001002,Brooklyn,40.69994199999999,-73.93344990512523,37,29,29
360470391001003,Brooklyn,40.699467,-73.93493279042553,109,1,82
360470391001004,Brooklyn,40.700554999999994,-73.93548545733788,1,0,1
360470391002000,Brooklyn,40.6992345,-73.93278303612175,82,1,32
360470391002002,Brooklyn,40.698663499999995,-73.93227776776331,12,6,7
360470391002004,Brooklyn,40.6979115,-73.93145806259835,180,2,108
360470392001000,Brooklyn,40.5971835,-73.96150607973794,123,12,26
360470392001001,Brooklyn,40.597097,-73.96236835239169,48,4,12
360470392001002,Brooklyn,40.596986,-73.96336954475873,45,21,9
360470392001003,Brooklyn,40.596867,-73.96444942942401,10,0,3
360470392002000,Brooklyn,40.594857,-73.96167300775356,81,34,44
360470392002001,Brooklyn,40.5948635,-73.96296834204989,9,6,5
360470392002002,Brooklyn,40.595078,-73.96411038683193,16,2,6
360470392002005,Brooklyn,40.5939385,-73.96389023745681,26,7,14
360470392002006,Brooklyn,40.5939805,-73.96210478040753,19,3,2
360470393001000,Brooklyn,40.6969225,-73.92996850752203,4,0,0
360470393001002,Brooklyn,40.697196,-73.93186082142857,19,0,1
360470393001003,Brooklyn,40.69646,-73.92929078523885,6,2,2
360470393001004,Brooklyn,40.69599099999999,-73.92836721884592,90,3,66
360470393002000,Brooklyn,40.6966305,-73.93284796531393,40,0,11
360470393002001,Brooklyn,40.696548,-73.93397673494826,106,4,30
360470393002002,Brooklyn,40.696225,-73.9320995183021,23,22,15
360470393002003,Brooklyn,40.6958475,-73.93142984327343,20,1,3
360470393002004,Brooklyn,40.695516,-73.93082571723292,35,1,25
360470393003000,Brooklyn,40.6951585,-73.93019543736263,192,11,91
360470393003001,Brooklyn,40.694761,-73.929468115253,120,4,104
360470393003002,Brooklyn,40.694205999999994,-73.92846080533513,113,0,90
360470393003003,Brooklyn,40.693653499999996,-73.92750539275532,27,5,7
360470394001000,Brooklyn,40.599386499999994,-73.96179881342962,134,19,94
360470394001001,Brooklyn,40.599284499999996,-73.9627816585156,72,7,46
360470394002000,Brooklyn,40.599171999999996,-73.96378106778053,55,13,17
360470394002001,Brooklyn,40.5990535,-73.96486263408687,15,1,4
360470394003001,Brooklyn,40.598752,-73.96648996875,100,2,28
360470394003002,Brooklyn,40.598759,-73.96752521668515,3,1,1
360470394003003,Brooklyn,40.5965735,-73.96711313502146,26,12,12
360470394003004,Brooklyn,40.596684499999995,-73.96609943922368,179,8,35
360470395001000,Brooklyn,40.693728,-73.92435168088103,2,2,0
360470395001001,Brooklyn,40.693307000000004,-73.92359290209103,21,21,2
360470395001002,Brooklyn,40.692885,-73.92283531060889,31,0,13
360470395001003,Brooklyn,40.6925045,-73.92209733561646,18,0,6
360470395002000,Brooklyn,40.6928305,-73.92601119710713,5,0,2
360470395002001,Brooklyn,40.6925485,-73.92511819318182,11,2,1
360470395002002,Brooklyn,40.6920095,-73.92355387350973,6,0,3
360470395002003,Brooklyn,40.691233499999996,-73.9241536285509,71,6,10
360470395003000,Brooklyn,40.694991,-73.92662318296448,2,0,2
360470395003002,Brooklyn,40.6941475,-73.92510975116346,3,3,1
360470395003003,Brooklyn,40.693248999999994,-73.92676563658301,20,7,4
360470396001000,Brooklyn,40.598656500000004,-73.96845273870659,49,5,17
360470396001001,Brooklyn,40.5985555,-73.96937969364552,9,6,5
360470396001002,Brooklyn,40.596369499999994,-73.96896594221666,28,2,10
360470396001003,Brooklyn,40.59647,-73.9680395,45,3,14
360470396002001,Brooklyn,40.598298,-73.97122288475177,38,13,22
360470396002002,Brooklyn,40.595701,-73.97072969583513,16,12,5
360470396002003,Brooklyn,40.596265,-73.96989063582704,43,0,15
360470396002004,Brooklyn,40.5957325,-73.97143097158626,22,22,17
360470397001000,Brooklyn,40.687859,-73.91724011080521,23,12,12
360470397001002,Brooklyn,40.6868755,-73.91584338103108,35,0,13
360470397002000,Brooklyn,40.6891435,-73.9194772761324,28,2,19
360470397002001,Brooklyn,40.688714499999996,-73.91873002361514,9,0,3
360470397002002,Brooklyn,40.688287,-73.91797718921254,8,8,5
360470397003000,Brooklyn,40.690749499999995,-73.9226487816655,28,1,4
360470397003001,Brooklyn,40.690425499999996,-73.92173395168733,93,4,26
360470397003002,Brooklyn,40.6899945,-73.92098808908995,2,2,1
360470397003003,Brooklyn,40.68957399999999,-73.92022760243415,3,0,0
360470398001000,Brooklyn,40.5967505,-73.97233886446887,29,0,4
360470398001001,Brooklyn,40.596740499999996,-73.97368923304157,19,0,0
360470398001003,Brooklyn,40.596267,-73.9742257564703,168,9,138
360470398001004,Brooklyn,40.5963685,-73.9757786656901,61,0,14
360470398001005,Brooklyn,40.5956115,-73.97682680797871,30,6,4
360470398001006,Brooklyn,40.5956985,-73.97576144627085,3,0,2
360470398001007,Brooklyn,40.594691999999995,-73.97573776993356,21,0,4
360470398001009,Brooklyn,40.595812499999994,-73.97251871165125,14,0,3
360470398001010,Brooklyn,40.5947325,-73.97268999587706,201,33,94
360470398001011,Brooklyn,40.594691999999995,-73.97444356934034,26,6,19
360470398002000,Brooklyn,40.595746,-73.97787280647385,42,11,11
360470398002001,Brooklyn,40.595763,-73.97858710240274,18,0,10
360470398002002,Brooklyn,40.595735,-73.97905357694138,8,0,0
360470398002003,Brooklyn,40.595628999999995,-73.97977773706548,35,13,20
360470398002004,Brooklyn,40.594613499999994,-73.97958412197579,4,0,2
360470398002005,Brooklyn,40.594736999999995,-73.97768180763791,1,0,0
360470399001000,Brooklyn,40.689313,-73.91579864843064,3,0,0
360470399001001,Brooklyn,40.688885,-73.9150470270931,8,1,2
360470399001002,Brooklyn,40.688458,-73.91429385213766,4,0,0
360470399002000,Brooklyn,40.690169,-73.91730024356423,26,0,16
360470399002001,Brooklyn,40.69059299999999,-73.91805766511497,73,0,64
360470399002002,Brooklyn,40.6909795,-73.91884890234928,6,2,3
360470399002003,Brooklyn,40.689741,-73.91654932259158,7,3,2
360470399003000,Brooklyn,40.6913675,-73.91963895575668,12,2,5
360470399003001,Brooklyn,40.691751,-73.92043495914419,11,2,6
360470399003002,Brooklyn,40.692154,-73.92126636159765,2,2,1
360470400001000,Brooklyn,40.5989835,-73.9723913604611,1,0,1
360470400001001,Brooklyn,40.598155,-73.97348852502138,152,8,81
360470400001002,Brooklyn,40.598,-73.97439677250853,42,7,14
360470400001003,Brooklyn,40.5978795,-73.97534445443415,21,8,9
360470400001004,Brooklyn,40.5974815,-73.97235506391337,277,16,259
360470400001005,Brooklyn,40.5982315,-73.97237254114864,11,4,2
360470400002000,Brooklyn,40.5977945,-73.97626051698299,11,0,0
360470400002001,Brooklyn,40.597689,-73.97722135186973,77,1,24
360470400003000,Brooklyn,40.597579499999995,-73.97821828272237,56,23,16
360470400003001,Brooklyn,40.597500499999995,-73.978928,9,4,3
360470400003002,Brooklyn,40.597448,-73.97939221029844,29,0,9
360470400003003,Brooklyn,40.5973695,-73.980107954886,56,10,12
360470401001000,Brooklyn,40.686747499999996,-73.91128882254236,2,0,0
360470401001001,Brooklyn,40.686320499999994,-73.91053782557623,194,0,168
360470401001002,Brooklyn,40.6848685,-73.9119585302937,1,0,1
360470401002000,Brooklyn,40.6861485,-73.91421690341701,21,0,6
360470401002001,Brooklyn,40.6857255,-73.91346624728033,29,2,4
360470401002002,Brooklyn,40.685298,-73.91271524054031,29,3,3
360470401003000,Brooklyn,40.688261,-73.91360665560948,3,3,2
360470401003001,Brooklyn,40.688154,-73.91312683870879,1,1,1
360470401003002,Brooklyn,40.687602,-73.912791996989,4,1,1
360470401003003,Brooklyn,40.687175499999995,-73.91203982856605,2,1,1
360470401003004,Brooklyn,40.686707,-73.91456025234757,13,0,1
360470401003005,Brooklyn,40.686707,-73.91514435279913,2,0,0
360470402002000,Brooklyn,40.597063500000004,-73.98288919340806,3,0,0
360470402002001,Brooklyn,40.597052999999995,-73.98383558447892,30,2,18
360470402002002,Brooklyn,40.59731,-73.98486562360407,91,5,26
360470402002003,Brooklyn,40.596233,-73.98478711796982,17,0,4
360470402003000,Brooklyn,40.5972685,-73.98103437466345,28,10,5
360470402003001,Brooklyn,40.597165499999996,-73.98196119341618,345,342,224
360470402004000,Brooklyn,40.59557699999999,-73.98071346108168,32,1,7
360470402004001,Brooklyn,40.595522,-73.9816493412109,8,0,0
360470402004002,Brooklyn,40.5952295,-73.982404302016,4,0,0
360470402004004,Brooklyn,40.5945895,-73.98336519738083,4,0,0
360470402004005,Brooklyn,40.594316,-73.98236090748031,2,0,0
360470402004006,Brooklyn,40.594450499999994,-73.98168453543526,20,19,5
360470402004007,Brooklyn,40.5946705,-73.98142362757676,25,0,10
360470402004008,Brooklyn,40.594357,-73.98049131653227,15,0,1
360470403001000,Brooklyn,40.686288,-73.90609960632185,31,1,8
360470403001001,Brooklyn,40.685328999999996,-73.90534582104964,170,0,70
360470403001002,Brooklyn,40.684607,-73.90752796533869,36,0,14
360470403001003,Brooklyn,40.684681,-73.90636147093812,140,3,123
360470403001004,Brooklyn,40.683779,-73.90622685770161,3,1,1
360470403001005,Brooklyn,40.6827325,-73.90819876787725,13,1,4
360470403002000,Brooklyn,40.684437,-73.91120144979078,30,4,7
360470403002001,Brooklyn,40.684008999999996,-73.9104504599831,15,1,5
360470403002002,Brooklyn,40.683589,-73.90971132669725,951,0,128
360470403002003,Brooklyn,40.683170499999996,-73.90896197737584,31,0,6
360470403003000,Brooklyn,40.685893,-73.90978644312611,38,2,15
360470403003001,Brooklyn,40.6854635,-73.90903423230614,11,2,4
360470403003002,Brooklyn,40.685036999999994,-73.90828214474575,22,0,7
360470404001001,Brooklyn,40.6040315,-73.98515393346149,10,2,4
360470404001002,Brooklyn,40.6016405,-73.98470164899057,4,4,1
360470404001003,Brooklyn,40.599284499999996,-73.98425656659333,59,2,25
360470404002001,Brooklyn,40.605564,-73.98728385301692,41,0,25
360470404002002,Brooklyn,40.603528499999996,-73.98604095117982,29,2,6
360470404002003,Brooklyn,40.6015935,-73.98567357934968,264,18,194
360470404002004,Brooklyn,40.59911099999999,-73.9852026199289,84,11,15
360470405001000,Brooklyn,40.6826645,-73.90476663593049,1,1,1
360470405001003,Brooklyn,40.6822425,-73.90399861930467,6,0,1
360470405001004,Brooklyn,40.6819895,-73.90323369675701,11,7,9
360470405001005,Brooklyn,40.6809245,-73.90561481829268,2,0,0
360470405001006,Brooklyn,40.6807965,-73.9050182104878,6,0,2
360470405001008,Brooklyn,40.680099999999996,-73.90376009418281,3,0,1
360470405001009,Brooklyn,40.681359,-73.90295046112372,30,0,28
360470405001010,Brooklyn,40.680437999999995,-73.90453994364817,69,26,51
360470405002001,Brooklyn,40.681839499999995,-73.90674080416699,11,2,1
360470406001000,Brooklyn,40.601947499999994,-73.98192147804562,10,9,8
360470406001002,Brooklyn,40.601744,-73.9837750228583,4,0,0
360470406002000,Brooklyn,40.5994895,-73.9824020453635,12,11,6
360470406002001,Brooklyn,40.599386499999994,-73.98332919390208,5,3,1
360470406003000,Brooklyn,40.5996925,-73.98054731877339,2,0,0
360470406003001,Brooklyn,40.599591000000004,-73.98147449999999,25,2,8
360470408001000,Brooklyn,40.602368999999996,-73.9781078071187,33,3,8
360470408001001,Brooklyn,40.600010499999996,-73.97766058055748,48,15,10
360470408002000,Brooklyn,40.6022605,-73.97910732901447,8,1,0
360470408002001,Brooklyn,40.599903,-73.97865913627477,18,5,5
360470408003000,Brooklyn,40.602186,-73.97980802749143,2,0,0
360470408003001,Brooklyn,40.602131,-73.98027010719798,11,0,1
360470408003002,Brooklyn,40.602050999999996,-73.98099480663453,26,10,13
360470408003004,Brooklyn,40.599825499999994,-73.97936831878157,2,0,1
360470409001000,Brooklyn,40.69227049999999,-73.90469312833768,2,1,0
360470409001001,Brooklyn,40.691841499999995,-73.9039418575104,12,1,5
360470409001002,Brooklyn,40.6914175,-73.90320057714978,35,0,7
360470409001003,Brooklyn,40.69102049999999,-73.9026494009498,7,0,0
360470409001004,Brooklyn,40.690411999999995,-73.90258190025415,17,0,5
360470409002000,Brooklyn,40.690742,-73.9061938580687,28,0,7
360470409002001,Brooklyn,40.6903135,-73.9054438789647,21,0,4
360470409003000,Brooklyn,40.692699,-73.90544350645325,31,2,12
360470409003001,Brooklyn,40.6911695,-73.90694453207738,20,1,8
360470410001000,Brooklyn,40.6005085,-73.97315967338587,477,135,200
360470410001001,Brooklyn,40.6004085,-73.97405932748578,1,1,0
360470410001004,Brooklyn,40.59989,-73.97571861304863,2,0,0
360470410002000,Brooklyn,40.602114,-73.97613177884202,3,3,2
360470410002001,Brooklyn,40.602475,-73.977145,16,0,1
360470410002002,Brooklyn,40.5998445,-73.97664698746343,212,1,190
360470411001000,Brooklyn,40.688841499999995,-73.90689065183128,25,8,14
360470411002000,Brooklyn,40.68736749999999,-73.9083385,2,2,2
360470411003001,Brooklyn,40.687794499999995,-73.9090897075393,6,5,2
360470412001000,Brooklyn,40.604974999999996,-73.97280922212363,60,12,28
360470412001001,Brooklyn,40.6054325,-73.97390172144753,914,4,212
360470412001002,Brooklyn,40.6034485,-73.97363569136434,30,0,21
360470412001003,Brooklyn,40.602982499999996,-73.97281640910853,465,32,213
360470412002000,Brooklyn,40.6054355,-73.97486678028444,54,0,29
360470412002001,Brooklyn,40.605442499999995,-73.9758131594757,37,13,9
360470412002002,Brooklyn,40.603283499999996,-73.97500141897625,5916,4,1210
360470412002003,Brooklyn,40.6021055,-73.97497623709552,10,5,2
360470413001000,Brooklyn,40.690124,-73.90914353799461,13,0,1
360470413001001,Brooklyn,40.689695,-73.90839299421958,13,5,6
360470413001002,Brooklyn,40.688221999999996,-73.90984082885873,8,1,5
360470413001003,Brooklyn,40.688648,-73.91059334181872,58,0,50
360470413002000,Brooklyn,40.6910105,-73.91033357684358,7,0,0
360470413002002,Brooklyn,40.690551,-73.90989702601736,13,2,4
360470413003002,Brooklyn,40.6894135,-73.9119588220004,2,0,2
360470413003003,Brooklyn,40.689516,-73.91244707388014,2,0,0
360470414011000,Brooklyn,40.603162999999995,-73.97025100129198,63,3,15
360470414011001,Brooklyn,40.6038565,-73.97155195954596,77,26,30
360470414011002,Brooklyn,40.603078,-73.97154994126316,28,0,20
360470414011003,Brooklyn,40.602318999999994,-73.97152986534527,80,5,37
360470414012001,Brooklyn,40.6007755,-73.97074467528255,32,2,10
360470414012002,Brooklyn,40.600662,-73.97195916395208,9,3,5
360470414021001,Brooklyn,40.605166,-73.96750573178136,11,0,8
360470414021002,Brooklyn,40.604008,-73.96748516945779,15,8,0
360470414022001,Brooklyn,40.6034395,-73.96841121709676,9,3,0
360470414022002,Brooklyn,40.603335,-73.96933669341863,31,9,11
360470414022003,Brooklyn,40.6009785,-73.96889056284866,2,1,1
360470414022004,Brooklyn,40.601082500000004,-73.96796435175997,4,4,3
360470415001000,Brooklyn,40.692689,-73.91365417728814,7,5,4
360470415001001,Brooklyn,40.692261,-73.91290296711864,6,0,3
360470415001002,Brooklyn,40.691834,-73.91215185525422,5,5,5
360470415002000,Brooklyn,40.691638,-73.9158582534095,6,2,0
360470415002001,Brooklyn,40.6912145,-73.9151012059471,18,5,5
360470415002002,Brooklyn,40.690787,-73.91435000301101,9,0,1
360470415002003,Brooklyn,40.6903595,-73.91359896726594,6,0,0
360470415003000,Brooklyn,40.693545,-73.91515699687281,104,0,86
360470415003002,Brooklyn,40.692026999999996,-73.91664830600283,4,4,2
360470416001001,Brooklyn,40.603673,-73.96361388388625,3,0,0
360470416001002,Brooklyn,40.6037515,-73.96238236784578,66,1,51
360470416001003,Brooklyn,40.601905,-73.96213668719541,47,27,22
360470416001004,Brooklyn,40.601845999999995,-73.96326752242246,44,0,3
360470416002000,Brooklyn,40.601496499999996,-73.96422082824695,60,0,41
360470416002001,Brooklyn,40.601376,-73.96530635863179,429,5,87
360470417001000,Brooklyn,40.6943995,-73.91666149687154,20,1,11
360470417002001,Brooklyn,40.692415,-73.91743860798512,17,0,8
360470417003000,Brooklyn,40.694827499999995,-73.91741443557638,10,3,0
360470417003001,Brooklyn,40.693180999999996,-73.9190306977506,3,0,0
360470417004000,Brooklyn,40.6951775,-73.91824618352503,84,0,68
360470417004001,Brooklyn,40.69355,-73.91983691356411,8,5,7
360470418001000,Brooklyn,40.6061895,-73.96226305973153,62,3,23
360470418001001,Brooklyn,40.6060135,-73.96313942331089,38,2,10
360470418001002,Brooklyn,40.605826,-73.96402036535005,19,0,8
360470418001003,Brooklyn,40.6071435,-73.96427038356323,12,2,4
360470418001004,Brooklyn,40.6069445,-73.96525269998187,82,28,22
360470418001005,Brooklyn,40.606705,-73.96631877014387,20,0,4
360470418002000,Brooklyn,40.6057305,-73.96502334669978,43,15,14
360470418002001,Brooklyn,40.6055455,-73.96609948650688,107,5,48
360470418002003,Brooklyn,40.6050195,-73.9661369399303,18,0,3
360470418002004,Brooklyn,40.6038515,-73.96466837179199,16,0,5
360470418002005,Brooklyn,40.604163,-73.96583796084337,60,12,9
360470419001000,Brooklyn,40.696108499999994,-73.91966585067672,25,4,6
360470419001001,Brooklyn,40.695916,-73.91868544857434,13,4,9
360470419001002,Brooklyn,40.6939375,-73.92062775080117,14,0,5
360470419001003,Brooklyn,40.694365,-73.92138008694059,9,0,4
360470419002000,Brooklyn,40.696538,-73.92042067392038,5,0,0
360470419002001,Brooklyn,40.694794,-73.92213309061569,2,2,1
360470419003000,Brooklyn,40.696966499999995,-73.92117225457989,28,0,4
360470419003001,Brooklyn,40.695222,-73.9228845,4,3,4
360470420001000,Brooklyn,40.6112095,-73.96311533301025,96,1,24
360470420001001,Brooklyn,40.611104999999995,-73.96407501996867,18,10,3
360470420002000,Brooklyn,40.608836,-73.96266667570899,1029,72,252
360470420002001,Brooklyn,40.608836,-73.96364724708894,73,1,19
360470420002002,Brooklyn,40.608652,-73.96455669543809,160,0,100
360470420002003,Brooklyn,40.608542,-73.96555652773893,5,0,3
360470420002004,Brooklyn,40.608422000000004,-73.96664448821899,4,4,2
360470420002006,Brooklyn,40.607178499999996,-73.96309526576835,138,9,60
360470421001000,Brooklyn,40.6972445,-73.92207076405643,2,0,0
360470421001001,Brooklyn,40.695648999999996,-73.92363496220602,17,1,14
360470421002001,Brooklyn,40.69766,-73.92283442602485,34,1,28
360470421002002,Brooklyn,40.696078,-73.92438632775284,23,0,7
360470421003000,Brooklyn,40.699291,-73.92358107291093,12,0,2
360470421003001,Brooklyn,40.698544999999996,-73.92431014496314,9,1,2
360470421003003,Brooklyn,40.696934,-73.92588871855833,25,1,12
360470421004000,Brooklyn,40.698697499999994,-73.92306917780749,1,0,0
360470421004002,Brooklyn,40.6979705,-73.92370225571429,8,2,3
360470421004003,Brooklyn,40.6965055,-73.92513809098807,24,19,20
360470422001001,Brooklyn,40.6088525,-73.9684060043839,39,2,13
360470422001002,Brooklyn,40.6087515,-73.96941870174146,78,3,33
360470422001003,Brooklyn,40.607695,-73.96921747344149,2,2,2
360470422001004,Brooklyn,40.607789499999996,-73.9682095076263,7,5,4
360470422002001,Brooklyn,40.606336999999996,-73.96793276592068,111,0,52
360470422002002,Brooklyn,40.605971,-73.96889024363249,28,5,9
360470422002003,Brooklyn,40.605728,-73.96979107873568,58,5,15
360470422002004,Brooklyn,40.605109999999996,-73.97066757617696,32,0,6
360470422002005,Brooklyn,40.6062235,-73.97195160703046,85,8,58
360470422002006,Brooklyn,40.6050385,-73.97173989984032,64,8,24
360470422003000,Brooklyn,40.6076445,-73.97015433006993,35,2,6
360470422003001,Brooklyn,40.6079205,-73.97120073671329,197,18,92
360470422003002,Brooklyn,40.607710499999996,-73.97223313545766,42,2,17
360470423001000,Brooklyn,40.698704500000005,-73.92850615778474,26,2,13
360470423001001,Brooklyn,40.698278,-73.927769865491,43,6,2
360470423001002,Brooklyn,40.698155,-73.9265379576087,65,0,40
360470423001003,Brooklyn,40.6981205,-73.92558954435484,3,3,0
360470423001004,Brooklyn,40.697333,-73.92661429102168,256,0,182
360470423001005,Brooklyn,40.697502,-73.92759791829084,49,0,21
360470423001006,Brooklyn,40.697413,-73.9287716471519,2,0,0
360470423002000,Brooklyn,40.700812,-73.9279359714411,113,0,95
360470423002001,Brooklyn,40.700286,-73.92728153229994,28,5,9
360470423002002,Brooklyn,40.700596,-73.92580885677722,19,0,0
360470423002003,Brooklyn,40.699853,-73.92653694122612,28,0,8
360470423002004,Brooklyn,40.699237999999994,-73.92866147797689,42,0,11
360470423002005,Brooklyn,40.699237999999994,-73.92951344511783,86,16,29
360470423003000,Brooklyn,40.6994435,-73.92576789694692,104,2,68
360470423003001,Brooklyn,40.699701,-73.924312375,5,0,0
360470423003002,Brooklyn,40.698981,-73.92504906100794,7,0,3
360470424001000,Brooklyn,40.608666,-73.97349494664032,15,6,2
360470424001001,Brooklyn,40.607516499999996,-73.97429628288245,147,0,129
360470424001002,Brooklyn,40.6074735,-73.97525247644589,14,0,5
360470424001003,Brooklyn,40.6075735,-73.97328743372933,93,0,23
360470424002000,Brooklyn,40.607372,-73.976179,5,1,1
360470424002001,Brooklyn,40.607269,-73.97710621672783,5,0,0
360470424002002,Brooklyn,40.605461,-73.97676274907005,52,4,21
360470424002003,Brooklyn,40.60422,-73.97652717286502,12,5,2
360470424003000,Brooklyn,40.607167,-73.9780328048307,22,4,9
360470424003001,Brooklyn,40.6054805,-73.97771284324817,13,1,2
360470424003002,Brooklyn,40.6042315,-73.9774770608108,35,4,7
360470425001001,Brooklyn,40.701391,-73.92971063542794,30,0,11
360470425001002,Brooklyn,40.701179499999995,-73.92874655349863,24,3,19
360470425002000,Brooklyn,40.701859,-73.93288511395593,1,0,0
360470425002001,Brooklyn,40.7012,-73.93222508274206,13,1,5
360470425002002,Brooklyn,40.700599999999994,-73.93166181838204,109,0,66
360470425002003,Brooklyn,40.70017299999999,-73.93090936840892,10,0,3
360470425002004,Brooklyn,40.6995945,-73.93030433544783,83,9,35
360470425003000,Brooklyn,40.702736,-73.93191020402291,347,1,294
360470425003001,Brooklyn,40.70301,-73.93267525134529,28,3,20
360470425003002,Brooklyn,40.702344,-73.93111972041979,5,0,2
360470425003003,Brooklyn,40.703112,-73.93036568590529,11,8,8
360470425003004,Brooklyn,40.70272849999999,-73.92957392564269,14,0,2
360470425003005,Brooklyn,40.7018185,-73.93046310060896,1,1,0
360470426001000,Brooklyn,40.607060000000004,-73.97899126159739,7,0,0
360470426001001,Brooklyn,40.605505,-73.97869656933332,59,1,17
360470426001002,Brooklyn,40.604252,-73.9784638742158,47,8,14
360470426001003,Brooklyn,40.604271999999995,-73.97948801229961,24,1,6
360470426002000,Brooklyn,40.6068295,-73.97996714142576,59,10,33
360470426002003,Brooklyn,40.605498999999995,-73.98070410536548,22,1,11
360470426002004,Brooklyn,40.6055005,-73.97971711295871,15,5,0
360470426002005,Brooklyn,40.6042825,-73.98069699479166,19,1,4
360470426002006,Brooklyn,40.6042745,-73.98022301100053,23,0,8
360470426003001,Brooklyn,40.60656,-73.98184905478595,55,16,27
360470426003002,Brooklyn,40.605497,-73.9816485605023,18,0,9
360470426003003,Brooklyn,40.604271999999995,-73.98141648715637,22,2,6
360470427001000,Brooklyn,40.7038185,-73.9249868249007,80,1,9
360470427001001,Brooklyn,40.702286,-73.92648885152832,53,10,10
360470427002000,Brooklyn,40.704246,-73.92573813493064,49,8,22
360470427002001,Brooklyn,40.7027155,-73.92723915205329,44,0,26
360470427003000,Brooklyn,40.7046725,-73.92649004141659,34,10,4
360470427003001,Brooklyn,40.703143499999996,-73.9279906541264,29,15,13
360470427004000,Brooklyn,40.704840499999996,-73.92766727723551,131,6,82
360470427004001,Brooklyn,40.7035695,-73.92874453883776,9,1,4
360470427004002,Brooklyn,40.703889,-73.92960782420555,24,0,2
360470427004003,Brooklyn,40.703952,-73.93041643870191,14,0,1
360470428001000,Brooklyn,40.6075325,-73.98297836521468,3,0,2
360470428001001,Brooklyn,40.606444499999995,-73.98277282775345,397,43,109
360470428001003,Brooklyn,40.6042695,-73.98236174395244,22,2,3
360470428002000,Brooklyn,40.606382999999994,-73.98370826294315,188,19,130
360470428002001,Brooklyn,40.6042335,-73.98330063017642,20,14,9
360470428002002,Brooklyn,40.604135,-73.98422809938604,15,7,5
360470428003000,Brooklyn,40.607314,-73.98483088444948,2,0,0
360470428003001,Brooklyn,40.60723,-73.98576071442648,3,0,1
360470428003002,Brooklyn,40.606423,-73.98560697193878,1596,15,330
360470428003003,Brooklyn,40.606418,-73.98466227986023,13,5,5
360470428003005,Brooklyn,40.6067685,-73.98665391942846,141,0,128
360470428003006,Brooklyn,40.606818499999996,-73.98762712617648,80,4,26
360470428003007,Brooklyn,40.6065835,-73.9883304469261,390,1,53
360470429001001,Brooklyn,40.7014335,-73.92498413788616,20,1,5
360470429001002,Brooklyn,40.701860999999994,-73.92573629339665,19,6,6
360470429002000,Brooklyn,40.702535999999995,-73.92273281378007,33,3,6
360470429002001,Brooklyn,40.701005499999994,-73.92423241538219,45,5,9
360470429003000,Brooklyn,40.702107999999996,-73.92198090856395,27,9,8
360470429003001,Brooklyn,40.700579,-73.923483,46,7,18
360470429004000,Brooklyn,40.701680499999995,-73.92122931739267,153,2,46
360470429004001,Brooklyn,40.7001515,-73.92273218046742,28,1,6
360470430001000,Brooklyn,40.611206499999994,-73.98272926686528,220,64,49
360470430001001,Brooklyn,40.609092000000004,-73.98232851462714,21,1,5
360470430002000,Brooklyn,40.610768,-73.98359683321516,43,2,9
360470430002001,Brooklyn,40.6089905,-73.98325624011355,14,6,2
360470430003000,Brooklyn,40.6107265,-73.98436889010989,16,0,4
360470430003001,Brooklyn,40.608889999999995,-73.98418290243623,36,4,17
360470430003002,Brooklyn,40.6086215,-73.98507987287948,182,10,157
360470431001000,Brooklyn,40.69996999999999,-73.91822359239185,151,2,88
360470431001001,Brooklyn,40.699543500000004,-73.9174717413128,51,22,19
360470431001003,Brooklyn,40.698013499999995,-73.91897689553954,1673,6,1546
360470431002000,Brooklyn,40.70039799999999,-73.91897354734849,44,0,2
360470431002001,Brooklyn,40.699006999999995,-73.92033962621906,94,3,9
360470431002002,Brooklyn,40.6991785,-73.91929517045455,56,5,12
360470431002003,Brooklyn,40.69827,-73.91989893838863,43,5,19
360470431002004,Brooklyn,40.6981315,-73.92090656960227,11,0,2
360470431003000,Brooklyn,40.70082549999999,-73.91972563478535,27,0,3
360470431003001,Brooklyn,40.699296,-73.92122738220377,94,15,44
360470431004000,Brooklyn,40.701252999999994,-73.92047718244949,19,5,7
360470431004001,Brooklyn,40.699723500000005,-73.92198046762711,59,23,23
360470432001000,Brooklyn,40.611703999999996,-73.97985672218208,95,9,42
360470432001001,Brooklyn,40.609410999999994,-73.97944039681266,5,0,0
360470432002000,Brooklyn,40.612018,-73.98095237664907,107,14,27
360470432002001,Brooklyn,40.6092995,-73.98043831834846,108,77,29
360470432003000,Brooklyn,40.611845,-73.98169514627601,114,0,63
360470432003001,Brooklyn,40.611526,-73.98210930271514,55,2,12
360470432003002,Brooklyn,40.609167,-73.98165733011896,7,0,2
360470432003003,Brooklyn,40.6092165,-73.98119352783583,25,8,19
360470433001000,Brooklyn,40.6975855,-73.91821827259393,355,2,305
360470433001004,Brooklyn,40.696304,-73.91596606125799,1,0,0
360470433001005,Brooklyn,40.695874499999995,-73.91521332590878,174,0,154
360470433002000,Brooklyn,40.6993605,-73.91647862449146,58,10,11
360470433002001,Brooklyn,40.699479499999995,-73.91548312631579,11,0,0
360470433002002,Brooklyn,40.698569,-73.91608359789778,274,27,188
360470433002003,Brooklyn,40.69871499999999,-73.91711257897603,49,0,3
360470433003000,Brooklyn,40.6983955,-73.9150805171996,10,1,6
360470433003001,Brooklyn,40.69796649999999,-73.91432938546156,5,0,1
360470433003002,Brooklyn,40.6975575,-73.91355950513528,165,1,119
360470433003003,Brooklyn,40.6971585,-73.91502888345647,3,0,0
360470433003004,Brooklyn,40.6976015,-73.91585792645961,2,0,0
360470434001000,Brooklyn,40.610682,-73.9753755079899,67,15,29
360470434001001,Brooklyn,40.609362,-73.9756108895806,21,0,17
360470434001002,Brooklyn,40.6090825,-73.97459618456267,338,2,53
360470434002000,Brooklyn,40.6096395,-73.97661012793657,38,10,26
360470434002001,Brooklyn,40.609618499999996,-73.97755260622327,27,15,11
360470434003000,Brooklyn,40.611444,-73.97882733783783,261,14,161
360470434003001,Brooklyn,40.6117275,-73.978176938125,4,0,1
360470434003003,Brooklyn,40.6095155,-73.9784791745734,31,1,17
360470435001000,Brooklyn,40.696335,-73.91183211724999,203,1,172
360470435001001,Brooklyn,40.695693,-73.91070530261047,60,5,12
360470435001002,Brooklyn,40.695403999999996,-73.90981692899328,6,0,0
360470435001003,Brooklyn,40.694632999999996,-73.91066307166301,26,2,3
360470435002000,Brooklyn,40.6945915,-73.91295797015927,15,4,9
360470435002001,Brooklyn,40.694164,-73.91220682595934,14,0,2
360470435002002,Brooklyn,40.693735499999995,-73.91145585178506,10,1,2
360470435003000,Brooklyn,40.69697599999999,-73.9129594526515,101,1,46
360470435003001,Brooklyn,40.695446,-73.914461845614,7,0,1
360470435003002,Brooklyn,40.695019,-73.9137083543788,2,0,0
360470436001000,Brooklyn,40.613271,-73.97659875085137,504,31,72
360470436001001,Brooklyn,40.6127135,-73.97718224012374,17,0,3
360470436001002,Brooklyn,40.611528,-73.97526898423044,10,4,3
360470436001003,Brooklyn,40.6119705,-73.97491915731707,2,0,0
360470436002000,Brooklyn,40.61362,-73.98025438909495,241,43,72
360470436002001,Brooklyn,40.612270499999994,-73.97802090150375,103,7,33
360470436003000,Brooklyn,40.614611499999995,-73.9788145335502,19,2,6
360470436003001,Brooklyn,40.614052,-73.97939806045994,18,5,4
360470437001000,Brooklyn,40.693552,-73.90694975430365,5,0,0
360470437001001,Brooklyn,40.6931265,-73.90619574763826,6,1,5
360470437002000,Brooklyn,40.6928815,-73.90995229329968,11,4,4
360470437002002,Brooklyn,40.692026,-73.90844850289056,30,20,19
360470437002003,Brooklyn,40.6915975,-73.9076969329574,5,3,3
360470437003000,Brooklyn,40.6949615,-73.90908037258748,25,0,6
360470437003001,Brooklyn,40.6933085,-73.91070500000001,7,0,0
360470437004000,Brooklyn,40.6944095,-73.90845085571661,158,1,134
360470437004001,Brooklyn,40.6939825,-73.90769845888643,80,0,61
360470438001001,Brooklyn,40.6100005,-73.96861823335942,49,13,19
360470438001002,Brooklyn,40.610479,-73.96974697963978,4,2,3
360470438002000,Brooklyn,40.610376,-73.97067416913202,10,3,4
360470438002001,Brooklyn,40.6102705,-73.97164665792323,10,2,7
360470438002002,Brooklyn,40.610023999999996,-73.97267251418786,62,2,14
360470438002003,Brooklyn,40.6105775,-73.97362659123675,54,0,19
360470438002004,Brooklyn,40.6101735,-73.97408583981283,28,3,11
360470438002005,Brooklyn,40.6091385,-73.97385387943496,3,0,0
360470439001000,Brooklyn,40.6973665,-73.9078913398273,4,1,0
360470439001002,Brooklyn,40.696157,-73.9079069915665,5,0,0
360470439001003,Brooklyn,40.696938,-73.90714378115598,5,3,0
360470439001005,Brooklyn,40.6957265,-73.90715346680071,4,0,0
360470439001006,Brooklyn,40.695277,-73.90641731424499,3,0,2
360470439001007,Brooklyn,40.696079,-73.90563393067805,4,0,0
360470439001008,Brooklyn,40.6956335,-73.90489887532314,8,0,2
360470439001009,Brooklyn,40.694817,-73.90572096707402,46,0,36
360470439002000,Brooklyn,40.697796,-73.90863667918643,19,10,11
360470439002002,Brooklyn,40.697312499999995,-73.91028308115438,3,0,0
360470439002003,Brooklyn,40.697742,-73.91103761241783,2,0,0
360470439002004,Brooklyn,40.6981665,-73.91179068234106,1,1,1
360470439003000,Brooklyn,40.700702,-73.911624517678,382,14,196
360470439003001,Brooklyn,40.69968899999999,-73.91263661058602,809,0,118
360470439003003,Brooklyn,40.698596499999994,-73.91254096058324,94,27,29
360470439003004,Brooklyn,40.699068999999994,-73.91324494902912,67,0,19
360470439003005,Brooklyn,40.698513,-73.91027312142856,277,18,108
360470440001000,Brooklyn,40.6133805,-73.96758236493085,5,1,3
360470440001004,Brooklyn,40.6129155,-73.9691702652853,27,4,2
360470440002000,Brooklyn,40.6141345,-73.97043866442195,1,1,0
360470440002001,Brooklyn,40.6139275,-73.97134510028678,4,1,3
360470440002002,Brooklyn,40.612491,-73.9710740415629,1,0,1
360470440002003,Brooklyn,40.61269849999999,-73.9701672204358,2,0,2
360470440002004,Brooklyn,40.612269,-73.97202541061681,8,1,0
360470440003000,Brooklyn,40.6137155,-73.97229884026684,96,30,23
360470440003001,Brooklyn,40.613483,-73.97333085147284,80,29,56
360470440003002,Brooklyn,40.6130815,-73.97408490830875,80,0,28
360470440003003,Brooklyn,40.613849,-73.97459611851141,19,12,11
360470440003004,Brooklyn,40.6121255,-73.97443056261928,3,1,0
360470440003005,Brooklyn,40.6123255,-73.97310865743944,84,3,31
360470441001000,Brooklyn,40.7015605,-73.91312504891509,17,4,5
360470441001001,Brooklyn,40.701132,-73.91237473220676,169,4,79
360470441001002,Brooklyn,40.699829,-73.91367422121111,36,7,7
360470441001003,Brooklyn,40.70023499999999,-73.91444723742632,12,0,2
360470441001004,Brooklyn,40.699014,-73.91412933333332,6,0,0
360470441002000,Brooklyn,40.7024225,-73.91462250863007,4,4,1
360470441002001,Brooklyn,40.7010825,-73.91595916802247,25,11,11
360470441002002,Brooklyn,40.70066,-73.91520221340903,53,5,16
360470441003000,Brooklyn,40.703556,-73.91346764757914,2,2,2
360470441003001,Brooklyn,40.703117,-73.91272594744541,10,4,4
360470441003002,Brooklyn,40.701989499999996,-73.91387641844594,20,0,6
360470442001000,Brooklyn,40.613822,-73.96360835979385,830,33,140
360470442001001,Brooklyn,40.6137125,-73.96456975958287,702,2,92
360470442001002,Brooklyn,40.6136115,-73.96549789676743,9,0,3
360470442001003,Brooklyn,40.6110025,-73.96500223991777,1,1,0
360470442002000,Brooklyn,40.6135005,-73.96649771649774,65,10,5
360470442002001,Brooklyn,40.610891499999994,-73.966003,12,0,7
360470442002002,Brooklyn,40.611183999999994,-73.96716810317149,6,0,1
360470443001000,Brooklyn,40.7044315,-73.91494965717959,22,0,5
360470443001001,Brooklyn,40.703995,-73.91420854951326,7,4,2
360470443001002,Brooklyn,40.70286899999999,-73.91535545853358,175,1,112
360470443002000,Brooklyn,40.703315,-73.91608795275354,116,6,77
360470443002001,Brooklyn,40.70195149999999,-73.91744805905299,59,16,37
360470443002002,Brooklyn,40.701510999999996,-73.91670923642248,20,0,3
360470443003000,Brooklyn,40.702832,-73.9189259203163,294,6,176
360470443003001,Brooklyn,40.702392,-73.9181866005514,25,5,7
360470443004000,Brooklyn,40.705309,-73.91643150316338,7,0,1
360470443004001,Brooklyn,40.7042055,-73.91755646262958,2353,1,2142
360470443004002,Brooklyn,40.7037595,-73.91682261809325,49,10,11
360470443004003,Brooklyn,40.704871,-73.91568984575218,42,0,16
360470444001000,Brooklyn,40.616426,-73.9660294105042,43,1,10
360470444001001,Brooklyn,40.61619949999999,-73.96700739097167,8,5,1
360470444001002,Brooklyn,40.615956499999996,-73.96806783654701,24,0,6
360470444001004,Brooklyn,40.615115,-73.96578174763125,7,0,3
360470444002001,Brooklyn,40.615725499999996,-73.96970627663036,37,10,19
360470444002002,Brooklyn,40.615612999999996,-73.97071995107476,17,8,2
360470444003000,Brooklyn,40.6155115,-73.97164623921692,24,5,2
360470444003001,Brooklyn,40.6154035,-73.97261973817001,180,0,67
360470445001000,Brooklyn,40.706185,-73.9179144496376,30,7,10
360470445001001,Brooklyn,40.705096499999996,-73.91902446032836,45,2,10
360470445001002,Brooklyn,40.704651999999996,-73.91828980217545,57,3,14
360470445001003,Brooklyn,40.7057475,-73.91717249999999,21,0,4
360470445002000,Brooklyn,40.704595499999996,-73.92188270526565,98,38,31
360470445002001,Brooklyn,40.7041535,-73.92114393095636,53,0,22
360470445002002,Brooklyn,40.7037135,-73.92040438113702,11,2,4
360470445002003,Brooklyn,40.703272,-73.91966559500057,64,5,44
360470445003000,Brooklyn,40.707063,-73.91939568555406,88,0,76
360470445003001,Brooklyn,40.7059875,-73.92049195724448,1,1,1
360470445003002,Brooklyn,40.705541499999995,-73.91975846016499,32,1,13
360470445003003,Brooklyn,40.706624,-73.91865550275273,144,2,111
360470446001000,Brooklyn,40.615171,-73.97823216250619,10,5,5
360470446001001,Brooklyn,40.613943,-73.97619306150422,3,0,0
360470446002000,Brooklyn,40.615286999999995,-73.9736745841078,288,0,157
360470446002001,Brooklyn,40.615335,-73.97476540730025,129,66,78
360470446002002,Brooklyn,40.6150415,-73.9754658401279,2,0,0
360470446002003,Brooklyn,40.6163265,-73.97704244190416,112,34,49
360470446002004,Brooklyn,40.615742499999996,-73.97764087749965,170,0,155
360470446002005,Brooklyn,40.61419599999999,-73.97546358701533,1,0,1
360470447001000,Brooklyn,40.70874499999999,-73.92202689418605,213,213,156
360470447001001,Brooklyn,40.708515,-73.92250743270667,35,0,18
360470447001002,Brooklyn,40.708068,-73.92163756208052,95,23,67
360470447001003,Brooklyn,40.7079545,-73.92086240934914,172,8,51
360470447001004,Brooklyn,40.7074985,-73.92013915930492,13,9,10
360470447001005,Brooklyn,40.706434,-73.92122530766386,19287,7,2103
360470447001006,Brooklyn,40.706879,-73.92195955269989,62,1,11
360470447001007,Brooklyn,40.7073405,-73.92267785778051,122,25,59
360470447001009,Brooklyn,40.707868,-73.92318401523934,34,3,11
360470447002000,Brooklyn,40.706208000000004,-73.92495685360359,55,23,45
360470447002001,Brooklyn,40.7059145,-73.92409967048172,429,36,145
360470447002002,Brooklyn,40.705474499999994,-73.92336092478226,182,1,103
360470447002003,Brooklyn,40.705034,-73.92262303131491,166,7,70
360470448001000,Brooklyn,40.617886999999996,-73.97317346959882,255,33,72
360470448001001,Brooklyn,40.6185055,-73.97589180674653,82,0,17
360470448002001,Brooklyn,40.619743,-73.97045756608148,46,29,19
360470448002002,Brooklyn,40.619488499999996,-73.97145401110149,11,6,7
360470448002003,Brooklyn,40.6180045,-73.97117387543948,34,19,17
360470448002004,Brooklyn,40.618477,-73.97022685087012,39,7,15
360470449011000,Brooklyn,40.7188065,-73.93884700397516,43,43,34
360470449011002,Brooklyn,40.71679999999999,-73.93720094076797,7,7,4
360470449011003,Brooklyn,40.71659149999999,-73.93866590742252,479,0,268
360470449012000,Brooklyn,40.72246,-73.93619566794446,29,0,13
360470449012001,Brooklyn,40.7220545,-73.93776723192512,59,0,53
360470449012002,Brooklyn,40.721554499999996,-73.93971697457769,47,4,28
360470449012003,Brooklyn,40.722353,-73.93960343224757,127,1,17
360470449012008,Brooklyn,40.721797499999994,-73.93591898004236,11,0,4
360470449012009,Brooklyn,40.7213765,-73.93746701056435,104,7,66
360470449012010,Brooklyn,40.7209625,-73.93906566983254,20,0,5
360470449012011,Brooklyn,40.72067199999999,-73.94032194436201,12,0,3
360470449012012,Brooklyn,40.71995149999999,-73.94010150096318,75,2,51
360470449012013,Brooklyn,40.720286,-73.93876312240224,118,4,47
360470449012015,Brooklyn,40.719320499999995,-73.93990776037197,73,13,55
360470449013004,Brooklyn,40.723592499999995,-73.93785558162651,11,0,3
360470449013006,Brooklyn,40.723134,-73.93649811978368,80,57,46
360470449013007,Brooklyn,40.7227305,-73.93806894761998,44,0,21
360470449014000,Brooklyn,40.7207025,-73.93716858241388,42,4,16
360470449014001,Brooklyn,40.7200065,-73.93685615524383,308,171,236
360470449014002,Brooklyn,40.7193405,-73.93656779127701,19,0,15
360470449014003,Brooklyn,40.718655999999996,-73.93627294469957,123,0,111
360470449014004,Brooklyn,40.717969999999994,-73.93596655097991,19,0,4
360470449014005,Brooklyn,40.717324500000004,-73.93567961565978,4,0,2
360470449021004,Brooklyn,40.726659999999995,-73.93292418978658,12,0,7
360470449021005,Brooklyn,40.726186,-73.93426986020235,26,1,20
360470449021006,Brooklyn,40.726716499999995,-73.93117698818597,6,6,6
360470449021010,Brooklyn,40.7267425,-73.92935481676511,35,0,22
360470449021013,Brooklyn,40.7254545,-73.93055112027913,5,0,0
360470449021018,Brooklyn,40.725421999999995,-73.93402424287851,10,10,6
360470449021019,Brooklyn,40.725801,-73.93259340696264,29,29,22
360470449021021,Brooklyn,40.7247695,-73.93019400084309,142,3,129
360470449021022,Brooklyn,40.724346499999996,-73.93179439846834,4,0,3
360470449021023,Brooklyn,40.725029,-73.93210617392882,54,54,49
360470449021027,Brooklyn,40.7252935,-73.93551059129213,25,3,7
360470449021028,Brooklyn,40.723536499999994,-73.93494895360747,6,0,2
360470449022001,Brooklyn,40.719478499999994,-73.92840164919355,1505,39,1012
360470449022003,Brooklyn,40.71482399999999,-73.934543785299,85,12,35
360470449022004,Brooklyn,40.7163,-73.9352085620566,140,36,79
360470449022005,Brooklyn,40.714181499999995,-73.93286258404436,3,1,1
360470449022008,Brooklyn,40.715942999999996,-73.92672109090218,551,16,482
360470449022009,Brooklyn,40.714092,-73.9342175595238,61,10,32
360470449023001,Brooklyn,40.715091,-73.92580612027756,224,0,191
360470449023002,Brooklyn,40.714634,-73.92747130242867,39,0,8
360470449023003,Brooklyn,40.714568,-73.92893301108033,14,0,12
360470449023005,Brooklyn,40.711551,-73.9300539519114,651,180,556
360470449023006,Brooklyn,40.7138785,-73.92889315043479,39,0,7
360470449023009,Brooklyn,40.7135075,-73.92696765180469,24,0,2
360470449023010,Brooklyn,40.7129175,-73.92495567528385,193,0,112
360470449023011,Brooklyn,40.71369249999999,-73.92399640582533,5,0,1
360470449023012,Brooklyn,40.712998,-73.92329635215921,8,0,7
360470449023013,Brooklyn,40.7115435,-73.9233430285114,415,89,280
360470449023014,Brooklyn,40.7118135,-73.92621058252008,73,3,20
360470449023015,Brooklyn,40.71188049999999,-73.92449112299111,42,0,18
360470449023016,Brooklyn,40.708854,-73.92885504752388,53,30,29
360470449023018,Brooklyn,40.7115165,-73.93295860997227,145,35,65
360470449023021,Brooklyn,40.712434,-73.92824055601542,84,70,58
360470449023022,Brooklyn,40.712829,-73.92666698935375,146,0,102
360470449023023,Brooklyn,40.711082,-73.92764085086876,120,10,44
360470449023024,Brooklyn,40.711749999999995,-73.92793753785247,23,0,11
360470449023025,Brooklyn,40.710496,-73.92385869021874,315,22,182
360470449023026,Brooklyn,40.709869999999995,-73.92206729345455,38,0,6
360470449023027,Brooklyn,40.709631,-73.92351563413219,697,4,548
360470449023028,Brooklyn,40.709298499999996,-73.92512810483122,66,3,10
360470449023029,Brooklyn,40.708965,-73.92670418881718,203,0,165
360470450001001,Brooklyn,40.6211895,-73.97260684785408,579,3,138
360470450001004,Brooklyn,40.622795499999995,-73.97504751777315,97,15,47
360470452001001,Brooklyn,40.620806,-73.96788232747372,12,0,1
360470452001002,Brooklyn,40.618414,-73.96742883983657,25,9,11
360470452001003,Brooklyn,40.618525,-73.96642775829525,40,9,19
360470452002000,Brooklyn,40.623076999999995,-73.96942329757422,55,1,36
360470452002003,Brooklyn,40.621185,-73.96906497742475,40,11,9
360470452002004,Brooklyn,40.6185925,-73.96856496986186,25,21,6
360470453001000,Brooklyn,40.708776,-73.92335548295455,5,0,2
360470453001001,Brooklyn,40.7085825,-73.92488340215682,101,6,57
360470453001002,Brooklyn,40.707276,-73.92619934243294,114,1,29
360470453001003,Brooklyn,40.7080595,-73.92812008749999,122,0,78
360470453001004,Brooklyn,40.7076815,-73.9304200845949,186,74,144
360470453001005,Brooklyn,40.707015999999996,-73.93001731835312,24,6,16
360470453001006,Brooklyn,40.707361500000005,-73.92792689612665,66,10,39
360470453001007,Brooklyn,40.706661999999994,-73.92773306205113,79,6,28
360470453001008,Brooklyn,40.7063475,-73.92961796574937,47,1,15
360470453001009,Brooklyn,40.705681,-73.92921323371769,29,1,10
360470453001010,Brooklyn,40.705965,-73.92754016501405,48,22,29
360470453001011,Brooklyn,40.705223,-73.92781090851602,32,21,12
360470453001012,Brooklyn,40.705106,-73.92879428035542,28,14,9
360470453001013,Brooklyn,40.7070695,-73.92491376388888,11,0,2
360470453001014,Brooklyn,40.70789,-73.92470871541255,13,6,3
360470453001015,Brooklyn,40.70801899999999,-73.92369453323698,29,0,9
360470453002000,Brooklyn,40.707573499999995,-73.93205846406002,273,2,80
360470453002001,Brooklyn,40.707269499999995,-73.93324005784709,233,7,79
360470453002002,Brooklyn,40.7065815,-73.93280458428981,11,0,6
360470453002003,Brooklyn,40.7071545,-73.93227555362623,1,0,0
360470453002004,Brooklyn,40.7058125,-73.93276349620271,73,31,53
360470453002005,Brooklyn,40.70617849999999,-73.93121474408517,54,3,33
360470453002006,Brooklyn,40.7067825,-73.93157563367484,11,0,1
360470453002007,Brooklyn,40.7054765,-73.93078424604431,53,24,14
360470453002008,Brooklyn,40.705424,-73.93196957328895,29,0,24
360470453002010,Brooklyn,40.705084,-73.93238753537726,58,2,30
360470453002012,Brooklyn,40.704359499999995,-73.93086237680632,272,4,229
360470453002013,Brooklyn,40.7045895,-73.92977819653504,109,5,69
360470453002014,Brooklyn,40.703675,-73.93212300380313,220,0,201
360470454001000,Brooklyn,40.621123999999995,-73.96499302281288,25,9,6
360470454001001,Brooklyn,40.618805,-73.9645527233598,319,2,154
360470454001002,Brooklyn,40.616946,-73.96419889616111,3203,18,963
360470454001003,Brooklyn,40.6155485,-73.96393623142092,29,6,17
360470454002000,Brooklyn,40.621019000000004,-73.96595456682073,168,4,139
360470454002001,Brooklyn,40.618627499999995,-73.96550121803176,42,22,32
360470454002002,Brooklyn,40.6166365,-73.96512407798406,61,0,14
360470454002003,Brooklyn,40.615334,-73.96487691030669,7,7,4
360470456001000,Brooklyn,40.629048,-73.96649112134831,30,14,9
360470456001001,Brooklyn,40.6277755,-73.96625104038758,34,9,6
360470456001002,Brooklyn,40.625905,-73.96589747791052,588,1,324
360470456001003,Brooklyn,40.62297099999999,-73.96534250292642,228,46,68
360470456002000,Brooklyn,40.628997,-73.9674647735177,22,15,14
360470456002001,Brooklyn,40.6288935,-73.96839142782139,4,4,2
360470456002002,Brooklyn,40.6275775,-73.96814354361666,1,0,1
360470456002004,Brooklyn,40.6258,-73.96686041875415,1,0,0
360470456002005,Brooklyn,40.6234085,-73.96640717047637,8,5,7
360470458001000,Brooklyn,40.6287935,-73.96939293489586,6,5,5
360470458001001,Brooklyn,40.628679,-73.9704775216064,6,1,0
360470458001004,Brooklyn,40.627765499999995,-73.97059967105263,175,0,43
360470458001005,Brooklyn,40.6271255,-73.97020066548016,3,1,0
360470458001006,Brooklyn,40.6274545,-73.96914056924464,6,0,6
360470458002000,Brooklyn,40.625697,-73.96778743291702,10,10,10
360470458002002,Brooklyn,40.625465500000004,-73.96987838094027,28,16,19
360470458002004,Brooklyn,40.6231965,-73.96833452467587,10,6,9
360470458002005,Brooklyn,40.623307,-73.96733404514347,1,0,0
360470460001000,Brooklyn,40.6302105,-73.96864030085902,16,1,1
360470460001001,Brooklyn,40.6299145,-73.96961123224554,31,0,14
360470460001002,Brooklyn,40.6296235,-73.97064470158985,269,6,152
360470460002000,Brooklyn,40.6307335,-73.96684924125452,740,102,228
360470460002001,Brooklyn,40.630472,-73.96774436444039,10,3,1
360470460003000,Brooklyn,40.633689000000004,-73.96058165397474,11,0,10
360470460003002,Brooklyn,40.6334085,-73.96318870845529,10,0,8
360470460003004,Brooklyn,40.632488499999994,-73.96513880254787,3,3,3
360470460003005,Brooklyn,40.6322955,-73.9658988960995,1,0,0
360470460003006,Brooklyn,40.632136,-73.96646356003245,11,1,3
360470460003007,Brooklyn,40.632705,-73.96305619047453,11,11,0
360470462011001,Brooklyn,40.628823,-73.97218032443587,40,0,21
360470462011002,Brooklyn,40.628609,-73.97356917531874,9,1,2
360470462011003,Brooklyn,40.6278305,-73.97525478699283,1385,12,231
360470462012003,Brooklyn,40.627183,-73.9761721571067,24,0,8
360470462012004,Brooklyn,40.626560999999995,-73.97576053651477,5804,5,376
360470462012005,Brooklyn,40.626672,-73.97471105652127,1,1,1
360470462012007,Brooklyn,40.6268825,-73.97285625820527,5,0,1
360470462012008,Brooklyn,40.62699,-73.97183768019076,23,9,12
360470462021002,Brooklyn,40.6252265,-73.97121960490816,36,22,20
360470462021003,Brooklyn,40.6252265,-73.97178306696905,2,0,2
360470462021005,Brooklyn,40.625074,-73.97345996170606,4,2,2
360470462022000,Brooklyn,40.6249705,-73.97438706921349,16,13,7
360470462022001,Brooklyn,40.624849999999995,-73.9754343975995,85,21,26
360470462022002,Brooklyn,40.6245535,-73.97630245896306,25,0,2
360470462022003,Brooklyn,40.625579,-73.97690496811008,17,0,7
360470462022004,Brooklyn,40.624500499999996,-73.97682131137725,27,25,8
360470462022005,Brooklyn,40.6226205,-73.97587192682555,14,0,3
360470462022006,Brooklyn,40.622504,-73.97638191562255,34,0,10
360470464001000,Brooklyn,40.6275145,-73.97728457824208,458,3,121
360470464001001,Brooklyn,40.626155999999995,-73.97760511142626,10,7,1
360470464001002,Brooklyn,40.625438,-73.97850722894125,49,11,15
360470464001003,Brooklyn,40.624694999999996,-73.97721242877094,11,0,5
360470464001004,Brooklyn,40.623605,-73.97729846979286,8,1,7
360470464001005,Brooklyn,40.622504,-73.97703781099398,121,0,54
360470464001006,Brooklyn,40.622361999999995,-73.97788973947587,188,0,62
360470464002000,Brooklyn,40.6248265,-73.97900665052214,19,8,4
360470464002001,Brooklyn,40.624267499999995,-73.97959251484536,179,13,45
360470464002002,Brooklyn,40.623709,-73.98017456466165,22,15,3
360470468001000,Brooklyn,40.6221245,-73.98182412198392,106,0,22
360470468001001,Brooklyn,40.623357999999996,-73.9841262647368,239,23,169
360470468001002,Brooklyn,40.621226,-73.97916246599856,99,39,26
360470468001003,Brooklyn,40.62013949999999,-73.98033182882551,19,0,4
360470468001004,Brooklyn,40.618801500000004,-73.97799565497513,5,2,2
360470468001005,Brooklyn,40.619944,-73.977335770745,32,11,6
360470470001000,Brooklyn,40.6256115,-73.9846307900419,18,9,5
360470470001001,Brooklyn,40.626475,-73.98588678616352,12,10,6
360470470001002,Brooklyn,40.6252645,-73.98576660574277,54,24,20
360470470001003,Brooklyn,40.624697,-73.98633893335872,33,10,5
360470470001004,Brooklyn,40.62413599999999,-73.98691855727071,3,1,1
360470470001005,Brooklyn,40.624494,-73.98298273051469,95,26,26
360470470002000,Brooklyn,40.627216000000004,-73.98749039968664,1522,0,282
360470470002001,Brooklyn,40.6266555,-73.9880718864886,58,35,27
360470470002002,Brooklyn,40.6262775,-73.98933179912935,593,5,296
360470470002003,Brooklyn,40.6247925,-73.98838652791719,7,0,3
360470472001000,Brooklyn,40.6273115,-73.98349350419286,13,12,7
360470472001001,Brooklyn,40.6270445,-73.98272084399068,101,7,47
360470472001002,Brooklyn,40.6269,-73.98204478809106,40,8,19
360470472001003,Brooklyn,40.6260625,-73.98105351246548,66,1,13
360470472002000,Brooklyn,40.6271155,-73.98430056566866,2,0,0
360470472002001,Brooklyn,40.625623000000004,-73.9818332236017,26,1,9
360470472002002,Brooklyn,40.625057999999996,-73.98240665490994,252,6,105
360470472003000,Brooklyn,40.6289015,-73.98573780689722,30,0,15
360470472003001,Brooklyn,40.628334499999994,-73.98632279047692,11,6,4
360470472003002,Brooklyn,40.627772,-73.98690305819773,43,9,26
360470472003003,Brooklyn,40.626438,-73.98469325665101,134,2,115
360470474001000,Brooklyn,40.6290845,-73.98152260533098,15,3,0
360470474001001,Brooklyn,40.627596999999994,-73.97981498392994,82,21,18
360470474001002,Brooklyn,40.62889199999999,-73.98233555612245,45,22,14
360470474001003,Brooklyn,40.6281165,-73.98254930228137,9,6,3
360470474001004,Brooklyn,40.62695599999999,-73.98101540560086,178,2,49
360470474002000,Brooklyn,40.630553,-73.9839564262166,31,4,7
360470474002001,Brooklyn,40.6300155,-73.984573,158,48,94
360470474002002,Brooklyn,40.6294545,-73.98514922276799,43,2,4
360470474002003,Brooklyn,40.6280765,-73.98326497338402,18,0,5
360470474002004,Brooklyn,40.6291415,-73.98306653707824,6,3,3
360470474002005,Brooklyn,40.629810500000005,-73.98260217159383,13,0,6
360470476001000,Brooklyn,40.629523,-73.97819751671665,19,4,0
360470476001001,Brooklyn,40.62948,-73.9773740584656,29,3,6
360470476001002,Brooklyn,40.628765,-73.97714930714285,11,1,5
360470476001003,Brooklyn,40.629914,-73.97837443050568,40,5,10
360470476001004,Brooklyn,40.628659999999996,-73.9793065989003,130,0,103
360470476001005,Brooklyn,40.627776,-73.97682977948719,15,0,2
360470476002000,Brooklyn,40.6307575,-73.97974210252147,158,17,41
360470476002001,Brooklyn,40.630266,-73.98046173896513,52,20,7
360470476002002,Brooklyn,40.629759,-73.98113279738293,104,46,31
360470476003000,Brooklyn,40.632816500000004,-73.98166127316361,93,1,32
360470476003001,Brooklyn,40.632255,-73.9822424854618,103,54,47
360470476003002,Brooklyn,40.631695,-73.98282581132075,36,10,12
360470476003003,Brooklyn,40.631135,-73.9834099689833,21,16,6
360470477001008,Brooklyn,40.720579,-73.9422543365498,5,2,2
360470477001009,Brooklyn,40.721084499999996,-73.94138214671514,4,1,0
360470477001010,Brooklyn,40.7197955,-73.94116897350597,15,12,7
360470477001011,Brooklyn,40.719694,-73.94210896454183,5,3,4
360470477001012,Brooklyn,40.71994049999999,-73.94295563286853,43,22,34
360470477001013,Brooklyn,40.720136999999994,-73.9434426777594,55,0,37
360470477001020,Brooklyn,40.718981,-73.94588813297872,3,0,3
360470477001021,Brooklyn,40.7190535,-73.94543605851064,40,0,16
360470477001022,Brooklyn,40.719269,-73.94405840753424,9,5,0
360470477001023,Brooklyn,40.718878,-73.94196964344262,19,5,14
360470477001024,Brooklyn,40.718646,-73.94153411160713,16,3,11
360470477002000,Brooklyn,40.7182605,-73.9406142749667,8,0,0
360470477002001,Brooklyn,40.7179615,-73.94215021379298,20,12,19
360470477002002,Brooklyn,40.71722,-73.94237042172392,50,24,40
360470477002003,Brooklyn,40.717394,-73.94088283639067,30,18,21
360470477002004,Brooklyn,40.716640999999996,-73.94104499322808,22,9,14
360470477002005,Brooklyn,40.716491500000004,-73.94248876262861,2,0,0
360470477002006,Brooklyn,40.715773999999996,-73.94250308173153,99,0,45
360470477002007,Brooklyn,40.7159955,-73.94107656174506,18,11,9
360470477002008,Brooklyn,40.715225000000004,-73.94247281925455,6,0,0
360470477002010,Brooklyn,40.715427,-73.94007851350074,66,6,24
360470478001000,Brooklyn,40.634421,-73.97724014424983,90,16,26
360470478001001,Brooklyn,40.632215,-73.97683462973092,164,14,97
360470478001002,Brooklyn,40.63176,-73.97788161341919,3124,33,714
360470478002000,Brooklyn,40.632705,-73.97889696644296,57,6,13
360470478002001,Brooklyn,40.632282000000004,-73.97954503104214,6,6,4
360470478002002,Brooklyn,40.633375,-73.98107841400787,311,11,116
360470478002003,Brooklyn,40.632047,-73.97867219999999,3,2,0
360470478002004,Brooklyn,40.631342499999995,-73.97919167935143,38,10,11
360470478003000,Brooklyn,40.636244999999995,-73.97967310256364,3,0,1
360470478003001,Brooklyn,40.635191,-73.97968434131735,17,11,6
360470478003002,Brooklyn,40.634501,-73.98029425837501,345,8,65
360470478003003,Brooklyn,40.634671,-73.97981431630151,1,1,1
360470478003004,Brooklyn,40.633962499999996,-73.9805403346491,67,34,14
360470478003005,Brooklyn,40.6340125,-73.97829921613172,157,35,65
360470480001000,Brooklyn,40.631514499999994,-73.97403698322816,5,0,3
360470480001001,Brooklyn,40.63189,-73.97424961605384,131,13,99
360470480001002,Brooklyn,40.6309805,-73.97380600093094,523,0,378
360470480001003,Brooklyn,40.6303125,-73.97346076211309,327,5,278
360470480002000,Brooklyn,40.629636500000004,-73.97316150763265,217,170,56
360470480002001,Brooklyn,40.628609,-73.97529676913875,95,75,42
360470480002002,Brooklyn,40.629244,-73.97568331789958,157,0,87
360470480002003,Brooklyn,40.62948,-73.97648021460674,43,10,24
360470480002004,Brooklyn,40.630422499999995,-73.9762847595099,3,3,0
360470480002005,Brooklyn,40.6307925,-73.97650144826224,59,24,26
360470481001000,Brooklyn,40.714892,-73.93710572161919,24,2,18
360470481001001,Brooklyn,40.715014999999994,-73.93940249116133,20,0,3
360470481001002,Brooklyn,40.714136499999995,-73.93623371148867,51,1,31
360470481002000,Brooklyn,40.713269499999996,-73.9363037344338,44,3,16
360470481002001,Brooklyn,40.712974,-73.93800060042736,23,2,8
360470481002002,Brooklyn,40.712577499999995,-73.93975135701668,39,19,10
360470481003000,Brooklyn,40.7142065,-73.93804989445931,26,0,15
360470481003001,Brooklyn,40.714299999999994,-73.94031584290983,56,16,43
360470481003002,Brooklyn,40.713558500000005,-73.93809359623745,6,0,6
360470481003003,Brooklyn,40.7135885,-73.93966005337339,12,10,12
360470481003004,Brooklyn,40.7131055,-73.94075677219641,27,11,11
360470482001000,Brooklyn,40.6336105,-73.96829214398389,7,4,4
360470482001001,Brooklyn,40.633034499999994,-73.96795549901418,25,7,5
360470482001002,Brooklyn,40.632799,-73.96734305630105,1757,9,1064
360470482002000,Brooklyn,40.631975499999996,-73.9700073894596,122,12,83
360470482002001,Brooklyn,40.6312985,-73.96970762946427,587,6,138
360470482002003,Brooklyn,40.631185,-73.97165261147146,3,0,0
360470482003000,Brooklyn,40.6333735,-73.97064736555669,13,4,3
360470482003001,Brooklyn,40.632655,-73.9703186108083,15,3,10
360470482004000,Brooklyn,40.6341555,-73.96850645071157,15,7,3
360470482004001,Brooklyn,40.634401,-73.96893251769912,7,1,0
360470482005000,Brooklyn,40.635872,-73.96852563682334,73,17,20
360470482005001,Brooklyn,40.6355075,-73.96964477910149,25,7,7
360470484001000,Brooklyn,40.635239999999996,-73.97061587928678,33,0,18
360470484001001,Brooklyn,40.63476,-73.97163265297317,107,8,42
360470484001004,Brooklyn,40.6348445,-73.9733441241791,199,7,60
360470484002000,Brooklyn,40.63473499999999,-73.97434428447403,60,4,20
360470484002001,Brooklyn,40.6346335,-73.97527235094809,19,1,1
360470484002002,Brooklyn,40.6345305,-73.97619820321748,83,20,32
360470484003000,Brooklyn,40.633321499999994,-73.97305129818436,14,0,1
360470484003001,Brooklyn,40.632836499999996,-73.97391444094487,86,18,39
360470484003002,Brooklyn,40.6327385,-73.97491119819134,31,1,7
360470484003003,Brooklyn,40.632489,-73.97580616727365,38,26,15
360470485001000,Brooklyn,40.712807999999995,-73.9363471318147,187,0,90
360470485001001,Brooklyn,40.7123765,-73.93659866178227,83,3,33
360470485001002,Brooklyn,40.711968999999996,-73.93611405082692,49,10,15
360470485001003,Brooklyn,40.71151449999999,-73.9348516936773,92,31,42
360470485001004,Brooklyn,40.7108025,-73.93453448932561,40,6,22
360470485001005,Brooklyn,40.7101365,-73.9342373802736,109,3,52
360470485001006,Brooklyn,40.709459499999994,-73.9339346285652,155,40,106
360470485001007,Brooklyn,40.70984849999999,-73.9360768736239,157,1,64
360470485001008,Brooklyn,40.7106945,-73.93588139516129,63,21,12
360470485001009,Brooklyn,40.711059,-73.9365730172546,787,25,194
360470485001010,Brooklyn,40.710852,-73.93894525409749,517,0,453
360470485001011,Brooklyn,40.7096015,-73.93864573057874,126,29,50
360470485001012,Brooklyn,40.70889,-73.93852804906153,396,132,227
360470485001013,Brooklyn,40.709143999999995,-73.93586420002285,214,13,131
360470485001014,Brooklyn,40.7082455,-73.9361782117812,564,51,451
360470485001015,Brooklyn,40.707944,-73.933181701644,5,3,2
360470485001016,Brooklyn,40.70685949999999,-73.93726666258377,80,53,48
360470485001017,Brooklyn,40.70717499999999,-73.93484292346409,36,4,11
360470485001018,Brooklyn,40.706478,-73.93462875231737,37,7,20
360470485001019,Brooklyn,40.7059395,-73.93770396593291,112,21,77
360470485002000,Brooklyn,40.705839999999995,-73.93443406124318,15,15,14
360470485002002,Brooklyn,40.7053465,-73.93703859994704,5,3,1
360470485002003,Brooklyn,40.705039,-73.93864624239512,117,0,98
360470485002004,Brooklyn,40.7047245,-73.93669493127936,37,8,22
360470485002005,Brooklyn,40.705145,-73.9342215745966,89,31,50
360470485002006,Brooklyn,40.704451999999996,-73.93401107001854,2016,1952,76
360470485002007,Brooklyn,40.704291,-73.93583290462428,309,11,227
360470485002008,Brooklyn,40.7033085,-73.9360919010028,385,7,301
360470485002009,Brooklyn,40.703756,-73.9337998789506,108,0,28
360470485002010,Brooklyn,40.7024945,-73.93593488432835,122,18,39
360470485002011,Brooklyn,40.70301,-73.93360503209192,11,0,3
360470486001000,Brooklyn,40.643119999999996,-73.97848632227488,26,3,12
360470486001001,Brooklyn,40.6417905,-73.97865095368047,135,19,40
360470486001002,Brooklyn,40.6392005,-73.97817392014858,93,2,36
360470486002000,Brooklyn,40.636922999999996,-73.97665215777022,60,15,16
360470486002001,Brooklyn,40.636793,-73.97772224755226,183,6,108
360470486003000,Brooklyn,40.641585,-73.97974157073628,98,15,21
360470486003001,Brooklyn,40.638991499999996,-73.97926963351216,391,0,136
360470486003002,Brooklyn,40.636673,-73.97882434351145,36,0,21
360470488001000,Brooklyn,40.6433435,-73.97692438920302,72,20,8
360470488001001,Brooklyn,40.6431085,-73.97782496653835,8,0,2
360470488001002,Brooklyn,40.641701,-73.97755938822628,1,0,0
360470488001003,Brooklyn,40.641804,-73.97663280596801,18,17,6
360470488002000,Brooklyn,40.639413,-73.97617893296274,3,0,0
360470488002001,Brooklyn,40.6393115,-73.97710626057369,197,15,158
360470488003000,Brooklyn,40.6396285,-73.97424555097747,65,16,35
360470488003001,Brooklyn,40.639516,-73.9752522823357,22,3,2
360470489001000,Brooklyn,40.7044145,-73.93997916943292,45,43,41
360470489002000,Brooklyn,40.702946999999995,-73.9380027492424,2,0,0
360470489003000,Brooklyn,40.702094,-73.93918612881222,20,1,9
360470490001000,Brooklyn,40.640268,-73.97158059312318,58,18,28
360470490001001,Brooklyn,40.6398085,-73.97259106666341,22,1,12
360470490001004,Brooklyn,40.6375405,-73.97105907418086,5,0,4
360470490002000,Brooklyn,40.63742,-73.97213821742395,59,23,28
360470490002003,Brooklyn,40.637237999999996,-73.97378576275082,41,12,11
360470490003000,Brooklyn,40.637125499999996,-73.97479743304427,74,1,28
360470490003001,Brooklyn,40.6370235,-73.97572464857004,11,0,0
360470491001000,Brooklyn,40.704238,-73.94693713995215,23,2,15
360470491001001,Brooklyn,40.7048055,-73.9484870752056,2697,173,377
360470491002000,Brooklyn,40.7041935,-73.94181632794958,94,23,41
360470491002001,Brooklyn,40.7034935,-73.94169648080403,45,3,11
360470491002002,Brooklyn,40.7026235,-73.94155297832259,147,9,51
360470491002003,Brooklyn,40.701357,-73.94135519161092,165,26,72
360470491003000,Brooklyn,40.704747,-73.94365040202808,46,31,27
360470491003001,Brooklyn,40.7039235,-73.94351394788434,8,1,2
360470491003002,Brooklyn,40.7033205,-73.94341369055837,28,7,8
360470491003003,Brooklyn,40.702620499999995,-73.94329944959333,818,4,183
360470491003004,Brooklyn,40.70191199999999,-73.94311310860365,65,18,12
360470491003005,Brooklyn,40.701157499999994,-73.942428538874,90,0,40
360470491004000,Brooklyn,40.704643,-73.9453062749516,53,48,6
360470491004001,Brooklyn,40.703759999999996,-73.94516207664884,1,0,1
360470491004002,Brooklyn,40.7028275,-73.94488838330496,339,108,145
360470492001000,Brooklyn,40.64559,-73.97132785741775,290,8,35
360470492001002,Brooklyn,40.644061,-73.97095972384807,4,0,0
360470492001003,Brooklyn,40.642427999999995,-73.97096319677694,4,1,3
360470492002000,Brooklyn,40.6426935,-73.97015881578946,51,3,6
360470492002001,Brooklyn,40.640519999999995,-73.96963172387929,73,0,11
360470492002002,Brooklyn,40.640393,-73.97058336352833,4,3,2
360470492003000,Brooklyn,40.638096,-73.96905868192536,334,3,81
360470492003001,Brooklyn,40.6376485,-73.9700593026237,26,7,11
360470493011001,Brooklyn,40.710659,-73.94289376538107,4,4,1
360470493011004,Brooklyn,40.709348,-73.94097125794906,2,0,0
360470493011005,Brooklyn,40.709194999999994,-73.94265401774891,19,0,4
360470493021000,Brooklyn,40.708667,-73.94085837031835,33,5,15
360470493021001,Brooklyn,40.7085055,-73.94254006467136,55,2,30
360470493021002,Brooklyn,40.707781999999995,-73.94242036016311,79,49,21
360470493022000,Brooklyn,40.708086,-73.93928984712481,38,4,13
360470493022001,Brooklyn,40.707942,-73.94073864108313,81,14,34
360470493022002,Brooklyn,40.7072055,-73.94061724962798,67,0,31
360470493022003,Brooklyn,40.7073345,-73.93920793726484,52,0,32
360470493023000,Brooklyn,40.706591499999995,-73.93927675691243,24,3,15
360470493023002,Brooklyn,40.7056525,-73.94035611460319,36,36,33
360470493024000,Brooklyn,40.707046500000004,-73.94230118132018,73,5,36
360470493024001,Brooklyn,40.706323,-73.9421834203103,35,9,10
360470493024002,Brooklyn,40.705535,-73.94204913314448,66,8,17
360470494001000,Brooklyn,40.64477,-73.97242172218044,13,1,7
360470494001001,Brooklyn,40.644231500000004,-73.97344317762584,27,23,21
360470494002000,Brooklyn,40.642318,-73.97196477287085,57,0,37
360470494002001,Brooklyn,40.6422,-73.97304125692901,363,16,253
360470494003000,Brooklyn,40.642016999999996,-73.97469963977728,23,5,7
360470494003001,Brooklyn,40.6419065,-73.97570559048887,179,3,153
360470494004000,Brooklyn,40.643823,-73.97503422806788,54,35,26
360470494004001,Brooklyn,40.643578,-73.97602135220271,578,6,70
360470495001000,Brooklyn,40.713651,-73.94203452673571,24,4,5
360470495001001,Brooklyn,40.712954999999994,-73.94180278402985,22,22,18
360470495001002,Brooklyn,40.7122495,-73.94156725106534,65,3,7
360470495001003,Brooklyn,40.711495,-73.9413214055336,65,23,30
360470495002000,Brooklyn,40.713519999999995,-73.94336543594116,6,2,5
360470495002001,Brooklyn,40.712812,-73.94324906363924,21,7,13
360470495002002,Brooklyn,40.712089500000005,-73.94313022816962,92,1,22
360470495002003,Brooklyn,40.711534,-73.9430379560425,72,51,53
360470495002004,Brooklyn,40.711157,-73.9428501791553,13,0,3
360470495003000,Brooklyn,40.7133625,-73.9450489514252,58,2,28
360470495003001,Brooklyn,40.712652500000004,-73.94493280641748,294,4,218
360470495003002,Brooklyn,40.7119295,-73.944814,36,9,18
360470495003003,Brooklyn,40.711400999999995,-73.94472643749998,61,7,24
360470495003004,Brooklyn,40.7109995,-73.94466054848274,49,7,41
360470496001000,Brooklyn,40.645174999999995,-73.97528929314541,29,0,21
360470496001001,Brooklyn,40.644906999999996,-73.97627221424926,41,18,18
360470496001002,Brooklyn,40.644673,-73.97717559926349,34,0,7
360470496001003,Brooklyn,40.644437499999995,-73.97807665869965,32,3,9
360470496001004,Brooklyn,40.6441885,-73.97910391159704,7416,56,688
360470496002000,Brooklyn,40.643880499999995,-73.98017518287938,124,0,27
360470496002001,Brooklyn,40.64403299999999,-73.98237444772661,10,6,6
360470496002002,Brooklyn,40.6433415,-73.98209160536166,5,0,0
360470496003000,Brooklyn,40.642790500000004,-73.98111140574866,79,2,24
360470496003001,Brooklyn,40.642292499999996,-73.98217338667284,11,2,4
360470496003002,Brooklyn,40.6418115,-73.9832432590438,97,2,22
360470496003003,Brooklyn,40.6428745,-73.98383306485849,28,1,8
360470496003004,Brooklyn,40.643494,-73.98427953629033,6,4,4
360470497001000,Brooklyn,40.718543999999994,-73.94385190047394,17,0,2
360470497001001,Brooklyn,40.71869649999999,-73.94437478140523,1,1,0
360470497001002,Brooklyn,40.718229,-73.94584602300148,74,1,26
360470497001003,Brooklyn,40.718469999999996,-73.94665974565217,13,0,6
360470497001004,Brooklyn,40.717791500000004,-73.94406780641748,37,13,11
360470497001005,Brooklyn,40.717631999999995,-73.94575072425951,92,4,54
360470497002000,Brooklyn,40.717081,-73.94395217915635,146,92,108
360470497002001,Brooklyn,40.7163725,-73.94383472767487,29,3,18
360470497002002,Brooklyn,40.715663,-73.94371675815167,47,2,25
360470497002003,Brooklyn,40.715022,-73.94360467835466,137,9,38
360470497002004,Brooklyn,40.714243499999995,-73.94348174849797,54,1,12
360470497002005,Brooklyn,40.7143495,-73.94225956195712,56,5,37
360470497003000,Brooklyn,40.71692349999999,-73.94563359488308,31,8,12
360470497003001,Brooklyn,40.716212999999996,-73.94551690264979,38,6,15
360470497003002,Brooklyn,40.7155035,-73.94540083809548,23,5,9
360470497003003,Brooklyn,40.7147995,-73.94528600707795,50,4,17
360470497003004,Brooklyn,40.714084,-73.94516782679777,49,4,18
360470498001000,Brooklyn,40.646384999999995,-73.97844646567408,29,16,17
360470498001001,Brooklyn,40.64626799999999,-73.9794976310438,39,12,8
360470498001002,Brooklyn,40.646124,-73.98059908021023,395,52,205
360470498001003,Brooklyn,40.646711499999995,-73.98170266459977,15,0,3
360470498001004,Brooklyn,40.646435999999994,-73.98246302720588,5,4,3
360470498002000,Brooklyn,40.645418,-73.98294048102713,15,10,8
360470498002001,Brooklyn,40.645856499999994,-73.98394732938722,34,3,27
360470498002002,Brooklyn,40.644718999999995,-73.98266289053552,10,0,5
360470498003000,Brooklyn,40.644823,-73.9865930874549,89,6,32
360470498003001,Brooklyn,40.644245999999995,-73.98596035236764,70,1,23
360470498003002,Brooklyn,40.643693,-73.98534839353775,24,2,7
360470499001000,Brooklyn,40.722573499999996,-73.94586054060417,23,0,15
360470499001003,Brooklyn,40.721809,-73.94756488949842,11,4,3
360470499001004,Brooklyn,40.7219595,-73.94851573868345,21,14,8
360470499001005,Brooklyn,40.7219505,-73.94546909422866,6,0,5
360470499001007,Brooklyn,40.7218615,-73.94666473594768,8,0,1
360470499002000,Brooklyn,40.721193,-73.94508677915476,6,1,4
360470499002001,Brooklyn,40.7210575,-73.94637273503649,1,1,1
360470499002002,Brooklyn,40.7207535,-73.94575298333334,19,0,13
360470499002003,Brooklyn,40.721084,-73.94730727224085,6,4,4
360470499002005,Brooklyn,40.720242999999996,-73.94819554967043,47,0,36
360470499002006,Brooklyn,40.720473999999996,-73.94664773846154,15,8,5
360470499002007,Brooklyn,40.71952399999999,-73.94632296494103,19,3,11
360470499002009,Brooklyn,40.718994499999994,-73.94766989819105,248,89,200
360470500011000,Brooklyn,40.649209,-73.97898281881132,321,0,287
360470500011001,Brooklyn,40.6488235,-73.97998118247922,20,6,7
360470500011003,Brooklyn,40.6478245,-73.97871997950858,1,0,0
360470500012001,Brooklyn,40.649886499999994,-73.97722165540146,44,21,21
360470500012002,Brooklyn,40.649552,-73.9781007752778,22,0,5
360470500012003,Brooklyn,40.648049,-73.9778155785616,11,0,3
360470500012004,Brooklyn,40.64827,-73.97691065728654,36,15,29
360470500012005,Brooklyn,40.648341,-73.97590453338069,22,3,13
360470500021000,Brooklyn,40.646696,-73.97556658247879,454,56,79
360470500021001,Brooklyn,40.646586,-73.97659156768219,38,12,30
360470500021002,Brooklyn,40.646484,-73.97751893231779,1,0,1
360470501001001,Brooklyn,40.717628500000004,-73.94726518159379,39,3,20
360470501001002,Brooklyn,40.716767000000004,-73.94730015950466,15,3,12
360470501001003,Brooklyn,40.716055,-73.94718538000285,426,2,94
360470501001004,Brooklyn,40.71534199999999,-73.94706892837378,143,0,110
360470501002000,Brooklyn,40.714642999999995,-73.94695198545485,11,6,4
360470501002001,Brooklyn,40.714485499999995,-73.94860096354826,31,17,19
360470501002002,Brooklyn,40.715188999999995,-73.94871666995567,30,1,10
360470501003008,Brooklyn,40.716651,-73.9488089217877,35,4,16
360470501003009,Brooklyn,40.715785,-73.95020245600773,49,6,20
360470501003010,Brooklyn,40.7158975,-73.94883219642857,16,6,6
360470501003017,Brooklyn,40.7148885,-73.95062957752378,97,3,39
360470501003018,Brooklyn,40.7143025,-73.95053611709204,229,8,59
360470502021000,Brooklyn,40.654591999999994,-73.97484588453261,15,8,8
360470502021001,Brooklyn,40.653707499999996,-73.97463721066661,28,12,14
360470502022000,Brooklyn,40.653042,-73.97348680127222,22,22,16
360470502022001,Brooklyn,40.652614,-73.9745676309795,18,6,13
360470502022002,Brooklyn,40.652259,-73.97547923132976,36,16,18
360470502022003,Brooklyn,40.6526535,-73.97659136523436,44,7,20
360470502022004,Brooklyn,40.6537905,-73.97683713605427,2,0,2
360470503001000,Brooklyn,40.713927,-73.94683396563494,15,5,5
360470503001001,Brooklyn,40.713201999999995,-73.94671537417366,6,0,3
360470503001002,Brooklyn,40.712494,-73.94659969464033,2,1,0
360470503001003,Brooklyn,40.711771,-73.946481,128,22,49
360470503002000,Brooklyn,40.7112565,-73.94639516923701,70,7,9
360470503002001,Brooklyn,40.711099000000004,-73.947974704773,54,0,5
360470503002002,Brooklyn,40.710874000000004,-73.94753491201115,9,0,2
360470503002003,Brooklyn,40.710843,-73.94632206145252,35,0,32
360470503002004,Brooklyn,40.710162999999994,-73.94787532043603,44,15,21
360470503003000,Brooklyn,40.713772,-73.94848377349905,81,8,30
360470503003001,Brooklyn,40.713044999999994,-73.94836372579891,13,6,7
360470503003002,Brooklyn,40.7123365,-73.9482482736054,74,0,29
360470503003003,Brooklyn,40.711614,-73.94812927064406,28,0,8
360470504011000,Brooklyn,40.651753,-73.97318895130144,16,7,9
360470504011001,Brooklyn,40.6512475,-73.97431611197081,3,0,2
360470504011002,Brooklyn,40.65091699999999,-73.97522198762098,59,19,48
360470504012002,Brooklyn,40.649628,-73.97423452176781,31,8,22
360470504012003,Brooklyn,40.648559,-73.97407758839779,28,18,17
360470504012005,Brooklyn,40.64817599999999,-73.9739228770338,6,1,0
360470504012006,Brooklyn,40.6481685,-73.97303708900662,4,1,1
360470504012007,Brooklyn,40.6491525,-73.97239133227487,131,0,107
360470504012008,Brooklyn,40.6483735,-73.97201150071477,17,0,8
360470504021000,Brooklyn,40.646122,-73.97381783170643,53,8,24
360470504022000,Brooklyn,40.647655,-73.97206759755562,9,0,0
360470504022001,Brooklyn,40.6473465,-73.97307445572487,4,1,0
360470504022002,Brooklyn,40.64639699999999,-73.97264857125467,129,40,63
360470504022003,Brooklyn,40.646744999999996,-73.97160900564549,80,0,40
360470505001001,Brooklyn,40.7103365,-73.9462322363606,9,0,6
360470505001003,Brooklyn,40.70941,-73.94439903212951,243,0,207
360470505001004,Brooklyn,40.7088805,-73.94598993518781,1,0,1
360470505002000,Brooklyn,40.708348,-73.94422343497652,94,25,24
360470505002001,Brooklyn,40.7081885,-73.94588463764043,12,5,7
360470505002002,Brooklyn,40.7074615,-73.94577392510692,61,0,48
360470505002003,Brooklyn,40.707623,-73.94410768311262,92,9,41
360470505003000,Brooklyn,40.706883,-73.94399744125047,9,3,5
360470505003001,Brooklyn,40.70609,-73.94554930863539,141,4,120
360470505003002,Brooklyn,40.7061645,-73.94388475136171,52,3,30
360470505003003,Brooklyn,40.7054605,-73.94376810662288,80,6,52
360470506001000,Brooklyn,40.6504175,-73.96309906346899,8,0,2
360470506001001,Brooklyn,40.6504105,-73.96375020910953,63,14,10
360470506001002,Brooklyn,40.650296499999996,-73.96271008577435,30,0,6
360470506002000,Brooklyn,40.649863499999995,-73.96462547069987,56,11,12
360470506002001,Brooklyn,40.64950949999999,-73.96552362808437,19,0,4
360470506002002,Brooklyn,40.649162,-73.96640547501516,180,0,157
360470506003000,Brooklyn,40.648814,-73.96728717889505,92,0,61
360470506003001,Brooklyn,40.648466,-73.9681692177358,26,5,5
360470506004000,Brooklyn,40.6481165,-73.96904972647485,484,12,60
360470506004001,Brooklyn,40.647744,-73.96999870510948,55,8,20
360470506004002,Brooklyn,40.647109,-73.97074066632705,331,0,260
360470507001000,Brooklyn,40.703279499999994,-73.94691794937285,38,19,14
360470507001001,Brooklyn,40.7024715,-73.948143536666,23,5,1
360470507001002,Brooklyn,40.70249,-73.94622053723404,30,13,2
360470507001004,Brooklyn,40.7012505,-73.95052999873224,36,7,20
360470507001006,Brooklyn,40.700811,-73.94920780330938,29,0,25
360470507001007,Brooklyn,40.701907,-73.94751166531091,44,3,11
360470507001008,Brooklyn,40.701342,-73.94688063140218,22,6,1
360470507001009,Brooklyn,40.7019375,-73.94558679635259,5710,1725,1831
360470507001010,Brooklyn,40.7017585,-73.94473568711932,27,2,0
360470507001011,Brooklyn,40.7012575,-73.94403743231166,147,4,40
360470507001012,Brooklyn,40.701157499999994,-73.94305123265073,154,4,43
360470507001013,Brooklyn,40.700818,-73.94506413013698,14,0,2
360470507001014,Brooklyn,40.7007775,-73.94624067988077,27,14,9
360470507001015,Brooklyn,40.7002935,-73.94751692958515,7,0,1
360470507001016,Brooklyn,40.7002585,-73.94855797240989,60,0,53
360470508011000,Brooklyn,40.651256,-73.96206799186344,8,0,0
360470508011001,Brooklyn,40.6503915,-73.96178015186709,31,0,6
360470508012000,Brooklyn,40.6516785,-73.95964737441415,156,7,37
360470508012001,Brooklyn,40.651574999999994,-73.96076779037068,68,24,23
360470508031000,Brooklyn,40.654855,-73.96079824829145,205,11,75
360470508031001,Brooklyn,40.654016,-73.9601179823496,41,4,3
360470508031002,Brooklyn,40.6535315,-73.96113461717516,27,5,14
360470508041000,Brooklyn,40.654033,-73.96295143002844,19,8,6
360470508041001,Brooklyn,40.653226,-73.96501204726022,28,22,20
360470508042000,Brooklyn,40.653217999999995,-73.96269824023537,10,10,5
360470508042001,Brooklyn,40.6528815,-73.96420936206896,6,5,1
360470508043000,Brooklyn,40.6525175,-73.96196009657525,15,13,6
360470508043001,Brooklyn,40.6520775,-73.96289528551635,2,2,1
360470508043002,Brooklyn,40.651636999999994,-73.96411888820799,13,13,6
360470509001000,Brooklyn,40.704781499999996,-73.95002372389666,6,0,3
360470509001001,Brooklyn,40.7050085,-73.9505943464455,33,3,15
360470509001002,Brooklyn,40.7041985,-73.95047302150809,38,33,26
360470509001003,Brooklyn,40.7040195,-73.94986110501011,145,82,113
360470509001004,Brooklyn,40.70373549999999,-73.9491969306718,34,9,7
360470509001006,Brooklyn,40.7037895,-73.94765246280463,13,0,3
360470509002001,Brooklyn,40.702951999999996,-73.95191086448219,62,37,10
360470509002002,Brooklyn,40.702310499999996,-73.95140057253651,70,55,13
360470509002003,Brooklyn,40.701868999999995,-73.9500468847124,17,15,8
360470509002004,Brooklyn,40.702074499999995,-73.95063878370269,134,116,11
360470510011000,Brooklyn,40.6464565,-73.96093221317167,11,7,7
360470510012000,Brooklyn,40.646938,-73.95873792852333,125,3,25
360470510012001,Brooklyn,40.6466865,-73.95983487033982,11,9,2
360470510012002,Brooklyn,40.645382,-73.95958618569472,48,6,26
360470510012003,Brooklyn,40.645715499999994,-73.95859143612077,98,3,15
360470510021000,Brooklyn,40.64891,-73.95903657444052,122,0,13
360470510021001,Brooklyn,40.648900499999996,-73.96025446850123,42,16,4
360470510022000,Brooklyn,40.649041999999994,-73.96190535152923,65,5,19
360470510023000,Brooklyn,40.6478775,-73.96120350825214,15,12,11
360470511001001,Brooklyn,40.7062835,-73.94922831528046,136,54,61
360470511001002,Brooklyn,40.705547499999994,-73.94869586627013,1,0,0
360470511002000,Brooklyn,40.708029499999995,-73.94753488857677,33,24,28
360470511002001,Brooklyn,40.707851500000004,-73.94947613259521,14,10,6
360470511002002,Brooklyn,40.7071215,-73.9493597124343,117,16,62
360470511002003,Brooklyn,40.707304,-73.94741818315191,16,3,3
360470511003000,Brooklyn,40.7094515,-73.94775457674089,21,7,10
360470511003001,Brooklyn,40.709328,-73.94972131901409,1,1,0
360470511003002,Brooklyn,40.70855399999999,-73.94959152330284,1,0,1
360470511003003,Brooklyn,40.708740500000005,-73.94764338782144,13,9,4
360470512001000,Brooklyn,40.6477055,-73.96330607207392,17,7,7
360470512001001,Brooklyn,40.647777999999995,-73.96428181724866,350,215,166
360470512001002,Brooklyn,40.647758499999995,-73.96227410043167,15,6,7
360470512002000,Brooklyn,40.645866,-73.96191543352842,10,9,5
360470512003000,Brooklyn,40.645760499999994,-73.96286741220734,6,6,1
360470512004000,Brooklyn,40.6454405,-73.96392217349498,17,7,12
360470513001000,Brooklyn,40.7135595,-73.95041658637581,174,22,101
360470513001001,Brooklyn,40.712858999999995,-73.95029884528205,46,10,19
360470513001002,Brooklyn,40.7121515,-73.95018427093322,45,6,40
360470513001003,Brooklyn,40.71143,-73.9500640051501,154,6,27
360470513002000,Brooklyn,40.710881,-73.95007516666666,76,0,16
360470513002001,Brooklyn,40.710657999999995,-73.94945929247106,103,63,84
360470513002002,Brooklyn,40.709858,-73.94980514206263,46,33,33
360470513003000,Brooklyn,40.713460999999995,-73.95255071284643,171,8,70
360470513003001,Brooklyn,40.712609,-73.95309774050801,9,3,9
360470513003002,Brooklyn,40.711949000000004,-73.95351358803768,22,9,18
360470513003003,Brooklyn,40.712903999999995,-73.9518094021357,37,7,14
360470513003004,Brooklyn,40.712227999999996,-73.95197168099733,116,4,74
360470513003005,Brooklyn,40.7115355,-73.95213220457875,124,11,72
360470513003006,Brooklyn,40.711163,-73.95283778171641,14,8,5
360470513003007,Brooklyn,40.711372,-73.95388212949277,7,1,3
360470513003008,Brooklyn,40.710548,-73.9521985614035,8,0,2
360470513003009,Brooklyn,40.7104515,-73.95146705864009,11,0,6
360470513003010,Brooklyn,40.709853499999994,-73.95160288215345,38,4,10
360470513004008,Brooklyn,40.710293,-73.95556907944732,9,0,0
360470513004010,Brooklyn,40.711104,-73.95441423595506,9,4,7
360470513004011,Brooklyn,40.710429,-73.95402562804878,5,5,2
360470513004012,Brooklyn,40.7103,-73.95291244494672,52,2,16
360470514001000,Brooklyn,40.6437215,-73.96150882721061,5,4,3
360470514001001,Brooklyn,40.643468,-73.96243559984674,39,11,9
360470514001002,Brooklyn,40.6432115,-73.96336950864776,42,13,15
360470514002000,Brooklyn,40.6412705,-73.96201764392487,25,6,6
360470514002001,Brooklyn,40.6408555,-73.96292017038068,46,2,5
360470514003000,Brooklyn,40.6421485,-73.96011694643461,31,26,10
360470514003001,Brooklyn,40.641682,-73.9611235012263,13,5,9
360470514004000,Brooklyn,40.6443595,-73.95840635092127,23,0,1
360470514004001,Brooklyn,40.6443125,-73.95938430357077,6,4,0
360470514004002,Brooklyn,40.6440275,-73.96047113105939,12,0,3
360470515001000,Brooklyn,40.721735499999994,-73.94915881991186,5,2,2
360470515001001,Brooklyn,40.72023,-73.94954727410979,85,0,76
360470515001004,Brooklyn,40.718908,-73.94914009921354,119,3,67
360470515001005,Brooklyn,40.718672,-73.94952502070174,125,0,104
360470515001006,Brooklyn,40.7185485,-73.9512335822312,50,15,33
360470515001007,Brooklyn,40.7178375,-73.9511164167877,374,332,268
360470515001008,Brooklyn,40.718082499999994,-73.94919290549653,86,7,36
360470515001009,Brooklyn,40.71816,-73.9481104748563,4,0,1
360470515001010,Brooklyn,40.7172405,-73.95101678170579,176,24,116
360470515001011,Brooklyn,40.717279,-73.94958121384929,16,0,5
360470515001012,Brooklyn,40.7163335,-73.95134421676096,99,16,65
360470516011000,Brooklyn,40.6387685,-73.95833785919578,6,0,2
360470516011001,Brooklyn,40.637474499999996,-73.95809067505321,21,1,14
360470516012000,Brooklyn,40.6392055,-73.95741970713054,7,7,5
360470516012001,Brooklyn,40.6378945,-73.95716962469157,5,2,3
360470516012002,Brooklyn,40.637133500000004,-73.95710784866827,1,1,0
360470516013000,Brooklyn,40.6400275,-73.95565882154509,35,4,5
360470516013002,Brooklyn,40.6379965,-73.95623986779506,8,0,6
360470516013003,Brooklyn,40.6386865,-73.95553168991415,9,0,3
360470516013004,Brooklyn,40.638420999999994,-73.9553453362756,1,0,0
360470516021000,Brooklyn,40.642630999999994,-73.95906722853331,3,3,0
360470516021001,Brooklyn,40.640615999999994,-73.9586887052304,266,266,20
360470516022000,Brooklyn,40.6432305,-73.95819680084311,65,0,17
360470516022001,Brooklyn,40.641256,-73.95732996518916,280,4,94
360470517001000,Brooklyn,40.721153,-73.95285694371645,12,0,10
360470517001001,Brooklyn,40.71992349999999,-73.95440834371107,167,139,131
360470517001002,Brooklyn,40.7193695,-73.95500100453478,59,9,26
360470517001003,Brooklyn,40.7188175,-73.95559547962458,244,48,131
360470517001004,Brooklyn,40.718264,-73.95619051843362,51,11,28
360470517002000,Brooklyn,40.72220299999999,-73.95406883561526,138,1,116
360470517002001,Brooklyn,40.7207235,-73.95569227766656,126,11,64
360470517002002,Brooklyn,40.72017099999999,-73.95628679170167,71,6,37
360470517002003,Brooklyn,40.7196165,-73.95688072148741,72,6,56
360470517002004,Brooklyn,40.719065,-73.95747574896913,134,51,86
360470518001001,Brooklyn,40.638271,-73.9593824318791,2,2,0
360470518001002,Brooklyn,40.636775,-73.95909900314737,74,56,20
360470518002000,Brooklyn,40.6396505,-73.96073835527625,5,1,1
360470518002001,Brooklyn,40.639229,-73.96162981919159,2,0,1
360470518002003,Brooklyn,40.637789999999995,-73.96038602161359,9,9,9
360470518002004,Brooklyn,40.636419,-73.96012647157457,36,0,19
360470518002005,Brooklyn,40.635864,-73.96099567475727,36,0,6
360470518003000,Brooklyn,40.638801,-73.96253104844365,2,2,2
360470518003001,Brooklyn,40.636940499999994,-73.9621810288629,33,0,11
360470518003002,Brooklyn,40.6354295,-73.96189447418777,120,2,36
360470519001000,Brooklyn,40.719007999999995,-73.95305930357142,87,3,30
360470519001002,Brooklyn,40.7176465,-73.95259743060657,116,27,73
360470519001003,Brooklyn,40.718577999999994,-73.95372895521541,66,4,10
360470519001004,Brooklyn,40.718025499999996,-73.95432435376755,45,5,17
360470519001005,Brooklyn,40.717473,-73.95491826691233,101,12,62
360470519001006,Brooklyn,40.717220999999995,-73.95295367281037,16,14,13
360470519001007,Brooklyn,40.7166895,-73.95364083853127,60,4,51
360470519001008,Brooklyn,40.7169185,-73.95551282441949,18,4,8
360470519001009,Brooklyn,40.7161195,-73.95422864469126,35,9,18
360470519001010,Brooklyn,40.715346,-73.95298715456843,105,26,80
360470519001011,Brooklyn,40.715975,-73.95259195019585,34,7,12
360470519002000,Brooklyn,40.7163675,-73.95610876667118,59,28,45
360470519002001,Brooklyn,40.7158145,-73.95670272726903,332,313,318
360470519002002,Brooklyn,40.715258999999996,-73.95729472987844,60,0,54
360470519002003,Brooklyn,40.714484,-73.95604631536798,140,5,76
360470519002004,Brooklyn,40.715012,-73.95541420789536,130,8,106
360470519002006,Brooklyn,40.714808,-73.9536071244496,292,29,238
360470519002007,Brooklyn,40.714603,-73.95438896336206,41,2,16
360470519003000,Brooklyn,40.7137355,-73.95537315547747,230,16,142
360470519003001,Brooklyn,40.7136785,-73.95670272294373,49,19,31
360470519003002,Brooklyn,40.714174,-73.95831516375372,74,26,41
360470519003003,Brooklyn,40.715098999999995,-73.95814724525043,105,6,45
360470519003005,Brooklyn,40.7128355,-73.9559247267575,97,1,31
360470519003006,Brooklyn,40.7133525,-73.95737201610491,129,9,69
360470519003007,Brooklyn,40.71383,-73.95890698879288,119,27,53
360470520001001,Brooklyn,40.640328499999995,-73.96404971537424,24,0,2
360470520001002,Brooklyn,40.640043,-73.96467890060592,66,0,14
360470520001003,Brooklyn,40.63960899999999,-73.96530784816656,38,2,13
360470520001004,Brooklyn,40.63960899999999,-73.96578121641933,23,4,7
360470520001005,Brooklyn,40.637668500000004,-73.96494531996447,1,0,0
360470520002000,Brooklyn,40.638478,-73.96317361113734,3,1,3
360470520002002,Brooklyn,40.6379745,-73.96428501803584,5,0,5
360470520002003,Brooklyn,40.6360835,-73.96369090532102,46,2,9
360470520002006,Brooklyn,40.6366555,-73.96279218187635,1,1,0
360470520002007,Brooklyn,40.6350445,-73.96254637998014,33,12,14
360470520002008,Brooklyn,40.6349685,-73.96301405193302,36,20,18
360470520002009,Brooklyn,40.634891499999995,-73.963470370186,51,0,28
360470520002010,Brooklyn,40.6345835,-73.96387927362005,3975,0,551
360470520003000,Brooklyn,40.6359175,-73.96484080948281,86,1,20
360470520003001,Brooklyn,40.6341725,-73.96451230680893,37,2,17
360470523001000,Brooklyn,40.7122525,-73.95630595918064,103,20,58
360470523001001,Brooklyn,40.7116805,-73.95666584894366,68,14,18
360470523001002,Brooklyn,40.7109885,-73.95709943537835,32,10,6
360470523001003,Brooklyn,40.710681,-73.95780599999999,26,7,8
360470523002000,Brooklyn,40.7115165,-73.9585338202007,65,19,35
360470523002001,Brooklyn,40.7108255,-73.95897260169338,92,31,52
360470523003000,Brooklyn,40.712067499999996,-73.96004664987827,39,1,13
360470523003001,Brooklyn,40.7113865,-73.96047721345013,79,4,28
360470523003003,Brooklyn,40.710887,-73.96119485055526,60,5,21
360470523004000,Brooklyn,40.713325499999996,-73.95925026458127,113,51,62
360470523004001,Brooklyn,40.712755,-73.9596130542388,19,0,17
360470523005000,Brooklyn,40.7127765,-73.95773796443954,149,5,24
360470523005001,Brooklyn,40.7122025,-73.95810001831748,66,27,27
360470525001000,Brooklyn,40.710036,-73.95734520499022,3,3,0
360470525001001,Brooklyn,40.709655,-73.95795872988816,12,8,5
360470525001004,Brooklyn,40.708991499999996,-73.95837159898372,246,88,103
360470525001005,Brooklyn,40.708664999999996,-73.95898874891145,451,85,307
360470525001006,Brooklyn,40.70863,-73.96017586589134,191,65,93
360470525001007,Brooklyn,40.7095025,-73.9617213655536,646,626,209
360470525001008,Brooklyn,40.7098985,-73.961608552661,32,22,30
360470525001009,Brooklyn,40.707808,-73.95908476061322,47,41,37
360470525001010,Brooklyn,40.707732,-73.9604929752291,23,0,11
360470525002000,Brooklyn,40.70885199999999,-73.96169918994082,2546,336,583
360470525002001,Brooklyn,40.708021,-73.96186216890756,92,4,15
360470526001000,Brooklyn,40.6394855,-73.96646568842263,119,1,78
360470526001001,Brooklyn,40.6388405,-73.96729018513312,120,0,31
360470526001002,Brooklyn,40.6383165,-73.96809186275655,108,10,49
360470526001003,Brooklyn,40.6360525,-73.9675503825436,18,1,8
360470526002000,Brooklyn,40.636741,-73.96689288533946,4,4,2
360470526002001,Brooklyn,40.635346,-73.966895930839,7,3,1
360470526002002,Brooklyn,40.634654,-73.96674100104778,118,10,49
360470526002003,Brooklyn,40.633427999999995,-73.96644859331477,218,1,188
360470526003000,Brooklyn,40.637325,-73.96605481747375,18,0,9
360470526003001,Brooklyn,40.635070999999996,-73.96562871511762,2,0,0
360470526003002,Brooklyn,40.6337575,-73.965378276619,26,4,11
360470527001000,Brooklyn,40.7090585,-73.95183685113028,23,14,15
360470527001002,Brooklyn,40.7079885,-73.951119385471,21,0,4
360470527002000,Brooklyn,40.708389499999996,-73.95227656660983,68,9,43
360470527002001,Brooklyn,40.707775999999996,-73.95266496890939,80,13,24
360470527003000,Brooklyn,40.7073075,-73.95127763175007,1203,3,1018
360470527003001,Brooklyn,40.70693849999999,-73.95176130187969,97,45,37
360470527003002,Brooklyn,40.707151999999994,-73.95305514962405,898,9,200
360470527003004,Brooklyn,40.706137,-73.95091161375944,121,41,86
360470527003005,Brooklyn,40.705658,-73.95042790702948,3,0,3
360470527004000,Brooklyn,40.707668999999996,-73.95457360161325,57,34,7
360470527004001,Brooklyn,40.708138,-73.95592134031222,24,1,10
360470527004002,Brooklyn,40.7084265,-73.95675795071841,1,0,0
360470527004004,Brooklyn,40.708665499999995,-73.95743219206285,20,0,2
360470527005000,Brooklyn,40.709426,-73.95510713448526,44,29,14
360470527005007,Brooklyn,40.7087875,-73.95551167371747,26,4,12
360470527006000,Brooklyn,40.7089375,-73.95377444122383,12,7,2
360470527006001,Brooklyn,40.7083095,-73.95417007182772,22,7,6
360470527007000,Brooklyn,40.709619,-73.95334299999999,5,4,4
360470527007001,Brooklyn,40.710106499999995,-73.95467758701733,82,0,72
360470528001000,Brooklyn,40.631366,-73.96014141122961,39,30,10
360470528001001,Brooklyn,40.631274499999996,-73.96134431123497,12,6,5
360470528001002,Brooklyn,40.631134,-73.96275562018073,1,0,0
360470528001004,Brooklyn,40.6284005,-73.95957557469373,11,5,4
360470528002000,Brooklyn,40.6310595,-73.96392337029289,1,0,1
360470528002001,Brooklyn,40.630900499999996,-73.96484069426468,11,0,2
360470528002002,Brooklyn,40.630788499999994,-73.96584098234655,139,25,55
360470529001000,Brooklyn,40.705228,-73.95138712941446,81,14,23
360470529001001,Brooklyn,40.7040825,-73.95317106166101,337,0,256
360470529001002,Brooklyn,40.7046475,-73.95380202219862,75,4,25
360470529002000,Brooklyn,40.70572849999999,-73.95212628037832,305,57,130
360470529002001,Brooklyn,40.706234499999994,-73.95285497206214,1188,12,121
360470529002002,Brooklyn,40.706390999999996,-73.95374166722974,203,185,53
360470529002003,Brooklyn,40.705774,-73.95506530305411,84,24,53
360470529002004,Brooklyn,40.705209999999994,-73.95443384553104,56,4,3
360470529003000,Brooklyn,40.70724,-73.95508729721107,168,74,82
360470529003001,Brooklyn,40.707463000000004,-73.9563378523316,133,21,38
360470529003002,Brooklyn,40.7080945,-73.95711003829787,45,45,41
360470529003004,Brooklyn,40.7067105,-73.95663189245158,130,0,114
360470529003005,Brooklyn,40.706337999999995,-73.95569997454476,84,11,28
360470529003008,Brooklyn,40.707464,-73.95810345143414,100,69,35
360470530001000,Brooklyn,40.6294075,-73.9626640826867,2,0,0
360470530001001,Brooklyn,40.62825049999999,-73.96244551378614,81,0,46
360470530001002,Brooklyn,40.626324,-73.96208269065207,42,25,19
360470530002000,Brooklyn,40.629372,-73.96360279042082,4,4,2
360470530002001,Brooklyn,40.628091999999995,-73.9633623746615,13,9,7
360470530002002,Brooklyn,40.626222999999996,-73.96300991204072,233,69,95
360470530003000,Brooklyn,40.629266,-73.96503804298848,81,6,64
360470530003001,Brooklyn,40.628011,-73.9648031598457,21,8,5
360470530003002,Brooklyn,40.62601599999999,-73.96489971515277,165,54,79
360470530003003,Brooklyn,40.626121999999995,-73.96393728170781,124,29,59
360470531011000,Brooklyn,40.700407999999996,-73.95583523944191,2458,16,731
360470531011001,Brooklyn,40.700293,-73.95459678357817,597,4,369
360470531012000,Brooklyn,40.7023715,-73.95431174806708,21,17,3
360470531012001,Brooklyn,40.700991,-73.95644527062228,37,18,11
360470531012002,Brooklyn,40.701716499999996,-73.9538208645749,120,8,99
360470531021000,Brooklyn,40.7000115,-73.95200494939628,119,87,14
360470531021001,Brooklyn,40.6995595,-73.95619599807195,254,53,92
360470531021002,Brooklyn,40.699350499999994,-73.9552074789541,249,51,90
360470531022000,Brooklyn,40.701151499999995,-73.95318953034868,29,20,6
360470531022001,Brooklyn,40.700607,-73.95250408620689,130,121,19
360470531022002,Brooklyn,40.7006835,-73.95132308571428,8,0,0
360470532001000,Brooklyn,40.629742,-73.9608171681845,26,1,19
360470532001001,Brooklyn,40.629617499999995,-73.96175897060124,41,5,21
360470532001003,Brooklyn,40.6283465,-73.96054849900398,20,15,15
360470532001005,Brooklyn,40.626452,-73.96091604718191,25,11,13
360470532001006,Brooklyn,40.626403499999995,-73.96137973379842,23,0,6
360470532002000,Brooklyn,40.626636,-73.95924758034386,2,0,1
360470532002001,Brooklyn,40.6265315,-73.96021082952313,227,3,116
360470532002002,Brooklyn,40.6241415,-73.95975619328696,1,0,1
360470532002003,Brooklyn,40.624247,-73.95879382691503,17,7,3
360470532002004,Brooklyn,40.6240655,-73.96044045166924,4,0,0
360470532002005,Brooklyn,40.624015,-73.96090475145223,31,20,13
360470533001000,Brooklyn,40.703411,-73.9557135,49,12,12
360470533001001,Brooklyn,40.702749999999995,-73.95559222685827,1641,886,743
360470533001002,Brooklyn,40.7026975,-73.954920404445,16,7,10
360470533002000,Brooklyn,40.702231499999996,-73.95752465495758,119,22,21
360470533002001,Brooklyn,40.701866499999994,-73.95697859217626,46,20,14
360470533002002,Brooklyn,40.701677,-73.95651520174518,85,3,19
360470533003000,Brooklyn,40.7034965,-73.95862761540315,255,74,73
360470533003001,Brooklyn,40.7028015,-73.95815534358289,132,16,39
360470533004000,Brooklyn,40.70458,-73.95691166707118,69,31,16
360470533004001,Brooklyn,40.703922999999996,-73.95642597655619,66,7,29
360470533005000,Brooklyn,40.7061815,-73.95864021708505,2,0,0
360470533005002,Brooklyn,40.7056015,-73.95853856551116,32,0,4
360470533005003,Brooklyn,40.7053855,-73.95822735685886,114,6,10
360470533005004,Brooklyn,40.7051035,-73.95760893213104,55,31,12
360470533005005,Brooklyn,40.7037785,-73.95918711810467,92,4,10
360470533005008,Brooklyn,40.704519499999996,-73.95958544386909,956,0,78
360470534001000,Brooklyn,40.623935,-73.96162937537541,122,77,47
360470534001001,Brooklyn,40.621544,-73.96117667254785,9,7,6
360470534002000,Brooklyn,40.623833,-73.96255709045272,55,35,20
360470534002001,Brooklyn,40.6214415,-73.962104018882,12,5,3
360470534003000,Brooklyn,40.6242775,-73.96358734329294,54,3,20
360470534003001,Brooklyn,40.6213405,-73.96303100354295,2,0,0
360470534004000,Brooklyn,40.624222,-73.96455914081352,139,39,57
360470534004001,Brooklyn,40.62302699999999,-73.9643331744569,91,21,31
360470534004002,Brooklyn,40.621234,-73.96399419320096,414,151,243
360470535001000,Brooklyn,40.706672499999996,-73.95966584105813,134,28,35
360470535001001,Brooklyn,40.705991999999995,-73.95942707324517,756,31,529
360470535002000,Brooklyn,40.705059,-73.96068329056308,332,25,130
360470535002001,Brooklyn,40.704696,-73.96004383976313,438,7,37
360470535003001,Brooklyn,40.705625,-73.9613112544964,343,175,115
360470535004000,Brooklyn,40.7067305,-73.96071012274774,786,449,290
360470535004002,Brooklyn,40.706738,-73.96256065863018,441,15,103
360470535004003,Brooklyn,40.707255,-73.96358929475767,103,42,24
360470537001003,Brooklyn,40.7021345,-73.96015756235477,144,25,89
360470537001004,Brooklyn,40.7014355,-73.96010636434107,191,167,58
360470537001005,Brooklyn,40.701094999999995,-73.95928353040564,151,24,37
360470537002000,Brooklyn,40.7005285,-73.95866298138424,242,42,85
360470537002001,Brooklyn,40.700182,-73.95810710226094,1334,109,563
360470537002003,Brooklyn,40.6999515,-73.959931618,104,48,22
360470537002004,Brooklyn,40.7000735,-73.96081852658511,120,6,71
360470537002013,Brooklyn,40.6986995,-73.96099830572065,76,7,47
360470537002014,Brooklyn,40.699012999999994,-73.95962195111099,5,0,3
360470537002015,Brooklyn,40.6995405,-73.95928028515625,3,0,1
360470537002016,Brooklyn,40.699043,-73.95797043324251,2,0,2
360470537002017,Brooklyn,40.699451499999995,-73.95735981505449,8,0,2
360470537002018,Brooklyn,40.699195,-73.95849119540227,17,9,1
360470538001000,Brooklyn,40.619688,-73.95586366405828,3236,16,308
360470538001001,Brooklyn,40.619727,-73.95696560560435,152,4,50
360470538002000,Brooklyn,40.6173885,-73.95512828997613,52,1,14
360470538002001,Brooklyn,40.618132,-73.95631807894736,12,2,4
360470538002002,Brooklyn,40.6169395,-73.95643921325103,39,19,22
360470538002003,Brooklyn,40.6173885,-73.95573902487897,29,23,22
360470538003000,Brooklyn,40.620096,-73.95800789513677,6,5,2
360470538003001,Brooklyn,40.6189225,-73.95789277773437,26,14,10
360470538003002,Brooklyn,40.618573999999995,-73.95747671135265,1024,9,109
360470538003003,Brooklyn,40.6168185,-73.95738958308536,111,3,30
360470538003004,Brooklyn,40.617909,-73.95857898899148,30,1,8
360470538003005,Brooklyn,40.616619,-73.95833510783001,2,0,0
360470539001000,Brooklyn,40.70174299999999,-73.96280757800523,8,0,6
360470539001001,Brooklyn,40.702290500000004,-73.96345529587197,20,20,3
360470539001002,Brooklyn,40.702349,-73.96447997058823,2,2,0
360470539001003,Brooklyn,40.701331499999995,-73.96216100725401,439,0,362
360470539002000,Brooklyn,40.7032795,-73.96231078747232,44,8,17
360470542001000,Brooklyn,40.6142375,-73.95979432448343,30,30,17
360470542001001,Brooklyn,40.611628499999995,-73.95929888883225,24,3,10
360470542001002,Brooklyn,40.611529499999996,-73.96022231818105,16,3,8
360470542002000,Brooklyn,40.613929,-73.96261016652194,789,120,180
360470542002001,Brooklyn,40.611324499999995,-73.96211786336693,402,0,59
360470542002002,Brooklyn,40.611428000000004,-73.96114882054795,82,9,46
360470542003000,Brooklyn,40.614134,-73.96071775212171,86,11,33
360470542003001,Brooklyn,40.6140355,-73.96164456229809,34,24,19
360470543001001,Brooklyn,40.704077999999996,-73.97111636248448,111,98,96
360470543001004,Brooklyn,40.700807999999995,-73.96472567325308,520,346,382
360470543001012,Brooklyn,40.699422999999996,-73.97406509165303,388,138,333
360470543001013,Brooklyn,40.698866499999994,-73.97562551839412,1909,194,1157
360470543001036,Brooklyn,40.698328,-73.97013587241233,514,352,362
360470543001037,Brooklyn,40.6982795,-73.96871564333836,67,38,54
360470543001038,Brooklyn,40.698454999999996,-73.97248571228717,54,0,52
360470544001000,Brooklyn,40.6146535,-73.95600571425365,26,5,6
360470544001001,Brooklyn,40.61204599999999,-73.955511310592,41,0,21
360470544002000,Brooklyn,40.61194,-73.95646403809377,34,12,11
360470544002001,Brooklyn,40.611835,-73.95742754510968,61,8,48
360470544002002,Brooklyn,40.611759,-73.95811234697054,4,4,0
360470544002003,Brooklyn,40.6117075,-73.95857542927737,44,9,23
360470544003000,Brooklyn,40.61455049999999,-73.9569587220286,6,0,0
360470544003001,Brooklyn,40.614442999999994,-73.95792117410764,19,13,9
360470544003003,Brooklyn,40.614317,-73.9590744893296,26,13,8
360470545001000,Brooklyn,40.704544999999996,-73.96638595818814,5,0,2
360470545001001,Brooklyn,40.703739999999996,-73.96579437166018,2,0,0
360470545001002,Brooklyn,40.70314,-73.96514924389557,31,3,9
360470545002001,Brooklyn,40.705627,-73.96733639764834,47,25,10
360470545003000,Brooklyn,40.705918499999996,-73.96613088764784,49,3,19
360470545004000,Brooklyn,40.706340999999995,-73.96471511381827,94,1,5
360470545005000,Brooklyn,40.705566499999996,-73.96440798484183,8,8,1
360470545005001,Brooklyn,40.705057,-73.96369007612735,10,1,4
360470545006000,Brooklyn,40.704230499999994,-73.96347308367035,170,39,47
360470546001000,Brooklyn,40.61297449999999,-73.95055928397888,7,0,0
360470546001001,Brooklyn,40.613062,-73.9515226644011,3,3,0
360470546001002,Brooklyn,40.612534999999994,-73.95237227459359,47,6,16
360470546001003,Brooklyn,40.611478500000004,-73.95098561623377,145,0,124
360470546001004,Brooklyn,40.6119755,-73.95013446742584,10,2,3
360470546001005,Brooklyn,40.6120705,-73.95055876417744,8,2,3
360470546002000,Brooklyn,40.612509,-73.95307758243294,5,3,2
360470546002001,Brooklyn,40.612460999999996,-73.95359346982227,15,1,2
360470546002002,Brooklyn,40.6123535,-73.95447639661718,535,8,55
360470546002003,Brooklyn,40.611209,-73.95312786174611,23,2,4
360470546003000,Brooklyn,40.614751999999996,-73.95350426615934,5,0,1
360470546003001,Brooklyn,40.6148685,-73.95405302371765,58,1,27
360470546003002,Brooklyn,40.6147715,-73.95493469261379,63,6,29
360470547001000,Brooklyn,40.7086255,-73.96651948049646,1,0,0
360470547001001,Brooklyn,40.707916999999995,-73.9666554883124,122,22,37
360470547001002,Brooklyn,40.7077745,-73.96519255253878,129,87,57
360470547001003,Brooklyn,40.707345,-73.96668661253877,29,10,12
360470547001004,Brooklyn,40.707224,-73.9678784937972,203,8,125
360470547002000,Brooklyn,40.708275,-73.96345044680851,40,3,12
360470547002001,Brooklyn,40.7084585,-73.96506279822694,10,9,3
360470547003000,Brooklyn,40.709036,-73.96329958077735,53,35,8
360470547003001,Brooklyn,40.70921799999999,-73.96491364989976,1022,963,227
360470547003002,Brooklyn,40.709385499999996,-73.96637336139395,2524,10,548
360470547003003,Brooklyn,40.7087015,-73.96781735054586,91,31,34
360470547003004,Brooklyn,40.708379,-73.96915848864629,102,46,73
360470548001000,Brooklyn,40.6137265,-73.94973742839753,4,2,0
360470548001001,Brooklyn,40.612854,-73.94970478688397,23,3,7
360470548001002,Brooklyn,40.6118965,-73.94939152142976,22,1,7
360470548001003,Brooklyn,40.6103525,-73.94909852448694,5,1,1
360470548002000,Brooklyn,40.6083615,-73.94582814890386,6,1,5
360470548002001,Brooklyn,40.608259,-73.94675521516834,3,0,1
360470548002002,Brooklyn,40.608155999999994,-73.9477,3,0,3
360470548002004,Brooklyn,40.6079465,-73.9496056285536,11,2,1
360470549001000,Brooklyn,40.7097275,-73.96316097036947,8227,6875,2223
360470549001001,Brooklyn,40.710007,-73.96475864414634,475,283,206
360470549001002,Brooklyn,40.710173499999996,-73.96621592830657,158,74,52
360470549001003,Brooklyn,40.7103365,-73.96768359547244,220,25,84
360470549002000,Brooklyn,40.711281,-73.96240014001285,147,25,72
360470549002001,Brooklyn,40.711791500000004,-73.9639497968159,248,190,205
360470549002002,Brooklyn,40.712258,-73.96532107586427,18,6,5
360470549002003,Brooklyn,40.712728,-73.96675622877632,112,33,68
360470549002004,Brooklyn,40.712241999999996,-73.96704077973976,5,0,0
360470549002005,Brooklyn,40.712743,-73.96845646757578,31,0,25
360470549002007,Brooklyn,40.711372,-73.96422207466114,3,3,3
360470549002008,Brooklyn,40.7117685,-73.96557269123656,9,5,7
360470549002013,Brooklyn,40.711372,-73.96879716532257,232,50,183
360470549002014,Brooklyn,40.7112345,-73.96788113750587,77,24,35
360470549002015,Brooklyn,40.711051,-73.9670488347623,66,25,34
360470549002016,Brooklyn,40.71081699999999,-73.96605375980596,88,20,49
360470549002017,Brooklyn,40.711355499999996,-73.96581267731835,9,1,5
360470549002023,Brooklyn,40.71093,-73.9645020449489,68,2,16
360470549002024,Brooklyn,40.7107445,-73.96502085849056,122,61,68
360470549002025,Brooklyn,40.7104195,-73.96303473828921,100,21,45
360470550001001,Brooklyn,40.610029999999995,-73.95190016319515,28,17,14
360470550001002,Brooklyn,40.609787,-73.95285417500108,100,8,64
360470550002000,Brooklyn,40.607845,-73.95053228112286,27,2,8
360470550002001,Brooklyn,40.607743,-73.951460566257,3,3,0
360470550002002,Brooklyn,40.6076345,-73.95244121619714,206,1,59
360470550003000,Brooklyn,40.610801499999994,-73.95337077148437,10,0,9
360470550003001,Brooklyn,40.6104595,-73.9544248885379,70,20,19
360470550003002,Brooklyn,40.6095365,-73.95394289841423,842,44,234
360470550003003,Brooklyn,40.607512,-73.95355673657446,53,22,28
360470551001000,Brooklyn,40.715075999999996,-73.9637916092206,146,0,121
360470551001001,Brooklyn,40.7156315,-73.9654445054106,493,111,335
360470551001002,Brooklyn,40.715785,-73.9670448430258,39,35,38
360470551001004,Brooklyn,40.714107999999996,-73.96613948826254,377,56,269
360470551001005,Brooklyn,40.71489,-73.96578800414773,72,12,51
360470551001006,Brooklyn,40.714372499999996,-73.96417956038339,10,9,7
360470551001007,Brooklyn,40.713655,-73.9645675005157,54,41,40
360470551001008,Brooklyn,40.71297,-73.96493590953136,1,0,1
360470551001009,Brooklyn,40.713392,-73.966459442847,238,91,146
360470551002000,Brooklyn,40.7142015,-73.9610212296748,120,1,21
360470551002001,Brooklyn,40.713307,-73.96112190981012,172,14,73
360470551002002,Brooklyn,40.7126195,-73.96155627165913,333,2,285
360470551003000,Brooklyn,40.714804,-73.96250307910907,145,14,66
360470551003001,Brooklyn,40.7138635,-73.96264050287715,172,6,98
360470551003002,Brooklyn,40.713173999999995,-73.96307622482482,145,11,88
360470551004000,Brooklyn,40.711937,-73.96198556781985,35,6,9
360470551004001,Brooklyn,40.712492499999996,-73.96350695601723,72,9,37
360470552001000,Brooklyn,40.6104905,-73.95521769882625,5432,5,1123
360470552001001,Brooklyn,40.6093085,-73.95499333857678,27,3,5
360470552001002,Brooklyn,40.607395,-73.95462852456494,27,15,14
360470552002000,Brooklyn,40.610276999999996,-73.95615076766656,413,0,50
360470552002001,Brooklyn,40.610022,-73.95708497325214,418,54,279
360470552002002,Brooklyn,40.609056499999994,-73.95591870043583,1534,71,238
360470552002003,Brooklyn,40.60729,-73.95558297632564,66,12,37
360470552003000,Brooklyn,40.6097945,-73.95774087342787,27,0,4
360470552003001,Brooklyn,40.60968149999999,-73.95819196713433,81,11,53
360470552003002,Brooklyn,40.607305,-73.957738353479,317,19,54
360470552003003,Brooklyn,40.6071345,-73.95723178341945,33,4,10
360470552003004,Brooklyn,40.6087985,-73.95685206677439,428,14,77
360470552003005,Brooklyn,40.607186999999996,-73.95654646670768,156,8,119
360470553001000,Brooklyn,40.717712,-73.95678507004709,162,13,50
360470553001001,Brooklyn,40.717155999999996,-73.95737809691855,309,77,183
360470553001002,Brooklyn,40.7166055,-73.95797257076748,230,10,128
360470553001003,Brooklyn,40.7160495,-73.95856805327222,161,7,29
360470553002000,Brooklyn,40.715478499999996,-73.95918478614232,444,10,215
360470553002002,Brooklyn,40.7157565,-73.96095936280972,29,12,15
360470553002003,Brooklyn,40.71544299999999,-73.96138434279963,10,5,6
360470553002004,Brooklyn,40.714999,-73.96180650989527,271,17,100
360470553002005,Brooklyn,40.714347,-73.96035318220092,97,11,27
360470553002006,Brooklyn,40.714607,-73.95967851785716,312,4,201
360470553003000,Brooklyn,40.718512,-73.95807007740325,175,10,54
360470553003001,Brooklyn,40.7179575,-73.95866514758309,193,22,95
360470553003002,Brooklyn,40.717404,-73.95925781,175,14,81
360470553003003,Brooklyn,40.71685049999999,-73.95985235203455,75,3,26
360470553003004,Brooklyn,40.716278,-73.96046673533084,886,170,507
360470554001000,Brooklyn,40.6095245,-73.95889994115898,986,46,685
360470554001001,Brooklyn,40.607091499999996,-73.95844039643771,63,0,12
360470554001002,Brooklyn,40.606864,-73.9593431657377,1530,34,396
360470554002000,Brooklyn,40.6066445,-73.96030005113332,673,37,101
360470554002001,Brooklyn,40.606403,-73.96130982370447,1076,28,73
360470554003000,Brooklyn,40.609292499999995,-73.95980130769178,1508,18,202
360470554003001,Brooklyn,40.6090645,-73.96070189746234,96,15,33
360470554003002,Brooklyn,40.6089245,-73.96138512862996,30,10,21
360470554003003,Brooklyn,40.6089245,-73.96189943480435,149,39,88
360470554003004,Brooklyn,40.60751449999999,-73.96165583284024,30,3,23
360470555001000,Brooklyn,40.720647,-73.96288706485444,90,61,53
360470555001001,Brooklyn,40.719503,-73.9645120339404,562,343,334
360470555001002,Brooklyn,40.719159000000005,-73.96360622265249,32,8,17
360470555001003,Brooklyn,40.719098,-73.96196413483861,153,7,76
360470555001004,Brooklyn,40.7196455,-73.96137310763882,147,9,59
360470555001005,Brooklyn,40.718802,-73.96001923190562,215,10,111
360470555001006,Brooklyn,40.7182485,-73.96061296222031,191,5,113
360470555001007,Brooklyn,40.717693999999995,-73.96120641950533,160,69,95
360470555001008,Brooklyn,40.718521499999994,-73.96257166543535,111,29,69
360470555001009,Brooklyn,40.71796499999999,-73.96318267055179,129,21,63
360470555001010,Brooklyn,40.7179295,-73.96467484406764,138,0,15
360470555001013,Brooklyn,40.717395499999995,-73.96377888265297,93,21,43
360470555001014,Brooklyn,40.716893999999996,-73.96430808027478,123,16,79
360470555001016,Brooklyn,40.716694,-73.96595148736267,308,126,263
360470555001017,Brooklyn,40.716874,-73.96671752641146,31,0,12
360470555001018,Brooklyn,40.71657449999999,-73.96239163270764,323,25,182
360470555001019,Brooklyn,40.717121999999996,-73.96182091600902,240,49,113
360470555001020,Brooklyn,40.716680999999994,-73.96508522674418,120,26,74
360470555001021,Brooklyn,40.715656499999994,-73.96335586467652,46,14,16
360470555001022,Brooklyn,40.716134499999995,-73.96285254882488,188,136,122
360470556001000,Brooklyn,40.604147,-73.95788173870966,8,0,0
360470556001001,Brooklyn,40.6044845,-73.95889286411602,603,17,114
360470556001002,Brooklyn,40.60213,-73.95844659087734,25,5,12
360470556001003,Brooklyn,40.60223,-73.95752018205305,32,1,13
360470556002000,Brooklyn,40.604372,-73.95999556691936,46,7,23
360470556002001,Brooklyn,40.602028,-73.95937430622062,126,8,81
360470556003000,Brooklyn,40.60426699999999,-73.96086803899507,12,2,3
360470556003001,Brooklyn,40.603869,-73.96134019622134,61,48,28
360470556003002,Brooklyn,40.6019935,-73.96119907365684,165,2,137
360470556003004,Brooklyn,40.601882,-73.96013732196653,93,0,77
360470557001000,Brooklyn,40.721346499999996,-73.96245313055705,11,4,9
360470557001001,Brooklyn,40.7201975,-73.9607810467827,156,68,100
360470557001002,Brooklyn,40.719355,-73.95942494283965,188,17,116
360470557002000,Brooklyn,40.7239555,-73.95905362988087,23,0,7
360470557002001,Brooklyn,40.722916,-73.96070298513519,14,2,12
360470557002002,Brooklyn,40.721855500000004,-73.95899573510019,129,0,45
360470557002003,Brooklyn,40.7224095,-73.95840389197565,668,179,495
360470557002004,Brooklyn,40.722961,-73.95780739544209,48,48,45
360470557002005,Brooklyn,40.72351499999999,-73.95721527955254,46,0,16
360470557002006,Brooklyn,40.7226485,-73.95582258134482,160,0,95
360470557002007,Brooklyn,40.7221155,-73.95645163784523,317,16,219
360470557002008,Brooklyn,40.721565,-73.95704656413967,288,12,133
360470557002009,Brooklyn,40.7210135,-73.9576394345631,849,662,722
360470557002010,Brooklyn,40.72046,-73.95823425500916,215,180,146
360470557002011,Brooklyn,40.721303500000005,-73.95959024776894,6,4,3
360470557002012,Brooklyn,40.720749999999995,-73.96018560696876,37,28,22
360470557002013,Brooklyn,40.719907500000005,-73.95883065919503,204,18,116
360470558001000,Brooklyn,40.6050025,-73.95417691014441,13,2,6
360470558001001,Brooklyn,40.602648,-73.95373324551196,1,0,1
360470558001002,Brooklyn,40.602542,-73.95468608099353,49,16,17
360470558002000,Brooklyn,40.604541499999996,-73.9557640752991,94,0,79
360470558002001,Brooklyn,40.6054565,-73.95622473490138,199,0,22
360470558002003,Brooklyn,40.602309500000004,-73.95678289408511,6,0,2
360470558002004,Brooklyn,40.6023625,-73.95631938788082,16,1,5
360470558002005,Brooklyn,40.60243799999999,-73.95564856812018,14,0,4
360470560001000,Brooklyn,40.60545449999999,-73.95008147804563,15,7,6
360470560001001,Brooklyn,40.603098,-73.94963725796563,5,0,1
360470560001002,Brooklyn,40.602996,-73.95056352358465,16,1,1
360470560001003,Brooklyn,40.6028885,-73.95154540036114,63,38,35
360470560002000,Brooklyn,40.6051225,-73.95310657101517,96,6,33
360470560002001,Brooklyn,40.60276399999999,-73.95266206248877,80,11,47
360470560003000,Brooklyn,40.605351999999996,-73.9510085221696,17,8,3
360470560003001,Brooklyn,40.605244,-73.95199005242453,77,1,49
360470561001000,Brooklyn,40.727191,-73.95426270412281,5,2,1
360470561001001,Brooklyn,40.726915999999996,-73.95509902528376,132,3,106
360470561001002,Brooklyn,40.72664399999999,-73.95597436508703,49,28,34
360470561001003,Brooklyn,40.726241,-73.95679258361471,63,9,39
360470561001004,Brooklyn,40.727464,-73.95803419164758,8,0,3
360470561001005,Brooklyn,40.728033999999994,-73.9581266617823,148,100,117
360470561001007,Brooklyn,40.7253105,-73.95955675521375,29,0,9
360470561001008,Brooklyn,40.7265955,-73.95800157994101,84,16,51
360470561002000,Brooklyn,40.7284285,-73.95394449329959,38,6,11
360470561002001,Brooklyn,40.7282325,-73.95583378740368,96,6,44
360470561002002,Brooklyn,40.727442499999995,-73.95627648276391,9,4,7
360470561003000,Brooklyn,40.7277585,-73.95254764616026,102,42,44
360470561003001,Brooklyn,40.727473,-73.95341017164242,196,4,70
360470561003002,Brooklyn,40.726124999999996,-73.95264070728038,86,10,21
360470561003003,Brooklyn,40.7264095,-73.95177926078392,299,7,208
360470561004000,Brooklyn,40.725843999999995,-73.95349420256008,20,2,14
360470561004001,Brooklyn,40.7255675,-73.954329970206,63,3,35
360470561004002,Brooklyn,40.7252905,-73.95517468627892,301,19,192
360470561004003,Brooklyn,40.725015,-73.95604796485901,249,2,199
360470561004004,Brooklyn,40.724667999999994,-73.95662295554035,51,8,24
360470561004005,Brooklyn,40.724255,-73.95693855434595,138,18,107
360470562001000,Brooklyn,40.605869,-73.94630314874297,12,10,8
360470562001001,Brooklyn,40.605767,-73.94724865701622,8,1,3
360470562001002,Brooklyn,40.603410499999995,-73.94680380648254,1,0,0
360470562001003,Brooklyn,40.6035135,-73.9458581699244,2,2,0
360470562002000,Brooklyn,40.6056595,-73.94821088832458,4,0,2
360470562002001,Brooklyn,40.6055565,-73.94915480606417,3,0,1
360470562002002,Brooklyn,40.6032,-73.94871097866108,2,0,0
360470562002003,Brooklyn,40.603303999999994,-73.9477667620387,12,1,1
360470563011000,Brooklyn,40.7344035,-73.95916986733647,5,2,5
360470563011001,Brooklyn,40.7337025,-73.95905967445859,80,48,61
360470563011002,Brooklyn,40.732995,-73.95894338582303,91,74,79
360470563011003,Brooklyn,40.732283499999994,-73.95882669048287,38,10,20
360470563012000,Brooklyn,40.73604,-73.95691220649807,26,23,4
360470563012001,Brooklyn,40.735356499999995,-73.95679904547313,49,11,20
360470563013000,Brooklyn,40.7346465,-73.9566833156637,88,15,36
360470563013001,Brooklyn,40.733937499999996,-73.95656736071933,105,24,81
360470563014000,Brooklyn,40.733228499999996,-73.95645102275572,195,18,60
360470563014001,Brooklyn,40.732519999999994,-73.95633427722771,120,12,29
360470563021000,Brooklyn,40.7331965,-73.96106439441004,18,17,16
360470563021001,Brooklyn,40.732213,-73.96085709413789,64,0,24
360470563022000,Brooklyn,40.73660649999999,-73.95908763928571,333,89,251
360470563022002,Brooklyn,40.7351405,-73.95923803796887,54,51,52
360470563022004,Brooklyn,40.736864499999996,-73.95639296297418,17,9,10
360470564001000,Brooklyn,40.606264499999995,-73.9414896237069,22,2,12
360470564001001,Brooklyn,40.60628749999999,-73.94248874082152,43,14,15
360470564002000,Brooklyn,40.606179,-73.94348722522821,82,16,16
360470564002001,Brooklyn,40.606072,-73.94444881908089,4,2,4
360470564002002,Brooklyn,40.6059725,-73.94537613556447,3,2,2
360470564003000,Brooklyn,40.608368999999996,-73.9438942255899,22,3,5
360470564003001,Brooklyn,40.608464,-73.94490183069121,5,1,1
360470564003002,Brooklyn,40.6088075,-73.94319153774308,32,0,18
360470565001000,Brooklyn,40.7315755,-73.95871003149452,34,1,12
360470565001001,Brooklyn,40.730864999999994,-73.95859335101456,34,4,13
360470565001002,Brooklyn,40.730155999999994,-73.95847611648838,451,285,346
360470565001003,Brooklyn,40.730024,-73.96028771097048,524,173,367
360470565001004,Brooklyn,40.7287345,-73.95824484512991,16,0,4
360470565001005,Brooklyn,40.7294455,-73.95836200371674,176,0,87
360470565001006,Brooklyn,40.728995999999995,-73.95559205706233,164,102,67
360470565002000,Brooklyn,40.73181099999999,-73.95621883820645,47,19,18
360470565002001,Brooklyn,40.731103,-73.95610345268722,360,253,286
360470565003000,Brooklyn,40.73039299999999,-73.95598034647887,173,51,86
360470565003001,Brooklyn,40.729691,-73.95579928329343,178,20,89
360470566001000,Brooklyn,40.604141,-73.9401545237422,45,0,17
360470566001001,Brooklyn,40.604039,-73.94108130334729,2,2,2
360470566001002,Brooklyn,40.603933,-73.94204393196415,69,3,50
360470566001003,Brooklyn,40.60382249999999,-73.9430421034609,75,3,12
360470566002000,Brooklyn,40.60181849999999,-73.93971728392461,1,1,1
360470566002002,Brooklyn,40.601611,-73.94160485210642,99,1,41
360470566002003,Brooklyn,40.601501,-73.94260349999999,95,20,41
360470568001000,Brooklyn,40.602075,-73.93687010798226,82,12,45
360470568001001,Brooklyn,40.6020235,-73.93784469322003,7,0,6
360470568001002,Brooklyn,40.602414499999995,-73.93611570588234,15,0,0
360470568001003,Brooklyn,40.601339499999995,-73.93549478319503,3,0,0
360470568001004,Brooklyn,40.601383999999996,-73.93497482740267,19,0,1
360470568002000,Brooklyn,40.60416049999999,-73.93920633036834,3,2,0
360470568002003,Brooklyn,40.60192049999999,-73.93879002249571,6,2,1
360470569001000,Brooklyn,40.7247665,-73.95084340855855,165,23,47
360470569001001,Brooklyn,40.723155999999996,-73.94992661371899,139,12,56
360470569001002,Brooklyn,40.722832499999996,-73.95076165272883,138,5,55
360470569002000,Brooklyn,40.724624500000004,-73.9517862513465,222,26,99
360470569002001,Brooklyn,40.7241795,-73.95254486098287,131,13,71
360470569002002,Brooklyn,40.723903,-73.9533815,323,96,222
360470569002003,Brooklyn,40.723777,-73.95431309172662,119,49,71
360470569002004,Brooklyn,40.723584,-73.95490569429347,10,7,5
360470569002005,Brooklyn,40.722930500000004,-73.95494042661291,183,3,51
360470569002006,Brooklyn,40.7239345,-73.95101932978724,27,3,11
360470570001000,Brooklyn,40.6003425,-73.9337984474056,31,0,6
360470570001001,Brooklyn,40.598676999999995,-73.93325471860068,10,7,8
360470570001002,Brooklyn,40.599147,-73.93248955669367,9,3,5
360470570002000,Brooklyn,40.5980945,-73.93417391834767,79,0,72
360470570002001,Brooklyn,40.597785,-73.93511087592098,9,8,7
360470570003000,Brooklyn,40.600106499999995,-73.93456258190068,86,5,42
360470570003001,Brooklyn,40.60005149999999,-73.93553287462737,40,0,12
360470570004000,Brooklyn,40.5999365,-73.93647723756452,220,0,182
360470570004001,Brooklyn,40.599830999999995,-73.93743316799778,131,9,45
360470570004002,Brooklyn,40.599727,-73.93837583107916,17,0,3
360470570004003,Brooklyn,40.5996245,-73.93930181886665,7,7,3
360470570004004,Brooklyn,40.5995245,-73.94022728316861,51,19,13
360470570004005,Brooklyn,40.599303,-73.94116513849394,358,8,188
360470570004006,Brooklyn,40.5999965,-73.94257226386233,19,14,14
360470570004007,Brooklyn,40.5990495,-73.94213501115158,159,8,40
360470571001000,Brooklyn,40.726271,-73.94590126714802,23,4,10
360470571001001,Brooklyn,40.726127,-73.94665685722174,13,2,9
360470571001002,Brooklyn,40.725853,-73.94748350745564,111,45,68
360470571002000,Brooklyn,40.724081,-73.94558914285608,113,76,74
360470571002001,Brooklyn,40.723924999999994,-73.94638825536134,95,23,43
360470571003000,Brooklyn,40.72408,-73.94736133061326,40,4,15
360470571003001,Brooklyn,40.7239175,-73.94775719262066,29,28,27
360470571003002,Brooklyn,40.7238925,-73.94833844611827,42,5,23
360470571003003,Brooklyn,40.7233555,-73.94904002497788,295,203,237
360470571004000,Brooklyn,40.725607999999994,-73.9482278899902,74,50,50
360470571004002,Brooklyn,40.7255765,-73.94929307611558,38,8,27
360470571004003,Brooklyn,40.7250285,-73.94997819680458,86,18,47
360470572001001,Brooklyn,40.595513,-73.93733177329975,1,0,1
360470572002001,Brooklyn,40.595286,-73.93944995904835,63,59,60
360470572002002,Brooklyn,40.594224,-73.93899614378239,3,3,2
360470573001002,Brooklyn,40.729138,-73.9483746839303,98,77,66
360470573001003,Brooklyn,40.7288645,-73.94920242238852,18,0,14
360470573001004,Brooklyn,40.7277895,-73.94760488049059,6,5,5
360470573001005,Brooklyn,40.728055999999995,-73.94677303797238,62,1,32
360470573001006,Brooklyn,40.7282065,-73.94612132066308,23,0,22
360470573002000,Brooklyn,40.7275175,-73.94843336545182,2,2,1
360470573002001,Brooklyn,40.7272695,-73.9491770561747,21,0,10
360470573002003,Brooklyn,40.726969999999994,-73.95008653592521,3,1,1
360470573003000,Brooklyn,40.7286215,-73.94995009655702,24,0,15
360470573003002,Brooklyn,40.7283185,-73.950855554416,5,1,1
360470573003003,Brooklyn,40.728041,-73.95169473934203,5,2,4
360470573003004,Brooklyn,40.7266915,-73.95092538727948,41,15,13
360470574001000,Brooklyn,40.603719,-73.94400444122057,7,5,3
360470574001001,Brooklyn,40.603616,-73.944931,7,1,4
360470574001002,Brooklyn,40.601293,-73.94449261324354,58,5,19
360470574001003,Brooklyn,40.601395499999995,-73.94356593243542,31,9,6
360470574002000,Brooklyn,40.6011905,-73.945419,20,1,2
360470574002001,Brooklyn,40.5995585,-73.94510978454194,59,4,21
360470574002002,Brooklyn,40.599779,-73.94420600900054,31,0,5
360470574002003,Brooklyn,40.600006,-73.94330303117502,34,18,9
360470574002004,Brooklyn,40.59882399999999,-73.94307679704679,5,1,0
360470574002005,Brooklyn,40.5986015,-73.94398097932685,1,0,0
360470574002006,Brooklyn,40.598378499999995,-73.94488505778168,2,0,0
360470575001000,Brooklyn,40.735575999999995,-73.95401712729844,16,4,7
360470575001001,Brooklyn,40.735014,-73.95383378377163,7,7,6
360470575001002,Brooklyn,40.73421449999999,-73.95366721936132,32,22,7
360470575002000,Brooklyn,40.73350549999999,-73.95353149224259,44,5,29
360470575002001,Brooklyn,40.732797,-73.95341481140171,43,5,13
360470575003000,Brooklyn,40.732089,-73.95329687895531,24,1,8
360470575003001,Brooklyn,40.7313785,-73.95318139604296,80,11,36
360470575003002,Brooklyn,40.730678499999996,-73.95300886779945,135,2,31
360470575004000,Brooklyn,40.729297,-73.95141307306073,30,20,21
360470575004001,Brooklyn,40.729484,-73.95251596056823,13,4,6
360470575004002,Brooklyn,40.729163,-73.95332223381004,139,63,78
360470576001000,Brooklyn,40.601087,-73.94636401299566,31,16,12
360470576001001,Brooklyn,40.6009825,-73.9473276139595,30,18,16
360470576001002,Brooklyn,40.5991035,-73.94697142548729,8,4,2
360470576001003,Brooklyn,40.599335499999995,-73.9460323032624,17,0,6
360470576002000,Brooklyn,40.600877499999996,-73.94827235204704,85,6,22
360470576002001,Brooklyn,40.600775,-73.94919812620789,37,0,8
360470576002002,Brooklyn,40.5986475,-73.94879407396631,45,5,11
360470576002003,Brooklyn,40.598871,-73.94789099478245,9,2,4
360470578001000,Brooklyn,40.6006735,-73.95012421635393,62,22,23
360470578001001,Brooklyn,40.600566,-73.95110385256706,230,0,87
360470578001002,Brooklyn,40.598379,-73.9506897811959,150,12,52
360470578001003,Brooklyn,40.598487,-73.94971045496834,61,7,26
360470578002000,Brooklyn,40.6004435,-73.95222098413002,184,31,115
360470578002001,Brooklyn,40.600325999999995,-73.9532934534368,58,7,4
360470578002002,Brooklyn,40.5981385,-73.95287814741735,37,5,2
360470578002003,Brooklyn,40.5982565,-73.9518058406203,249,19,118
360470579011001,Brooklyn,40.738556,-73.95411022910798,75,26,53
360470579011002,Brooklyn,40.737719,-73.95425143398876,653,42,513
360470579011003,Brooklyn,40.737036,-73.95425414229321,74,32,43
360470579011004,Brooklyn,40.737089,-73.95304780626779,6,0,6
360470579012000,Brooklyn,40.736527499999994,-73.95138752902756,455,150,236
360470579012001,Brooklyn,40.7372625,-73.95232303596367,829,803,743
360470579012004,Brooklyn,40.7363855,-73.95293702648306,48,2,42
360470579012005,Brooklyn,40.736328,-73.95414000287062,16,2,13
360470579012006,Brooklyn,40.7359835,-73.95130071518986,65,6,53
360470579012007,Brooklyn,40.7351665,-73.951219911888,70,0,52
360470579012009,Brooklyn,40.735641,-73.95281564639544,23,0,15
360470579012012,Brooklyn,40.734462,-73.95106191320903,65,0,47
360470579012013,Brooklyn,40.73375299999999,-73.95092258689229,51,11,26
360470579012016,Brooklyn,40.733043499999994,-73.95080754175768,80,10,54
360470579012017,Brooklyn,40.732337,-73.95068901035754,345,11,234
360470579012020,Brooklyn,40.731628,-73.95057537449802,215,56,159
360470579012021,Brooklyn,40.7309455,-73.95045351022566,91,7,68
360470579012024,Brooklyn,40.729858,-73.9506551215056,93,0,22
360470579021000,Brooklyn,40.73614549999999,-73.94650872521404,4,0,1
360470579021002,Brooklyn,40.734809,-73.94851663624817,293,0,257
360470579021003,Brooklyn,40.7378815,-73.9529223771331,33,0,32
360470579021004,Brooklyn,40.7347915,-73.9441933085443,166,60,148
360470579021006,Brooklyn,40.731013000000004,-73.9458600617511,193,96,94
360470579021007,Brooklyn,40.730667499999996,-73.94485578360339,36,0,16
360470579021008,Brooklyn,40.729918,-73.94568060013182,226,20,161
360470579021009,Brooklyn,40.730393,-73.94810138912524,9,0,4
360470579021010,Brooklyn,40.73068549999999,-73.9470297554644,93,45,72
360470579021011,Brooklyn,40.730166499999996,-73.94944910895222,164,38,101
360470580001000,Brooklyn,40.600221499999996,-73.95424612571517,126,1,82
360470580001001,Brooklyn,40.600113,-73.95520806821733,65,1,6
360470580001002,Brooklyn,40.59792899999999,-73.95479355328261,57,13,23
360470580001003,Brooklyn,40.598031500000005,-73.95383060215177,54,36,38
360470580002000,Brooklyn,40.6000435,-73.95589302245781,9,8,8
360470580002001,Brooklyn,40.599987999999996,-73.95635585019924,11,0,1
360470580002002,Brooklyn,40.599909499999995,-73.9570802613993,31,2,3
360470580002003,Brooklyn,40.5977225,-73.95666578610192,68,0,11
360470580002004,Brooklyn,40.597798999999995,-73.95596015810455,94,47,55
360470580002005,Brooklyn,40.5978525,-73.95549747193112,10,0,0
360470582001000,Brooklyn,40.599807999999996,-73.9580073062904,80,32,25
360470582001001,Brooklyn,40.5976205,-73.95759245460894,26,5,5
360470582001002,Brooklyn,40.5975185,-73.95851854534605,83,8,44
360470582002000,Brooklyn,40.597258499999995,-73.95945053552845,50,13,14
360470582002001,Brooklyn,40.597322,-73.96083222583334,167,35,66
360470582002002,Brooklyn,40.597322,-73.96026123268015,2,2,0
360470582003000,Brooklyn,40.599705,-73.95893397778696,117,9,44
360470582003001,Brooklyn,40.599532499999995,-73.95982201707317,52,15,15
360470582003002,Brooklyn,40.599532499999995,-73.96077470509442,97,76,31
360470584001000,Brooklyn,40.5955795,-73.9572048273314,22,3,12
360470584001001,Brooklyn,40.595423,-73.95812081747056,25,18,11
360470584001002,Brooklyn,40.593466,-73.95680610394581,190,165,125
360470584002000,Brooklyn,40.5957185,-73.95916141005048,11,2,7
360470584002001,Brooklyn,40.595504500000004,-73.9599368303187,8,0,2
360470584002002,Brooklyn,40.595253,-73.96057544606072,3,0,0
360470584002003,Brooklyn,40.594134999999994,-73.96014710629083,284,0,240
360470584002005,Brooklyn,40.593008,-73.95874694497282,6,1,2
360470584002006,Brooklyn,40.5933395,-73.9578494358573,55,14,14
360470584002007,Brooklyn,40.5923515,-73.95748727853666,2,0,0
360470584002009,Brooklyn,40.592076,-73.96017110939643,38,14,10
360470584002010,Brooklyn,40.592645,-73.95996110421338,14,14,6
360470584002011,Brooklyn,40.593438,-73.96006626395484,34,12,19
360470586001000,Brooklyn,40.596335999999994,-73.95351028576341,18,0,11
360470586001001,Brooklyn,40.5960795,-73.95444331644852,165,35,68
360470586001003,Brooklyn,40.595817999999994,-73.95557970383355,24,0,15
360470586001004,Brooklyn,40.595731,-73.95628798604221,44,0,9
360470586001005,Brooklyn,40.5947795,-73.95419725329641,7,0,3
360470586001006,Brooklyn,40.594989999999996,-73.9532560011732,1,0,0
360470586002000,Brooklyn,40.593522,-73.95297923153737,2,0,0
360470586002001,Brooklyn,40.5934175,-73.95394086566529,6,0,1
360470586002002,Brooklyn,40.593365,-73.95463509507658,3,0,2
360470586002003,Brooklyn,40.593348,-73.95510418110712,6,0,1
360470586002004,Brooklyn,40.5933275,-73.95583383048685,44,2,9
360470588001000,Brooklyn,40.591027,-73.95699488585508,9,0,6
360470588001001,Brooklyn,40.5907835,-73.95737790897729,8,5,1
360470588001002,Brooklyn,40.5907835,-73.95826741143017,2,2,1
360470588001003,Brooklyn,40.590723999999994,-73.95919938316231,7,2,0
360470588001004,Brooklyn,40.5905225,-73.96009247353078,1762,117,365
360470588001005,Brooklyn,40.588379,-73.95992793103449,450,16,83
360470588001006,Brooklyn,40.5885535,-73.95891064968458,14,6,4
360470588001007,Brooklyn,40.590083,-73.95812979540085,18,0,3
360470588002000,Brooklyn,40.5884625,-73.9573388266148,50,25,23
360470589011000,Brooklyn,40.72846,-73.94449493614619,233,27,191
360470589011001,Brooklyn,40.728370999999996,-73.94542761355936,55,6,41
360470589011002,Brooklyn,40.72632,-73.9450880420192,29,9,9
360470589011003,Brooklyn,40.7265965,-73.94418678194225,30,19,12
360470589012000,Brooklyn,40.729281,-73.94272720520033,20,0,10
360470589012001,Brooklyn,40.730087999999995,-73.94381701142856,47,20,26
360470589012002,Brooklyn,40.726682,-73.94325498063411,31,11,10
360470589012003,Brooklyn,40.726772,-73.94231456268483,32,19,17
360470589012004,Brooklyn,40.7268615,-73.94136499999999,94,6,60
360470589021001,Brooklyn,40.7302245,-73.94056643726205,321,116,270
360470589021002,Brooklyn,40.728083,-73.93528874603173,721,11,604
360470590001000,Brooklyn,40.59120349999999,-73.95352117151899,143,4,9
360470590001001,Brooklyn,40.59120349999999,-73.95423088824543,40,8,17
360470590001002,Brooklyn,40.591134499999995,-73.95469091340716,4,1,1
360470590001003,Brooklyn,40.591093,-73.9554112989083,26,0,16
360470590001004,Brooklyn,40.591063500000004,-73.95635474881908,6,1,1
360470590001005,Brooklyn,40.5884625,-73.95584487099435,16,1,3
360470590001006,Brooklyn,40.588975500000004,-73.95500696931634,285,18,68
360470590001008,Brooklyn,40.5891805,-73.95313802476414,1133,76,267
360470590001009,Brooklyn,40.587675,-73.95380986082473,751,22,271
360470591001000,Brooklyn,40.724667999999994,-73.94100516169885,36,18,26
360470591001001,Brooklyn,40.7226005,-73.94090045572915,12,3,7
360470591002000,Brooklyn,40.724579,-73.94195461885748,11,2,6
360470591002001,Brooklyn,40.722791,-73.94165925976584,10,1,1
360470591003000,Brooklyn,40.722564999999996,-73.94257679193244,5,1,2
360470591003001,Brooklyn,40.722477999999995,-73.94350724160185,31,1,6
360470591003002,Brooklyn,40.721457,-73.94333954054684,3,0,0
360470591003003,Brooklyn,40.72139799999999,-73.94262288706292,20,1,4
360470591003004,Brooklyn,40.721002,-73.94421296216217,58,2,41
360470591004001,Brooklyn,40.724307499999995,-73.94475630168321,59,4,21
360470591004002,Brooklyn,40.722684,-73.94448826488319,22,7,9
360470592001000,Brooklyn,40.596870499999994,-73.9515424892409,162,1,28
360470592001001,Brooklyn,40.596593999999996,-73.9525856455727,39,9,10
360470592001002,Brooklyn,40.595245,-73.95233199337383,475,0,109
360470592001003,Brooklyn,40.5955155,-73.95128713005417,44,5,13
360470592002000,Brooklyn,40.593745999999996,-73.95095225227499,1471,92,245
360470592002001,Brooklyn,40.5936295,-73.95202574160163,25,2,9
360470592002002,Brooklyn,40.5913975,-73.95160153642384,13,0,7
360470592002003,Brooklyn,40.5914635,-73.95051864222172,57,3,17
360470592002004,Brooklyn,40.590939,-73.9524885422444,49,0,14
360470592003000,Brooklyn,40.589507999999995,-73.95014551701473,40,7,14
360470592003001,Brooklyn,40.589097499999994,-73.95116237327412,11,4,3
360470592003002,Brooklyn,40.5890455,-73.95212913443396,271,20,109
360470593001000,Brooklyn,40.7266295,-73.93525768740832,82,0,29
360470593001001,Brooklyn,40.726939,-73.936623601227,51,0,27
360470593001002,Brooklyn,40.72706049999999,-73.93758876652336,98,4,65
360470593001003,Brooklyn,40.727127499999995,-73.93854781064404,45,0,36
360470593001004,Brooklyn,40.72704,-73.93949438745905,58,0,43
360470593001005,Brooklyn,40.7249355,-73.93914854854441,9,2,3
360470593001006,Brooklyn,40.7252085,-73.93825571648617,50,0,46
360470593001007,Brooklyn,40.725539,-73.93735977319213,15,0,10
360470593001008,Brooklyn,40.725373,-73.93646664112903,45,2,29
360470593002000,Brooklyn,40.7269515,-73.94042522997702,103,12,82
360470593002001,Brooklyn,40.72475849999999,-73.94006585158584,25,0,8
360470593002002,Brooklyn,40.72312,-73.94001419039145,12,3,3
360470594021000,Brooklyn,40.597061,-73.94175379873323,155,5,31
360470594021001,Brooklyn,40.594984499999995,-73.94135654287115,210,43,136
360470594021002,Brooklyn,40.5926875,-73.94091861289803,77,4,30
360470594021003,Brooklyn,40.592839,-73.9399303509887,178,13,80
360470594022000,Brooklyn,40.59258,-73.94189407291174,10,2,2
360470594022001,Brooklyn,40.592478,-73.94282019042001,83,7,17
360470594022002,Brooklyn,40.5923765,-73.94374725834832,6,1,5
360470594022003,Brooklyn,40.5922725,-73.94469157429245,13,7,6
360470594023000,Brooklyn,40.594843999999995,-73.94232239848914,11,1,7
360470594023001,Brooklyn,40.594792999999996,-73.94325819631436,14,2,3
360470594023002,Brooklyn,40.5946835,-73.94418310357705,22,16,12
360470594023003,Brooklyn,40.594579499999995,-73.94512824893998,2,0,1
360470594024000,Brooklyn,40.5969535,-73.9427214547745,2,2,0
360470594024001,Brooklyn,40.596851,-73.94364823676479,8,0,3
360470594024002,Brooklyn,40.5967495,-73.9445752635688,7,4,2
360470594024003,Brooklyn,40.596646,-73.945520782936,7,4,2
360470594031000,Brooklyn,40.59654,-73.9464835,10,6,3
360470594031001,Brooklyn,40.5964355,-73.94742802132998,12,0,8
360470594031002,Brooklyn,40.596269,-73.94834279762676,236,0,200
360470594032000,Brooklyn,40.5942855,-73.94605569251988,35,2,10
360470594032001,Brooklyn,40.5941815,-73.94700023795465,18,1,5
360470594032002,Brooklyn,40.59408,-73.94792694152008,61,3,29
360470594032003,Brooklyn,40.593976,-73.94885360530222,50,11,23
360470594033000,Brooklyn,40.597176000000005,-73.94969763368982,6,0,4
360470594033001,Brooklyn,40.5968065,-73.95065398696319,4,0,0
360470594033002,Brooklyn,40.5957975,-73.9502000430478,17,9,6
360470594033003,Brooklyn,40.5960455,-73.94924629616266,26,0,10
360470594033004,Brooklyn,40.5938695,-73.94983523653755,153,8,68
360470594041001,Brooklyn,40.5920625,-73.94659949999999,3,1,1
360470594041002,Brooklyn,40.58994249999999,-73.9461976144973,29,12,11
360470594041003,Brooklyn,40.590047,-73.94525273737611,9,0,7
360470594041004,Brooklyn,40.5901535,-73.94429078268303,7,7,0
360470594042000,Brooklyn,40.591959,-73.94752553609462,54,7,11
360470594042001,Brooklyn,40.5918595,-73.94845267736036,42,9,22
360470594042002,Brooklyn,40.589738999999994,-73.94804943014594,30,5,13
360470594042003,Brooklyn,40.5898405,-73.94712223974062,20,1,5
360470594043000,Brooklyn,40.5917505,-73.94943374545349,12,1,2
360470594043001,Brooklyn,40.589631,-73.94903130854432,102,18,36
360470596001001,Brooklyn,40.5931375,-73.93902067024354,43,5,14
360470596002000,Brooklyn,40.59083,-73.9381087602631,24,18,14
360470596003000,Brooklyn,40.5906775,-73.93951809498824,153,3,33
360470596003001,Brooklyn,40.5905685,-73.94051629073763,150,106,89
360470596003002,Brooklyn,40.590036999999995,-73.94141592030383,30,6,14
360470596003003,Brooklyn,40.589986499999995,-73.94234910289958,9,1,3
360470596003004,Brooklyn,40.590256,-73.94334633994367,14,1,3
360470598001000,Brooklyn,40.588956499999995,-73.93537239501791,7,0,0
360470598001001,Brooklyn,40.5886565,-73.93628030084369,15,6,4
360470598001002,Brooklyn,40.5886945,-73.93723321636324,8,0,0
360470598001003,Brooklyn,40.5885945,-73.93816037446629,8,3,4
360470598001004,Brooklyn,40.5884905,-73.93910326175167,35,15,8
360470598002000,Brooklyn,40.587204,-73.9319613741181,78,0,55
360470598002001,Brooklyn,40.587233999999995,-73.9329520384507,2,1,0
360470598002003,Brooklyn,40.587187,-73.93503775147963,2,0,1
360470598002004,Brooklyn,40.5871025,-73.93598358709761,1,1,1
360470598002005,Brooklyn,40.5869995,-73.93690897286442,4,1,1
360470598002006,Brooklyn,40.58686349999999,-73.93783020800235,14,0,6
360470598002007,Brooklyn,40.586729999999996,-73.93877417068634,1,0,0
360470600001000,Brooklyn,40.58838,-73.94010124298758,145,0,127
360470600001001,Brooklyn,40.5882725,-73.94108117158385,3,2,1
360470600001002,Brooklyn,40.586539,-73.94023064691385,5,1,0
360470600002000,Brooklyn,40.588171,-73.9420055,16,4,4
360470600002001,Brooklyn,40.58807,-73.9429328957355,148,1,130
360470600002002,Brooklyn,40.587965499999996,-73.9438776488721,8,6,2
360470600002003,Brooklyn,40.586096,-73.94352728073102,6,0,3
360470600002004,Brooklyn,40.58620499999999,-73.94256632020048,14,0,6
360470600003000,Brooklyn,40.58785999999999,-73.94483941199093,15,8,4
360470600003001,Brooklyn,40.5876045,-73.94595263167881,24,3,8
360470600003003,Brooklyn,40.588393499999995,-73.94803192600575,154,1,107
360470600003004,Brooklyn,40.5873785,-73.94760400123928,11,0,1
360470600003005,Brooklyn,40.587549499999994,-73.94687448354463,11,6,0
360470600003006,Brooklyn,40.585678,-73.94461227992488,29,5,12
360470600003007,Brooklyn,40.5855615,-73.94552647155881,6,4,3
360470600003008,Brooklyn,40.585772500000004,-73.9464113387233,40,0,10
360470600003010,Brooklyn,40.5852125,-73.94719647183098,448,0,22
360470600004000,Brooklyn,40.588397,-73.94879580922733,25,0,7
360470600004001,Brooklyn,40.5872015,-73.94857078159765,27,2,9
360470600004003,Brooklyn,40.585511999999994,-73.94938453243014,123,0,65
360470600004004,Brooklyn,40.5854305,-73.95076928473313,85,30,35
360470600005000,Brooklyn,40.5882055,-73.94989481741075,10,0,1
360470600005001,Brooklyn,40.5880085,-73.9509515603726,32,0,18
360470600005002,Brooklyn,40.587841499999996,-73.95190072580645,76,56,40
360470600005003,Brooklyn,40.5865485,-73.95176917898733,86,37,33
360470600005004,Brooklyn,40.586816999999996,-73.95072485751075,15,6,2
360470600005005,Brooklyn,40.586999500000005,-73.94966350818726,39,17,14
360470606001000,Brooklyn,40.587789,-73.95287322451836,61,17,20
360470606001001,Brooklyn,40.5865785,-73.95328431470071,1115,101,262
360470606001002,Brooklyn,40.5865785,-73.95460006231814,5242,27,1078
360470606001003,Brooklyn,40.5875345,-73.95448310273972,235,75,136
360470606001004,Brooklyn,40.58665499999999,-73.95550100201072,124,27,40
360470606001005,Brooklyn,40.5861995,-73.95635413004456,26,11,13
360470606001006,Brooklyn,40.585505,-73.95227298590504,45,15,15
360470606001007,Brooklyn,40.585556999999994,-73.95338095032574,11,1,3
360470606002000,Brooklyn,40.5872095,-73.9575771136264,14,8,5
360470606002001,Brooklyn,40.58708899999999,-73.95870462702733,526,0,122
360470606002002,Brooklyn,40.5862195,-73.9597723770073,33,0,10
360470606002003,Brooklyn,40.5863495,-73.95858368967222,11,0,1
360470606002005,Brooklyn,40.5856095,-73.95845898050314,8,4,0
360470608001003,Brooklyn,40.584479,-73.93936875357174,72,9,37
360470608001004,Brooklyn,40.584289,-73.94033017018683,41,5,9
360470608001023,Brooklyn,40.584306,-73.94215014311395,25,3,17
360470608001024,Brooklyn,40.584386499999994,-73.94122172355631,43,0,27
360470608001025,Brooklyn,40.584672999999995,-73.94556057182324,1,1,0
360470608001029,Brooklyn,40.5839715,-73.94908807103144,116,27,52
360470608001030,Brooklyn,40.584016,-73.94796700947074,97,14,26
360470608001031,Brooklyn,40.584055,-73.94649753536584,219,0,130
360470608001032,Brooklyn,40.584120999999996,-73.94528725111981,30,30,20
360470608001033,Brooklyn,40.5841355,-73.9446082926337,102,0,52
360470608001034,Brooklyn,40.584146,-73.9439339997932,5,2,2
360470608001035,Brooklyn,40.584204,-73.94316843985925,40,1,15
360470608001038,Brooklyn,40.582770999999994,-73.94531047281596,3867,0,857
360470608002000,Brooklyn,40.5840355,-73.95676437590974,8,2,1
360470608002003,Brooklyn,40.583948,-73.95961875,142,2,88
360470608002004,Brooklyn,40.584045,-73.9582477212885,123,3,15
360470608002005,Brooklyn,40.583533,-73.95817543655222,3,2,1
360470608002006,Brooklyn,40.58318249999999,-73.95812893840579,19,2,6
360470608003000,Brooklyn,40.583906999999996,-73.95016179492833,217,127,91
360470608003001,Brooklyn,40.583804,-73.95159842065092,61,10,24
360470608003003,Brooklyn,40.5837065,-73.95306354367361,26,15,10
360470608003004,Brooklyn,40.5838695,-73.95404050214856,5,5,2
360470608003005,Brooklyn,40.5835655,-73.95490396382895,345,1,275
360470608003006,Brooklyn,40.583888,-73.9559245666917,16,5,4
360470608003007,Brooklyn,40.583483,-73.95561926976995,43,0,8
360470608003008,Brooklyn,40.5830325,-73.9535568346774,67,0,11
360470610021000,Brooklyn,40.5770995,-73.95378473452544,9,0,3
360470610021001,Brooklyn,40.577048,-73.95413455428309,16,1,8
360470610021002,Brooklyn,40.5765265,-73.95430405325607,15,2,4
360470610021003,Brooklyn,40.5751915,-73.9530449089182,15,0,10
360470610021004,Brooklyn,40.5748135,-73.95644624392165,1,1,0
360470610022000,Brooklyn,40.5776615,-73.95744020710026,32,11,13
360470610022001,Brooklyn,40.5776735,-73.95892233016023,41,15,24
360470610022002,Brooklyn,40.5763105,-73.95807121106895,124,51,54
360470610023000,Brooklyn,40.57696,-73.9552643844527,21,2,7
360470610023001,Brooklyn,40.57748599999999,-73.95620788360324,45,21,25
360470610023002,Brooklyn,40.576491499999996,-73.95615332385466,17,1,6
360470610031000,Brooklyn,40.580349999999996,-73.95839382599999,831,15,222
360470610031003,Brooklyn,40.580318500000004,-73.95920563289835,5,0,1
360470610031004,Brooklyn,40.5797415,-73.95938993515443,3389,10,360
360470610032001,Brooklyn,40.5827045,-73.95810075023456,48,3,22
360470610032002,Brooklyn,40.5825445,-73.95948406048933,13,0,2
360470610032003,Brooklyn,40.5817645,-73.95927792502272,10,1,0
360470610032004,Brooklyn,40.5818615,-73.95806617246596,8,0,0
360470610041000,Brooklyn,40.5807695,-73.95658337713371,19,2,8
360470610041001,Brooklyn,40.5805855,-73.95553837344613,228,0,201
360470610041002,Brooklyn,40.580074499999995,-73.95500739074913,5,2,1
360470610042000,Brooklyn,40.581294,-73.95714085457861,2861,27,772
360470610042001,Brooklyn,40.579089499999995,-73.9577767224141,152,55,34
360470610043000,Brooklyn,40.578081,-73.9553106586629,58,2,11
360470610043001,Brooklyn,40.5779505,-73.95450676625387,17,4,4
360470610044000,Brooklyn,40.578604999999996,-73.95597741947076,461,6,96
360470610044001,Brooklyn,40.5788965,-73.95682783851103,48,7,11
360470610045000,Brooklyn,40.582269999999994,-73.95475921502589,130,4,98
360470610045001,Brooklyn,40.58098699999999,-73.95425366274154,205,142,47
360470610045002,Brooklyn,40.578221,-73.95365704683931,99,17,64
360470612001002,Brooklyn,40.5807535,-73.94641643258427,1,0,0
360470612001003,Brooklyn,40.580794,-73.94738944894736,3,0,2
360470612001004,Brooklyn,40.580837,-73.94839161325464,24,2,19
360470612001006,Brooklyn,40.5808335,-73.95029680196546,2,2,0
360470612001007,Brooklyn,40.580742,-73.951218881101,23,18,16
360470612001008,Brooklyn,40.580653,-73.95214012404227,14,4,6
360470612001009,Brooklyn,40.58036249999999,-73.95305230029821,975,6,193
360470612001011,Brooklyn,40.580710499999995,-73.94547091483724,5,3,1
360470616001001,Brooklyn,40.5781505,-73.93934247992647,420,0,305
360470616001002,Brooklyn,40.5796055,-73.9394855172723,7,0,0
360470616001003,Brooklyn,40.5797295,-73.93335825,486,0,296
360470616001004,Brooklyn,40.5798415,-73.93847183642836,21,0,9
360470616001005,Brooklyn,40.579854,-73.93752947459399,17,5,6
360470616001007,Brooklyn,40.5798595,-73.93574687953691,161,2,138
360470616001008,Brooklyn,40.576228,-73.94751782581227,12,1,4
360470616001009,Brooklyn,40.5759755,-73.95031540972963,7,4,4
360470616001011,Brooklyn,40.575875499999995,-73.95123523924731,235,1,15
360470616001012,Brooklyn,40.5760785,-73.94939585274739,10,5,6
360470616001013,Brooklyn,40.5757725,-73.9521725219477,3,3,0
360470620001000,Brooklyn,40.578748,-73.94700265823644,20,1,10
360470620001001,Brooklyn,40.578639499999994,-73.94797495468316,411,0,52
360470620001002,Brooklyn,40.5785355,-73.94892280611901,25,1,16
360470620001003,Brooklyn,40.578433,-73.94984316951579,5,3,2
360470620001004,Brooklyn,40.578333,-73.95076237629183,2,1,1
360470620001005,Brooklyn,40.578093499999994,-73.9516555814489,9,3,5
360470620001006,Brooklyn,40.578337,-73.95266832795198,61,15,30
360470620002002,Brooklyn,40.5794595,-73.9423858087201,44,2,11
360470620002003,Brooklyn,40.579156499999996,-73.94328962585197,76,0,65
360470620002004,Brooklyn,40.579052,-73.94422162240019,4,0,0
360470620002005,Brooklyn,40.5789505,-73.94513958882021,10,5,4
360470620002006,Brooklyn,40.5788505,-73.94605775709942,3,1,2
360470620002007,Brooklyn,40.579508000000004,-73.94145368066032,1,0,1
360470620002008,Brooklyn,40.579562499999994,-73.94051825455607,4,2,2
360470622001006,Brooklyn,40.584635,-73.93455787744116,598,5,242
360470622001007,Brooklyn,40.584658,-73.93358088438096,30,8,9
360470622001008,Brooklyn,40.5849875,-73.93266924222586,32,0,13
360470622001009,Brooklyn,40.584909999999994,-73.93167088885201,204,6,142
360470622001010,Brooklyn,40.584794,-73.93064536111112,1064,0,207
360470622002000,Brooklyn,40.585234,-73.93563056810216,14,3,8
360470622002001,Brooklyn,40.5850825,-73.93655372459777,16,9,2
360470622002002,Brooklyn,40.5835725,-73.93715916356803,207,22,120
360470622002003,Brooklyn,40.583611499999996,-73.93241360490094,16,0,3
360470622002005,Brooklyn,40.584804999999996,-73.93822062111641,18,0,6
360470622002006,Brooklyn,40.584976,-73.9374121462912,4,1,3
360470622002007,Brooklyn,40.584614,-73.93873658970728,16,0,3
360470626001002,Brooklyn,40.595766499999996,-73.93373287614958,1,0,1
360470626001003,Brooklyn,40.595758000000004,-73.93472684874942,5,3,1
360470626002000,Brooklyn,40.593522,-73.93330896319665,67,34,41
360470626002001,Brooklyn,40.593418,-73.93427304400217,4,0,2
360470626002002,Brooklyn,40.5933235,-73.93522005525445,21,1,7
360470626002003,Brooklyn,40.5934405,-73.93668843045113,341,0,316
360470626002004,Brooklyn,40.591036,-73.93623680410201,24,16,14
360470628001000,Brooklyn,40.593475,-73.92623539558768,25,24,10
360470628001001,Brooklyn,40.5932025,-73.92665052361997,1,0,0
360470628001012,Brooklyn,40.58985,-73.9275966734519,19,0,9
360470628001014,Brooklyn,40.591286,-73.92537862931034,6,3,1
360470628001015,Brooklyn,40.592513499999995,-73.92516812834572,33,0,12
360470628001024,Brooklyn,40.5903265,-73.92854808289886,1,0,0
360470628001027,Brooklyn,40.590799000000004,-73.92542875472506,6,2,1
360470628002000,Brooklyn,40.597703499999994,-73.9310889602031,13,2,4
360470628002003,Brooklyn,40.596557499999996,-73.93089664918533,15,0,7
360470628002004,Brooklyn,40.5963485,-73.92943654858018,7,7,0
360470628002006,Brooklyn,40.595841,-73.93022512702169,12,2,10
360470628002009,Brooklyn,40.5951165,-73.93133648130572,1,0,0
360470628002010,Brooklyn,40.594995499999996,-73.93184105955497,2,0,0
360470628002012,Brooklyn,40.595121,-73.92878623016702,1,0,0
360470628002014,Brooklyn,40.594432499999996,-73.92730057227908,11,0,3
360470628002019,Brooklyn,40.594402,-73.92989916214562,6,0,0
360470628002021,Brooklyn,40.593134,-73.9291216519581,2,2,1
360470628002025,Brooklyn,40.591419,-73.93191221050049,290,0,251
360470628002026,Brooklyn,40.58939099999999,-73.93152638922155,2,0,0
360470628002029,Brooklyn,40.59393,-73.93272817742695,6,6,5
360470628002031,Brooklyn,40.586541,-73.9304029293888,91,0,16
360470628002032,Brooklyn,40.5859075,-73.93009642224771,78,68,13
360470628003008,Brooklyn,40.586752000000004,-73.9230963895419,2,0,0
360470628003019,Brooklyn,40.5866285,-73.92021966653934,3,0,0
360470628003024,Brooklyn,40.5862235,-73.92503384571711,1,0,0
360470628004003,Brooklyn,40.590200499999995,-73.92367707412828,5,1,1
360470628004006,Brooklyn,40.58987499999999,-73.92564229247104,3,0,1
360470628004013,Brooklyn,40.588551499999994,-73.92340104838354,1,0,0
360470628004018,Brooklyn,40.589568,-73.9218371320602,5,2,1
360470628004025,Brooklyn,40.5879425,-73.92663458823529,2,2,2
360470632001000,Brooklyn,40.601646,-73.93299825616353,55,23,29
360470632001001,Brooklyn,40.60112049999999,-73.93368524090627,114,19,45
360470632001002,Brooklyn,40.5993955,-73.93177479310057,86,0,36
360470632002000,Brooklyn,40.600022499999994,-73.9311866384634,2,1,0
360470632002001,Brooklyn,40.5983755,-73.9293713256466,4,3,1
360470632002002,Brooklyn,40.5978995,-73.9301012853639,3,1,1
360470636001000,Brooklyn,40.6110245,-73.93588730266248,2,2,0
360470636001001,Brooklyn,40.6105595,-73.93659807876747,1,0,1
360470636001002,Brooklyn,40.6101005,-73.93731305939559,3,2,0
360470636001003,Brooklyn,40.6094775,-73.93789603703188,2,2,0
360470636001004,Brooklyn,40.608928999999996,-73.93477739714965,2,0,0
360470636001005,Brooklyn,40.6093895,-73.9340653416035,34,0,14
360470638001003,Brooklyn,40.608184,-73.94027978103787,8,0,6
360470638002000,Brooklyn,40.6079255,-73.94126907798164,10,2,5
360470638002001,Brooklyn,40.6060605,-73.93920054666717,1,0,0
360470638002002,Brooklyn,40.604580999999996,-73.93754716569231,134,134,48
360470638002003,Brooklyn,40.602662499999994,-73.9354086863245,82,0,63
360470640001000,Brooklyn,40.6126545,-73.93770364145743,2,1,1
360470640001001,Brooklyn,40.6121945,-73.93841847853628,8,0,4
360470640001002,Brooklyn,40.611729999999994,-73.93912972602826,37,14,22
360470640001003,Brooklyn,40.61114,-73.93974609370554,28,0,6
360470640002000,Brooklyn,40.61077949999999,-73.9410253996526,5,1,1
360470640002002,Brooklyn,40.610274,-73.94138075285368,5,5,2
360470640002003,Brooklyn,40.6098145,-73.94209901981978,7,7,6
360470640002004,Brooklyn,40.60905699999999,-73.94254245733913,19,5,9
360470642001000,Brooklyn,40.613744999999994,-73.94490017692749,190,25,40
360470642001001,Brooklyn,40.613338,-73.94582423853046,4,3,3
360470642001002,Brooklyn,40.6107645,-73.94533645520119,2,2,0
360470642001003,Brooklyn,40.61130299999999,-73.94444133044647,39,20,12
360470642002000,Brooklyn,40.6129925,-73.94671867870599,12,4,5
360470642002001,Brooklyn,40.61266,-73.94760245232357,14,2,4
360470642002002,Brooklyn,40.613608,-73.94875963247011,843,8,718
360470642002003,Brooklyn,40.612318,-73.94849112709008,5,2,1
360470644001001,Brooklyn,40.615286999999995,-73.9430880566951,7,0,0
360470644001002,Brooklyn,40.615425,-73.94427791666666,75,6,34
360470644001004,Brooklyn,40.613649499999994,-73.94400278617411,29,0,5
360470644002000,Brooklyn,40.611425,-73.94364762833595,5,0,0
360470644003000,Brooklyn,40.61382449999999,-73.94023417913982,32,7,3
360470644003001,Brooklyn,40.6133635,-73.94094909761398,55,33,24
360470644003002,Brooklyn,40.61274399999999,-73.9415337818933,59,1,23
360470644003003,Brooklyn,40.6124035,-73.94283885586637,2,0,0
360470644003004,Brooklyn,40.612491500000004,-73.94227364769756,8,0,2
360470644003005,Brooklyn,40.611656999999994,-73.94297115478801,19,2,10
360470646001000,Brooklyn,40.617343,-73.9391666022304,21,2,13
360470646001001,Brooklyn,40.616853,-73.93989949435405,78,24,33
360470646001002,Brooklyn,40.61522,-73.93808055070738,25,3,10
360470646001003,Brooklyn,40.61569849999999,-73.93733773469768,30,23,12
360470646002000,Brooklyn,40.616384,-73.9406292606444,59,2,16
360470646002001,Brooklyn,40.615985499999994,-73.94141382443104,56,3,16
360470646002002,Brooklyn,40.614287,-73.93952058103413,148,0,129
360470646002003,Brooklyn,40.614751,-73.93880774014772,6,0,1
360470648001000,Brooklyn,40.6193895,-73.93623735710383,3,0,3
360470648001001,Brooklyn,40.6191195,-73.93662725691243,50,12,28
360470648001002,Brooklyn,40.618886,-73.9371796016946,29,5,10
360470648001003,Brooklyn,40.6182735,-73.93772666069822,30,13,15
360470648001004,Brooklyn,40.6178115,-73.93843893856965,2,2,1
360470648002001,Brooklyn,40.617093999999994,-73.9351841205922,3,0,2
360470648002002,Brooklyn,40.616632499999994,-73.93589891533188,11,2,4
360470648002003,Brooklyn,40.616170499999996,-73.93661116106676,1,0,0
360470650001000,Brooklyn,40.6204185,-73.93515997418439,233,3,179
360470650001001,Brooklyn,40.619660999999994,-73.93558750811982,11,0,2
360470650001002,Brooklyn,40.618016,-73.93375289494212,3,1,1
360470650001003,Brooklyn,40.618263999999996,-73.93275526695174,77,24,28
360470650002000,Brooklyn,40.621877,-73.93252697449003,9,3,0
360470650002002,Brooklyn,40.6213505,-73.93416195119951,14,0,5
360470650002003,Brooklyn,40.621487,-73.93470568697978,1276,6,328
360470650002004,Brooklyn,40.6205355,-73.93375071606678,29,0,7
360470650002005,Brooklyn,40.619508499999995,-73.93227727710843,41,3,21
360470650002006,Brooklyn,40.619192,-73.93293134511845,135,82,45
360470650002007,Brooklyn,40.618348999999995,-73.93192370762974,13,0,4
360470652001000,Brooklyn,40.616608,-73.93091001793377,52,3,17
360470652001001,Brooklyn,40.61638549999999,-73.93193730401295,6,5,4
360470652001002,Brooklyn,40.615922999999995,-73.93265121691176,1,1,1
360470652001003,Brooklyn,40.614290999999994,-73.93083276231933,222,0,187
360470652001004,Brooklyn,40.614753,-73.93011847969555,4,0,1
360470652001005,Brooklyn,40.615409,-73.92957523637756,169,41,37
360470652001006,Brooklyn,40.613623,-73.92754535906863,160,13,120
360470652001008,Brooklyn,40.6126595,-73.9290135,6,0,2
360470654001001,Brooklyn,40.614999499999996,-73.93408010059291,3,0,1
360470654001002,Brooklyn,40.61336849999999,-73.93226246244635,1,1,0
360470654001003,Brooklyn,40.61383,-73.93154739668915,1,0,1
360470654002000,Brooklyn,40.6121985,-73.9297284828375,16,3,4
360470654002001,Brooklyn,40.6117365,-73.93044237927833,4,0,4
360470654002002,Brooklyn,40.611273,-73.9311538786316,4,4,0
360470654002003,Brooklyn,40.6108045,-73.93188202360068,35,24,12
360470656001001,Brooklyn,40.6140705,-73.93552132644342,24,13,9
360470656001002,Brooklyn,40.6135885,-73.93626296278441,2275,30,393
360470656001003,Brooklyn,40.613116,-73.93698895983528,17,3,2
360470656002000,Brooklyn,40.61291,-73.93297679839841,2,0,0
360470656002001,Brooklyn,40.612435,-73.93369952770371,2,0,2
360470656002002,Brooklyn,40.6119555,-73.93444180313575,1,0,0
360470658001000,Brooklyn,40.6103235,-73.9326227743847,54,29,14
360470658001001,Brooklyn,40.6098545,-73.93335326075987,13,2,2
360470658001002,Brooklyn,40.60821849999999,-73.93153294304867,20,0,7
360470658001003,Brooklyn,40.608692,-73.93080603727415,20,0,2
360470658002000,Brooklyn,40.607056,-73.92897967522813,6,1,1
360470658002001,Brooklyn,40.606588,-73.929714366036,9,0,2
360470658002002,Brooklyn,40.606122,-73.93042585917917,17,3,10
360470658002003,Brooklyn,40.6077585,-73.93224667559946,11,0,6
360470660001002,Brooklyn,40.609641499999995,-73.92933333868837,8,8,7
360470660002000,Brooklyn,40.6089295,-73.92608784256085,2,2,1
360470660002002,Brooklyn,40.608005,-73.92751355578329,3,2,1
360470660002003,Brooklyn,40.6075395,-73.92824129633854,3,0,2
360470662001000,Brooklyn,40.611817,-73.92549801238532,77,1,7
360470662001001,Brooklyn,40.611487499999996,-73.92647986153955,14,6,11
360470662001002,Brooklyn,40.6110275,-73.92719355857503,19,2,9
360470662001003,Brooklyn,40.609395,-73.92537842163722,56,0,30
360470662001004,Brooklyn,40.6098475,-73.92465161403751,18,1,8
360470662001005,Brooklyn,40.6105325,-73.92405213126337,32,0,7
360470662001006,Brooklyn,40.6087285,-73.92204229158153,242,154,133
360470662001007,Brooklyn,40.6082245,-73.92284867317196,269,3,164
360470662001008,Brooklyn,40.60776,-73.92356087833608,38,0,7
360470662001009,Brooklyn,40.607296,-73.92427174613016,142,1,69
360470662001010,Brooklyn,40.60683349999999,-73.92498761287739,23,20,2
360470662001011,Brooklyn,40.607474999999994,-73.92064608317077,22,0,10
360470666001000,Brooklyn,40.596905,-73.9265541589214,608,0,282
360470666001001,Brooklyn,40.60570799999999,-73.93436080660376,170,0,147
360470666001003,Brooklyn,40.586574999999996,-73.90998050417977,19,0,10
360470670001000,Brooklyn,40.6139185,-73.92390605122836,1,0,0
360470670001002,Brooklyn,40.613853999999996,-73.92583628448276,46,0,12
360470670001003,Brooklyn,40.612616,-73.92543266050686,6,0,0
360470670001004,Brooklyn,40.6126455,-73.92472984885204,3,0,0
360470670002000,Brooklyn,40.614360500000004,-73.9210605710205,5,0,1
360470670002001,Brooklyn,40.614035,-73.92198410348402,1,0,0
360470670002003,Brooklyn,40.61258649999999,-73.92294820014382,3,0,0
360470670002004,Brooklyn,40.61304799999999,-73.92211665368852,10,0,0
360470670002005,Brooklyn,40.612702999999996,-73.92027891907767,8,0,2
360470670002006,Brooklyn,40.612208499999994,-73.92097931910092,68,0,29
360470670002008,Brooklyn,40.6110475,-73.92211568733092,6,0,3
360470670002010,Brooklyn,40.610778999999994,-73.92328980084744,22,4,6
360470670002011,Brooklyn,40.6108155,-73.92273794227643,12,0,6
360470672001000,Brooklyn,40.6224285,-73.92775571716848,23,0,6
360470672001002,Brooklyn,40.6200645,-73.92848056678972,102,39,54
360470672001003,Brooklyn,40.620123,-73.92750999943823,36,0,14
360470672001004,Brooklyn,40.6177505,-73.92725575635154,2,0,2
360470672001005,Brooklyn,40.617689999999996,-73.92822574265193,67,28,28
360470672001006,Brooklyn,40.6157545,-73.92803438737681,37,0,35
360470672001007,Brooklyn,40.615514499999996,-73.92701526186512,2,0,0
360470672001008,Brooklyn,40.613641,-73.92660024649302,39,0,10
360470674001001,Brooklyn,40.620003999999994,-73.92943267911905,25,11,13
360470674001002,Brooklyn,40.617631,-73.92917296942564,50,5,21
360470674001003,Brooklyn,40.617816,-73.93017920454545,29,18,19
360470674001005,Brooklyn,40.615457,-73.92873702457626,21,5,14
360470674002001,Brooklyn,40.6221925,-73.93160316680924,27,0,13
360470674002002,Brooklyn,40.619885,-73.93135453791217,13,0,2
360470674002003,Brooklyn,40.619943,-73.93040246084072,9,9,7
360470674002004,Brooklyn,40.6174245,-73.93090631166106,45,3,20
360470676001000,Brooklyn,40.626701,-73.92526769589348,1,1,1
360470676001002,Brooklyn,40.624787999999995,-73.9260195518975,8,0,5
360470676001003,Brooklyn,40.6248475,-73.92507086023079,2,0,0
360470676002002,Brooklyn,40.6245835,-73.92798681424992,67,21,34
360470676002003,Brooklyn,40.624723,-73.92698872824391,109,1,80
360470676002006,Brooklyn,40.624145999999996,-73.93060601649387,5,0,4
360470676002007,Brooklyn,40.6235855,-73.93149488080894,2,0,0
360470678001000,Brooklyn,40.62738949999999,-73.92147783472737,16,0,6
360470678001002,Brooklyn,40.627269,-73.9233972177083,4,3,4
360470678002000,Brooklyn,40.6250845,-73.92123096065072,22,3,1
360470678002002,Brooklyn,40.624965,-73.92315142179763,3,0,2
360470680001000,Brooklyn,40.622671499999996,-73.92386455318922,3,3,3
360470680001001,Brooklyn,40.62261049999999,-73.92483061142305,2,0,0
360470680001003,Brooklyn,40.622491,-73.92675029482683,85,5,45
360470680002000,Brooklyn,40.620366499999996,-73.92361880783903,46,0,10
360470680002001,Brooklyn,40.620307,-73.92458554010148,9,1,0
360470680002002,Brooklyn,40.620245499999996,-73.92553566623583,37,0,0
360470680002003,Brooklyn,40.6201855,-73.92650502589346,108,35,45
360470682001000,Brooklyn,40.6179925,-73.92336570409606,269,10,220
360470682001001,Brooklyn,40.617931999999996,-73.92433474358425,9,5,1
360470682001002,Brooklyn,40.617872999999996,-73.92528480829549,26,2,4
360470682001003,Brooklyn,40.6178115,-73.92625146102026,23,4,3
360470682001004,Brooklyn,40.615576,-73.92601197140178,7,0,2
360470682002000,Brooklyn,40.615874999999996,-73.92122325714956,1,1,0
360470682002001,Brooklyn,40.615815999999995,-73.92217528147083,9,0,5
360470682002003,Brooklyn,40.6156955,-73.92409594805613,10,0,1
360470682002004,Brooklyn,40.6156365,-73.92504551406469,2,0,2
360470686001000,Brooklyn,40.617796,-73.91678287773584,27,0,15
360470686001002,Brooklyn,40.615505999999996,-73.91593483221365,5,0,2
360470686001003,Brooklyn,40.6159925,-73.91518167161666,37,0,9
360470686001004,Brooklyn,40.615052,-73.9166431796242,7,0,4
360470686002002,Brooklyn,40.61363349999999,-73.91883199348747,3,0,0
360470686002003,Brooklyn,40.613168,-73.91955623840428,7,5,5
360470688001000,Brooklyn,40.61909849999999,-73.9177196060148,640,6,83
360470688001001,Brooklyn,40.617835,-73.91855981118955,24,0,11
360470688001002,Brooklyn,40.6182295,-73.91954202619604,24,0,22
360470688001003,Brooklyn,40.618716,-73.92055014435414,6,0,4
360470688001004,Brooklyn,40.617796,-73.91757969513081,2,2,0
360470688002000,Brooklyn,40.616603,-73.91745492666666,10,0,3
360470688002001,Brooklyn,40.616367999999994,-73.91841076511923,41,0,4
360470688002002,Brooklyn,40.616130999999996,-73.91931657710609,2,0,0
360470688002003,Brooklyn,40.61593499999999,-73.92025347402841,4,4,2
360470690001000,Brooklyn,40.620253,-73.91784332392027,326,13,63
360470690001001,Brooklyn,40.6206595,-73.91886124387459,26,9,5
360470690001003,Brooklyn,40.620543999999995,-73.92074630816208,44,0,30
360470690002000,Brooklyn,40.6204835,-73.92171575622665,10,2,2
360470690002001,Brooklyn,40.6204245,-73.92266792443118,11,3,1
360470690002002,Brooklyn,40.617647,-73.92237138777256,31,19,10
360470690002003,Brooklyn,40.618815999999995,-73.92153702276559,14,3,11
360470690002004,Brooklyn,40.6175475,-73.92140140998642,1,0,0
360470692001000,Brooklyn,40.625234,-73.91835899155981,64,10,27
360470692001004,Brooklyn,40.622965,-73.9191065126854,7,7,4
360470692001005,Brooklyn,40.622828999999996,-73.91811715803814,10,0,6
360470692002002,Brooklyn,40.62273,-73.92291306472958,8,0,3
360470696011000,Brooklyn,40.62729,-73.91743765756303,70,0,18
360470696011001,Brooklyn,40.625618,-73.91669306847133,392,1,95
360470696011002,Brooklyn,40.625255499999994,-73.9132875070006,4,0,0
360470696011003,Brooklyn,40.6248145,-73.91459735919659,7,5,4
360470696011005,Brooklyn,40.623381499999994,-73.9164441154225,3,3,0
360470696011006,Brooklyn,40.623047,-73.91729065653152,72,0,31
360470696012001,Brooklyn,40.62925799999999,-73.91504808557862,57,0,44
360470696012003,Brooklyn,40.6277865,-73.9148871009769,5,5,2
360470696012004,Brooklyn,40.626677,-73.91240104805229,7,0,4
360470696012005,Brooklyn,40.626098,-73.91295912614487,2,0,1
360470696012006,Brooklyn,40.6271735,-73.9153720098735,3,0,0
360470696012007,Brooklyn,40.6283875,-73.9177460158582,37,11,26
360470696021000,Brooklyn,40.619386,-73.91015777604018,70,0,42
360470696021001,Brooklyn,40.618892,-73.91088238060462,2,0,0
360470696021004,Brooklyn,40.6193215,-73.91381475902176,11,0,5
360470696021005,Brooklyn,40.617903999999996,-73.91223251380399,6,0,2
360470696021006,Brooklyn,40.618363,-73.91151850710553,65,1,47
360470696022000,Brooklyn,40.6237505,-73.91170649985713,14,3,5
360470696022001,Brooklyn,40.622834,-73.91263704487179,8,5,6
360470696022002,Brooklyn,40.622626499999996,-73.91361089671602,148,0,10
360470696022003,Brooklyn,40.6222145,-73.91426099376079,1,1,0
360470696022004,Brooklyn,40.621973999999994,-73.915128013269,10,1,3
360470696022005,Brooklyn,40.621157,-73.91554048634389,2,2,1
360470696022006,Brooklyn,40.620586,-73.91627489550214,38,3,29
360470696022008,Brooklyn,40.6219015,-73.91035894390544,7,0,1
360470696022010,Brooklyn,40.620318999999995,-73.91287892821472,229,0,204
360470696022014,Brooklyn,40.6203555,-73.91700337943263,51,0,14
360470696023002,Brooklyn,40.6254835,-73.9110083352685,29,11,19
360470696023003,Brooklyn,40.6250315,-73.91026695849901,8,3,0
360470696023004,Brooklyn,40.624347,-73.90784534919291,52,12,19
360470696023005,Brooklyn,40.622837499999996,-73.90531501099053,13,12,7
360470696023007,Brooklyn,40.6211325,-73.90327708667141,3,0,0
360470696023008,Brooklyn,40.622597,-73.90927622376506,153,2,137
360470696023009,Brooklyn,40.624090499999994,-73.90997446122557,2,0,1
360470696023011,Brooklyn,40.6221515,-73.90569967377435,4,0,0
360470698001000,Brooklyn,40.618719999999996,-73.91437510593349,340,284,116
360470698001001,Brooklyn,40.6193965,-73.91611887105769,62,3,24
360470698001002,Brooklyn,40.619229,-73.91689018698742,21,19,19
360470698001003,Brooklyn,40.6179755,-73.9160346710082,8,0,4
360470698001004,Brooklyn,40.6183525,-73.9151871093336,1,0,1
360470698001005,Brooklyn,40.617436999999995,-73.91294817942438,5,1,2
360470698002000,Brooklyn,40.616975499999995,-73.91366212102578,86,1,31
360470698002002,Brooklyn,40.6148755,-73.91259617659084,52,0,30
360470698002003,Brooklyn,40.615354499999995,-73.91185596475154,89,0,81
360470698002004,Brooklyn,40.615815999999995,-73.91114269875699,8,2,1
360470698002005,Brooklyn,40.6112495,-73.91866194536252,656,0,235
360470698002007,Brooklyn,40.609297999999995,-73.9153251708012,928,206,478
360470700001000,Brooklyn,40.620644,-73.90402255810238,1,1,0
360470700001001,Brooklyn,40.62017349999999,-73.90475135836908,8,2,4
360470700001002,Brooklyn,40.621731999999994,-73.90648659783318,1,0,0
360470700001003,Brooklyn,40.621268,-73.9072028574114,3,2,0
360470700001004,Brooklyn,40.619711499999994,-73.90546619938672,24,0,10
360470700002002,Brooklyn,40.6206335,-73.90987499781795,2,2,0
360470700002003,Brooklyn,40.619679999999995,-73.90916315210254,13,0,2
360470700002006,Brooklyn,40.619249499999995,-73.90617996185662,20,1,9
360470700002007,Brooklyn,40.618787999999995,-73.90689305787852,2,2,0
360470700002008,Brooklyn,40.6183085,-73.90762350273476,29,6,15
360470702011000,Brooklyn,40.616547,-73.90941363644859,148,0,21
360470702011001,Brooklyn,40.616285,-73.91041728389743,20,19,18
360470702011002,Brooklyn,40.614673499999995,-73.90862549652081,1,1,1
360470702011003,Brooklyn,40.613743,-73.9063879138248,5,0,0
360470702011005,Brooklyn,40.6142295,-73.90937833251823,1,0,0
360470702011006,Brooklyn,40.6137935,-73.9101226957943,3,0,0
360470702011009,Brooklyn,40.6123815,-73.91013474321267,4,0,2
360470702011010,Brooklyn,40.6124545,-73.90917355280675,1,0,0
360470702011011,Brooklyn,40.612643500000004,-73.90826553211039,1,1,0
360470702012000,Brooklyn,40.6099325,-73.9026804736681,1,1,0
360470702012001,Brooklyn,40.60996899999999,-73.90336012936629,1,1,0
360470702012002,Brooklyn,40.6117045,-73.9049591977612,2,2,1
360470702012003,Brooklyn,40.611150499999994,-73.90566118081466,11,0,4
360470702012004,Brooklyn,40.610657,-73.90726320231214,2,0,0
360470702012005,Brooklyn,40.610927499999995,-73.90816056537696,15,4,11
360470702012006,Brooklyn,40.6110245,-73.9090887357489,1,0,0
360470702012007,Brooklyn,40.611093999999994,-73.91002263797927,25,0,18
360470702012010,Brooklyn,40.610632499999994,-73.90604539306358,1,1,0
360470702013001,Brooklyn,40.605917500000004,-73.90458579009518,4,0,0
360470702013003,Brooklyn,40.606958500000005,-73.90288918147138,14,0,6
360470702013004,Brooklyn,40.6074005,-73.90355076743288,3,0,0
360470702013005,Brooklyn,40.607876000000005,-73.90426062973484,2,0,1
360470702013006,Brooklyn,40.6083145,-73.90504533926173,9,9,4
360470702013008,Brooklyn,40.609303,-73.90655169188767,13,13,1
360470702013009,Brooklyn,40.608675500000004,-73.90701421406862,1,0,1
360470702013010,Brooklyn,40.6080275,-73.9071530303359,2,0,2
360470702014000,Brooklyn,40.60884,-73.90821878278688,2,1,0
360470702014001,Brooklyn,40.60934999999999,-73.90893018880939,8,1,6
360470702014002,Brooklyn,40.6096125,-73.9098138919214,1,0,0
360470702014003,Brooklyn,40.609864,-73.91072000960118,5,4,1
360470702014004,Brooklyn,40.6109795,-73.91185705839075,3,3,0
360470702014005,Brooklyn,40.610305499999996,-73.9122029058127,5,4,2
360470702014006,Brooklyn,40.609616,-73.91262266543575,2,0,0
360470702014007,Brooklyn,40.608918,-73.91317141284844,3,0,2
360470702014008,Brooklyn,40.6088,-73.9118668041543,7,0,5
360470702014009,Brooklyn,40.608211,-73.91131040894102,5,0,2
360470702014010,Brooklyn,40.607727499999996,-73.91062210467817,3,1,0
360470702015000,Brooklyn,40.6077415,-73.9148774752352,19,0,8
360470702015001,Brooklyn,40.605298,-73.91473790274046,53,1,28
360470702015003,Brooklyn,40.605565999999996,-73.91244625488969,9,6,4
360470702015005,Brooklyn,40.604583,-73.91097773285802,50,4,11
360470702015006,Brooklyn,40.6072115,-73.91427459438414,24,21,7
360470702015007,Brooklyn,40.606663999999995,-73.91367013336188,11,3,6
360470702015008,Brooklyn,40.6061225,-73.9130617240659,8,0,2
360470702021000,Brooklyn,40.5914855,-73.89073788402251,376,0,279
360470702021006,Brooklyn,40.601853999999996,-73.90700800294695,76,0,65
360470706011000,Brooklyn,40.619507999999996,-73.90144940654474,4,0,1
360470706011001,Brooklyn,40.6190115,-73.90220550000001,5,0,0
360470706011003,Brooklyn,40.616908499999994,-73.90111788068415,34,0,8
360470706011004,Brooklyn,40.6173775,-73.90038848030504,3,1,3
360470706011005,Brooklyn,40.617872,-73.8996319192951,92,1,7
360470706011008,Brooklyn,40.6155155,-73.89956420942144,1,1,0
360470706012000,Brooklyn,40.61807949999999,-73.90364967907476,2,0,2
360470706012001,Brooklyn,40.617617499999994,-73.90436299999999,2,0,0
360470706012002,Brooklyn,40.617155499999996,-73.90507595957084,9,0,2
360470706012003,Brooklyn,40.6166875,-73.90580184003687,8,8,4
360470706012004,Brooklyn,40.615984999999995,-73.9025455382731,165,162,154
360470706012005,Brooklyn,40.6164455,-73.90183122142851,19,0,8
360470706012007,Brooklyn,40.614574499999996,-73.90097755736912,2,2,1
360470706012010,Brooklyn,40.615055,-73.9039827152024,2,2,2
360470706012011,Brooklyn,40.61523149999999,-73.9059154170826,90,0,67
360470706012012,Brooklyn,40.61752249999999,-73.90865294855257,9,0,2
360470706012014,Brooklyn,40.613656500000005,-73.90240051664026,4,3,0
360470706021001,Brooklyn,40.6134995,-73.89912973227135,350,19,61
360470720001000,Brooklyn,40.630618999999996,-73.91894757480925,205,16,70
360470720001001,Brooklyn,40.629802999999995,-73.91983464975647,118,0,91
360470720001002,Brooklyn,40.629484000000005,-73.92074200513763,7,1,1
360470720001003,Brooklyn,40.629158,-73.92166649346026,31,0,5
360470720001004,Brooklyn,40.628835499999994,-73.92260726953165,78,14,36
360470720001006,Brooklyn,40.6274465,-73.92052747261354,8,3,2
360470720001008,Brooklyn,40.6272315,-73.91858522603765,17,17,7
360470722001000,Brooklyn,40.633296,-73.91923558092897,95,0,5
360470722001001,Brooklyn,40.6334135,-73.9201413807425,12,0,2
360470722001002,Brooklyn,40.63221299999999,-73.92009224319867,7,0,0
360470722001003,Brooklyn,40.632124,-73.92102283921312,1,0,0
360470722001004,Brooklyn,40.632068000000004,-73.92197634326999,12,0,0
360470722001006,Brooklyn,40.63194899999999,-73.92389655328535,113,0,100
360470722001008,Brooklyn,40.6325255,-73.91940570165094,8,0,2
360470722002002,Brooklyn,40.631709,-73.92773579522412,80,13,30
360470722002003,Brooklyn,40.631647,-73.92873997477575,79,10,20
360470722002004,Brooklyn,40.631379499999994,-73.92969082929679,11,5,4
360470724001000,Brooklyn,40.634347,-73.92319464114564,1,0,1
360470724001001,Brooklyn,40.634287,-73.92414575417229,28,0,17
360470724002000,Brooklyn,40.634167,-73.92606549999999,5,0,4
360470724002001,Brooklyn,40.634021000000004,-73.92701299931485,42,0,11
360470724002002,Brooklyn,40.634603,-73.92830355681818,7,0,0
360470724002003,Brooklyn,40.634626,-73.92906025773857,75,6,28
360470724002005,Brooklyn,40.634193499999995,-73.9309524169876,5,5,5
360470724002006,Brooklyn,40.633520499999996,-73.92793274273083,50,0,2
360470724002007,Brooklyn,40.633675,-73.9287024228972,6,6,0
360470726001000,Brooklyn,40.634193999999994,-73.93239802753845,138,64,109
360470726001001,Brooklyn,40.6342765,-73.93385311893732,23,0,17
360470726001002,Brooklyn,40.634035499999996,-73.93480407252252,68,0,48
360470726001003,Brooklyn,40.634183,-73.93577468115893,5,0,2
360470726001004,Brooklyn,40.633950999999996,-73.93670711242572,63,6,63
360470726001005,Brooklyn,40.632948,-73.93584305057664,7,1,1
360470726001006,Brooklyn,40.632839,-73.93467076762127,11,0,8
360470726001007,Brooklyn,40.633461499999996,-73.93376047343537,180,180,155
360470726001013,Brooklyn,40.631586999999996,-73.93260189980748,1,0,0
360470726001014,Brooklyn,40.631506,-73.93355332670089,1,0,0
360470726001017,Brooklyn,40.631231,-73.93545725703537,54,0,50
360470726001018,Brooklyn,40.631129,-73.93640250216481,4,0,0
360470728001000,Brooklyn,40.630614,-73.9210958801824,1,0,0
360470728001002,Brooklyn,40.630269,-73.92275981876031,11,0,1
360470728001003,Brooklyn,40.629946000000004,-73.92368312469509,9,0,1
360470728001004,Brooklyn,40.629628,-73.92460544074302,25,25,13
360470728001007,Brooklyn,40.629367,-73.92748589649756,44,21,20
360470728002000,Brooklyn,40.6293065,-73.92849201282598,93,3,42
360470728002002,Brooklyn,40.629189,-73.93041407826972,5,5,0
360470730001002,Brooklyn,40.62781,-73.9263434262449,1,0,0
360470730001003,Brooklyn,40.627494,-73.9272873679123,70,2,20
360470730001004,Brooklyn,40.627159,-73.92826414458077,44,0,11
360470730001005,Brooklyn,40.626908,-73.92921195799815,4,0,1
360470730001007,Brooklyn,40.6267905,-73.93113299999999,6,0,1
360470730002000,Brooklyn,40.6253185,-73.92927774632352,19,0,7
360470730002003,Brooklyn,40.624691999999996,-73.93186839107656,3,0,0
360470732001002,Brooklyn,40.62705749999999,-73.93310319845361,2,0,0
360470732001003,Brooklyn,40.626886999999996,-73.9342945699677,6,0,0
360470732002002,Brooklyn,40.628970499999994,-73.93327918244977,3,0,2
360470732002005,Brooklyn,40.628890999999996,-73.9352079738596,25,0,21
360470734001000,Brooklyn,40.6288325,-73.9361585133139,7,0,1
360470734001001,Brooklyn,40.6287725,-73.93712746053481,37,29,7
360470734001002,Brooklyn,40.628713499999996,-73.93807973015811,2,0,0
360470734002000,Brooklyn,40.6267335,-73.9359335,4,0,0
360470734002001,Brooklyn,40.62667449999999,-73.93690279404339,13,0,7
360470734002003,Brooklyn,40.626557,-73.93878871637949,78,1,62
360470736001000,Brooklyn,40.625341,-73.93426837301587,2,2,1
360470736001001,Brooklyn,40.6254225,-73.93589141666666,1,0,1
360470736001002,Brooklyn,40.6245615,-73.93545050018105,15,12,1
360470736002000,Brooklyn,40.6235285,-73.93449646012797,9,2,4
360470736002001,Brooklyn,40.622888,-73.93524852343434,18,2,10
360470736002002,Brooklyn,40.622379499999994,-73.93431654053373,2,0,2
360470736002003,Brooklyn,40.622203,-73.93518487214061,24,10,12
360470736003001,Brooklyn,40.6249785,-73.93860172867703,42,1,22
360470736003002,Brooklyn,40.6244595,-73.93745507720863,17,0,2
360470736003003,Brooklyn,40.623776,-73.93666776635422,7,6,4
360470736003004,Brooklyn,40.622986,-73.93655273402985,29,3,12
360470738001000,Brooklyn,40.624084499999995,-73.93909894088259,35,3,16
360470738001001,Brooklyn,40.62387,-73.94003038442915,146,1,57
360470738001002,Brooklyn,40.623765,-73.94097388713354,124,2,39
360470738001003,Brooklyn,40.623318,-73.93805389766607,33,0,15
360470738002000,Brooklyn,40.6224605,-73.93723783781726,4,0,1
360470738002002,Brooklyn,40.622051,-73.93897449827585,8,7,5
360470738002003,Brooklyn,40.622229,-73.93971711997706,20,20,10
360470738002004,Brooklyn,40.621575,-73.94056207070707,6,0,5
360470738002006,Brooklyn,40.622069499999995,-73.93850591825512,4,4,0
360470738003000,Brooklyn,40.621568999999994,-73.93654664810043,261,79,119
360470738003001,Brooklyn,40.621199499999996,-73.93766256381747,22,13,18
360470738003003,Brooklyn,40.62075,-73.93943927512565,5,4,4
360470738003004,Brooklyn,40.620605499999996,-73.94029470945219,2,0,0
360470740001000,Brooklyn,40.6285965,-73.93994697403605,7,7,7
360470740001001,Brooklyn,40.6285385,-73.94089883430661,2,2,0
360470740001002,Brooklyn,40.628671,-73.94188768426677,274,8,236
360470740001003,Brooklyn,40.628227499999994,-73.94256483394932,8,4,1
360470740001004,Brooklyn,40.628227499999994,-73.9430278684296,102,11,42
360470740002000,Brooklyn,40.62654,-73.93972908907428,2,0,2
360470740002001,Brooklyn,40.6261125,-73.94035572802676,1004,3,260
360470740002003,Brooklyn,40.62577949999999,-73.94135801856123,42,17,11
360470740002005,Brooklyn,40.6261125,-73.94073727272726,28,0,1
360470742001001,Brooklyn,40.6279605,-73.94369796392724,15,0,0
360470742001002,Brooklyn,40.62823349999999,-73.94471004265998,2029,213,991
360470742001003,Brooklyn,40.628131999999994,-73.94563873943956,4,1,1
360470742001004,Brooklyn,40.6259445,-73.9433325211297,14,3,9
360470742001005,Brooklyn,40.625843,-73.944259497196,38,1,28
360470742002000,Brooklyn,40.628026,-73.94660156825972,6218,255,613
360470742002001,Brooklyn,40.625635,-73.94614971653219,110,87,78
360470742002002,Brooklyn,40.625742,-73.94518702414291,13,1,7
360470744001000,Brooklyn,40.6236585,-73.94193599918752,28,7,3
360470744001001,Brooklyn,40.623554999999996,-73.9428807636738,3,1,2
360470744001002,Brooklyn,40.6234535,-73.94380723943515,8,3,5
360470744001003,Brooklyn,40.623352,-73.94473382755224,30,4,13
360470744002000,Brooklyn,40.621573,-73.94154129796947,1,1,0
360470744002001,Brooklyn,40.621463500000004,-73.94248154374947,160,0,63
360470744002002,Brooklyn,40.621063,-73.94335428478493,5,3,3
360470744002003,Brooklyn,40.620960499999995,-73.94428069400944,105,2,45
360470744002004,Brooklyn,40.6203945,-73.94132051186692,2,2,0
360470746001001,Brooklyn,40.61999399999999,-73.93834997798923,14,0,7
360470746001003,Brooklyn,40.6193375,-73.94014403359168,3,3,0
360470746001004,Brooklyn,40.618727,-73.94100513830543,2,1,0
360470746001005,Brooklyn,40.6181115,-73.94184870293347,186,19,128
360470746001006,Brooklyn,40.618135499999994,-73.9425667652296,30,0,19
360470746002001,Brooklyn,40.6190545,-73.94226493943395,21,0,5
360470746002002,Brooklyn,40.619204499999995,-73.9430039531988,13,7,9
360470746002003,Brooklyn,40.618696,-73.94385485109115,64,0,26
360470746002004,Brooklyn,40.6184655,-73.94479244084914,111,48,65
360470746002005,Brooklyn,40.6183535,-73.94579058119082,345,37,190
360470746002006,Brooklyn,40.616575,-73.94545104901442,5,2,1
360470746002007,Brooklyn,40.61644149999999,-73.94463824892887,21,0,10
360470748001000,Brooklyn,40.6231355,-73.94669452230181,149,6,122
360470748001001,Brooklyn,40.6230295,-73.947657239335,15,0,4
360470748001002,Brooklyn,40.6229275,-73.94858373653135,10,2,2
360470748001003,Brooklyn,40.6205375,-73.94813178459836,8,6,2
360470748001004,Brooklyn,40.6206385,-73.94720493340665,2,2,0
360470748001005,Brooklyn,40.6207455,-73.9462416135901,201,155,124
360470748002000,Brooklyn,40.623245,-73.94569619310909,715,2,402
360470748002001,Brooklyn,40.62085449999999,-73.94524290975191,202,155,86
360470750001000,Brooklyn,40.6279155,-73.94759993230835,206,41,91
360470750001001,Brooklyn,40.627810499999995,-73.94856252132999,3,3,0
360470750001002,Brooklyn,40.627708,-73.94948840947495,41,2,2
360470750001003,Brooklyn,40.6276065,-73.95041717528255,11,3,3
360470750002000,Brooklyn,40.625525499999995,-73.94714780664447,83,7,27
360470750002001,Brooklyn,40.62541999999999,-73.94811,12,0,1
360470750002002,Brooklyn,40.6253185,-73.94903626346866,16,14,6
360470750002003,Brooklyn,40.62521649999999,-73.94996553935562,6,1,4
360470752001000,Brooklyn,40.627503499999996,-73.95136346173533,40,7,8
360470752001001,Brooklyn,40.627397,-73.95232395483376,74,60,55
360470752001002,Brooklyn,40.6272945,-73.95326911180439,69,0,45
360470752001003,Brooklyn,40.627191499999995,-73.95419636652673,6,2,2
360470752001005,Brooklyn,40.624903,-73.95281571518763,3,1,1
360470752001006,Brooklyn,40.625007,-73.95187180629016,5,3,1
360470752001007,Brooklyn,40.6251125,-73.95091112647022,21,5,4
360470754001000,Brooklyn,40.6228265,-73.94951109088926,19,8,12
360470754001001,Brooklyn,40.622721999999996,-73.95045597659126,159,0,136
360470754001002,Brooklyn,40.6226165,-73.95141745441589,79,73,7
360470754001003,Brooklyn,40.6225135,-73.95236319967896,12,2,4
360470754002000,Brooklyn,40.620435,-73.94905826076956,29,14,17
360470754002001,Brooklyn,40.620331,-73.95000226097866,2,2,0
360470754002002,Brooklyn,40.620226,-73.95096395608532,4,4,1
360470756001000,Brooklyn,40.61824849999999,-73.94675437178303,39,0,14
360470756001001,Brooklyn,40.618145999999996,-73.94768047607579,16,11,6
360470756001002,Brooklyn,40.61616,-73.94731200853369,122,120,52
360470756001003,Brooklyn,40.616424499999994,-73.94641074190501,3,3,0
360470756001005,Brooklyn,40.614409499999994,-73.94731805338984,17,17,9
360470756002000,Brooklyn,40.618044,-73.9486068883364,5,2,3
360470756002001,Brooklyn,40.617941,-73.94955252284021,1,1,1
360470756002002,Brooklyn,40.615414,-73.94907720896848,15,3,3
360470756002003,Brooklyn,40.6158765,-73.94820767850277,14,7,2
360470758001000,Brooklyn,40.617835,-73.95051525998934,1,0,0
360470758001001,Brooklyn,40.6177315,-73.95145991003983,2,2,2
360470758001002,Brooklyn,40.617631,-73.9523881564819,7,4,1
360470758001004,Brooklyn,40.6159375,-73.95112296277391,236,4,205
360470758001005,Brooklyn,40.615584,-73.95009090464112,13,2,0
360470758001007,Brooklyn,40.615235999999996,-73.95193866108588,3,0,2
360470758002000,Brooklyn,40.61752799999999,-73.95331523923045,5,0,2
360470758002001,Brooklyn,40.61772,-73.95435341405269,57,18,34
360470758002003,Brooklyn,40.6144025,-73.95272386517226,3,0,0
360470760001000,Brooklyn,40.622411,-73.95329275860418,1,0,0
360470760001001,Brooklyn,40.6223095,-73.95421982972383,5,3,2
360470760001002,Brooklyn,40.6199185,-73.95376726077404,3,2,1
360470760001003,Brooklyn,40.62002,-73.95284036662918,78,0,39
360470760002000,Brooklyn,40.622241,-73.95493864736622,117,0,93
360470760002001,Brooklyn,40.622241,-73.95546598612316,22,2,4
360470760002002,Brooklyn,40.619811,-73.95474709045249,58,17,19
360470760003000,Brooklyn,40.622079,-73.95631601016305,29,3,10
360470760003001,Brooklyn,40.6219615,-73.95738806717213,9,4,4
360470762001000,Brooklyn,40.6270895,-73.95512393380722,5,0,3
360470762001001,Brooklyn,40.6246995,-73.95467254225942,5,5,1
360470762001002,Brooklyn,40.62440649999999,-73.95561625838218,7,4,3
360470762002000,Brooklyn,40.62674199999999,-73.95829580867,98,80,78
360470762002001,Brooklyn,40.624351,-73.95784093320098,2,2,0
360470762002002,Brooklyn,40.624349499999994,-73.95674544100419,20,15,5
360470762003000,Brooklyn,40.626982,-73.95610407154811,93,46,34
360470762003001,Brooklyn,40.626851,-73.9572213380182,56,5,23
360470764001000,Brooklyn,40.634096,-73.95859021849088,20,10,11
360470764001001,Brooklyn,40.6340655,-73.95968121825688,7,2,5
360470764002000,Brooklyn,40.6316415,-73.95812645513222,16,7,9
360470764002001,Brooklyn,40.6315245,-73.95919928454981,1,1,0
360470764003000,Brooklyn,40.629983499999994,-73.95781199973138,2,0,0
360470766001000,Brooklyn,40.634261499999994,-73.95648012789312,4,2,3
360470766001001,Brooklyn,40.6341525,-73.95745984263553,34,18,16
360470766001002,Brooklyn,40.6320445,-73.95706099893452,2,1,0
360470766001003,Brooklyn,40.632223499999995,-73.95609460854298,3,3,2
360470768001000,Brooklyn,40.621857000000006,-73.95834071801576,24,0,12
360470768001001,Brooklyn,40.6217295,-73.95950913294297,3,3,3
360470768001002,Brooklyn,40.621623,-73.96045526275215,1,0,0
360470768001003,Brooklyn,40.619991999999996,-73.95944154011823,640,2,547
360470768001004,Brooklyn,40.619757,-73.96083466678546,54,0,30
360470768001005,Brooklyn,40.619555,-73.96174635044451,20,15,14
360470768001007,Brooklyn,40.618793,-73.96038397385819,70,0,22
360470768001008,Brooklyn,40.618307,-73.95960352824399,226,150,153
360470768001009,Brooklyn,40.618621999999995,-73.95866874256197,78,11,22
360470768001010,Brooklyn,40.6181085,-73.96053142959184,31,22,23
360470768002000,Brooklyn,40.619356499999995,-73.96265460015879,3,2,0
360470768002001,Brooklyn,40.618965,-73.96356385223515,106,0,62
360470768002002,Brooklyn,40.617833000000005,-73.96334848508894,3,0,1
360470768002003,Brooklyn,40.618061999999995,-73.9624099466898,96,1,39
360470768002004,Brooklyn,40.617435,-73.96229107038079,1206,44,196
360470768002005,Brooklyn,40.61710649999999,-73.9632091509878,492,65,228
360470768002007,Brooklyn,40.615776499999996,-73.9629619397436,198,0,113
360470768003000,Brooklyn,40.6164815,-73.95901517878954,3,0,1
360470768003001,Brooklyn,40.6178505,-73.96040118629338,127,14,47
360470768003002,Brooklyn,40.6176525,-73.9613879485648,45,17,12
360470768003003,Brooklyn,40.616361,-73.96114330791039,67,67,22
360470768003004,Brooklyn,40.6165605,-73.96023474278522,264,149,69
360470768003005,Brooklyn,40.61645849999999,-73.95948353103448,60,11,20
360470768003006,Brooklyn,40.6161625,-73.96205030816517,9,1,3
360470770001000,Brooklyn,40.635126,-73.95074900690855,74,6,36
360470770001001,Brooklyn,40.634732,-73.9513294649853,4,0,0
360470770001002,Brooklyn,40.634901,-73.95203149393559,11,3,6
360470770002000,Brooklyn,40.636786,-73.95311807943925,8,1,0
360470770002002,Brooklyn,40.636668,-73.95504254580587,1,0,0
360470770002004,Brooklyn,40.636151,-73.95683719011129,6,0,2
360470770002005,Brooklyn,40.635866,-73.9577831511101,7,0,3
360470770002006,Brooklyn,40.636486999999995,-73.95205287268519,9,1,0
360470772001000,Brooklyn,40.634674,-73.95271712721839,12,1,7
360470772001001,Brooklyn,40.6345695,-73.95367965748177,23,23,21
360470772001003,Brooklyn,40.634364,-73.9555517427815,1,0,1
360470772001004,Brooklyn,40.632531,-73.9552051524179,2,1,1
360470772001005,Brooklyn,40.632683,-73.95379539036415,142,0,123
360470772002000,Brooklyn,40.632779,-73.95139311874999,14,0,9
360470772002001,Brooklyn,40.632839499999996,-73.9523703139044,677,0,588
360470772002004,Brooklyn,40.629414999999995,-73.9507580114206,27,0,0
360470772002005,Brooklyn,40.629363999999995,-73.95171161756373,37,11,17
360470772002007,Brooklyn,40.630848,-73.95453755230687,131,21,32
360470772002008,Brooklyn,40.6289995,-73.95453845630013,2,0,1
360470772002009,Brooklyn,40.629103,-73.95361037109043,4,3,2
360470772002010,Brooklyn,40.628847,-73.95645618315143,201,2,60
360470772002011,Brooklyn,40.628898,-73.9554650899621,7,0,0
360470774001000,Brooklyn,40.6333935,-73.94890883124634,135,25,25
360470774001001,Brooklyn,40.6327925,-73.94952382979032,73,11,25
360470774001003,Brooklyn,40.632165,-73.94809943251533,354,91,136
360470774001004,Brooklyn,40.632459499999996,-73.94745554831289,200,6,130
360470774002000,Brooklyn,40.631179,-73.94671400983854,792,0,131
360470774002002,Brooklyn,40.6296095,-73.94687789975421,13,8,6
360470774002003,Brooklyn,40.6296755,-73.94790733118052,78,3,37
360470774002004,Brooklyn,40.629566499999996,-73.94936777779516,101,59,40
360470774002005,Brooklyn,40.629687000000004,-73.94490185585586,6,6,2
360470776001002,Brooklyn,40.631523,-73.94315049941987,10,6,7
360470776001003,Brooklyn,40.63142499999999,-73.94508272835758,449,2,118
360470776001004,Brooklyn,40.631179,-73.94573605223124,62,62,28
360470776002000,Brooklyn,40.6302605,-73.94205826578632,35,0,20
360470776002001,Brooklyn,40.630123999999995,-73.94299983955369,14,8,9
360470776002002,Brooklyn,40.6303785,-73.94428503805074,66,29,26
360470776003004,Brooklyn,40.630418,-73.94109792647058,30,30,4
360470780001000,Brooklyn,40.6357565,-73.93787401305946,4,0,0
360470780002000,Brooklyn,40.6337445,-73.93765997716233,9,3,1
360470780002002,Brooklyn,40.633334,-73.93951481912188,1,1,0
360470780002003,Brooklyn,40.633275999999995,-73.94044725755064,20,0,15
360470782001001,Brooklyn,40.638002,-73.939072,2,0,0
360470782001002,Brooklyn,40.6379435,-73.94000575691172,2,0,0
360470782002001,Brooklyn,40.637071,-73.94374586905928,1,0,0
360470784001000,Brooklyn,40.63552249999999,-73.94164505114105,9,0,4
360470784001001,Brooklyn,40.635459499999996,-73.94261416703728,2,0,0
360470784002000,Brooklyn,40.6332155,-73.94139817792373,3,0,1
360470784002002,Brooklyn,40.633097,-73.94331999841432,14,0,2
360470784002003,Brooklyn,40.6330385,-73.94427079606766,20,6,6
360470786011000,Brooklyn,40.635104,-73.94839819361047,20,3,2
360470786011001,Brooklyn,40.635482999999994,-73.94939028771131,36,17,9
360470786011002,Brooklyn,40.635352499999996,-73.95008887387891,3,0,2
360470786012000,Brooklyn,40.632922,-73.9462113817871,20,4,5
360470786012001,Brooklyn,40.633442,-73.94723764797713,69,0,13
360470786012002,Brooklyn,40.6333935,-73.94799611736983,10,0,1
360470786021000,Brooklyn,40.632977499999996,-73.945248743587,17,7,8
360470786022000,Brooklyn,40.635084,-73.94548861649588,20,0,5
360470786022001,Brooklyn,40.635054,-73.94645262995594,18,0,6
360470786022002,Brooklyn,40.635163,-73.94740946197702,87,0,44
360470788011000,Brooklyn,40.637407499999995,-73.94862421775366,23,2,2
360470788011001,Brooklyn,40.63735,-73.94957574390764,3,0,0
360470788012000,Brooklyn,40.63728999999999,-73.95053733624951,91,4,72
360470788012001,Brooklyn,40.63766199999999,-73.95156385785988,63,0,13
360470788012002,Brooklyn,40.638036,-73.95264353120893,82,0,10
360470788021000,Brooklyn,40.6380895,-73.9458289744549,14,0,3
360470788021001,Brooklyn,40.638033,-73.94727757749581,205,18,121
360470790011000,Brooklyn,40.641325499999994,-73.95484616607992,7,5,1
360470790011001,Brooklyn,40.64253049999999,-73.95650572156862,252,1,56
360470790011002,Brooklyn,40.641271499999995,-73.9558602475538,24,0,1
360470790011003,Brooklyn,40.640068,-73.95471542024555,24,2,10
360470790021000,Brooklyn,40.6418865,-73.95201399999999,15,0,8
360470790021001,Brooklyn,40.6402575,-73.95184142071918,7,1,3
360470790021002,Brooklyn,40.639089,-73.95171733151382,26,14,6
360470790022000,Brooklyn,40.641827,-73.95296547392441,16,16,13
360470790023000,Brooklyn,40.640199499999994,-73.95279206536071,3,0,0
360470790023001,Brooklyn,40.640141,-73.95374302546311,20,0,5
360470790023002,Brooklyn,40.6390195,-73.9536094005525,37,4,9
360470792011000,Brooklyn,40.6459505,-73.95669441342105,546,8,175
360470792011001,Brooklyn,40.644864,-73.95732948108335,25,2,8
360470792011002,Brooklyn,40.6443595,-73.9572739380492,25,3,10
360470792011004,Brooklyn,40.644454999999994,-73.95518302176214,2,2,0
360470792011005,Brooklyn,40.6435165,-73.95508051363657,40,0,20
360470792011007,Brooklyn,40.643429999999995,-73.9571386076341,34,0,6
360470792021000,Brooklyn,40.645849,-73.95228578359973,14,3,2
360470792021001,Brooklyn,40.6457985,-73.95334056785556,2,0,1
360470792021002,Brooklyn,40.6457255,-73.95463073425961,3,0,3
360470792021005,Brooklyn,40.64460749999999,-73.95217624068334,7,6,3
360470792022000,Brooklyn,40.643668,-73.95220361532307,6,0,0
360470792022002,Brooklyn,40.643572,-73.95411026815881,49,0,5
360470794001000,Brooklyn,40.650161999999995,-73.95266676709096,7,7,6
360470794001001,Brooklyn,40.65010699999999,-73.95383608625183,87,2,66
360470794001002,Brooklyn,40.650048999999996,-73.95528046167743,86,4,64
360470794001003,Brooklyn,40.6492195,-73.95258452831807,5,0,1
360470794001005,Brooklyn,40.6491405,-73.95446972594502,12,10,8
360470794001006,Brooklyn,40.649105999999996,-73.95529459786786,14,0,5
360470794001007,Brooklyn,40.648319,-73.9542708456114,169,0,146
360470794001008,Brooklyn,40.6483955,-73.95251180722055,3,0,3
360470794002000,Brooklyn,40.647383000000005,-73.9524219804374,4,4,0
360470794002001,Brooklyn,40.64734,-73.9534467521864,62,0,37
360470794002003,Brooklyn,40.647264,-73.95529861684064,2,0,1
360470794002004,Brooklyn,40.6470675,-73.95690378270012,232,0,58
360470794003000,Brooklyn,40.64995499999999,-73.95720369294935,803,35,530
360470794003001,Brooklyn,40.6482005,-73.95697878524899,283,2,133
360470796011000,Brooklyn,40.656115,-73.95893303848413,28,5,16
360470796011001,Brooklyn,40.655929,-73.95790859288097,6,1,6
360470796011002,Brooklyn,40.655342,-73.95806574028586,35,19,16
360470796012000,Brooklyn,40.657763,-73.95847484283199,9,1,4
360470796012001,Brooklyn,40.6569975,-73.95834917395692,47,0,17
360470796021000,Brooklyn,40.654101,-73.95787572705696,130,32,52
360470796021001,Brooklyn,40.653302999999994,-73.95775690811844,107,37,38
360470796022000,Brooklyn,40.652620999999996,-73.9579071368035,8,3,1
360470796022001,Brooklyn,40.651756999999996,-73.95750336040763,325,0,96
360470796022002,Brooklyn,40.650870999999995,-73.95734690388556,276,22,154
360470798011000,Brooklyn,40.661457,-73.95886016689516,35,20,14
360470798011001,Brooklyn,40.660773500000005,-73.95877764126016,9,0,7
360470798012000,Brooklyn,40.6598785,-73.95870256981128,45,1,18
360470798012001,Brooklyn,40.6591595,-73.95864014390558,27,1,5
360470798012002,Brooklyn,40.65859449999999,-73.95859066912799,39,2,10
360470798021000,Brooklyn,40.6573925,-73.96202064285714,29,7,8
360470798022000,Brooklyn,40.660402500000004,-73.96130350980391,35,2,5
360470798022001,Brooklyn,40.658998999999994,-73.96120127665795,96,32,30
360470798023000,Brooklyn,40.657652,-73.96104922717963,78,14,20
360470798023001,Brooklyn,40.656014,-73.96023057025911,58,17,8
360470798023002,Brooklyn,40.6556765,-73.9609187497353,33,3,6
360470800001000,Brooklyn,40.661871500000004,-73.95221221351153,30,0,7
360470800001001,Brooklyn,40.6616765,-73.95532929637,19,9,10
360470800002000,Brooklyn,40.6611075,-73.95213021723974,35,0,8
360470800002001,Brooklyn,40.660914,-73.95524720146489,5,1,4
360470800002002,Brooklyn,40.6601895,-73.9551687287222,28,8,15
360470800003000,Brooklyn,40.6603825,-73.95205345959619,102,7,74
360470800003001,Brooklyn,40.659671,-73.95197677268555,30,0,16
360470800003002,Brooklyn,40.6594785,-73.95509273374898,7,1,5
360470802001000,Brooklyn,40.65896,-73.951900394723,32,2,14
360470802001001,Brooklyn,40.6587655,-73.9550167859281,9,6,4
360470802001002,Brooklyn,40.658176,-73.95181765641388,21,4,6
360470802002000,Brooklyn,40.657377999999994,-73.95173318114647,52,2,11
360470802002001,Brooklyn,40.6567115,-73.95166177125748,315,2,269
360470802002002,Brooklyn,40.6566095,-73.95478614242936,6,1,2
360470802002003,Brooklyn,40.656164000000004,-73.95473800836041,188,0,160
360470802003000,Brooklyn,40.6579835,-73.95493410173188,16,4,6
360470802003001,Brooklyn,40.6571845,-73.95484862228385,19,9,8
360470804001000,Brooklyn,40.66205,-73.94932018512775,30,2,8
360470804001001,Brooklyn,40.661288,-73.94923837137313,74,0,45
360470804001002,Brooklyn,40.660562,-73.94916037323944,36,12,10
360470804002000,Brooklyn,40.6597725,-73.94907636376405,16,0,2
360470804002001,Brooklyn,40.6591405,-73.94900791282342,37,0,28
360470804003000,Brooklyn,40.658362,-73.9489245103083,260,2,196
360470804003001,Brooklyn,40.657559,-73.94883984199801,31,0,4
360470804003002,Brooklyn,40.656766,-73.94875592275662,174,5,128
360470804003003,Brooklyn,40.655927,-73.94866153950943,177,138,143
360470806001000,Brooklyn,40.66254,-73.94139737424777,17,10,7
360470806001001,Brooklyn,40.662368,-73.94419302774489,208,8,72
360470806001002,Brooklyn,40.662206999999995,-73.9467326529964,125,0,59
360470806001003,Brooklyn,40.661447499999994,-73.94665994868176,6,1,1
360470806001006,Brooklyn,40.66077249999999,-73.94578641362361,3,0,0
360470806001007,Brooklyn,40.6606675,-73.94750556605953,2,0,0
360470806002000,Brooklyn,40.6617775,-73.94132652046042,1,0,1
360470806002001,Brooklyn,40.661601000000005,-73.94412704813772,48,0,16
360470806002002,Brooklyn,40.66087949999999,-73.94404989900727,4,4,4
360470806002003,Brooklyn,40.661052999999995,-73.94124976550978,5,0,2
360470808001000,Brooklyn,40.657189,-73.93528039896891,994,0,794
360470808001001,Brooklyn,40.6568585,-73.94344706392963,5837,105,5430
360470808001002,Brooklyn,40.658947,-73.94103315637318,648,5,543
360470810001000,Brooklyn,40.660249,-73.94116682090643,19,0,1
360470810001001,Brooklyn,40.66016449999999,-73.94332669744125,17,0,11
360470810001002,Brooklyn,40.660344499999994,-73.94405995560345,4,0,1
360470810001003,Brooklyn,40.6601515,-73.94666318107477,2,0,2
360470810001004,Brooklyn,40.6598385,-73.94648801787787,62,0,53
360470810002000,Brooklyn,40.658598999999995,-73.94381616951378,306,0,272
360470810002001,Brooklyn,40.6592985,-73.94642995789837,3,0,0
360470810002002,Brooklyn,40.658531499999995,-73.94634725332338,15,9,9
360470810002003,Brooklyn,40.6577315,-73.94626321819781,9,0,5
360470814001000,Brooklyn,40.6554605,-73.93900742713467,4,0,0
360470814001001,Brooklyn,40.6554005,-73.93997768508031,14,1,8
360470814001002,Brooklyn,40.654004,-73.93982757098797,4,0,0
360470814001004,Brooklyn,40.6523215,-73.93867023908741,31,0,11
360470814001005,Brooklyn,40.652266499999996,-73.93964121188579,42,16,15
360470814002000,Brooklyn,40.6553425,-73.94092928948719,219,0,194
360470814002001,Brooklyn,40.655283,-73.94186275547439,42,0,13
360470814002002,Brooklyn,40.6538865,-73.94171252559286,4,4,0
360470814002004,Brooklyn,40.6522125,-73.94059372743902,11,2,1
360470814002005,Brooklyn,40.652159999999995,-73.94152755222343,41,0,15
360470816001000,Brooklyn,40.6552265,-73.94280608434522,31,0,7
360470816001001,Brooklyn,40.655085,-73.94518765404588,1371,201,644
360470816001002,Brooklyn,40.653662499999996,-73.94551939056268,33,33,32
360470816001003,Brooklyn,40.6537225,-73.94456810571674,17,0,7
360470816001004,Brooklyn,40.653780499999996,-73.94360090318428,2,1,2
360470816001005,Brooklyn,40.6538335,-73.94264966558049,10,0,4
360470816002000,Brooklyn,40.652101,-73.94246099541775,13,0,7
360470816002001,Brooklyn,40.652041499999996,-73.94341277473163,6,1,5
360470816002002,Brooklyn,40.6520105,-73.94438506569489,7,2,2
360470816002003,Brooklyn,40.6519595,-73.94533768982774,17,0,4
360470818001000,Brooklyn,40.6549955,-73.94855933084577,38,5,9
360470818001001,Brooklyn,40.65315749999999,-73.94836725213491,33,15,9
360470818002000,Brooklyn,40.653597,-73.94646868214735,12,0,7
360470818002001,Brooklyn,40.652325,-73.94633622917793,89,0,31
360470818002003,Brooklyn,40.651531,-73.94748055849865,15,0,4
360470818002004,Brooklyn,40.651323999999995,-73.94816583576892,13,5,0
360470818003000,Brooklyn,40.652248,-73.94827191691857,50,14,14
360470818003001,Brooklyn,40.651276499999994,-73.94912638614048,25,0,4
360470820001000,Brooklyn,40.655752,-73.9515578563828,174,0,76
360470820001001,Brooklyn,40.6547,-73.95144469309794,41,13,8
360470820002000,Brooklyn,40.65339349999999,-73.95130549113173,50,7,13
360470820003000,Brooklyn,40.652094,-73.95116629025424,64,5,29
360470820003001,Brooklyn,40.6511765,-73.9510674956548,64,4,12
360470822001000,Brooklyn,40.655562499999995,-73.95467358786709,31,4,10
360470822002000,Brooklyn,40.654737,-73.95458552712265,17,0,2
360470822003000,Brooklyn,40.652879,-73.95438773684211,243,18,142
360470822004000,Brooklyn,40.65192999999999,-73.95428611538875,107,3,74
360470822004001,Brooklyn,40.6510195,-73.95418967245129,46,4,14
360470824001000,Brooklyn,40.65002749999999,-73.94733174990509,35,1,12
360470824001001,Brooklyn,40.65002749999999,-73.9468359895387,4,1,3
360470824001002,Brooklyn,40.649947,-73.94802907779997,14,3,4
360470824001003,Brooklyn,40.647887,-73.94712601457832,11,0,1
360470824002000,Brooklyn,40.64797299999999,-73.94782098297125,4,4,0
360470824002001,Brooklyn,40.647533499999994,-73.94873190314617,27,0,2
360470824003000,Brooklyn,40.64929599999999,-73.95086732889663,7,0,1
360470824003001,Brooklyn,40.648467999999994,-73.95077816127402,2017,0,1735
360470824003002,Brooklyn,40.64749499999999,-73.94970505134403,24,0,21
360470824003003,Brooklyn,40.6474575,-73.95065847136038,1,1,1
360470824003004,Brooklyn,40.647416,-73.95162240615274,18,2,8
360470824004000,Brooklyn,40.650293500000004,-73.9490260202883,126,2,66
360470824004001,Brooklyn,40.650248,-73.95042578176886,77,10,30
360470824004002,Brooklyn,40.6501925,-73.95187599125873,12,0,2
360470826001000,Brooklyn,40.6460895,-73.94665332088681,5,3,2
360470826001001,Brooklyn,40.646088,-73.94761802988752,1,1,0
360470826001002,Brooklyn,40.646039,-73.9485720724879,19,0,3
360470826002002,Brooklyn,40.6447965,-73.94843850247898,4,0,0
360470826002003,Brooklyn,40.643866,-73.94833843903035,8,1,2
360470826002005,Brooklyn,40.643992,-73.94668643931624,1,0,0
360470826003000,Brooklyn,40.64475,-73.94941046243687,3,0,0
360470826003001,Brooklyn,40.644701999999995,-73.95036318834451,16,0,5
360470826003002,Brooklyn,40.644648,-73.95132460193531,5,0,0
360470826003003,Brooklyn,40.643716,-73.95122489729371,18,18,17
360470826003004,Brooklyn,40.64376349999999,-73.95026202299348,6,0,0
360470826003005,Brooklyn,40.643817,-73.94930961133221,58,2,11
360470826004000,Brooklyn,40.645989,-73.9495440248904,11,0,1
360470826004001,Brooklyn,40.645942,-73.95049709218846,18,18,6
360470826004002,Brooklyn,40.645893,-73.95145856484109,2,0,0
360470828001000,Brooklyn,40.642125,-73.94815273046882,28,4,14
360470828001001,Brooklyn,40.640496999999996,-73.94797928399979,32,7,7
360470828001002,Brooklyn,40.64043649999999,-73.94894950608534,32,0,7
360470828002000,Brooklyn,40.6403785,-73.94990126013337,15,0,3
360470828002001,Brooklyn,40.64031849999999,-73.95086196767465,2,0,2
360470828002002,Brooklyn,40.639149499999995,-73.95073700312608,16,0,4
360470828002003,Brooklyn,40.6393655,-73.9497919852565,3,0,0
360470828002004,Brooklyn,40.639394499999995,-73.94883745922746,14,0,1
360470828002005,Brooklyn,40.638676000000004,-73.94875951303268,15,1,1
360470828003000,Brooklyn,40.6420655,-73.9491224739017,22,3,2
360470828003001,Brooklyn,40.642006499999994,-73.95007449914112,13,0,10
360470828003002,Brooklyn,40.6419475,-73.95103552604067,74,35,54
360470830001002,Brooklyn,40.6421845,-73.94720055193977,16,0,3
360470830001003,Brooklyn,40.6405545,-73.94702692497549,109,0,97
360470830001005,Brooklyn,40.640762499999994,-73.94584469296987,2,2,0
360470830002001,Brooklyn,40.6422045,-73.94525104620737,13,1,3
360470830002002,Brooklyn,40.6407775,-73.94509833567707,16,0,6
360470830002004,Brooklyn,40.640793,-73.94318474731494,6,5,3
360470830003000,Brooklyn,40.639538,-73.94328296971932,6,5,2
360470830003001,Brooklyn,40.6398965,-73.94404384499208,2,2,0
360470830004000,Brooklyn,40.6394045,-73.94689538443396,96,0,4
360470832001000,Brooklyn,40.6426005,-73.94050316585172,2,0,2
360470832001002,Brooklyn,40.640224,-73.94118996146645,4,0,1
360470832001003,Brooklyn,40.640283,-73.94025580839548,1,0,0
360470832002000,Brooklyn,40.642484499999995,-73.94238953879915,16,0,0
360470832002002,Brooklyn,40.639993,-73.9421245025641,51,3,38
360470834001000,Brooklyn,40.642776999999995,-73.93764781954351,19,0,1
360470834001002,Brooklyn,40.642658999999995,-73.93956997402981,1,0,0
360470834002000,Brooklyn,40.640461,-73.93740188606279,8,0,0
360470834002002,Brooklyn,40.6403405,-73.93932252606936,1,1,1
360470836001002,Brooklyn,40.635991,-73.93403193505905,21,17,13
360470836001003,Brooklyn,40.6360525,-73.93308239871067,134,0,105
360470836002000,Brooklyn,40.638238,-73.93524697409063,2,2,0
360470836002001,Brooklyn,40.638178499999995,-73.93619923025632,4,0,0
360470836002002,Brooklyn,40.6381195,-73.93715197395349,80,0,70
360470836002003,Brooklyn,40.635815,-73.93690421722368,100,0,20
360470836002004,Brooklyn,40.6358735,-73.93595124361514,40,0,26
360470836002005,Brooklyn,40.635932499999996,-73.93500002642008,103,4,59
360470838001000,Brooklyn,40.6430145,-73.93382270548356,58,0,29
360470838001002,Brooklyn,40.642900999999995,-73.93574503712435,54,0,8
360470838002000,Brooklyn,40.640696500000004,-73.9335763083711,27,0,19
360470838002001,Brooklyn,40.6406405,-73.93452836064357,117,0,97
360470838002002,Brooklyn,40.64057699999999,-73.93549726462052,9,0,2
360470838002003,Brooklyn,40.640518,-73.93644928363695,21,9,1
360470840001000,Brooklyn,40.6432525,-73.92997973080725,53,0,11
360470840001001,Brooklyn,40.643193,-73.93094925630984,77,0,66
360470840001002,Brooklyn,40.643133500000005,-73.93190134696785,33,0,16
360470840001003,Brooklyn,40.643071,-73.93287111416291,16,0,0
360470840002000,Brooklyn,40.640934,-73.929733,158,0,87
360470840002001,Brooklyn,40.640874499999995,-73.93070151239846,3,0,2
360470840002002,Brooklyn,40.640813,-73.93165286930977,5,5,5
360470840002003,Brooklyn,40.6407555,-73.93262390058884,21,1,3
360470846001001,Brooklyn,40.6434345,-73.92705280827165,5,0,0
360470846001002,Brooklyn,40.643373499999996,-73.92800443456437,2,0,0
360470846001003,Brooklyn,40.643315,-73.9289740383791,56,0,12
360470846002000,Brooklyn,40.640974,-73.92594763547008,15,0,0
360470846002001,Brooklyn,40.6411145,-73.92680619180902,7,7,6
360470846002002,Brooklyn,40.6410565,-73.92775682221756,10,0,4
360470846002003,Brooklyn,40.6409955,-73.92872671737182,151,2,55
360470848001003,Brooklyn,40.6472815,-73.92939821610229,49,0,21
360470848002001,Brooklyn,40.645883,-73.9273135032727,19,0,15
360470848002002,Brooklyn,40.645467499999995,-73.928228015625,1,1,1
360470848002003,Brooklyn,40.645118499999995,-73.92916774982635,26,14,16
360470850001000,Brooklyn,40.64721899999999,-73.93040330120365,33,0,12
360470850001002,Brooklyn,40.6470985,-73.93232671135655,7,0,4
360470850001003,Brooklyn,40.6457565,-73.93218010397545,1,0,0
360470850001005,Brooklyn,40.645033999999995,-73.93017043751993,125,0,82
360470850001007,Brooklyn,40.6446675,-73.9330416173543,1,1,1
360470854001000,Brooklyn,40.646007,-73.94374224484537,115,0,73
360470854001003,Brooklyn,40.645033,-73.94363811920394,4,0,0
360470854001004,Brooklyn,40.644983499999995,-73.94459117673597,1,0,0
360470854001005,Brooklyn,40.64494,-73.94554428052659,2,2,0
360470854002002,Brooklyn,40.644302999999994,-73.9397458609553,1,0,1
360470854002008,Brooklyn,40.644009,-73.94544420635535,1,0,1
360470856001000,Brooklyn,40.6502225,-73.94321674908812,7,0,0
360470856001001,Brooklyn,40.6501715,-73.9441881673539,92,0,40
360470856001002,Brooklyn,40.650113,-73.94514034125933,13,0,2
360470856002000,Brooklyn,40.648927,-73.94327485880905,7,0,1
360470856002001,Brooklyn,40.647828000000004,-73.94393754131653,33,0,16
360470856002002,Brooklyn,40.648118999999994,-73.9449277515238,4,3,3
360470856003000,Brooklyn,40.650122999999994,-73.94609864517875,11,0,2
360470856003001,Brooklyn,40.647935499999996,-73.94586796834105,5,5,1
360470856003002,Brooklyn,40.646119999999996,-73.94567310300243,5,2,2
360470858001000,Brooklyn,40.6505865,-73.93656754626772,6,0,1
360470858001001,Brooklyn,40.6505345,-73.93752012440054,38,0,22
360470858001002,Brooklyn,40.65048,-73.93848007238819,7,0,2
360470858002000,Brooklyn,40.650422999999996,-73.93945170953296,4,0,2
360470858002001,Brooklyn,40.6503705,-73.94039530436915,39,0,13
360470858002002,Brooklyn,40.6503115,-73.9413279830986,15,0,6
360470860001000,Brooklyn,40.650899499999994,-73.93079845158206,56,12,12
360470860001001,Brooklyn,40.650848499999995,-73.93176920598869,28,0,3
360470860001003,Brooklyn,40.649114999999995,-73.9306058360531,6,1,0
360470860002000,Brooklyn,40.650797999999995,-73.93272048895065,62,2,35
360470860002001,Brooklyn,40.6507465,-73.93369096287941,37,21,34
360470860002002,Brooklyn,40.649307,-73.93353675715147,7,7,6
360470860003000,Brooklyn,40.650692,-73.9346439684592,12,9,4
360470860003001,Brooklyn,40.65064099999999,-73.93559717846435,58,0,48
360470860003002,Brooklyn,40.649223,-73.93544004882267,12,0,10
360470862001000,Brooklyn,40.651334,-73.92692016996378,28,4,9
360470862001001,Brooklyn,40.649354,-73.92670766474478,31,0,14
360470862002000,Brooklyn,40.649294499999996,-73.92767774221588,4,4,3
360470862002002,Brooklyn,40.649176499999996,-73.92959927450727,30,0,10
360470862003000,Brooklyn,40.65123199999999,-73.92788503724017,21,0,10
360470862003001,Brooklyn,40.6510835,-73.92882764974814,95,10,83
360470862003002,Brooklyn,40.650953,-73.92979031938532,101,19,48
360470864001004,Brooklyn,40.654849999999996,-73.92340960029352,2,0,0
360470864001006,Brooklyn,40.6550175,-73.92266851992119,1,0,1
360470864002000,Brooklyn,40.653081,-73.92135298913044,286,0,240
360470864002003,Brooklyn,40.6535145,-73.92329445683936,75,0,22
360470866001000,Brooklyn,40.6589625,-73.92617340312691,5,1,0
360470866001004,Brooklyn,40.657669999999996,-73.92759802547216,87,0,79
360470866001005,Brooklyn,40.659589999999994,-73.92809990824779,1,1,0
360470866002000,Brooklyn,40.65624699999999,-73.92648866287175,3,1,0
360470866002001,Brooklyn,40.654839499999994,-73.92633785623048,30,1,10
360470866002002,Brooklyn,40.653245,-73.92616657852116,5,1,1
360470866003002,Brooklyn,40.6531885,-73.92711944402905,25,1,4
360470868001001,Brooklyn,40.65607,-73.92936273872473,2,0,0
360470868001002,Brooklyn,40.656003999999996,-73.93033243601056,79,0,4
360470868001003,Brooklyn,40.655936499999996,-73.9313372482901,44,28,29
360470868002002,Brooklyn,40.654599,-73.9301818311408,34,2,18
360470868002003,Brooklyn,40.654539,-73.93118799999999,20,0,7
360470868003000,Brooklyn,40.6531205,-73.92808837627749,5,0,1
360470868003001,Brooklyn,40.653019,-73.92903534149917,21,0,8
360470868003002,Brooklyn,40.652872,-73.92999677158946,171,16,66
360470868003003,Brooklyn,40.652738,-73.93099571197489,114,46,18
360470870001002,Brooklyn,40.652687,-73.93196608763313,18,0,0
360470870002001,Brooklyn,40.654360499999996,-73.93407929096935,33,0,17
360470870002002,Brooklyn,40.6525845,-73.93388948970127,29,0,8
360470870002003,Brooklyn,40.6526365,-73.93291831369596,158,4,124
360470870003002,Brooklyn,40.6556995,-73.93518123504215,6,0,4
360470870003003,Brooklyn,40.654301,-73.9350305254199,17,16,12
360470872002000,Brooklyn,40.6542405,-73.93598192389935,4,4,1
360470872003000,Brooklyn,40.652533999999996,-73.93484249561966,1,0,0
360470872003002,Brooklyn,40.6524275,-73.93676545741744,7,0,0
360470872003003,Brooklyn,40.652373999999995,-73.93771787881532,11,0,3
360470874011000,Brooklyn,40.6626585,-73.93868427918781,330,4,49
360470874011001,Brooklyn,40.661952,-73.93861374859459,22,0,5
360470874011002,Brooklyn,40.661221,-73.93853691684693,7,0,1
360470874011003,Brooklyn,40.6605105,-73.93846161392406,12,2,0
360470874012000,Brooklyn,40.6598005,-73.93838471325165,13,13,3
360470874012002,Brooklyn,40.658236,-73.93824170734908,6,3,1
360470876001000,Brooklyn,40.662747499999995,-73.93593218985012,105,42,31
360470876001001,Brooklyn,40.6621305,-73.93586605625153,246,0,202
360470876002000,Brooklyn,40.659238,-73.93459803789199,35,4,1
360470876002001,Brooklyn,40.659178,-73.9355489488901,3,3,0
360470878001000,Brooklyn,40.659537,-73.92973147411448,9,0,0
360470878001001,Brooklyn,40.659476999999995,-73.93070103773088,793,59,100
360470878002000,Brooklyn,40.659909999999996,-73.9317612343342,16,0,4
360470878002001,Brooklyn,40.6598515,-73.93321828513695,581,45,511
360470878003000,Brooklyn,40.65761,-73.92856851789975,5,3,0
360470878003001,Brooklyn,40.657551,-73.92952024134844,10,0,1
360470878003002,Brooklyn,40.657489999999996,-73.93049027580496,4,3,3
360470880011000,Brooklyn,40.6629515,-73.93336682115628,194,0,126
360470880011002,Brooklyn,40.662313,-73.93297380342041,11,0,6
360470880011004,Brooklyn,40.66162799999999,-73.93241436672534,1,0,0
360470880012000,Brooklyn,40.660871,-73.93281966113591,35,7,7
360470880021000,Brooklyn,40.6624865,-73.93009164246301,5,0,5
360470880021002,Brooklyn,40.661691,-73.93092857559256,65,2,4
360470880021003,Brooklyn,40.661756,-73.93018353203075,26,0,2
360470880021004,Brooklyn,40.659268999999995,-73.92874469895514,95,0,78
360470880021005,Brooklyn,40.660461,-73.92784614880588,5,0,4
360470882001000,Brooklyn,40.663410999999996,-73.92800777428513,159,9,122
360470882001001,Brooklyn,40.662824,-73.9291930818581,2,2,0
360470882002000,Brooklyn,40.6613225,-73.926299938705,8,0,1
360470882002001,Brooklyn,40.660861999999995,-73.92701571997162,2,0,0
360470882003000,Brooklyn,40.659692,-73.92448196165644,13,0,8
360470882003001,Brooklyn,40.65923049999999,-73.92519619983852,24,1,16
360470882004001,Brooklyn,40.6575975,-73.9233768820456,3,0,0
360470882004002,Brooklyn,40.6572475,-73.92426273114653,3,0,1
360470884001000,Brooklyn,40.6644685,-73.92597197393226,5,0,0
360470884001001,Brooklyn,40.6637225,-73.92651403362805,35,4,13
360470884002000,Brooklyn,40.6627625,-73.92407681468424,21,0,2
360470884002001,Brooklyn,40.6622475,-73.92487256227852,19,6,1
360470884002002,Brooklyn,40.661787000000004,-73.92558781902602,10,1,0
360470884003000,Brooklyn,40.661131,-73.9222581740196,46,1,26
360470884003001,Brooklyn,40.660617,-73.92305385906863,13,0,2
360470884003002,Brooklyn,40.660154,-73.92376728018277,58,4,21
360470886001000,Brooklyn,40.659349,-73.92064798866498,4,0,0
360470886001001,Brooklyn,40.6592055,-73.9214802005111,9,0,2
360470886001002,Brooklyn,40.658558,-73.92198935347223,17,0,15
360470886002000,Brooklyn,40.659412,-73.91991611542238,39,0,24
360470886002001,Brooklyn,40.6578655,-73.91861849198769,48,0,39
360470886002002,Brooklyn,40.657351,-73.91941497923109,5,5,0
360470886003000,Brooklyn,40.6567405,-73.91996425850728,19,0,4
360470886003005,Brooklyn,40.6560935,-73.92047220398086,59,0,51
360470886003007,Brooklyn,40.655655499999995,-73.92248755814981,3,0,0
360470888001000,Brooklyn,40.65571849999999,-73.9175952400748,13,2,3
360470888001001,Brooklyn,40.655259,-73.91830794985827,21,0,5
360470888001003,Brooklyn,40.654903999999995,-73.91638092127072,10,0,0
360470888002002,Brooklyn,40.653569,-73.91642527504754,2,2,2
360470888002004,Brooklyn,40.653732,-73.91446432449726,1,0,0
360470888002005,Brooklyn,40.653161,-73.91720366401854,27,0,0
360470888003000,Brooklyn,40.6549585,-73.91920331338028,10,9,0
360470888003011,Brooklyn,40.653448499999996,-73.92003073361906,15,0,0
360470888003012,Brooklyn,40.652221499999996,-73.91866348776571,37,1,9
360470888003013,Brooklyn,40.6531985,-73.92062749122391,6,0,0
360470890001000,Brooklyn,40.6607485,-73.91896379264932,23,4,7
360470890002000,Brooklyn,40.659017,-73.91701406836242,8,0,0
360470890002001,Brooklyn,40.658407999999994,-73.91778180980518,22,2,5
360470890003000,Brooklyn,40.657183,-73.91497780684597,6,3,1
360470890004000,Brooklyn,40.6567735,-73.91596341559216,26,0,2
360470890004001,Brooklyn,40.656233,-73.91679983406031,46,2,7
360470890005000,Brooklyn,40.6550985,-73.91409674625527,9,0,3
360470890005001,Brooklyn,40.65477,-73.91516946875,43,0,9
360470890006000,Brooklyn,40.655086999999995,-73.91042497866735,20,0,14
360470890006001,Brooklyn,40.6548435,-73.91121374854694,2095,0,1896
360470890006002,Brooklyn,40.6558725,-73.91350746954475,10,2,2
360470892001000,Brooklyn,40.66556299999999,-73.92430826169029,73,0,8
360470892001001,Brooklyn,40.6649465,-73.92506641906547,220,0,187
360470892002000,Brooklyn,40.664047,-73.9226287622399,100,9,24
360470892002001,Brooklyn,40.663303,-73.92323858495757,9,0,2
360470892003000,Brooklyn,40.6622265,-73.92060144848858,405,24,277
360470892003001,Brooklyn,40.661677,-73.92142686097188,21,0,7
360470892003002,Brooklyn,40.6602285,-73.92022016894852,1,0,0
360470892004002,Brooklyn,40.6631825,-73.92027918441482,7,0,1
360470892004003,Brooklyn,40.66357,-73.92111565489749,6,0,0
360470892004005,Brooklyn,40.661824499999994,-73.91893410313315,28,0,15
360470894001002,Brooklyn,40.663533,-73.91842221509832,2,0,0
360470894002000,Brooklyn,40.6622735,-73.91615389534542,42,0,30
360470894002001,Brooklyn,40.662133999999995,-73.91709133892323,1,0,0
360470894002002,Brooklyn,40.661995499999996,-73.91802581176148,103,0,95
360470894002004,Brooklyn,40.660608499999995,-73.9167001060705,19,0,12
360470894003000,Brooklyn,40.6608775,-73.9148044428394,9,0,1
360470894003001,Brooklyn,40.6607365,-73.91575926113217,15,0,0
360470894004000,Brooklyn,40.659343,-73.91441134362725,2,0,0
360470896001000,Brooklyn,40.659758,-73.91161687764483,4,0,0
360470896001001,Brooklyn,40.6596185,-73.912553897453,3,0,0
360470896001002,Brooklyn,40.659482,-73.91347354492186,87,0,78
360470896002000,Brooklyn,40.658221499999996,-73.911223,4,0,0
360470896002002,Brooklyn,40.6564745,-73.9117517399911,2,0,0
360470896002003,Brooklyn,40.656617,-73.91081477189181,107,0,83
360470896003000,Brooklyn,40.657945999999995,-73.91307978571919,2,0,0
360470896003001,Brooklyn,40.6579325,-73.91405315940143,6,0,0
360470896003002,Brooklyn,40.6578775,-73.9147645256354,2,2,1
360470896003004,Brooklyn,40.6566645,-73.91275948739619,2,0,0
360470898001000,Brooklyn,40.66436949999999,-73.91279677327474,34,0,14
360470898001002,Brooklyn,40.6640935,-73.91465411638264,6,6,0
360470898001003,Brooklyn,40.6639545,-73.91559216933524,2,0,0
360470898002001,Brooklyn,40.662419,-73.91519943675837,196,1,164
360470898002002,Brooklyn,40.6610205,-73.91386812292527,51,0,23
360470898002003,Brooklyn,40.661154499999995,-73.91294782489018,61,3,43
360470898002004,Brooklyn,40.661294999999996,-73.91201004616384,16,0,1
360470900001000,Brooklyn,40.66885499999999,-73.91784229786597,155,0,115
360470900001001,Brooklyn,40.667379,-73.91745997861105,2,0,0
360470900002001,Brooklyn,40.667238499999996,-73.91839761521236,26,11,11
360470900002002,Brooklyn,40.6652095,-73.91787777229817,202,0,177
360470900003001,Brooklyn,40.6670955,-73.91929082382632,9,0,0
360470900003002,Brooklyn,40.6652145,-73.91884042675781,6,0,0
360470900005000,Brooklyn,40.66655349999999,-73.92116014088397,6,0,0
360470900006000,Brooklyn,40.66629399999999,-73.92206219946013,10,2,4
360470900006001,Brooklyn,40.6647995,-73.92169924739753,66,0,26
360470900007000,Brooklyn,40.665771,-73.92310331894774,41,1,30
360470900007001,Brooklyn,40.6646015,-73.9223293056062,36,0,2
360470902001000,Brooklyn,40.6698985,-73.91422601244616,52,23,36
360470902001001,Brooklyn,40.6696415,-73.91511976627208,64,35,40
360470902001002,Brooklyn,40.6693875,-73.9160078963141,27,7,2
360470902001003,Brooklyn,40.669122,-73.91691470516642,5,0,0
360470902002000,Brooklyn,40.6659065,-73.91319133137179,280,106,82
360470902003000,Brooklyn,40.665766999999995,-73.914129,4,0,4
360470902004000,Brooklyn,40.6675195,-73.91650402837301,62,0,9
360470902005000,Brooklyn,40.6679355,-73.9137103890503,134,28,99
360470902005001,Brooklyn,40.667795999999996,-73.91464796675481,11,0,1
360470902005002,Brooklyn,40.6676595,-73.91556702718253,72,0,36
360470906001000,Brooklyn,40.67080249999999,-73.90765328119002,168,0,152
360470906001001,Brooklyn,40.670526499999994,-73.90952054197173,111,12,41
360470906002000,Brooklyn,40.669535999999994,-73.90731988935251,33,1,1
360470906002001,Brooklyn,40.6693965,-73.90826161473143,42,0,12
360470906002002,Brooklyn,40.669259999999994,-73.90917916104746,78,1,17
360470906002003,Brooklyn,40.669123,-73.91010928701286,60,0,29
360470906002004,Brooklyn,40.66806149999999,-73.90838420262918,152,29,69
360470906003000,Brooklyn,40.6724485,-73.9090177003632,39,36,36
360470908001000,Brooklyn,40.674274,-73.90366651819679,99,0,60
360470908001001,Brooklyn,40.672748999999996,-73.90328444323575,5,5,3
360470908001002,Brooklyn,40.6726125,-73.90421449752817,5,0,4
360470908001003,Brooklyn,40.674012999999995,-73.90457442393918,18,0,11
360470908001004,Brooklyn,40.673759,-73.90546586628959,4,0,2
360470908001005,Brooklyn,40.673505999999996,-73.90635599380619,55,0,10
360470908001006,Brooklyn,40.673229,-73.90727392073552,1,1,0
360470908001007,Brooklyn,40.6721985,-73.907006,2,2,1
360470908001008,Brooklyn,40.67234,-73.90605572472491,170,0,143
360470908001009,Brooklyn,40.672476,-73.90513494042875,6,6,2
360470908001010,Brooklyn,40.671209000000005,-73.90529084700316,4,0,0
360470908001011,Brooklyn,40.671358999999995,-73.90389495902166,32,0,21
360470908001012,Brooklyn,40.671498,-73.90295264999183,171,0,120
360470908001013,Brooklyn,40.671136000000004,-73.90673161254117,174,0,103
360470908002001,Brooklyn,40.67009349999999,-73.90357522825497,35,0,12
360470908003000,Brooklyn,40.66883,-73.90325710349319,51,4,25
360470908003001,Brooklyn,40.668690999999995,-73.9041788268213,22,0,10
360470908003002,Brooklyn,40.668552,-73.90508655297833,103,0,86
360470908003003,Brooklyn,40.6684145,-73.90603044416716,35,0,5
360470908003004,Brooklyn,40.669678499999996,-73.90635222129822,39,0,3
360470910001000,Brooklyn,40.6672235,-73.90428324829483,1,1,0
360470910002000,Brooklyn,40.665622,-73.90438525559614,66,53,50
360470910003000,Brooklyn,40.664088,-73.90398121518756,12,0,5
360470910004000,Brooklyn,40.667576499999996,-73.90194805028474,16,0,0
360470910004001,Brooklyn,40.667432,-73.90290493410967,19,0,1
360470910004002,Brooklyn,40.665897,-73.9025145248311,41,0,5
360470910004004,Brooklyn,40.664504,-73.90113777418253,154,0,72
360470910004005,Brooklyn,40.664361,-73.9021173614089,38,28,28
360470912001000,Brooklyn,40.6666675,-73.90802934408852,237,33,193
360470912002000,Brooklyn,40.665276,-73.90674726403928,3,0,1
360470912003000,Brooklyn,40.6636015,-73.9072417925494,35,28,27
360470916001000,Brooklyn,40.661713,-73.90919026595982,41,0,23
360470916001002,Brooklyn,40.661437,-73.91105434928403,29,8,18
360470916002000,Brooklyn,40.6603165,-73.907857441797,2,0,0
360470916002001,Brooklyn,40.660177,-73.90879533093715,9,0,4
360470916002002,Brooklyn,40.660039,-73.9097233971693,44,0,38
360470916002003,Brooklyn,40.65989999999999,-73.91066122688802,17,0,13
360470916003000,Brooklyn,40.658781,-73.90746295407166,10,10,4
360470916003001,Brooklyn,40.658640999999996,-73.90840151274769,30,0,2
360470916003002,Brooklyn,40.657038,-73.9079905,7,0,2
360470916003003,Brooklyn,40.657177499999996,-73.90705169563611,117,0,89
360470916004002,Brooklyn,40.65676,-73.9098612853344,10,0,1
360470916004003,Brooklyn,40.656899499999994,-73.90892258180828,86,0,20
360470918001000,Brooklyn,40.6622675,-73.90545909037712,9,0,6
360470918001001,Brooklyn,40.6619825,-73.90683557688557,152,1,32
360470918001002,Brooklyn,40.6619825,-73.90827952142857,31,3,2
360470918001003,Brooklyn,40.6607315,-73.9050651417599,120,0,106
360470918001005,Brooklyn,40.660455,-73.90692778016543,37,0,26
360470918002001,Brooklyn,40.662686,-73.90263103068617,12,0,4
360470918002003,Brooklyn,40.662409999999994,-73.90449499562064,3,0,0
360470920001000,Brooklyn,40.6589185,-73.90653380103669,18,18,7
360470920001001,Brooklyn,40.657315499999996,-73.90612324844466,3,0,1
360470920002002,Brooklyn,40.6576775,-73.90476121943911,7,0,1
360470920003001,Brooklyn,40.659751,-73.90092295572916,8,0,5
360470920003002,Brooklyn,40.659615,-73.9018430718838,2,2,0
360470920003009,Brooklyn,40.657337,-73.90295053502626,47,0,36
360470920003011,Brooklyn,40.657574999999994,-73.9013229719875,36,36,10
360470920004000,Brooklyn,40.658243999999996,-73.89938549528003,6,0,0
360470920004002,Brooklyn,40.657782499999996,-73.90057852713613,21,0,2
360470922001000,Brooklyn,40.656445999999995,-73.90204356256133,21,0,2
360470922001002,Brooklyn,40.6560815,-73.90387547440764,1,0,0
360470922001003,Brooklyn,40.6559235,-73.90481385600427,10,0,7
360470922001004,Brooklyn,40.655724,-73.9062032973665,101,0,83
360470922002000,Brooklyn,40.65545,-73.90806572229148,17,16,16
360470922002001,Brooklyn,40.6552375,-73.90947080582562,8,8,6
360470922002005,Brooklyn,40.653476,-73.9090127469697,13,0,8
360470922002006,Brooklyn,40.65356799999999,-73.90806504433905,110,0,94
360470924001000,Brooklyn,40.670429,-73.91141166010291,68,1,37
360470924001001,Brooklyn,40.6706135,-73.91242444772982,621,0,491
360470924001002,Brooklyn,40.670407,-73.91337547060778,460,3,358
360470924001003,Brooklyn,40.6680755,-73.91275550485518,91,0,15
360470924001004,Brooklyn,40.6682155,-73.91180913852139,217,1,176
360470924001005,Brooklyn,40.667784499999996,-73.91073229166666,86,0,33
360470924002000,Brooklyn,40.666327499999994,-73.91035851698837,18,0,7
360470924002002,Brooklyn,40.6660485,-73.91223478525377,132,0,114
360470924002004,Brooklyn,40.6646505,-73.91089842504036,109,0,98
360470924002005,Brooklyn,40.664793,-73.90996813122626,240,1,180
360470924002006,Brooklyn,40.663252,-73.90958126306774,46,18,21
360470924003000,Brooklyn,40.663112999999996,-73.9105107005928,19,0,12
360470924003001,Brooklyn,40.6629755,-73.91144798137165,3,0,1
360470928001002,Brooklyn,40.652969,-73.91316644613704,4,4,2
360470928002001,Brooklyn,40.653236,-73.9109561125498,2,0,2
360470928002002,Brooklyn,40.652452499999995,-73.9097079296711,19,0,1
360470928002004,Brooklyn,40.65144049999999,-73.91145942874635,20,3,7
360470928002005,Brooklyn,40.650927499999995,-73.91225593499115,18,0,14
360470928003001,Brooklyn,40.653165,-73.90958355134933,1,0,0
360470930001000,Brooklyn,40.651992,-73.91467399999999,93,0,81
360470930001002,Brooklyn,40.651069,-73.91610196264543,2,0,2
360470930001003,Brooklyn,40.650589499999995,-73.91684298249723,2,0,0
360470930002000,Brooklyn,40.6504645,-73.91297218165883,26,1,21
360470930002001,Brooklyn,40.6500025,-73.91368565737332,34,0,13
360470930002003,Brooklyn,40.649063999999996,-73.91514142626522,60,0,4
360470930002004,Brooklyn,40.64856399999999,-73.9159091004235,20,0,4
360470930002005,Brooklyn,40.6480865,-73.91664903311283,26,0,14
360470930002006,Brooklyn,40.647628499999996,-73.91736547991162,37,30,25
360470932001001,Brooklyn,40.6390235,-73.92660441309587,2448,4,464
360470932001002,Brooklyn,40.638953,-73.92753204430986,52,0,33
360470932001003,Brooklyn,40.6386925,-73.92848062288358,70,0,34
360470932001004,Brooklyn,40.638595499999994,-73.9294835652785,244,0,153
360470932001005,Brooklyn,40.638535000000005,-73.9304522190171,1,1,0
360470932001006,Brooklyn,40.638476,-73.93140376923077,2,2,0
360470932001008,Brooklyn,40.6364475,-73.93216630631846,47,8,23
360470932001009,Brooklyn,40.636132,-73.93085396368127,37,6,9
360470932001011,Brooklyn,40.636649,-73.92761883500575,1528,255,299
360470932001012,Brooklyn,40.6360745,-73.92944398631445,99,0,70
360470932001013,Brooklyn,40.63701399999999,-73.93029122750997,76,0,55
360470932001014,Brooklyn,40.6369095,-73.9295562136752,29,0,23
360470934001000,Brooklyn,40.6517145,-73.91943521667825,7,2,2
360470934001001,Brooklyn,40.6500935,-73.91761336610773,13,0,5
360470934002001,Brooklyn,40.64868799999999,-73.91976533786406,33,2,22
360470934002002,Brooklyn,40.647366999999996,-73.9183102522839,5,0,0
360470934002003,Brooklyn,40.646868,-73.91956771402877,28,0,24
360470934002004,Brooklyn,40.64811999999999,-73.92005076691129,3,0,0
360470934002005,Brooklyn,40.6457875,-73.91970887791877,8,4,1
360470936001002,Brooklyn,40.65134449999999,-73.92246723673526,17,1,4
360470936001003,Brooklyn,40.649652,-73.92194958164731,3,0,0
360470936002000,Brooklyn,40.649589500000005,-73.92124170679813,2,0,0
360470936002002,Brooklyn,40.6478135,-73.92077845083288,153,0,133
360470936002003,Brooklyn,40.6477275,-73.92221570909695,264,0,230
360470936002004,Brooklyn,40.64588549999999,-73.92154992860429,2,2,1
360470936002006,Brooklyn,40.6456035,-73.92031144557706,8,0,7
360470938001000,Brooklyn,40.65133349999999,-73.92340332933398,1,0,0
360470938001001,Brooklyn,40.65133349999999,-73.92402135893647,7,0,0
360470938001002,Brooklyn,40.6514575,-73.92501595149804,5,1,0
360470938001003,Brooklyn,40.6513995,-73.92596884888341,8,0,8
360470938002000,Brooklyn,40.64959399999999,-73.92287632285948,2,1,1
360470944011000,Brooklyn,40.641041,-73.92450298519111,7,3,2
360470944011001,Brooklyn,40.639221500000005,-73.92515119217312,79,0,30
360470944012000,Brooklyn,40.63849999999999,-73.92467201774713,64,17,13
360470944012001,Brooklyn,40.6377535,-73.9242820151629,142,123,117
360470944012002,Brooklyn,40.6364835,-73.92341945443826,6,0,0
360470944012007,Brooklyn,40.635707,-73.92691561572438,82,0,16
360470944013000,Brooklyn,40.640482500000005,-73.92170183858602,110,8,87
360470944013001,Brooklyn,40.639337,-73.9216294173765,203,8,57
360470944013002,Brooklyn,40.63699149999999,-73.92249798912042,2,2,0
360470944013003,Brooklyn,40.6375025,-73.92159850182557,3,1,0
360470944014000,Brooklyn,40.639107499999994,-73.91985406439879,18,0,0
360470944014001,Brooklyn,40.638021499999994,-73.92071045047805,10,0,3
360470944021000,Brooklyn,40.635351,-73.92087901688463,51,51,48
360470946001000,Brooklyn,40.647469,-73.92361588386001,6,0,6
360470946001002,Brooklyn,40.647561499999995,-73.92475681987966,2,0,0
360470946001003,Brooklyn,40.6475205,-73.92555405153564,43,0,36
360470946002000,Brooklyn,40.645824,-73.92248294829484,2,2,0
360470946002001,Brooklyn,40.64576699999999,-73.92343395787137,10,0,3
360470946003000,Brooklyn,40.6443525,-73.92113161149312,109,0,29
360470946003001,Brooklyn,40.64411799999999,-73.92229657448065,211,0,140
360470946003002,Brooklyn,40.6437695,-73.92321711692843,38,0,19
360470946003003,Brooklyn,40.643626999999995,-73.92421331384544,2,2,2
360470946003004,Brooklyn,40.643597,-73.92493983814846,2,0,2
360470946003006,Brooklyn,40.642093,-73.92220008489956,506,2,205
360470950001000,Brooklyn,40.636007,-73.91449471917045,33,1,8
360470950001001,Brooklyn,40.635529500000004,-73.915239232636,48,0,3
360470950001002,Brooklyn,40.633861499999995,-73.91730463484782,258,0,219
360470950001003,Brooklyn,40.636725,-73.91779767218364,71,0,32
360470950001005,Brooklyn,40.635526,-73.91873254308176,18,0,3
360470950001006,Brooklyn,40.6364525,-73.91858528939395,73,3,26
360470950002001,Brooklyn,40.6392285,-73.9181012226335,13,0,7
360470950002002,Brooklyn,40.639185499999996,-73.9190436092726,21,0,9
360470950002003,Brooklyn,40.637176499999995,-73.91707473108599,2,0,0
360470954001000,Brooklyn,40.6412585,-73.91527062729585,15,0,4
360470954001001,Brooklyn,40.6408095,-73.9159994895281,35,1,9
360470954001003,Brooklyn,40.639878499999995,-73.91748213452072,27,20,9
360470954002000,Brooklyn,40.639495999999994,-73.91332232216422,2,0,2
360470954002002,Brooklyn,40.6385685,-73.91474707774412,1,0,0
360470954002003,Brooklyn,40.6380925,-73.91549176762241,39,0,24
360470954003000,Brooklyn,40.637909,-73.91155672935824,14,0,5
360470954003001,Brooklyn,40.637448500000005,-73.91227175156558,27,0,3
360470954003002,Brooklyn,40.6369845,-73.91298363366838,11,0,0
360470954003003,Brooklyn,40.636506499999996,-73.91372620569513,33,0,6
360470956001000,Brooklyn,40.635411,-73.91123116003432,94,0,81
360470956001001,Brooklyn,40.6349315,-73.91197282540884,8,0,1
360470956001002,Brooklyn,40.634434999999996,-73.91274355433629,4,0,0
360470956001003,Brooklyn,40.633919999999996,-73.91344607743272,26,0,5
360470956001004,Brooklyn,40.633365,-73.91407419761211,8,0,0
360470956001005,Brooklyn,40.632485,-73.91408911245352,69,0,2
360470956002000,Brooklyn,40.638217499999996,-73.90688969613718,10,8,2
360470956002001,Brooklyn,40.637757,-73.90760548140264,9,0,0
360470956002002,Brooklyn,40.6372845,-73.908332281978,4,0,1
360470956002003,Brooklyn,40.6368055,-73.9090753025043,15,0,1
360470956002004,Brooklyn,40.636336,-73.90980466305565,1,0,1
360470956002005,Brooklyn,40.635870499999996,-73.91051467775196,8,8,0
360470958001000,Brooklyn,40.6432145,-73.91245644419246,16,0,12
360470958001001,Brooklyn,40.642917999999995,-73.91335415231296,5,0,0
360470958001002,Brooklyn,40.642136,-73.9137371286321,8,0,6
360470958001003,Brooklyn,40.6417095,-73.91453672532626,9,0,9
360470958002000,Brooklyn,40.641220499999996,-73.91023194087836,5,0,2
360470958002004,Brooklyn,40.639968999999994,-73.91259804601256,1,1,0
360470958002005,Brooklyn,40.638380999999995,-73.91082971813361,28,2,13
360470958002006,Brooklyn,40.638859999999994,-73.91008663101391,23,2,12
360470958002007,Brooklyn,40.639331,-73.90935823118494,8,0,0
360470958002008,Brooklyn,40.639792,-73.90864353747834,88,0,36
360470960001000,Brooklyn,40.650312,-73.91017198594557,89,8,40
360470960001001,Brooklyn,40.64948749999999,-73.9092497660211,79,0,62
360470960001002,Brooklyn,40.648188999999995,-73.91109965743105,82,26,71
360470960001003,Brooklyn,40.648906499999995,-73.91211706469636,93,0,56
360470960001004,Brooklyn,40.648351,-73.91340302552986,88,14,35
360470960001005,Brooklyn,40.645975,-73.91676196297175,799,0,615
360470960001006,Brooklyn,40.645183,-73.91477758843016,516,3,239
360470960001007,Brooklyn,40.6439565,-73.9164217315408,3,0,1
360470960001011,Brooklyn,40.6470975,-73.91278161997947,136,0,116
360470960001015,Brooklyn,40.6429425,-73.9188866732207,118,0,104
360470960001016,Brooklyn,40.642360499999995,-73.91849178752699,154,0,108
360470960001019,Brooklyn,40.6430665,-73.9154275714044,7,0,3
360470960001021,Brooklyn,40.6417325,-73.91786012569831,95,5,51
360470962001000,Brooklyn,40.647453999999996,-73.9111239333755,8,0,1
360470962001001,Brooklyn,40.6462515,-73.91165174197025,4,0,1
360470962001002,Brooklyn,40.646497,-73.9100435020661,2,0,0
360470962001004,Brooklyn,40.644451499999995,-73.91016003197674,54,0,13
360470962001005,Brooklyn,40.6452565,-73.90863080220453,26,0,12
360470962001006,Brooklyn,40.644467999999996,-73.90909164982973,14,3,1
360470962001008,Brooklyn,40.644279,-73.91113642928487,3,0,0
360470962001009,Brooklyn,40.6458665,-73.91255007328016,237,0,117
360470962001012,Brooklyn,40.642853,-73.91082569415684,2,2,0
360470964001000,Brooklyn,40.643790499999994,-73.90695672434018,4,0,2
360470964001001,Brooklyn,40.643384,-73.90836814051195,276,0,247
360470964001006,Brooklyn,40.641383,-73.90918576775803,5,2,3
360470964001008,Brooklyn,40.641628499999996,-73.90820506124497,5,0,0
360470964002000,Brooklyn,40.6424265,-73.90539937056576,1,0,0
360470964002001,Brooklyn,40.6416915,-73.9045621767072,20,5,5
360470964002002,Brooklyn,40.640987499999994,-73.9056563918075,18,11,11
360470964002003,Brooklyn,40.641994499999996,-73.90608858237049,27,3,18
360470964002006,Brooklyn,40.640253,-73.90792942368002,14,0,2
360470966001000,Brooklyn,40.6403425,-73.90426407894381,145,2,116
360470966001001,Brooklyn,40.639657,-73.9046673378403,19,0,9
360470966001003,Brooklyn,40.638679999999994,-73.9061761233315,8,2,0
360470966002000,Brooklyn,40.6427505,-73.90034266412214,11,0,6
360470966002001,Brooklyn,40.642253,-73.90122829285713,45,19,22
360470966002002,Brooklyn,40.641768,-73.90205883802972,4,0,2
360470966002003,Brooklyn,40.641301999999996,-73.90276926904069,12,9,7
360470966002004,Brooklyn,40.640795,-73.90354891081259,6,0,6
360470966002007,Brooklyn,40.6420105,-73.89951801996139,13,0,3
360470966002008,Brooklyn,40.641456,-73.90034402024648,172,0,144
360470968001000,Brooklyn,40.6461295,-73.90410482059715,24,0,2
360470968001001,Brooklyn,40.6453785,-73.90326887678071,29,1,8
360470968001003,Brooklyn,40.643917,-73.90308154382265,1,0,0
360470968001004,Brooklyn,40.644459999999995,-73.90224604445979,83,0,25
360470968001005,Brooklyn,40.643721,-73.9014225,127,24,58
360470968001006,Brooklyn,40.64318,-73.90226053366352,26,0,8
360470968002000,Brooklyn,40.644330499999995,-73.90491212111257,5,0,1
360470968002001,Brooklyn,40.643871,-73.90563001263433,3,0,2
360470968002002,Brooklyn,40.642940499999995,-73.9045933747644,13,0,6
360470968002004,Brooklyn,40.642663999999996,-73.90305741536028,98,0,54
360470968002005,Brooklyn,40.642203499999994,-73.90377266205172,1,0,1
360470970001001,Brooklyn,40.648568499999996,-73.90825779957865,69,69,64
360470970001003,Brooklyn,40.648006499999994,-73.90653928365384,16,16,15
360470970001004,Brooklyn,40.647118,-73.9052157132353,30,0,6
360470970001005,Brooklyn,40.6466485,-73.90612331571691,1,0,0
360470970002002,Brooklyn,40.6472395,-73.90815024646935,2,0,0
360470974001000,Brooklyn,40.649525999999994,-73.89752812170521,113,0,86
360470974001001,Brooklyn,40.649043999999996,-73.89827835775723,446,0,273
360470974001002,Brooklyn,40.6485795,-73.8990205680614,11,0,4
360470974001003,Brooklyn,40.6476305,-73.90045453091156,66,0,41
360470974001005,Brooklyn,40.646162499999996,-73.90206349451708,23,11,14
360470974001006,Brooklyn,40.64667,-73.90326905897271,144,0,86
360470974002000,Brooklyn,40.647071499999996,-73.89735780259925,1,0,0
360470974002003,Brooklyn,40.6459925,-73.89986415247847,19,0,9
360470974002004,Brooklyn,40.645256,-73.89905122422255,26,0,23
360470974002005,Brooklyn,40.6447875,-73.89977269078454,35,0,24
360470974002007,Brooklyn,40.645000499999995,-73.90140574869127,54,0,6
360470974002008,Brooklyn,40.644262,-73.90058532653674,689,0,644
360470982001001,Brooklyn,40.648968999999994,-73.89444803040844,23,0,12
360470982001002,Brooklyn,40.6478,-73.89625534021411,51,51,50
360470982002000,Brooklyn,40.653037999999995,-73.89298915669855,43,0,39
360470982002001,Brooklyn,40.652805,-73.89453298705547,3,0,3
360470984001000,Brooklyn,40.647846,-73.89199214350454,147,0,94
360470984001002,Brooklyn,40.64692649999999,-73.89341188201759,23,0,8
360470984001004,Brooklyn,40.6457475,-73.8908684866204,315,0,9
360470984001005,Brooklyn,40.6452135,-73.89026879929358,5,0,2
360470986001000,Brooklyn,40.6464615,-73.8941274201122,20,2,4
360470986001001,Brooklyn,40.645984,-73.89487103995816,2,0,0
360470986001002,Brooklyn,40.6455045,-73.89561282240024,56,0,26
360470986001003,Brooklyn,40.645033999999995,-73.8963406190613,1,0,0
360470986002001,Brooklyn,40.6443405,-73.89304162674301,138,0,118
360470986002002,Brooklyn,40.6438615,-73.89378352987131,6,5,3
360470988001001,Brooklyn,40.644248,-73.89792177030671,1,0,1
360470988001004,Brooklyn,40.6427755,-73.89893113073339,372,0,241
360470988001005,Brooklyn,40.64359949999999,-73.89984719121577,83,4,51
360470988002000,Brooklyn,40.642929499999994,-73.89522582053243,113,0,101
360470988002001,Brooklyn,40.642467999999994,-73.89593980048096,2,0,0
360470988002003,Brooklyn,40.641473,-73.89747948141252,12,9,7
360470990001000,Brooklyn,40.6406485,-73.89875713172998,132,0,119
360470990001002,Brooklyn,40.639827499999996,-73.89708597889282,1,0,1
360470990001003,Brooklyn,40.639015,-73.89618023102048,9,2,1
360470990001004,Brooklyn,40.638476,-73.89702375741658,61,58,54
360470990001005,Brooklyn,40.638192,-73.89807753501228,15,0,0
360470990001006,Brooklyn,40.6398745,-73.8999497198931,11,0,9
360470990001008,Brooklyn,40.6377805,-73.89884737908577,64,22,21
360470992001001,Brooklyn,40.639109499999996,-73.90285074219233,1,0,1
360470992001002,Brooklyn,40.6383015,-73.90191162681447,7,0,1
360470992001003,Brooklyn,40.637806999999995,-73.9026152736075,37,0,14
360470992001005,Brooklyn,40.636899,-73.9002796443564,5,0,0
360470992001006,Brooklyn,40.6375285,-73.89978377102517,2,0,2
360470992001008,Brooklyn,40.636194,-73.90213572114885,4,1,1
360470994001003,Brooklyn,40.637153999999995,-73.90570911154272,1,1,0
360470994001007,Brooklyn,40.6340035,-73.90467845917746,6,5,0
360470994001008,Brooklyn,40.634384499999996,-73.90385166394026,6,0,2
360470994001012,Brooklyn,40.634805,-73.90186509285714,6,0,0
360470994001013,Brooklyn,40.634615499999995,-73.90288354994502,4,4,0
360470996001000,Brooklyn,40.6353775,-73.90748545121323,14,0,13
360470996001001,Brooklyn,40.634882,-73.90818549906544,32,2,8
360470996001002,Brooklyn,40.634144,-73.90859129411764,130,0,114
360470996001003,Brooklyn,40.6337695,-73.90940205846519,4,0,0
360470996002001,Brooklyn,40.633059,-73.90615582057563,1,0,0
360470996002004,Brooklyn,40.631911,-73.90860745303867,3,3,0
360470998001000,Brooklyn,40.632966999999994,-73.91179932962757,7,2,6
360470998001002,Brooklyn,40.631015500000004,-73.9126326409172,268,0,232
360470998001004,Brooklyn,40.63083,-73.90902063785704,3,0,2
360470998001008,Brooklyn,40.6300835,-73.90736453774824,2,2,1
360470998002002,Brooklyn,40.6289655,-73.9048815354115,2,0,1
360470998002005,Brooklyn,40.62766499999999,-73.90534347528319,45,16,6
360470998002007,Brooklyn,40.627847,-73.90240146495154,5,0,4
360471004001000,Brooklyn,40.631896499999996,-73.9036106564815,29,0,17
360471004001001,Brooklyn,40.631427,-73.90433873735101,2,2,2
360471004001003,Brooklyn,40.630570999999996,-73.90598533622828,6,0,1
360471004001005,Brooklyn,40.62979299999999,-73.90252058236673,2,0,2
360471006001001,Brooklyn,40.633309,-73.90142734129601,9,0,2
360471006002000,Brooklyn,40.632138499999996,-73.89889567746638,2,0,0
360471006002001,Brooklyn,40.631677499999995,-73.89961062558294,2,0,0
360471006002002,Brooklyn,40.631215,-73.90032307842765,2,1,1
360471008001000,Brooklyn,40.6357165,-73.89765360426571,48,2,12
360471008001001,Brooklyn,40.6353015,-73.8983862158843,200,0,180
360471008001002,Brooklyn,40.6347465,-73.89920098019647,6,0,0
360471008002001,Brooklyn,40.633326999999994,-73.89644672560975,4,0,2
360471008002004,Brooklyn,40.632617499999995,-73.89815332613357,1,0,0
360471010001000,Brooklyn,40.63766699999999,-73.89468196746381,53,26,21
360471010001001,Brooklyn,40.637125499999996,-73.89552016304347,55,10,21
360471010001002,Brooklyn,40.636610499999996,-73.89631682072871,9,0,2
360471010001003,Brooklyn,40.6361495,-73.89703117949969,8,0,0
360471010002000,Brooklyn,40.636033999999995,-73.8928645,5,0,0
360471010002001,Brooklyn,40.6354925,-73.89370248151775,3,0,1
360471010002003,Brooklyn,40.6348985,-73.89605365085157,19,0,12
360471012001002,Brooklyn,40.6403645,-73.89485030325864,3,3,0
360471012001003,Brooklyn,40.640086,-73.89593376562499,49,1,34
360471012002001,Brooklyn,40.639203499999994,-73.89230580061326,26,0,11
360471012002003,Brooklyn,40.638209,-73.89384334457048,12,0,4
360471014001000,Brooklyn,40.6434285,-73.89075131548347,1,0,0
360471014001001,Brooklyn,40.6427075,-73.89122379314566,2,0,0
360471014001003,Brooklyn,40.641757999999996,-73.89269327936944,3,0,3
360471014002000,Brooklyn,40.641794,-73.8889312582873,1,0,0
360471014002002,Brooklyn,40.640598999999995,-73.89014948047289,4,2,2
360471016001000,Brooklyn,40.6446535,-73.88965031515745,6,0,1
360471016001002,Brooklyn,40.643576499999995,-73.888449874076,8,8,8
360471016001003,Brooklyn,40.6430225,-73.88782789808397,14,0,11
360471016001004,Brooklyn,40.642482,-73.88722864757517,12,0,4
360471016001005,Brooklyn,40.64194499999999,-73.88662759883721,6,6,5
360471018001000,Brooklyn,40.6442665,-73.88652964885496,46,3,20
360471018001002,Brooklyn,40.641391,-73.88601287376972,4,4,0
360471020001002,Brooklyn,40.638965,-73.88833108701863,2,2,0
360471020001004,Brooklyn,40.6368365,-73.88722130546458,6,0,6
360471022001001,Brooklyn,40.6375715,-73.8904885,2,2,0
360471022001003,Brooklyn,40.6365765,-73.8920263627914,106,7,20
360471022001004,Brooklyn,40.6349215,-73.89018828007838,14,0,4
360471022001005,Brooklyn,40.635445499999996,-73.88937801715818,2,2,1
360471022001006,Brooklyn,40.63592,-73.88864922857834,9,0,3
360471022001007,Brooklyn,40.6363805,-73.88793339166227,7,0,3
360471024001000,Brooklyn,40.634381,-73.89102628586818,30,0,9
360471024001001,Brooklyn,40.633838499999996,-73.89186464278873,11,11,5
360471024001002,Brooklyn,40.6333255,-73.89267581987534,22,0,8
360471024001005,Brooklyn,40.632588999999996,-73.8933807486911,1,0,0
360471024001007,Brooklyn,40.6314645,-73.89554471526961,12,0,5
360471026001000,Brooklyn,40.6309695,-73.89631547697658,3,2,2
360471026001001,Brooklyn,40.630489,-73.89705988666921,3,0,1
360471026001003,Brooklyn,40.629564,-73.89848679766924,19,0,16
360471028011000,Brooklyn,40.632690999999994,-73.88933904241435,85,0,10
360471028011001,Brooklyn,40.632251,-73.89054226305058,173,2,41
360471028011002,Brooklyn,40.632003,-73.89107464750833,8,0,1
360471028011003,Brooklyn,40.631632499999995,-73.8915600679891,98,0,85
360471028011004,Brooklyn,40.6306945,-73.88960329311018,21,0,15
360471028011005,Brooklyn,40.631201000000004,-73.88930683381503,28,28,25
360471028011006,Brooklyn,40.63167,-73.88800605188933,49,0,3
360471028011007,Brooklyn,40.63032749999999,-73.88824706865913,2,2,0
360471028011010,Brooklyn,40.6300835,-73.89011205477527,1,0,0
360471034012000,Brooklyn,40.633457,-73.88798374,159,42,122
360471034021000,Brooklyn,40.6349285,-73.88273536387435,15,3,4
360471058011000,Brooklyn,40.652640999999996,-73.884188405788,48,3,34
360471058012000,Brooklyn,40.6505525,-73.88196067545776,113,6,33
360471058041000,Brooklyn,40.644929,-73.88450044999999,192,14,57
360471058042000,Brooklyn,40.6509515,-73.88736936836118,88,8,67
360471058043000,Brooklyn,40.648909499999995,-73.8861368402993,727,502,466
360471058043001,Brooklyn,40.6493035,-73.88437191500265,262,0,181
360471058044000,Brooklyn,40.645047000000005,-73.88109074857546,140,0,59
360471058044001,Brooklyn,40.646300499999995,-73.88097996674877,57,0,45
360471070011000,Brooklyn,40.659171,-73.86892718161094,224,224,33
360471070011002,Brooklyn,40.657467499999996,-73.87313464221509,12,0,0
360471070011003,Brooklyn,40.657152999999994,-73.87399175065217,140,0,118
360471070011004,Brooklyn,40.656079,-73.87615076661129,19,0,2
360471070011005,Brooklyn,40.6563155,-73.87285666854562,22,7,15
360471070011008,Brooklyn,40.655880499999995,-73.86569147727658,1393,0,1098
360471070011010,Brooklyn,40.650977999999995,-73.86831087006578,921,0,239
360471070011011,Brooklyn,40.653088499999996,-73.8720737493529,2448,19,551
360471070011012,Brooklyn,40.656048999999996,-73.8714026422915,4,0,0
360471070031000,Brooklyn,40.650012000000004,-73.87731047763256,156,0,139
360471078001002,Brooklyn,40.66166,-73.8719184342234,98,2,84
360471078001003,Brooklyn,40.661304,-73.87273690975546,17,0,4
360471078001004,Brooklyn,40.6609535,-73.87355485745061,58,0,53
360471078001005,Brooklyn,40.660601,-73.87437092741935,248,74,218
360471078001007,Brooklyn,40.6598975,-73.87600328080309,46,5,21
360471078001011,Brooklyn,40.6585045,-73.87927308794673,56,0,45
360471078002000,Brooklyn,40.6610175,-73.8681814118743,44,40,39
360471078002002,Brooklyn,40.660638500000005,-73.87008290130206,20,0,9
360471078002004,Brooklyn,40.6599315,-73.87171791500381,18,0,14
360471078002005,Brooklyn,40.6595775,-73.87253541852941,29,8,12
360471078002007,Brooklyn,40.658874999999995,-73.87417035353535,9,9,8
360471078002008,Brooklyn,40.658569,-73.87503009203813,38,4,14
360471078002010,Brooklyn,40.6573895,-73.87768619579018,3,1,0
360471078004000,Brooklyn,40.654674,-73.88389762763114,40,4,21
360471098001000,Brooklyn,40.654669999999996,-73.90438104197762,20,0,5
360471098001004,Brooklyn,40.653907000000004,-73.90719180057496,293,0,46
360471098001006,Brooklyn,40.6514275,-73.9086193529318,58,0,40
360471098002000,Brooklyn,40.654222,-73.90206989272387,465,16,356
360471098002002,Brooklyn,40.6511385,-73.90704103570161,98,0,85
360471098002003,Brooklyn,40.6496395,-73.9064732898509,8,8,0
360471098002004,Brooklyn,40.6501635,-73.90543122893604,1759,0,356
360471098002005,Brooklyn,40.650594,-73.90435209899866,269,0,111
360471098002007,Brooklyn,40.648261,-73.90363657955922,7,0,2
360471098002008,Brooklyn,40.648084999999995,-73.9046508801286,269,1,230
360471098002009,Brooklyn,40.649108,-73.90535511890243,1,0,0
360471098002010,Brooklyn,40.647936,-73.90531346914227,7,0,3
360471098003000,Brooklyn,40.651996999999994,-73.90219353502403,31,1,16
360471098003001,Brooklyn,40.6503795,-73.90034221205067,675,0,533
360471098004000,Brooklyn,40.654868,-73.89875008892452,31,0,22
360471098004001,Brooklyn,40.653902,-73.90014073546762,511,2,418
360471098004003,Brooklyn,40.6520775,-73.89723174300698,215,215,34
360471098005004,Brooklyn,40.656887,-73.89834993506032,8,4,2
360471098005006,Brooklyn,40.656887,-73.89636668824849,11,0,7
360471098005007,Brooklyn,40.657113499999994,-73.89544198459028,3,0,0
360471098005008,Brooklyn,40.65602,-73.89489884699452,30,19,14
360471098005010,Brooklyn,40.6552425,-73.89499257813384,23,0,8
360471098005011,Brooklyn,40.655069999999995,-73.89582906683805,53,0,34
360471098005012,Brooklyn,40.655077500000004,-73.89675655834392,195,1,117
360471098005013,Brooklyn,40.654819,-73.89772445930274,7,0,0
360471104001000,Brooklyn,40.6584485,-73.89323984628822,8,0,1
360471104001001,Brooklyn,40.658139999999996,-73.894087609401,2,0,0
360471104001008,Brooklyn,40.6568115,-73.89202656596495,52,0,14
360471104001009,Brooklyn,40.6564835,-73.89285882739301,31,0,1
360471104001012,Brooklyn,40.656235499999994,-73.8937525915328,81,81,64
360471104001013,Brooklyn,40.654641,-73.89258172559326,4,0,4
360471104001014,Brooklyn,40.6549945,-73.89175230929021,1421,0,707
360471104001016,Brooklyn,40.6539235,-73.88988187068333,133,4,114
360471104001017,Brooklyn,40.6544605,-73.88864428811488,1526,4,433
360471104001018,Brooklyn,40.6549895,-73.88742477307682,78,1,10
360471104001019,Brooklyn,40.65534099999999,-73.88660809764154,145,0,115
360471104001020,Brooklyn,40.653966999999994,-73.8855920050892,2,0,2
360471104001021,Brooklyn,40.653615,-73.88640636112841,96,0,11
360471104001022,Brooklyn,40.6532625,-73.8872183683295,65,0,42
360471104001023,Brooklyn,40.6529065,-73.88805134565905,124,0,80
360471104001025,Brooklyn,40.652203,-73.88968492675347,35,0,13
360471104001026,Brooklyn,40.6535735,-73.890697806426,65,0,40
360471104001027,Brooklyn,40.653213,-73.89150991486373,2,0,1
360471104001028,Brooklyn,40.65185149999999,-73.8903791699768,5,5,3
360471104002000,Brooklyn,40.6598465,-73.88996486911508,75,0,64
360471104002001,Brooklyn,40.659493999999995,-73.89078123184491,17,2,0
360471104002002,Brooklyn,40.65914599999999,-73.89159752016926,14,0,5
360471104002003,Brooklyn,40.658795999999995,-73.89242019242059,28,0,18
360471104002008,Brooklyn,40.657872999999995,-73.88956784056818,181,24,18
360471104002009,Brooklyn,40.657524499999994,-73.89038354729786,126,0,19
360471104002011,Brooklyn,40.6571675,-73.89121339201697,76,1,49
360471104002012,Brooklyn,40.6556965,-73.89012131349395,12,12,10
360471104002013,Brooklyn,40.656056,-73.88929031132075,38,2,9
360471104003000,Brooklyn,40.661241,-73.88673124487215,83,0,71
360471104003001,Brooklyn,40.660906,-73.88752456314495,56,0,47
360471104003002,Brooklyn,40.660552499999994,-73.88834156820522,1,0,0
360471104003008,Brooklyn,40.659097,-73.88673393232759,52,0,42
360471104004000,Brooklyn,40.663363000000004,-73.88181622685293,38,0,0
360471104004001,Brooklyn,40.663014,-73.88263022413793,3,3,3
360471104004002,Brooklyn,40.662662499999996,-73.88344201583246,18,0,15
360471104004003,Brooklyn,40.662313,-73.88426161840255,20,0,14
360471104004005,Brooklyn,40.6615955,-73.88592090917822,2,0,0
360471104004011,Brooklyn,40.660332999999994,-73.88386480915636,121,8,87
360471104004012,Brooklyn,40.659964,-73.8846998403678,182,9,88
360471106001000,Brooklyn,40.6586845,-73.88320307644643,3,0,2
360471106001001,Brooklyn,40.657636999999994,-73.88563849902607,11,0,3
360471106002000,Brooklyn,40.657268,-73.88215717411808,17,0,8
360471110001002,Brooklyn,40.66121149999999,-73.88184221421832,19,6,13
360471110002000,Brooklyn,40.659741,-73.88075210822441,4,0,1
360471116001000,Brooklyn,40.6672605,-73.87282065127258,3,0,1
360471116001003,Brooklyn,40.6661785,-73.87527726386548,9,0,3
360471116001004,Brooklyn,40.665825999999996,-73.87609323643886,56,0,36
360471116001006,Brooklyn,40.665124,-73.87772805141627,4,0,0
360471116001007,Brooklyn,40.664773499999995,-73.87854754577013,4,3,2
360471116001010,Brooklyn,40.663719,-73.88099669654673,196,2,77
360471116002002,Brooklyn,40.6656265,-73.87159601753623,400,3,325
360471116002004,Brooklyn,40.6649015,-73.87325297038174,227,0,189
360471116002005,Brooklyn,40.664548999999994,-73.87406914794597,35,12,23
360471116002006,Brooklyn,40.664198999999996,-73.87488504883129,131,0,89
360471116002011,Brooklyn,40.66385,-73.87570380472378,218,96,160
360471116002012,Brooklyn,40.6635005,-73.87652301636399,110,0,65
360471116002013,Brooklyn,40.6631505,-73.8773419494234,10,0,1
360471116002016,Brooklyn,40.662375,-73.87970919898459,2,0,0
360471116002017,Brooklyn,40.662274,-73.88018765431833,14,0,5
360471116002019,Brooklyn,40.6608025,-73.87774929479767,1,1,0
360471116002020,Brooklyn,40.661322,-73.87705830961683,52,0,34
360471116002021,Brooklyn,40.661674000000005,-73.87624419103773,28,0,9
360471116002022,Brooklyn,40.662025,-73.87542823719676,37,6,7
360471116002023,Brooklyn,40.662375999999995,-73.87461040820932,44,10,24
360471116002024,Brooklyn,40.6627285,-73.87379392415431,57,2,34
360471116002026,Brooklyn,40.66342399999999,-73.87215437156593,44,0,22
360471116002027,Brooklyn,40.663779,-73.871340067451,73,3,58
360471116002028,Brooklyn,40.664123000000004,-73.87048141126772,226,179,111
360471118001000,Brooklyn,40.670236,-73.87455760070418,141,0,126
360471118001001,Brooklyn,40.6701455,-73.87551733199237,5,2,3
360471118001003,Brooklyn,40.669647499999996,-73.8773034787072,2,0,0
360471118001004,Brooklyn,40.669490999999994,-73.8782195,6,0,2
360471118001007,Brooklyn,40.6686095,-73.87381646730734,4,1,2
360471118002000,Brooklyn,40.6695175,-73.8751202465887,42,0,16
360471118002002,Brooklyn,40.668100499999994,-73.8756222703893,18,0,6
360471118002003,Brooklyn,40.668355500000004,-73.87472490453183,1,0,0
360471118002005,Brooklyn,40.667423,-73.87725488938463,10,0,2
360471120001002,Brooklyn,40.6678885,-73.88061146195656,6,0,1
360471120001004,Brooklyn,40.6672575,-73.88217157886405,10,0,2
360471120001005,Brooklyn,40.667163,-73.88318877729112,5,0,1
360471120002000,Brooklyn,40.66706549999999,-73.87807876401331,11,0,2
360471120002001,Brooklyn,40.6667085,-73.87890938819356,2,2,1
360471120002002,Brooklyn,40.6663615,-73.87972949370592,32,0,11
360471120002003,Brooklyn,40.6660125,-73.88053476418949,33,0,25
360471120002004,Brooklyn,40.665516,-73.88124788712679,26,3,1
360471120002005,Brooklyn,40.665386999999996,-73.88249302595673,17,0,4
360471120002006,Brooklyn,40.665386999999996,-73.88195519201793,3,0,0
360471122001000,Brooklyn,40.6649555,-73.88298935711406,4,0,0
360471122001002,Brooklyn,40.6646345,-73.88544298881953,3,1,2
360471122001003,Brooklyn,40.6633035,-73.88607248672793,9,3,0
360471122001004,Brooklyn,40.663146499999996,-73.88707489930613,68,0,45
360471122001005,Brooklyn,40.663478,-73.88512546960166,10,3,5
360471122002000,Brooklyn,40.662803999999994,-73.88789650429555,1,0,0
360471122002001,Brooklyn,40.66349099999999,-73.88959475362319,40,0,29
360471122002002,Brooklyn,40.662492,-73.88868623712227,7,0,1
360471124001000,Brooklyn,40.6670805,-73.88380568343351,5,0,0
360471124001001,Brooklyn,40.6669565,-73.88465779091862,5,0,4
360471124001002,Brooklyn,40.6668275,-73.88554619230017,40,0,33
360471124001003,Brooklyn,40.6657445,-73.88526728278129,2,0,0
360471124001004,Brooklyn,40.665993,-73.884409939157,8,0,0
360471124001005,Brooklyn,40.666146499999996,-73.88360914522059,15,0,3
360471124002002,Brooklyn,40.6664185,-73.8882413872603,4,1,0
360471124002003,Brooklyn,40.665003,-73.88788019779969,11,4,6
360471124002004,Brooklyn,40.665249,-73.88700351777709,45,0,21
360471124003000,Brooklyn,40.666291,-73.88913497846595,4,0,0
360471124003003,Brooklyn,40.66475,-73.88874266602132,11,5,4
360471126001000,Brooklyn,40.666014000000004,-73.89095427207792,24,0,13
360471126001002,Brooklyn,40.6643375,-73.89147826296414,39,0,30
360471126001003,Brooklyn,40.664477,-73.89056237968182,36,0,14
360471126002000,Brooklyn,40.66574,-73.89278859668848,1,0,0
360471126002001,Brooklyn,40.6655995,-73.8937446062915,7,0,0
360471126002003,Brooklyn,40.6642045,-73.89239576217325,22,0,9
360471126003000,Brooklyn,40.665453,-73.89472692379266,17,2,7
360471126003001,Brooklyn,40.6653095,-73.895665193935,67,0,61
360471126003002,Brooklyn,40.6637755,-73.89527439325464,10,0,0
360471126003003,Brooklyn,40.6639115,-73.89433338334265,19,0,3
360471128001000,Brooklyn,40.663467999999995,-73.89030401413325,11,0,6
360471128001001,Brooklyn,40.66321549999999,-73.89117706778663,2,0,0
360471128001002,Brooklyn,40.6617755,-73.89032029048359,12,0,2
360471128001003,Brooklyn,40.662131,-73.8894953271605,16,0,7
360471128002000,Brooklyn,40.662966,-73.89205695281007,10,0,0
360471128002001,Brooklyn,40.662704,-73.89295473617182,3,0,0
360471128002002,Brooklyn,40.661058999999995,-73.89197239216202,13,0,4
360471128002003,Brooklyn,40.6614105,-73.89114959542653,9,0,6
360471128003000,Brooklyn,40.662457,-73.89390698926368,42,0,9
360471128003001,Brooklyn,40.662153,-73.89486644177279,31,0,19
360471128003002,Brooklyn,40.6603535,-73.89357645884976,5,3,0
360471128003003,Brooklyn,40.6607115,-73.89277408814871,57,0,17
360471130001000,Brooklyn,40.6651745,-73.89657693711817,74,9,29
360471130001001,Brooklyn,40.665041,-73.89749730492379,42,0,36
360471130002000,Brooklyn,40.66364,-73.89618522771953,6,0,3
360471130002002,Brooklyn,40.6633675,-73.89802427274213,1,0,0
360471130003000,Brooklyn,40.66206149999999,-73.89579152691798,13,0,6
360471130003002,Brooklyn,40.6618345,-73.8976323248902,6,0,0
360471130004000,Brooklyn,40.660001,-73.89439132535537,5,0,1
360471130004003,Brooklyn,40.659645499999996,-73.89520416567709,1,0,0
360471130004004,Brooklyn,40.659659999999995,-73.8961735162957,5,0,0
360471132001002,Brooklyn,40.660092999999996,-73.89905060530538,10,2,1
360471132001003,Brooklyn,40.6584005,-73.89861684752844,25,0,7
360471132002000,Brooklyn,40.664767,-73.89933941203105,2,2,1
360471132002001,Brooklyn,40.664636,-73.90021796748206,36,0,23
360471132002003,Brooklyn,40.66323,-73.898946530241,2,2,2
360471132002004,Brooklyn,40.661699,-73.89855413037152,8,0,4
360471132002005,Brooklyn,40.661570999999995,-73.89942710145482,20,1,18
360471134001001,Brooklyn,40.669379,-73.89956228021883,33,29,21
360471134001003,Brooklyn,40.66910849999999,-73.90138429231975,43,3,31
360471134001004,Brooklyn,40.6679835,-73.89920721774394,30,0,5
360471134001005,Brooklyn,40.668119,-73.89828637237298,559,0,481
360471134002000,Brooklyn,40.666580499999995,-73.89789357527812,19,8,14
360471134003000,Brooklyn,40.667711499999996,-73.90102670679246,7,0,2
360471134003001,Brooklyn,40.666176,-73.90062621722194,26,0,20
360471142011003,Brooklyn,40.683870999999996,-73.89369280744914,3,3,0
360471142011004,Brooklyn,40.683094499999996,-73.89482899485421,1,0,0
360471142011005,Brooklyn,40.682149499999994,-73.89405094756717,3,0,0
360471142012007,Brooklyn,40.6793765,-73.89628144321046,14,0,1
360471142012008,Brooklyn,40.6799385,-73.89478870731962,9,0,3
360471142012011,Brooklyn,40.679148999999995,-73.89844275849602,7,0,1
360471142012012,Brooklyn,40.678979999999996,-73.89911842354368,6,0,2
360471142012013,Brooklyn,40.678816999999995,-73.90117857510288,112,0,32
360471142012014,Brooklyn,40.6780835,-73.89824112810076,2,2,1
360471142021001,Brooklyn,40.6832835,-73.88971043589154,2,0,0
360471142021004,Brooklyn,40.682275499999996,-73.89179256974924,8,8,7
360471142022000,Brooklyn,40.682342999999996,-73.88940588419733,5,3,2
360471142022001,Brooklyn,40.6817345,-73.89089374449847,12,0,8
360471142022002,Brooklyn,40.68091199999999,-73.89261382468428,1,0,0
360471144001000,Brooklyn,40.6761405,-73.90028058068562,16,2,2
360471144001001,Brooklyn,40.676227999999995,-73.9012050292584,14,0,5
360471144001005,Brooklyn,40.6746675,-73.90091601415614,79,0,57
360471144001006,Brooklyn,40.674734,-73.89997685231577,1,0,0
360471144001007,Brooklyn,40.6732965,-73.89960944785557,66,0,47
360471144001008,Brooklyn,40.673160499999994,-73.90052961196865,45,0,22
360471144001009,Brooklyn,40.673022,-73.90145233298915,131,0,117
360471144001010,Brooklyn,40.674477499999995,-73.90182500524793,20,0,8
360471144001011,Brooklyn,40.6744075,-73.90274633678425,2245,5,1612
360471144001012,Brooklyn,40.67288549999999,-73.90236412339277,29,0,8
360471144001013,Brooklyn,40.671633,-73.90203387455662,260,3,136
360471144001014,Brooklyn,40.6717685,-73.90112960617398,58,18,31
360471144001016,Brooklyn,40.672044,-73.89928811788661,14,0,4
360471144001017,Brooklyn,40.6707765,-73.89896327740536,25,0,14
360471144001019,Brooklyn,40.670503999999994,-73.90080594830238,63,31,54
360471144002000,Brooklyn,40.674133,-73.89397394492539,3,0,0
360471144002001,Brooklyn,40.673997,-73.89488823854174,23,0,5
360471144002002,Brooklyn,40.673846999999995,-73.89584287696823,104,1,89
360471144002003,Brooklyn,40.67370149999999,-73.89683681708242,11,0,0
360471144002005,Brooklyn,40.6734325,-73.89868872193053,122,0,45
360471144003000,Brooklyn,40.672878999999995,-73.89365372028936,196,0,142
360471144003001,Brooklyn,40.672737,-73.89456704500857,13,0,1
360471144003002,Brooklyn,40.6725955,-73.89552351445653,1,0,0
360471144003003,Brooklyn,40.672455,-73.89651663112282,45,0,24
360471144003005,Brooklyn,40.6721795,-73.89836732446753,39,0,17
360471144004000,Brooklyn,40.6716115,-73.89333177268067,172,0,148
360471144004002,Brooklyn,40.671331499999994,-73.89520719290299,343,0,306
360471144004004,Brooklyn,40.671048,-73.89713127641956,7,0,4
360471146001001,Brooklyn,40.680488999999994,-73.89090250961505,1,0,0
360471146001002,Brooklyn,40.6802215,-73.89177116772122,19,0,1
360471146001003,Brooklyn,40.678953,-73.89144359863741,29,28,5
360471146001004,Brooklyn,40.67908799999999,-73.89054352651571,5,0,0
360471146001005,Brooklyn,40.6792825,-73.8896573382384,8,0,1
360471146002000,Brooklyn,40.679951,-73.8926455487757,4,0,0
360471146002001,Brooklyn,40.679964,-73.89335798555956,3,0,0
360471146002003,Brooklyn,40.67855,-73.89415596602781,4,0,1
360471146002004,Brooklyn,40.6786885,-73.89325305450836,528,0,38
360471146002005,Brooklyn,40.678819,-73.89234601305563,8,0,1
360471146002007,Brooklyn,40.678045,-73.89592737277027,28,0,11
360471150001000,Brooklyn,40.675449,-73.8851027833043,1,0,0
360471150001002,Brooklyn,40.675202,-73.8867677766129,28,0,17
360471150001003,Brooklyn,40.6750705,-73.88765455729347,1,1,0
360471150001004,Brooklyn,40.67493999999999,-73.88854584533686,2,0,2
360471150002002,Brooklyn,40.672807,-73.88527205787076,109,0,88
360471150003003,Brooklyn,40.673947999999996,-73.88644677602522,6,0,0
360471150003004,Brooklyn,40.673816,-73.88733294254791,7,0,0
360471150003005,Brooklyn,40.673683999999994,-73.88822600451182,2,0,1
360471152001001,Brooklyn,40.6746705,-73.89034949525146,3,0,1
360471152001002,Brooklyn,40.674537,-73.89125033594655,1,0,0
360471152001003,Brooklyn,40.6744035,-73.89215438891956,6,0,4
360471152001004,Brooklyn,40.6742685,-73.89305866581549,20,0,18
360471152002000,Brooklyn,40.67354999999999,-73.88912861009968,7,0,1
360471152002001,Brooklyn,40.6734155,-73.89002877605748,21,3,6
360471152002004,Brooklyn,40.6730155,-73.89273783347812,3,0,0
360471152003000,Brooklyn,40.6722815,-73.8888051097507,18,0,8
360471152003001,Brooklyn,40.6721495,-73.88970611383314,19,10,8
360471152003002,Brooklyn,40.672015,-73.89060140631065,6,0,1
360471152003003,Brooklyn,40.6718835,-73.89150447821521,23,0,4
360471152003004,Brooklyn,40.671747499999995,-73.89241528881007,4,0,0
360471156001000,Brooklyn,40.6700725,-73.89488844724315,79,0,63
360471156001001,Brooklyn,40.668675,-73.89453061091473,17,0,7
360471156001002,Brooklyn,40.667139500000005,-73.89413884141915,62,0,37
360471156002000,Brooklyn,40.6669925,-73.89512097751148,102,0,85
360471156002002,Brooklyn,40.666719,-73.896972061361,17,17,14
360471156003000,Brooklyn,40.6683905,-73.89645175653745,39,36,33
360471156004000,Brooklyn,40.6699255,-73.89587032941529,13,3,3
360471156004001,Brooklyn,40.669787,-73.89680955342902,26,3,8
360471156004002,Brooklyn,40.6696525,-73.89772072308612,67,1,56
360471156004003,Brooklyn,40.668530000000004,-73.89551416232032,26,0,0
360471158001001,Brooklyn,40.670486,-73.89209650279264,25,4,9
360471158002000,Brooklyn,40.669225,-73.89082254361979,1,0,0
360471158002002,Brooklyn,40.668954,-73.89265616930471,114,0,99
360471158002003,Brooklyn,40.6688185,-73.89357513029779,11,2,3
360471158003001,Brooklyn,40.667553,-73.89134745578673,6,0,0
360471158003002,Brooklyn,40.667417,-73.89226348609083,14,6,12
360471158003003,Brooklyn,40.667280500000004,-73.89318209755336,57,0,33
360471160002001,Brooklyn,40.6694915,-73.88902815524358,1,0,0
360471160002002,Brooklyn,40.6693585,-73.88992049999999,3,0,1
360471160003000,Brooklyn,40.668223,-73.8868295432661,5,0,3
360471160003001,Brooklyn,40.668088999999995,-73.88773244165341,1,1,0
360471160003002,Brooklyn,40.6679555,-73.88863533018392,2,2,0
360471160003003,Brooklyn,40.667822,-73.88952659522181,3,0,0
360471162003001,Brooklyn,40.668802,-73.88319580202263,4,0,1
360471162003002,Brooklyn,40.66861299999999,-73.88420049999999,1,0,1
360471164001000,Brooklyn,40.672292999999996,-73.87987167251663,4,0,0
360471164001001,Brooklyn,40.6721605,-73.88078404845189,2,2,0
360471164001002,Brooklyn,40.6720315,-73.88166792183483,9,0,0
360471164001003,Brooklyn,40.671908,-73.88250700979813,1,0,0
360471164002000,Brooklyn,40.6708965,-73.8795240435914,2,0,0
360471164002001,Brooklyn,40.6707645,-73.88043674340646,4,1,1
360471164002002,Brooklyn,40.6706355,-73.88131518893032,671,0,585
360471164002003,Brooklyn,40.670512,-73.88214967138958,10,1,2
360471164003000,Brooklyn,40.669358,-73.87914094334616,157,0,134
360471164003001,Brooklyn,40.669225999999995,-73.88005371432313,4,0,0
360471164003002,Brooklyn,40.669098,-73.88092731718004,34,0,26
360471164003003,Brooklyn,40.668976,-73.88175682846048,5,0,2
360471166001000,Brooklyn,40.6760795,-73.88081260858536,9,0,3
360471166001001,Brooklyn,40.675946499999995,-73.88172472118902,6,3,2
360471166001002,Brooklyn,40.675815,-73.88262193016493,4,0,2
360471166001004,Brooklyn,40.675568999999996,-73.88428816794467,2,2,0
360471166002000,Brooklyn,40.674823499999995,-73.88050077946545,30,0,8
360471166002004,Brooklyn,40.674315,-73.8839677263407,2,0,0
360471166003003,Brooklyn,40.673168000000004,-73.88282944212922,13,0,8
360471168001001,Brooklyn,40.680937,-73.88251494846045,7,0,0
360471168001002,Brooklyn,40.679946,-73.8822675498193,6,1,1
360471168001003,Brooklyn,40.67995,-73.88130470683637,40,0,6
360471168001004,Brooklyn,40.677748,-73.88122642797006,15,0,3
360471168001005,Brooklyn,40.677557,-73.88212364674513,40,1,15
360471168002000,Brooklyn,40.680727499999996,-73.88342800142456,5,0,0
360471168002001,Brooklyn,40.680516,-73.88433939770553,4,3,0
360471168002002,Brooklyn,40.678795,-73.88389977687736,14,6,4
360471168002003,Brooklyn,40.679802499999994,-73.88319400737254,3,0,1
360471168002004,Brooklyn,40.678923,-73.88297306212611,27,0,10
360471168002005,Brooklyn,40.67736549999999,-73.88301198333272,166,0,32
360471170001000,Brooklyn,40.678771499999996,-73.88484850526741,30,3,5
360471170001001,Brooklyn,40.678737999999996,-73.8860458275536,28,1,9
360471170001002,Brooklyn,40.678737999999996,-73.88555987037657,1,1,1
360471170002000,Brooklyn,40.6770755,-73.88425126121481,250,0,218
360471170002001,Brooklyn,40.67685349999999,-73.88544821657767,4,0,0
360471170002002,Brooklyn,40.6766845,-73.88625309639238,13,0,6
360471170002003,Brooklyn,40.676521,-73.88710511997778,33,0,16
360471170002004,Brooklyn,40.678094,-73.88750782752675,10,0,0
360471170002005,Brooklyn,40.6778555,-73.88836561627963,11,0,1
360471170002006,Brooklyn,40.676356,-73.88798222233115,45,37,6
360471172011002,Brooklyn,40.681616999999996,-73.8867730909625,3,1,0
360471172011005,Brooklyn,40.6812855,-73.88832322139224,6,0,1
360471172012000,Brooklyn,40.680162499999994,-73.88520593157494,8,0,0
360471172012001,Brooklyn,40.680017,-73.88636030629308,9,0,1
360471172012002,Brooklyn,40.679889,-73.8870372307426,10,4,2
360471172012003,Brooklyn,40.67968449999999,-73.8879136989017,17,4,2
360471172012004,Brooklyn,40.679485,-73.88878181524332,6,0,1
360471172012005,Brooklyn,40.680017,-73.88588277643615,4,2,0
360471172021000,Brooklyn,40.6840995,-73.88233779352558,61,1,24
360471172021001,Brooklyn,40.683854,-73.88324022114199,5,0,5
360471172021002,Brooklyn,40.6835765,-73.88414758090204,2,0,0
360471172021003,Brooklyn,40.683307,-73.88505486901565,1,0,0
360471172021004,Brooklyn,40.6830375,-73.88594264029044,1,0,0
360471172022000,Brooklyn,40.682244,-73.88187605779108,7,0,7
360471172022001,Brooklyn,40.682109,-73.88280664040892,4,0,1
360471172022002,Brooklyn,40.681973,-73.88374267362452,2,0,0
360471172022003,Brooklyn,40.681836499999996,-73.88467755945678,170,0,144
360471172022004,Brooklyn,40.681653499999996,-73.88558628720627,3,0,0
360471174001000,Brooklyn,40.685920499999995,-73.87951025607697,1,1,0
360471174001001,Brooklyn,40.6855115,-73.88066259673336,4,0,4
360471174001002,Brooklyn,40.685211499999994,-73.88166141052784,4,0,0
360471174001003,Brooklyn,40.683953,-73.88133730892103,5,2,0
360471174001005,Brooklyn,40.684095,-73.8800813499771,7,0,1
360471174001006,Brooklyn,40.68462649999999,-73.87918829626048,3,0,0
360471174001007,Brooklyn,40.682871999999996,-73.87841818478262,12,9,0
360471174001008,Brooklyn,40.682871999999996,-73.87908979117647,26,0,9
360471174001009,Brooklyn,40.6840725,-73.88064582766543,2,0,1
360471174002000,Brooklyn,40.682542,-73.8799258899094,23,0,5
360471174002001,Brooklyn,40.6823775,-73.88094550193685,26,0,12
360471174002002,Brooklyn,40.681214499999996,-73.88089554107142,3,0,0
360471174002003,Brooklyn,40.6802225,-73.88040588123181,32,0,2
360471174002004,Brooklyn,40.680516499999996,-73.87941773052457,92,8,11
360471174002005,Brooklyn,40.6805665,-73.87819120180271,2262,2,1240
360471176011000,Brooklyn,40.6868415,-73.87704925075758,1,0,0
360471176011001,Brooklyn,40.686379,-73.87827989502115,119,0,105
360471176011002,Brooklyn,40.684941499999994,-73.87792240062723,1,0,0
360471176011003,Brooklyn,40.6852575,-73.87665620347713,4,0,0
360471176012000,Brooklyn,40.683871499999995,-73.87496814479516,20,0,3
360471176012001,Brooklyn,40.683536000000004,-73.8762285905222,678,3,89
360471176012002,Brooklyn,40.6832,-73.87748983747412,9,3,1
360471176021000,Brooklyn,40.687901499999995,-73.87442415456375,34,1,14
360471176021001,Brooklyn,40.687073,-73.87575699868142,44,0,17
360471176021002,Brooklyn,40.6855735,-73.87539049712065,20,0,1
360471176022000,Brooklyn,40.686314499999995,-73.87347895715206,11,0,2
360471176022001,Brooklyn,40.685843500000004,-73.87430316045413,1,0,0
360471176022002,Brooklyn,40.684158999999994,-73.87388320466593,80,1,23
360471176022003,Brooklyn,40.684556,-73.87298161716171,49,2,8
360471178001000,Brooklyn,40.682548499999996,-73.87232961330047,16,0,4
360471178001001,Brooklyn,40.682258000000004,-73.87331908176239,29,7,8
360471178001003,Brooklyn,40.681937999999995,-73.87583142369853,387,0,290
360471178001004,Brooklyn,40.681692999999996,-73.87679700091576,13,0,6
360471178001005,Brooklyn,40.681652,-73.87743291115926,3,0,1
360471178001007,Brooklyn,40.6812665,-73.87226605611602,3,0,0
360471180001000,Brooklyn,40.691691999999996,-73.87339414141036,292,0,255
360471180001001,Brooklyn,40.688328999999996,-73.87968349424553,12,0,7
360471180001002,Brooklyn,40.68480649999999,-73.88611986382051,424,4,135
360471182011000,Brooklyn,40.688975,-73.87100358273952,161,0,149
360471182011001,Brooklyn,40.688738,-73.87184456198716,84,12,56
360471182011002,Brooklyn,40.686792499999996,-73.87048903202341,1,1,0
360471182012000,Brooklyn,40.6888315,-73.87311558484784,96,0,69
360471182012002,Brooklyn,40.6871665,-73.87147442536218,2,0,0
360471182012005,Brooklyn,40.685862,-73.87225951680401,10,0,1
360471182021000,Brooklyn,40.689661,-73.86846751665416,10,6,1
360471182021001,Brooklyn,40.689474,-73.86793792628058,48,4,30
360471182021002,Brooklyn,40.68943,-73.86923945666953,64,0,48
360471182022000,Brooklyn,40.689189999999996,-73.87020085319111,6,1,2
360471182022001,Brooklyn,40.687146,-73.86971521036638,4,0,1
360471182022002,Brooklyn,40.68719299999999,-73.8687094316918,12,0,2
360471182022005,Brooklyn,40.686412499999996,-73.86954179408426,2,0,0
360471184001000,Brooklyn,40.6858005,-73.8672664551008,2,0,0
360471184001001,Brooklyn,40.68563949999999,-73.86834195199631,6,0,2
360471184001002,Brooklyn,40.683792999999994,-73.86789763225988,16,0,6
360471184001003,Brooklyn,40.6838315,-73.86687676747644,6,0,1
360471184002000,Brooklyn,40.685381,-73.86929887645309,120,3,96
360471184002001,Brooklyn,40.685165999999995,-73.87010525159943,11,4,2
360471184002002,Brooklyn,40.683308,-73.86964445857271,22,3,2
360471184002003,Brooklyn,40.683539999999994,-73.86882433160783,36,7,5
360471184003000,Brooklyn,40.6847015,-73.87089313541667,12,2,0
360471184003002,Brooklyn,40.6846295,-73.87191990091895,2,2,0
360471184003003,Brooklyn,40.68410349999999,-73.87177568618498,19,15,14
360471184003004,Brooklyn,40.6827895,-73.87141732661902,56,0,18
360471184003005,Brooklyn,40.683061499999994,-73.87050136482432,9,9,9
360471186001001,Brooklyn,40.681388999999996,-73.86535978260767,2,0,0
360471186001003,Brooklyn,40.6816045,-73.8673639836131,30,0,18
360471186002000,Brooklyn,40.6814275,-73.86826016637995,10,0,5
360471186002001,Brooklyn,40.68167,-73.86923166808509,2,2,2
360471186002002,Brooklyn,40.6814195,-73.87056433325141,51,2,24
360471186002003,Brooklyn,40.680684,-73.87038553605106,3,0,0
360471188001000,Brooklyn,40.6803555,-73.86383906771583,7,0,3
360471188001001,Brooklyn,40.6801155,-73.86425782744836,2,0,0
360471188001002,Brooklyn,40.6798515,-73.8649993141263,35,0,2
360471188001004,Brooklyn,40.678445499999995,-73.86312228711893,30,24,12
360471188001005,Brooklyn,40.678363499999996,-73.86453355902552,21,0,0
360471188002000,Brooklyn,40.679742,-73.8660089678751,15,0,6
360471188002001,Brooklyn,40.679626,-73.86690458898023,105,0,52
360471188002002,Brooklyn,40.678157999999996,-73.86639133711677,20,1,3
360471188002003,Brooklyn,40.678276499999996,-73.8655854126433,208,1,25
360471188003000,Brooklyn,40.679500499999996,-73.867790167913,15,1,1
360471188003001,Brooklyn,40.679458,-73.86870741255734,33,0,7
360471188003002,Brooklyn,40.677891,-73.86823799769455,13,1,3
360471188003003,Brooklyn,40.678023499999995,-73.86731366722906,18,0,1
360471190001000,Brooklyn,40.6797325,-73.87215709765712,14,14,1
360471190001004,Brooklyn,40.678438,-73.87183239187227,41,1,5
360471190001005,Brooklyn,40.6790575,-73.871987730838,4,0,1
360471190001007,Brooklyn,40.67781649999999,-73.87097418525519,16,0,6
360471190002000,Brooklyn,40.679995,-73.87022171533923,3,0,2
360471190002002,Brooklyn,40.678684499999996,-73.86991349209609,240,4,46
360471190002003,Brooklyn,40.677916499999995,-73.87016411519608,55,13,6
360471190002004,Brooklyn,40.677852,-73.86919304378532,39,1,11
360471192001000,Brooklyn,40.679132499999994,-73.87677112821962,14,5,1
360471192001001,Brooklyn,40.67852,-73.87758378322482,24,2,2
360471192001003,Brooklyn,40.6767435,-73.87620261071572,12,1,8
360471192002000,Brooklyn,40.6754865,-73.87589116186862,34,0,23
360471192002001,Brooklyn,40.675354999999996,-73.87681244794953,3,0,0
360471192002002,Brooklyn,40.675222500000004,-73.87773477285484,4,2,0
360471192002004,Brooklyn,40.6749545,-73.87957888405295,47,0,18
360471192003000,Brooklyn,40.678326,-73.87850721470281,48,0,20
360471192003003,Brooklyn,40.6762115,-73.87989055915041,120,0,110
360471192003004,Brooklyn,40.676345,-73.87896877674979,36,0,23
360471194001000,Brooklyn,40.674218999999994,-73.87557628648864,4,3,0
360471194001001,Brooklyn,40.674086,-73.87649760393701,15,0,0
360471194001002,Brooklyn,40.673952,-73.87741844821994,17,0,17
360471194001003,Brooklyn,40.673818499999996,-73.87834066534154,16,2,0
360471194002000,Brooklyn,40.67295299999999,-73.8752557980194,15,14,9
360471194002004,Brooklyn,40.6724255,-73.87894999701956,1,0,0
360471194003000,Brooklyn,40.6714305,-73.8748563494152,75,3,53
360471194003003,Brooklyn,40.671161999999995,-73.87768045673388,7,0,3
360471194003004,Brooklyn,40.6710295,-73.878602,4,0,0
360471196001000,Brooklyn,40.678871,-73.87491713405797,203,0,172
360471196001003,Brooklyn,40.677131,-73.87351518100002,52,0,43
360471196001004,Brooklyn,40.677237,-73.87277734525229,35,0,30
360471196001005,Brooklyn,40.677153000000004,-73.87188331113903,10,0,6
360471196001006,Brooklyn,40.67707849999999,-73.8708941875,2,0,0
360471196001007,Brooklyn,40.677009,-73.87435426869989,1,0,0
360471196001008,Brooklyn,40.6768755,-73.87528111233334,2,1,0
360471196002000,Brooklyn,40.676238,-73.87069044716088,26,0,5
360471196002001,Brooklyn,40.676104499999994,-73.87161138652537,218,0,171
360471196002002,Brooklyn,40.6759825,-73.87244958618783,17,0,17
360471196002003,Brooklyn,40.675875500000004,-73.8732062544531,8,0,0
360471196002004,Brooklyn,40.6757535,-73.87404666043722,1,0,0
360471196002005,Brooklyn,40.6756205,-73.87497005831393,4,0,0
360471196003000,Brooklyn,40.6749705,-73.87037467351153,22,2,6
360471196003001,Brooklyn,40.6748355,-73.871297,6,0,0
360471196003002,Brooklyn,40.6747155,-73.87213489978333,2,1,0
360471196003003,Brooklyn,40.674606,-73.8728921717539,8,0,0
360471196003004,Brooklyn,40.674484,-73.87373238543648,17,0,4
360471196003005,Brooklyn,40.6743515,-73.87465455288083,101,0,53
360471196004000,Brooklyn,40.673705999999996,-73.87006127125557,6,0,2
360471196004001,Brooklyn,40.67357249999999,-73.8709875026115,14,0,1
360471196004002,Brooklyn,40.673441999999994,-73.87182482794384,6,0,0
360471196004003,Brooklyn,40.67333549999999,-73.87257884030286,2,0,0
360471196004004,Brooklyn,40.673214,-73.87341815853476,30,0,3
360471196004005,Brooklyn,40.673080999999996,-73.8743334886776,6,0,0
360471198001000,Brooklyn,40.6777605,-73.89684575749017,16,13,12
360471198001001,Brooklyn,40.677433,-73.89779207904965,34,0,3
360471198001002,Brooklyn,40.6771885,-73.89866959543969,6,0,3
360471198001004,Brooklyn,40.676278999999994,-73.8993862259689,364,0,263
360471198001005,Brooklyn,40.676306499999995,-73.89846463697296,193,0,141
360471198001006,Brooklyn,40.6764005,-73.89752537133612,28,0,12
360471198001007,Brooklyn,40.6765135,-73.89652562214113,26,0,3
360471198001008,Brooklyn,40.675144,-73.89617583434602,30,6,21
360471198001009,Brooklyn,40.6750355,-73.89717799983026,23,2,8
360471198001010,Brooklyn,40.674943999999996,-73.89812787813419,118,46,98
360471198001011,Brooklyn,40.674808999999996,-73.89903921842424,57,25,25
360471198002000,Brooklyn,40.677020999999996,-73.8928236536934,26,7,14
360471198002001,Brooklyn,40.676887,-73.89372873798376,20,7,8
360471198002002,Brooklyn,40.676757499999994,-73.89464711953339,13,0,4
360471198002003,Brooklyn,40.6766345,-73.89556528607037,25,7,7
360471198002004,Brooklyn,40.6752515,-73.89521008762138,23,0,3
360471198002005,Brooklyn,40.675366499999996,-73.89429026650826,81,0,58
360471198002006,Brooklyn,40.6754875,-73.89337089787284,4,0,4
360471198002007,Brooklyn,40.6756175,-73.89246438652611,78,2,58
360471198003000,Brooklyn,40.677628999999996,-73.8892347591474,96,0,81
360471198003001,Brooklyn,40.677467,-73.89012793710779,30,4,11
360471198003003,Brooklyn,40.6771655,-73.89192188068094,9,0,2
360471198003004,Brooklyn,40.675752,-73.89156136828726,10,2,6
360471198003005,Brooklyn,40.675894,-73.89066135775278,55,0,9
360471198003006,Brooklyn,40.676045,-73.88976268897493,30,0,14
360471198003007,Brooklyn,40.676197,-73.88886732406368,9,0,2
360471200001000,Brooklyn,40.6752685,-73.86551814928058,23,0,7
360471200001001,Brooklyn,40.675347,-73.86663684908535,27,0,2
360471200001002,Brooklyn,40.6753685,-73.86759708718532,66,6,20
360471200001003,Brooklyn,40.6763215,-73.86807374873737,8,0,2
360471200001005,Brooklyn,40.676357499999995,-73.86976525039432,153,0,128
360471200001007,Brooklyn,40.675236,-73.86853178270835,4,0,0
360471200001008,Brooklyn,40.6751025,-73.86945276652327,1,0,1
360471200002001,Brooklyn,40.6743605,-73.8635251950237,63,0,40
360471200002002,Brooklyn,40.6744695,-73.86452856834532,3,3,2
360471200002004,Brooklyn,40.6742395,-73.86637154658607,6,0,0
360471200002005,Brooklyn,40.6741065,-73.86729313473293,17,12,5
360471200002007,Brooklyn,40.673841499999995,-73.86913939395075,21,0,3
360471202001000,Brooklyn,40.6770205,-73.8620504153605,365,0,45
360471202001001,Brooklyn,40.6772045,-73.8625727968271,3,0,0
360471202001003,Brooklyn,40.6759955,-73.86299193397335,173,0,147
360471202001004,Brooklyn,40.675653999999994,-73.86195560227273,5,0,0
360471202001009,Brooklyn,40.676058999999995,-73.86396127507523,1,0,0
360471202002000,Brooklyn,40.677107,-73.86422244160269,1,1,0
360471202002002,Brooklyn,40.6769155,-73.86608523704865,3,0,0
360471202002004,Brooklyn,40.676894000000004,-73.86779147327044,18,0,7
360471208011000,Brooklyn,40.6723095,-73.86971584208344,4,0,0
360471208011001,Brooklyn,40.672166,-73.87064820754503,6,0,0
360471208012001,Brooklyn,40.6706345,-73.87027278573657,3,0,0
360471208012002,Brooklyn,40.669244,-73.86992379567563,97,0,81
360471208013000,Brooklyn,40.6727105,-73.86694185138929,3,0,0
360471208013001,Brooklyn,40.672574999999995,-73.8678718282377,1,0,0
360471208013002,Brooklyn,40.67244049999999,-73.86879315876361,1,0,0
360471208014003,Brooklyn,40.66952,-73.86806284760968,12,6,8
360471208014004,Brooklyn,40.669647999999995,-73.8671440039883,123,0,104
360471208021000,Brooklyn,40.6721825,-73.8649067923763,61,25,26
360471208022000,Brooklyn,40.6700465,-73.86437845052306,73,0,69
360471208022001,Brooklyn,40.669372499999994,-73.86421181312502,19,0,14
360471208031001,Brooklyn,40.673413499999995,-73.86140113804277,41,41,7
360471208031002,Brooklyn,40.673368999999994,-73.86233921495094,5,0,0
360471208031003,Brooklyn,40.67324549999999,-73.86326683538947,1,0,1
360471208031004,Brooklyn,40.671687,-73.86288506,93,0,71
360471208031005,Brooklyn,40.671845499999996,-73.86196245852922,2,0,0
360471208031007,Brooklyn,40.6705845,-73.8606994323523,46,0,4
360471208031008,Brooklyn,40.6707135,-73.85977673564517,1,0,0
360471208031009,Brooklyn,40.670835,-73.85885289897608,128,0,110
360471208031013,Brooklyn,40.6703785,-73.86208875824383,88,1,69
360471210001000,Brooklyn,40.671099,-73.87258363673669,52,52,47
360471210002000,Brooklyn,40.668741999999995,-73.8718250943759,15,0,3
360471214001004,Brooklyn,40.667878,-73.86716838562278,52,44,43
360471214001005,Brooklyn,40.6682725,-73.86443261495728,24,0,8
360471214002000,Brooklyn,40.666754999999995,-73.86405722056313,9,0,9
360471220001002,Brooklyn,40.669152,-73.85842946107374,13,3,2
360471220001003,Brooklyn,40.6692805,-73.8575019931973,53,0,15
360471220001007,Brooklyn,40.667356999999996,-73.85984535659036,37,18,20
360471220001008,Brooklyn,40.667232999999996,-73.86081766691535,9,4,2
360471220001009,Brooklyn,40.668670999999996,-73.86166748139735,60,60,9
360471220001012,Brooklyn,40.663382,-73.85937647279617,76,0,68
360471220002002,Brooklyn,40.665175,-73.8641089476827,8,0,7
360471220002005,Brooklyn,40.6647605,-73.86687715897101,124,0,96
360471220002007,Brooklyn,40.666166,-73.86817290741084,4,0,0
360471220002008,Brooklyn,40.667666499999996,-73.86854529193135,27,0,0
360471220002014,Brooklyn,40.6674765,-73.8701931800382,22,0,3
360471220002015,Brooklyn,40.6673165,-73.8694315277368,156,0,125
360471220002017,Brooklyn,40.6658955,-73.87003172417941,1,0,0
360471220002018,Brooklyn,40.6658135,-73.87082149724384,11,0,1
360471220002020,Brooklyn,40.6644885,-73.86873055306769,2,1,2
360471220002021,Brooklyn,40.6628275,-73.86839759873766,5,2,5
360471220002023,Brooklyn,40.6625435,-73.86446798764797,360,0,336
360471220002025,Brooklyn,40.6639505,-73.86147396875768,39,9,9
360471237001000,Brooklyn,40.697205499999995,-73.95924772524816,463,158,149
360471237001001,Brooklyn,40.698083,-73.96055779305487,92,0,83
360471237001002,Brooklyn,40.6970775,-73.96034489611876,144,41,43
360471237001003,Brooklyn,40.6952675,-73.95996480560599,277,48,169
360471237001004,Brooklyn,40.695392,-73.95887825020242,76,47,51
360471237002000,Brooklyn,40.697801999999996,-73.95726923531188,235,81,126
360471237002001,Brooklyn,40.6973325,-73.95812331894385,346,81,134
360471237002002,Brooklyn,40.695521,-73.95776123809523,126,41,59
360471237002003,Brooklyn,40.6956275,-73.9568342622449,187,22,89
360471237003000,Brooklyn,40.69825,-73.953609211897,142,0,55
360471237003001,Brooklyn,40.698146,-73.95451807103191,199,12,110
360471237003002,Brooklyn,40.6980425,-73.95541014323129,90,4,57
360471237003003,Brooklyn,40.697934000000004,-73.95632797840408,268,57,97
360471237003004,Brooklyn,40.695736,-73.95588942788437,118,31,46
360471237003005,Brooklyn,40.6958425,-73.95497161807079,116,12,35
360471237003006,Brooklyn,40.695944,-73.95407964353365,55,3,14
360471237003007,Brooklyn,40.696051499999996,-73.95317057005275,546,257,213
360471502001001,Brooklyn,40.65165449999999,-73.97755091638675,1,0,0
360471502001002,Brooklyn,40.651507499999994,-73.97847366219051,40,0,23
360471502001003,Brooklyn,40.651162,-73.97935554634864,2,0,0
360471502001004,Brooklyn,40.650769999999994,-73.98035299827552,6,4,4
360471502002001,Brooklyn,40.6541665,-73.97855440913621,5,0,0
360471502002003,Brooklyn,40.6529895,-73.98088054525032,23,3,12
360471502002004,Brooklyn,40.65255,-73.98011856220586,12,3,4
360471502002005,Brooklyn,40.653065,-73.97877636973834,4,4,3
360471502002006,Brooklyn,40.6533905,-73.97800311149032,13,5,9
360471502003001,Brooklyn,40.659407,-73.98675164393939,40,0,21
360471502003002,Brooklyn,40.6588655,-73.98703430054637,65,0,54
360471502003003,Brooklyn,40.657535499999994,-73.98483330930934,420,22,277
360471502003008,Brooklyn,40.6562795,-73.9827392297399,67,0,60
360471502003009,Brooklyn,40.6548465,-73.98036999115044,51,4,44
360471502003012,Brooklyn,40.654741,-73.98136888274337,9,6,3
360471522001001,Brooklyn,40.64669,-73.96877667621683,11,0,11
360471522001002,Brooklyn,40.646488,-73.96989640864022,37,6,31
360471522001003,Brooklyn,40.645799,-73.96988283184977,1,1,0
360471522001004,Brooklyn,40.645092,-73.9684736348808,3,2,3
360471522001005,Brooklyn,40.645244,-73.96755627864869,1,0,0
360471522001006,Brooklyn,40.6428365,-73.96804669562079,5,0,1
360471522001007,Brooklyn,40.6434605,-73.96932269781965,11,0,1
360471522001008,Brooklyn,40.644217,-73.96950255200885,14,0,7
360471522001009,Brooklyn,40.645007,-73.96969275795811,41,21,19
360471522001011,Brooklyn,40.6427645,-73.96915610625089,45,3,38
360471522002000,Brooklyn,40.642814,-73.96709636310173,49,5,9
360471522002001,Brooklyn,40.6409295,-73.9676861802899,8,2,1
360471522002002,Brooklyn,40.64057,-73.96862391459197,135,0,37
360471522003000,Brooklyn,40.6475975,-73.96516053512892,20,0,9
360471522003001,Brooklyn,40.6473745,-73.96606646089018,3,0,1
360471522003002,Brooklyn,40.6471385,-73.96696872420159,17,0,15
360471522003004,Brooklyn,40.645371499999996,-73.96639518799942,1,0,0
360471522003005,Brooklyn,40.645448,-73.96570180777734,1,0,0
360471522003006,Brooklyn,40.6427075,-73.96518476092878,81,12,43
360471522003007,Brooklyn,40.64284549999999,-73.96453176120562,37,2,13
360471522003009,Brooklyn,40.642599,-73.96585974156307,43,2,28
360610001001001,Manhattan,40.689856,-74.04517137192335,126,0,72
360610002011000,Manhattan,40.714079,-73.98620529804857,39,6,18
360610002011001,Manhattan,40.713358,-73.98604515306602,126,0,106
360610002012000,Manhattan,40.712033999999996,-73.98585576572788,62,0,36
360610002012001,Manhattan,40.7109655,-73.98571053684702,47,0,12
360610002012002,Manhattan,40.710534499999994,-73.98568565401912,107,0,18
360610002012003,Manhattan,40.7104525,-73.98562083218201,1,1,1
360610002021000,Manhattan,40.71386749999999,-73.98025492665725,82,9,43
360610002021001,Manhattan,40.713729,-73.98241971349438,135,4,80
360610002021002,Manhattan,40.7140835,-73.98370382103445,602,170,353
360610002021004,Manhattan,40.713494,-73.98451063675013,27,27,23
360610002022001,Manhattan,40.7123595,-73.98338128092783,55,0,28
360610002023001,Manhattan,40.712444999999995,-73.98167206096684,59,59,55
360610002024002,Manhattan,40.712045,-73.97936675445104,159,0,138
360610002024003,Manhattan,40.7130935,-73.97923667526112,202,15,124
360610002026001,Manhattan,40.712033999999996,-73.98430740979381,67,0,56
360610002026003,Manhattan,40.711186,-73.98195034283904,33,5,20
360610002026005,Manhattan,40.71100199999999,-73.9843107167851,1,0,0
360610005000001,Manhattan,40.6929145,-74.00770459052006,6,6,4
360610005001003,Manhattan,40.6922835,-74.01915043490932,73,69,70
360610005001020,Manhattan,40.687692,-74.02103360043668,2,2,2
360610005001024,Manhattan,40.6902415,-74.01517944650425,77,0,54
360610005001027,Manhattan,40.690946499999995,-74.0201197141514,5,0,5
360610005001029,Manhattan,40.6888595,-74.0182102152059,13,0,0
360610006001000,Manhattan,40.71422,-73.99137115118995,314,84,127
360610006001001,Manhattan,40.71361949999999,-73.9912964190982,83,24,30
360610006001002,Manhattan,40.7129185,-73.99118645246914,221,2,152
360610006002000,Manhattan,40.7122035,-73.99106563945006,6,6,2
360610006002001,Manhattan,40.71150899999999,-73.99094928490081,6,0,6
360610006002003,Manhattan,40.7104265,-73.99086113186812,46,44,38
360610006002004,Manhattan,40.7099505,-73.99050469251824,101,82,60
360610006003000,Manhattan,40.713911499999995,-73.9878825,622,10,348
360610006003001,Manhattan,40.713781499999996,-73.9894058269775,152,23,70
360610006003002,Manhattan,40.714269,-73.98999558994333,1,1,1
360610006004000,Manhattan,40.713207,-73.98776736236684,877,1,822
360610006004001,Manhattan,40.7130755,-73.98929639232429,78,7,11
360610006005000,Manhattan,40.7121175,-73.98801787399375,46,46,44
360610006005001,Manhattan,40.7122815,-73.98957807397407,31,29,28
360610006006000,Manhattan,40.710665999999996,-73.98804433233401,24,10,16
360610007001000,Manhattan,40.708685,-74.01009699705884,3035,2675,2755
360610007001001,Manhattan,40.7082105,-74.01052817735655,6576,2811,5545
360610007001002,Manhattan,40.707724999999996,-74.01095071654815,2827,2083,2289
360610007001003,Manhattan,40.70711849999999,-74.0118632677399,156,77,83
360610007001004,Manhattan,40.706834,-74.01126974050781,1685,1619,1581
360610007001005,Manhattan,40.707045,-74.00986743518519,3456,2717,2967
360610007002000,Manhattan,40.706641,-74.01044342422435,761,180,562
360610007003000,Manhattan,40.7079195,-74.00925784229003,9058,3860,6568
360610007004000,Manhattan,40.707262,-74.00822156656643,89,30,41
360610007004001,Manhattan,40.70684249999999,-74.00730800226245,1592,298,856
360610007004002,Manhattan,40.706569,-74.00789620833334,1054,356,810
360610007004003,Manhattan,40.706215,-74.00846646215356,2463,2355,2358
360610007004004,Manhattan,40.7059045,-74.00933499296961,74,36,65
360610007005000,Manhattan,40.7057795,-74.00865995842219,205,39,94
360610007005001,Manhattan,40.705437,-74.00950768454936,205,175,102
360610007006000,Manhattan,40.7047665,-74.0085298643142,448,161,290
360610007006001,Manhattan,40.705209499999995,-74.00864504464286,43,14,36
360610007006002,Manhattan,40.7049175,-74.00937652144772,1928,1570,1626
360610007007000,Manhattan,40.706258500000004,-74.00670945572419,1293,859,1150
360610007007001,Manhattan,40.7055855,-74.00736584275793,350,44,237
360610007007002,Manhattan,40.705538000000004,-74.00638564621836,2727,2514,2417
360610007007003,Manhattan,40.705088499999995,-74.00574736904761,9664,2758,5467
360610007007004,Manhattan,40.7045545,-74.00695411737289,24,13,20
360610007007005,Manhattan,40.704747999999995,-74.00751277304497,396,247,316
360610007007006,Manhattan,40.704248,-74.0082290271839,1456,1436,1342
360610007007007,Manhattan,40.7037815,-74.00768665530472,154,105,148
360610007007008,Manhattan,40.703755,-74.00843416501627,4,0,0
360610007008000,Manhattan,40.703992,-74.00656814407606,5,5,5
360610007008002,Manhattan,40.703770500000005,-74.00527363718021,18,0,15
360610008000001,Manhattan,40.70733,-73.99070677180596,13,0,10
360610008001000,Manhattan,40.7138785,-73.99605847668866,624,135,185
360610008001001,Manhattan,40.7132445,-73.99586997869955,362,149,145
360610008002000,Manhattan,40.7125535,-73.99572716809266,124,5,13
360610008003000,Manhattan,40.7118325,-73.99559350544773,92,4,12
360610008004000,Manhattan,40.71087849999999,-73.99596308356215,112,83,84
360610008005000,Manhattan,40.711023,-73.99475346877378,37,6,19
360610008005003,Manhattan,40.7096775,-73.9950484505814,179,128,121
360610008006001,Manhattan,40.7140455,-73.99350602503995,134,29,21
360610008006002,Manhattan,40.713404,-73.99398037435668,43,4,9
360610008006003,Manhattan,40.713392999999996,-73.9941138983286,33,11,3
360610008006004,Manhattan,40.7139605,-73.99461338243026,1,0,0
360610008006006,Manhattan,40.7126945,-73.99411669374572,51,5,13
360610008006007,Manhattan,40.7127195,-73.99376250901722,15,3,1
360610008006008,Manhattan,40.7127315,-73.99363698632823,6,2,1
360610008006009,Manhattan,40.712768499999996,-73.99308575755545,83,0,59
360610008006010,Manhattan,40.713452,-73.99330456689276,145,53,35
360610008006014,Manhattan,40.71207149999999,-73.99284801624148,100,12,27
360610008006017,Manhattan,40.711997,-73.99387619697723,43,7,17
360610009001000,Manhattan,40.705532,-74.01032231679923,532,383,414
360610009001001,Manhattan,40.705532,-74.01108558974848,1727,1102,1356
360610009001002,Manhattan,40.7054105,-74.01195669913989,10978,5140,7851
360610009001003,Manhattan,40.706211499999995,-74.01250484334615,8099,3758,4373
360610009001004,Manhattan,40.704451999999996,-74.01240888126591,2659,994,2255
360610009001005,Manhattan,40.704836,-74.01208068674697,76,1,15
360610009001006,Manhattan,40.7046155,-74.01106237064756,1349,650,1103
360610009001007,Manhattan,40.704961499999996,-74.01000782727272,290,290,280
360610009001008,Manhattan,40.704234,-74.01375261291896,17,1,2
360610009001009,Manhattan,40.703369499999994,-74.01373674326567,750,694,693
360610009001010,Manhattan,40.703327,-74.01256747950819,1430,1327,1337
360610009001011,Manhattan,40.70407949999999,-74.01112111666126,3833,3128,3453
360610009001012,Manhattan,40.704263999999995,-74.01015157027027,263,0,112
360610009001013,Manhattan,40.703942,-74.00975072993208,629,572,539
360610009001014,Manhattan,40.702641,-74.01014123989728,12004,7001,11107
360610009001015,Manhattan,40.703368999999995,-74.01093328191446,151,7,93
360610009001016,Manhattan,40.703083,-74.01201760334733,1266,1226,1204
360610009001017,Manhattan,40.7029505,-74.01269852539036,7895,7759,7667
360610009001018,Manhattan,40.702800499999995,-74.01358762786697,2153,1894,1962
360610009001019,Manhattan,40.702164499999995,-74.01329063178137,5,0,3
360610009001020,Manhattan,40.70226649999999,-74.01204935759762,411,112,266
360610009001022,Manhattan,40.701553,-74.01090981493218,64,1,56
360610009001023,Manhattan,40.70380349999999,-74.01236692213502,2020,1603,1502
360610010011009,Manhattan,40.71433449999999,-73.9783954495638,73,61,67
360610010021000,Manhattan,40.719158,-73.978220870319,1,0,0
360610010021001,Manhattan,40.7178585,-73.97890248064857,13,0,8
360610010022000,Manhattan,40.71644,-73.97840032957244,115,63,91
360610010022001,Manhattan,40.7168825,-73.97952373778293,9,0,5
360610010024000,Manhattan,40.718531,-73.97616948437776,13,13,12
360610010025000,Manhattan,40.717265,-73.97692218349414,152,3,116
360610012001000,Manhattan,40.71785199999999,-73.98324624737572,49,13,24
360610012001009,Manhattan,40.71628249999999,-73.98308525677626,102,0,45
360610012001010,Manhattan,40.7165325,-73.9839282801531,489,0,414
360610012001011,Manhattan,40.7157765,-73.9843510556309,33,6,11
360610012001012,Manhattan,40.715546,-73.9835217688896,146,4,116
360610012002009,Manhattan,40.715155499999995,-73.98225502578275,753,17,107
360610012003000,Manhattan,40.716115,-73.97975377304965,108,0,85
360610012003005,Manhattan,40.715273999999994,-73.97975658444282,4,4,2
360610012003006,Manhattan,40.7150175,-73.98062460114504,40,31,31
360610013001000,Manhattan,40.708766999999995,-74.01463036437835,1797,645,1387
360610013001001,Manhattan,40.7084775,-74.0138284721709,171,47,71
360610013001002,Manhattan,40.7079655,-74.01494364131362,108,49,70
360610013002002,Manhattan,40.7053545,-74.01593021725239,1865,695,1026
360610013002003,Manhattan,40.706425499999995,-74.01556306460624,28,9,12
360610013002006,Manhattan,40.704679,-74.01489189007862,73,0,64
360610013002008,Manhattan,40.705597499999996,-74.014054,9805,7815,8839
360610013003000,Manhattan,40.708037,-74.0121265528906,938,693,768
360610013003001,Manhattan,40.7083495,-74.01300095155355,1225,1194,1085
360610013003002,Manhattan,40.7074585,-74.01348968815635,118,33,64
360610013003003,Manhattan,40.7071725,-74.01440225991831,304,17,239
360610013003004,Manhattan,40.7064685,-74.01335151395088,6214,3153,3966
360610013003005,Manhattan,40.7072995,-74.01267252171914,937,729,763
360610013004001,Manhattan,40.709886,-74.01324987345491,63,52,44
360610013004002,Manhattan,40.70992,-74.01245104176073,125,5,69
360610013004003,Manhattan,40.7091125,-74.01356872862294,472,447,453
360610013004004,Manhattan,40.709446,-74.01437197662338,129,55,33
360610013004005,Manhattan,40.709920499999996,-74.01419923250452,275,24,238
360610013004006,Manhattan,40.70923,-74.0112379048515,302,277,283
360610013004007,Manhattan,40.7089375,-74.0114607686407,664,458,531
360610013004008,Manhattan,40.709329999999994,-74.0124621631195,181,0,147
360610013005000,Manhattan,40.71181,-74.01225547493786,11494,7319,10175
360610013005001,Manhattan,40.710952,-74.00993091321233,4821,4435,4458
360610013005002,Manhattan,40.711463499999994,-74.00953411629189,2,2,2
360610013005003,Manhattan,40.71039,-74.01035460135957,1461,942,1223
360610013005004,Manhattan,40.709746499999994,-74.01083694087424,7782,6925,6823
360610014011000,Manhattan,40.7153485,-73.98844608558558,4572,45,604
360610014012000,Manhattan,40.714884,-73.98381811891117,390,7,172
360610014012001,Manhattan,40.7151205,-73.98571050182494,247,157,175
360610014021000,Manhattan,40.7186135,-73.98579404590004,133,22,49
360610014021001,Manhattan,40.7188545,-73.9866354837559,208,18,102
360610014021007,Manhattan,40.7168015,-73.98770507757739,25,7,10
360610014021008,Manhattan,40.716548,-73.9868735606108,272,0,36
360610014022000,Manhattan,40.718121499999995,-73.98411462149531,194,0,151
360610014022001,Manhattan,40.718377499999995,-73.98495286397059,141,15,61
360610014022005,Manhattan,40.717240499999996,-73.98497399618901,2,2,2
360610014022006,Manhattan,40.7170615,-73.98534893416802,18,3,7
360610014022007,Manhattan,40.7162915,-73.98602747999148,4,0,1
360610014022008,Manhattan,40.7160455,-73.98518695236609,10,6,0
360610015011000,Manhattan,40.7125,-74.00464603580716,10,0,3
360610015011004,Manhattan,40.7110595,-74.00455795324675,2497,30,927
360610015011007,Manhattan,40.7115785,-74.00639591057814,94,9,48
360610015011009,Manhattan,40.711297,-74.00778748290045,68,34,46
360610015011010,Manhattan,40.711018499999994,-74.00711355406662,318,21,191
360610015011011,Manhattan,40.710488,-74.00644786102889,341,191,245
360610015011012,Manhattan,40.711085,-74.00576732922079,406,103,263
360610015011013,Manhattan,40.7102815,-74.00492513246269,1002,0,912
360610015011014,Manhattan,40.709785999999994,-74.00540300212582,740,628,637
360610015011015,Manhattan,40.709491,-74.00578975498743,2863,0,2382
360610015011016,Manhattan,40.71011,-74.00699922713643,334,36,151
360610015011017,Manhattan,40.7108465,-74.00840396763371,1936,1654,1499
360610015012000,Manhattan,40.710344,-74.00235008473861,1,0,1
360610015012002,Manhattan,40.7094835,-74.00339077203778,2862,56,2395
360610015013003,Manhattan,40.709194,-74.00167554926765,31,9,7
360610015013005,Manhattan,40.7082115,-74.00263678838581,16,0,8
360610015013007,Manhattan,40.7077885,-74.0022435167364,177,29,131
360610015013008,Manhattan,40.708312,-74.00119186171065,43,11,23
360610015013009,Manhattan,40.7078855,-74.00080470741419,39,2,20
360610015013010,Manhattan,40.7067305,-74.00151357749755,141,0,96
360610015013012,Manhattan,40.707351,-74.00183361033797,243,53,124
360610015013013,Manhattan,40.7071655,-74.00139763478647,47,0,28
360610015013014,Manhattan,40.707086499999996,-74.00323060199356,380,326,215
360610015013016,Manhattan,40.708237,-74.00410683445901,11,0,11
360610015021000,Manhattan,40.709875499999995,-74.00849359410287,934,577,397
360610015021001,Manhattan,40.70966,-74.00913425031368,921,539,675
360610015021002,Manhattan,40.709430999999995,-74.00980256748466,1368,894,936
360610015021003,Manhattan,40.708997499999995,-74.00977550912548,142,142,128
360610015021004,Manhattan,40.7088875,-74.00929798488372,63,19,41
360610015022000,Manhattan,40.709700999999995,-74.00773516582586,611,370,301
360610015022001,Manhattan,40.7088715,-74.00813278553119,4266,1266,3421
360610015022002,Manhattan,40.709323499999996,-74.00712472780108,1456,733,1004
360610015022003,Manhattan,40.708895999999996,-74.006417185966,3764,3196,2475
360610015022004,Manhattan,40.7082865,-74.00708419497603,617,465,542
360610015022005,Manhattan,40.7077665,-74.0073739556314,2085,1195,1059
360610015022006,Manhattan,40.707552,-74.00784652401197,175,23,148
360610015022007,Manhattan,40.7082955,-74.00862344186638,2561,2539,2534
360610015023000,Manhattan,40.708794499999996,-74.00565287761029,88,14,23
360610015023001,Manhattan,40.7084555,-74.00556570592482,334,135,219
360610015023002,Manhattan,40.7078645,-74.0051709241954,1968,873,1298
360610015023003,Manhattan,40.7076455,-74.00615048986486,195,53,143
360610015024000,Manhattan,40.706917499999996,-74.00571778380737,2053,1847,1935
360610015024001,Manhattan,40.70728,-74.00671290131578,235,91,149
360610015024002,Manhattan,40.7065495,-74.00623202616524,768,445,700
360610015024004,Manhattan,40.70663,-74.00505223535565,47,45,42
360610015024005,Manhattan,40.705895,-74.00452463105015,18,0,1
360610015024006,Manhattan,40.70560999999999,-74.00497708307716,78,0,47
360610015025000,Manhattan,40.707119999999996,-74.00490649828768,92,22,44
360610015026000,Manhattan,40.70690499999999,-74.00435673447075,2046,1798,1899
360610015026001,Manhattan,40.7063275,-74.00383567729305,86,4,62
360610016001000,Manhattan,40.716857,-73.99406088781865,4,0,0
360610016001001,Manhattan,40.717712,-73.99462417970216,241,16,26
360610016001002,Manhattan,40.716599,-73.99521953632902,314,105,154
360610016001003,Manhattan,40.715354,-73.99478007811481,2,0,0
360610016001004,Manhattan,40.715255,-73.99587339758642,310,33,202
360610016002000,Manhattan,40.716947999999995,-73.99211970949324,121,34,81
360610016002001,Manhattan,40.717203,-73.99295882548437,222,55,86
360610016003000,Manhattan,40.715795,-73.99270847346918,276,54,175
360610016003001,Manhattan,40.7160495,-73.99354946170516,426,41,253
360610016003002,Manhattan,40.71468899999999,-73.99405489141634,49,7,14
360610016003003,Manhattan,40.7148385,-73.99320873660714,97,1,28
360610016004000,Manhattan,40.7162515,-73.9898571611927,288,42,140
360610016004001,Manhattan,40.7164975,-73.99063030526662,161,29,48
360610016004002,Manhattan,40.7166855,-73.99124585850532,159,79,105
360610016004003,Manhattan,40.716789,-73.99160279383696,1,1,0
360610016005000,Manhattan,40.715111,-73.99044214025571,171,17,77
360610016005001,Manhattan,40.715346999999994,-73.99122260073449,295,68,170
360610016005002,Manhattan,40.715535,-73.99184430131385,179,82,86
360610016005005,Manhattan,40.7147755,-73.99223309625405,288,27,154
360610016005006,Manhattan,40.714611500000004,-73.99149022546973,91,7,59
360610018001000,Manhattan,40.71705849999999,-73.98851576436758,27,0,11
360610018001001,Manhattan,40.717310999999995,-73.98931011848794,389,0,339
360610018001002,Manhattan,40.717546999999996,-73.99008969401339,232,27,124
360610018001003,Manhattan,40.717733499999994,-73.99070693063632,190,10,82
360610018002003,Manhattan,40.7186025,-73.9902628496859,149,32,63
360610018002005,Manhattan,40.717862,-73.98809436472816,212,97,49
360610018002006,Manhattan,40.71817849999999,-73.98886170620227,356,39,106
360610018002007,Manhattan,40.7184165,-73.98964313006647,410,244,271
360610018003000,Manhattan,40.7191025,-73.98745768051083,100,15,34
360610018003001,Manhattan,40.719353,-73.98825753945081,241,6,73
360610018003002,Manhattan,40.7195865,-73.98904392487088,168,39,83
360610018003003,Manhattan,40.7197755,-73.98966911494315,240,40,114
360610018004000,Manhattan,40.72004749999999,-73.99054188642899,298,14,149
360610018004001,Manhattan,40.720299,-73.99137309396494,162,6,99
360610018005000,Manhattan,40.720535999999996,-73.99218129321993,12,0,6
360610018005001,Manhattan,40.720641,-73.9932306416911,522,171,272
360610018005003,Manhattan,40.7196505,-73.9936915790909,242,73,137
360610018005006,Manhattan,40.718763499999994,-73.99409826937129,219,63,108
360610018006000,Manhattan,40.718002999999996,-73.99159188866608,226,127,35
360610018006001,Manhattan,40.7182525,-73.99242118595612,315,81,129
360610018007002,Manhattan,40.7191265,-73.99197277422758,117,12,46
360610018007003,Manhattan,40.71887149999999,-73.99114255051629,183,9,83
360610020001000,Manhattan,40.72126299999999,-73.97604610078534,105,55,82
360610020002000,Manhattan,40.7204275,-73.9767715775472,9,0,4
360610020003000,Manhattan,40.719373000000004,-73.97587277534362,2,2,2
360610020003001,Manhattan,40.719834,-73.97723465461256,362,0,320
360610020003002,Manhattan,40.720164499999996,-73.97810639980985,4,0,4
360610021001000,Manhattan,40.71562,-74.0082889776289,268,162,203
360610021001001,Manhattan,40.7153495,-74.00847361931062,168,0,91
360610021001002,Manhattan,40.71493649999999,-74.00881038031456,270,59,149
360610021001003,Manhattan,40.714264,-74.00734583841648,599,337,434
360610021001004,Manhattan,40.7148025,-74.00691762086961,719,386,515
360610021001005,Manhattan,40.713707,-74.00779372577925,1221,700,904
360610021001006,Manhattan,40.714372499999996,-74.00925754156407,397,90,187
360610021002000,Manhattan,40.713820999999996,-74.00969640727774,167,61,107
360610021002001,Manhattan,40.7131555,-74.00823810742604,3582,2112,2396
360610021002002,Manhattan,40.712629,-74.00866932601602,3247,2473,2925
360610021002003,Manhattan,40.7132925,-74.0101271817011,6420,4511,5704
360610021002004,Manhattan,40.712405,-74.0103543064516,2917,173,2657
360610021002005,Manhattan,40.71204,-74.00910994565024,2902,2455,2386
360610021003000,Manhattan,40.7162455,-74.01008656147857,584,407,466
360610021003001,Manhattan,40.7159475,-74.01061049712644,2623,865,2368
360610021003002,Manhattan,40.715269,-74.01080823609077,273,61,165
360610021003003,Manhattan,40.7143385,-74.01083900103782,1219,271,783
360610021003004,Manhattan,40.7146585,-74.01237298016284,1305,497,856
360610021003005,Manhattan,40.713758,-74.01117370144571,124,124,115
360610021003006,Manhattan,40.7134995,-74.01191205510075,935,823,886
360610021003007,Manhattan,40.713804499999995,-74.01300401131118,1090,895,946
360610021003008,Manhattan,40.7159105,-74.00906431212573,685,670,654
360610021004000,Manhattan,40.7163505,-74.01194208948337,470,48,219
360610021004001,Manhattan,40.715742,-74.01205791455695,6760,6120,6247
360610021004002,Manhattan,40.715509,-74.01271330471467,304,247,266
360610022011000,Manhattan,40.72021599999999,-73.98205233657015,14,3,10
360610022011001,Manhattan,40.7204735,-73.98290380143786,96,39,67
360610022011002,Manhattan,40.72072899999999,-73.98373648997217,142,17,58
360610022012000,Manhattan,40.719015,-73.98265229519532,152,7,84
360610022012001,Manhattan,40.719403,-73.98393780555554,652,1,522
360610022013001,Manhattan,40.71823499999999,-73.98209747267344,145,49,94
360610022014001,Manhattan,40.7177255,-73.98090989735132,526,67,386
360610022021000,Manhattan,40.7208495,-73.97966724683991,140,41,49
360610022021001,Manhattan,40.72184849999999,-73.98202570357213,201,48,98
360610022021002,Manhattan,40.72134799999999,-73.98263320321931,31,16,6
360610024001000,Manhattan,40.725933,-73.97335645046802,13,0,11
360610024001002,Manhattan,40.724813999999995,-73.97408610552131,2,1,0
360610024002000,Manhattan,40.723775,-73.97276844792282,41,0,13
360610024003000,Manhattan,40.7237635,-73.9748565721377,61,58,57
360610024003001,Manhattan,40.722831,-73.97580905790623,1381,0,1304
360610025002000,Manhattan,40.710335,-73.99736783126106,11,0,0
360610025004000,Manhattan,40.711502499999995,-73.99806838877119,85,46,60
360610025004001,Manhattan,40.7112675,-73.99987118498743,81,58,58
360610026011000,Manhattan,40.722694000000004,-73.97830981761749,22,2,3
360610026011001,Manhattan,40.722083999999995,-73.97875723422646,111,12,79
360610026011002,Manhattan,40.7214775,-73.97919742694826,110,17,50
360610026012000,Manhattan,40.7233915,-73.98090212799157,289,23,201
360610026012001,Manhattan,40.722477,-73.9815654397172,81,42,51
360610026021000,Manhattan,40.724487499999995,-73.97700460958615,501,14,384
360610026021001,Manhattan,40.723885499999994,-73.97744442821659,94,6,20
360610026021002,Manhattan,40.7232915,-73.97787901214235,108,4,45
360610026022000,Manhattan,40.724288,-73.98024669300295,231,149,183
360610026023000,Manhattan,40.7254865,-73.97937259994966,65,20,38
360610026023001,Manhattan,40.72488249999999,-73.979811736337,69,17,21
360610027001000,Manhattan,40.713763,-73.99765256655574,1179,59,119
360610027001001,Manhattan,40.713021,-73.99765148630563,276,125,76
360610027001002,Manhattan,40.712397499999994,-73.99745894405198,1,1,1
360610027001003,Manhattan,40.712284999999994,-73.99832913918439,30,7,9
360610027001004,Manhattan,40.712920999999994,-73.9987826513889,19,18,7
360610027001005,Manhattan,40.712189499999994,-74.00008711305009,168,124,111
360610027001006,Manhattan,40.712239,-73.99901418131869,1,1,1
360610028001000,Manhattan,40.7286105,-73.97711705432592,86,18,27
360610028002000,Manhattan,40.727903,-73.97752883218503,23,5,8
360610028002001,Manhattan,40.727278999999996,-73.97804936600875,233,39,167
360610028003000,Manhattan,40.726665499999996,-73.97849584500466,89,16,44
360610028003001,Manhattan,40.726079,-73.97893650104524,107,28,59
360610028004001,Manhattan,40.726921,-73.9752196094235,5,4,2
360610028004002,Manhattan,40.7265045,-73.97621483298589,45,14,14
360610028004003,Manhattan,40.7258985,-73.97665961034667,38,16,19
360610028004004,Manhattan,40.7250825,-73.97656710016122,311,167,231
360610028004005,Manhattan,40.725694,-73.97525843344783,8,3,2
360610029011000,Manhattan,40.7144115,-74.00166328096131,256,228,236
360610029011001,Manhattan,40.713725499999995,-74.0023842298599,468,45,455
360610029011002,Manhattan,40.713041,-74.00189708961908,11780,13,10083
360610029012002,Manhattan,40.710902499999996,-74.00125551017442,718,22,554
360610029013000,Manhattan,40.717817999999994,-73.99989850107066,44,26,29
360610029013001,Manhattan,40.71713,-74.00011599537441,147,13,120
360610029013002,Manhattan,40.7159725,-74.00090703804679,2421,19,2031
360610029013003,Manhattan,40.714973,-74.00111206770185,1366,0,1167
360610029021000,Manhattan,40.7172145,-73.99889670731707,176,19,41
360610029021001,Manhattan,40.716821499999995,-73.99926123674868,205,23,58
360610029021002,Manhattan,40.716365999999994,-73.99854124132091,639,201,239
360610029022000,Manhattan,40.7158525,-73.99685345249156,415,92,179
360610029022001,Manhattan,40.716087,-73.9977384875113,653,120,367
360610029022002,Manhattan,40.715196999999996,-73.99800488479625,520,302,284
360610029022003,Manhattan,40.7142135,-73.99827928477012,690,206,244
360610029022004,Manhattan,40.7145205,-73.99763839719944,180,109,90
360610029023000,Manhattan,40.7154,-73.99908897370798,246,20,68
360610029025000,Manhattan,40.71418799999999,-73.9991607770115,150,15,21
360610029025001,Manhattan,40.7137955,-74.00027489059082,61,42,46
360610030011000,Manhattan,40.721738,-73.98703094288635,374,6,201
360610030011001,Manhattan,40.721965499999996,-73.98782440384615,562,95,347
360610030011002,Manhattan,40.722155,-73.98851302416574,191,16,117
360610030012000,Manhattan,40.72053,-73.98765407578895,330,31,124
360610030012001,Manhattan,40.720771,-73.9884399920696,170,27,89
360610030012002,Manhattan,40.720962,-73.98907181789853,94,5,25
360610030013000,Manhattan,40.720980999999995,-73.98457419239982,191,26,93
360610030013001,Manhattan,40.7212375,-73.98541769883646,161,58,85
360610030013002,Manhattan,40.721484,-73.9862303810109,128,0,114
360610030014000,Manhattan,40.719787,-73.98519477202899,88,6,57
360610030014001,Manhattan,40.720040999999995,-73.98603531130433,160,0,122
360610030014002,Manhattan,40.720289,-73.98685019206522,157,77,99
360610030021000,Manhattan,40.72284,-73.98436162673978,232,15,103
360610030021001,Manhattan,40.7222935,-73.98459307889166,149,16,70
360610030021002,Manhattan,40.72191049999999,-73.98473286367175,110,91,83
360610030022000,Manhattan,40.723795499999994,-73.98662662785333,57,24,15
360610030022001,Manhattan,40.72314299999999,-73.9871009338089,228,29,88
360610030022003,Manhattan,40.722407,-73.98663818414096,5,5,2
360610031001000,Manhattan,40.718794,-74.00190600253096,584,361,429
360610031001001,Manhattan,40.718695499999995,-74.00120136119631,555,217,371
360610031001002,Manhattan,40.71822349999999,-74.00048254216867,165,88,66
360610031001003,Manhattan,40.717459,-74.00091011503267,786,181,322
360610031001004,Manhattan,40.717817,-74.00168692981435,558,245,432
360610031001005,Manhattan,40.71816749999999,-74.0024433870478,428,311,360
360610031001006,Manhattan,40.717575499999995,-74.0029669681214,618,543,387
360610031001007,Manhattan,40.7172235,-74.00224020912569,265,39,189
360610031001008,Manhattan,40.716801,-74.0030510011277,774,109,589
360610031001009,Manhattan,40.7163495,-74.00328038329081,50,26,38
360610031001010,Manhattan,40.716083,-74.00363212137168,76,23,23
360610031001011,Manhattan,40.715665,-74.00235648639347,4753,3,4374
360610031001012,Manhattan,40.716455999999994,-74.00174100000001,515,0,412
360610031002000,Manhattan,40.7149715,-74.00400426944252,3089,191,2866
360610031002001,Manhattan,40.714113999999995,-74.00390439902017,1897,561,1010
360610031002002,Manhattan,40.7146185,-74.00495244901168,930,66,851
360610031002003,Manhattan,40.714074999999994,-74.00535705110686,4094,42,3270
360610031002007,Manhattan,40.7135605,-74.00421446159635,309,17,259
360610031002008,Manhattan,40.713305,-74.00572720426287,4605,47,3891
360610032001000,Manhattan,40.72743,-73.98398209056805,340,5,165
360610032001001,Manhattan,40.726827,-73.98442182306859,424,14,185
360610032002000,Manhattan,40.726231,-73.98485572556103,334,38,140
360610032003000,Manhattan,40.7256345,-73.98528971162949,112,13,41
360610032003001,Manhattan,40.725032999999996,-73.98572858056829,84,81,75
360610032004000,Manhattan,40.7244265,-73.98616969983053,154,29,117
360610032005000,Manhattan,40.723463499999994,-73.98390142976899,293,84,137
360610032006000,Manhattan,40.7246025,-73.98284035220112,175,16,76
360610032006001,Manhattan,40.7239955,-73.98327562045417,146,28,81
360610032007001,Manhattan,40.726167000000004,-73.98193422388243,36,0,9
360610032007002,Manhattan,40.725273,-73.98258456420547,168,11,76
360610033001000,Manhattan,40.720741,-74.00444457874195,387,122,275
360610033001001,Manhattan,40.720333999999994,-74.00488159240506,1039,976,956
360610033001003,Manhattan,40.7195695,-74.00560990486193,200,19,124
360610033001006,Manhattan,40.718568000000005,-74.0056105369357,280,91,178
360610033001007,Manhattan,40.7182715,-74.00618748304831,132,4,38
360610033001008,Manhattan,40.717541499999996,-74.0063737065416,474,4,211
360610033001009,Manhattan,40.7177065,-74.00711365989818,84,53,50
360610033001010,Manhattan,40.717099,-74.00710332722136,2711,1636,2394
360610033001011,Manhattan,40.7165595,-74.00752599592458,459,10,255
360610033001012,Manhattan,40.716006,-74.00795989398291,292,57,186
360610033002000,Manhattan,40.72296,-74.00704556081357,4,0,3
360610033002002,Manhattan,40.722953499999996,-74.0076295426621,2072,1409,1786
360610033002003,Manhattan,40.722273,-74.00742506202722,229,124,190
360610033002004,Manhattan,40.72076,-74.00627011315129,312,168,248
360610033002005,Manhattan,40.7220385,-74.00599906721698,239,0,207
360610033002006,Manhattan,40.720192499999996,-74.0057662406609,10,9,10
360610033002007,Manhattan,40.7208265,-74.00555871089385,78,5,63
360610033002008,Manhattan,40.7214045,-74.00553267518268,4716,1,1350
360610033002009,Manhattan,40.721189499999994,-74.00501333893287,27,0,9
360610033002010,Manhattan,40.7201945,-74.00763915211405,401,46,310
360610033002011,Manhattan,40.720231,-74.00638572420334,163,60,140
360610033002012,Manhattan,40.719286,-74.0065851331264,37,6,9
360610033002013,Manhattan,40.719537,-74.00775656854253,314,74,222
360610033002014,Manhattan,40.718700999999996,-74.00751917583415,44,14,30
360610033002016,Manhattan,40.7184555,-74.00815938670613,62,11,29
360610033002017,Manhattan,40.717793,-74.00839770755746,174,147,168
360610033002018,Manhattan,40.717020999999995,-74.00856827403493,177,40,113
360610033002019,Manhattan,40.716387499999996,-74.00885670293322,31,11,13
360610033003000,Manhattan,40.716973499999995,-74.00513835473114,356,86,242
360610033003001,Manhattan,40.7164165,-74.00562363190954,499,438,394
360610033003002,Manhattan,40.7161495,-74.00663107443819,1065,1057,848
360610033003003,Manhattan,40.7153345,-74.00648218734176,2170,1311,1615
360610033003004,Manhattan,40.716034,-74.00597734935306,407,266,224
360610033004000,Manhattan,40.7196505,-74.00267886330326,1123,1000,1036
360610033004001,Manhattan,40.71931,-74.00322220541082,2202,812,1235
360610033004002,Manhattan,40.71874,-74.00369157606252,577,215,374
360610033004003,Manhattan,40.718295999999995,-74.00449999668024,532,290,403
360610033004004,Manhattan,40.717883,-74.00360134143163,591,547,554
360610033004005,Manhattan,40.717563,-74.00465280915044,295,148,195
360610034001000,Manhattan,40.72957699999999,-73.97942369965496,275,15,52
360610034001001,Manhattan,40.728916,-73.97993027204456,176,25,69
360610034002000,Manhattan,40.728275999999994,-73.98039410872876,180,62,117
360610034002001,Manhattan,40.727656999999994,-73.98084886126205,307,99,158
360610034003000,Manhattan,40.72923349999999,-73.98266692112298,193,16,147
360610034003001,Manhattan,40.728613499999994,-73.9831189104278,527,164,197
360610034003002,Manhattan,40.72802,-73.9835512436938,186,27,70
360610034004000,Manhattan,40.7305535,-73.98171078701618,390,21,110
360610034004001,Manhattan,40.729873,-73.98220076717585,194,39,90
360610036011000,Manhattan,40.722426999999996,-73.98932919814547,326,3,75
360610036011001,Manhattan,40.7212215,-73.98993837906468,43,10,22
360610036012000,Manhattan,40.7226775,-73.99015396834344,154,18,67
360610036012001,Manhattan,40.7214745,-73.99077252835292,186,7,129
360610036013001,Manhattan,40.723234,-73.99208347888214,587,13,281
360610036013002,Manhattan,40.722027999999995,-73.99260873960621,723,121,426
360610036021000,Manhattan,40.7247435,-73.98889010826572,204,79,130
360610036021001,Manhattan,40.7241085,-73.98939708050077,247,96,112
360610036022000,Manhattan,40.7260165,-73.9914154236712,373,11,206
360610036022001,Manhattan,40.7250795,-73.99148636222952,254,32,144
360610036022002,Manhattan,40.7244455,-73.99185984605434,193,12,126
360610036022003,Manhattan,40.72353749999999,-73.9898586806112,39,5,7
360610037001000,Manhattan,40.728483499999996,-74.00790333103743,4219,2505,3819
360610037001001,Manhattan,40.728229,-74.00910568173198,627,0,377
360610037001002,Manhattan,40.7268605,-74.01026920536486,61,0,10
360610037001010,Manhattan,40.72556,-74.00957769904667,396,51,280
360610037001011,Manhattan,40.7252715,-74.00883943621764,381,69,339
360610037001012,Manhattan,40.72629499999999,-74.00826306087555,1437,1110,1307
360610037001013,Manhattan,40.727,-74.00777489158894,1021,219,864
360610037001014,Manhattan,40.727759999999996,-74.00802329722991,1252,1203,1101
360610037001015,Manhattan,40.7272275,-74.00825018767313,25,8,18
360610037001016,Manhattan,40.726946,-74.00933646495957,34,18,24
360610037001017,Manhattan,40.724878000000004,-74.0081269158431,618,22,476
360610037002000,Manhattan,40.72785,-74.0026837850263,15,1,6
360610037002001,Manhattan,40.727987,-74.00306380634807,129,0,108
360610037002002,Manhattan,40.7280945,-74.00425923479943,2381,1168,1840
360610037002003,Manhattan,40.72832749999999,-74.00625838035415,958,195,882
360610037002004,Manhattan,40.7276035,-74.00637369078947,1779,1618,1606
360610037002005,Manhattan,40.727301499999996,-74.00441245053727,1148,861,841
360610037002006,Manhattan,40.727115,-74.0031510134549,86,11,58
360610037003001,Manhattan,40.7267255,-74.00457519168862,894,729,768
360610037003002,Manhattan,40.726895,-74.00648658553459,1107,1049,1077
360610037003003,Manhattan,40.72613749999999,-74.0066075,332,183,265
360610037003004,Manhattan,40.726091,-74.00475405026282,4924,3518,3765
360610037003005,Manhattan,40.725212,-74.00437762942988,334,259,256
360610037003006,Manhattan,40.725292499999995,-74.00521906319491,387,2,323
360610037003007,Manhattan,40.72533849999999,-74.00641325270061,173,88,142
360610037003008,Manhattan,40.725371499999994,-74.00731448678115,182,0,45
360610037003009,Manhattan,40.724845,-74.00736093941714,1483,1417,1404
360610037003010,Manhattan,40.724761,-74.0064780910469,266,75,188
360610037003011,Manhattan,40.724656499999995,-74.0053316285738,22,3,13
360610037003012,Manhattan,40.724588499999996,-74.00454929878049,194,0,169
360610037003013,Manhattan,40.7239595,-74.00537417285146,729,4,588
360610037003014,Manhattan,40.724007,-74.0069794213953,3,0,3
360610037003015,Manhattan,40.723309,-74.00678128704371,3807,2824,3387
360610037003016,Manhattan,40.723372999999995,-74.00553907817867,764,535,609
360610037003017,Manhattan,40.7224015,-74.00569297575566,4,3,4
360610038001000,Manhattan,40.729375,-73.98857314047488,406,36,153
360610038001001,Manhattan,40.728812500000004,-73.98912883021808,319,21,124
360610038001002,Manhattan,40.728524,-73.99029668397523,2,2,0
360610038001003,Manhattan,40.7280515,-73.9891757584098,115,7,73
360610038002000,Manhattan,40.727582,-73.98991161004975,181,33,80
360610038003000,Manhattan,40.7269405,-73.9902675097735,348,3,99
360610038003001,Manhattan,40.7262895,-73.9906101595175,280,21,92
360610038004000,Manhattan,40.7253925,-73.98846502306472,271,21,98
360610038005000,Manhattan,40.726600499999996,-73.98758087857092,466,38,287
360610038005001,Manhattan,40.725992,-73.9880219133203,202,13,86
360610038006000,Manhattan,40.727194999999995,-73.98714507718154,266,57,132
360610038007000,Manhattan,40.72839449999999,-73.98627292250816,529,34,211
360610038007001,Manhattan,40.7277925,-73.98671336344225,151,23,71
360610039001002,Manhattan,40.724655,-74.01064703635828,84,14,64
360610039001003,Manhattan,40.724369499999995,-74.00978194152577,68,62,49
360610039001004,Manhattan,40.724329,-74.00919530123673,22,6,3
360610039001006,Manhattan,40.72376,-74.00886404198474,815,282,520
360610039001007,Manhattan,40.723800499999996,-74.00988128375187,147,24,94
360610039001008,Manhattan,40.723893499999996,-74.01078941863332,48,13,32
360610039001012,Manhattan,40.722584499999996,-74.01103587003315,33,18,24
360610039001013,Manhattan,40.7232415,-74.01091283990613,46,26,37
360610039001014,Manhattan,40.723146,-74.00999549711887,31,7,18
360610039001015,Manhattan,40.723032499999995,-74.00882178961949,179,35,143
360610039001016,Manhattan,40.722374,-74.00894390978779,102,29,70
360610039001017,Manhattan,40.722493,-74.01010904049328,49,42,29
360610039001018,Manhattan,40.721822,-74.01023372495987,85,27,67
360610039001019,Manhattan,40.721912,-74.01115423364377,59,14,48
360610039001020,Manhattan,40.72176,-74.00948290015405,33,24,25
360610039001021,Manhattan,40.721683,-74.00870533754856,54,5,45
360610039002003,Manhattan,40.719783,-74.0111814620253,218,108,108
360610039002004,Manhattan,40.7208535,-74.01097258895095,15438,15155,14815
360610039003000,Manhattan,40.721003499999995,-74.0088261709142,123,84,88
360610039003001,Manhattan,40.7210775,-74.00961952519408,298,190,241
360610039003002,Manhattan,40.7203625,-74.00932578371962,163,8,100
360610039003003,Manhattan,40.7197015,-74.00943951905947,676,166,490
360610039003004,Manhattan,40.719162499999996,-74.00953200462249,1630,990,1030
360610039003005,Manhattan,40.71845449999999,-74.00911844117647,83,3,36
360610039003006,Manhattan,40.718402999999995,-74.0099360363372,142,20,86
360610039003007,Manhattan,40.7177325,-74.01008762353868,199,24,69
360610039003008,Manhattan,40.717761499999995,-74.00925761669185,116,50,89
360610039003010,Manhattan,40.716553999999995,-74.0095869871099,494,119,153
360610039004000,Manhattan,40.717792,-74.01159281849512,736,6,424
360610040011000,Manhattan,40.7289865,-73.9858435,300,53,160
360610040012000,Manhattan,40.7315095,-73.98400707254947,841,13,657
360610040012001,Manhattan,40.730838999999996,-73.98449287650976,216,80,110
360610040013000,Manhattan,40.730200499999995,-73.98495921298702,177,2,105
360610040013001,Manhattan,40.72958,-73.9854104632739,341,120,194
360610040021000,Manhattan,40.7318255,-73.98683072013743,189,94,127
360610040022000,Manhattan,40.73247549999999,-73.98631242801915,209,58,98
360610040023000,Manhattan,40.73104599999999,-73.98696491407541,282,44,107
360610040023001,Manhattan,40.7315255,-73.98802446617864,54,32,37
360610040024000,Manhattan,40.730485,-73.98755660606062,284,18,171
360610040024001,Manhattan,40.7303615,-73.98875599395224,125,42,74
360610040024002,Manhattan,40.729485499999996,-73.98747631092436,171,14,66
360610041001000,Manhattan,40.720782,-73.99438236290997,164,32,97
360610041001001,Manhattan,40.7211005,-73.99522791089004,292,5,190
360610041001002,Manhattan,40.720352,-73.99526589147911,105,0,36
360610041001003,Manhattan,40.720164,-73.99462400672061,958,109,274
360610041001004,Manhattan,40.719718,-73.99458772557526,26,18,17
360610041001005,Manhattan,40.7202305,-73.99565943900049,22,0,14
360610041002000,Manhattan,40.719084499999994,-73.99506205009689,1972,36,135
360610041002001,Manhattan,40.71798,-73.99557297877757,1289,97,194
360610041002002,Manhattan,40.71691,-73.99620262003558,513,117,231
360610041003000,Manhattan,40.719457500000004,-73.99587050324968,203,19,74
360610041003001,Manhattan,40.7182495,-73.99640359482142,590,54,155
360610041003002,Manhattan,40.717205,-73.99704548555624,558,211,222
360610041004000,Manhattan,40.7197525,-73.99666649631727,528,174,279
360610041004001,Manhattan,40.7185805,-73.99718316331553,345,77,169
360610041004002,Manhattan,40.7174845,-73.99784829265187,369,94,122
360610041005000,Manhattan,40.720043,-73.99739116050245,433,176,284
360610041005001,Manhattan,40.7202455,-73.99789025487968,11,1,4
360610041005002,Manhattan,40.719232500000004,-73.99862407731959,308,133,204
360610041005003,Manhattan,40.718892999999994,-73.99797624507495,345,18,227
360610041005004,Manhattan,40.717853999999996,-73.99862133766968,160,28,49
360610041005005,Manhattan,40.718230999999996,-73.99933543011282,508,123,350
360610041006000,Manhattan,40.721396,-73.99601978981318,33,5,13
360610041006001,Manhattan,40.7217005,-73.99684232152995,284,13,151
360610041006002,Manhattan,40.721112500000004,-73.99683153473944,63,2,19
360610041006003,Manhattan,40.7209385,-73.99732552083694,46,26,26
360610041006004,Manhattan,40.7208315,-73.99624192089519,272,191,218
360610041006005,Manhattan,40.7204945,-73.99628967432025,45,0,24
360610042001000,Manhattan,40.73165949999999,-73.9898546099717,309,30,222
360610042001001,Manhattan,40.730644,-73.98980056788751,600,358,461
360610042001002,Manhattan,40.730014999999995,-73.99012208973784,353,23,241
360610042001003,Manhattan,40.7293655,-73.99045330940642,1276,170,1166
360610042001004,Manhattan,40.7286405,-73.99081611646136,235,138,183
360610042002000,Manhattan,40.732679999999995,-73.98885502261905,602,55,244
360610042002001,Manhattan,40.732061,-73.98868645737964,157,63,69
360610042003000,Manhattan,40.732977,-73.98787839898256,484,360,376
360610042003001,Manhattan,40.7334475,-73.9881915310678,365,36,144
360610042003002,Manhattan,40.733796999999996,-73.98943660160559,1201,28,639
360610043001000,Manhattan,40.723459,-73.99335368274853,536,30,335
360610043001001,Manhattan,40.7237345,-73.99417179349922,337,83,188
360610043001002,Manhattan,40.723719,-73.99506825648763,190,10,121
360610043001003,Manhattan,40.724677,-73.99535279587336,1375,1057,1209
360610043001004,Manhattan,40.723879,-73.99588194107886,199,2,143
360610043002000,Manhattan,40.7219925,-73.99391474434628,319,66,189
360610043002001,Manhattan,40.722170999999996,-73.9948082626878,106,37,58
360610043003000,Manhattan,40.724872999999995,-73.99581275367107,7,0,1
360610043003001,Manhattan,40.724448499999994,-73.99704152668409,7661,4932,4514
360610043003002,Manhattan,40.7241415,-73.99641647321667,1117,686,909
360610043003003,Manhattan,40.723065,-73.99723035679293,791,219,393
360610043003004,Manhattan,40.7234505,-73.997881728626,802,564,630
360610043003005,Manhattan,40.7228335,-73.99641451514839,929,18,632
360610043003006,Manhattan,40.722494,-73.9955867415631,418,27,236
360610044001000,Manhattan,40.7310005,-73.97617781347657,9,4,3
360610044001001,Manhattan,40.730992,-73.97727315234374,7,6,6
360610044001002,Manhattan,40.7305755,-73.9751224468085,3,3,3
360610044003000,Manhattan,40.729611,-73.97640101362184,71,51,65
360610044004000,Manhattan,40.731685,-73.97824326883449,183,120,141
360610044004001,Manhattan,40.730148,-73.97869748626104,50,45,40
360610044005000,Manhattan,40.732964499999994,-73.98046051168615,526,348,365
360610044005001,Manhattan,40.732625999999996,-73.97908516130292,11,11,6
360610044006004,Manhattan,40.732113999999996,-73.97525247688274,200,160,167
360610044007000,Manhattan,40.733262999999994,-73.97694065789473,29,21,20
360610044007001,Manhattan,40.732445999999996,-73.97751305999999,10,2,5
360610044008000,Manhattan,40.733878499999996,-73.97925058207704,113,50,69
360610044009000,Manhattan,40.73147,-73.98094890040814,274,208,199
360610045001000,Manhattan,40.7218545,-73.99739157042254,5,5,5
360610045001001,Manhattan,40.7218545,-73.99808939010742,784,227,618
360610045001002,Manhattan,40.7222275,-73.99891608426161,1761,569,1176
360610045001003,Manhattan,40.7211305,-73.99984577144855,546,287,438
360610045001004,Manhattan,40.720748,-73.99903226860849,278,145,221
360610045001005,Manhattan,40.720439999999996,-73.9983537920258,893,393,686
360610045001006,Manhattan,40.721211,-73.99778394010677,527,349,352
360610045001007,Manhattan,40.7201855,-74.00064759382353,706,324,509
360610045001008,Manhattan,40.719489499999995,-73.9991671885579,192,76,120
360610045001009,Manhattan,40.719798,-73.99984896894286,1587,1107,1358
360610045001010,Manhattan,40.719077,-74.00069062068914,1612,713,940
360610045001011,Manhattan,40.718554999999995,-73.99997114286998,237,108,150
360610047001000,Manhattan,40.7245475,-74.00419490271307,167,12,145
360610047001001,Manhattan,40.724531999999996,-74.00344708841516,188,13,94
360610047001002,Manhattan,40.72411699999999,-74.00278294892144,582,138,367
360610047001003,Manhattan,40.723737,-74.00205503138484,754,446,584
360610047002000,Manhattan,40.723868499999995,-74.00434987180657,107,6,44
360610047002001,Manhattan,40.7232135,-74.0044943635674,3596,3098,3228
360610047002002,Manhattan,40.723012999999995,-74.00371577173681,2622,2468,2523
360610047002004,Manhattan,40.722035500000004,-74.00456299688298,604,110,451
360610047002005,Manhattan,40.722451,-74.0049753369349,81,0,54
360610047002006,Manhattan,40.722657,-74.00297123983958,242,53,165
360610047002007,Manhattan,40.722275499999995,-74.0021882,432,157,333
360610047002008,Manhattan,40.721902,-74.0014307560268,484,196,391
360610047002009,Manhattan,40.721522,-74.00065002558918,416,177,291
360610047002010,Manhattan,40.7205905,-74.0014406745079,1607,1211,1291
360610047002011,Manhattan,40.7208145,-74.00235404135967,168,62,96
360610047002012,Manhattan,40.7212375,-74.00306950494873,183,41,150
360610047002013,Manhattan,40.7216745,-74.00380265815478,340,79,199
360610047002014,Manhattan,40.7196505,-74.00195568749999,405,133,312
360610048001000,Manhattan,40.7356685,-73.98416538120568,152,60,87
360610048002000,Manhattan,40.7350255,-73.98445437217953,140,14,79
360610048003000,Manhattan,40.734607999999994,-73.98527998042637,140,16,58
360610048003001,Manhattan,40.733995,-73.98572603984374,413,28,271
360610048004000,Manhattan,40.7332145,-73.98593317699115,264,32,86
360610048005000,Manhattan,40.733290999999994,-73.98215326465531,3,3,2
360610048005001,Manhattan,40.732670999999996,-73.98260340007039,4920,11,4371
360610048005002,Manhattan,40.7321795,-73.98347765902541,427,40,214
360610048006000,Manhattan,40.734628,-73.98170245087576,225,31,150
360610048006001,Manhattan,40.734092,-73.98225659002904,122,23,67
360610048007001,Manhattan,40.733692,-73.98448490635178,6,4,5
360610049001000,Manhattan,40.726158,-74.0000086401212,419,64,256
360610049001001,Manhattan,40.725775,-73.99923148207253,1071,78,598
360610049001002,Manhattan,40.7254025,-73.9984752580583,512,25,374
360610049001003,Manhattan,40.725032,-73.99768037450026,1609,954,1154
360610049001004,Manhattan,40.723828999999995,-73.99869679350437,1390,895,1041
360610049001005,Manhattan,40.7242135,-73.99947692945018,779,154,598
360610049001006,Manhattan,40.724587,-74.00023574511798,648,286,564
360610049001007,Manhattan,40.72496699999999,-74.0010161874616,366,72,250
360610049001008,Manhattan,40.723457499999995,-74.0011875358643,833,398,635
360610049001009,Manhattan,40.723114499999994,-74.00040228804262,460,143,372
360610049001010,Manhattan,40.7227075,-73.99964504747928,1207,333,894
360610049001011,Manhattan,40.722832,-74.0016073821192,73,1,62
360610049002000,Manhattan,40.7263875,-74.00328492962203,353,320,272
360610049002001,Manhattan,40.726214,-74.00284969231257,49,19,20
360610049002002,Manhattan,40.7256855,-74.0024865216565,348,28,220
360610049002003,Manhattan,40.725326499999994,-74.00176359168297,268,50,151
360610049003000,Manhattan,40.727075,-74.00241398711339,336,5,189
360610049003001,Manhattan,40.726891499999994,-74.0014912879956,320,17,147
360610049003002,Manhattan,40.726527,-74.00076035479097,254,47,116
360610050001000,Manhattan,40.737686,-73.98713885558152,1092,451,698
360610050001001,Manhattan,40.7370985,-73.9875564695111,2176,1797,1943
360610050001002,Manhattan,40.736512499999996,-73.98798799880986,952,521,815
360610050002000,Manhattan,40.735933,-73.98842195137071,1029,13,846
360610050002001,Manhattan,40.7353205,-73.9888664218486,2807,2244,1942
360610050002002,Manhattan,40.734547,-73.98913997435814,2166,91,1721
360610050003000,Manhattan,40.7346385,-73.98724970558331,384,242,324
360610050003001,Manhattan,40.733971999999994,-73.9877290599498,6239,78,6012
360610050004000,Manhattan,40.735834499999996,-73.98637392174963,175,32,102
360610050004001,Manhattan,40.7352485,-73.98680187091986,719,4,581
360610050005000,Manhattan,40.737520499999995,-73.9843987108271,57,7,32
360610050005002,Manhattan,40.738426,-73.98707368439801,926,478,826
360610050005003,Manhattan,40.737413499999995,-73.98501322501956,42,14,26
360610050005004,Manhattan,40.737005999999994,-73.98552150670463,403,315,309
360610050005005,Manhattan,40.736420499999994,-73.98594761126222,130,19,74
360610052001000,Manhattan,40.73904,-73.98853344055142,3153,2084,2453
360610052001001,Manhattan,40.73840249999999,-73.98883896738647,2508,942,1974
360610052001002,Manhattan,40.738141999999996,-73.98958444708995,2446,1629,2043
360610052001003,Manhattan,40.7374715,-73.9897875753012,2386,1714,1921
360610052001004,Manhattan,40.7359375,-73.99033322977454,29,0,26
360610052002000,Manhattan,40.739791499999995,-73.99023015749842,1340,903,1122
360610052002001,Manhattan,40.7391325,-73.99055968412353,4817,480,1805
360610052002002,Manhattan,40.738141999999996,-73.99048953672316,967,556,776
360610052002003,Manhattan,40.73785649999999,-73.99117258068074,1230,234,662
360610052002004,Manhattan,40.737230999999994,-73.9914940970313,2179,1022,1382
360610052002005,Manhattan,40.736610999999996,-73.99193612562402,985,411,748
360610052002006,Manhattan,40.7359465,-73.99241311489666,1916,1479,1607
360610054001000,Manhattan,40.740908000000005,-73.99255431033211,3240,1974,2732
360610054001001,Manhattan,40.740235999999996,-73.9918599742268,1642,822,1232
360610054001002,Manhattan,40.7400575,-73.99276793729537,7203,5756,3439
360610054001003,Manhattan,40.739474,-73.9931968918816,7162,5534,6049
360610054001004,Manhattan,40.738888,-73.99362152182348,3148,1452,2428
360610054001005,Manhattan,40.7383015,-73.99404997879915,3160,2059,2654
360610054002000,Manhattan,40.737686999999994,-73.9944949559386,632,322,506
360610054003000,Manhattan,40.737026,-73.99498013995856,1105,666,792
360610055011000,Manhattan,40.729431,-73.99723133572401,18,17,14
360610055011001,Manhattan,40.728868,-73.99608867611565,15,0,2
360610055011002,Manhattan,40.728303,-73.99492129269507,210,25,103
360610055011003,Manhattan,40.727734999999996,-73.99540142655931,451,156,265
360610055011004,Manhattan,40.727070999999995,-73.9959640458232,169,32,122
360610055011005,Manhattan,40.7265395,-73.99641116647288,12,2,2
360610055011006,Manhattan,40.726164,-73.99672196804087,437,290,327
360610055011007,Manhattan,40.726006999999996,-73.99714698529411,560,345,365
360610055012000,Manhattan,40.728309499999995,-73.99765192050921,54,0,24
360610055012001,Manhattan,40.7279225,-73.99635037309542,73,8,35
360610055013000,Manhattan,40.726933,-73.99828746822814,139,10,70
360610055021000,Manhattan,40.727325,-73.9924173044596,147,1,102
360610055021001,Manhattan,40.726932,-73.9923770840609,149,29,109
360610055021002,Manhattan,40.7265155,-73.99296047505368,739,115,489
360610055021003,Manhattan,40.726096999999996,-73.99376466282564,919,418,744
360610055022000,Manhattan,40.72784299999999,-73.99394911114746,1083,356,924
360610055022001,Manhattan,40.7271145,-73.9941752351769,370,63,222
360610055022002,Manhattan,40.7273875,-73.99473103836664,499,303,366
360610055022003,Manhattan,40.726552999999996,-73.99539898569849,666,485,489
360610055022004,Manhattan,40.726609999999994,-73.99457790185676,63,8,46
360610055022005,Manhattan,40.725966,-73.99576158907428,2006,1540,1807
360610055022006,Manhattan,40.72556949999999,-73.99523939821958,250,134,183
360610055022007,Manhattan,40.725465,-73.99483841463066,59,18,32
360610055022008,Manhattan,40.72529899999999,-73.9943240378272,117,60,80
360610055022009,Manhattan,40.725072499999996,-73.99360452864599,282,114,225
360610055022010,Manhattan,40.724671,-73.99288621593348,307,18,184
360610056001000,Manhattan,40.7433575,-73.98511244513094,2269,486,787
360610056001001,Manhattan,40.744037,-73.98672121697662,1050,476,783
360610056001002,Manhattan,40.74342,-73.98717065348838,3325,2209,3007
360610056001003,Manhattan,40.74274,-73.98556306446467,3767,3555,3474
360610056001004,Manhattan,40.7421155,-73.98601577998463,3455,1679,2659
360610056001005,Manhattan,40.741499499999996,-73.98647824043715,6941,6214,6522
360610056001006,Manhattan,40.740863000000004,-73.98693094379658,322,52,252
360610056002000,Manhattan,40.7421585,-73.98799088928571,17,17,15
360610056002002,Manhattan,40.741119,-73.98955065661889,804,791,794
360610056002003,Manhattan,40.7403895,-73.98787566265224,2632,1646,2066
360610056003000,Manhattan,40.7396935,-73.98821582322654,1591,702,1087
360610056003001,Manhattan,40.740427,-73.98991559582538,859,628,694
360610057001000,Manhattan,40.7310045,-73.99098750138121,76,46,57
360610057001001,Manhattan,40.730607,-73.99152260127457,8074,7810,7731
360610057001004,Manhattan,40.730335,-73.99220500724638,63,33,42
360610057002000,Manhattan,40.73028049999999,-73.99323925637091,179,53,96
360610057002002,Manhattan,40.728909,-73.99440320872641,126,0,60
360610057002003,Manhattan,40.7285205,-73.99336965600116,770,549,580
360610057002004,Manhattan,40.729067,-73.99288435113712,63,30,35
360610057002005,Manhattan,40.7292745,-73.99232538522728,1017,379,563
360610057002006,Manhattan,40.729457,-73.99130241363636,753,50,402
360610057002007,Manhattan,40.7285725,-73.99176016153416,708,344,437
360610057002008,Manhattan,40.727814499999994,-73.99215525720646,1587,541,961
360610058001000,Manhattan,40.7446075,-73.98810366527827,2351,975,1471
360610058001001,Manhattan,40.7449095,-73.98927897381756,2184,1079,1761
360610058001002,Manhattan,40.7446675,-73.98966307968743,1117,530,746
360610058001003,Manhattan,40.744006999999996,-73.98837923943088,2003,983,1613
360610058001004,Manhattan,40.74421699999999,-73.98969013810198,1168,289,746
360610058002000,Manhattan,40.7432405,-73.9887290665325,300,47,218
360610058002001,Manhattan,40.743990999999994,-73.99044531795681,2551,1172,1840
360610058002002,Manhattan,40.74329899999999,-73.99073607733536,3077,1606,2296
360610058002003,Manhattan,40.7424285,-73.98908808474727,485,368,398
360610058003000,Manhattan,40.7425865,-73.99103166530097,5794,3533,4755
360610058003001,Manhattan,40.7418905,-73.99143488599408,2942,1638,2046
360610058003002,Manhattan,40.7412485,-73.99190528360633,4538,1778,2724
360610059001000,Manhattan,40.732789,-73.99486403263315,179,42,96
360610059001001,Manhattan,40.732209999999995,-73.99532401596994,174,101,128
360610059002000,Manhattan,40.731725999999995,-73.99571536197647,142,21,58
360610059002001,Manhattan,40.731308999999996,-73.99606230816359,7,0,4
360610059003000,Manhattan,40.7306995,-73.99399031318066,195,61,86
360610059003001,Manhattan,40.731083999999996,-73.9947147924791,151,7,70
360610059003002,Manhattan,40.7302525,-73.99544024934669,6,0,2
360610059003003,Manhattan,40.729877,-73.99468588464279,22,0,22
360610059003004,Manhattan,40.729293,-73.99518042329943,4,3,4
360610059003005,Manhattan,40.729664,-73.9959400853896,17,0,10
360610059004000,Manhattan,40.731436,-73.99348817857144,278,53,116
360610059005000,Manhattan,40.73191,-73.99277943749999,203,31,145
360610060001002,Manhattan,40.734827499999994,-73.97492423155467,17,17,17
360610060001003,Manhattan,40.735547499999996,-73.976707155101,69,19,27
360610060002000,Manhattan,40.7349415,-73.97852066847594,418,338,286
360610060003000,Manhattan,40.733929,-73.97581431295842,35,10,6
360610061001000,Manhattan,40.735264,-73.99291738876482,364,39,129
360610061001001,Manhattan,40.734601999999995,-73.99342482282543,715,420,500
360610061001002,Manhattan,40.733978,-73.99392151313475,469,168,280
360610061001003,Manhattan,40.7336415,-73.9950453954462,41,16,29
360610061001004,Manhattan,40.7332755,-73.99418191089424,130,16,53
360610061002000,Manhattan,40.73282999999999,-73.99169597727271,2111,1122,1744
360610061002001,Manhattan,40.7325885,-73.99254832921608,249,105,138
360610061003000,Manhattan,40.7342065,-73.99038542639525,526,150,201
360610061003001,Manhattan,40.7346855,-73.99146510893135,1743,596,847
360610061003002,Manhattan,40.733568,-73.99149434685864,526,148,285
360610061003003,Manhattan,40.733371,-73.99048980321732,1234,564,1026
360610061003004,Manhattan,40.73225599999999,-73.99073860526316,493,114,338
360610062001000,Manhattan,40.7421075,-73.97374910618845,28790,2518,25999
360610062001001,Manhattan,40.7401395,-73.97461471806697,1776,471,1593
360610062001002,Manhattan,40.7388845,-73.97531946335505,7091,326,6510
360610062001003,Manhattan,40.73785049999999,-73.97583041134183,85,0,71
360610062001004,Manhattan,40.73701199999999,-73.97695155176933,1776,16,1742
360610062002000,Manhattan,40.739132,-73.97283006381784,595,89,472
360610062002004,Manhattan,40.7401995,-73.9730753899535,14,0,14
360610063001000,Manhattan,40.7363365,-73.99547918853119,7293,358,3144
360610063001001,Manhattan,40.735696,-73.99602000741885,523,81,279
360610063002000,Manhattan,40.735067,-73.9965124178876,286,61,133
360610063002001,Manhattan,40.734409,-73.99687881518079,413,37,236
360610063003000,Manhattan,40.733604,-73.99726616663162,358,246,284
360610063003001,Manhattan,40.734054,-73.99739169964761,248,27,81
360610063004000,Manhattan,40.7332785,-73.99785733201058,727,104,371
360610063005000,Manhattan,40.732035499999995,-73.99737832288382,458,94,234
360610063005001,Manhattan,40.7327705,-73.99894156698997,215,53,122
360610064001000,Manhattan,40.738744499999996,-73.98190950052799,1882,46,824
360610064001001,Manhattan,40.738085,-73.98240926028038,777,380,511
360610064002000,Manhattan,40.73737799999999,-73.98272308898305,131,37,88
360610064002001,Manhattan,40.7368405,-73.98256198399213,45,10,23
360610064002002,Manhattan,40.736672,-73.98323429138512,2450,0,2107
360610064003000,Manhattan,40.7362805,-73.98379775819257,160,57,99
360610064004000,Manhattan,40.736408999999995,-73.98041940207798,151,9,64
360610064004001,Manhattan,40.735786499999996,-73.980816492968,331,0,237
360610064004002,Manhattan,40.735203,-73.98127143977383,132,21,87
360610064005000,Manhattan,40.73700649999999,-73.97992533107904,228,42,82
360610064006000,Manhattan,40.737719999999996,-73.97949321826484,184,76,105
360610065001000,Manhattan,40.732265,-73.99956137445254,227,15,149
360610065001001,Manhattan,40.730879,-73.99758314806053,15,0,8
360610065001002,Manhattan,40.730173,-73.99872079783515,31,6,9
360610065001003,Manhattan,40.7316735,-73.99963339994586,80,9,28
360610065001004,Manhattan,40.731486000000004,-74.0000970296459,14,2,3
360610065001005,Manhattan,40.731093,-74.00054943657746,245,26,113
360610065001006,Manhattan,40.7308245,-74.00009824167137,13,0,9
360610065001008,Manhattan,40.72981299999999,-73.99797911763699,15250,17,8270
360610065002000,Manhattan,40.730506500000004,-74.00090513833322,339,9,156
360610065002002,Manhattan,40.729491499999995,-74.00038152435937,635,374,449
360610065003000,Manhattan,40.730139,-74.00130603834063,23,0,7
360610065003001,Manhattan,40.730005,-74.00169882258064,2,2,2
360610065003002,Manhattan,40.729727499999996,-74.00132550945122,259,8,150
360610065003003,Manhattan,40.7288935,-74.0016934348402,184,8,107
360610065003004,Manhattan,40.7291,-74.00217901685394,186,2,142
360610065003005,Manhattan,40.728415,-74.00129104843155,179,18,94
360610065004000,Manhattan,40.7280415,-74.0005335492686,555,134,353
360610065004001,Manhattan,40.7276775,-73.9997951404733,428,183,278
360610065005000,Manhattan,40.7292395,-73.99952118079977,416,93,197
360610065005001,Manhattan,40.729022,-73.99865585380348,383,19,166
360610066001000,Manhattan,40.741744999999995,-73.97936707252558,155,47,76
360610066002000,Manhattan,40.7411885,-73.97996732867784,157,62,99
360610066003000,Manhattan,40.7405185,-73.97983141309916,117,27,58
360610066003001,Manhattan,40.7403865,-73.98046060504201,45,5,24
360610066004000,Manhattan,40.739897,-73.98073971488913,171,31,95
360610066005000,Manhattan,40.7393325,-73.98131573944035,179,39,91
360610066006000,Manhattan,40.738361,-73.97901031024097,4945,57,2734
360610066007000,Manhattan,40.738982,-73.97855966643638,61,28,42
360610066008000,Manhattan,40.739943,-73.97699341443533,6,6,3
360610066008001,Manhattan,40.74042,-73.97819487352753,213,165,116
360610066008002,Manhattan,40.739822000000004,-73.97862652675592,82,17,41
360610066008003,Manhattan,40.739321000000004,-73.97744651523371,508,1,438
360610066009000,Manhattan,40.740871999999996,-73.97730472222221,128,17,37
360610067001000,Manhattan,40.732271,-74.00266227200467,369,40,201
360610067001001,Manhattan,40.731604000000004,-74.00242961442007,313,80,167
360610067001002,Manhattan,40.730989,-74.00215840690436,516,296,378
360610067002000,Manhattan,40.730059999999995,-74.00214485483872,8,0,2
360610067002001,Manhattan,40.7298265,-74.00304814284844,273,0,167
360610067002002,Manhattan,40.7294315,-74.00444333735051,189,32,91
360610067002003,Manhattan,40.7290985,-74.00398996830427,149,17,77
360610067002004,Manhattan,40.729172,-74.00299404401254,150,27,73
360610067003000,Manhattan,40.731604000000004,-74.00358657078986,216,8,115
360610067003001,Manhattan,40.730958,-74.00372185980231,185,41,105
360610067003002,Manhattan,40.73008899999999,-74.00445531101062,128,4,47
360610067003003,Manhattan,40.7303855,-74.00338618732626,155,31,75
360610067004000,Manhattan,40.732058499999994,-74.00404893288935,60,7,55
360610067004001,Manhattan,40.731585499999994,-74.0053211644591,36,36,30
360610067004002,Manhattan,40.731179,-74.00571425799919,201,79,82
360610067004003,Manhattan,40.731336,-74.00446208776869,81,42,51
360610067004004,Manhattan,40.73052,-74.00569113282336,128,8,78
360610067004005,Manhattan,40.7298115,-74.00594839586998,22,19,20
360610067004006,Manhattan,40.729093500000005,-74.00614223651452,2251,1919,1751
360610068001000,Manhattan,40.7426765,-73.98349550958449,2638,2200,1656
360610068001001,Manhattan,40.7420575,-73.98394447031166,1603,1101,993
360610068001002,Manhattan,40.7414395,-73.98439497687225,414,262,361
360610068001003,Manhattan,40.740821499999996,-73.98484545374448,1842,1266,1501
360610068002000,Manhattan,40.740179499999996,-73.9853135055066,1631,1282,1235
360610068002001,Manhattan,40.739514,-73.98579901392638,1792,972,1397
360610068003000,Manhattan,40.738192,-73.98465342244808,171,68,96
360610068003001,Manhattan,40.7388715,-73.9862670094086,242,40,116
360610068004000,Manhattan,40.7395015,-73.98370698459823,215,68,121
360610068004001,Manhattan,40.7386845,-73.98382638930879,74,15,28
360610068004002,Manhattan,40.739015499999994,-73.98462205873419,2289,2,1108
360610068005000,Manhattan,40.7405225,-73.98222552050629,167,19,58
360610068005001,Manhattan,40.7407735,-73.98280757989455,88,1,87
360610068005002,Manhattan,40.7410035,-73.98336468594775,345,14,185
360610068005003,Manhattan,40.740241999999995,-73.9834688464783,71,16,49
360610068005004,Manhattan,40.739902,-73.98266785022363,40,0,12
360610068006000,Manhattan,40.741997999999995,-73.98188556558922,282,26,128
360610068006001,Manhattan,40.7413935,-73.98189096803128,134,8,47
360610068006002,Manhattan,40.7412455,-73.98253891170228,40,22,25
360610069001000,Manhattan,40.732210499999994,-74.00711479307117,196,0,141
360610069001001,Manhattan,40.732258,-74.00819497752809,380,29,241
360610069001002,Manhattan,40.7314695,-74.00837898274835,1145,1109,1112
360610069001003,Manhattan,40.731367999999996,-74.00729707423494,750,2,585
360610069001004,Manhattan,40.7306485,-74.00745352675148,487,354,427
360610069001005,Manhattan,40.7307505,-74.00854949240217,374,211,330
360610069002000,Manhattan,40.732203999999996,-74.00949150974026,106,29,65
360610069002001,Manhattan,40.731581,-74.00957690154497,15,14,9
360610069002002,Manhattan,40.7308565,-74.00967937777843,88,13,55
360610069002003,Manhattan,40.730126,-74.00978925446985,830,763,573
360610069002004,Manhattan,40.730028000000004,-74.0087183561155,319,0,229
360610069002005,Manhattan,40.729928,-74.00761089457245,923,462,655
360610069003000,Manhattan,40.729205,-74.00776721508092,1403,1106,1115
360610069003002,Manhattan,40.729403000000005,-74.00989393523676,1914,1912,64
360610070011000,Manhattan,40.74145849999999,-73.97675504906937,246,53,185
360610070012000,Manhattan,40.743936999999995,-73.97493216158503,266,112,163
360610070013000,Manhattan,40.742835,-73.97530168775154,51,12,35
360610070014000,Manhattan,40.742416999999996,-73.97689188325586,270,148,116
360610070021000,Manhattan,40.7449185,-73.97724594537515,360,36,148
360610070022000,Manhattan,40.7424945,-73.97921654175475,202,34,109
360610070023000,Manhattan,40.7436485,-73.97813260316991,312,42,93
360610070023001,Manhattan,40.7430295,-73.97857848643048,341,50,130
360610070024000,Manhattan,40.744268,-73.97770055836719,112,31,56
360610071001000,Manhattan,40.737612999999996,-73.99851296513509,1384,522,850
360610071002000,Manhattan,40.7369525,-73.99900380842229,604,197,461
360610071003000,Manhattan,40.736436,-73.9997756080808,1860,1528,1280
360610071003001,Manhattan,40.735654999999994,-73.99973588206784,585,77,416
360610071004000,Manhattan,40.736245,-74.00109699250325,64,0,32
360610071004001,Manhattan,40.736105499999994,-74.00161628124175,43,0,7
360610071004002,Manhattan,40.735420500000004,-74.00104142130661,185,49,111
360610071004003,Manhattan,40.734908,-74.00081001100173,352,20,230
360610071004004,Manhattan,40.73427649999999,-74.00054477840817,426,224,266
360610071005000,Manhattan,40.733425499999996,-74.00013054770298,255,28,134
360610071005001,Manhattan,40.733605,-74.00079025958867,34,2,23
360610071005002,Manhattan,40.73309449999999,-74.0012372322923,107,40,59
360610071005005,Manhattan,40.7325795,-74.00147238209779,218,25,115
360610072001000,Manhattan,40.7471065,-73.98030260575524,200,51,136
360610072002000,Manhattan,40.746781,-73.98107801211304,3167,2405,2887
360610072002001,Manhattan,40.7457655,-73.98124403746408,1139,681,950
360610072002002,Manhattan,40.745148,-73.98169310570066,1745,1334,1331
360610072003000,Manhattan,40.74453,-73.98214285630867,536,218,387
360610072003001,Manhattan,40.7439135,-73.98259347683825,145,44,77
360610072003002,Manhattan,40.7432955,-73.98304359807054,992,771,763
360610072004000,Manhattan,40.7438535,-73.98053420029146,134,19,64
360610072004001,Manhattan,40.743235,-73.98098409656735,93,34,48
360610072004002,Manhattan,40.742616,-73.98143576208784,73,28,22
360610072005000,Manhattan,40.7450865,-73.97963276959783,901,304,672
360610072005001,Manhattan,40.744471000000004,-73.98008359572327,156,37,107
360610072006000,Manhattan,40.745729999999995,-73.97916500295857,132,34,66
360610072007000,Manhattan,40.746397,-73.97867998808022,183,72,74
360610073001000,Manhattan,40.7355745,-74.00550667136292,108,4,88
360610073001001,Manhattan,40.734897,-74.00546145354573,61,27,40
360610073001002,Manhattan,40.734224499999996,-74.00541924273314,508,7,360
360610073002000,Manhattan,40.733566499999995,-74.00534017252426,453,80,284
360610073003000,Manhattan,40.733031,-74.00492423727172,143,41,54
360610073003001,Manhattan,40.73275099999999,-74.00604502224515,183,0,132
360610073003002,Manhattan,40.732034,-74.00589347851626,65,38,52
360610073003003,Manhattan,40.732386,-74.00453857172926,165,13,117
360610073004000,Manhattan,40.734455999999994,-74.00385879824175,143,53,110
360610073004001,Manhattan,40.733868,-74.00367014160886,274,110,163
360610073004002,Manhattan,40.733303,-74.00360714585834,193,18,95
360610073004003,Manhattan,40.73264399999999,-74.00356939816466,167,1,120
360610073004004,Manhattan,40.733028000000004,-74.00270563393475,245,39,124
360610073005000,Manhattan,40.735749999999996,-74.00423339161145,108,6,64
360610073005001,Manhattan,40.7351,-74.00404367984892,55,31,39
360610073006000,Manhattan,40.735969999999995,-74.00264678309186,172,7,59
360610073006001,Manhattan,40.735331,-74.002457342535,160,22,95
360610073006002,Manhattan,40.734618,-74.00265300352251,180,29,120
360610073006003,Manhattan,40.734776499999995,-74.00180682156471,59,0,30
360610073006004,Manhattan,40.7340915,-74.00191608303135,261,30,145
360610073006005,Manhattan,40.733988999999994,-74.00275383306189,5,5,3
360610074001000,Manhattan,40.7467575,-73.98212511813186,2135,995,1641
360610074001001,Manhattan,40.7464475,-73.98286482085169,3522,1986,2351
360610074001002,Manhattan,40.745829,-73.98331146762547,1793,1185,1507
360610074002000,Manhattan,40.745212499999994,-73.98376060983159,1641,933,1318
360610074002001,Manhattan,40.7445945,-73.98421002382698,2377,1419,2042
360610074002002,Manhattan,40.7439765,-73.98466145381232,2008,1275,1804
360610074003000,Manhattan,40.745891,-73.98536873830625,577,178,436
360610074003001,Manhattan,40.7452725,-73.98581976562191,798,314,645
360610074003002,Manhattan,40.744654499999996,-73.98627052040058,1770,841,1470
360610074004000,Manhattan,40.7480985,-73.98219732599118,828,268,458
360610074005000,Manhattan,40.7484355,-73.98351652484831,2678,511,1606
360610074005001,Manhattan,40.747769,-73.98400150704693,2637,1063,1863
360610074005002,Manhattan,40.747125,-73.98446958906976,1688,554,943
360610074005003,Manhattan,40.746506999999994,-73.98492295972221,2769,1188,2140
360610075001000,Manhattan,40.734634,-74.00776148958333,68,55,48
360610075001001,Manhattan,40.734533,-74.0092527269832,73,25,42
360610075001004,Manhattan,40.7336245,-74.0093308489618,74,32,65
360610075001005,Manhattan,40.733841,-74.00789648163841,842,74,714
360610075001006,Manhattan,40.733111,-74.00802280343007,357,6,286
360610075001007,Manhattan,40.7329235,-74.00921503243825,116,99,95
360610075001009,Manhattan,40.734171,-74.00928314610638,23,5,10
360610075002000,Manhattan,40.7359555,-74.00753949634569,78,14,54
360610075002001,Manhattan,40.735755,-74.00915162721134,24,4,12
360610075002002,Manhattan,40.735044,-74.009210471382,48,35,34
360610075002003,Manhattan,40.735254,-74.00765499970126,65,24,50
360610075003000,Manhattan,40.736138499999996,-74.00629944106717,88,5,49
360610075003001,Manhattan,40.7354285,-74.0064483914814,188,13,129
360610075003002,Manhattan,40.734655499999995,-74.00660724549985,34,10,25
360610075003003,Manhattan,40.734019,-74.00674114901838,99,27,70
360610075003004,Manhattan,40.733211999999995,-74.00690893590621,93,11,47
360610076001000,Manhattan,40.749509,-73.98609609783577,14927,6144,7711
360610076001001,Manhattan,40.748731,-73.98630221256954,7893,5780,7058
360610076001002,Manhattan,40.748768,-73.98831099548906,41,41,36
360610076001003,Manhattan,40.748031,-73.98661609761899,3559,430,2444
360610076001004,Manhattan,40.7473435,-73.98690046181339,10973,2540,4521
360610076001005,Manhattan,40.748092,-73.98861617941421,591,313,412
360610076002000,Manhattan,40.7466625,-73.98719962958782,1615,950,1241
360610076002001,Manhattan,40.747406,-73.98892663939716,557,306,364
360610076002002,Manhattan,40.7463475,-73.98893179249669,588,158,382
360610076002003,Manhattan,40.745661,-73.98914081050532,1199,201,800
360610076002004,Manhattan,40.745668499999994,-73.988189065,747,196,494
360610076002005,Manhattan,40.7464125,-73.98804044844469,1020,647,638
360610077001000,Manhattan,40.738870999999996,-74.00145550343225,364,120,235
360610077001001,Manhattan,40.7379975,-74.0012257397563,342,7,175
360610077001002,Manhattan,40.736866,-74.00108542642641,1375,1119,1135
360610077002001,Manhattan,40.738575499999996,-74.00297457012678,108,3,62
360610077002002,Manhattan,40.7379025,-74.00288566008403,139,30,76
360610077003000,Manhattan,40.7399345,-74.00401885212791,475,165,294
360610077003001,Manhattan,40.739721,-74.00495900735294,20,2,6
360610077003002,Manhattan,40.739083,-74.0046524906015,622,6,514
360610077003003,Manhattan,40.7392475,-74.00366885902255,322,248,265
360610077003004,Manhattan,40.738574,-74.00458916096885,241,18,118
360610077003005,Manhattan,40.737843,-74.00506983668186,38,6,13
360610077003006,Manhattan,40.7373585,-74.00537988699011,6,2,0
360610077004000,Manhattan,40.737840999999996,-74.00418624663865,105,5,41
360610077004001,Manhattan,40.7372105,-74.00448909740727,572,46,393
360610077004002,Manhattan,40.736394499999996,-74.00441981520191,51,16,29
360610077004003,Manhattan,40.7362475,-74.0055461685196,6,3,5
360610077005000,Manhattan,40.737356,-74.00270078165681,31,8,15
360610077005001,Manhattan,40.7366265,-74.00283157787976,300,188,146
360610077005002,Manhattan,40.736815,-74.00165577645959,126,1,61
360610078001000,Manhattan,40.7479005,-73.97450696752705,160,52,80
360610078001001,Manhattan,40.7483735,-73.97562874444878,149,125,116
360610078002000,Manhattan,40.7472765,-73.97495182469774,120,47,104
360610078002001,Manhattan,40.747703,-73.97611403706858,34,15,25
360610078002002,Manhattan,40.7471335,-73.97633186230266,28,17,21
360610078002003,Manhattan,40.746545,-73.975496534375,138,58,59
360610078003000,Manhattan,40.74605699999999,-73.97586239853005,175,96,131
360610078004000,Manhattan,40.746515,-73.97698222810695,104,44,53
360610078004001,Manhattan,40.745881,-73.9774689594642,73,12,28
360610078004002,Manhattan,40.745423,-73.97637541009172,146,39,58
360610078005000,Manhattan,40.745121,-73.97366191816579,2,2,1
360610078005002,Manhattan,40.7449765,-73.97531222576242,76,0,56
360610078005003,Manhattan,40.7444775,-73.97412562595473,258,13,154
360610078006000,Manhattan,40.746584,-73.97288833241758,231,108,155
360610078006001,Manhattan,40.746769,-73.97387306885915,107,70,52
360610078006002,Manhattan,40.745876499999994,-73.97353395982671,9,5,5
360610078007000,Manhattan,40.74693,-73.97221023470371,45,31,26
360610078007001,Manhattan,40.747427,-73.97339178059968,87,27,46
360610079001000,Manhattan,40.7409435,-74.00642448519257,825,511,698
360610079001001,Manhattan,40.741536499999995,-74.0078495463896,621,381,576
360610079001002,Manhattan,40.741101,-74.00891864645644,3,0,2
360610079001007,Manhattan,40.7390525,-74.00980978547523,67,0,48
360610079001008,Manhattan,40.7390915,-74.00889096590907,292,134,213
360610079001009,Manhattan,40.740165,-74.00859268950187,652,0,468
360610079001010,Manhattan,40.740821999999994,-74.00824545054618,433,0,315
360610079001011,Manhattan,40.740279,-74.00690218025957,1617,1173,1420
360610079001012,Manhattan,40.739964,-74.00755911442516,593,18,390
360610079001014,Manhattan,40.738440499999996,-74.00887916329012,100,2,49
360610079002000,Manhattan,40.737854,-74.00900664863536,66,59,52
360610079002001,Manhattan,40.737261,-74.00902950884905,44,30,35
360610079002002,Manhattan,40.7365745,-74.00908355238589,163,25,79
360610079003000,Manhattan,40.73906699999999,-74.00726585560676,303,79,243
360610079003001,Manhattan,40.738448,-74.0072968411274,250,41,185
360610079003002,Manhattan,40.737846499999996,-74.00732928746405,7,6,7
360610079003003,Manhattan,40.7372555,-74.00736131239461,73,3,35
360610079003004,Manhattan,40.7366945,-74.00741847186286,80,16,50
360610079004000,Manhattan,40.740559499999996,-74.0054261367853,136,32,104
360610079004001,Manhattan,40.7398275,-74.0057550957633,229,148,177
360610079004002,Manhattan,40.7390795,-74.0059487792553,475,13,371
360610079004003,Manhattan,40.738446499999995,-74.00600399999999,14,3,6
360610079004004,Manhattan,40.7378455,-74.00605873556876,75,9,31
360610079004005,Manhattan,40.7373595,-74.00611063044042,81,19,59
360610079004006,Manhattan,40.736729999999994,-74.00619734142856,91,5,43
360610080001000,Manhattan,40.7507705,-73.97549199666668,3099,2831,2829
360610080001001,Manhattan,40.7501285,-73.9759603864573,7131,6014,5097
360610080001002,Manhattan,40.7495115,-73.97640921332933,2323,1270,1765
360610080001003,Manhattan,40.748892,-73.97686144930645,191,30,98
360610080002000,Manhattan,40.747039,-73.97821319210433,158,101,95
360610080003000,Manhattan,40.748273999999995,-73.97731288471181,180,14,121
360610080003001,Manhattan,40.747656,-73.9777615016653,154,20,75
360610080004000,Manhattan,40.7483345,-73.97937099999999,157,42,105
360610080004001,Manhattan,40.7477175,-73.97982058263418,195,27,102
360610080005000,Manhattan,40.751450500000004,-73.97710361934224,13405,5130,10624
360610080005001,Manhattan,40.7508085,-73.97757107335767,7279,5476,6450
360610080006000,Manhattan,40.7501885,-73.97802167962377,1747,1204,1352
360610080006001,Manhattan,40.7495715,-73.97846977189602,142,74,95
360610080006002,Manhattan,40.748953,-73.978921,94,36,71
360610081001000,Manhattan,40.740165,-73.9966534872851,457,75,287
360610081001001,Manhattan,40.7395765,-73.99707884840092,461,94,352
360610081002000,Manhattan,40.741422,-73.99963746285553,1238,482,934
360610081002001,Manhattan,40.740683,-73.99970280129031,255,57,171
360610081003000,Manhattan,40.738917,-73.99741737533199,313,76,173
360610081004000,Manhattan,40.738201,-73.99777768753361,920,557,399
360610081005000,Manhattan,40.740086,-74.00018711945813,492,126,291
360610081006000,Manhattan,40.7395265,-74.00092218528422,746,282,511
360610082001000,Manhattan,40.7508735,-73.97964072688384,4648,3847,3966
360610082001001,Manhattan,40.750251,-73.98009010839684,1726,1144,1257
360610082001002,Manhattan,40.7496355,-73.9805387269184,340,17,216
360610082002000,Manhattan,40.752129999999994,-73.97872233847283,8503,6346,7219
360610082002001,Manhattan,40.7528075,-73.98032940592442,11870,11013,10025
360610082002002,Manhattan,40.752168999999995,-73.98079516108744,3512,2691,2902
360610082002003,Manhattan,40.751549499999996,-73.9812478544064,3522,2683,2444
360610082002004,Manhattan,40.750932,-73.98169923754023,3439,2795,2544
360610082002005,Manhattan,40.750311999999994,-73.98214834210975,2625,2121,2005
360610082002006,Manhattan,40.749696,-73.98259708308606,232,49,146
360610082002007,Manhattan,40.749076,-73.98304969968555,2919,2449,2444
360610082002008,Manhattan,40.751491,-73.9791898321737,5478,3311,4523
360610082003000,Manhattan,40.749017499999994,-73.98098903255759,340,192,228
360610082003001,Manhattan,40.748399,-73.98143832784604,232,43,140
360610083001000,Manhattan,40.7425585,-74.00233617552985,2455,21,2004
360610083001001,Manhattan,40.741975999999994,-74.00277254977132,522,27,356
360610083002000,Manhattan,40.741361,-74.00320855619762,12588,11112,11896
360610083002001,Manhattan,40.74063099999999,-74.00298342951712,820,607,460
360610083002002,Manhattan,40.7405545,-74.00388251209509,78,31,47
360610083003000,Manhattan,40.743754499999994,-74.00517662792153,156,115,123
360610083003001,Manhattan,40.7431665,-74.00560241658104,123,71,101
360610083003002,Manhattan,40.742559,-74.00605960908304,13358,12268,12420
360610083003003,Manhattan,40.741895,-74.00653412288332,3266,1346,2554
360610084001000,Manhattan,40.7535175,-73.98296549336948,227,163,88
360610084002000,Manhattan,40.752566,-73.98365640937598,7831,5768,6145
360610084002001,Manhattan,40.751947,-73.98410963770252,3835,2236,2495
360610084002002,Manhattan,40.7513295,-73.98456122717229,6975,3937,5102
360610084002003,Manhattan,40.75071199999999,-73.98501158371114,6863,3773,4025
360610084002004,Manhattan,40.750022,-73.98530074070354,6757,2904,4301
360610086011000,Manhattan,40.7445405,-73.97211303990294,98,16,33
360610086011003,Manhattan,40.743838499999995,-73.97259539079248,109,45,79
360610086013004,Manhattan,40.747231,-73.97076005890563,11,1,10
360610086013008,Manhattan,40.745998,-73.97161513063062,100,12,77
360610086013009,Manhattan,40.745431999999994,-73.97112081282052,314,182,206
360610086013011,Manhattan,40.746228,-73.96968769415273,6,0,3
360610086013015,Manhattan,40.7451255,-73.97175114830779,77,28,41
360610086021002,Manhattan,40.750412999999995,-73.96739032142857,286,138,176
360610086021006,Manhattan,40.752233,-73.96748241478727,4,0,4
360610086031001,Manhattan,40.755551,-73.96331611065574,133,41,90
360610086032001,Manhattan,40.75493,-73.96380003791796,278,121,222
360610086033000,Manhattan,40.7543315,-73.96432919166666,174,96,128
360610086034000,Manhattan,40.753094,-73.96443158737864,31,1,16
360610086034001,Manhattan,40.7539065,-73.96525217007027,73,29,44
360610086034002,Manhattan,40.753423,-73.96551780356317,67,36,51
360610086034003,Manhattan,40.7532645,-73.96595969754235,57,7,24
360610086034005,Manhattan,40.7525865,-73.96594680164286,196,91,149
360610087001000,Manhattan,40.74253349999999,-73.99864093785192,529,33,352
360610087002000,Manhattan,40.7420075,-73.9992097286642,437,191,288
360610087003000,Manhattan,40.743719999999996,-73.99777533461592,387,277,237
360610087004000,Manhattan,40.743117999999996,-73.99821382402165,220,43,76
360610087005000,Manhattan,40.7413365,-73.99580053396565,2248,1197,1750
360610087005001,Manhattan,40.740749,-73.99622589954431,1455,743,1109
360610087006000,Manhattan,40.742521999999994,-73.99493436953966,2245,1114,1450
360610087006001,Manhattan,40.7419225,-73.99537378329882,813,79,326
360610088001000,Manhattan,40.7512815,-73.97261129488052,2566,1763,2092
360610088001001,Manhattan,40.75063,-73.9730803159041,7468,5231,5604
360610088001002,Manhattan,40.7499615,-73.97356982388979,4711,2801,4256
360610088001003,Manhattan,40.749609,-73.97472622209722,6660,4710,5893
360610088001004,Manhattan,40.74899,-73.97517608287438,2002,1639,1819
360610088001005,Manhattan,40.749785,-73.97107413219055,691,133,585
360610088001006,Manhattan,40.74936099999999,-73.96982249148148,44,17,31
360610088002000,Manhattan,40.749137,-73.97360395708455,426,328,362
360610088002001,Manhattan,40.74852,-73.97405541344813,90,40,59
360610088003000,Manhattan,40.748473000000004,-73.9715560397425,97,65,73
360610088003001,Manhattan,40.748422,-73.97238217439198,73,4,29
360610088004000,Manhattan,40.7475505,-73.9717589995015,4,2,2
360610088004001,Manhattan,40.748048499999996,-73.9729378416508,63,40,51
360610088005000,Manhattan,40.750316,-73.97033959787932,437,281,346
360610088006000,Manhattan,40.7491145,-73.97155295243009,352,255,289
360610088006001,Manhattan,40.748638,-73.97045256236481,387,21,251
360610088007000,Manhattan,40.7479465,-73.9708816875,61,10,41
360610089001000,Manhattan,40.7443155,-74.00105639736049,263,5,176
360610089002000,Manhattan,40.743863,-74.0017983601263,141,28,48
360610089002001,Manhattan,40.7431435,-74.00190814923386,776,30,557
360610089003000,Manhattan,40.7449265,-74.004326106431,170,24,114
360610089003001,Manhattan,40.74434049999999,-74.00475123389523,90,44,57
360610089004000,Manhattan,40.746114,-74.00345880749049,152,54,86
360610089004001,Manhattan,40.7455115,-74.00389944171906,62,1,44
360610089005000,Manhattan,40.7449185,-74.0006187106151,159,35,88
360610090001000,Manhattan,40.750952999999996,-73.9698776575058,1445,1147,1196
360610090002000,Manhattan,40.7514975,-73.96923809591584,619,182,500
360610090003000,Manhattan,40.7528825,-73.96865211095512,456,37,186
360610090003001,Manhattan,40.75224849999999,-73.96910316553598,598,575,538
360610090004000,Manhattan,40.753434,-73.96802255979242,260,55,118
360610090005000,Manhattan,40.7544105,-73.97032764297674,1916,1678,1601
360610090005001,Manhattan,40.7537835,-73.97078309302324,4498,3572,3208
360610090006000,Manhattan,40.7531585,-73.97123614314117,1552,1271,1230
360610090007000,Manhattan,40.752461,-73.97151680985169,1950,1411,1657
360610090007001,Manhattan,40.7519065,-73.97215338453361,2682,1827,2044
360610091001000,Manhattan,40.7455315,-73.9960323950883,815,27,537
360610091002000,Manhattan,40.7451365,-73.99708475725303,235,92,139
360610091003000,Manhattan,40.7443405,-73.99725277710591,643,160,393
360610091004000,Manhattan,40.743923499999994,-73.9941970898735,1165,828,773
360610091004001,Manhattan,40.743166,-73.99446733180301,640,270,345
360610091005000,Manhattan,40.7450925,-73.99306317168389,6853,3746,5385
360610091005001,Manhattan,40.7446295,-73.9933765683408,1009,386,755
360610091005002,Manhattan,40.744341,-73.99363532148877,1237,474,1075
360610091006000,Manhattan,40.7461865,-73.99565440171118,1312,788,701
360610092001000,Manhattan,40.7533425,-73.97361793884397,1973,1726,1803
360610092001001,Manhattan,40.7527165,-73.97407361551994,3743,2716,3087
360610092001002,Manhattan,40.752090499999994,-73.97453045532049,1906,1637,1651
360610092001003,Manhattan,40.7517785,-73.97528075,3798,2797,3382
360610092002000,Manhattan,40.755899,-73.97385840770679,3174,2697,3042
360610092002001,Manhattan,40.755273,-73.97431403582405,9667,9645,9389
360610092002002,Manhattan,40.7546485,-73.9747710058812,4516,3631,4312
360610092002003,Manhattan,40.754239999999996,-73.97574783939095,31,31,29
360610092002004,Manhattan,40.7545135,-73.97639240978427,9803,8651,8810
360610092002005,Manhattan,40.75337,-73.97758162615135,2681,2050,2209
360610092002006,Manhattan,40.752891,-73.9771833347902,1052,877,984
360610092002007,Manhattan,40.752768,-73.97653206341946,589,231,376
360610092002008,Manhattan,40.7524285,-73.97601973768153,6595,5364,5756
360610092002009,Manhattan,40.753902499999995,-73.97494268453977,1661,1653,1595
360610092003000,Manhattan,40.755218,-73.97224639838045,1053,620,920
360610092003001,Manhattan,40.754594499999996,-73.97270612916475,251,8,151
360610092003002,Manhattan,40.7539685,-73.97316294341715,3532,3083,3202
360610093001000,Manhattan,40.747395,-73.99852927238261,306,182,247
360610093001001,Manhattan,40.746988,-73.99987038110748,118,8,72
360610093001002,Manhattan,40.746604,-73.99846896703019,49,30,28
360610093002000,Manhattan,40.746271,-74.00024404674457,97,0,24
360610093002001,Manhattan,40.74556,-74.0001484727556,463,103,186
360610093003000,Manhattan,40.747338,-74.00293337413373,356,192,281
360610093004000,Manhattan,40.747427,-74.00212552167532,132,38,62
360610093005000,Manhattan,40.748159,-74.00178954454847,200,22,111
360610093005001,Manhattan,40.747924499999996,-74.00218608971039,50,23,25
360610093006000,Manhattan,40.748335,-74.00076492093893,69,18,34
360610093006001,Manhattan,40.74895049999999,-74.002220142402,41,41,38
360610093007000,Manhattan,40.7467575,-74.00298934781026,256,81,141
360610094001000,Manhattan,40.75725799999999,-73.97708037085718,2802,1888,2261
360610094001001,Manhattan,40.7566305,-73.97753449759097,1791,797,1283
360610094001002,Manhattan,40.756006,-73.97799209842674,3798,3277,3375
360610094001003,Manhattan,40.7553795,-73.97844993652862,4521,2753,3643
360610094001004,Manhattan,40.7547555,-73.97890634729536,3759,2264,2816
360610094001005,Manhattan,40.754127499999996,-73.97936292573672,4163,2871,3318
360610094001006,Manhattan,40.753141,-73.97956124999999,5537,4978,5168
360610094002000,Manhattan,40.756581,-73.97547156916443,4375,3367,3976
360610094002001,Manhattan,40.755954,-73.97592848900015,455,160,420
360610094002002,Manhattan,40.755477,-73.976738,7883,7816,7558
360610094002003,Manhattan,40.7551385,-73.97593383287222,3343,2740,2892
360610094002004,Manhattan,40.754851,-73.97719557199233,74,0,44
360610094002005,Manhattan,40.7542245,-73.97765281178948,4762,707,4121
360610094002006,Manhattan,40.753598999999994,-73.97810680580432,2819,2785,2503
360610094002007,Manhattan,40.75295,-73.97857977576436,406,265,321
360610095001000,Manhattan,40.747566,-73.99126501632398,3607,2419,2603
360610095001001,Manhattan,40.746947,-73.99171352656725,5082,2032,3381
360610095001002,Manhattan,40.746328,-73.9921650154553,5587,2601,3513
360610095001003,Manhattan,40.745712499999996,-73.99261668350663,3634,2983,2271
360610095002000,Manhattan,40.7487605,-73.99410419827613,5900,2511,3676
360610095002001,Manhattan,40.7481475,-73.99455554561196,2340,1036,1605
360610095002002,Manhattan,40.74759949999999,-73.99516958153527,247,89,102
360610095002003,Manhattan,40.747093,-73.99627087940561,2473,1994,1431
360610095002004,Manhattan,40.746810499999995,-73.99480991538996,112,49,69
360610096001000,Manhattan,40.756401499999996,-73.98087195435846,22497,19612,14106
360610096001001,Manhattan,40.75577249999999,-73.98132234842016,6917,3992,5130
360610096001002,Manhattan,40.7551495,-73.98178205162662,5883,3859,5116
360610096001003,Manhattan,40.7544985,-73.98225637380602,14070,10254,12520
360610096002000,Manhattan,40.758342999999996,-73.97965619297719,6252,5388,5686
360610096002001,Manhattan,40.757548,-73.97970770278184,16656,11504,14015
360610096002002,Manhattan,40.757020999999995,-73.98040658309822,5748,3025,4152
360610097001000,Manhattan,40.749354499999995,-73.99694040601347,74,9,42
360610097001001,Manhattan,40.748940000000005,-73.99913920674486,30,2,13
360610097001002,Manhattan,40.7481315,-73.99700733252624,13,2,6
360610097002000,Manhattan,40.75103,-73.99944548754152,23,3,8
360610097002001,Manhattan,40.7505345,-74.00023257681748,50,0,14
360610097002002,Manhattan,40.749615,-74.00090994912091,362,0,232
360610097003000,Manhattan,40.7484475,-73.99820232712403,16,3,6
360610097004000,Manhattan,40.749956,-73.99693182331171,94,11,35
360610098001000,Manhattan,40.7575405,-73.96804430188377,725,380,504
360610098002000,Manhattan,40.756921,-73.96850205278804,1973,1679,1722
360610098002001,Manhattan,40.7562925,-73.96896041179525,958,668,679
360610098003000,Manhattan,40.755664499999995,-73.96941297669098,1434,875,1201
360610098003001,Manhattan,40.755258,-73.96982641824894,1253,969,1091
360610098003002,Manhattan,40.7548205,-73.96985007840459,107,48,67
360610098004000,Manhattan,40.754248,-73.96751491382545,55,12,29
360610098004001,Manhattan,40.7539065,-73.96767610005408,83,60,52
360610098005000,Manhattan,40.754690999999994,-73.96710855855855,376,94,237
360610098006000,Manhattan,40.7559935,-73.96631080589681,286,73,119
360610098006001,Manhattan,40.7552335,-73.96645377202202,142,28,65
360610098007000,Manhattan,40.756660499999995,-73.96594745165018,331,94,176
360610099011000,Manhattan,40.749885,-74.00443178814766,730,284,585
360610099011001,Manhattan,40.7492635,-74.00487997629256,906,264,767
360610099011002,Manhattan,40.748741499999994,-74.0056365434832,451,240,336
360610099011003,Manhattan,40.748042,-74.00604678291627,370,70,250
360610099011004,Manhattan,40.7472635,-74.00618754801778,554,94,496
360610099011005,Manhattan,40.7466545,-74.0066112631579,586,59,483
360610099011006,Manhattan,40.745952,-74.0067603551046,289,24,255
360610099011007,Manhattan,40.74530299999999,-74.007039385165,516,337,460
360610099012000,Manhattan,40.75053,-74.0070078375594,320,33,275
360610099012002,Manhattan,40.747182499999994,-74.00862196131817,6541,4186,5784
360610099012004,Manhattan,40.749000499999994,-74.00839498204225,589,157,305
360610099012012,Manhattan,40.74332199999999,-74.00791833962265,1989,1530,1863
360610099012013,Manhattan,40.744367499999996,-74.00792156347518,23,16,12
360610099021000,Manhattan,40.7523,-74.00250789999998,246,66,103
360610099021001,Manhattan,40.75352649999999,-74.00542147106684,92,0,72
360610099021002,Manhattan,40.7518605,-74.00337539882702,229,86,150
360610099021003,Manhattan,40.751239,-74.00382010658693,385,155,303
360610099021004,Manhattan,40.7504985,-74.00398045429837,1019,124,643
360610099022001,Manhattan,40.753260499999996,-74.00778091858962,81,0,71
360610099022004,Manhattan,40.75221,-74.00615373907526,1888,1766,1793
360610099022005,Manhattan,40.75156,-74.00650855152388,4118,3190,3524
360610099031000,Manhattan,40.757994999999994,-74.00221259273316,1739,1499,836
360610099032000,Manhattan,40.757999,-74.00473405540745,18,0,13
360610099032003,Manhattan,40.756049000000004,-74.00362286596592,16,1,2
360610099032008,Manhattan,40.7543675,-74.00135210872287,12295,9821,11067
360610099032009,Manhattan,40.7548505,-74.000808359053,1176,1137,1009
360610099032010,Manhattan,40.7555165,-74.00032221648351,2440,2146,2382
360610099032011,Manhattan,40.756534,-74.00079953157122,11,0,8
360610099032013,Manhattan,40.75800649999999,-73.9998798892508,34,1,9
360610099032014,Manhattan,40.7567985,-73.9980103596557,128,58,106
360610099032015,Manhattan,40.7565515,-73.99888322561353,616,405,514
360610099032016,Manhattan,40.7560155,-73.99951636967025,280,172,120
360610099032017,Manhattan,40.7536235,-74.00202413776788,4412,2674,3949
360610100001000,Manhattan,40.7602815,-73.97066061895,1152,499,966
360610100001001,Manhattan,40.759653,-73.97111753767874,954,128,672
360610100001002,Manhattan,40.759029999999996,-73.97157382345867,5241,5023,4934
360610100001003,Manhattan,40.7584025,-73.97203041179051,2062,1676,1850
360610100001004,Manhattan,40.7577785,-73.97248750000001,7636,7497,7337
360610100001005,Manhattan,40.7571525,-73.97294439178435,2160,1841,1811
360610100001006,Manhattan,40.756527,-73.97340072196977,415,379,252
360610100002000,Manhattan,40.7596015,-73.96905258282098,1452,185,783
360610100002001,Manhattan,40.7589755,-73.96950687672958,1925,1054,1387
360610100002002,Manhattan,40.7583515,-73.969964560108,4940,4518,4566
360610100002003,Manhattan,40.757724499999995,-73.97042242719166,3087,1977,2840
360610100002004,Manhattan,40.75710049999999,-73.97087762064294,2929,2344,2643
360610100002005,Manhattan,40.7564755,-73.97133740592163,715,244,563
360610100002006,Manhattan,40.7558475,-73.97179014160619,1486,1376,1270
360610101001000,Manhattan,40.75008699999999,-73.98951620122656,5665,1414,2277
360610101001001,Manhattan,40.751256999999995,-73.9922873841124,892,345,841
360610101001003,Manhattan,40.7499215,-73.99299209102244,13900,8101,9948
360610101001004,Manhattan,40.749296,-73.99344261231282,3413,2356,2447
360610101001005,Manhattan,40.7483065,-73.99110550880872,2739,1371,2037
360610101001006,Manhattan,40.748934,-73.99066684359408,34958,29454,7442
360610101001007,Manhattan,40.749427,-73.98992206541956,4823,4261,4624
360610102001000,Manhattan,40.760963,-73.97227592319055,4049,2653,3597
360610102001001,Manhattan,40.760338,-73.97273131016175,3931,3544,3508
360610102001002,Manhattan,40.7597105,-73.97318891948312,2352,1966,2030
360610102001003,Manhattan,40.759086499999995,-73.97364650734212,9280,9010,8718
360610102001004,Manhattan,40.7584595,-73.97410089690723,5501,4996,5117
360610102001005,Manhattan,40.757834,-73.97455756444816,2383,1608,2148
360610102001006,Manhattan,40.757206,-73.97501337567873,3422,3164,3146
360610102002000,Manhattan,40.7616405,-73.9738834342626,1180,955,1106
360610102002001,Manhattan,40.7610145,-73.97434089178601,1635,726,1510
360610102002002,Manhattan,40.760391,-73.9747985747565,5343,4681,5039
360610102002003,Manhattan,40.7597635,-73.97525577550329,3364,2170,2940
360610102002004,Manhattan,40.759139499999996,-73.97571220599218,4706,3178,4123
360610102002005,Manhattan,40.758512499999995,-73.97616749999999,70,10,49
360610102002006,Manhattan,40.757886,-73.97662309079472,1736,1397,1561
360610103001000,Manhattan,40.7536855,-73.99770190528096,135,19,85
360610103001001,Manhattan,40.753828,-73.99839104843653,19,7,10
360610103001002,Manhattan,40.7540705,-73.99893845394452,1936,536,1169
360610103001003,Manhattan,40.753105000000005,-73.99954469452346,5896,5242,4704
360610103001004,Manhattan,40.7524635,-74.00034334599155,66,1,45
360610103001005,Manhattan,40.75178,-73.99999110774013,104,10,41
360610103001006,Manhattan,40.7517105,-73.99957868404815,53,31,12
360610103001008,Manhattan,40.7527965,-73.9978587824117,2263,1755,2024
360610103001009,Manhattan,40.752140999999995,-73.99831391806103,639,189,452
360610103001010,Manhattan,40.751751999999996,-73.99895539449359,82,67,74
360610103001011,Manhattan,40.7513255,-73.99820777962086,53,10,40
360610103001012,Manhattan,40.750598,-73.99651020058404,4242,3341,3599
360610103002000,Manhattan,40.752456499999994,-73.99512730369915,5964,2140,5140
360610103002001,Manhattan,40.7518025,-73.99555295759663,163,68,140
360610103002002,Manhattan,40.751219,-73.99602869503423,406,14,238
360610104001000,Manhattan,40.7626585,-73.97630028155605,2514,1210,1796
360610104001001,Manhattan,40.76203149999999,-73.97675714307164,5155,3564,4043
360610104001002,Manhattan,40.761405499999995,-73.97721430552393,4542,2869,4054
360610104001003,Manhattan,40.760783,-73.97767482595404,5024,3954,4320
360610104001004,Manhattan,40.760155999999995,-73.97812991640197,8175,7058,7203
360610104001005,Manhattan,40.759427,-73.97833764722574,9011,6546,7464
360610104001006,Manhattan,40.758978,-73.97921934230769,17398,16652,15529
360610106011000,Manhattan,40.758821999999995,-73.96107412255779,268,67,150
360610106012000,Manhattan,40.758173,-73.96155329898505,220,88,149
360610106013000,Manhattan,40.7575415,-73.9621404894802,171,91,119
360610106014000,Manhattan,40.756840999999994,-73.96249868501326,418,89,194
360610106015000,Manhattan,40.7561945,-73.96291160503338,135,88,103
360610106016002,Manhattan,40.756871,-73.96060493789996,397,93,331
360610106016003,Manhattan,40.758210500000004,-73.9596070373531,105,86,88
360610106021000,Manhattan,40.761947,-73.9587822691316,198,74,119
360610106022001,Manhattan,40.760695,-73.95761885377358,17,9,11
360610106022002,Manhattan,40.760087999999996,-73.95822943130992,580,447,399
360610106023000,Manhattan,40.760763,-73.9598641341642,465,6,423
360610106023001,Manhattan,40.76029,-73.96107670444059,64,2,15
360610106023002,Manhattan,40.759997,-73.95962447012195,22,0,11
360610106023003,Manhattan,40.759604499999995,-73.96036374256755,18,0,6
360610106023005,Manhattan,40.759256,-73.96061871861924,448,0,49
360610106024000,Manhattan,40.761323,-73.95923039326303,90,17,46
360610108011000,Manhattan,40.758791,-73.9671305718185,5160,4959,4986
360610108011001,Manhattan,40.758165,-73.96758004030558,3167,2373,2881
360610108012000,Manhattan,40.7577615,-73.96468296190118,1222,343,903
360610108013000,Manhattan,40.7572815,-73.9654925333132,240,96,151
360610108021000,Manhattan,40.759634,-73.96298585266702,228,73,132
360610108021001,Manhattan,40.7589775,-73.96346749274305,129,55,76
360610108022000,Manhattan,40.7601315,-73.9641726052119,171,20,112
360610108022001,Manhattan,40.7594785,-73.96464966558523,348,106,170
360610108023000,Manhattan,40.7584705,-73.9643536582571,351,115,197
360610108031000,Manhattan,40.760763,-73.96567836362753,1055,124,825
360610108031001,Manhattan,40.760118500000004,-73.96616734166375,389,87,230
360610108032000,Manhattan,40.759443,-73.96665825987094,626,81,327
360610109001000,Manhattan,40.752238,-73.9867381963277,4046,2894,3435
360610109001001,Manhattan,40.752526,-73.9878825597826,4538,2013,3779
360610109001002,Manhattan,40.753803999999995,-73.9904359215424,9150,2132,6457
360610109001003,Manhattan,40.753184499999996,-73.99088516752659,10287,5814,7841
360610109001004,Manhattan,40.752567,-73.99133546410224,15201,11991,9093
360610109001005,Manhattan,40.7519245,-73.99180023467025,15375,10426,6738
360610109001006,Manhattan,40.7508265,-73.9892007817352,5334,504,3430
360610109001007,Manhattan,40.751538999999994,-73.98889027397652,4174,1711,3329
360610109001008,Manhattan,40.751789,-73.98804622619048,4864,2307,3488
360610109001009,Manhattan,40.7515595,-73.98705824192359,684,545,597
360610109001010,Manhattan,40.7508715,-73.98736981358431,1218,888,1086
360610109001011,Manhattan,40.750153,-73.98769293957506,13,13,1
360610110001000,Manhattan,40.7638965,-73.96340846838373,397,102,268
360610110002000,Manhattan,40.7632725,-73.9638645,163,60,92
360610110003000,Manhattan,40.762646000000004,-73.964321694973,212,31,130
360610110003001,Manhattan,40.7620195,-73.96477637067596,225,14,122
360610110003002,Manhattan,40.7613925,-73.96523259768935,320,49,205
360610110004000,Manhattan,40.7629265,-73.96110643981751,463,355,373
360610110005000,Manhattan,40.7620935,-73.9610716103667,176,48,74
360610110005001,Manhattan,40.762594,-73.96225671751526,132,68,91
360610110006000,Manhattan,40.7617405,-73.9621753775685,248,153,195
360610110006001,Manhattan,40.761098000000004,-73.96211052680653,131,19,61
360610110006002,Manhattan,40.7608775,-73.96253469237918,162,16,86
360610110006003,Manhattan,40.7603915,-73.96285370207593,130,0,108
360610111001000,Manhattan,40.7549995,-73.99327623860056,2934,1050,1907
360610111001001,Manhattan,40.7543895,-73.99372237330985,4864,2966,2629
360610111001002,Manhattan,40.7536915,-73.99352033476269,4887,2345,2711
360610111001003,Manhattan,40.753669,-73.9944275646337,748,5,488
360610111001004,Manhattan,40.753253,-73.9949513162821,2434,1399,1987
360610111002000,Manhattan,40.7545245,-73.99614410499207,16,4,5
360610111002002,Manhattan,40.7551515,-73.99794008194857,117,0,66
360610111002003,Manhattan,40.7554635,-73.99772887156357,36,0,20
360610111002005,Manhattan,40.753992999999994,-73.99671026120456,732,694,672
360610111002006,Manhattan,40.754267,-73.9977376996587,35,9,22
360610111002008,Manhattan,40.754706999999996,-73.99842441904048,135,14,82
360610111003000,Manhattan,40.755714999999995,-73.99495892796365,5,0,0
360610111003003,Manhattan,40.756471,-73.99676620075408,226,28,143
360610111003004,Manhattan,40.7558485,-73.99720087230403,219,27,72
360610111003007,Manhattan,40.755144,-73.99548269308943,78,63,71
360610112011000,Manhattan,40.7641145,-73.97355160201613,262,39,213
360610112011001,Manhattan,40.764782999999994,-73.97515374729154,1812,90,1472
360610112011002,Manhattan,40.764137,-73.97565374498916,7027,6049,6369
360610112011003,Manhattan,40.763306,-73.9758253834961,3664,1876,3059
360610112021000,Manhattan,40.762938999999996,-73.97083506984924,2923,2776,708
360610112021001,Manhattan,40.763623499999994,-73.97243844145383,5789,4697,5299
360610112021002,Manhattan,40.763313,-73.97319347230214,3171,1832,2902
360610112021003,Manhattan,40.7622905,-73.9734090036819,4468,2375,4086
360610112021004,Manhattan,40.7616115,-73.97180099493129,2663,2043,2381
360610112021005,Manhattan,40.7619485,-73.97102975,1987,584,1383
360610112031000,Manhattan,40.761576,-73.96761246875022,7874,7333,7504
360610112031001,Manhattan,40.76092799999999,-73.96808650324843,1969,696,1456
360610112031002,Manhattan,40.760253,-73.96857899811985,1584,954,1258
360610112032000,Manhattan,40.7622575,-73.96922250774348,2790,1855,2388
360610112032001,Manhattan,40.761604500000004,-73.96969593120727,2574,1978,2162
360610112032002,Manhattan,40.760932999999994,-73.97018754162235,1233,967,991
360610113001000,Manhattan,40.754938499999994,-73.98537796652333,2871,1664,1982
360610113001001,Manhattan,40.7555885,-73.98687533381633,46,0,29
360610113001002,Manhattan,40.7563015,-73.98861289033962,924,518,709
360610113001003,Manhattan,40.755662,-73.98908789391692,7215,5248,6014
360610113001004,Manhattan,40.75504,-73.98953324820289,4338,2166,3005
360610113001005,Manhattan,40.7544185,-73.9899806442682,4020,1257,2824
360610113001006,Manhattan,40.753204999999994,-73.9876309642857,8929,1194,3549
360610113001007,Manhattan,40.754223999999994,-73.98758122505558,3157,1417,2745
360610113001008,Manhattan,40.7548925,-73.98723706530185,3590,2520,2203
360610113001009,Manhattan,40.7542475,-73.98573036964999,4866,3235,4339
360610113001010,Manhattan,40.7539625,-73.98649709882199,8001,5514,4709
360610113001011,Manhattan,40.753271,-73.98674075,4113,2257,3231
360610114011000,Manhattan,40.76544,-73.96900804724217,650,167,501
360610114011001,Manhattan,40.764815,-73.96946415353946,1031,45,775
360610114011002,Manhattan,40.7641885,-73.9699221984251,1321,613,1092
360610114011003,Manhattan,40.76356749999999,-73.97037443368207,1957,693,1434
360610114012000,Manhattan,40.766116999999994,-73.97061646153844,474,79,392
360610114012001,Manhattan,40.7654925,-73.97107057544378,285,73,222
360610114012002,Manhattan,40.76487,-73.97152541505145,1299,617,1210
360610114012003,Manhattan,40.764247499999996,-73.97198629771337,2790,1284,1898
360610114021000,Manhattan,40.7640815,-73.96578404574606,101,22,46
360610114021001,Manhattan,40.763456000000005,-73.96624303114413,349,16,240
360610114021002,Manhattan,40.762828,-73.96669838871335,187,36,107
360610114021003,Manhattan,40.7622035,-73.96715757889109,1128,155,608
360610114022000,Manhattan,40.764759999999995,-73.96739503572817,202,82,136
360610114022001,Manhattan,40.764133,-73.96785092315581,428,66,245
360610114022002,Manhattan,40.7635135,-73.9678372319321,741,563,604
360610114022003,Manhattan,40.763304500000004,-73.96830076576578,965,489,815
360610114022004,Manhattan,40.762882499999996,-73.96876326426396,2732,1937,2114
360610115001000,Manhattan,40.757414,-73.99118634444444,2816,1772,1738
360610115001001,Manhattan,40.7568555,-73.99189557841609,1102,242,674
360610115001002,Manhattan,40.756238999999994,-73.99237318110656,2056,664,1044
360610115001003,Manhattan,40.755619499999995,-73.99282489349568,9489,7476,4613
360610115002000,Manhattan,40.7584035,-73.99350537399933,274,27,159
360610115002001,Manhattan,40.7591785,-73.99510449328653,459,62,279
360610115002002,Manhattan,40.7582965,-73.99536927728613,52,52,45
360610115002003,Manhattan,40.7577315,-73.99396017763158,115,88,45
360610115002004,Manhattan,40.7571015,-73.9944133500135,88,8,33
360610115002007,Manhattan,40.7564835,-73.99451947911149,21,15,7
360610115002008,Manhattan,40.756885499999996,-73.99609812633587,273,3,223
360610116001002,Manhattan,40.7644375,-73.9540740665819,14725,22,13416
360610116001003,Manhattan,40.765012999999996,-73.95587591570214,168,152,156
360610116001004,Manhattan,40.7651755,-73.95750357736404,1808,1725,1662
360610116001005,Manhattan,40.7644215,-73.95689397157895,10904,377,10270
360610116001006,Manhattan,40.7638285,-73.95742994779303,630,502,589
360610116001007,Manhattan,40.762544,-73.9556810964247,1373,1329,1253
360610116002000,Manhattan,40.763266,-73.95803000422387,106,13,52
360610116003000,Manhattan,40.762521,-73.95772352046262,13,0,0
360610116003001,Manhattan,40.762638499999994,-73.95897260987543,25,6,18
360610117001000,Manhattan,40.759496999999996,-73.99616579057519,133,22,66
360610117001001,Manhattan,40.760049499999994,-73.99751269934028,289,1,220
360610117001003,Manhattan,40.758889999999994,-73.99670816807267,74,39,41
360610117001006,Manhattan,40.758551999999995,-73.998944226174,66,53,55
360610117001007,Manhattan,40.7579815,-73.99840615067983,188,187,163
360610117001008,Manhattan,40.757746499999996,-73.99863889374757,47,13,32
360610117002000,Manhattan,40.761016,-73.9998063229572,179,94,110
360610117003001,Manhattan,40.76157499999999,-74.0020629862395,87,0,64
360610117003007,Manhattan,40.760364499999994,-74.00025531647245,27,0,21
360610117003011,Manhattan,40.7594785,-74.0011389231575,71,66,19
360610117003012,Manhattan,40.7595635,-74.00099807157119,47,0,27
360610118001000,Manhattan,40.765750499999996,-73.96201107611833,185,55,116
360610118002000,Manhattan,40.7669025,-73.96083001953863,230,83,121
360610118002001,Manhattan,40.7673695,-73.9619409093788,49,33,35
360610118003000,Manhattan,40.766464,-73.96173338629842,878,391,673
360610118004000,Manhattan,40.765964,-73.95860961422846,573,68,396
360610118004001,Manhattan,40.765428,-73.95927881264535,104,0,86
360610118004002,Manhattan,40.764802,-73.95973468555667,667,85,486
360610118005000,Manhattan,40.7642665,-73.96040322241726,151,56,100
360610118006000,Manhattan,40.7635695,-73.96069517540323,553,80,384
360610118007000,Manhattan,40.7650675,-73.96230737898091,1403,78,1236
360610118008000,Manhattan,40.764525,-73.96295427016986,244,22,190
360610119001000,Manhattan,40.7576775,-73.98390085857513,4891,3127,4029
360610119001001,Manhattan,40.7570145,-73.9842663508882,3085,2060,2390
360610119001002,Manhattan,40.7572985,-73.98592409341342,10105,6258,7816
360610119001003,Manhattan,40.7563605,-73.98466150637645,5582,4419,4763
360610119001004,Manhattan,40.75566,-73.98501153297414,5667,4921,5050
360610119001005,Manhattan,40.7563085,-73.9864956793443,6999,4584,6257
360610119002000,Manhattan,40.7582785,-73.98538505319888,2032,914,1881
360610119002001,Manhattan,40.7589255,-73.98685644576396,1642,86,1230
360610119002002,Manhattan,40.7582105,-73.98710513998589,1175,473,779
360610119002003,Manhattan,40.7575815,-73.98755674561404,5965,1961,3857
360610119002004,Manhattan,40.756972,-73.98812443130294,1053,70,644
360610120001000,Manhattan,40.767059,-73.96333895727676,278,15,183
360610120001001,Manhattan,40.767531999999996,-73.96377677384649,12,0,8
360610120001002,Manhattan,40.766583999999995,-73.96395973889591,141,41,87
360610120002000,Manhattan,40.765947499999996,-73.96442118057783,150,5,102
360610120002001,Manhattan,40.765333,-73.96487147554896,175,42,126
360610120002002,Manhattan,40.7647075,-73.9653289454748,223,23,111
360610120003000,Manhattan,40.766638,-73.9660260503976,237,26,162
360610120003001,Manhattan,40.7660115,-73.96648243204788,184,57,128
360610120003002,Manhattan,40.765384999999995,-73.96693705395722,479,148,216
360610120004000,Manhattan,40.768462,-73.96258841907735,414,46,198
360610120004001,Manhattan,40.769141,-73.964199471808,212,54,146
360610120004002,Manhattan,40.7685155,-73.96465565591504,3446,359,1728
360610120004003,Manhattan,40.767706,-73.96453193899521,17,2,0
360610120004004,Manhattan,40.768,-73.9653762352472,95,41,70
360610120004005,Manhattan,40.7672625,-73.96556887124515,268,0,94
360610120004006,Manhattan,40.767836,-73.96304549831419,131,12,67
360610121011000,Manhattan,40.758818,-73.99049138391861,1138,265,688
360610121011001,Manhattan,40.75809099999999,-73.99078138337319,5455,4407,4944
360610121012000,Manhattan,40.7600565,-73.98953808164816,639,67,323
360610121012001,Manhattan,40.7593445,-73.98979675438963,5533,2481,3757
360610121021000,Manhattan,40.760121999999996,-73.99358899040064,393,74,159
360610121021001,Manhattan,40.7598455,-73.9947602258679,231,15,65
360610121022000,Manhattan,40.75923949999999,-73.9935092822993,319,41,130
360610121023000,Manhattan,40.760640499999994,-73.99287813178307,801,328,478
360610121024000,Manhattan,40.7613475,-73.99260245870536,300,44,154
360610122001000,Manhattan,40.7698215,-73.96581430014139,259,51,225
360610122001001,Manhattan,40.7694575,-73.9662700807229,334,93,276
360610122001002,Manhattan,40.769195499999995,-73.96676663822166,131,11,98
360610122001003,Manhattan,40.76857,-73.96672612213214,372,25,317
360610122001004,Manhattan,40.7679425,-73.96718242957701,169,39,121
360610122002000,Manhattan,40.7673165,-73.9676394102708,232,40,170
360610122002001,Manhattan,40.76669149999999,-73.96809656811585,229,27,172
360610122002002,Manhattan,40.766065,-73.96855250722213,118,29,90
360610122003000,Manhattan,40.768620999999996,-73.9687920578499,255,60,190
360610122003001,Manhattan,40.767996499999995,-73.96924826858341,311,22,185
360610122003002,Manhattan,40.767368,-73.96969996589098,234,84,209
360610122003003,Manhattan,40.766741499999995,-73.97015881673167,852,22,666
360610122004000,Manhattan,40.7704975,-73.96741422413493,202,87,156
360610122004001,Manhattan,40.769874,-73.96787584618733,185,21,128
360610122004002,Manhattan,40.769246499999994,-73.96833518397096,184,70,133
360610124001001,Manhattan,40.7674195,-73.95199348264251,1140,76,1027
360610124001002,Manhattan,40.7683185,-73.95412391196646,285,62,208
360610124002000,Manhattan,40.7671945,-73.95402876763907,138,97,114
360610124002001,Manhattan,40.7680385,-73.95513531887704,130,11,65
360610124003000,Manhattan,40.766986,-73.9551236057781,519,49,379
360610124004000,Manhattan,40.7663855,-73.95573478658537,501,230,347
360610124005000,Manhattan,40.765765,-73.95669986969824,3310,35,869
360610124005001,Manhattan,40.76589,-73.95602146729274,9,8,7
360610124006000,Manhattan,40.766701,-73.95227938071065,404,24,307
360610124007001,Manhattan,40.7659845,-73.95275985369128,811,34,694
360610124008001,Manhattan,40.765345999999994,-73.95326496444953,6114,33,5542
360610125001000,Manhattan,40.760177999999996,-73.98207494528275,8102,7907,7886
360610125001001,Manhattan,40.759555500000005,-73.98253388666782,10710,9757,9934
360610125001002,Manhattan,40.758926,-73.98298539075518,8194,7516,7102
360610125001003,Manhattan,40.758305,-73.98344580466086,5072,3170,4139
360610125002000,Manhattan,40.7609335,-73.9838712986403,2943,2710,2356
360610125002001,Manhattan,40.761542,-73.98530595286418,1203,266,750
360610125002002,Manhattan,40.76036549999999,-73.98423450470747,264,20,112
360610125002003,Manhattan,40.759616,-73.98466367940588,209,7,162
360610125002004,Manhattan,40.75894699999999,-73.98502786435348,1275,837,653
360610125003000,Manhattan,40.7609055,-73.9857395790882,1421,348,973
360610125004000,Manhattan,40.7602545,-73.98614098322416,1843,1062,1423
360610125004001,Manhattan,40.759591,-73.9865005221036,1032,68,702
360610126011000,Manhattan,40.768012999999996,-73.95755118068067,554,265,375
360610126012000,Manhattan,40.769301999999996,-73.95645169211457,259,121,137
360610126013000,Manhattan,40.7673925,-73.95811111944091,506,75,260
360610126014000,Manhattan,40.76667449999999,-73.9578702833047,464,54,98
360610126014001,Manhattan,40.7664955,-73.95841637455035,21,17,14
360610126015000,Manhattan,40.768643999999995,-73.95693202626899,485,206,301
360610126021000,Manhattan,40.770325,-73.95887299626867,291,23,127
360610126021001,Manhattan,40.7696165,-73.9592339317089,347,104,165
360610126022000,Manhattan,40.768949,-73.95977465614334,817,11,312
360610126023000,Manhattan,40.768339,-73.96035507208589,294,129,177
360610126024000,Manhattan,40.7677125,-73.96080780808825,416,37,182
360610127001000,Manhattan,40.7619505,-73.98778002155171,532,137,235
360610127001001,Manhattan,40.761787999999996,-73.98840535517692,341,59,179
360610127002000,Manhattan,40.7613115,-73.98864292589508,637,176,345
360610127002001,Manhattan,40.760696499999995,-73.98911873177937,436,35,241
360610127003000,Manhattan,40.762520499999994,-73.99151089950979,426,111,217
360610127003001,Manhattan,40.761984,-73.99217155,305,101,125
360610127004000,Manhattan,40.763771500000004,-73.99059526168615,558,26,392
360610127004001,Manhattan,40.7630635,-73.99037322615123,170,3,66
360610127004002,Manhattan,40.7630635,-73.99134602738123,70,16,42
360610127005000,Manhattan,40.7625745,-73.98775438207922,4707,4238,4191
360610128001000,Manhattan,40.7731345,-73.95916830021834,141,27,76
360610128001001,Manhattan,40.772758499999995,-73.95937811706057,40,16,28
360610128001002,Manhattan,40.772352,-73.95974999428714,228,26,134
360610128001003,Manhattan,40.77171799999999,-73.96021299427021,294,40,154
360610128002000,Manhattan,40.769744,-73.96165301232412,126,70,88
360610128002001,Manhattan,40.769086,-73.96213131180822,261,20,162
360610128003000,Manhattan,40.771105,-73.96276650293255,172,61,126
360610128003001,Manhattan,40.770081000000005,-73.96298467992702,143,37,102
360610128003002,Manhattan,40.7697675,-73.96374282555516,276,27,203
360610128004000,Manhattan,40.7736665,-73.96089802370533,4473,0,3772
360610128004001,Manhattan,40.773030999999996,-73.9613609599121,174,47,104
360610128004002,Manhattan,40.7723965,-73.96182396549193,198,55,134
360610128004003,Manhattan,40.771762499999994,-73.96228502798705,256,24,185
360610128005000,Manhattan,40.771085,-73.96067694751731,103,30,65
360610128005001,Manhattan,40.770427999999995,-73.96115997149028,205,111,161
360610129011000,Manhattan,40.760123,-73.99559937526172,245,31,168
360610129011001,Manhattan,40.760712,-73.9970039904905,179,39,117
360610129012000,Manhattan,40.76202549999999,-73.99420640768386,181,6,114
360610129012001,Manhattan,40.7626145,-73.99561539411135,519,128,338
360610129012002,Manhattan,40.761996499999995,-73.99610185791961,196,47,138
360610129012003,Manhattan,40.761394499999994,-73.994669456,111,2,12
360610129012004,Manhattan,40.760763999999995,-73.99511455679936,83,2,49
360610129012005,Manhattan,40.7613685,-73.99654486289673,220,37,131
360610129012006,Manhattan,40.762331499999995,-73.9988311732701,2455,0,1501
360610129012007,Manhattan,40.761726,-73.99941148136429,354,192,250
360610129013000,Manhattan,40.763498,-73.99770698123788,238,0,163
360610129013001,Manhattan,40.762912,-73.99823824251766,420,284,371
360610129014000,Manhattan,40.763962,-74.00172488439038,12,0,6
360610129021000,Manhattan,40.765086,-73.99371623573006,190,20,133
360610129021001,Manhattan,40.7644915,-73.99425054433962,196,25,139
360610129022001,Manhattan,40.765371,-73.99633472022373,374,36,209
360610129022002,Manhattan,40.7647445,-73.99679238209734,920,393,783
360610129022003,Manhattan,40.764121,-73.99724648421238,278,78,181
360610129022004,Manhattan,40.7632385,-73.99515760474281,386,358,350
360610129022005,Manhattan,40.7638695,-73.99471817670107,198,18,135
360610129022006,Manhattan,40.763266,-73.99328523241378,19,4,5
360610129022007,Manhattan,40.762643,-73.99373537945877,48,15,24
360610130001000,Manhattan,40.7743465,-73.96202023131741,131,48,95
360610130001001,Manhattan,40.7740125,-73.96245850925925,147,12,99
360610130001002,Manhattan,40.7737115,-73.96297581030927,1031,54,862
360610130001003,Manhattan,40.773076499999995,-73.96343801656847,125,30,98
360610130002000,Manhattan,40.7724415,-73.96390040886601,120,61,89
360610130002001,Manhattan,40.771784,-73.96438049745932,295,100,202
360610130002002,Manhattan,40.7711015,-73.96487899533994,300,75,202
360610130002003,Manhattan,40.770450499999995,-73.96535349061128,215,73,165
360610130003000,Manhattan,40.77311949999999,-73.96550559268394,252,29,193
360610130003001,Manhattan,40.7721215,-73.96571161637299,136,69,107
360610130003002,Manhattan,40.771778999999995,-73.96648451195884,412,89,242
360610130003003,Manhattan,40.771123,-73.96696353530149,263,10,194
360610130004000,Manhattan,40.775024,-73.96411762034266,447,86,338
360610130004001,Manhattan,40.774388,-73.96458041930848,261,58,196
360610130004002,Manhattan,40.773753,-73.96504297032641,406,111,291
360610131001000,Manhattan,40.7628375,-73.9825632382389,2122,1144,1938
360610131001001,Manhattan,40.763453999999996,-73.9840056804801,2998,2725,2680
360610131001002,Manhattan,40.762811,-73.98443045599774,1135,51,692
360610131001003,Manhattan,40.7621775,-73.98486619516709,6625,6180,5490
360610131001004,Manhattan,40.7615715,-73.98343375495787,1421,225,822
360610131001005,Manhattan,40.762204,-73.98299557895999,212,0,167
360610131002000,Manhattan,40.762724500000004,-73.98034785265364,9547,1360,3416
360610131002001,Manhattan,40.762057,-73.98070336038069,3096,1602,2794
360610131002002,Manhattan,40.761433499999995,-73.98116007473507,10169,9289,9403
360610131002003,Manhattan,40.7608095,-73.98161754456434,7304,5348,6443
360610131003000,Manhattan,40.7634795,-73.98213833529346,2678,2354,2441
360610131003001,Manhattan,40.764101499999995,-73.9836022926689,711,137,358
360610132011000,Manhattan,40.769651999999994,-73.95334599972841,678,30,537
360610132012000,Manhattan,40.768964,-73.95368196551723,217,88,106
360610132013001,Manhattan,40.768601,-73.95084461201975,530,76,440
360610132013002,Manhattan,40.7680015,-73.95140098038303,15,3,9
360610132021002,Manhattan,40.769127499999996,-73.9499216404596,209,156,168
360610132021003,Manhattan,40.7702925,-73.95059208569182,208,8,158
360610132022000,Manhattan,40.770759999999996,-73.94951537830556,33,5,11
360610132023000,Manhattan,40.7701835,-73.94919573213268,2,1,2
360610132031000,Manhattan,40.7708665,-73.95229150522101,103,5,37
360610132032000,Manhattan,40.771524,-73.95181122770501,234,74,130
360610132033000,Manhattan,40.7703085,-73.95244271129187,146,14,55
360610132033001,Manhattan,40.770095,-73.9529169305795,53,1,29
360610133001000,Manhattan,40.7630915,-73.98677923111111,700,123,496
360610133002000,Manhattan,40.76385,-73.98689760887771,868,216,500
360610133002001,Manhattan,40.7635115,-73.98811556547238,97,16,49
360610133003000,Manhattan,40.7650235,-73.98968342490545,467,33,289
360610133003001,Manhattan,40.764396999999995,-73.99013905241097,331,74,205
360610133004000,Manhattan,40.76627499999999,-73.98877072113524,541,42,386
360610133004001,Manhattan,40.765573,-73.98904504918994,194,48,140
360610133005000,Manhattan,40.765078,-73.98592828853751,660,157,488
360610133005001,Manhattan,40.7644535,-73.9863832374372,733,215,463
360610134001000,Manhattan,40.772809499999994,-73.95690388737177,266,52,143
360610134002000,Manhattan,40.772111499999994,-73.9568132768388,374,88,279
360610134002001,Manhattan,40.771974,-73.9574670469988,33,15,13
360610134003000,Manhattan,40.772497,-73.95411992083034,321,67,152
360610134004000,Manhattan,40.7734685,-73.95642453618925,353,143,231
360610134005000,Manhattan,40.771349,-73.95493736543844,88,52,52
360610134005001,Manhattan,40.771195999999996,-73.95554704810107,56,34,33
360610134006000,Manhattan,40.771587,-73.95793603932331,518,34,389
360610134006001,Manhattan,40.770942999999995,-73.9583747743644,386,137,211
360610134007000,Manhattan,40.770306000000005,-73.95458512037882,131,20,55
360610134007001,Manhattan,40.770602,-73.95587637200649,358,39,151
360610134008000,Manhattan,40.769875,-73.95584262031386,323,198,236
360610134009000,Manhattan,40.771756499999995,-73.95440772415864,416,28,197
360610135011000,Manhattan,40.766278,-73.99266281216933,200,53,111
360610135011001,Manhattan,40.767242499999995,-73.99496792126993,525,437,356
360610135011002,Manhattan,40.7666225,-73.99542287454489,118,0,69
360610135011003,Manhattan,40.7656525,-73.99311700779626,361,0,303
360610135011004,Manhattan,40.765114499999996,-73.99184437014372,3,1,3
360610135012000,Manhattan,40.766983499999995,-73.99239536143259,236,49,115
360610135012001,Manhattan,40.765744999999995,-73.99139007820172,40,8,19
360610135013000,Manhattan,40.767011,-73.99054792567806,77,40,60
360610135013001,Manhattan,40.767649,-73.99203280458042,531,34,371
360610135013002,Manhattan,40.768186,-73.99427778267105,6,0,5
360610135014001,Manhattan,40.7684615,-73.99657067011948,543,10,147
360610135021000,Manhattan,40.767678,-73.9901656631076,247,132,154
360610135021001,Manhattan,40.7682935,-73.99162144039786,50,17,28
360610135022000,Manhattan,40.770131500000005,-73.9899223038064,1047,464,731
360610135022001,Manhattan,40.769377,-73.99022584816572,2700,2661,2269
360610135022002,Manhattan,40.768604999999994,-73.99092665279429,84,0,76
360610135022003,Manhattan,40.7683225,-73.98979016739935,9,6,2
360610135023000,Manhattan,40.771159499999996,-73.99236979237375,152,103,96
360610135023001,Manhattan,40.770461499999996,-73.9928133257437,485,82,371
360610135024000,Manhattan,40.7697425,-73.99311321465207,364,67,287
360610135024001,Manhattan,40.769131,-73.9936001554245,720,269,595
360610135025001,Manhattan,40.771311999999995,-73.99540870640756,113,0,76
360610136011002,Manhattan,40.773025,-73.94533470154715,146,49,125
360610136011003,Manhattan,40.772124500000004,-73.94620955751174,90,40,57
360610136011004,Manhattan,40.7709695,-73.94733622225567,44,10,28
360610136021000,Manhattan,40.771229500000004,-73.94899599402392,186,65,104
360610136022000,Manhattan,40.772416,-73.94779821114679,51,13,32
360610136022001,Manhattan,40.772909999999996,-73.94897161364466,21,13,15
360610136023000,Manhattan,40.771942499999994,-73.94815687820568,142,22,87
360610136023001,Manhattan,40.7715005,-73.9481011287256,2688,2670,1036
360610136031000,Manhattan,40.772191,-73.95127570989305,436,113,300
360610136032000,Manhattan,40.7734555,-73.95026355507247,268,47,189
360610136033000,Manhattan,40.772859499999996,-73.95032652014847,44,17,18
360610136033001,Manhattan,40.77278749999999,-73.95115211385769,141,50,89
360610136041000,Manhattan,40.77418899999999,-73.9500350600801,113,32,49
360610136042000,Manhattan,40.773816999999994,-73.94718126491405,165,40,93
360610136043000,Manhattan,40.7748265,-73.94957778235695,216,33,67
360610136044000,Manhattan,40.773149,-73.94756812797618,78,37,51
360610137001000,Manhattan,40.765935999999996,-73.97788910865944,990,141,811
360610137002000,Manhattan,40.7652585,-73.97836857213653,950,297,707
360610137002001,Manhattan,40.764584,-73.9788622976443,3976,2375,3159
360610137003000,Manhattan,40.763934,-73.9793335,4073,2969,3232
360610137003001,Manhattan,40.763352999999995,-73.97989166576312,9807,8886,9156
360610137004000,Manhattan,40.7669925,-73.98039516281301,738,130,537
360610137004001,Manhattan,40.767537000000004,-73.9819712809159,1213,794,952
360610137004002,Manhattan,40.766912,-73.9822412312652,591,173,367
360610137004003,Manhattan,40.766698,-73.98126011019737,2166,712,1103
360610137005000,Manhattan,40.765904,-73.9814274183797,3726,2285,3235
360610137005001,Manhattan,40.766166,-73.98257349556931,2041,1407,1456
360610137006000,Manhattan,40.76478949999999,-73.98138330836414,1283,471,1077
360610137006001,Manhattan,40.76507649999999,-73.98256380206897,2849,2480,2487
360610137006002,Manhattan,40.76438399999999,-73.98282571146244,2330,1576,2011
360610137006003,Manhattan,40.764128,-73.98174252245231,537,41,287
360610138001000,Manhattan,40.7767145,-73.95405672341114,370,116,155
360610138002000,Manhattan,40.775445999999995,-73.95498091798942,433,89,202
360610138003000,Manhattan,40.774857,-73.9550577846316,257,6,95
360610138003001,Manhattan,40.7748515,-73.95602903468208,155,17,89
360610138004000,Manhattan,40.7750595,-73.95209624549548,336,7,212
360610138004001,Manhattan,40.776079499999994,-73.95451758280421,172,37,82
360610138005000,Manhattan,40.774474,-73.95267631781782,339,103,187
360610138006000,Manhattan,40.775738,-73.95173948166641,274,84,144
360610138007000,Manhattan,40.77408,-73.9532378771346,222,54,108
360610138007001,Manhattan,40.773602999999994,-73.95283479698391,141,31,68
360610138008000,Manhattan,40.773253,-73.95379683240998,374,54,265
360610138009000,Manhattan,40.774147,-73.9559155755102,568,46,415
360610139001000,Manhattan,40.7687595,-73.98666219273561,273,31,126
360610139002000,Manhattan,40.7681345,-73.98727795955884,172,37,110
360610139003000,Manhattan,40.767399499999996,-73.98754710041666,2595,1694,2030
360610139003001,Manhattan,40.766902,-73.9883116942049,450,231,298
360610139004000,Manhattan,40.765505499999996,-73.98547129510754,253,130,152
360610139004001,Manhattan,40.7657105,-73.98503744524618,15,12,8
360610139004002,Manhattan,40.766213,-73.98628404879275,62,25,47
360610139005000,Manhattan,40.766276500000004,-73.98488538177816,326,127,147
360610139006000,Manhattan,40.76698,-73.98454215680712,2698,2357,2379
360610139007000,Manhattan,40.767786,-73.98435181968088,835,56,416
360610140001000,Manhattan,40.7775245,-73.95597752071717,252,25,113
360610140001001,Manhattan,40.776889499999996,-73.95643990870232,245,66,89
360610140002000,Manhattan,40.7762555,-73.95690248011209,173,46,87
360610140002001,Manhattan,40.7756215,-73.95736655127817,240,33,117
360610140002002,Manhattan,40.7749635,-73.95784649627856,285,53,179
360610140003000,Manhattan,40.774280499999996,-73.95834400049108,268,32,147
360610140003001,Manhattan,40.773621500000004,-73.95882546828909,225,122,155
360610140004000,Manhattan,40.774958999999996,-73.95995450106969,188,71,122
360610140004001,Manhattan,40.774300999999994,-73.96043457400448,322,22,240
360610140005000,Manhattan,40.776934999999995,-73.95851312504828,187,26,95
360610140005001,Manhattan,40.7764645,-73.95886313654597,81,40,51
360610140005002,Manhattan,40.776087,-73.95896786007958,118,20,76
360610140005003,Manhattan,40.775301,-73.959176,283,50,170
360610140006000,Manhattan,40.778203500000004,-73.95758657541685,190,88,116
360610140006001,Manhattan,40.7775685,-73.9580499418372,140,42,96
360610142001000,Manhattan,40.77888299999999,-73.95920135255284,329,13,229
360610142001001,Manhattan,40.7782495,-73.95966407862116,99,31,61
360610142002000,Manhattan,40.777614,-73.96012786827049,225,27,186
360610142002001,Manhattan,40.7770285,-73.96021074756251,108,45,64
360610142002002,Manhattan,40.776936,-73.96097610556328,53,16,36
360610142002003,Manhattan,40.776321499999995,-73.96107100270413,177,95,117
360610142003000,Manhattan,40.775639999999996,-73.96156899932689,277,89,183
360610142003001,Manhattan,40.7749805,-73.96205040814962,677,81,529
360610142004000,Manhattan,40.7769985,-73.96267849341142,446,76,307
360610142004001,Manhattan,40.776315,-73.96317650168278,627,373,547
360610142004002,Manhattan,40.775657499999994,-73.96365514142974,636,53,515
360610142005000,Manhattan,40.7782925,-73.96173457186607,1754,56,1601
360610142005001,Manhattan,40.7777525,-73.96227029608833,202,2,147
360610142005002,Manhattan,40.777322999999996,-73.96205604673591,42,13,33
360610142006000,Manhattan,40.779562999999996,-73.96080558132383,416,59,284
360610142006001,Manhattan,40.778926,-73.96127033773196,277,106,211
360610143001001,Manhattan,40.7939465,-73.95312595434508,3,3,3
360610143001003,Manhattan,40.7959955,-73.95927775832013,17,1,14
360610143001009,Manhattan,40.794792,-73.95581490068096,289,0,274
360610143001011,Manhattan,40.782489,-73.97038360547445,1,0,1
360610143001015,Manhattan,40.779393,-73.96362187592794,230,2,205
360610143001019,Manhattan,40.7716175,-73.9714254717704,50,49,42
360610143001024,Manhattan,40.773861999999994,-73.97689905263164,3,0,2
360610143001026,Manhattan,40.7685755,-73.98065297138874,250,5,214
360610143001028,Manhattan,40.767185,-73.97490873299319,3,3,0
360610143001029,Manhattan,40.7696475,-73.97366951004156,2,2,2
360610144011000,Manhattan,40.775042,-73.94608013480885,248,85,160
360610144012000,Manhattan,40.7760615,-73.9484960509642,142,59,75
360610144013000,Manhattan,40.7744315,-73.94667451482479,370,70,302
360610144014000,Manhattan,40.775454499999995,-73.94909928467635,123,41,58
360610144021000,Manhattan,40.7767015,-73.94791031954689,294,30,170
360610144022000,Manhattan,40.777392,-73.94752459825773,322,17,255
360610144023000,Manhattan,40.778020999999995,-73.94706773020783,277,42,169
360610144024000,Manhattan,40.775333,-73.94480804451315,3,3,1
360610144024001,Manhattan,40.776048,-73.94577579330338,10,7,8
360610144024002,Manhattan,40.775769499999996,-73.94611936705522,121,35,52
360610144025000,Manhattan,40.7763475,-73.94505354108723,112,59,92
360610144026000,Manhattan,40.7770055,-73.944666845655,69,34,36
360610145001000,Manhattan,40.770767,-73.985078987614,2289,27,881
360610145001001,Manhattan,40.7717915,-73.98600488295763,66,49,47
360610145001002,Manhattan,40.7701315,-73.98596048756133,285,73,173
360610145002000,Manhattan,40.76944999999999,-73.98628627449322,416,212,277
360610145003000,Manhattan,40.769299499999995,-73.98399541421958,39,1,18
360610145003001,Manhattan,40.768664,-73.98442239194317,68,10,29
360610145003002,Manhattan,40.7683675,-73.98302314392745,3107,167,1840
360610145004000,Manhattan,40.769561499999995,-73.98288102393923,1744,477,1177
360610145004001,Manhattan,40.769082499999996,-73.98163364130569,385,3,275
360610145005000,Manhattan,40.770101499999996,-73.98158026532451,177,97,129
360610145005001,Manhattan,40.770111,-73.98255868088941,132,82,113
360610146011000,Manhattan,40.777984000000004,-73.95305763227515,619,62,253
360610146012000,Manhattan,40.777086499999996,-73.95092940103189,1415,50,957
360610146013000,Manhattan,40.777349,-73.95359227440568,593,87,253
360610146014000,Manhattan,40.776461499999996,-73.95148619402984,324,112,159
360610146021000,Manhattan,40.779400499999994,-73.95229172484909,379,62,173
360610146022000,Manhattan,40.77874,-73.95218795780082,81,27,52
360610146022001,Manhattan,40.7786425,-73.95300376496445,163,26,97
360610146023000,Manhattan,40.7789075,-73.94917630441324,143,36,63
360610146024000,Manhattan,40.780046,-73.9518705442943,264,35,131
360610146025000,Manhattan,40.778366500000004,-73.94983526854159,448,43,279
360610146026000,Manhattan,40.777972500000004,-73.95077310731597,214,64,123
360610146026001,Manhattan,40.77714,-73.94959035399611,45,5,10
360610147001000,Manhattan,40.771851999999996,-73.9880965060929,544,41,440
360610147002000,Manhattan,40.770635,-73.98910487969925,1605,0,835
360610147003000,Manhattan,40.7713215,-73.98877685213706,323,142,211
360610148011000,Manhattan,40.7781595,-73.95551402077855,293,55,155
360610148011001,Manhattan,40.778837499999995,-73.95712347626936,331,160,176
360610148012000,Manhattan,40.778818,-73.95503300079432,709,19,227
360610148012001,Manhattan,40.7798375,-73.95692274999999,270,20,186
360610148021000,Manhattan,40.782032,-73.95268837664835,88,47,53
360610148021001,Manhattan,40.781408,-73.9531491817238,138,35,62
360610148022000,Manhattan,40.7807765,-73.95360296972393,230,35,90
360610148022001,Manhattan,40.780148999999994,-73.95406302963187,540,67,252
360610148022002,Manhattan,40.779892,-73.95472418195266,141,78,67
360610148022003,Manhattan,40.779610999999996,-73.95511731379635,430,52,158
360610148023000,Manhattan,40.78145549999999,-73.95521444899038,492,48,339
360610148023001,Manhattan,40.780828,-73.9556697237239,209,54,126
360610148024000,Manhattan,40.782709499999996,-73.9542979798091,301,120,164
360610148024001,Manhattan,40.782083,-73.9547555198238,189,80,133
360610148025000,Manhattan,40.7801755,-73.95614748858871,416,52,196
360610149001001,Manhattan,40.773858,-73.98319569439874,2151,33,1286
360610149001002,Manhattan,40.7744215,-73.98449573710616,67,0,52
360610149001003,Manhattan,40.7726045,-73.98420264421488,4583,290,2402
360610149001004,Manhattan,40.771265,-73.98276773581001,418,78,265
360610149002000,Manhattan,40.77270299999999,-73.98040222954005,360,88,189
360610149003000,Manhattan,40.771997,-73.98068668252161,259,94,137
360610149004000,Manhattan,40.771275,-73.98090740818051,1678,846,978
360610149005000,Manhattan,40.770749499999994,-73.98139193187362,241,101,179
360610150011000,Manhattan,40.780176,-73.95825650977545,145,46,91
360610150011001,Manhattan,40.77951899999999,-73.95873816053808,327,36,277
360610150012000,Manhattan,40.780854,-73.95986647602157,482,86,340
360610150012001,Manhattan,40.780207,-73.96033778157232,303,103,206
360610150021000,Manhattan,40.78339,-73.9559109729172,136,34,84
360610150021001,Manhattan,40.782764,-73.95637048743522,195,50,146
360610150021002,Manhattan,40.782135499999995,-73.95682794865797,131,30,68
360610150022000,Manhattan,40.781508,-73.95728692572749,256,72,155
360610150022001,Manhattan,40.7811725,-73.95795339829965,207,7,105
360610150022002,Manhattan,40.7804935,-73.95746058028358,193,64,143
360610150023000,Manhattan,40.78218699999999,-73.95889243516814,169,68,129
360610150023001,Manhattan,40.7818735,-73.95964438656388,250,96,186
360610150024000,Manhattan,40.784071,-73.95752275197387,346,14,264
360610150024001,Manhattan,40.783442,-73.9579745398876,642,36,351
360610150024002,Manhattan,40.78281199999999,-73.95843674278845,409,28,292
360610151011000,Manhattan,40.7738765,-73.98710870078904,154,18,116
360610151012000,Manhattan,40.772885,-73.98766605593735,513,0,273
360610151013000,Manhattan,40.7749635,-73.98576693103448,422,8,362
360610151013001,Manhattan,40.774445,-73.9865225141196,625,60,508
360610151021000,Manhattan,40.775605,-73.9883161580328,111,17,56
360610151021001,Manhattan,40.776027,-73.989466480322,70,54,56
360610151022000,Manhattan,40.774846499999995,-73.98939996004097,68,15,53
360610151022001,Manhattan,40.774491999999995,-73.99063269322751,117,48,80
360610151022002,Manhattan,40.773759999999996,-73.99108296841294,727,5,350
360610151022003,Manhattan,40.773668,-73.98997118047319,235,13,83
360610151022004,Manhattan,40.77393,-73.98920067311249,249,51,150
360610151023000,Manhattan,40.774229,-73.99208948277223,187,33,89
360610151024000,Manhattan,40.771879,-73.9920533605897,1,0,1
360610152002000,Manhattan,40.780483,-73.94516744043321,121,70,97
360610152003000,Manhattan,40.7799435,-73.94577340807889,863,42,669
360610152004000,Manhattan,40.7792115,-73.94595573293068,142,6,55
360610152005000,Manhattan,40.7786465,-73.94661015829261,1539,1396,1131
360610152006004,Manhattan,40.7787185,-73.9442080762519,468,1,110
360610152006005,Manhattan,40.7775915,-73.94411146609778,106,61,69
360610153011000,Manhattan,40.77456649999999,-73.97901443549901,187,35,106
360610153012000,Manhattan,40.775194,-73.9785579005684,418,108,272
360610153013000,Manhattan,40.77394149999999,-73.97947049999999,1081,139,672
360610153013001,Manhattan,40.77331649999999,-73.97992241561445,6297,6133,5115
360610153021000,Manhattan,40.7762015,-73.98094223987675,366,43,154
360610153021001,Manhattan,40.776889499999996,-73.98250175187331,50,23,27
360610153022000,Manhattan,40.774604499999995,-73.98284732701498,203,23,140
360610153022001,Manhattan,40.7749225,-73.98394938710214,92,25,30
360610153023000,Manhattan,40.775332,-73.98295801972873,807,207,481
360610153024000,Manhattan,40.775893499999995,-73.98166825183372,170,52,113
360610153025000,Manhattan,40.7761775,-73.98277953861242,198,47,95
360610153026000,Manhattan,40.775171,-73.98179859679408,814,677,187
360610153026001,Manhattan,40.774049999999995,-73.98173068856872,51,20,36
360610154011000,Manhattan,40.7806475,-73.95135205757097,134,4,45
360610154012000,Manhattan,40.780249999999995,-73.94846425736377,80,21,29
360610154013000,Manhattan,40.78122449999999,-73.9507712209136,323,280,244
360610154014000,Manhattan,40.7795395,-73.94872343142143,108,39,54
360610154021000,Manhattan,40.780966,-73.94821662191416,435,69,278
360610154022000,Manhattan,40.782132,-73.94708666659517,630,44,459
360610154023000,Manhattan,40.781593,-73.94775956815866,96,42,44
360610154031000,Manhattan,40.78242,-73.94971953641456,608,84,272
360610154032000,Manhattan,40.781557,-73.94962017793489,90,46,49
360610154033000,Manhattan,40.7830465,-73.94925714010282,448,196,346
360610154034000,Manhattan,40.782030999999996,-73.95074183171471,320,147,244
360610155011000,Manhattan,40.776641999999995,-73.98493006241378,929,222,720
360610155021002,Manhattan,40.779024,-73.98770392965204,74,35,39
360610155021003,Manhattan,40.778352999999996,-73.9880019526889,24,6,11
360610155022000,Manhattan,40.777248,-73.9882522608,19,11,7
360610155022001,Manhattan,40.777423,-73.98864845596253,112,7,71
360610155022002,Manhattan,40.777831500000005,-73.98924564483318,25,25,20
360610155023000,Manhattan,40.778622999999996,-73.98636907851929,39,30,33
360610155024000,Manhattan,40.777648,-73.9869459208,102,34,50
360610155025000,Manhattan,40.776565,-73.98762562393162,133,105,105
360610156011000,Manhattan,40.78340899999999,-73.94615358853487,265,11,197
360610156012000,Manhattan,40.7827565,-73.94662508135553,607,29,492
360610156013000,Manhattan,40.7847685,-73.94937668138962,16,6,7
360610156013001,Manhattan,40.783730999999996,-73.94893362588904,683,472,527
360610156014000,Manhattan,40.784311,-73.94829248161766,266,107,196
360610156021000,Manhattan,40.78505749999999,-73.94495375739677,3035,128,2806
360610156021001,Manhattan,40.786027,-73.9472611444805,82,54,56
360610156021002,Manhattan,40.785107499999995,-73.94805654441488,81,17,21
360610157001000,Manhattan,40.777846,-73.9767213266467,536,74,378
360610157002000,Manhattan,40.776703999999995,-73.97605120624756,36,1,27
360610157002001,Manhattan,40.777334999999994,-73.97755664032644,479,83,252
360610157003000,Manhattan,40.7763645,-73.97736032295151,721,188,410
360610157004000,Manhattan,40.7758195,-73.97810096605906,279,45,151
360610157005000,Manhattan,40.778948,-73.97933387573099,394,129,251
360610157006000,Manhattan,40.7783515,-73.97995950229549,1123,142,527
360610157007000,Manhattan,40.7776485,-73.9804107297536,595,201,330
360610157007001,Manhattan,40.7780205,-73.98203046428571,3,3,0
360610157008000,Manhattan,40.776912499999995,-73.98069056458888,373,130,238
360610157008001,Manhattan,40.777595,-73.98220871238937,123,0,23
360610158011000,Manhattan,40.784853999999996,-73.95010186283186,172,9,151
360610158011001,Manhattan,40.7845405,-73.95085343203166,67,24,39
360610158011002,Manhattan,40.783913999999996,-73.95131152343222,172,32,84
360610158012000,Manhattan,40.7832855,-73.95177,178,56,73
360610158012001,Manhattan,40.782658,-73.95222947554896,881,11,335
360610158013000,Manhattan,40.7845905,-73.95292186618885,97,47,65
360610158013001,Manhattan,40.783964499999996,-73.95337927265355,167,85,124
360610158013002,Manhattan,40.783336,-73.95383888636876,93,19,63
360610158014000,Manhattan,40.78587,-73.95198600219942,124,40,66
360610158014001,Manhattan,40.7852195,-73.95246447983871,98,32,73
360610158021000,Manhattan,40.7862795,-73.94884551745129,5,0,0
360610158021001,Manhattan,40.7866195,-73.9496410403865,48,9,16
360610158021002,Manhattan,40.7871975,-73.95101944378064,113,49,62
360610158022000,Manhattan,40.786727,-73.95136085349463,102,0,36
360610158022001,Manhattan,40.7864675,-73.95179408432845,42,0,26
360610158023000,Manhattan,40.785641999999996,-73.94955854220649,85,72,70
360610158023001,Manhattan,40.786148,-73.9499688266254,34,3,11
360610158023002,Manhattan,40.785906,-73.95042310519125,48,37,16
360610159001000,Manhattan,40.781453,-73.9847521559829,101,76,74
360610159001001,Manhattan,40.780401499999996,-73.98484293805416,108,39,64
360610159002001,Manhattan,40.780368499999994,-73.98703815785997,85,41,59
360610159002002,Manhattan,40.779849999999996,-73.9856385583371,209,95,127
360610159003003,Manhattan,40.779723,-73.98737953256341,72,31,50
360610159003004,Manhattan,40.779528,-73.98644727954604,83,14,43
360610159004000,Manhattan,40.779732499999994,-73.98124389740008,66,32,53
360610159004001,Manhattan,40.7801335,-73.98212340792097,103,78,90
360610159004002,Manhattan,40.780561,-73.98316196942953,56,39,43
360610159005001,Manhattan,40.779674,-73.98310142662372,753,283,468
360610159006001,Manhattan,40.7789675,-73.98353838614574,1036,390,347
360610159007000,Manhattan,40.7783045,-73.98402836301528,247,193,198
360610160011000,Manhattan,40.786550500000004,-73.9536035011062,121,38,65
360610160011001,Manhattan,40.7858995,-73.9540795,12,0,5
360610160012000,Manhattan,40.7852725,-73.9545362337704,155,41,84
360610160012001,Manhattan,40.784643,-73.95499569274389,400,23,292
360610160012002,Manhattan,40.784018,-73.95545221268827,208,24,139
360610160013000,Manhattan,40.785954000000004,-73.95614155788019,87,24,52
360610160013001,Manhattan,40.785320999999996,-73.95660195951069,334,27,211
360610160013002,Manhattan,40.784694,-73.95706342878339,633,16,539
360610160014000,Manhattan,40.7875705,-73.95549454956584,174,51,101
360610160014001,Manhattan,40.786576499999995,-73.95568725310407,137,24,60
360610160021000,Manhattan,40.7872245,-73.9531104993049,138,21,78
360610160021001,Manhattan,40.7879075,-73.95472498764335,135,62,92
360610160022001,Manhattan,40.7877385,-73.95274336253166,19,13,13
360610160022002,Manhattan,40.7885585,-73.95424305057486,211,9,169
360610161001000,Manhattan,40.781662,-73.9778889148282,294,2,119
360610161001001,Manhattan,40.7811625,-73.97803523924051,405,10,280
360610161001002,Manhattan,40.780632,-73.97775674624373,18,10,10
360610161002000,Manhattan,40.7799545,-73.9752378097364,359,38,251
360610161002001,Manhattan,40.7797755,-73.97586136098934,118,6,67
360610161003000,Manhattan,40.7790165,-73.97555764128151,1444,36,1076
360610161004000,Manhattan,40.778571,-73.97647145487642,202,40,88
360610161005000,Manhattan,40.779709,-73.97917478617848,356,59,158
360610161006000,Manhattan,40.78041399999999,-73.97887714398996,141,27,87
360610162001000,Manhattan,40.7918045,-73.93629914011493,42,2,16
360610162001001,Manhattan,40.79229599999999,-73.93749173917601,12,0,3
360610162001002,Manhattan,40.7914275,-73.93737672939498,95,93,58
360610162002000,Manhattan,40.7905825,-73.93797642091836,57,15,23
360610162003000,Manhattan,40.789077999999996,-73.93816269598024,95,0,81
360610162003001,Manhattan,40.788821999999996,-73.93920916938245,33,31,32
360610162004001,Manhattan,40.7873565,-73.94013105263157,45,41,39
360610162005005,Manhattan,40.7852495,-73.94239409927155,91,6,79
360610162005006,Manhattan,40.785951,-73.9412512936508,127,36,73
360610162005007,Manhattan,40.7843805,-73.94313576047543,4,4,2
360610162005008,Manhattan,40.783409999999996,-73.94416484766764,2,0,0
360610163001003,Manhattan,40.78371799999999,-73.98278120708014,82,53,51
360610163001004,Manhattan,40.783122,-73.98284304322002,14,11,10
360610163001005,Manhattan,40.782886999999995,-73.98330836201501,7,3,6
360610163002000,Manhattan,40.782438,-73.98368275172025,83,42,57
360610163002001,Manhattan,40.7821315,-73.98443217946058,298,26,197
360610163003000,Manhattan,40.783094,-73.98129144049868,273,0,189
360610163003001,Manhattan,40.782402,-73.98122940695211,85,7,57
360610163003002,Manhattan,40.782225999999994,-73.98180185789474,14,4,6
360610163004000,Manhattan,40.7813885,-73.98167941008174,125,15,94
360610163004001,Manhattan,40.780829,-73.98209059492947,607,9,100
360610163005000,Manhattan,40.782816999999994,-73.98014974137931,437,298,316
360610163005001,Manhattan,40.781795,-73.98018248617885,289,24,139
360610163005002,Manhattan,40.7811105,-73.98054589371696,623,25,252
360610163005003,Manhattan,40.7804215,-73.98089658962263,437,15,242
360610164001000,Manhattan,40.7885025,-73.94243951727435,72,0,32
360610164001001,Manhattan,40.787874,-73.94289897281877,649,72,179
360610164002000,Manhattan,40.7872535,-73.94335737575705,50,4,9
360610164002001,Manhattan,40.7866235,-73.94381184244664,11,0,4
360610164002002,Manhattan,40.7859905,-73.94427488387939,113,4,90
360610164003000,Manhattan,40.787706,-73.94677279193037,16,8,8
360610164003001,Manhattan,40.787127,-73.94544645497629,264,0,219
360610164003002,Manhattan,40.7870245,-73.94595072538678,4,0,0
360610164004000,Manhattan,40.7891525,-73.94497640057168,143,0,117
360610165001000,Manhattan,40.782973999999996,-73.97289035453653,317,127,198
360610165001001,Manhattan,40.7814225,-73.9740128475226,3,0,2
360610165002000,Manhattan,40.7828015,-73.97644694459667,564,277,391
360610165003000,Manhattan,40.782131,-73.97696973883046,183,55,103
360610165004000,Manhattan,40.7841825,-73.97572052994136,381,33,246
360610165005000,Manhattan,40.7835365,-73.97617546347712,238,29,144
360610166001000,Manhattan,40.7909165,-73.94619907092456,78,3,14
360610166001001,Manhattan,40.790284,-73.94666091053813,230,57,64
360610166002000,Manhattan,40.789660999999995,-73.94711715099805,65,0,8
360610166002001,Manhattan,40.789025499999994,-73.94757889638137,343,1,288
360610166003000,Manhattan,40.788406499999994,-73.9480327243622,93,1,47
360610166003001,Manhattan,40.78777699999999,-73.94849121351115,45,8,17
360610166004000,Manhattan,40.79034299999999,-73.94872653626578,22,8,7
360610166004001,Manhattan,40.7897145,-73.94919373696717,39,3,13
360610166005000,Manhattan,40.7915955,-73.94780875949446,109,0,94
360610166005001,Manhattan,40.790969000000004,-73.94826612558379,62,25,16
360610166006000,Manhattan,40.78908199999999,-73.94965824955591,80,0,47
360610166006001,Manhattan,40.788464,-73.9501209205072,2,0,2
360610166006002,Manhattan,40.7878295,-73.9505649893747,16,0,12
360610167001000,Manhattan,40.78624,-73.9806008503937,94,53,54
360610167001004,Manhattan,40.78562599999999,-73.98110034427151,189,7,154
360610167002000,Manhattan,40.7846645,-73.98141813893017,70,37,43
360610167002001,Manhattan,40.784006999999995,-73.98194667929292,151,41,117
360610167003000,Manhattan,40.785724,-73.97936978110235,109,28,46
360610167003001,Manhattan,40.785092,-73.97983652464167,362,62,236
360610167003002,Manhattan,40.784440000000004,-73.98032083585991,44,10,26
360610167003003,Manhattan,40.78375249999999,-73.9808242435667,153,73,115
360610167004000,Manhattan,40.7851275,-73.97795401010154,270,35,123
360610167004001,Manhattan,40.784495,-73.9784204272042,352,104,142
360610167005000,Manhattan,40.7838375,-73.97890696617259,322,59,220
360610167005001,Manhattan,40.783153999999996,-73.97939954333225,338,108,172
360610168001000,Manhattan,40.792615,-73.94917759315476,21,0,15
360610168001001,Manhattan,40.7913355,-73.95010969008302,4,0,1
360610168002000,Manhattan,40.790058,-73.95105026039168,69,46,62
360610168002001,Manhattan,40.791067,-73.95240437389293,46,13,33
360610168002002,Manhattan,40.789985,-73.95319779084124,22742,82,20517
360610168002003,Manhattan,40.7885155,-73.95219318281438,121,0,110
360610168003000,Manhattan,40.7939465,-73.95083418041237,542,0,440
360610168003001,Manhattan,40.7929495,-73.95103599910465,1949,17,1659
360610168003002,Manhattan,40.7923245,-73.95149093509164,324,0,237
360610168003003,Manhattan,40.791698499999995,-73.95195042545816,100,7,72
360610169001000,Manhattan,40.78566,-73.97126882341513,679,43,335
360610169002000,Manhattan,40.785002,-73.97174940148815,480,321,154
360610169003000,Manhattan,40.7866915,-73.97371734175596,302,82,189
360610169003001,Manhattan,40.786086499999996,-73.97432432188778,841,5,641
360610169004000,Manhattan,40.7854525,-73.97478582258799,296,38,116
360610169004001,Manhattan,40.784818,-73.97524888304093,547,32,237
360610169005000,Manhattan,40.7842565,-73.97194898312424,454,69,281
360610169006000,Manhattan,40.7836205,-73.97240828386397,192,14,91
360610170001000,Manhattan,40.792396,-73.942608698795,323,69,283
360610170001001,Manhattan,40.791411,-73.94331562720853,116,11,34
360610170002000,Manhattan,40.790759,-73.9438018125,436,11,336
360610170002001,Manhattan,40.7901015,-73.94428199999999,322,8,202
360610170003000,Manhattan,40.7897875,-73.94149748136843,156,5,101
360610170003001,Manhattan,40.789128999999996,-73.9419750290909,119,26,50
360610170004000,Manhattan,40.790802,-73.93986766156462,10,0,1
360610170004001,Manhattan,40.7911565,-73.9409406553421,8,2,5
360610170004002,Manhattan,40.790372999999995,-73.94076709042791,3,0,3
360610170005000,Manhattan,40.791773,-73.94017661032387,153,11,48
360610171001000,Manhattan,40.787672,-73.9760395464314,258,72,138
360610171001001,Manhattan,40.7870245,-73.97654896158963,194,10,72
360610171002000,Manhattan,40.786395999999996,-73.97702067941026,235,124,103
360610171002001,Manhattan,40.785760999999994,-73.97748643138436,295,62,121
360610171002002,Manhattan,40.7863595,-73.9789054666173,141,14,65
360610171003000,Manhattan,40.7882575,-73.97743339308576,360,28,165
360610171003001,Manhattan,40.787611999999996,-73.9779424304819,57,39,37
360610171003002,Manhattan,40.786993499999994,-73.97843684852101,278,4,142
360610171004000,Manhattan,40.7884535,-73.9799467899704,134,88,99
360610171005000,Manhattan,40.787728,-73.98016917854616,55,39,35
360610171005001,Manhattan,40.7873175,-73.98070008590734,142,87,87
360610171006000,Manhattan,40.7890675,-73.97935410275056,305,122,227
360610172001000,Manhattan,40.795421,-73.94291228082625,53,4,22
360610172001001,Manhattan,40.7960955,-73.94452455447554,316,0,280
360610172001002,Manhattan,40.7954515,-73.94499415797006,75,0,45
360610172001003,Manhattan,40.7947845,-73.94337648259258,71,14,31
360610172002000,Manhattan,40.7948355,-73.94544612957066,34,33,32
360610172002001,Manhattan,40.7942065,-73.94590580386955,4,4,2
360610172003000,Manhattan,40.793575,-73.94636479800266,5,5,4
360610172003001,Manhattan,40.7929245,-73.94684004613462,482,6,410
360610172003002,Manhattan,40.79225099999999,-73.94733305039122,89,0,64
360610172004000,Manhattan,40.792897499999995,-73.94475335927729,69,16,27
360610172004001,Manhattan,40.79190749999999,-73.9449535,55,8,18
360610172004002,Manhattan,40.79190749999999,-73.946002,142,32,62
360610172005000,Manhattan,40.794156,-73.94383576511336,148,8,48
360610172005001,Manhattan,40.79352,-73.94429712711687,29,12,4
360610173001000,Manhattan,40.787425,-73.97334927729949,457,93,288
360610173002000,Manhattan,40.7880765,-73.97287201833964,171,72,92
360610173003000,Manhattan,40.789334,-73.97195497728961,659,27,358
360610173003001,Manhattan,40.788705,-73.97241418433303,225,20,139
360610173004000,Manhattan,40.788273000000004,-73.96942341359359,457,19,337
360610173005000,Manhattan,40.787507500000004,-73.96957343584427,224,68,154
360610173006000,Manhattan,40.7868795,-73.97003257802075,190,37,96
360610173007000,Manhattan,40.786328,-73.97074846279219,260,52,188
360610174011000,Manhattan,40.795503999999994,-73.94706749373475,30,29,28
360610174011001,Manhattan,40.794886500000004,-73.94751945211073,121,0,106
360610174011002,Manhattan,40.79392,-73.94822542012578,165,0,138
360610174012000,Manhattan,40.7949375,-73.94958482519536,233,166,69
360610174012001,Manhattan,40.794624999999996,-73.95033983918128,380,65,264
360610174013000,Manhattan,40.796424,-73.94889479612546,72,23,45
360610174013001,Manhattan,40.7955645,-73.94912654737655,96,7,46
360610174021000,Manhattan,40.7967805,-73.946135740382,1,0,0
360610174021001,Manhattan,40.797464,-73.94774599738105,91,19,58
360610174021002,Manhattan,40.7968535,-73.94821576656854,252,4,137
360610174021003,Manhattan,40.7961375,-73.94660645311038,24,2,9
360610175001000,Manhattan,40.791595,-73.97732765907917,69,32,43
360610175001004,Manhattan,40.7910985,-73.97808682009594,85,28,47
360610175002000,Manhattan,40.790384,-73.97834325027237,424,71,298
360610175003000,Manhattan,40.789654,-73.97863430660377,278,80,148
360610175004000,Manhattan,40.790828,-73.97550697010925,118,21,49
360610175004001,Manhattan,40.7901995,-73.97596504009653,88,20,56
360610175005000,Manhattan,40.789572,-73.97642260285096,100,42,37
360610175005001,Manhattan,40.788921,-73.97690500322474,134,38,81
360610175006000,Manhattan,40.7902285,-73.97408648767886,163,43,69
360610175006001,Manhattan,40.7896005,-73.97454549687836,185,35,81
360610175007000,Manhattan,40.788975,-73.97500590017933,241,32,151
360610175007001,Manhattan,40.788337,-73.97551107654715,108,7,45
360610177001000,Manhattan,40.79131649999999,-73.96886329985281,67,22,34
360610177001001,Manhattan,40.791284499999996,-73.9707509301535,557,11,269
360610177002000,Manhattan,40.791913,-73.97028520763254,113,21,78
360610177003000,Manhattan,40.790598,-73.97063643073002,114,71,81
360610177003001,Manhattan,40.790491,-73.9725403410543,25,8,15
360610177003002,Manhattan,40.790378,-73.97110343262257,435,14,337
360610177004000,Manhattan,40.789711999999994,-73.97090908383815,120,12,83
360610177005000,Manhattan,40.789390999999995,-73.96820415768576,193,26,114
360610177005001,Manhattan,40.7883005,-73.96754639801608,224,58,179
360610177006000,Manhattan,40.7888985,-73.96897127372603,92,25,49
360610177007000,Manhattan,40.7906465,-73.96727953368323,287,24,210
360610177008000,Manhattan,40.7899285,-73.96753515298465,468,59,320
360610178001000,Manhattan,40.797149,-73.93310023385285,59,5,29
360610178001001,Manhattan,40.796519499999995,-73.9335561515119,19,6,3
360610178002000,Manhattan,40.796049499999995,-73.9339081249198,55,4,14
360610178002001,Manhattan,40.795722,-73.93418083609896,34,12,22
360610178002002,Manhattan,40.79518349999999,-73.9345313499635,43,1,24
360610178003000,Manhattan,40.795559999999995,-73.93128005898876,525,50,149
360610178003005,Manhattan,40.79408599999999,-73.93274869243422,347,0,298
360610178003006,Manhattan,40.794537,-73.93500378193754,53,6,31
360610179001000,Manhattan,40.7941105,-73.97542271510505,67,24,45
360610179002000,Manhattan,40.7933935,-73.97565340851065,303,31,228
360610179003000,Manhattan,40.79271,-73.97608340663585,101,55,60
360610179003001,Manhattan,40.792095,-73.97656136983471,275,45,228
360610179004000,Manhattan,40.793338999999996,-73.973677514222,75,39,39
360610179004001,Manhattan,40.7927105,-73.97413498847376,157,29,116
360610179005000,Manhattan,40.7921945,-73.97452869379185,254,5,152
360610179005001,Manhattan,40.791955,-73.97497784690687,14,10,12
360610179005002,Manhattan,40.7914535,-73.97504949880508,72,22,44
360610179006000,Manhattan,40.792739,-73.97225552742108,205,33,130
360610179006001,Manhattan,40.792111500000004,-73.97271302464227,81,22,32
360610179007000,Manhattan,40.791586499999994,-73.97294345025082,244,2,111
360610179007001,Manhattan,40.791287999999994,-73.97333975179211,78,4,17
360610179007002,Manhattan,40.790856,-73.97362753047882,404,32,195
360610180001000,Manhattan,40.7936435,-73.93868320747282,107,11,42
360610180001001,Manhattan,40.793002,-73.93914977981021,10,0,0
360610180001002,Manhattan,40.792367,-73.93960997431174,127,6,56
360610180002000,Manhattan,40.794613999999996,-73.94098989833215,39,8,9
360610180002001,Manhattan,40.793974999999996,-73.94145561476996,171,5,94
360610180002002,Manhattan,40.793338,-73.94191725204732,170,1,135
360610180003000,Manhattan,40.7955665,-73.94029175467017,31,0,19
360610180005000,Manhattan,40.795473,-73.9372234249233,49,46,45
360610180005001,Manhattan,40.7945825,-73.93799551588313,68,0,57
360610181001000,Manhattan,40.793006500000004,-73.96892636430152,301,43,146
360610181002000,Manhattan,40.792469,-73.96966370441038,719,49,559
360610181003000,Manhattan,40.7937065,-73.96845910353665,880,32,579
360610181004000,Manhattan,40.791276499999995,-73.96682294695857,97,64,68
360610181005000,Manhattan,40.79192449999999,-73.96635101648027,135,69,81
360610181006000,Manhattan,40.792499,-73.96559399793185,80,37,50
360610182001000,Manhattan,40.7994855,-73.94204652342984,24,14,14
360610182001001,Manhattan,40.799150499999996,-73.94229550529599,33,0,3
360610182001002,Manhattan,40.7989665,-73.94295779545455,81,3,29
360610182002000,Manhattan,40.800585,-73.9412459795022,232,0,200
360610182002001,Manhattan,40.79995649999999,-73.9417045387994,48,0,17
360610182003000,Manhattan,40.7999065,-73.93963462391244,60,0,43
360610182003001,Manhattan,40.799276500000005,-73.94009391751409,25,20,12
360610182003002,Manhattan,40.7986995,-73.94018226849053,106,2,24
360610182003003,Manhattan,40.7984005,-73.94064497378139,165,38,88
360610182003004,Manhattan,40.797602499999996,-73.94079529446063,121,10,11
360610182004000,Manhattan,40.796448,-73.94216050215763,192,20,130
360610182005000,Manhattan,40.797334,-73.94362003217822,75,42,49
360610183001000,Manhattan,40.79654549999999,-73.97317992855864,48,19,40
360610183001009,Manhattan,40.7955905,-73.97348579112271,252,68,192
360610183002000,Manhattan,40.795359499999996,-73.97450065088941,49,21,15
360610183003000,Manhattan,40.7944155,-73.97429293694144,26,9,17
360610183003001,Manhattan,40.794861499999996,-73.97534371925681,54,42,27
360610183004000,Manhattan,40.795946,-73.97177649022638,278,39,81
360610183004001,Manhattan,40.795291,-73.97225292945464,112,36,54
360610183005000,Manhattan,40.79461499999999,-73.9727446196192,66,10,15
360610183005001,Manhattan,40.793813,-73.97285078093836,184,23,86
360610183005002,Manhattan,40.794104,-73.97355454088425,11,7,4
360610183006000,Manhattan,40.795345499999996,-73.97035551008847,146,32,60
360610183006001,Manhattan,40.794693499999994,-73.97082905126152,183,17,89
360610183007000,Manhattan,40.7940155,-73.97132489418777,244,87,109
360610183007001,Manhattan,40.7933665,-73.97179851076555,191,7,85
360610184001000,Manhattan,40.801944999999996,-73.94447201193796,216,4,176
360610184002000,Manhattan,40.800664,-73.94484831862403,6,0,3
360610184002002,Manhattan,40.79997349999999,-73.94591102357263,44,14,14
360610184003000,Manhattan,40.7984955,-73.9469890721393,199,46,153
360610184004000,Manhattan,40.798432,-73.94492863818564,167,0,125
360610184004001,Manhattan,40.7974665,-73.94563448398205,53,3,14
360610184005000,Manhattan,40.801266,-73.9428600191458,38,15,20
360610184005001,Manhattan,40.800638,-73.94331952520466,87,2,41
360610184005002,Manhattan,40.800164499999994,-73.94365998874966,26,0,7
360610184005003,Manhattan,40.7999355,-73.94416184555254,112,21,62
360610184005004,Manhattan,40.799298,-73.94429847925608,25,0,4
360610185001000,Manhattan,40.7941485,-73.96472769212741,355,46,130
360610185002000,Manhattan,40.7950845,-73.96775744538272,1527,168,703
360610185003000,Manhattan,40.793098,-73.9651212751662,55,36,44
360610186001000,Manhattan,40.799446,-73.9483090425,12,0,4
360610186002000,Manhattan,40.7982995,-73.9497347590406,280,6,231
360610186002001,Manhattan,40.79789149999999,-73.95116405326897,125,3,58
360610186003000,Manhattan,40.8004415,-73.94982264348171,55,55,54
360610186003001,Manhattan,40.7993095,-73.95044233571429,2,0,2
360610187001000,Manhattan,40.799109,-73.97147691508228,28,9,17
360610187001005,Manhattan,40.7985105,-73.97201583904376,71,32,49
360610187002000,Manhattan,40.7978515,-73.97240040213777,101,71,74
360610187002001,Manhattan,40.7975395,-73.97309081461434,52,33,33
360610187003000,Manhattan,40.79846,-73.96994087416817,96,15,32
360610187003001,Manhattan,40.7978265,-73.97039811408408,174,0,79
360610187004000,Manhattan,40.797205,-73.97085954719901,160,94,121
360610187004001,Manhattan,40.7965815,-73.97131787900737,147,53,74
360610187005000,Manhattan,40.797854,-73.9685162563252,150,10,30
360610187005001,Manhattan,40.7972345,-73.96897879540724,62,26,33
360610187006000,Manhattan,40.7966225,-73.96942738624779,192,20,74
360610187006001,Manhattan,40.7959755,-73.96989608831484,114,59,58
360610188001000,Manhattan,40.7981195,-73.93540513702348,40,1,9
360610188001001,Manhattan,40.7974945,-73.93586825340887,115,0,93
360610188002000,Manhattan,40.7968285,-73.93631430131802,77,22,33
360610188002001,Manhattan,40.7960815,-73.93667578465005,171,18,92
360610188003000,Manhattan,40.7978705,-73.93822329756873,40,2,1
360610188003001,Manhattan,40.797672999999996,-73.93880594619881,19,5,0
360610188003002,Manhattan,40.7970805,-73.93902998072917,228,1,115
360610188004000,Manhattan,40.799094,-73.93771118654158,40,15,20
360610188004001,Manhattan,40.798466000000005,-73.93817141596195,201,3,71
360610189001000,Manhattan,40.798013,-73.96100864002679,39,9,33
360610189001001,Manhattan,40.7973535,-73.96147967563391,47,35,40
360610189001002,Manhattan,40.796729,-73.96193203919496,88,30,54
360610189002000,Manhattan,40.796100499999994,-73.9623949439382,144,10,21
360610189002001,Manhattan,40.7954715,-73.96285202892653,28,13,24
360610189002002,Manhattan,40.7948195,-73.96333092214353,67,25,27
360610189003000,Manhattan,40.797316499999994,-73.96336505022686,45,0,25
360610189003002,Manhattan,40.7953305,-73.96464130547338,55,5,7
360610189004000,Manhattan,40.798609,-73.9624201175036,102,20,70
360610189004001,Manhattan,40.797952499999994,-73.96291214679289,62,4,21
360610189005000,Manhattan,40.79950049999999,-73.96453717355888,732,24,451
360610189005001,Manhattan,40.7988875,-73.96511169340016,141,4,114
360610189006000,Manhattan,40.7982295,-73.9659428647791,109,0,67
360610189006002,Manhattan,40.7967345,-73.96655557088013,5393,4485,4862
360610190001000,Manhattan,40.8023795,-73.94550816234263,4,4,4
360610190001001,Manhattan,40.803062999999995,-73.94712383208578,40,9,13
360610190001002,Manhattan,40.80243,-73.94757130028725,384,0,323
360610190002000,Manhattan,40.80110499999999,-73.94654508571429,273,0,221
360610190002001,Manhattan,40.801867,-73.94826112274112,239,51,70
360610190002002,Manhattan,40.8011305,-73.94863934540398,124,32,76
360610191001004,Manhattan,40.801612999999996,-73.96956384029782,52,39,23
360610191001005,Manhattan,40.8009625,-73.97002752948467,82,42,48
360610191002000,Manhattan,40.800651,-73.97074810736677,38,21,18
360610191002001,Manhattan,40.79970349999999,-73.97094399968552,133,35,55
360610191003000,Manhattan,40.80115549999999,-73.96840708160185,236,108,154
360610191003001,Manhattan,40.800421,-73.9687256046107,131,42,63
360610191004000,Manhattan,40.799744,-73.9690810079947,76,25,29
360610191004001,Manhattan,40.79909,-73.96948975304751,143,76,103
360610191005000,Manhattan,40.8007845,-73.96724124000556,121,14,32
360610191005001,Manhattan,40.800149,-73.96761055525965,99,16,30
360610191006000,Manhattan,40.7994595,-73.96790514807975,155,18,49
360610191006001,Manhattan,40.7984895,-73.96806061729856,123,117,112
360610192001002,Manhattan,40.79982,-73.93008181194114,1052,30,868
360610192001003,Manhattan,40.796910499999996,-73.93055621498299,325,0,259
360610192001004,Manhattan,40.797757,-73.93255763135593,54,3,17
360610192002000,Manhattan,40.799358999999995,-73.93178329214558,211,11,128
360610192003000,Manhattan,40.7983505,-73.93057796233859,65,65,61
360610193001000,Manhattan,40.800444999999996,-73.95867641524703,9,0,0
360610193001001,Manhattan,40.800701,-73.95944554628052,18,0,4
360610193001002,Manhattan,40.799967499999994,-73.95957298637325,27,13,12
360610193002000,Manhattan,40.7993405,-73.96003000999355,16,2,1
360610193002001,Manhattan,40.7986865,-73.96050751431719,99,35,24
360610193003000,Manhattan,40.7999365,-73.9614519191189,56,8,18
360610193003001,Manhattan,40.7992845,-73.96192609888888,50,13,29
360610193004000,Manhattan,40.801279,-73.96065667915397,94,13,35
360610193004001,Manhattan,40.80056449999999,-73.9609910638449,63,54,34
360610193005000,Manhattan,40.8020865,-73.96269017932227,99,54,54
360610193005001,Manhattan,40.8014565,-73.96310815676122,75,5,25
360610193006000,Manhattan,40.800827,-73.96356603012825,230,3,153
360610193006001,Manhattan,40.80017599999999,-73.96404382261045,139,6,59
360610194001000,Manhattan,40.800309999999996,-73.93376378746802,263,1,234
360610194002000,Manhattan,40.798764500000004,-73.93494637553502,49,9,7
360610194002001,Manhattan,40.799724999999995,-73.93725473930716,182,5,126
360610194003000,Manhattan,40.800882,-73.93610367364658,176,2,93
360610194003001,Manhattan,40.800336,-73.93675789129298,254,10,141
360610194004000,Manhattan,40.802237,-73.93541645711028,721,116,454
360610194004001,Manhattan,40.801593999999994,-73.93584166022211,265,58,223
360610195001000,Manhattan,40.8038685,-73.96738617985892,86,47,42
360610195001005,Manhattan,40.803887,-73.96838808048211,580,5,450
360610195002001,Manhattan,40.8032505,-73.96884989896989,115,9,74
360610195002002,Manhattan,40.802306,-73.96907780351012,35,20,16
360610195003000,Manhattan,40.803381,-73.96576399563287,142,29,84
360610195003001,Manhattan,40.802747,-73.96616762634478,297,22,220
360610195004000,Manhattan,40.8020115,-73.96637230709487,433,52,246
360610195005000,Manhattan,40.8012625,-73.96630393403007,65,3,23
360610195005001,Manhattan,40.801665,-73.96743039125295,52,35,27
360610196001000,Manhattan,40.8030985,-73.93940880923287,123,0,66
360610196001001,Manhattan,40.802471999999995,-73.93986853462631,368,278,298
360610196002000,Manhattan,40.8017925,-73.93825747437273,16,0,10
360610196002001,Manhattan,40.8013565,-73.93918086266429,2,2,1
360610196002002,Manhattan,40.8018435,-73.94032570284374,37,6,28
360610196002004,Manhattan,40.8005335,-73.9391754030521,267,91,190
360610196002005,Manhattan,40.801026,-73.93838647764218,833,2,634
360610196003000,Manhattan,40.8043725,-73.93637249735906,122,14,39
360610196003001,Manhattan,40.8050515,-73.93798149048743,646,43,200
360610196003002,Manhattan,40.8043785,-73.93847500449353,382,17,251
360610196003003,Manhattan,40.803727499999994,-73.9389515283759,95,0,83
360610196003004,Manhattan,40.8030475,-73.93734051087317,67,0,38
360610196003005,Manhattan,40.80369949999999,-73.93686549898915,87,0,74
360610196003006,Manhattan,40.802420999999995,-73.93779960157333,75,2,44
360610197011000,Manhattan,40.806206,-73.95853656448182,2,0,0
360610197011001,Manhattan,40.804795999999996,-73.96127435758105,5,0,3
360610197011002,Manhattan,40.803417499999995,-73.96202712615607,723,16,286
360610197021000,Manhattan,40.803111,-73.95728495370948,95,27,52
360610197021002,Manhattan,40.802479,-73.95773318445839,38,9,27
360610197021003,Manhattan,40.801851,-73.95819249440893,19,16,12
360610197021004,Manhattan,40.801193999999995,-73.95867159156548,83,46,49
360610198001000,Manhattan,40.8057335,-73.93959501126062,41,1,11
360610198001001,Manhattan,40.80641249999999,-73.94120948872802,714,18,469
360610198001002,Manhattan,40.8057405,-73.94170008675462,33,3,10
360610198001003,Manhattan,40.80506,-73.94010094485293,44,5,25
360610198001004,Manhattan,40.8044165,-73.94059118541702,56,3,52
360610198001005,Manhattan,40.803793,-73.94104631326753,32,4,18
360610198001006,Manhattan,40.80316,-73.94150638463252,11,2,8
360610198001007,Manhattan,40.80253,-73.94195138333853,47,0,41
360610198001008,Manhattan,40.801895,-73.94239987654478,5,5,2
360610198001009,Manhattan,40.80258,-73.94402325486374,121,16,70
360610199001000,Manhattan,40.806712,-73.96537968361059,134,0,18
360610199001001,Manhattan,40.806937,-73.96674879544243,21,10,16
360610199001006,Manhattan,40.806047,-73.96574611341012,134,10,58
360610199001007,Manhattan,40.806236999999996,-73.96697604712641,30,9,24
360610199002001,Manhattan,40.805528499999994,-73.96702247818791,513,15,328
360610199002002,Manhattan,40.804815999999995,-73.96708399019889,126,32,58
360610199003000,Manhattan,40.8052895,-73.96246639404961,41,0,21
360610199003001,Manhattan,40.805893,-73.96389053089962,11,1,9
360610199004000,Manhattan,40.804674,-73.96313227079183,267,6,246
360610199004001,Manhattan,40.8052615,-73.964337945151,296,136,211
360610199005000,Manhattan,40.804154,-73.96366112613893,16,11,10
360610199005001,Manhattan,40.804818999999995,-73.9647418329684,108,4,33
360610199005002,Manhattan,40.8045835,-73.96539454247574,54,36,18
360610199006000,Manhattan,40.803417499999995,-73.96388367371601,78,1,37
360610199006001,Manhattan,40.803954,-73.96517236666665,358,97,156
360610200001000,Manhattan,40.804551,-73.94675313998142,44,6,23
360610200001001,Manhattan,40.803588500000004,-73.94589811576705,35,9,20
360610200001002,Manhattan,40.803588500000004,-73.9468732431406,49,0,9
360610200002000,Manhattan,40.807430999999994,-73.94362710767473,2150,342,1628
360610200002001,Manhattan,40.8067855,-73.94418864977288,694,247,440
360610200002002,Manhattan,40.80643,-73.94537064368123,88,17,69
360610200002003,Manhattan,40.8058,-73.94584100936964,15,0,7
360610200002004,Manhattan,40.80517449999999,-73.94629522935118,55,3,23
360610201011000,Manhattan,40.80712,-73.95973042949834,25,12,15
360610201011001,Manhattan,40.806371999999996,-73.96054212822965,31,0,12
360610201011003,Manhattan,40.8052485,-73.96063504701121,54,21,37
360610201011004,Manhattan,40.805747,-73.95985909693877,28,4,18
360610201021000,Manhattan,40.805716,-73.95537100715421,244,94,184
360610201021001,Manhattan,40.805064,-73.95584793527065,172,60,95
360610201022000,Manhattan,40.804388,-73.95634245266271,86,9,28
360610201022001,Manhattan,40.803736,-73.95682146349478,21,2,5
360610201023000,Manhattan,40.804873,-73.95758973131119,11,7,4
360610201023001,Manhattan,40.804125,-73.95785306417974,17,15,16
360610201024000,Manhattan,40.8063135,-73.95679546568839,11,10,6
360610201024001,Manhattan,40.805651999999995,-73.95725597974169,10,6,2
360610203001000,Manhattan,40.8104495,-73.9588403643317,9,1,6
360610203001002,Manhattan,40.810145999999996,-73.96009320728643,2196,7,1077
360610203001003,Manhattan,40.810851,-73.96022440426138,2,0,0
360610203001004,Manhattan,40.811336499999996,-73.96091060514752,22,1,6
360610203001005,Manhattan,40.811018,-73.95972754442036,3,0,3
360610203002000,Manhattan,40.8085515,-73.96164894695772,31197,19,21974
360610205001003,Manhattan,40.812657,-73.9634866675269,30,20,8
360610205001005,Manhattan,40.812020499999996,-73.96317703733203,171,6,76
360610205001007,Manhattan,40.81136,-73.96210622222222,172,1,84
360610205001008,Manhattan,40.809321999999995,-73.96362211477677,2246,6,1072
360610205001010,Manhattan,40.810851,-73.96374228832752,1535,320,1178
360610205001011,Manhattan,40.809484,-73.96478072499266,30,9,14
360610205002001,Manhattan,40.8081465,-73.96580925674641,95,10,32
360610205002002,Manhattan,40.808121,-73.96478116239317,5,1,2
360610205002003,Manhattan,40.807938,-73.96428620673076,48,5,17
360610205003000,Manhattan,40.807165499999996,-73.96515035383077,258,10,153
360610205003001,Manhattan,40.807475,-73.96546273661852,17,0,14
360610205003002,Manhattan,40.8077415,-73.96634739473063,32,13,23
360610206001000,Manhattan,40.8101925,-73.93845107804437,10,3,2
360610206001001,Manhattan,40.8095535,-73.93891493122146,44,0,39
360610206001002,Manhattan,40.8089305,-73.93937107421704,21,0,5
360610206001003,Manhattan,40.808307,-73.93982652738931,22,8,13
360610206001004,Manhattan,40.807683999999995,-73.94028288503611,296,219,202
360610206001005,Manhattan,40.807062,-73.94073663434409,5,3,3
360610206002000,Manhattan,40.809514,-73.93684965230088,9,0,3
360610206002001,Manhattan,40.8088805,-73.9373015482752,796,39,565
360610206002002,Manhattan,40.808387999999994,-73.93755179528719,6,0,3
360610206002003,Manhattan,40.8080885,-73.9378682274687,8,0,1
360610206002004,Manhattan,40.807627,-73.93821395126544,46,1,19
360610206002005,Manhattan,40.807005000000004,-73.93866908228395,213,0,163
360610206002006,Manhattan,40.806381,-73.93912285370499,1,1,0
360610207011000,Manhattan,40.8087125,-73.95863177261157,34,0,9
360610207011001,Manhattan,40.8080865,-73.9590275101092,50,8,12
360610207012000,Manhattan,40.810044,-73.95789944117142,118,2,109
360610207012001,Manhattan,40.8093305,-73.9578780087921,7,7,6
360610207012002,Manhattan,40.8096125,-73.9586919371302,82,1,10
360610208001000,Manhattan,40.811212,-73.94087442888767,19,4,2
360610208001001,Manhattan,40.8105755,-73.94133387232505,16,8,8
360610208002000,Manhattan,40.81012749999999,-73.94175720350125,10,0,4
360610208002001,Manhattan,40.809847999999995,-73.94207955108061,67,0,20
360610208002002,Manhattan,40.80936799999999,-73.94234438215815,29,7,5
360610208003000,Manhattan,40.808702499999995,-73.94269944968252,183,30,103
360610208003001,Manhattan,40.8080795,-73.94315527467921,86,4,34
360610209011000,Manhattan,40.812633,-73.95500769191523,391,44,202
360610209011001,Manhattan,40.811406,-73.95305668445266,338,41,247
360610209011002,Manhattan,40.81056649999999,-73.95332620745921,195,94,101
360610209011003,Manhattan,40.8105275,-73.95400577564102,33,0,11
360610209011004,Manhattan,40.810079,-73.95402398580129,9,1,7
360610209012000,Manhattan,40.811494499999995,-73.9561513511947,515,15,397
360610209012001,Manhattan,40.811181,-73.95428927046385,100,100,87
360610210001004,Manhattan,40.814618499999995,-73.9351527578751,52,23,32
360610210002002,Manhattan,40.812566000000004,-73.9351710448718,5,2,4
360610210003000,Manhattan,40.811749999999996,-73.93731530659448,44,17,32
360610210004003,Manhattan,40.810862,-73.93600776474005,41,41,38
360610210005002,Manhattan,40.812706999999996,-73.93466350641026,1,0,0
360610210006000,Manhattan,40.8132575,-73.93633825733616,36,15,14
360610211001006,Manhattan,40.81408449999999,-73.96129381507731,127,28,96
360610211002000,Manhattan,40.816284499999995,-73.95966202241917,139,4,23
360610211003000,Manhattan,40.814752,-73.9596243215892,218,59,111
360610211003001,Manhattan,40.813115999999994,-73.96081976649484,938,34,238
360610211004000,Manhattan,40.81495099999999,-73.95808965566769,63,0,9
360610211004001,Manhattan,40.8140955,-73.95896159046052,54,54,52
360610211006000,Manhattan,40.812102499999995,-73.95765235611512,96,12,51
360610211006001,Manhattan,40.8125985,-73.95917698011363,73,56,58
360610211007000,Manhattan,40.811246499999996,-73.9587499833747,96,3,24
360610211007001,Manhattan,40.8118515,-73.96018287906927,235,32,149
360610212001000,Manhattan,40.815675,-73.93761013448275,57,3,28
360610212001001,Manhattan,40.815014,-73.93801391544116,208,13,129
360610212002000,Manhattan,40.814342999999994,-73.93836877095046,2895,7,2688
360610212002001,Manhattan,40.813781999999996,-73.93904718427518,100,0,78
360610212003000,Manhattan,40.811817999999995,-73.94040641851461,125,22,39
360610212004000,Manhattan,40.8127815,-73.93971990776178,230,55,143
360610213031000,Manhattan,40.818073,-73.95215491042669,668,1,391
360610213031001,Manhattan,40.816812999999996,-73.95316347240947,43,0,25
360610213031002,Manhattan,40.8154035,-73.95334447229382,8,8,6
360610213032000,Manhattan,40.8146845,-73.95350637546125,37,11,32
360610213032001,Manhattan,40.814393499999994,-73.95426625793189,28,1,17
360610213032002,Manhattan,40.813849,-73.95470084743202,211,88,175
360610213032003,Manhattan,40.813123,-73.954494711146,143,16,113
360610213033000,Manhattan,40.8146845,-73.95253778510758,22,7,7
360610213033001,Manhattan,40.813933,-73.95264471641791,41,35,28
360610213034000,Manhattan,40.812445499999995,-73.95159609553062,75,40,49
360610213034001,Manhattan,40.812816,-73.95249353941149,16,15,6
360610213034002,Manhattan,40.812183499999996,-73.95268780770964,2,0,0
360610214001001,Manhattan,40.818143000000006,-73.93579004186992,105,16,55
360610214001002,Manhattan,40.81704499999999,-73.93530618683667,11,1,6
360610214001003,Manhattan,40.8162365,-73.93606708987394,12,12,5
360610214002000,Manhattan,40.817232,-73.93746011122421,69,29,22
360610215001000,Manhattan,40.812642999999994,-73.9501112364816,36,0,5
360610215001001,Manhattan,40.8120555,-73.9506246893545,50,3,16
360610215001002,Manhattan,40.8111425,-73.95092582637795,23,2,4
360610215002000,Manhattan,40.815760999999995,-73.94786445835942,18,6,10
360610215002001,Manhattan,40.814500499999994,-73.94867468553323,42,15,15
360610216001000,Manhattan,40.801125,-73.95206448341233,33,9,17
360610216001001,Manhattan,40.8000195,-73.95180548428232,17,4,2
360610216001002,Manhattan,40.799229499999996,-73.95206439311053,7,0,3
360610216001004,Manhattan,40.7992175,-73.95384833812103,79,23,36
360610216002000,Manhattan,40.799421499999994,-73.95292049466536,31,5,9
360610216003000,Manhattan,40.801409,-73.95319800677748,13,7,2
360610216003001,Manhattan,40.800250999999996,-73.95295409964413,33,4,16
360610216004000,Manhattan,40.80220249999999,-73.95512818376216,97,25,50
360610216004001,Manhattan,40.801573,-73.95558609957777,448,17,333
360610216005000,Manhattan,40.8009455,-73.9560458043891,18,6,2
360610216005001,Manhattan,40.8002515,-73.95630597113805,14,10,10
360610217031003,Manhattan,40.8196095,-73.94892689675926,276,0,242
360610217031004,Manhattan,40.820201,-73.9503826874074,682,560,294
360610217031006,Manhattan,40.81627949999999,-73.95128709756096,251,60,225
360610218001000,Manhattan,40.803614499999995,-73.95038148982421,31,12,16
360610218001001,Manhattan,40.802960999999996,-73.95085582679465,285,21,135
360610218002000,Manhattan,40.8021925,-73.95113734063412,135,23,39
360610218002002,Manhattan,40.802139,-73.95294713796943,4,0,3
360610218002003,Manhattan,40.8019455,-73.95209504810497,20,16,13
360610218003000,Manhattan,40.803483,-73.9541969033174,255,9,132
360610218003001,Manhattan,40.802824,-73.95466909055418,345,23,266
360610218004000,Manhattan,40.80435799999999,-73.95221300500889,5,5,4
360610218004001,Manhattan,40.804609,-73.95322963907284,446,12,347
360610218004002,Manhattan,40.803816499999996,-73.95331715859766,185,14,80
360610218004003,Manhattan,40.803670499999996,-73.95244426116003,4,0,3
360610219001000,Manhattan,40.81909,-73.95767426531253,3,0,2
360610219001003,Manhattan,40.819320000000005,-73.96073534730539,1,1,0
360610219001004,Manhattan,40.819376,-73.96041998324222,1,0,0
360610219001005,Manhattan,40.8184665,-73.95812995876977,18,14,7
360610219001007,Manhattan,40.818161,-73.96093102557252,18,0,7
360610219001009,Manhattan,40.818338,-73.96140500041503,1,1,0
360610219001011,Manhattan,40.817482999999996,-73.95931196218487,48,0,25
360610219001012,Manhattan,40.817834,-73.95857489448828,189,6,147
360610219001014,Manhattan,40.81725899999999,-73.95990585294116,63,0,35
360610219001016,Manhattan,40.815935999999994,-73.95768329070424,213,31,121
360610219001017,Manhattan,40.8145135,-73.95664569468235,537,10,403
360610219002000,Manhattan,40.8185295,-73.95392763366087,26,6,4
360610219002001,Manhattan,40.818641,-73.95517242082786,44,1,6
360610219002002,Manhattan,40.817902,-73.9560650894438,249,0,205
360610219003000,Manhattan,40.8180565,-73.95484922385427,32,0,21
360610219003001,Manhattan,40.8166805,-73.95531864577562,30,2,9
360610219004000,Manhattan,40.815976,-73.95607452206946,255,0,234
360610219004002,Manhattan,40.8148,-73.9557515174875,5,0,4
360610220001000,Manhattan,40.806126,-73.94854761930509,177,9,136
360610220001001,Manhattan,40.805391,-73.94874716583551,23,15,19
360610220002000,Manhattan,40.804978,-73.95020558132272,52,18,22
360610220002001,Manhattan,40.805026999999995,-73.94934502278056,12,9,5
360610220002002,Manhattan,40.804241499999996,-73.94992145899232,60,5,21
360610220003000,Manhattan,40.805895,-73.95157460033744,36,34,26
360610220004001,Manhattan,40.806531,-73.95333693014317,99,5,41
360610220004002,Manhattan,40.805376499999994,-73.95318372654393,74,0,28
360610220004003,Manhattan,40.805378000000005,-73.95221151840855,9,2,0
360610220005000,Manhattan,40.807294999999996,-73.95132123048418,84,34,37
360610220005001,Manhattan,40.8065675,-73.95154266886544,164,14,126
360610221021000,Manhattan,40.8202745,-73.94469542149758,304,0,272
360610221021001,Manhattan,40.820724,-73.94579935788818,4,1,3
360610221021002,Manhattan,40.820074999999996,-73.94618850445957,21,0,7
360610221021003,Manhattan,40.8194185,-73.9465789050404,24,0,3
360610221021004,Manhattan,40.8190265,-73.94560443855386,14,3,3
360610221021005,Manhattan,40.8196505,-73.94514808484033,10,0,4
360610221022000,Manhattan,40.818402,-73.94606050816643,7,5,3
360610221022001,Manhattan,40.8187705,-73.9469672925361,1,0,0
360610221022002,Manhattan,40.8181175,-73.94735959807875,4,0,0
360610221022003,Manhattan,40.81778,-73.94651937651612,4,3,0
360610221022004,Manhattan,40.8171295,-73.94699450635073,174,2,144
360610221022006,Manhattan,40.816438,-73.94745927313566,82,25,46
360610222001000,Manhattan,40.809906999999995,-73.94950207047995,773,88,534
360610222001001,Manhattan,40.809231,-73.9499936792956,737,90,438
360610222001002,Manhattan,40.808578,-73.95047207781101,226,14,164
360610222001003,Manhattan,40.807953,-73.95093325304107,51,23,24
360610222002000,Manhattan,40.80870899999999,-73.9466615444338,1063,132,579
360610222002001,Manhattan,40.80803349999999,-73.94715094257877,740,5,358
360610222002002,Manhattan,40.807383,-73.9476295852428,95,11,33
360610222002003,Manhattan,40.8067545,-73.94808968212737,48,19,20
360610223011000,Manhattan,40.8191515,-73.95380894930038,163,6,80
360610223012000,Manhattan,40.8206605,-73.95264051054936,235,1,130
360610223012002,Manhattan,40.8198565,-73.95344611678706,144,32,28
360610223013000,Manhattan,40.822126499999996,-73.95489075025567,51,11,19
360610223013001,Manhattan,40.8219595,-73.95688363484086,2,0,2
360610223013002,Manhattan,40.822002499999996,-73.95766130974316,153,0,134
360610223013005,Manhattan,40.8215345,-73.95543824291228,43,14,5
360610223014000,Manhattan,40.821008,-73.9561734099345,71,33,22
360610223021000,Manhattan,40.8207125,-73.95867993305085,7,2,7
360610223022000,Manhattan,40.819869,-73.95687212499999,590,30,463
360610224001000,Manhattan,40.8112255,-73.94482861856713,105,17,47
360610224001001,Manhattan,40.810598999999996,-73.94527786702926,160,56,87
360610224002000,Manhattan,40.809985,-73.94573495970512,379,41,191
360610224002001,Manhattan,40.809355999999994,-73.9461841058619,129,17,59
360610224002002,Manhattan,40.810427,-73.94871262936772,240,2,199
360610224003000,Manhattan,40.812526500000004,-73.94700518233742,442,40,288
360610224003001,Manhattan,40.813115499999995,-73.94846956531882,48,0,20
360610224004000,Manhattan,40.8114935,-73.94834545148426,13,0,7
360610225001005,Manhattan,40.8246245,-73.95309342512776,37,6,11
360610225001006,Manhattan,40.824006499999996,-73.95356709532032,45,26,23
360610225002000,Manhattan,40.823398999999995,-73.95405719000877,44,12,22
360610225002001,Manhattan,40.822759500000004,-73.95445905455828,31,21,3
360610225003000,Manhattan,40.8237455,-73.9510008229603,42,2,22
360610225003001,Manhattan,40.823575,-73.95205077118644,53,8,16
360610225003002,Manhattan,40.8229565,-73.9525089657258,33,6,9
360610225003003,Manhattan,40.822096,-73.95292737146494,46,0,21
360610225004000,Manhattan,40.8232175,-73.94970602204131,50,45,26
360610225004001,Manhattan,40.8223615,-73.95015914059968,14,7,2
360610225005000,Manhattan,40.821759,-73.95063565934066,91,17,59
360610225005001,Manhattan,40.821571,-73.95164238074342,90,7,38
360610226001000,Manhattan,40.813586,-73.94267107585753,141,23,83
360610226001001,Manhattan,40.8128825,-73.94346949536197,129,10,69
360610226001002,Manhattan,40.813179500000004,-73.94320868740444,5,0,5
360610226001003,Manhattan,40.8127245,-73.94214959133984,8,0,2
360610226002000,Manhattan,40.812571,-73.94413551434974,61,27,40
360610226002001,Manhattan,40.81186099999999,-73.94441485792305,41,16,16
360610226003000,Manhattan,40.81478,-73.94550875938971,482,1,395
360610226003001,Manhattan,40.814294,-73.94678017282487,52,2,38
360610226003002,Manhattan,40.814294,-73.94581046808571,10,7,6
360610226003003,Manhattan,40.813787,-73.9470554056208,21,3,11
360610227001000,Manhattan,40.8246075,-73.94716037602319,26,1,8
360610227001001,Manhattan,40.8239605,-73.94763347453946,12,0,1
360610227001002,Manhattan,40.8233375,-73.9480855984077,107,0,45
360610227001003,Manhattan,40.8227135,-73.9485434824852,12,1,2
360610227001004,Manhattan,40.8220905,-73.94900198652641,15,5,5
360610227002000,Manhattan,40.822689999999994,-73.94598372037572,343,6,217
360610227002001,Manhattan,40.8230485,-73.94685416947115,16,4,4
360610227003000,Manhattan,40.823454,-73.9436586788413,33,3,12
360610227003001,Manhattan,40.8224005,-73.94498660314306,128,27,29
360610227003002,Manhattan,40.82234,-73.94412222589654,16,2,11
360610228001000,Manhattan,40.8163145,-73.94110561562448,27,4,6
360610228001001,Manhattan,40.815690000000004,-73.94156134470512,118,8,43
360610228002000,Manhattan,40.815039999999996,-73.9420334110329,69,6,7
360610228002001,Manhattan,40.814462,-73.94274185110802,247,5,153
360610228002002,Manhattan,40.8138555,-73.94150269417474,5,5,5
360610228003000,Manhattan,40.816238999999996,-73.94487699742992,99,25,52
360610228003001,Manhattan,40.815568,-73.94536715719063,291,6,230
360610228004000,Manhattan,40.817513000000005,-73.9439485,83,25,57
360610228004001,Manhattan,40.8168885,-73.94440542500428,28,20,18
360610229001000,Manhattan,40.8270725,-73.95095825378795,10,6,2
360610229001001,Manhattan,40.82608,-73.95120838447251,78,19,15
360610229002000,Manhattan,40.823772,-73.94904131793683,5,2,0
360610229002001,Manhattan,40.82429449999999,-73.95036816322289,76,4,59
360610229003000,Manhattan,40.826167,-73.94878356003655,158,1,54
360610229003001,Manhattan,40.825495,-73.94927209431661,145,36,60
360610229004001,Manhattan,40.82485,-73.94974909705901,192,40,111
360610229005000,Manhattan,40.8260995,-73.95322613562465,2391,2,1265
360610229005001,Manhattan,40.826558500000004,-73.95375052552765,1,0,0
360610229005004,Manhattan,40.8252245,-73.95254455012743,85,24,41
360610229005005,Manhattan,40.825776499999996,-73.95194820729233,31,19,17
360610230001000,Manhattan,40.818889,-73.9394773451421,36,12,8
360610230002000,Manhattan,40.8175645,-73.94018956921485,137,15,40
360610230002001,Manhattan,40.8169445,-73.94065041538344,283,2,118
360610230003000,Manhattan,40.818759,-73.9430379529451,110,7,69
360610230003001,Manhattan,40.8181355,-73.94349167007928,302,256,105
360610230004000,Manhattan,40.8200075,-73.94212742565392,40,0,21
360610230004001,Manhattan,40.819385,-73.94258288359626,83,4,34
360610230005000,Manhattan,40.818267999999996,-73.93993219743808,50,1,19
360610231001000,Manhattan,40.827796,-73.94482271323923,21,7,9
360610231001001,Manhattan,40.8271745,-73.94528347155062,3,3,0
360610231001002,Manhattan,40.82655,-73.94574000784719,3,2,1
360610231001003,Manhattan,40.825925999999995,-73.94619646960766,37,8,15
360610231001004,Manhattan,40.8252775,-73.9466676569383,166,0,115
360610231002001,Manhattan,40.82727,-73.94355920737327,10,5,6
360610231002002,Manhattan,40.826608,-73.94393360416666,21,16,2
360610231002003,Manhattan,40.825952,-73.94431648745075,15,1,3
360610231002004,Manhattan,40.825327,-73.94477199710192,1,0,1
360610231002005,Manhattan,40.824678500000005,-73.94524488237329,11,7,6
360610231004000,Manhattan,40.8254295,-73.94314362152777,124,31,54
360610232001000,Manhattan,40.8213715,-73.9374086972832,44,25,9
360610232001001,Manhattan,40.8207015,-73.93789600299675,207,10,61
360610232002000,Manhattan,40.820055999999994,-73.93837283000258,22,14,10
360610232002001,Manhattan,40.819384,-73.93871744438593,36,13,4
360610232003000,Manhattan,40.8212535,-73.94121602564827,60,2,46
360610232003001,Manhattan,40.820629499999995,-73.94167062059293,289,0,241
360610232004000,Manhattan,40.8225665,-73.94023540833334,64,13,13
360610232004001,Manhattan,40.8219005,-73.94074319052683,120,18,41
360610233001000,Manhattan,40.8296225,-73.94908999094433,36,6,8
360610233001006,Manhattan,40.827693,-73.95038814930555,57,19,16
360610233001007,Manhattan,40.828309499999996,-73.94992325241546,37,3,11
360610233001008,Manhattan,40.828939,-73.94946884895539,43,6,5
360610233002000,Manhattan,40.8286885,-73.9469429048092,72,20,9
360610233002001,Manhattan,40.828063,-73.94739686382866,125,12,47
360610233003000,Manhattan,40.827441,-73.94785537951012,78,16,25
360610233003001,Manhattan,40.8268165,-73.9483109039347,242,11,181
360610234001000,Manhattan,40.825095,-73.93841755671407,15,8,7
360610234001001,Manhattan,40.825773,-73.93968719915253,1,0,0
360610234001002,Manhattan,40.8244725,-73.93886654450041,76,27,44
360610234002000,Manhattan,40.823848999999996,-73.93932388884144,518,16,366
360610234002001,Manhattan,40.823494999999994,-73.94042850719963,9,8,3
360610234002002,Manhattan,40.82289,-73.93899393400052,15,12,9
360610234002003,Manhattan,40.8219445,-73.93676027678572,5,0,0
360610235011000,Manhattan,40.829975,-73.94109141049383,37,3,31
360610235011001,Manhattan,40.82899,-73.94162866619317,3,2,0
360610235011002,Manhattan,40.82826849999999,-73.94203846069868,3,2,0
360610235011004,Manhattan,40.8279285,-73.94313712384482,17,2,4
360610235011005,Manhattan,40.827584,-73.94243014109634,5,0,0
360610235012000,Manhattan,40.8289015,-73.94358616771387,276,5,189
360610235012001,Manhattan,40.828711999999996,-73.94458053641456,11,6,3
360610235013001,Manhattan,40.830327999999994,-73.94258540173576,14,8,2
360610235013002,Manhattan,40.829542000000004,-73.9431666615008,81,6,52
360610235013003,Manhattan,40.8299315,-73.94263615170038,5,5,4
360610235015000,Manhattan,40.8286965,-73.94076433747725,42,27,23
360610235021000,Manhattan,40.82907,-73.93812694305274,46,23,18
360610235021001,Manhattan,40.82839800000001,-73.93853096023449,10,2,1
360610235021002,Manhattan,40.827766999999994,-73.93896543221987,4,2,0
360610235021003,Manhattan,40.827145,-73.93941616136698,12,10,5
360610235021004,Manhattan,40.82652,-73.93987189196153,12,4,0
360610236001000,Manhattan,40.8283975,-73.93649057411719,32,7,18
360610236001001,Manhattan,40.827754999999996,-73.93699962666665,9,0,0
360610236001002,Manhattan,40.827563999999995,-73.93798975666667,68,4,37
360610236001004,Manhattan,40.826167999999996,-73.93914005253176,10,5,7
360610236002003,Manhattan,40.826212,-73.93715574762159,9,0,0
360610236002004,Manhattan,40.825663999999996,-73.93783117362779,85,3,48
360610236003002,Manhattan,40.8258175,-73.93530555179959,3,3,3
360610236004000,Manhattan,40.8229975,-73.93631512911972,450,61,385
360610236005002,Manhattan,40.821287,-73.93505945597171,11,5,6
360610237001000,Manhattan,40.829937,-73.94603306153068,57,12,6
360610237001001,Manhattan,40.829311,-73.94648666964942,164,7,127
360610237002000,Manhattan,40.830904000000004,-73.94834356773471,42,10,19
360610237002001,Manhattan,40.830602999999996,-73.94908663125845,62,30,25
360610237003005,Manhattan,40.8317715,-73.94837941863786,65,53,57
360610237003006,Manhattan,40.830558499999995,-73.94557307352684,82,12,45
360610237003007,Manhattan,40.8315195,-73.94487445346235,9,4,2
360610238021000,Manhattan,40.7668285,-73.94691847014936,14,0,1
360610238021001,Manhattan,40.768814500000005,-73.94398029720449,6,4,4
360610238021002,Manhattan,40.763876999999994,-73.94842790139818,369,7,307
360610238021003,Manhattan,40.76647749999999,-73.94630723855549,340,70,269
360610238021004,Manhattan,40.765646,-73.94670859476534,14,0,7
360610238022001,Manhattan,40.765646,-73.94577738763702,14,0,7
360610238023000,Manhattan,40.770737999999994,-73.94194590723414,37,3,22
360610238031000,Manhattan,40.76373649999999,-73.94744616626375,9,3,6
360610238031001,Manhattan,40.762136999999996,-73.94884943486485,82,37,39
360610238032000,Manhattan,40.762243,-73.95030162958133,292,213,223
360610238041001,Manhattan,40.7552105,-73.95604222583191,238,28,190
360610238042000,Manhattan,40.758534499999996,-73.95210872400443,10,7,7
360610238042001,Manhattan,40.7584925,-73.95348938329644,69,8,29
360610238043000,Manhattan,40.759685499999996,-73.95224684660573,96,9,38
360610239001000,Manhattan,40.833239000000006,-73.93990347601743,30,0,8
360610239001001,Manhattan,40.8325325,-73.94030430388146,4,0,1
360610239001002,Manhattan,40.8314,-73.94078533006535,20,3,2
360610239002000,Manhattan,40.8336365,-73.94094561264708,31,19,10
360610239002001,Manhattan,40.8329815,-73.9413185489402,20,1,2
360610239002002,Manhattan,40.831948499999996,-73.94186555572527,152,0,124
360610240000001,Manhattan,40.800821,-73.92122621813215,2,0,1
360610240001008,Manhattan,40.79441,-73.91729098913044,3,3,3
360610240001013,Manhattan,40.79552149999999,-73.92434412037957,770,0,628
360610240002000,Manhattan,40.786918,-73.92578287051478,72,0,63
360610240002001,Manhattan,40.787220500000004,-73.92717861111112,47,0,28
360610240002006,Manhattan,40.786227499999995,-73.9325087463163,2771,0,2215
360610240003000,Manhattan,40.788273,-73.92255567179214,13,10,11
360610241001000,Manhattan,40.834475999999995,-73.94498769428402,71,0,7
360610241001001,Manhattan,40.8346215,-73.94579149589683,17,10,9
360610241001002,Manhattan,40.83525,-73.94733117420424,48,14,15
360610241002000,Manhattan,40.833854,-73.94584779687501,49,6,31
360610241002001,Manhattan,40.833648999999994,-73.94683095622145,137,11,87
360610241002002,Manhattan,40.833748,-73.94522602997603,20,2,3
360610241003000,Manhattan,40.8325035,-73.94416103337258,41,3,10
360610241004000,Manhattan,40.833151,-73.94368500497052,58,22,15
360610241005000,Manhattan,40.833772999999994,-73.94322823953098,182,20,120
360610242001002,Manhattan,40.809343,-73.93544119379845,9,0,6
360610242001003,Manhattan,40.8081995,-73.9356942016768,158,0,133
360610242001005,Manhattan,40.8075695,-73.93614291924445,3,3,3
360610242001006,Manhattan,40.806945999999996,-73.9365988053006,81,21,55
360610242002000,Manhattan,40.805654,-73.93542791005291,220,0,200
360610242002001,Manhattan,40.8063245,-73.93705274084057,138,138,31
360610242002002,Manhattan,40.8057,-73.93750759581054,38,38,28
360610242002003,Manhattan,40.8050205,-73.93589946222221,409,6,364
360610242003002,Manhattan,40.8057785,-73.93360895957309,6,0,5
360610242003004,Manhattan,40.804833,-73.93352005795444,138,71,106
360610242003005,Manhattan,40.804218,-73.93399466069016,145,0,120
360610242003006,Manhattan,40.8035625,-73.93444935465116,73,0,9
360610242003007,Manhattan,40.802889,-73.93494052667263,46,15,17
360610242003009,Manhattan,40.802567499999995,-73.93210253431087,42,0,19
360610242003010,Manhattan,40.803276499999996,-73.93177849048442,1,1,1
360610243011000,Manhattan,40.83691949999999,-73.93745818883798,12,0,7
360610243011001,Manhattan,40.83694,-73.93860135380254,1,0,0
360610243011002,Manhattan,40.8359825,-73.93767291335044,222,0,175
360610243012000,Manhattan,40.835741999999996,-73.93863822946858,21,6,2
360610243012001,Manhattan,40.835050499999994,-73.93920571818182,51,4,6
360610243012002,Manhattan,40.834497,-73.9384559557942,9,0,1
360610243012003,Manhattan,40.834727,-73.93967852049181,4,0,0
360610243012004,Manhattan,40.834002999999996,-73.93956438687943,10,2,6
360610243013000,Manhattan,40.8378115,-73.93919374626725,6,1,3
360610243013001,Manhattan,40.837087,-73.93951353664717,15,0,3
360610243021002,Manhattan,40.83193249999999,-73.93533079521218,59,35,55
360610243021003,Manhattan,40.8296235,-73.93607690274992,73,0,46
360610243021004,Manhattan,40.830423499999995,-73.93891887532982,21,0,0
360610243022000,Manhattan,40.833364,-73.93664556132076,19,0,2
360610243023000,Manhattan,40.8317665,-73.93754086197916,211,35,187
360610245001000,Manhattan,40.838462,-73.94074872808287,466,18,337
360610245001001,Manhattan,40.837329499999996,-73.94053187383449,156,140,106
360610245002000,Manhattan,40.8396865,-73.94268366265948,154,31,54
360610245002001,Manhattan,40.8388255,-73.94312027272727,79,9,22
360610245003000,Manhattan,40.838139999999996,-73.94340893185078,38,5,8
360610245003001,Manhattan,40.837129,-73.94345792962437,66,9,16
360610245004000,Manhattan,40.8365115,-73.94050961615244,51,7,9
360610245004001,Manhattan,40.8363175,-73.94150580071783,131,17,75
360610245005000,Manhattan,40.835050499999994,-73.94012704259555,30,0,16
360610245005001,Manhattan,40.835646499999996,-73.9418651214727,73,13,31
360610245005002,Manhattan,40.8364695,-73.9438280318231,26,0,11
360610245005003,Manhattan,40.835883499999994,-73.94410672069152,84,32,21
360610245006000,Manhattan,40.8343025,-73.94055572605895,58,7,17
360610245006001,Manhattan,40.83502,-73.94231332916037,170,9,126
360610245007000,Manhattan,40.834397499999994,-73.94277171696294,174,84,65
360610247001004,Manhattan,40.836518999999996,-73.9476578247614,162,90,115
360610247001005,Manhattan,40.836512,-73.94666826246814,1,0,1
360610247002000,Manhattan,40.836023999999995,-73.94528555142568,143,21,27
360610247003000,Manhattan,40.837187,-73.94554870977426,11,7,1
360610247004000,Manhattan,40.837919,-73.94532846214207,42,29,29
360610247005000,Manhattan,40.839813,-73.94440739646711,21,0,9
360610247005002,Manhattan,40.83851799999999,-73.94479916531891,4,2,2
360610249001001,Manhattan,40.840171,-73.93610729605803,5,2,2
360610249001002,Manhattan,40.8393365,-73.93560313174018,281,0,251
360610249001004,Manhattan,40.838578999999996,-73.93722199898048,15,7,2
360610249001005,Manhattan,40.837521499999994,-73.93699296787709,54,1,18
360610251001000,Manhattan,40.840610999999996,-73.93984863542526,4,0,1
360610251001001,Manhattan,40.8419175,-73.94081092190078,162,0,44
360610251001002,Manhattan,40.8406355,-73.94148634050887,12374,12,11131
360610251001003,Manhattan,40.839372999999995,-73.94043305873731,282,52,121
360610251001004,Manhattan,40.839028,-73.93965015823969,499,35,188
360610251001005,Manhattan,40.83973,-73.93937352659809,10,0,4
360610251001006,Manhattan,40.838990499999994,-73.93803205295566,30,3,21
360610251001007,Manhattan,40.8385885,-73.93861102475248,326,2,266
360610251002000,Manhattan,40.8401745,-73.93716057459677,167,0,23
360610251002001,Manhattan,40.841027,-73.93873064915967,148,0,125
360610251002003,Manhattan,40.8398805,-73.93785284967741,9,2,6
360610253001000,Manhattan,40.84293649999999,-73.9356304540009,105,4,81
360610253001001,Manhattan,40.842614499999996,-73.93633904925497,115,15,36
360610253002000,Manhattan,40.8435255,-73.93705401407418,17,4,1
360610253002001,Manhattan,40.84290849999999,-73.93750499209165,36,0,10
360610253003000,Manhattan,40.841696,-73.93653126220471,18,9,2
360610253003001,Manhattan,40.8410775,-73.93698479376039,137,0,104
360610253004000,Manhattan,40.844039499999994,-73.93829582112593,81,5,14
360610253004001,Manhattan,40.843362,-73.93861562707085,50,2,9
360610253004002,Manhattan,40.842669,-73.93891081390393,68,0,12
360610253004003,Manhattan,40.841972999999996,-73.93920622317881,16,0,2
360610253004004,Manhattan,40.841383,-73.93817031734007,79,10,20
360610253004005,Manhattan,40.84228949999999,-73.93795606668687,60,18,30
360610253005000,Manhattan,40.8443105,-73.93942083669356,64,7,19
360610253005001,Manhattan,40.8439955,-73.94008350261169,66,28,32
360610253006000,Manhattan,40.843329999999995,-73.94040562365177,74,9,18
360610253006001,Manhattan,40.842623,-73.94063434847527,27,10,8
360610255001003,Manhattan,40.844624499999995,-73.94438075523951,1699,947,1350
360610255001005,Manhattan,40.847212999999996,-73.94255882859532,5,1,3
360610255001006,Manhattan,40.8457125,-73.94258801308463,1,1,0
360610255001007,Manhattan,40.843126999999996,-73.94335256410255,396,95,288
360610255002000,Manhattan,40.8476125,-73.94010778976104,63,60,63
360610255002001,Manhattan,40.8478425,-73.9413279843115,5,4,4
360610255003000,Manhattan,40.8458,-73.94202196603564,52,0,22
360610255003001,Manhattan,40.8448865,-73.94181718452131,26,10,12
360610255004000,Manhattan,40.8439755,-73.94193608381721,3,3,1
360610255004001,Manhattan,40.843364,-73.94228984308884,28,0,15
360610255004002,Manhattan,40.8426985,-73.94254635594513,26,0,8
360610257001000,Manhattan,40.810804,-73.95163550193456,135,17,40
360610257001001,Manhattan,40.8101335,-73.95212206571942,276,64,59
360610257001002,Manhattan,40.809363499999996,-73.95238639182797,83,13,53
360610257001004,Manhattan,40.8090435,-73.95344238485171,4,4,0
360610257001005,Manhattan,40.809453000000005,-73.95450297790754,47,23,29
360610257001006,Manhattan,40.808628999999996,-73.95263172326518,237,0,195
360610257002000,Manhattan,40.808308,-73.9536870126984,60,10,16
360610257002001,Manhattan,40.808825999999996,-73.9549585348143,15,2,9
360610257002002,Manhattan,40.808197,-73.9554174767521,115,8,91
360610257002003,Manhattan,40.8076015,-73.9539945036424,112,0,92
360610257003000,Manhattan,40.8069735,-73.95381276092803,20,12,19
360610257003001,Manhattan,40.8070345,-73.95443996765971,15,4,9
360610257003002,Manhattan,40.8075695,-73.95587751378645,142,0,119
360610257003003,Manhattan,40.806940999999995,-73.95633846031745,16,8,7
360610257003004,Manhattan,40.806344499999994,-73.95491301660726,128,19,56
360610259001000,Manhattan,40.825897499999996,-73.94032538163569,65,0,53
360610259001001,Manhattan,40.825275,-73.940779085209,21,10,6
360610259001002,Manhattan,40.824656,-73.94123520762466,12,6,11
360610259001003,Manhattan,40.8240205,-73.94170017965324,4,0,0
360610259001004,Manhattan,40.8233835,-73.94217325030068,49,9,25
360610259002000,Manhattan,40.8227325,-73.94270152610567,129,6,37
360610259002001,Manhattan,40.822108,-73.9432240414657,42,0,12
360610259002002,Manhattan,40.821501999999995,-73.94372984433897,5,5,5
360610259002003,Manhattan,40.8208965,-73.9442363471176,61,3,6
360610261001000,Manhattan,40.845477,-73.93562802552879,23,0,4
360610261001001,Manhattan,40.844817,-73.93611199397965,102,12,44
360610261001002,Manhattan,40.844375,-73.93670436362862,25,4,3
360610261001003,Manhattan,40.843919,-73.93651664618942,9,5,4
360610261002000,Manhattan,40.846745,-73.93469917968721,158,135,9
360610261002001,Manhattan,40.846123,-73.9351549816394,142,2,91
360610261003002,Manhattan,40.8475215,-73.93412785235765,25,2,9
360610261003003,Manhattan,40.8473865,-73.93423013109428,75,64,1
360610261004000,Manhattan,40.84742,-73.93235000468243,220,4,61
360610261004001,Manhattan,40.848018499999995,-73.93377107357796,130,75,32
360610261005000,Manhattan,40.8461475,-73.93327848051692,56,16,21
360610261006000,Manhattan,40.844877999999994,-73.93420690536675,11,6,5
360610261007000,Manhattan,40.844224,-73.93468451443712,8,4,1
360610261007001,Manhattan,40.84378099999999,-73.93532664398734,5,3,0
360610263001000,Manhattan,40.848573,-73.93508376899777,49,8,13
360610263001001,Manhattan,40.849042,-73.93625066527973,112,28,75
360610263001003,Manhattan,40.848499,-73.93643947480976,3,3,3
360610263001009,Manhattan,40.847919499999996,-73.93552925215613,58,38,33
360610263001010,Manhattan,40.848088000000004,-73.93544870989976,53,45,39
360610263002000,Manhattan,40.847303499999995,-73.93601407549356,46,8,13
360610263002001,Manhattan,40.846675000000005,-73.93646762179611,37,2,6
360610263003000,Manhattan,40.8460265,-73.93694343795221,149,2,107
360610263003001,Manhattan,40.845366999999996,-73.9374171096563,30,9,9
360610263003002,Manhattan,40.844885000000005,-73.93776420098618,12,2,1
360610263003003,Manhattan,40.8445855,-73.93807389311283,18,3,9
360610263004000,Manhattan,40.846408,-73.93792860765535,60,0,7
360610263004001,Manhattan,40.846714500000004,-73.93913744933988,84,18,18
360610263004002,Manhattan,40.845836,-73.93912846286472,58,6,11
360610263004003,Manhattan,40.845693499999996,-73.9382948096295,82,0,39
360610263004004,Manhattan,40.8451595,-73.93855242713386,8,0,7
360610263004005,Manhattan,40.8450905,-73.93902082857142,40,0,24
360610263004006,Manhattan,40.845496499999996,-73.93985087680161,169,0,132
360610263005000,Manhattan,40.8477915,-73.93720042287036,4396,23,239
360610263005001,Manhattan,40.8471,-73.93757109398788,49,5,11
360610263005002,Manhattan,40.847384,-73.93889889115947,48,14,13
360610265001000,Manhattan,40.85076649999999,-73.93993598367122,19,5,4
360610265001001,Manhattan,40.84998349999999,-73.94022833244279,21,8,9
360610265002011,Manhattan,40.848875,-73.93844533146964,97,22,26
360610265002012,Manhattan,40.848352500000004,-73.93983047305974,12,12,12
360610265002014,Manhattan,40.84811499999999,-73.93860915577726,133,16,38
360610265003000,Manhattan,40.8504375,-73.9407691983471,13,5,2
360610265003001,Manhattan,40.8507415,-73.94225212672177,4,0,1
360610265004000,Manhattan,40.850308,-73.9373672636612,277,117,130
360610265004001,Manhattan,40.849418,-73.93772362671281,43,3,11
360610265005000,Manhattan,40.8505485,-73.93896076941104,34,10,9
360610265005001,Manhattan,40.8497595,-73.9392881834408,84,3,24
360610267001002,Manhattan,40.851307999999996,-73.92785646644197,25,0,1
360610267001003,Manhattan,40.850538,-73.92803730542417,10,10,8
360610267001004,Manhattan,40.850179499999996,-73.92874403888047,8,0,8
360610267001005,Manhattan,40.84896,-73.92971771161908,1,1,1
360610269001000,Manhattan,40.852481999999995,-73.92864896977714,213,0,177
360610269001001,Manhattan,40.8518715,-73.92967093099234,26,24,13
360610269001002,Manhattan,40.8517855,-73.92863911099819,2,0,0
360610269002003,Manhattan,40.8505995,-73.93065315964917,8,2,0
360610269002004,Manhattan,40.849754000000004,-73.9304022973641,31,25,6
360610269003000,Manhattan,40.8493115,-73.93096500884194,206,0,175
360610269003001,Manhattan,40.848715999999996,-73.93140161541358,453,301,158
360610269003002,Manhattan,40.8480785,-73.93186642495257,210,24,89
360610269004000,Manhattan,40.849908,-73.93239094971145,11,3,4
360610269004001,Manhattan,40.849315,-73.93282399488055,59,3,13
360610269004002,Manhattan,40.8486805,-73.93328809923102,209,0,73
360610269005000,Manhattan,40.851744499999995,-73.93104803545322,3,1,0
360610269005001,Manhattan,40.851102,-73.93151752175125,2458,0,1294
360610269005002,Manhattan,40.85050749999999,-73.93195200220237,81,40,30
360610269006000,Manhattan,40.8531185,-73.92965632982163,28,1,4
360610269006001,Manhattan,40.852881499999995,-73.9301707137372,2,2,0
360610269006002,Manhattan,40.852427999999996,-73.93054893915064,34,4,6
360610271001000,Manhattan,40.85298,-73.93186070759805,109,18,62
360610271001001,Manhattan,40.852296499999994,-73.93236048360438,105,11,61
360610271001002,Manhattan,40.85165549999999,-73.93283082437506,91,8,22
360610271002000,Manhattan,40.851057999999995,-73.93326551972326,27,0,6
360610271002001,Manhattan,40.850461499999994,-73.9337024210189,186,8,109
360610271002002,Manhattan,40.8498675,-73.93413802860448,195,2,40
360610271002003,Manhattan,40.849233,-73.93460118992805,178,15,29
360610271003000,Manhattan,40.853049,-73.93344213152773,150,2,111
360610271003001,Manhattan,40.8521355,-73.93400959513392,47,5,21
360610271003002,Manhattan,40.8515245,-73.9343855704926,29,0,6
360610271003003,Manhattan,40.8508975,-73.93477550556642,48,0,33
360610271003004,Manhattan,40.850292499999995,-73.93516083466034,56,14,40
360610271003005,Manhattan,40.849690499999994,-73.93565915725219,403,2,92
360610271004000,Manhattan,40.853824,-73.93442046699847,78,0,27
360610271004001,Manhattan,40.8529645,-73.93485380855262,52,14,28
360610271004002,Manhattan,40.851259999999996,-73.93571424835304,482,3,229
360610271005000,Manhattan,40.8541555,-73.93555327984345,25,3,12
360610271005001,Manhattan,40.8529705,-73.9359225243421,255,4,33
360610273001000,Manhattan,40.857983000000004,-73.93556998695166,229,24,202
360610273001001,Manhattan,40.856387,-73.9367357203903,56,13,18
360610273001002,Manhattan,40.8544775,-73.93758188183278,103,6,28
360610273002000,Manhattan,40.8534785,-73.93688904845447,148,29,78
360610273003000,Manhattan,40.853712,-73.93884624890838,88,25,53
360610273003002,Manhattan,40.851653999999996,-73.93852115607055,185,67,65
360610273003003,Manhattan,40.851702,-73.93954158990147,47,1,14
360610273004000,Manhattan,40.8516475,-73.93652498703112,63,6,12
360610273004001,Manhattan,40.851151,-73.93768329919654,12,7,3
360610275001006,Manhattan,40.8578585,-73.93690703729048,12,8,4
360610275001009,Manhattan,40.855275,-73.93863663200267,25,12,8
360610275002000,Manhattan,40.853257,-73.94017066281138,96,41,59
360610277001000,Manhattan,40.855914,-73.92615391860465,1324,0,1129
360610277001002,Manhattan,40.853721,-73.92774603221147,79,0,47
360610277002000,Manhattan,40.8543155,-73.92916800337389,27,9,8
360610277002001,Manhattan,40.8537045,-73.92961548017499,41,3,6
360610277003000,Manhattan,40.855577499999995,-73.92824418414406,21,1,9
360610277003001,Manhattan,40.854941999999994,-73.92871233411708,21,7,5
360610277004000,Manhattan,40.856734,-73.92744093858131,1,0,0
360610277004001,Manhattan,40.856206,-73.92778952615237,21,3,8
360610279001000,Manhattan,40.855923000000004,-73.93356662208393,319,316,23
360610279001001,Manhattan,40.854918,-73.9339700818158,29,0,7
360610279002000,Manhattan,40.856393999999995,-73.92887623036951,10,10,3
360610279002001,Manhattan,40.8561285,-73.92955795034689,36,10,10
360610279002002,Manhattan,40.8554925,-73.93002164133046,68,2,14
360610279003000,Manhattan,40.854868499999995,-73.93047945820655,17,9,6
360610279003001,Manhattan,40.854255499999994,-73.93092800840063,26,8,5
360610279003002,Manhattan,40.853621499999996,-73.93139199223302,26,5,7
360610279004000,Manhattan,40.85554499999999,-73.93251055334987,28,8,8
360610279004001,Manhattan,40.85468349999999,-73.93192151768764,5,5,4
360610279005000,Manhattan,40.858799499999996,-73.9320945258427,17,7,4
360610279005001,Manhattan,40.857297,-73.93287316533332,74,5,16
360610279006000,Manhattan,40.8564685,-73.93087575,14,12,4
360610279006001,Manhattan,40.8552925,-73.93148375666175,12,1,6
360610279007000,Manhattan,40.856342999999995,-73.9304438510204,3,3,1
360610281001000,Manhattan,40.855986,-73.93593727388964,71,23,38
360610281002000,Manhattan,40.85719,-73.93450835221,215,31,151
360610283001000,Manhattan,40.857346,-73.93176296292813,245,71,148
360610283002000,Manhattan,40.8591935,-73.92696971323528,91,42,50
360610283003000,Manhattan,40.859516,-73.92923149414668,73,16,57
360610283003001,Manhattan,40.8589755,-73.93043199859203,27,23,15
360610283004000,Manhattan,40.8608015,-73.92622330366493,86,13,61
360610283004001,Manhattan,40.859852000000004,-73.92755531169297,248,0,207
360610283004002,Manhattan,40.858952,-73.92863048890649,86,1,75
360610285001000,Manhattan,40.862088,-73.92562560876706,177,18,23
360610285001001,Manhattan,40.8620925,-73.92671388866974,33,8,8
360610285002000,Manhattan,40.861870499999995,-73.92760388274111,52,12,13
360610285003000,Manhattan,40.8612555,-73.92973955875667,437,7,317
360610285003001,Manhattan,40.8601685,-73.92980372438524,225,4,111
360610285004000,Manhattan,40.861671,-73.9286657944181,42,11,10
360610287001003,Manhattan,40.867493499999995,-73.93099652387755,18,0,1
360610287001004,Manhattan,40.867053,-73.93023804455444,13,4,1
360610287001005,Manhattan,40.866596,-73.929607649234,40,0,18
360610287001006,Manhattan,40.866083,-73.92890513320462,39,1,17
360610287002000,Manhattan,40.8640305,-73.9290475004878,13,5,3
360610287002001,Manhattan,40.8628445,-73.92899239102564,8,3,3
360610287003000,Manhattan,40.86405,-73.926878540393,186,30,59
360610287003001,Manhattan,40.8641265,-73.92802171861354,70,2,26
360610291001000,Manhattan,40.865232500000005,-73.92313413680546,11,6,5
360610291002000,Manhattan,40.8662,-73.9237517951302,159,38,75
360610291003000,Manhattan,40.8633975,-73.92172485393257,29,0,4
360610291003001,Manhattan,40.8630565,-73.92268319566301,2,0,2
360610291004000,Manhattan,40.865449999999996,-73.92582679283254,186,12,123
360610291004001,Manhattan,40.864464,-73.92519354144983,179,25,74
360610291004002,Manhattan,40.864847,-73.92658736781608,20,3,4
360610291005000,Manhattan,40.8634955,-73.9245738330655,47,4,18
360610291006000,Manhattan,40.862497499999996,-73.92393405981726,68,0,11
360610291007000,Manhattan,40.864257499999994,-73.92250874753424,119,30,38
360610293001000,Manhattan,40.866919499999995,-73.91805513828125,36,25,15
360610293001002,Manhattan,40.865954,-73.91809579836065,8,0,2
360610293001003,Manhattan,40.865351,-73.91899340080971,116,8,36
360610293001004,Manhattan,40.864667,-73.91901743421053,4,1,1
360610293002000,Manhattan,40.8639685,-73.92022556203288,48,9,8
360610293002001,Manhattan,40.8628595,-73.92026921428572,19,0,9
360610293003000,Manhattan,40.8668875,-73.9218611080988,222,6,47
360610293003001,Manhattan,40.865930500000005,-73.92124722716224,199,29,110
360610293004000,Manhattan,40.867484,-73.92021427969847,75,27,34
360610293004001,Manhattan,40.866536999999994,-73.91960449495191,170,98,28
360610293005000,Manhattan,40.8649545,-73.92062299999999,73,8,6
360610295001000,Manhattan,40.868212,-73.92568786076858,76,19,48
360610295001001,Manhattan,40.867224,-73.92732956622517,37,10,16
360610295002000,Manhattan,40.866699999999994,-73.92586852067063,22,0,5
360610295002001,Manhattan,40.866631999999996,-73.9269419261309,101,4,22
360610295003000,Manhattan,40.8677935,-73.92477208668453,8,5,3
360610295003001,Manhattan,40.8670745,-73.92431202942416,70,15,20
360610295004000,Manhattan,40.869084,-73.9229640048088,8,1,1
360610295004001,Manhattan,40.868485,-73.92288172063307,25,10,12
360610295004002,Manhattan,40.8677555,-73.92241841140773,75,10,22
360610297001001,Manhattan,40.872878,-73.91508616515665,12,0,0
360610297001005,Manhattan,40.87405699999999,-73.92962857915427,3,0,0
360610299001001,Manhattan,40.8611535,-73.92333373747152,4,2,0
360610299001002,Manhattan,40.8600735,-73.92271348333333,39,29,28
360610299002001,Manhattan,40.872305999999995,-73.91187254753902,128,0,123
360610299002002,Manhattan,40.871345,-73.91192504245282,344,114,281
360610299002003,Manhattan,40.8710975,-73.91284238538714,66,62,54
360610299002004,Manhattan,40.8703065,-73.91342451754396,158,0,133
360610299002005,Manhattan,40.8694975,-73.91401498083893,322,0,272
360610299002006,Manhattan,40.866203,-73.91535692634271,19,12,12
360610299002007,Manhattan,40.868753,-73.9122670850251,160,0,141
360610299003000,Manhattan,40.863366,-73.9167974005216,33,0,6
360610299003001,Manhattan,40.8637425,-73.91824029414019,47,0,1
360610299003002,Manhattan,40.863093,-73.9187152726416,61,8,27
360610299003003,Manhattan,40.8624535,-73.91911863029281,8,1,2
360610299003004,Manhattan,40.861855500000004,-73.91962336889819,30,0,12
360610299003005,Manhattan,40.8619035,-73.91780043926667,59,0,3
360610299003006,Manhattan,40.862771499999994,-73.91735080191691,91,14,62
360610299003009,Manhattan,40.8612265,-73.92007792306376,38,0,15
360610299003010,Manhattan,40.86061049999999,-73.92054295335316,2,0,0
360610299003012,Manhattan,40.857994999999995,-73.92202161903003,148,0,134
360610303001000,Manhattan,40.869434999999996,-73.91590129051085,21,0,9
360610303001001,Manhattan,40.868567999999996,-73.91638896786833,365,120,193
360610303001002,Manhattan,40.8683665,-73.91734832768697,20,13,10
360610303001003,Manhattan,40.8678735,-73.91814642193368,195,2,116
360610303002001,Manhattan,40.8692545,-73.9186576497373,26,3,10
360610303002002,Manhattan,40.8683055,-73.92074012352273,100,18,48
360610303002003,Manhattan,40.8691865,-73.92125009218036,123,7,72
360610303003000,Manhattan,40.871771499999994,-73.91923981047077,5,5,3
360610303003001,Manhattan,40.8709655,-73.91858811116148,4,4,0
360610303003002,Manhattan,40.8702845,-73.91782509341384,134,0,116
360610303003003,Manhattan,40.869625,-73.91709254406335,49,26,23
360610307001000,Manhattan,40.8706035,-73.91465660160426,5,0,0
360610307001001,Manhattan,40.8706035,-73.91562286467634,99,32,54
360610307001002,Manhattan,40.870036,-73.9152339903952,10,2,2
360610307002000,Manhattan,40.871314,-73.91589511314848,31,1,14
360610307002001,Manhattan,40.8705355,-73.9169434249442,17,14,10
360610307003000,Manhattan,40.871849999999995,-73.91735132450981,9,6,6
360610307003001,Manhattan,40.87237399999999,-73.91832127605713,20,10,10
360610309001000,Manhattan,40.8731755,-73.9084349335401,159,0,10
360610309002001,Manhattan,40.8751725,-73.90973151236675,60,3,11
360610309002002,Manhattan,40.875322,-73.9110716552188,22,3,2
360610309003000,Manhattan,40.874919,-73.90815015396825,45,45,43
360610309004000,Manhattan,40.877176,-73.90973179396985,2,2,0
360610309004001,Manhattan,40.876293,-73.9115690620279,11,4,3
360610309004002,Manhattan,40.876384,-73.91026322884011,4,3,2
360610309004003,Manhattan,40.8765935,-73.9089764030032,6,1,0
360610309005000,Manhattan,40.876632,-73.91378086607142,769,9,645
360610309005001,Manhattan,40.876813999999996,-73.91193498663569,7,4,0
360610311000005,Manhattan,40.843238,-73.92993286876697,2,2,2
360610311001003,Manhattan,40.846905,-73.93025758873844,25,10,22
360610317031001,Manhattan,40.716376499999996,-74.016792732081,4964,1560,4014
360610317031002,Manhattan,40.712945,-74.01537616853932,7031,5864,6434
360610317032000,Manhattan,40.716684,-74.01563556914894,139,63,92
360610317033000,Manhattan,40.71750899999999,-74.0148229853896,152,18,64
360610317033001,Manhattan,40.717355999999995,-74.01417590909091,5,0,0
360610317033002,Manhattan,40.7171235,-74.0136293407142,31,17,23
360610317033005,Manhattan,40.716239,-74.01408191645407,324,19,180
360610317033007,Manhattan,40.714265499999996,-74.01442450967312,11007,10002,10439
360610317033008,Manhattan,40.715689499999996,-74.01603020681063,51,14,31
360610317033010,Manhattan,40.7147345,-74.01348677968645,6,0,4
360610317041000,Manhattan,40.711299499999996,-74.01699478683688,301,84,156
360610317041001,Manhattan,40.7105785,-74.01547601819621,1819,1661,1678
360610317042000,Manhattan,40.709419,-74.01822379534005,288,151,203
360610317043001,Manhattan,40.708929499999996,-74.01566909276164,217,71,164
360610317043002,Manhattan,40.7090855,-74.01643762580127,35,34,32
360610317043003,Manhattan,40.706464999999994,-74.01651394710402,32,15,20
360610317043006,Manhattan,40.7055945,-74.01753130635359,88,2,60
360610317043007,Manhattan,40.706261999999995,-74.01735842982455,300,4,236
360610317043008,Manhattan,40.707014,-74.01698596647543,42,20,30
360610317044000,Manhattan,40.7065365,-74.01850012447636,143,39,88
360610319001000,Manhattan,40.7029685,-74.01492007162824,1353,1170,1258
