osm_type,osm_id,borough,name,amenity,cuisine,latitude,longitude
node,357620442,Manhattan,Sam Sunny,restaurant,korean,40.7415576,-73.9784628
node,368043718,Manhattan,Moono,restaurant,korean,40.7463679,-73.9833563
node,410235438,Manhattan,Trudy's Ice Cream,restaurant,dessert,40.8003773,-73.9618056
node,419359956,Manhattan,Bubo,restaurant,mediterranean;american,40.7460362,-73.9776676
node,419359995,Manhattan,Little Alley,restaurant,chinese;shanghai,40.7473845,-73.9771526
node,419362699,Manhattan,The Musket Room,restaurant,continental;eclectic,40.7239188,-73.9937813
node,419367357,Manhattan,Nha Trang One,restaurant,vietnamese,40.7167899,-73.9996711
node,419367625,Manhattan,Mi,restaurant,chinese,40.7461325,-73.9775916
node,464765632,Manhattan,Little Apple Brewery,restaurant,,39.1915231,-96.6083689
node,464766734,Manhattan,Guilty Biscuit,restaurant,breakfast;burger,39.1883651,-96.6157713
node,566313758,Manhattan,The Inwood Farm,restaurant,american,40.8727992,-73.918421
node,566316071,Manhattan,Garden Café,restaurant,,40.8681188,-73.9204207
node,570912397,Manhattan,Le Monde,restaurant,french;loire_valley,40.8057782,-73.9658657
node,643414350,Manhattan,Hard Rock Cafe,restaurant,american,40.756994,-73.9865512
node,661889865,Manhattan,Carbone,restaurant,,40.7554192,-73.9930152
node,662433328,Manhattan,Freemans,restaurant,american,40.7219891,-73.9924423
node,663104998,Manhattan,Tick Tock Diner,restaurant,diner,40.7524435,-73.9935503
node,663354158,Manhattan,Giovanni,restaurant,italian,40.779131,-73.960536
node,696114862,Manhattan,Applebee's,restaurant,american,39.178901,-96.5599706
node,738212694,Manhattan,Buffalo Wild Wings,restaurant,wings,39.1856011,-96.5762943
node,763650163,Manhattan,Junior's,restaurant,,40.7582151,-73.9866267
node,870315949,Manhattan,Fuji East Restaurant,restaurant,japanese,40.7590731,-73.9522681
node,877652485,Manhattan,Colbert Hills Golf Course,restaurant,snack,39.2128451,-96.6405934
node,883337398,Manhattan,Ristorante Settepani,restaurant,italian,40.8043628,-73.9476425
node,896465603,Manhattan,Rockmeisha Izakaya,restaurant,,40.7326428,-74.002464
node,896469827,Manhattan,Annisa,restaurant,,40.7326055,-74.0025709
node,931799204,Manhattan,John's of Bleecker Street,restaurant,pizza,40.7316098,-74.0033416
node,931799207,Manhattan,Joe's Pizza,restaurant,pizza,40.7305467,-74.0020629
node,999961211,Manhattan,Hummus Place,restaurant,,40.7322601,-74.0033462
node,1002880708,Manhattan,Lombardi's Pizza,restaurant,pizza,40.7215933,-73.9956147
node,1074300426,Manhattan,La Fiesta Mexican Restaurant,restaurant,mexican,39.2075432,-96.5726182
node,1088798972,Manhattan,Pizza Shuttle,restaurant,pizza,39.1933467,-96.585949
node,1112477518,Manhattan,Mộc Mạc,restaurant,vietnamese,40.7266326,-73.9893341
node,1119244578,Manhattan,Tom's Restaurant,restaurant,diner,40.8054509,-73.9654163
node,1240483946,Manhattan,Bill's Townhouse,restaurant,american,40.7601706,-73.9730036
node,1290043792,Manhattan,The Grill,restaurant,new_american,40.7580948,-73.9720223
node,1293173596,Manhattan,Marchi's,restaurant,italian,40.7431603,-73.9775799
node,1297282272,Manhattan,Amelia's,restaurant,american,40.7449757,-73.9831065
node,1300332328,Manhattan,Tallgrass Taphouse,restaurant,american,39.1795067,-96.5613631
node,1300332332,Manhattan,Bourbon & Baker,restaurant,,39.1795029,-96.5608842
node,1346386984,Manhattan,Smith & Wollensky,restaurant,steak_house,40.7552548,-73.9709515
node,1362703566,Manhattan,Clinton St. Baking Company,restaurant,,40.7211788,-73.9838832
node,1365737014,Manhattan,Powercat Sports Grill,restaurant,,39.1882844,-96.6144362
node,1379410005,Manhattan,Stromboli Pizza,restaurant,pizza,40.7277727,-73.985401
node,1383914860,Manhattan,The Breslin,restaurant,gastropub,40.7456818,-73.9881244
node,1383927735,Manhattan,Blue Ribbon Sushi Bar & Grill,restaurant,,40.7675881,-73.9831167
node,1383928351,Manhattan,Sushi Damo,restaurant,japanese,40.7677295,-73.9834926
node,1383955419,Manhattan,USA Brooklyn Delicatessen,restaurant,sandwich; pizza,40.7653848,-73.980359
node,1383955759,Manhattan,Carnegie Diner & Cafe,restaurant,burger;sandwich;coffee_shop;ice_cream;american;pancake,40.765737,-73.9801162
node,1383956543,Manhattan,Brooklyn Diner,restaurant,diner,40.7656073,-73.9808744
node,1396581104,Manhattan,Hoy Wong Restaurant,restaurant,,40.7166141,-73.998003
node,1416478552,Manhattan,Murray Hill Diner,restaurant,diner,40.7459042,-73.9803026
node,1426311638,Manhattan,Red Lobster,restaurant,seafood,40.7556031,-73.987571
node,1427212436,Manhattan,Madison & Vine,restaurant,,40.75218,-73.9795023
node,1427212491,Manhattan,Pera,restaurant,mediterranean,40.7523353,-73.9793753
node,1427233358,Manhattan,LA Fonda Del Sol,restaurant,,40.7532708,-73.9773865
node,1427265072,Manhattan,ammos estiatorio,restaurant,greek,40.7542362,-73.977239
node,1427265083,Manhattan,The Capital Grille,restaurant,,40.7538356,-73.9761648
node,1427499791,Manhattan,The Heavenly Burger,restaurant,burger,40.7517125,-73.9799108
node,1428036492,Manhattan,Connolly's,restaurant,,40.7561557,-73.9776613
node,1428185705,Manhattan,Mama Mezze,restaurant,mediterranean,40.7432333,-73.9892796
node,1450161114,Manhattan,D.P. Dough,restaurant,pizza,39.1858266,-96.5742096
node,1450161157,Manhattan,Tasty China House,restaurant,chinese,39.1858302,-96.5743774
node,1468386431,Manhattan,The Chef,restaurant,breakfast,39.1788794,-96.5616572
node,1483865248,Manhattan,Green Tea Sushi Bar,restaurant,sushi,39.1849923,-96.5741221
node,1487407044,Manhattan,L'Ecole Restaurant,restaurant,french,40.7208901,-74.0003925
node,1487441071,Manhattan,Buddakan,restaurant,asian,40.7421638,-74.0048429
node,1487449793,Manhattan,Tony's,restaurant,italian,40.7563915,-73.9854253
node,1487472478,Manhattan,Capital Grille at Time-Life,restaurant,,40.7607113,-73.9807687
node,1487569052,Manhattan,Le Parker Meridien Burger,restaurant,burger,40.7640653,-73.9782577
node,1493005667,Manhattan,Balade,restaurant,lebanese,40.7302946,-73.9831042
node,1497326724,Manhattan,Russian Tea Room,restaurant,russian,40.7650339,-73.9793005
node,1500954576,Manhattan,Bamboo Buffet,restaurant,chinese,39.1680623,-96.5961037
node,1568008206,Manhattan,Market Diner,restaurant,burger,40.7615758,-73.9973446
node,1642087211,Manhattan,Taco Lucha,restaurant,mexican,39.1860922,-96.5746726
node,1667358508,Manhattan,,restaurant,,40.8072019,-73.9535984
node,1667359770,Manhattan,Chocolat Restaurant Lounge,restaurant,american;brunch,40.8069537,-73.9537487
node,1667402832,Manhattan,The Fox,restaurant,,40.8068012,-73.9534135
node,1667412535,Manhattan,Melba's,restaurant,,40.8030944,-73.95657
node,1667418892,Manhattan,Cedric,restaurant,french,40.8061352,-73.9530327
node,1667419712,Manhattan,Billie's Black Bar & Lounge,restaurant,american,40.8062286,-73.9532312
node,1675161734,Manhattan,Orange Leaf,restaurant,ice_cream,39.1836219,-96.560525
node,1675162009,Manhattan,Frida's,restaurant,mexican,39.1859187,-96.5603788
node,1675162035,Manhattan,Noodles & Company,restaurant,pasta,39.1862432,-96.5603722
node,1683399834,Manhattan,Bar Bianchi,restaurant,italian,40.7225091,-73.9862947
node,1691452282,Manhattan,Little Ruby’s Cafe,restaurant,,40.7340693,-74.0027914
node,1707825812,Manhattan,Uncle Jack's,restaurant,steak_house,40.7537214,-73.995808
node,1707825813,Manhattan,Sergimmo Slumeria,restaurant,italian,40.7542567,-73.9954338
node,1707825815,Manhattan,Zoob Zib Thai Authentic Noodle Bar,restaurant,thai,40.7543769,-73.9953394
node,1707825816,Manhattan,Skylight Diner,restaurant,american;burger;soup;salad;omelette;sandwich;breakfast,40.7533878,-73.9967808
node,1707825817,Manhattan,Hudson Station Bar and Grill,restaurant,pub;american,40.753864,-73.9956804
node,1707825820,Manhattan,Golden City,restaurant,asian,40.7532964,-73.9966423
node,1714427541,Manhattan,Shmoné,restaurant,israeli,40.7335075,-73.9990673
node,1748991484,Manhattan,Chu Ros Thai,restaurant,thai,40.7892539,-73.9486313
node,1748991489,Manhattan,Burritos y Mas,restaurant,,40.7887862,-73.948637
node,1749011035,Manhattan,Quechua Nostra,restaurant,peruvian,40.7905956,-73.9476505
node,1749011039,Manhattan,El Aguila,restaurant,mexican,40.7905186,-73.9477162
node,1749011095,Manhattan,The Lexington Social,restaurant,mediterranean;tapas,40.7906645,-73.9476244
node,1749011119,Manhattan,Caribbean Fiesta,restaurant,,40.7927227,-73.9503373
node,1749011123,Manhattan,Bawarchi Indian Cuisine,restaurant,,40.7927565,-73.9503189
node,1753205377,Manhattan,The Lambs Club,restaurant,,40.756616,-73.9845926
node,1758217485,Manhattan,The Playwright,restaurant,,40.7604723,-73.9840506
node,1776258703,Manhattan,Umi Japanese Steak House & Sushi,restaurant,japanese,39.1882019,-96.5539679
node,1821015959,Manhattan,City Diner,restaurant,diner,40.7910471,-73.9747641
node,1821015975,Manhattan,5 Napkin Burger,restaurant,burger,40.7870645,-73.9779334
node,1825739830,Manhattan,Ayza Wine & Chocolate Bar,restaurant,,40.7297052,-74.0048523
node,1825739861,Manhattan,Trattoria Spaghetto,restaurant,italian,40.730184,-74.0025384
node,1825848790,Manhattan,Kesari,restaurant,indian,40.7993268,-73.9687523
node,1825848800,Manhattan,Manhattan Valley,restaurant,indian,40.7970144,-73.969726
node,1825848802,Manhattan,Metro Diner,restaurant,diner,40.7974417,-73.9701456
node,1825848804,Manhattan,Just Pho You,restaurant,vietnamese,40.7975736,-73.9693077
node,1827781718,Manhattan,El Castillo De Jagua,restaurant,caribbean,40.714385,-73.9818347
node,1827808977,Manhattan,Zafis Luncheonette,restaurant,diner,40.7149321,-73.9826973
node,1843430243,Manhattan,Sipsteria,restaurant,,40.7953407,-73.969686
node,1843430248,Manhattan,Malecon Restaurant,restaurant,dominican,40.7950365,-73.9699063
node,1843430256,Manhattan,Ozen,restaurant,asian,40.7949162,-73.9699934
node,1857435080,Manhattan,Restauracja Ciao Italia,restaurant,italian_pizza,52.7566568,15.2628284
node,1861646903,Manhattan,Vin et Fleur,restaurant,french,40.7242486,-74.0033107
node,1867356492,Manhattan,Pizza Palace,restaurant,pizza,40.8624129,-73.925052
node,1873813860,Manhattan,5 Napkin Burger,restaurant,burger,40.7601614,-73.9911074
node,1873813883,Manhattan,Gallo Nero,restaurant,italian,40.7598902,-73.9917945
node,1873813912,Manhattan,Ollie's,restaurant,chinese,40.7588415,-73.993163
node,1873813914,Manhattan,Zaka Express,restaurant,,40.7582029,-73.9925408
node,1883462420,Manhattan,Maison Close,restaurant,,40.7232955,-74.0037222
node,1883739637,Manhattan,Laut,restaurant,thai,40.7375482,-73.991104
node,1884473154,Manhattan,Vanessa's Dumpling House,restaurant,chinese;dumpling;noodle,40.7182938,-73.9917781
node,1892795820,Manhattan,Nico's Little Italy,restaurant,italian,39.1855266,-96.5734092
node,1899033658,Manhattan,Pasquale Jones,restaurant,italian,40.7210814,-73.9967486
node,1913191317,Manhattan,Bosino,restaurant,italian,40.7987385,-73.9673316
node,1915398676,Manhattan,Katz's Delicatessen,restaurant,deli,40.7223431,-73.987353
node,1916532788,Manhattan,Mercato,restaurant,italian,40.7562465,-73.9936447
node,1934502370,Manhattan,Blue Smoke,restaurant,american,40.7146177,-74.015376
node,1935662285,Manhattan,Banc,restaurant,american,40.7432296,-73.9797061
node,1993216326,Manhattan,Nice Matin,restaurant,french,40.783395,-73.9784022
node,2011781571,Manhattan,Polash,restaurant,indian,40.799638,-73.9385346
node,2014619565,Manhattan,Briciola Pizza Bar,restaurant,pizza,40.7290902,-74.0034181
node,2020727865,Manhattan,Alice,restaurant,,40.7370855,-73.9986335
node,2035810358,Manhattan,Mezze on the River,restaurant,,40.7113206,-74.0178328
node,2070982507,Manhattan,P.J. Clarke's,restaurant,american,40.7137763,-74.0161159
node,2070984265,Manhattan,Mamajuana Cafe,restaurant,,40.8664492,-73.9280511
node,2077086317,Manhattan,Mermaid Inn,restaurant,seafood,40.7797955,-73.9768031
node,2081537413,Manhattan,Bonchon Chicken,restaurant,chicken;korean;sushi,40.7474363,-73.9850203
node,2081539634,Manhattan,LOVE Korean BBQ,restaurant,chicken;korean,40.7471688,-73.9852137
node,2089444284,Manhattan,Pappardella,restaurant,italian,40.7793384,-73.9776644
node,2089444285,Manhattan,The Smith,restaurant,american,40.7716005,-73.9818679
node,2091642033,Manhattan,Trattoria iL Gusto,restaurant,italian,40.7892574,-73.9698327
node,2108362680,Manhattan,Saba's Pizza,restaurant,pizza,40.7832708,-73.9779816
node,2111692827,Manhattan,Kouzan,restaurant,japanese,40.7921778,-73.9714835
node,2113159210,Manhattan,Spice,restaurant,thai,40.7842712,-73.9772503
node,2113159212,Manhattan,WAU,restaurant,malaysian,40.7844415,-73.9776143
node,2114001662,Manhattan,Outback Steakhouse,restaurant,american;steak,40.742262,-73.991796
node,2115186642,Manhattan,Phò Viêt,restaurant,vietnamese,39.1791653,-96.5621764
node,2125873482,Manhattan,Rudraks,restaurant,indian,40.7930225,-73.9713526
node,2125873488,Manhattan,Pio Pio,restaurant,peruvian,40.7929325,-73.97142
node,2125873489,Manhattan,Jing Fong Restaurant,restaurant,,40.7827246,-73.9789347
node,2131698464,Manhattan,Pig & Khao,restaurant,filipino,40.7841916,-73.9773072
node,2131791182,Manhattan,Bohemian Spirit Restaurant,restaurant,czech;brunch,40.769058,-73.9565904
node,2134025590,Manhattan,Del Frisco's Double Eagle Steakhouse,restaurant,steak_house,40.7593243,-73.9816604
node,2178443636,Manhattan,Parkside Lounge,restaurant,,40.7210809,-73.9832025
node,2183010450,Manhattan,Bobby Van's,restaurant,,40.7061255,-74.0110467
node,2183010451,Manhattan,Bombay Cuisine,restaurant,indian,40.7034829,-74.011087
node,2183010463,Manhattan,Giardino D'Oro,restaurant,italian,40.7074557,-74.0072562
node,2183010489,Manhattan,Chinah,restaurant,chinese,40.7069584,-74.0072664
node,2183010570,Manhattan,Blue Ribbon Sushi Bar & Grill,restaurant,sushi,40.7079524,-74.0078296
node,2183039959,Manhattan,Raj's Indian Kitchen,restaurant,indian,40.7089962,-74.0090796
node,2183891964,Manhattan,Cipriani,restaurant,,40.7061385,-74.0093922
node,2183891975,Manhattan,Nikoniko Sushi Bowl,restaurant,japanese,40.7055979,-74.0077325
node,2183891976,Manhattan,Taste of Tokyo,restaurant,japanese,40.7051087,-74.0096903
node,2183891980,Manhattan,Centric,restaurant,,40.7052024,-74.0080678
node,2184799443,Manhattan,Lobster Place,restaurant,seafood,40.7424674,-74.005715
node,2186614176,Manhattan,Wall Street Grill,restaurant,,40.704892,-74.0085955
node,2186614177,Manhattan,Delmonico's,restaurant,steak_house,40.705042,-74.0102055
node,2186614181,Manhattan,Hale & Hearty Soup,restaurant,,40.7051928,-74.0109499
node,2186614182,Manhattan,Harry's,restaurant,steak_house,40.7046606,-74.0097725
node,2186614185,Manhattan,Joseph's Ristorante,restaurant,italian,40.7048541,-74.0095999
node,2186614188,Manhattan,Lenwich,restaurant,breakfast;sandwich,40.7047709,-74.0088362
node,2186614191,Manhattan,The Original Soupman,restaurant,,40.7046731,-74.0089587
node,2195218446,Manhattan,Village Square Pizza,restaurant,pizza,40.7923725,-73.9738366
node,2226852197,Manhattan,Jean-Georges,restaurant,french,40.7689698,-73.9816665
node,2226853386,Manhattan,Gallo Nero,restaurant,italian,40.7598127,-73.9921572
node,2237276258,Manhattan,Tavern on Jane,restaurant,american,40.7382471,-74.0042816
node,2244644070,Manhattan,maman,restaurant,,40.7328961,-73.9934793
node,2273962587,Manhattan,Marseille,restaurant,french,40.7597501,-73.991404
node,2273968599,Manhattan,Westway Diner,restaurant,,40.7594365,-73.9916409
node,2273972179,Manhattan,Mama Mia 44SW,restaurant,italian,40.75972,-73.9919266
node,2279017957,Manhattan,Fumo,restaurant,italian,40.8028091,-73.9680501
node,2279536009,Manhattan,The Laurels,restaurant,mediterranean,40.7325595,-73.9850445
node,2279542456,Manhattan,IHOP,restaurant,breakfast;pancake,40.732808,-73.9855592
node,2287619730,Manhattan,Thai Terminal,restaurant,thai,40.7302647,-73.9838635
node,2287620130,Manhattan,Mokyo,restaurant,japanese,40.7271582,-73.9839133
node,2294803403,Manhattan,Burger Heaven,restaurant,burger,40.7601912,-73.9749707
node,2297545260,Manhattan,Gennaro,restaurant,italian,40.7916482,-73.9718511
node,2297753287,Manhattan,Mido,restaurant,japanese,40.7900622,-73.9735109
node,2297755493,Manhattan,French Roast,restaurant,,40.7876494,-73.9767024
node,2298854540,Manhattan,Poulet Sans Tête,restaurant,french,40.7894731,-73.9739492
node,2299770711,Manhattan,Crema,restaurant,,40.7396323,-73.996068
node,2299770712,Manhattan,da Umberto,restaurant,,40.7395688,-73.9959132
node,2300348734,Manhattan,Chote Nawab,restaurant,indian,40.7424809,-73.982394
node,2300348739,Manhattan,Haandi,restaurant,indian,40.7424095,-73.9824519
node,2300362286,Manhattan,Diner 24,restaurant,diner,40.7381852,-73.9833938
node,2300369399,Manhattan,Fred's,restaurant,,40.7856847,-73.9767189
node,2302036726,Manhattan,Cafe Joul,restaurant,french,40.7585693,-73.9625656
node,2302043647,Manhattan,Applebee's,restaurant,american,40.8743152,-73.9096457
node,2307164626,Manhattan,Barn Joo Nomad,restaurant,korean,40.7460666,-73.9902685
node,2307167700,Manhattan,Izumi,restaurant,sushi,40.7468975,-73.9922271
node,2310498469,Manhattan,Marlow Bistro,restaurant,italian,40.802903,-73.9641533
node,2312065724,Manhattan,Carmine's,restaurant,italian,40.7911041,-73.9740198
node,2312065757,Manhattan,Smoke Jazz & Supper Club,restaurant,american,40.8011187,-73.9682057
node,2322155492,Manhattan,Hell's Kitchen,restaurant,mediterranean,40.7566987,-73.9941361
node,2328223904,Manhattan,The Hummus & Pita Co.,restaurant,,40.7391381,-73.9957765
node,2328279411,Manhattan,J's Pizza,restaurant,,40.7398784,-73.9989355
node,2332341891,Manhattan,Ponte's,restaurant,italian,40.723424,-74.0104811
node,2334601455,Manhattan,M-Thai,restaurant,thai,40.744378,-73.9988791
node,2345795302,Manhattan,Good Enough To Eat,restaurant,american,40.7859964,-73.9727711
node,2348610318,Manhattan,Cañave,restaurant,,40.864409,-73.9288983
node,2351558462,Manhattan,Kashmir 9,restaurant,pakistani,40.7549873,-73.9948837
node,2351558467,Manhattan,Bombay Tandoori,restaurant,,40.7546155,-73.9949991
node,2358048504,Manhattan,Capitaine,restaurant,seafood,40.7329531,-74.0076386
node,2358048510,Manhattan,North Square,restaurant,american;brunch,40.7323868,-73.9986529
node,2358048515,Manhattan,Waverly Diner,restaurant,diner,40.7331105,-74.0001672
node,2366519596,Manhattan,Chelsea Square Restaurant,restaurant,diner,40.7462866,-74.0012226
node,2366519598,Manhattan,Moran's,restaurant,american,40.7452438,-74.0056781
node,2377128144,Manhattan,Donnatella,restaurant,pizza,40.742976,-73.9998997
node,2377128150,Manhattan,Shaffer’s,restaurant,,40.7420517,-74.001097
node,2377128154,Manhattan,Grand Sichuan Eastern,restaurant,chinese,40.7425418,-74.0002463
node,2377128157,Manhattan,LOULOU,restaurant,,40.7426738,-74.0001725
node,2377128169,Manhattan,Lasagna Ristorante,restaurant,italian,40.7432349,-73.9997149
node,2377128176,Manhattan,Da Andrea,restaurant,italian,40.7420719,-74.0006086
node,2377128178,Manhattan,Rocking Horse Cafe,restaurant,mexican,40.7429148,-73.9999442
node,2377128179,Manhattan,Dim Sum Chelsea,restaurant,,40.7446356,-73.9986916
node,2377128183,Manhattan,$1 Pizza,restaurant,pizza,40.7462136,-73.9975429
node,2377128186,Manhattan,Temerarion,restaurant,mexican,40.7434448,-73.9995835
node,2377128195,Manhattan,Uncle Nick's Restaurant,restaurant,greek,40.749067,-73.995471
node,2384892236,Manhattan,The Ellington,restaurant,,40.8008613,-73.9682637
node,2384892243,Manhattan,Serafina,restaurant,,40.800492,-73.9682823
node,2407447000,Manhattan,Pad Thai,restaurant,thai;japanese,40.749979,-73.9953383
node,2407447001,Manhattan,Pio Pio Riko,restaurant,peruvian;chicken,40.750033,-73.995284
node,2407891431,Manhattan,The Pho 2,restaurant,,40.7457288,-73.998418
node,2408375729,Manhattan,Dallas BBQ,restaurant,barbecue,40.7456072,-73.9987643
node,2409398826,Manhattan,Nina's Great Burrito Bar,restaurant,mexican,40.7860514,-73.9727433
node,2409398831,Manhattan,Viand,restaurant,,40.7856099,-73.9725709
node,2409398838,Manhattan,The Consulate,restaurant,french,40.7858452,-73.9723966
node,2409935351,Manhattan,Chelsea Cottage's Viet Grill,restaurant,vietnamese,40.7460875,-74.0013739
node,2409935353,Manhattan,Famous Original Ray's Pizza,restaurant,pizza,40.7460286,-74.0014102
node,2409946234,Manhattan,The Meatball Company,restaurant,,40.7458946,-74.0014911
node,2410485653,Manhattan,Qanoon,restaurant,palestinian,40.7452195,-74.0020025
node,2411275799,Manhattan,Dil e Punjab Deli,restaurant,indian,40.7446425,-74.0024036
node,2411595316,Manhattan,Omai,restaurant,vietnamese,40.7442217,-74.0027401
node,2411595856,Manhattan,Tipsy Parson,restaurant,,40.7441697,-74.0027774
node,2411819330,Manhattan,Salinas,restaurant,spanish,40.7436469,-74.0031642
node,2412370159,Manhattan,Olde City,restaurant,sandwich,40.7435996,-73.98616
node,2414094435,Manhattan,Tarallucci e Vino,restaurant,italian,40.7843578,-73.973482
node,2443892142,Manhattan,La Vera Pizza,restaurant,pizza,40.7943168,-73.9724172
node,2451205652,Manhattan,Barney Greengrass,restaurant,bagel,40.7879651,-73.9745536
node,2470101867,Manhattan,Cantina Cubana,restaurant,cuban;mexican,40.7220509,-73.9832277
node,2477336967,Manhattan,Raoul's,restaurant,french,40.7262443,-74.002053
node,2478495089,Manhattan,BLT Fish,restaurant,seafood,40.738528,-73.993377
node,2478495091,Manhattan,Aldea,restaurant,spanish,40.7387251,-73.9937954
node,2478897572,Manhattan,Hollywood Diner,restaurant,diner,40.7387142,-73.9956231
node,2478897589,Manhattan,Flavabom,restaurant,,40.7394173,-73.9951134
node,2478897615,Manhattan,Guac Time,restaurant,mexican,40.7395596,-73.9954916
node,2479458329,Manhattan,Hakata TonTon,restaurant,japanese,40.7499004,-73.985695
node,2479519219,Manhattan,Dinosaur Bar-B-Que,restaurant,barbecue,40.8181449,-73.9608188
node,2482618660,Manhattan,American Cut,restaurant,steak,40.7191271,-74.0101564
node,2487458479,Manhattan,Golden Unicorn,restaurant,chinese,40.7136218,-73.9970903
node,2491354222,Manhattan,Katsu Hama,restaurant,japanese,40.7564397,-73.9775373
node,2491354223,Manhattan,Sushi-tei,restaurant,japanese,40.7563919,-73.9775762
node,2491359318,Manhattan,Go! Go! Curry!,restaurant,japanese,40.7544471,-73.9906058
node,2494160625,Manhattan,San Marzano,restaurant,italian,40.7279733,-73.9883791
node,2494160674,Manhattan,"Paul's ""Da Burger Joint""",restaurant,burger,40.7285199,-73.9879471
node,2494161089,Manhattan,Mr. Keke,restaurant,ramen,40.7290829,-73.990007
node,2501564501,Manhattan,Dim Sum Go Go,restaurant,chinese,40.7132723,-73.9977424
node,2501567185,Manhattan,Harlem Maison,restaurant,,40.8121987,-73.9516713
node,2501572681,Manhattan,Chat n Chew,restaurant,american;burger,40.7369154,-73.9920567
node,2516877509,Manhattan,Txikito,restaurant,basque,40.7473898,-74.0004115
node,2517051874,Manhattan,Riverpark,restaurant,american,40.7395197,-73.9734647
node,2522452461,Manhattan,Port Sa'id,restaurant,mediterranean,40.7279023,-74.0070286
node,2524934986,Manhattan,Sala Thai,restaurant,thai,40.780121,-73.9803132
node,2524934996,Manhattan,Gari Columbus,restaurant,japanese;sushi,40.7811731,-73.976285
node,2535746178,Manhattan,Arco Cafe,restaurant,sardinian,40.7987331,-73.9672189
node,2535746180,Manhattan,The Tang,restaurant,chinese,40.7999569,-73.9663012
node,2535746193,Manhattan,New Kam Lai,restaurant,chinese,40.7988031,-73.9671681
node,2535746194,Manhattan,Noche Mexicana,restaurant,mexican,40.7974215,-73.9681317
node,2535746197,Manhattan,Tacqueria 86,restaurant,mexican,40.7929735,-73.9721553
node,2535746198,Manhattan,Calaveras Corner,restaurant,mexican,40.8006621,-73.9657815
node,2535746202,Manhattan,Plum,restaurant,vietnamese,40.7930112,-73.9722352
node,2546985593,Manhattan,Dim Sum Palace,restaurant,chinese,40.7259382,-73.989838
node,2547036945,Manhattan,The GRID,restaurant,american,40.7279432,-73.9942997
node,2547067899,Manhattan,Ballato,restaurant,italian,40.7245967,-73.9945106
node,2547110366,Manhattan,Dos Caminos,restaurant,mexican,40.7266689,-73.9999718
node,2547114752,Manhattan,Linen Hall,restaurant,american;pub;brunch,40.7323434,-73.9876343
node,2547114904,Manhattan,Bánh Anh Em,restaurant,vietnamese,40.7322913,-73.987672
node,2547121461,Manhattan,Hags,restaurant,eclectic,40.7289736,-73.984523
node,2547121482,Manhattan,Love Mama,restaurant,malaysian;thai;vietnamese,40.7304045,-73.9861256
node,2547155241,Manhattan,Dumpling Xi,restaurant,chinese,40.731052,-73.9902313
node,2547155245,Manhattan,Tim Ho Wan,restaurant,dim_sum;chinese,40.7313326,-73.9901504
node,2547193376,Manhattan,Leon's,restaurant,continental,40.733256,-73.9914891
node,2547205472,Manhattan,Sauerkraut Fish,restaurant,chinese,40.732334,-73.9881047
node,2547208990,Manhattan,Glaze Teriyaki,restaurant,japanese;teriyaki,40.7343063,-73.9926464
node,2547208994,Manhattan,Osteria Figa,restaurant,,40.7342725,-73.99338
node,2547209021,Manhattan,Pranakhon,restaurant,thai,40.7336934,-73.9931603
node,2547223602,Manhattan,Manuela,restaurant,,40.725385,-74.000397
node,2547241551,Manhattan,La Pecora Bianca,restaurant,italian,40.723501,-73.9963078
node,2547241563,Manhattan,Santo Taco,restaurant,mexican,40.7213614,-73.997634
node,2547241584,Manhattan,Ruby's,restaurant,american;breakfast,40.7223038,-73.9962281
node,2547241630,Manhattan,Champers Social Club,restaurant,french;breakfast,40.7214887,-73.9988518
node,2547241666,Manhattan,Upside Pizza,restaurant,pizza,40.7221019,-73.9964217
node,2547242036,Manhattan,Jack’s Wife Freda,restaurant,mediterranean;american;brunch,40.7222872,-73.9973743
node,2547245925,Manhattan,Grand Street Social,restaurant,american,40.7198827,-73.9990098
node,2547246942,Manhattan,Rintintin,restaurant,mediterranean,40.7212696,-73.9948289
node,2547246978,Manhattan,Thai Diner,restaurant,thai,40.7207443,-73.9957016
node,2547247040,Manhattan,Piacere,restaurant,italian,40.7196837,-73.9951032
node,2547247074,Manhattan,Ki Mi Ka,restaurant,asian;italian;eclectic,40.7205649,-73.9951708
node,2549926661,Manhattan,Sunny & Annie’s Deli,restaurant,,40.7246357,-73.9816786
node,2549928453,Manhattan,Tabetomo,restaurant,japanese,40.7268801,-73.9831148
node,2549933013,Manhattan,Ruby's Cafe,restaurant,australian,40.7436106,-73.9798874
node,2549952990,Manhattan,Mamazul Mexican Grill,restaurant,mexican,40.7444738,-73.9890362
node,2549960961,Manhattan,Hee Korean BBQ Grill,restaurant,korean,40.7453942,-73.9912033
node,2550012191,Manhattan,Bar Moga,restaurant,japanese;cocktails,40.7277615,-74.0011504
node,2550012289,Manhattan,Mermaid Oyster Bar,restaurant,seafood,40.7291484,-74.00137
node,2550046876,Manhattan,Artichoke Pizza,restaurant,pizza,40.7299487,-74.0006561
node,2550046894,Manhattan,Senza Gluten,restaurant,italian;coffee,40.7290193,-74.0003692
node,2550051075,Manhattan,Saolea,restaurant,thai,40.7312727,-74.0003054
node,2550051106,Manhattan,Tue Thai Food,restaurant,thai,40.7338979,-73.9998082
node,2550067182,Manhattan,Amelie Wine Bar,restaurant,,40.7326969,-73.9976557
node,2550112940,Manhattan,Amber,restaurant,japanese,40.7761285,-73.9794669
node,2550112961,Manhattan,Il Violino,restaurant,italian,40.7750226,-73.9807865
node,2550551526,Manhattan,Super Burrito,restaurant,mexican,40.7289369,-74.0001861
node,2550551537,Manhattan,Marumi,restaurant,sushi,40.7289859,-73.9983587
node,2550551547,Manhattan,Springbone Kitchen,restaurant,soup,40.7298843,-73.9992546
node,2550784964,Manhattan,Bin 141,restaurant,,40.7238055,-73.9853496
node,2554956153,Manhattan,Sonnyboy,restaurant,australian,40.7205179,-73.9900978
node,2555098012,Manhattan,Da Gennaro,restaurant,italian,40.7182848,-73.9979936
node,2555098016,Manhattan,Jing Fong,restaurant,chinese,40.7188891,-73.9990644
node,2555098984,Manhattan,Umberto’s Clam House,restaurant,italian,40.7184479,-73.9976239
node,2555098986,Manhattan,La Nonna,restaurant,italian,40.7185144,-73.9975852
node,2555098987,Manhattan,Paesano's,restaurant,italian,40.7185789,-73.997542
node,2555099012,Manhattan,Caffe Napoli,restaurant,italian,40.7182017,-73.9977587
node,2555099021,Manhattan,Shoo Shoo Nolita,restaurant,mediterranean,40.7201124,-73.9961673
node,2555123793,Manhattan,Jisu Vegetarian,restaurant,chinese,40.7160659,-73.9953076
node,2555123807,Manhattan,Lena,restaurant,french,40.7191105,-73.9915999
node,2555123848,Manhattan,Ming Kee Kitchen,restaurant,chinese,40.7182655,-73.994642
node,2555128944,Manhattan,V-Nam Cafe,restaurant,vietnamese,40.7235425,-73.9880361
node,2555135956,Manhattan,TsuruTonTan,restaurant,japanese,40.7367779,-73.9910723
node,2562116088,Manhattan,Santo Taco,restaurant,,40.7338821,-73.9930035
node,2562374842,Manhattan,Oceans,restaurant,seafood,40.7375364,-73.9880227
node,2562374854,Manhattan,Tappo,restaurant,pizza,40.739375,-73.988712
node,2562432504,Manhattan,Rockmeisha,restaurant,japanese,40.7316362,-73.9828499
node,2562438634,Manhattan,Corner Social,restaurant,,40.8086893,-73.9451659
node,2562438637,Manhattan,Caribbean Starr,restaurant,caribbean,40.8070737,-73.9456305
node,2562442598,Manhattan,Lucia Pizza,restaurant,italian_pizza,40.7213965,-74.0043967
node,2562444051,Manhattan,Taureau,restaurant,fondue,40.7244662,-74.0056631
node,2562449527,Manhattan,Ueki,restaurant,sushi,40.7292006,-74.0038916
node,2562449550,Manhattan,Ama on Downing,restaurant,seafood,40.7293143,-74.0039637
node,2562450556,Manhattan,Charley Bird,restaurant,,40.7277301,-74.0028571
node,2562454103,Manhattan,Wolfnights - the gourmet wrap,restaurant,,40.7306001,-74.0025218
node,2562454109,Manhattan,Tacombi,restaurant,mexican,40.7310966,-74.0027945
node,2562463952,Manhattan,Via Carota,restaurant,italian,40.73311,-74.0036496
node,2563930242,Manhattan,Da Mikele,restaurant,italian,40.7185032,-74.0048891
node,2563985396,Manhattan,Funny BBQ 98,restaurant,chinese,40.7176912,-73.9954117
node,2563985397,Manhattan,Tofu Tofu,restaurant,korean;chicken,40.7176273,-73.995453
node,2563985399,Manhattan,Sapori,restaurant,italian,40.7174168,-73.9985548
node,2563985408,Manhattan,Il Cortile,restaurant,italian,40.7179541,-73.9981923
node,2563985409,Manhattan,Casa Bella,restaurant,italian,40.7180735,-73.9981277
node,2563986220,Manhattan,Nickel & Diner,restaurant,diner,40.7188128,-73.9995074
node,2563990327,Manhattan,Pasteur,restaurant,vietnamese,40.7167115,-73.9997085
node,2565698836,Manhattan,Benvenuto Cafe Tribeca,restaurant,,40.7193052,-74.0100953
node,2565702295,Manhattan,Yves,restaurant,,40.7201805,-74.009907
node,2565708098,Manhattan,One White Street,restaurant,,40.719282,-74.0059677
node,2565708108,Manhattan,Bubby's,restaurant,,40.7198226,-74.0084234
node,2565708227,Manhattan,Pepolino,restaurant,italian,40.7207599,-74.0048947
node,2565861094,Manhattan,M & J,restaurant,japanese;sushi,40.729234,-73.9780195
node,2567528714,Manhattan,Soda Club,restaurant,wine;pasta,40.7266906,-73.9798946
node,2567547039,Manhattan,Beauty & Essex,restaurant,,40.7204577,-73.9870469
node,2567547060,Manhattan,Serafina Ludlow,restaurant,italian,40.720194,-73.9884455
node,2567548319,Manhattan,Kalye,restaurant,filipino,40.7198585,-73.987917
node,2567553147,Manhattan,New Spicy Village,restaurant,chinese,40.7184544,-73.9916942
node,2567558483,Manhattan,Yuki Sushi,restaurant,sushi;japanese,40.7160572,-73.9922758
node,2567558503,Manhattan,Lian Jiang,restaurant,chinese,40.7143686,-73.9938106
node,2567561127,Manhattan,Sobak,restaurant,korean,40.7149394,-73.9916253
node,2567573171,Manhattan,Malatesta,restaurant,italian,40.7328272,-74.0084565
node,2569050392,Manhattan,Da Andrea,restaurant,italian,40.7361321,-73.995801
node,2569053997,Manhattan,Shu Han Ju,restaurant,,40.7355636,-73.9983744
node,2569065493,Manhattan,Wogies,restaurant,sandwich,40.7353785,-74.0005664
node,2569065499,Manhattan,Elephant and Castle,restaurant,,40.7362261,-74.0007468
node,2569069142,Manhattan,Empellon Taqueria,restaurant,,40.7341405,-74.0030338
node,2569070082,Manhattan,Sevilla,restaurant,,40.7348424,-74.0030609
node,2569259858,Manhattan,Cowgirl,restaurant,,40.7338239,-74.0064618
node,2569259873,Manhattan,Anton's,restaurant,american,40.7356858,-74.0058055
node,2569266641,Manhattan,Catch NYC,restaurant,seafood,40.7402994,-74.006242
node,2569266670,Manhattan,Valbella,restaurant,italian,40.7408702,-74.0070261
node,2569266715,Manhattan,Serafina,restaurant,,40.7396132,-74.0065802
node,2569267822,Manhattan,Cleo,restaurant,american;brunch,40.7380489,-74.0057854
node,2569269971,Manhattan,Arthur & Sons,restaurant,italian,40.7380098,-74.0040853
node,2573054489,Manhattan,Bobby Van's Steakhouse - Park Ave,restaurant,steak_house,40.7543448,-73.975626
node,2583212035,Manhattan,Verdello,restaurant,italian,40.8011509,-73.9617243
node,2583212038,Manhattan,Miss Mamie's Spoonbread Too,restaurant,american;southern,40.8014541,-73.9609048
node,2583212040,Manhattan,Koo Thai,restaurant,thai,40.7983898,-73.9632427
node,2592129908,Manhattan,Han Dynasty,restaurant,chinese,40.7875393,-73.9764459
node,2592129994,Manhattan,Miriam,restaurant,middle_eastern,40.7801424,-73.980766
node,2592130001,Manhattan,Eléa,restaurant,greek,40.7875985,-73.9766092
node,2592130002,Manhattan,RedFarm,restaurant,chinese,40.7820656,-73.9806301
node,2592130004,Manhattan,Serafina,restaurant,italian,40.782208,-73.9805845
node,2592130005,Manhattan,Gazala's,restaurant,druze;syrian,40.7845848,-73.9770343
node,2592264878,Manhattan,Blue Ginger,restaurant,japanese,40.7405843,-74.0016421
node,2592264880,Manhattan,Chelsea Ristorante Italiano,restaurant,italian,40.7406485,-74.0015951
node,2592264896,Manhattan,Ramen Ishida,restaurant,ramen,40.7405215,-74.0016881
node,2603955343,Manhattan,Ecuatoriana Restaurant,restaurant,ecuadorian,40.8241234,-73.9481734
node,2603955421,Manhattan,La Esquina del Salmon,restaurant,,40.8214023,-73.954469
node,2610440246,Manhattan,Burger Man,restaurant,,40.7604501,-73.9839884
node,2610440248,Manhattan,Pink Taco,restaurant,mexican,40.7554443,-73.987112
node,2610440251,Manhattan,La Pecora Bianca,restaurant,italian,40.7617606,-73.9844226
node,2611479030,Manhattan,Buffalo Wild Wings,restaurant,wings,40.7309843,-73.983062
node,2611479031,Manhattan,Fattoush,restaurant,mediterranean,40.7308818,-73.9831335
node,2611479035,Manhattan,Veeray Da Dhaba,restaurant,indian,40.7307963,-73.9827498
node,2611479038,Manhattan,Onion Tree Pizza Co,restaurant,pizza,40.7304977,-73.9829866
node,2611479042,Manhattan,Gena's Grill,restaurant,,40.7303986,-73.9830423
node,2611490850,Manhattan,Motorino,restaurant,pizza,40.7302858,-73.9839142
node,2611490851,Manhattan,S'MAC,restaurant,macaroni_and_cheese,40.7301897,-73.9836385
node,2611490853,Manhattan,Sao Mai,restaurant,vietnamese,40.7303381,-73.9835297
node,2613888352,Manhattan,Rosemary's,restaurant,italian,40.7558548,-73.970447
node,2621558446,Manhattan,Hill Country Barbecue Market,restaurant,barbecue,40.7442736,-73.9904326
node,2621558482,Manhattan,Latin American Restaurant,restaurant,latin_american,40.7443244,-73.9900461
node,2622180738,Manhattan,Pizza a Casa - Pizza School,restaurant,pizza,40.7163894,-73.9887152
node,2623550902,Manhattan,44 & X,restaurant,american,40.7609658,-73.994264
node,2623550909,Manhattan,The Marshal,restaurant,american,40.7612529,-73.994034
node,2630078319,Manhattan,Kofoo,restaurant,korean;deli,40.7427924,-73.9920482
node,2631523821,Manhattan,Mariella Pizza,restaurant,pizza,40.7692128,-73.9629325
node,2637741647,Manhattan,Water & Wheat,restaurant,italian,40.7900085,-73.9748353
node,2637741648,Manhattan,Effy's Café,restaurant,mediterranean,40.7929644,-73.9682281
node,2641379134,Manhattan,JR Sushi 2,restaurant,sushi,40.7152802,-74.009614
node,2652371191,Manhattan,V&T Pizzeria,restaurant,italian;pizza,40.8033532,-73.9638344
node,2676076063,Manhattan,Serra Alpina,restaurant,italian,40.7423105,-73.9898043
node,2676085860,Manhattan,Stix,restaurant,,40.739754,-73.9857245
node,2676085867,Manhattan,Pio Pio,restaurant,peruvian,40.7796578,-73.9471089
node,2676979135,Manhattan,Bond 45,restaurant,italian,40.7592344,-73.9863162
node,2678466842,Manhattan,Bubba Gump Shrimp Company,restaurant,seafood,40.7572318,-73.9863898
node,2678783476,Manhattan,Applebee's,restaurant,american,40.7614452,-73.9837559
node,2678783479,Manhattan,Ellen's Stardust Diner,restaurant,american,40.7618484,-73.9835031
node,2689589690,Manhattan,Blue Fin,restaurant,seafood,40.7592453,-73.9853339
node,2689589693,Manhattan,Havana Central,restaurant,,40.7583345,-73.9841851
node,2698702585,Manhattan,The Flame,restaurant,greek;diner,40.7685722,-73.985481
node,2702831833,Manhattan,Fatbird,restaurant,american,40.7410242,-74.0049583
node,2702857187,Manhattan,Jet's Pizza,restaurant,pizza,40.7430204,-74.0036128
node,2703043873,Manhattan,Oiji Mi,restaurant,korean,40.7396655,-73.9924935
node,2703044063,Manhattan,CAVA,restaurant,mediterranean,40.7416972,-73.9934425
node,2703083220,Manhattan,Malibu Diner,restaurant,diner,40.7438586,-73.9946656
node,2703092686,Manhattan,Fle-Fle Grill,restaurant,,40.7450671,-73.9983943
node,2703092691,Manhattan,Lions & Tigers & Squares Detroit Pizza,restaurant,pizza,40.74506,-73.9983358
node,2703169719,Manhattan,Grand Sichuan,restaurant,chinese,40.74735,-74.000974
node,2703242507,Manhattan,Shukette,restaurant,,40.7471473,-74.0005212
node,2703449252,Manhattan,Pennsylvania 6,restaurant,american,40.7483929,-73.9906659
node,2703449303,Manhattan,Niles NYC,restaurant,american,40.7488386,-73.9919696
node,2703449326,Manhattan,Sendo,restaurant,,40.7479225,-73.9889275
node,2703449330,Manhattan,Yong Kang Street,restaurant,noodle,40.7482027,-73.9887195
node,2704034237,Manhattan,Casa Mono,restaurant,tapas;spanish,40.7359257,-73.9871655
node,2704042931,Manhattan,Manhattan Indian Flavor,restaurant,indian,40.7350273,-73.9832212
node,2704042962,Manhattan,L'Angeletto,restaurant,italian,40.735401,-73.9829582
node,2704081049,Manhattan,Rolf's,restaurant,german,40.737989,-73.983522
node,2704104197,Manhattan,Bao Bao Cafe,restaurant,chinese,40.7408893,-73.9835474
node,2704110111,Manhattan,Mexico Lindo,restaurant,mexican,40.7397696,-73.9797637
node,2704114395,Manhattan,Sahara's,restaurant,turkish,40.7414352,-73.9785461
node,2704131493,Manhattan,Little Basil,restaurant,thai,40.7410605,-73.9822863
node,2704131516,Manhattan,Street Taco,restaurant,mexican,40.7408917,-73.981874
node,2704131545,Manhattan,Kailash Parbat,restaurant,indian,40.7420659,-73.9826947
node,2705024402,Manhattan,Chez Jacqueline,restaurant,,40.7282859,-74.0017773
node,2705025714,Manhattan,Marcella,restaurant,pizza,40.7280654,-74.0017062
node,2705025715,Manhattan,Song’ E Napule,restaurant,pizza;italian,40.7281274,-74.001839
node,2705025716,Manhattan,Comodo,restaurant,latin_american,40.727606,-74.0023607
node,2705029788,Manhattan,12 Chairs,restaurant,mediterranean,40.7275501,-74.0024076
node,2705031347,Manhattan,Mee Noodle Shop,restaurant,chinese,40.7653574,-73.9878362
node,2705031348,Manhattan,Norma,restaurant,italian,40.765547,-73.9876852
node,2706005871,Manhattan,Morton's The Steakhouse,restaurant,steak_house,40.7096869,-74.0139312
node,2706005872,Manhattan,Bill's Bar and Burger,restaurant,burger,40.7094546,-74.014076
node,2706009357,Manhattan,Skinos,restaurant,,40.709192,-74.0138424
node,2706606330,Manhattan,Insomnia Cookies,restaurant,cookie,40.8034774,-73.9637428
node,2706918154,Manhattan,Lahori Kabab,restaurant,pakistani,40.742323,-73.9828805
node,2706939803,Manhattan,Nonono,restaurant,,40.745401,-73.9848544
node,2707689757,Manhattan,Dear Margo,restaurant,,40.7689644,-73.9630886
node,2708083610,Manhattan,Jams,restaurant,,40.7647657,-73.9766475
node,2708133479,Manhattan,Estiatorio Milos,restaurant,,40.7636288,-73.9791548
node,2708133494,Manhattan,Astro Restaurant,restaurant,greek;diner,40.7632094,-73.9782428
node,2708133546,Manhattan,Soulvlaki GR,restaurant,greek,40.7646369,-73.9802846
node,2708164827,Manhattan,La Esquina,restaurant,mexican,40.764288,-73.981397
node,2708164917,Manhattan,Thai Chai Kitchen,restaurant,thai,40.7654403,-73.9835817
node,2709306570,Manhattan,Donsbogam Original,restaurant,asian,40.746788,-73.9843691
node,2709306713,Manhattan,BCD Tofu House,restaurant,korean,40.7475091,-73.9860606
node,2709335829,Manhattan,Vezzo,restaurant,pizza,40.7444593,-73.9813057
node,2709347075,Manhattan,Medium Rare,restaurant,steak_house,40.7453122,-73.9787228
node,2709493872,Manhattan,Pastrami and Grill,restaurant,,40.7552441,-73.9945593
node,2709629959,Manhattan,Snack EOS,restaurant,greek,40.7563648,-73.9939169
node,2709629964,Manhattan,La-Sani Grill,restaurant,mediterranean,40.7571191,-73.9938012
node,2709629973,Manhattan,Upside Pizza,restaurant,pizza,40.7551601,-73.9910642
node,2709702235,Manhattan,Mexicue,restaurant,mexican,40.7541088,-73.9860614
node,2709860719,Manhattan,Mémé Mediterranean,restaurant,mediterranean,40.7609011,-73.9947642
node,2709878727,Manhattan,Mr Bigg's Bar & Grill,restaurant,,40.7603332,-73.9947365
node,2709892566,Manhattan,Senza Gluten by Jemiko,restaurant,italian,40.7610811,-73.9941852
node,2709897865,Manhattan,The History,restaurant,,40.7605282,-73.9913287
node,2709897877,Manhattan,Kochi,restaurant,korean,40.7620108,-73.9935128
node,2709915241,Manhattan,Qi,restaurant,thai,40.7620625,-73.9897658
node,2709967732,Manhattan,Wondee Siam,restaurant,,40.7647706,-73.987788
node,2709967734,Manhattan,The Meatball Shop,restaurant,regional,40.7651951,-73.9874674
node,2710031782,Manhattan,Churrascaria Plataforma,restaurant,brazilian;steak_house,40.7620192,-73.987651
node,2710031799,Manhattan,Times Square Diner & Grill,restaurant,diner,40.7615479,-73.9868708
node,2710091465,Manhattan,Harry Cipriani,restaurant,italian,40.7643866,-73.972705
node,2710195176,Manhattan,Rubby Pizzeria Restaurant,restaurant,pizza,40.7687413,-73.9886105
node,2710845397,Manhattan,Villa Berulia,restaurant,italian,40.7469172,-73.9805077
node,2710917577,Manhattan,Mad Dog & Beans Mexican Cantina,restaurant,mexican,40.7507533,-73.9819745
node,2711029303,Manhattan,Mr Chow,restaurant,chinese,40.7587671,-73.9644197
node,2711174997,Manhattan,Yezo Isankaya,restaurant,thai,40.7542073,-73.968608
node,2711221740,Manhattan,The Smith,restaurant,american,40.7552632,-73.968022
node,2711232711,Manhattan,P.J. Clarke’s,restaurant,,40.7589826,-73.9682301
node,2711393424,Manhattan,Wollensky's Grill,restaurant,,40.755098,-73.9707185
node,2711393442,Manhattan,Tensai Udon House,restaurant,japanese,40.7559526,-73.9693724
node,2711639355,Manhattan,Barnes Bistro,restaurant,,40.7530685,-73.9716289
node,2711639380,Manhattan,Zara Terrace,restaurant,turkish;mediterranean,40.7524053,-73.9700918
node,2711639392,Manhattan,Angeletto,restaurant,italian,40.7531439,-73.9695683
node,2711692856,Manhattan,Yakiniku TORAJI,restaurant,japanese,40.7510434,-73.9727833
node,2714216773,Manhattan,La Chula,restaurant,mexican;tacos,40.7988313,-73.9416629
node,2714704296,Manhattan,Sam's Place,restaurant,italian,40.7493393,-73.9772354
node,2714704321,Manhattan,Take Care,restaurant,american;breakfast,40.7483628,-73.9781141
node,2714704324,Manhattan,Tam Sang,restaurant,thai,40.7493894,-73.9773773
node,2714777544,Manhattan,Sachi,restaurant,asian,40.7476501,-73.9740389
node,2714855288,Manhattan,Benjamin Prime,restaurant,steak_house,40.7515422,-73.9798731
node,2714855295,Manhattan,Serafina Italian Restaurant,restaurant,italian,40.7500156,-73.9811517
node,2714986490,Manhattan,Yakitori Torishin,restaurant,japanese,40.7650575,-73.987136
node,2714986493,Manhattan,Alfie's,restaurant,regional,40.7653775,-73.9873248
node,2715447755,Manhattan,Chop & Go,restaurant,,40.7591744,-73.9702294
node,2716012023,Manhattan,Sushiann,restaurant,sushi,40.7579822,-73.9742003
node,2716231113,Manhattan,Villa Fresh Italian Kitchen,restaurant,pizza,40.7572061,-73.9893098
node,2716231115,Manhattan,Dallas BBQ,restaurant,barbecue,40.7569552,-73.9887186
node,2717223248,Manhattan,Taco Vida,restaurant,mexican,40.7550594,-73.9888949
node,2717223348,Manhattan,Margaritaville,restaurant,,40.7550162,-73.9880032
node,2717293822,Manhattan,China River,restaurant,chinese,40.7582012,-73.9883065
node,2717293824,Manhattan,Carmine's,restaurant,italian,40.7575108,-73.9867126
node,2717293865,Manhattan,Frankie and Johnie's Steakhouse,restaurant,steak_house,40.7600472,-73.9888591
node,2717293878,Manhattan,Gui Steakhouse,restaurant,korean;american,40.7605323,-73.9870469
node,2717293880,Manhattan,John's Pizzeria,restaurant,italian,40.7582345,-73.9884017
node,2717323748,Manhattan,Nanking,restaurant,chinese,40.7615479,-73.9837434
node,2717323791,Manhattan,La Masseria,restaurant,italian,40.7608991,-73.986314
node,2717542956,Manhattan,Butterflied Chicken,restaurant,,40.7557612,-73.9805909
node,2717543271,Manhattan,Fogo de Chão,restaurant,brazilian;steak_house,40.7611533,-73.9779162
node,2717836837,Manhattan,Sushi Ginza,restaurant,sushi,40.7591533,-73.9625239
node,2717862924,Manhattan,Moti Mahal Delux,restaurant,indian,40.7620819,-73.9603873
node,2717862940,Manhattan,Ritz Diner,restaurant,diner,40.7617205,-73.9606568
node,2718031019,Manhattan,Felice 64,restaurant,italian,40.7625623,-73.9596
node,2718042362,Manhattan,Il Postino,restaurant,italian,40.7637327,-73.9676111
node,2718050718,Manhattan,Loco Coco,restaurant,smoothie,40.7650653,-73.965936
node,2721574113,Manhattan,Pongsri,restaurant,thai,40.7606849,-73.9865304
node,2721574118,Manhattan,An'nam,restaurant,vietnamese;japanese,40.7606569,-73.9864408
node,2722711709,Manhattan,Emmett's,restaurant,american;pizza,40.7273671,-74.0025442
node,2722711716,Manhattan,Raku Soho,restaurant,japanese,40.7273101,-74.0025925
node,2722712554,Manhattan,Villa Mosconi,restaurant,italian,40.7285324,-74.0018748
node,2722720658,Manhattan,Da Silvano,restaurant,italian,40.7289641,-74.0022949
node,2722857800,Manhattan,Friedman's,restaurant,,40.75965,-73.985965
node,2722857817,Manhattan,Glass House Tavern,restaurant,,40.7599261,-73.9866455
node,2722857832,Manhattan,Dilli Dilli,restaurant,indian,40.7598975,-73.9865625
node,2722857837,Manhattan,Trattoria Trecolori,restaurant,italian,40.7599596,-73.9867307
node,2723493279,Manhattan,Two Boots Pizza,restaurant,pizza,40.7645432,-73.961697
node,2723661031,Manhattan,Daniel,restaurant,french,40.7667776,-73.9675711
node,2723664157,Manhattan,LENOXTHAI,restaurant,thai,40.7638606,-73.9590987
node,2723743084,Manhattan,Chamoun's Way,restaurant,lebanese,40.7645085,-73.958622
node,2723749690,Manhattan,Donna Margherita,restaurant,italian;pizza,40.7664758,-73.9598292
node,2723749703,Manhattan,Patsy's Pizzeria,restaurant,pizza,40.7658031,-73.9576857
node,2723755307,Manhattan,Mission Ceviche,restaurant,peruvian,40.7691688,-73.957859
node,2723785759,Manhattan,THEP,restaurant,thai,40.7707302,-73.9571771
node,2723789296,Manhattan,A La Turka Restaurant,restaurant,turkish,40.7700896,-73.9576457
node,2723825029,Manhattan,Tang's Garden,restaurant,chinese,40.7722902,-73.9589738
node,2723866745,Manhattan,Blenoir Crêpes and Cafe,restaurant,crepe,40.7690481,-73.9633799
node,2723972058,Manhattan,Hunan Delight Matsuya,restaurant,chinese;japanese,40.7706945,-73.9511705
node,2723975578,Manhattan,Ikyu Sushi,restaurant,sushi;japanese,40.7709875,-73.9539139
node,2723975579,Manhattan,Spice,restaurant,thai,40.7711933,-73.9537403
node,2723975581,Manhattan,Nightly's Bar and Bistro,restaurant,,40.7724775,-73.9554399
node,2724051411,Manhattan,Chirping Chicken,restaurant,chicken,40.7744908,-73.9539936
node,2724054779,Manhattan,Flex Mussels,restaurant,seafood,40.7754167,-73.9562405
node,2724082968,Manhattan,Gracie's Diner,restaurant,diner,40.7771749,-73.9524957
node,2724095355,Manhattan,Mimi's Pizza,restaurant,pizza,40.7785582,-73.9529641
node,2724113139,Manhattan,Catch n' Chop,restaurant,steak; seafood,40.7813175,-73.9523876
node,2724113143,Manhattan,Al-Badawi,restaurant,middle_eastern; palestinian,40.7799787,-73.9504323
node,2724189347,Manhattan,Amber,restaurant,sushi,40.7749423,-73.957062
node,2724212862,Manhattan,Lexington Candy Shop,restaurant,diner,40.7775102,-73.9572158
node,2724232183,Manhattan,fresh&co,restaurant,health_food;american,40.7787743,-73.9562897
node,2724236509,Manhattan,Bocado Cafe,restaurant,american,40.7802154,-73.9548959
node,2727176211,Manhattan,Park Café,restaurant,american,40.7642327,-73.9807509
node,2727176217,Manhattan,Redeye Grill,restaurant,seafood,40.7650918,-73.9805946
node,2744832045,Manhattan,The Greek Kitchen,restaurant,greek,40.7697543,-73.9883234
node,2744875804,Manhattan,Atlantic Grill,restaurant,seafood,40.7720849,-73.9813978
node,2744981556,Manhattan,Empire Szechuan,restaurant,chinese,40.77522,-73.9801757
node,2745010771,Manhattan,Bondi Sushi,restaurant,sushi,40.7773213,-73.9818066
node,2745038464,Manhattan,Cafe Luxembourg,restaurant,french,40.777411,-73.9831224
node,2745087243,Manhattan,Shinbashi 72,restaurant,japanese,40.7788967,-73.9827653
node,2745119745,Manhattan,Felice Columbus,restaurant,italian,40.7769663,-73.9793341
node,2745359378,Manhattan,Simply Noodles,restaurant,chinese,40.7788474,-73.9812288
node,2745370256,Manhattan,Salumeria Rosi,restaurant,italian;tuscan,40.7793592,-73.9808591
node,2745418631,Manhattan,Asset,restaurant,,40.7795342,-73.9769922
node,2745436339,Manhattan,Sempre Oggi,restaurant,italian,40.7803309,-73.9799393
node,2745450969,Manhattan,,restaurant,,40.7795405,-73.977468
node,2745500689,Manhattan,New Cottage Restaurant,restaurant,chinese,40.7831711,-73.980799
node,2745543217,Manhattan,Swagat,restaurant,indian,40.7835143,-73.9778183
node,2745558099,Manhattan,Uno Pizzeria & Grill,restaurant,pizza,40.7832166,-73.9748026
node,2745602443,Manhattan,La Sirène,restaurant,,40.7838129,-73.978072
node,2753047291,Manhattan,Boulevard Grill,restaurant,,39.1697953,-96.5971574
node,2758255864,Manhattan,Bodega 88,restaurant,,40.7874733,-73.9712259
node,2758274712,Manhattan,Vive La Crepe!,restaurant,crepe,40.7863208,-73.9725206
node,2758547204,Manhattan,Mila Cafe,restaurant,greek,40.7914865,-73.9688503
node,2758640952,Manhattan,Peacefood Cafe,restaurant,,40.7852776,-73.9770179
node,2758662008,Manhattan,New Kam Lai,restaurant,chinese,40.7869241,-73.9758011
node,2758709691,Manhattan,Maison Pickle,restaurant,breakfast,40.7870205,-73.9779679
node,2759055223,Manhattan,Bodrum,restaurant,mediterranean,40.7893232,-73.9740535
node,2759055296,Manhattan,Yavsouvlaki,restaurant,greek,40.7895922,-73.9738568
node,2759055318,Manhattan,Dragon 89,restaurant,chinese,40.7900181,-73.9735411
node,2759055341,Manhattan,Chick Chick,restaurant,chicken,40.7902226,-73.9733936
node,2759235699,Manhattan,Holy Schnitzel,restaurant,,40.7914735,-73.9724809
node,2759235829,Manhattan,Talia's Steakhouse,restaurant,steak_house,40.7919611,-73.9721475
node,2759235843,Manhattan,Shawarma Shabazi,restaurant,mediterranean;israeli,40.7920135,-73.9721099
node,2759235855,Manhattan,Sushi Tokyo,restaurant,sushi,40.7917348,-73.9723098
node,2759308655,Manhattan,Rancho Tequileria,restaurant,mexican,40.7933325,-73.9711112
node,2759308678,Manhattan,La Nueva Victoria Restaurant,restaurant,spanish;mexican,40.7937683,-73.972093
node,2759522536,Manhattan,Baazi,restaurant,indian,40.7955918,-73.9707481
node,2761464888,Manhattan,Flor De Mayo,restaurant,chinese;peruvian,40.7977664,-73.9698654
node,2761499681,Manhattan,Sal & Carmine Pizza,restaurant,pizza,40.7983365,-73.9694327
node,2761520411,Manhattan,Ollie's,restaurant,chinese,40.799428,-73.9687022
node,2761520412,Manhattan,Cajun Halal Platters,restaurant,cajun,40.7995109,-73.968661
node,2761520418,Manhattan,Zurna,restaurant,falafel,40.7997453,-73.9685447
node,2761533833,Manhattan,Café du Soleil,restaurant,french,40.8000965,-73.9683967
node,2761564518,Manhattan,Traviata Pizza II,restaurant,pizza,40.8012195,-73.9681803
node,2761570403,Manhattan,Benny’s Chao King,restaurant,chinese,40.7982983,-73.9638001
node,2761578489,Manhattan,Longwood Fish Market,restaurant,seafood,40.7980144,-73.9635291
node,2761593514,Manhattan,Saiguette,restaurant,vietnamese,40.7990256,-73.9627891
node,2761630143,Manhattan,Hinds Hall,restaurant,palestinian,40.8005107,-73.9654148
node,2761641648,Manhattan,Halal Chicks,restaurant,,40.7999441,-73.9621165
node,2761641649,Manhattan,Super Nice Pizza,restaurant,pizza,40.8015676,-73.9646575
node,2761663411,Manhattan,Mizu Hibachi,restaurant,japanese,40.8007904,-73.9656898
node,2761663412,Manhattan,Bánh Shop House,restaurant,vietnamese,40.8008545,-73.9656397
node,2761671640,Manhattan,Amity Hall Uptown,restaurant,,40.802258,-73.9646355
node,2761677767,Manhattan,Roti Roll (Bombay Frankie),restaurant,indian,40.8025909,-73.9643696
node,2761809232,Manhattan,La Isla Restaurant,restaurant,latin_american,40.7902892,-73.9453843
node,2761818482,Manhattan,Sol Maya,restaurant,mexican,40.7905474,-73.9427168
node,2761822755,Manhattan,El Nuevo Caribeno,restaurant,caribbean,40.7916166,-73.9465711
node,2762327893,Manhattan,East Harlem Bottling Co,restaurant,american,40.7929592,-73.9455878
node,2762327901,Manhattan,Jaguar,restaurant,mexican,40.793587,-73.9451239
node,2762442267,Manhattan,Safari,restaurant,,40.8005894,-73.9527099
node,2762470556,Manhattan,Lalibela,restaurant,ethiopian,40.8023112,-73.9566682
node,2762553969,Manhattan,BIXI Harlem,restaurant,,40.8048187,-73.9548295
node,2765266916,Manhattan,Koronet Pizza,restaurant,pizza,40.8044412,-73.9661746
node,2765363739,Manhattan,Sapps,restaurant,japanese,40.8055983,-73.9653069
node,2765399915,Manhattan,Sam’s Famous Pizza,restaurant,pizza,40.7984191,-73.9415796
node,2765399935,Manhattan,El Nuevo Caridad,restaurant,dominican,40.7969303,-73.9380482
node,2765415641,Manhattan,Sandy Restaurant,restaurant,dominican,40.7972174,-73.9378376
node,2765449317,Manhattan,Rao’s,restaurant,italian,40.7939234,-73.9342665
node,2767707740,Manhattan,Kennedy Fried Chicken & Pizza,restaurant,,40.8142537,-73.9367717
node,2767863009,Manhattan,Empire Chinese Restaurant,restaurant,chinese,40.8191781,-73.940541
node,2767863013,Manhattan,Polanco Restaurant B.B.Q.,restaurant,,40.8192262,-73.9405059
node,2768136308,Manhattan,The Edge,restaurant,,40.8198671,-73.9460727
node,2768171701,Manhattan,The Grange,restaurant,american,40.8225009,-73.9493735
node,2768296947,Manhattan,The Handpulled Noodle,restaurant,chinese,40.8284123,-73.94869
node,2768296962,Manhattan,At The Wallace,restaurant,american,40.8286652,-73.948469
node,2768405698,Manhattan,Nikko Hibachi Asian Fusion,restaurant,japanese;fusion;sushi,40.8114761,-73.9579151
node,2768418995,Manhattan,Bar 314,restaurant,pizza;italian,40.8141651,-73.9597532
node,2768419000,Manhattan,Max Soha,restaurant,pasta;soup;wine;steak,40.8112405,-73.9580424
node,2768450159,Manhattan,South of the Clouds,restaurant,,40.8082515,-73.9597714
node,2768451022,Manhattan,Pisticci,restaurant,italian,40.8141743,-73.9603481
node,2768451029,Manhattan,La Salle Dumpling Room,restaurant,dumpling;chinese,40.8140333,-73.9598316
node,2768459581,Manhattan,Jin Ramen,restaurant,,40.8153944,-73.9588496
node,2783626530,Manhattan,The Palm Restaurant,restaurant,,40.7516726,-73.9710941
node,2790840179,Manhattan,PaPi Pasta & Pizza,restaurant,pizza,40.7523035,-73.9894117
node,2796448525,Manhattan,Community Food & Juice,restaurant,american,40.8059481,-73.9657438
node,2797210304,Manhattan,Poke Station,restaurant,,40.8430348,-73.9394044
node,2797210306,Manhattan,La Dinastia Restaurant,restaurant,chinese; latin,40.8431777,-73.9393928
node,2797260694,Manhattan,Mi Paso,restaurant,salvadoran;mexican,40.8458772,-73.9387502
node,2797260695,Manhattan,Suross,restaurant,thai,40.8459748,-73.9387222
node,2797260698,Manhattan,El Sabor Nuevo,restaurant,latin_american,40.846117,-73.9386733
node,2797260699,Manhattan,Malecon,restaurant,dominican,40.8463658,-73.9386007
node,2797261799,Manhattan,Manolo,restaurant,,40.847173,-73.938357
node,2797261820,Manhattan,Poción Lounge,restaurant,dominican,40.847528,-73.938419
node,2797462932,Manhattan,Chicken Ranch,restaurant,chicken,40.8483931,-73.9324029
node,2797466263,Manhattan,Munchies,restaurant,caribbean,40.8488894,-73.9342703
node,2797524092,Manhattan,Au Jus,restaurant,barbecue,40.8492955,-73.9364209
node,2797589503,Manhattan,Saggio,restaurant,italian,40.851374,-73.9394905
node,2797600871,Manhattan,Refried Beans Mexican Grill,restaurant,mexican,40.8549554,-73.9371041
node,2797600873,Manhattan,Fresco's Pizzeria,restaurant,pizza,40.8551515,-73.9373517
node,2797600877,Manhattan,Yang Garden,restaurant,chinese,40.8552708,-73.9377099
node,2797628447,Manhattan,Grito,restaurant,mexican,40.8535476,-73.9308711
node,2797659824,Manhattan,Vegan Quick Bites by Next Stop Vegan,restaurant,,40.8559656,-73.9286418
node,2797681668,Manhattan,Tampopo Kitchen,restaurant,sushi;udon,40.8553005,-73.9371769
node,2797789439,Manhattan,Yummy Thai,restaurant,thai,40.8680756,-73.9204967
node,2823245288,Manhattan,Friedman's,restaurant,american;chinese;japanese,40.7149791,-74.0148379
node,2824828263,Manhattan,Umami Ramen,restaurant,,40.7050089,-74.0097706
node,2824828280,Manhattan,3 Times Dim Sum,restaurant,chinese,40.7033341,-74.0106724
node,2824828323,Manhattan,Smorgas Chef,restaurant,scandinavian,40.7043755,-74.0103859
node,2824828336,Manhattan,Bodega Gran Via,restaurant,,40.704458,-74.0102766
node,2825125211,Manhattan,Cobble & Co,restaurant,,40.7070094,-74.0035612
node,2825125230,Manhattan,Urban Cove Society & Kitchen,restaurant,global;american,40.707989,-74.0014511
node,2825125236,Manhattan,Cowgirl Seahorse,restaurant,southwestern;american,40.7082323,-74.0005339
node,2825288943,Manhattan,Wo-Hop,restaurant,chinese,40.714289,-73.9988678
node,2825288960,Manhattan,Shanghai 21,restaurant,,40.7144241,-73.9988882
node,2825288972,Manhattan,Buddha Bodai,restaurant,chinese,40.713865,-73.9987984
node,2826472442,Manhattan,Fei Tenc Seafood,restaurant,seafood,40.7138263,-73.9948732
node,2826472444,Manhattan,Shui Mei Cafe,restaurant,chinese,40.713556,-73.9947941
node,2826475506,Manhattan,The Comfort Diner,restaurant,diner,40.7522777,-73.9723289
node,2826571503,Manhattan,Eastwood,restaurant,mediterranean,40.7141721,-73.987061
node,2826581783,Manhattan,Saluggi's East,restaurant,italian;diner,40.7160067,-73.9874972
node,2826581784,Manhattan,Manousheh,restaurant,lebanese;middle_eastern,40.7159851,-73.9874254
node,2826801774,Manhattan,Caracas Arepa Bar,restaurant,,40.7198762,-73.9830171
node,2826842009,Manhattan,Balvanera,restaurant,argentinian,40.7205874,-73.9853737
node,2826842017,Manhattan,Remedy Diner,restaurant,diner,40.7217736,-73.9854765
node,2827035685,Manhattan,Hane,restaurant,japanese;sushi,40.7346437,-73.9797605
node,2827157728,Manhattan,Townhouse Diner,restaurant,diner,40.7469948,-73.9740131
node,2827168689,Manhattan,El Pote Español,restaurant,spanish,40.7475626,-73.973629
node,2848586054,Manhattan,Moon Kee,restaurant,chinese,40.7972702,-73.9695337
node,2871064852,Manhattan,Pizzeria O.K.,restaurant,,52.7629141,15.2544011
node,2890392801,Manhattan,Lupa,restaurant,italian,40.7276391,-74.000211
node,2892641901,Manhattan,Butterfly,restaurant,american,40.719376,-74.006475
node,2897876736,Manhattan,Otani,restaurant,sushi;ramen,40.70932,-74.008734
node,2897876738,Manhattan,Bento Sushi,restaurant,sushi,40.7099489,-74.0100671
node,2897876741,Manhattan,Square Diner,restaurant,american,40.718446,-74.007236
node,2902914463,Manhattan,Chelsea Market Passage,restaurant,,40.7428735,-74.0073403
node,2939154801,Manhattan,Cafe 82,restaurant,diner,40.785812,-73.9781778
node,2949604093,Manhattan,Tartine,restaurant,,40.7363207,-74.0034558
node,2949606712,Manhattan,New Green Bo,restaurant,asian,40.7155657,-73.998017
node,2973075956,Manhattan,Matts Grill,restaurant,,40.765484,-73.9835479
node,2973075958,Manhattan,,restaurant,,40.7658052,-73.9833111
node,2973086664,Manhattan,Donburiya,restaurant,japanese,40.7653013,-73.9832463
node,2973086665,Manhattan,Mughlai Indian Cuisine,restaurant,indian,40.7653274,-73.9833108
node,2973086666,Manhattan,Nocello,restaurant,italian,40.7653492,-73.983373
node,2973086668,Manhattan,Yakitori Totto,restaurant,japanese;izakaya,40.765264,-73.9831704
node,2975790643,Manhattan,Palace Restaurant,restaurant,diner,40.7610242,-73.9697542
node,2977035158,Manhattan,The Fitz,restaurant,,40.7605307,-73.969238
node,2977405748,Manhattan,Dos Caminos,restaurant,mexican,40.740579,-74.0054009
node,2985573624,Manhattan,Old Homestead Steakhouse,restaurant,,40.7412674,-74.0049042
node,2985673610,Manhattan,Shorty Tang Noodles,restaurant,,40.7402274,-74.0019425
node,2985849341,Manhattan,Paradou,restaurant,,40.739696,-74.0067809
node,2985849342,Manhattan,RH Rooftop Restaurant,restaurant,american,40.7400703,-74.0064799
node,2985849346,Manhattan,Revel,restaurant,italian,40.7397251,-74.006849
node,3008612564,Manhattan,Rare Bar and Grill,restaurant,burger,40.745629,-73.9937463
node,3040295633,Manhattan,The Australian NYC,restaurant,australian,40.7512973,-73.9838618
node,3041513139,Manhattan,Olio e Più,restaurant,italian,40.7337937,-73.9997745
node,3041538535,Manhattan,Extra Virgin,restaurant,italian,40.7353475,-74.0031806
node,3041548233,Manhattan,Bobo,restaurant,,40.7344098,-74.002602
node,3043957739,Manhattan,Jackson Hole,restaurant,diner,40.7461765,-73.977565
node,3046334738,Manhattan,Buenos Aires,restaurant,argentinian,40.7252275,-73.9831134
node,3055292583,Manhattan,Alcala,restaurant,spanish,40.7512208,-73.9717524
node,3056992407,Manhattan,Aretsky's Patroon,restaurant,,40.7534898,-73.9733112
node,3060726144,Manhattan,Toscana 49,restaurant,italian,40.7557306,-73.9722031
node,3064399843,Manhattan,Divya’s Kitchen,restaurant,indian,40.7237147,-73.9883625
node,3066339955,Manhattan,Bierhaus NYC,restaurant,german,40.752534,-73.9733861
node,3068326556,Manhattan,Keens Steakhouse,restaurant,steak,40.750773,-73.9864091
node,3079037402,Manhattan,Benoit,restaurant,french,40.7625321,-73.9772542
node,3079037403,Manhattan,Bice,restaurant,italian,40.7626071,-73.9775243
node,3079037405,Manhattan,Il Corso,restaurant,italian,40.762485,-73.9771512
node,3142935176,Manhattan,Sushi of Gari,restaurant,sushi,40.7713448,-73.95278
node,3145937665,Manhattan,Izakaya NoMad,restaurant,japanese,40.7440806,-73.9894469
node,3147863534,Manhattan,Dudleys,restaurant,australian,40.7180802,-73.9903664
node,3147863535,Manhattan,Cafe Katja,restaurant,austrian,40.7177277,-73.9905476
node,3147863536,Manhattan,Sticky Rice,restaurant,thai,40.717982,-73.9904169
node,3147863539,Manhattan,Barrio Chino,restaurant,mexican,40.7179789,-73.9900488
node,3147883111,Manhattan,Mictlān,restaurant,mexican,40.7152437,-73.991827
node,3147883113,Manhattan,Bar Belly,restaurant,oyster;pizza;charcuterie;snack,40.7151349,-73.9916523
node,3147883115,Manhattan,Bacaro,restaurant,italian,40.7145382,-73.9916726
node,3151692835,Manhattan,Inatesso,restaurant,,40.7059851,-74.0170998
node,3179745212,Manhattan,Tenjou,restaurant,sushi,40.7421269,-73.9905046
node,3190230454,Manhattan,Open Kitchen,restaurant,american;korean;japanese;coffee_shop,40.7053184,-74.0100991
node,3201166294,Manhattan,One Two Thai,restaurant,thai,40.7455377,-73.9794683
node,3213784371,Manhattan,Aquavit,restaurant,scandinavian,40.7607818,-73.9721848
node,3214535330,Manhattan,Mikaku,restaurant,japanese;sushi,40.7214189,-73.9969231
node,3214617212,Manhattan,19 Cleveland,restaurant,israeli;mediterranean,40.7216382,-73.9972123
node,3215162128,Manhattan,Café Select,restaurant,,40.7217594,-73.9978239
node,3215162129,Manhattan,Osteria Morini,restaurant,italian,40.7219323,-73.9976726
node,3215166838,Manhattan,The Market Table,restaurant,,40.72978,-74.0037432
node,3215168668,Manhattan,The Grey Dog,restaurant,,40.7300039,-74.003915
node,3218149751,Manhattan,Ben's Pizzeria,restaurant,pizza,40.7303941,-74.0003007
node,3222528347,Manhattan,Blenheim,restaurant,,40.7376761,-74.0040101
node,3232923482,Manhattan,Mangia,restaurant,italian,40.7638701,-73.9765096
node,3235708621,Manhattan,Caffe Storico,restaurant,,40.779447,-73.9739529
node,3239326415,Manhattan,Luke's Lobster,restaurant,,40.7045322,-74.0109178
node,3246839599,Manhattan,Danji,restaurant,korean,40.7640857,-73.9867718
node,3246839601,Manhattan,Grasp Grill,restaurant,grill,40.7567197,-73.9771339
node,3246839603,Manhattan,Dravida,restaurant,indian;south_asian,40.7305241,-73.9833934
node,3246839605,Manhattan,Ootoya,restaurant,,40.7548801,-73.9859787
node,3248774672,Manhattan,Viand Cafe,restaurant,diner,40.7807958,-73.9810743
node,3248774697,Manhattan,La Pecora Bianca,restaurant,italian,40.7804446,-73.9763391
node,3248816729,Manhattan,Manny’s Bistro,restaurant,french,40.7762456,-73.9794042
node,3262539802,Manhattan,Friedman's,restaurant,american,40.7770545,-73.9783768
node,3271250887,Manhattan,Arte Cafe,restaurant,italian,40.7781493,-73.978758
node,3271250890,Manhattan,Tenzan,restaurant,sushi,40.778274,-73.9779356
node,3356089617,Manhattan,The Crooked Knife,restaurant,irish;coffee,40.7451081,-73.9842044
node,3356089618,Manhattan,Wine:30,restaurant,wine,40.7449212,-73.9837645
node,3356089622,Manhattan,Bella Napoli,restaurant,pizza,40.7457391,-73.9846188
node,3369517484,Manhattan,Sushi Yasaka,restaurant,japanese,40.7795747,-73.9834601
node,3369582794,Manhattan,Harvest,restaurant,,40.7777871,-73.9782956
node,3369582795,Manhattan,Shun Lee,restaurant,chinese,40.7728358,-73.9814252
node,3374115188,Manhattan,Osteria 106,restaurant,italian,40.7989278,-73.9616882
node,3427873393,Manhattan,Radina's Bakehouse,restaurant,,39.1748101,-96.5596388
node,3447383383,Manhattan,El Mitote,restaurant,mexican,40.775834,-73.9801978
node,3447527994,Manhattan,Brasserie Ruhlman,restaurant,,40.7591895,-73.9781127
node,3448719854,Manhattan,India Palace,restaurant,indian,40.7614174,-73.9601599
node,3448908338,Manhattan,Cucina Bene Pizza,restaurant,pizza,40.7060236,-74.0102403
node,3450800431,Manhattan,Heidelberg Restaurant,restaurant,german,40.7774664,-73.9518193
node,3450977039,Manhattan,Nara Sushi,restaurant,sushi,40.7037772,-74.010399
node,3451030436,Manhattan,Toloache,restaurant,mexican,40.7764768,-73.9566862
node,3451042735,Manhattan,The Simone,restaurant,italian,40.7768188,-73.9569853
node,3451054422,Manhattan,L'Osteria,restaurant,italian,40.7771504,-73.9571264
node,3451094409,Manhattan,Tandoor Oven,restaurant,indian,40.7770648,-73.9556075
node,3451449736,Manhattan,Roti,restaurant,mediterranean,40.7065252,-74.0071489
node,3452345665,Manhattan,Geisha Sushi,restaurant,sushi;japanese,40.8240742,-73.9518105
node,3463814923,Manhattan,Seoul Garden,restaurant,korean,40.7477981,-73.9872728
node,3491267497,Manhattan,Little Italy Pizza,restaurant,pizza,40.7918929,-73.9734655
node,3497534420,Manhattan,SIMÒ PIZZA,restaurant,pizza,40.7331382,-73.9932569
node,3497534425,Manhattan,Blossom,restaurant,,40.7332225,-73.9936043
node,3502137816,Manhattan,Knickerbocker Bar & Grill,restaurant,american,40.7319768,-73.9942396
node,3506087029,Manhattan,Mamoun's Falafel,restaurant,middle_eastern,40.7302366,-74.0004281
node,3507260979,Manhattan,Andrews NYC Diner,restaurant,american;diner,40.7516741,-73.9898634
node,3507260980,Manhattan,fresh&co,restaurant,,40.7484876,-73.9922019
node,3545220721,Manhattan,Baraka Buffet,restaurant,caribbean,40.8168869,-73.9460483
node,3545220728,Manhattan,Easy Corner,restaurant,jamaican,40.8150396,-73.9407349
node,3569401894,Manhattan,Tony's,restaurant,pizza,40.7643725,-73.9642919
node,3573441893,Manhattan,Wine Dive + Ktichen,restaurant,,39.1783814,-96.5617271
node,3573482094,Manhattan,Bar Pitti,restaurant,,40.7291334,-74.0021646
node,3573482096,Manhattan,Z Best pizza,restaurant,pizza,40.7633685,-73.9967152
node,3573482099,Manhattan,Fanelli Cafe,restaurant,italian;pub,40.7246074,-73.9987503
node,3573482100,Manhattan,Galaxy Diner,restaurant,diner,40.7611474,-73.9909011
node,3573482102,Manhattan,Hatsuhana,restaurant,sushi,40.7568939,-73.9769041
node,3573482103,Manhattan,Joe Allen,restaurant,,40.7601328,-73.9890604
node,3573482105,Manhattan,The Brazen Tavern,restaurant,,40.7594293,-73.9912351
node,3573482132,Manhattan,,restaurant,,40.729906,-74.001229
node,3577652948,Manhattan,Ippudo,restaurant,ramen,40.7309292,-73.990263
node,3577940193,Manhattan,Russian Samovar Restaurant and Piano Bar,restaurant,russian,40.7631875,-73.9847037
node,3581026177,Manhattan,Favela Cubana,restaurant,,40.7284192,-73.9981377
node,3581408493,Manhattan,Chateau Royale,restaurant,french;brunch,40.728719,-73.999578
node,3583482794,Manhattan,East Village Pizza,restaurant,pizza,40.7281808,-73.9851024
node,3583839637,Manhattan,Jadis Wine Bar,restaurant,french,40.7209937,-73.9910102
node,3586089705,Manhattan,Bill's Bar & Burger,restaurant,burger,40.7593743,-73.9775501
node,3588549121,Manhattan,Big Daddy's Diner,restaurant,american,40.7379106,-73.987753
node,3588566110,Manhattan,Grimaldi's Pizza,restaurant,pizza,40.741183,-73.9937782
node,3589024668,Manhattan,T & J Jamaican Flava,restaurant,caribbean,40.7872731,-73.9517102
node,3590689281,Manhattan,The District Bar & Restaurant,restaurant,,40.7839008,-73.950022
node,3596708393,Manhattan,Joselito Bar,restaurant,,40.724159,-73.9759768
node,3608032646,Manhattan,Balthazar,restaurant,french,40.7226578,-73.9981644
node,3608041636,Manhattan,Blue Ribbon,restaurant,american;japanese,40.7261431,-74.0025063
node,3608052274,Manhattan,Lil' Frankies,restaurant,italian;pizza,40.7235847,-73.9884552
node,3608053295,Manhattan,The Dutch,restaurant,,40.7265551,-74.0021692
node,3608616551,Manhattan,The Grey Dog,restaurant,sandwich;salad;brunch,40.7229657,-73.99576
node,3611236718,Manhattan,Wan Wan,restaurant,thai,40.7217467,-73.9964556
node,3612291899,Manhattan,Café Habana,restaurant,cuban,40.7228449,-73.9942284
node,3618193490,Manhattan,Arthur & Sons,restaurant,italian,40.7493521,-73.9767192
node,3618699797,Manhattan,Burger & Lobster,restaurant,burger;seafood,40.7400891,-73.993461
node,3620488531,Manhattan,Lim’s Kitchen,restaurant,chinese,40.7487201,-73.9738553
node,3623472008,Manhattan,Legacy Bar & Grill,restaurant,,40.8557131,-73.9333898
node,3623507882,Manhattan,La Cabana Salvadorena,restaurant,regional,40.8542688,-73.9334615
node,3627346235,Manhattan,Chez Messy,restaurant,spanish,40.8344857,-73.9451934
node,3627346237,Manhattan,La Libertad,restaurant,salvadoran;italian,40.8334187,-73.9450216
node,3632857383,Manhattan,Bill's Bar & Burger,restaurant,burger,40.7402703,-74.0056248
node,3637093539,Manhattan,Stage Door Deli,restaurant,pizza,40.7120307,-74.0097553
node,3661038140,Manhattan,Uptown Veg,restaurant,american,40.8055163,-73.9405433
node,3665314725,Manhattan,Authentic Spice,restaurant,indian,39.1858437,-96.5738943
node,3676764311,Manhattan,Kyuramen,restaurant,,40.7329227,-73.9867234
node,3676873366,Manhattan,Yaki Sushi,restaurant,sushi,40.7329802,-73.9860274
node,3676918484,Manhattan,For U,restaurant,chinese,40.7341491,-73.9862974
node,3676972134,Manhattan,Kati,restaurant,thai,40.7316957,-73.9829911
node,3716882407,Manhattan,Sotto 13,restaurant,pizza,40.7372924,-73.9991162
node,3738776597,Manhattan,The Cauldron,restaurant,british,40.7043498,-74.0104603
node,3775439864,Manhattan,Leonetta,restaurant,mediterranean,40.7445472,-73.9808994
node,3782798136,Manhattan,Takahachi,restaurant,japanese,40.7165871,-74.0079257
node,3784197522,Manhattan,Harry's Italian,restaurant,italian;pizza;pasta,40.7075376,-74.0068533
node,3785038150,Manhattan,Emmy Squared,restaurant,pizza,40.771011,-73.9874576
node,3785195846,Manhattan,Halal,restaurant,international,40.7699473,-73.9881217
node,3785201077,Manhattan,The Jin,restaurant,korean,40.7685706,-73.9887358
node,3785207683,Manhattan,Beijing,restaurant,chinese,40.7686619,-73.9886693
node,3793131884,Manhattan,Omakase 33,restaurant,japanese,40.7454859,-73.9793446
node,3793131887,Manhattan,Le Parisien,restaurant,french,40.7454071,-73.9791565
node,3793131889,Manhattan,Phoshime,restaurant,vietnamese;sushi,40.7453806,-73.9790932
node,3793135522,Manhattan,2nd Ave Deli,restaurant,diner,40.7451818,-73.9791899
node,3808846158,Manhattan,Pio Pio,restaurant,peruvian,40.7453465,-73.9776289
node,3808846161,Manhattan,Nom Nam,restaurant,vietnamese,40.7453284,-73.9775857
node,3808846162,Manhattan,Mira,restaurant,mediterranean,40.7454038,-73.9777651
node,3814464675,Manhattan,Elite Food Bar,restaurant,greek,40.7531876,-73.9681205
node,3819486904,Manhattan,Poco,restaurant,tapas,40.722528,-73.9828993
node,3819486905,Manhattan,Carnitas Ramirez,restaurant,mexican,40.7224776,-73.982765
node,3819501657,Manhattan,Maretta,restaurant,,40.7223864,-73.9830235
node,3822448405,Manhattan,La Loteria,restaurant,mexican,40.7307928,-74.004204
node,3822461834,Manhattan,Meskerem,restaurant,ethiopian,40.7299814,-74.0003769
node,3822494062,Manhattan,Miss Nellie's,restaurant,american,40.7591136,-73.9899354
node,3826810673,Manhattan,Anjappar,restaurant,indian,40.7425648,-73.9827028
node,3826815957,Manhattan,Taste from Everest,restaurant,nepalese,40.7422289,-73.9829503
node,3826815958,Manhattan,Bhatti,restaurant,indian,40.7421807,-73.9829817
node,3826816004,Manhattan,Pappali,restaurant,indian,40.7423183,-73.9833132
node,3826926964,Manhattan,California Pizza Kitchen,restaurant,pizza,40.7445423,-73.9834869
node,3831290762,Manhattan,Yoonkao Thai,restaurant,thai,40.7450461,-73.9759245
node,3831291384,Manhattan,Baby Bo's Cantina,restaurant,mexican,40.7450939,-73.9758895
node,3831591517,Manhattan,Pio Pio,restaurant,peruvian,40.7605928,-73.9945435
node,3832910158,Manhattan,Vatan,restaurant,indian,40.742351,-73.9803456
node,3833084948,Manhattan,John's Coffee Shop,restaurant,coffee_shop,40.7511092,-73.9715209
node,3833084950,Manhattan,The Casual Greek,restaurant,greek,40.7510584,-73.9715451
node,3837607014,Manhattan,Luke's Lobster,restaurant,seafood,40.7513492,-73.973221
node,3839134719,Manhattan,EONS Greek Food for Life,restaurant,greek,40.7452392,-73.9757831
node,3847565724,Manhattan,Pershing Square,restaurant,,40.7519669,-73.9777869
node,3854476657,Manhattan,Comodo,restaurant,,40.7395891,-73.9844966
node,3863328959,Manhattan,Bagatelle,restaurant,french,40.7397042,-74.0060257
node,3863997257,Manhattan,Saigon Shack,restaurant,vietnamese;coffee;noodle;sandwich,40.729691,-74.000637
node,3869566324,Manhattan,Bodhi Kosher Vegetarian Restaurant,restaurant,chinese,40.716357,-73.9991738
node,3888194452,Manhattan,Baar Baar,restaurant,indian,40.7244268,-73.9915125
node,3926398285,Manhattan,Variety Cafe,restaurant,,40.7073841,-74.012574
node,3932353662,Manhattan,Eleven Madison Park,restaurant,french;american,40.7415982,-73.9871904
node,3932353663,Manhattan,Le Bernardin,restaurant,french;seafood,40.7613945,-73.981691
node,3932353664,Manhattan,Masa,restaurant,sushi,40.7685324,-73.9827663
node,3932353665,Manhattan,Per Se,restaurant,american;french,40.7682549,-73.9828519
node,3933254460,Manhattan,Mari Vanna,restaurant,russian,40.7387966,-73.9885656
node,3938479924,Manhattan,Chloe,restaurant,burger;salad,40.7292022,-74.001033
node,3939671140,Manhattan,Aunt Bernie's,restaurant,american;continental,40.7459791,-73.9777094
node,3955492426,Manhattan,Jazz Standard,restaurant,,40.7422938,-73.983837
node,3956967453,Manhattan,Candle,restaurant,international,40.7418372,-73.9812232
node,3959756841,Manhattan,Maysville,restaurant,american,40.7441556,-73.9895824
node,3960139719,Manhattan,Osteria Laguna,restaurant,italian,40.7506394,-73.9737151
node,3960166158,Manhattan,Ben & Jack's Steakhouse,restaurant,steak_house,40.7448447,-73.9869413
node,3960166159,Manhattan,Nomad Tea Parlour,restaurant,chinese,40.7445855,-73.9875896
node,3966939347,Manhattan,Milleseme,restaurant,,40.744603,-73.9854712
node,3970473673,Manhattan,Fresh & Co,restaurant,,40.7439569,-73.9833596
node,3976829275,Manhattan,Muna,restaurant,indian,40.7535732,-73.9734874
node,3976829277,Manhattan,Curry and Tandoor,restaurant,indian,40.7536128,-73.9735973
node,3976832398,Manhattan,Sparks Steak House,restaurant,steak_house,40.752923,-73.9719424
node,3995212059,Manhattan,Sushiden,restaurant,japanese,40.7575093,-73.9764528
node,3995212060,Manhattan,Sushiden,restaurant,japanese,40.7600927,-73.9825066
node,4006284842,Manhattan,Miss Lily’s,restaurant,caribbean,40.7260148,-73.9837501
node,4006308109,Manhattan,KYU,restaurant,asian,40.7255749,-73.9951521
node,4009714818,Manhattan,The Grey Dog,restaurant,american,40.7406022,-74.0006577
node,4011618278,Manhattan,Gemini Diner,restaurant,diner,40.7454088,-73.975659
node,4011732597,Manhattan,At nine Restaurant & Bar,restaurant,thai,40.7587421,-73.9921724
node,4011732601,Manhattan,Pomodoro Italian Restaurant,restaurant,italian,40.7562731,-73.993975
node,4011732603,Manhattan,Trattoria Casa Di Isacco,restaurant,,40.7568531,-73.9935485
node,4043594359,Manhattan,Mighty Quinns Barbeque,restaurant,,40.7368066,-74.001398
node,4044849082,Manhattan,Morandi,restaurant,italian,40.7353587,-74.0014906
node,4045599201,Manhattan,The Waverly Inn,restaurant,american,40.7369557,-74.002226
node,4058593203,Manhattan,Cafe Cluny,restaurant,,40.7374393,-74.0039645
node,4070145531,Manhattan,Blossom- Chelsea,restaurant,,40.7454821,-74.0022829
node,4070145709,Manhattan,Patiala Indian Grill,restaurant,indian,40.753427,-73.9959744
node,4077041413,Manhattan,Il Punto Ristorante,restaurant,italian,40.7560797,-73.9945667
node,4085364218,Manhattan,Beyond Sushi,restaurant,sushi;asian,40.7633124,-73.9772025
node,4092436131,Manhattan,Bocca di Bacco,restaurant,italian,40.7446167,-74.0029356
node,4097224495,Manhattan,Bleecker Street Pizza,restaurant,pizza,40.7321893,-74.0034001
node,4113171309,Manhattan,The Sabieng Thai,restaurant,thai,40.7254779,-73.9870799
node,4113171310,Manhattan,Risotteria Melotti,restaurant,italian,40.7266246,-73.9883365
node,4114487389,Manhattan,Hong Kong Noodle Sariku Sushi,restaurant,chinese;sushi;thai,40.7443652,-73.9813808
node,4121144991,Manhattan,Cookshop,restaurant,,40.7457199,-74.0054281
node,4128896890,Manhattan,Bareburger,restaurant,,40.7671718,-73.9835181
node,4140525190,Manhattan,Aroy Dee Thai Kitchen,restaurant,thai,40.7097774,-74.0089148
node,4140591018,Manhattan,The Modern - The Bar Room,restaurant,french,40.7610807,-73.9770877
node,4146280791,Manhattan,Pulqueria,restaurant,mexican,40.7144253,-73.9981968
node,4146358991,Manhattan,Ferns,restaurant,,40.7288511,-73.9841239
node,4146374199,Manhattan,Late Night Ramen at Takashi,restaurant,,40.7314115,-74.0064867
node,4146374200,Manhattan,Streecha Ukrainian Kitchen,restaurant,ukrainian,40.7284522,-73.9889619
node,4146376405,Manhattan,Gaonnuri,restaurant,korean,40.7478213,-73.9878356
node,4149450808,Manhattan,ABA Turkish Restaurant,restaurant,turkish,40.7674386,-73.9839741
node,4149649615,Manhattan,Rosemary's,restaurant,,40.734788,-73.9998597
node,4149654210,Manhattan,Tacombi,restaurant,mexican,40.7239825,-73.9937554
node,4151549326,Manhattan,Two Boots Pizza,restaurant,,40.7599556,-73.9917522
node,4151701793,Manhattan,Sushi of Gari,restaurant,,40.7606902,-73.9895916
node,4151719703,Manhattan,Mollyos,restaurant,,40.7592099,-73.9926165
node,4151778390,Manhattan,Pure Thai Cookhouse,restaurant,thai,40.7642433,-73.9881105
node,4151778391,Manhattan,Ippudo,restaurant,ramen,40.763547,-73.9865301
node,4159335789,Manhattan,Miss Lily's (Soho),restaurant,caribbean,40.7279837,-74.001356
node,4167956349,Manhattan,Take31,restaurant,korean,40.7462218,-73.9848538
node,4167956350,Manhattan,Her Name is Han,restaurant,korean,40.7461934,-73.9847787
node,4175145190,Manhattan,Marisco Centro,restaurant,,40.8519185,-73.932054
node,4176537295,Manhattan,Home Sweet Harlem,restaurant,,40.8193775,-73.9522582
node,4176635091,Manhattan,Unione Restaurant,restaurant,,40.8292567,-73.947944
node,4177039064,Manhattan,Spice Market,restaurant,asian,40.7404996,-74.006007
node,4181417794,Manhattan,Peking Duck House,restaurant,chinese,40.7146382,-73.9985571
node,4181467991,Manhattan,Piccola Strada,restaurant,italian,40.7266286,-73.9902161
node,4184564889,Manhattan,Walker's,restaurant,burger,40.7197094,-74.0070516
node,4188132390,Manhattan,Kung Fu Little Steamed Buns,restaurant,,40.7616147,-73.9868436
node,4189750278,Manhattan,Kafana,restaurant,serbian,40.7243534,-73.9784734
node,4190039995,Manhattan,Urban Space,restaurant,,40.7537677,-73.9779905
node,4193555491,Manhattan,Cho Dang Gol,restaurant,korean,40.7501714,-73.9863439
node,4198113799,Manhattan,Cafe China,restaurant,chinese,40.7515794,-73.9858142
node,4203185653,Manhattan,Roey's,restaurant,italian;pizza,40.735985,-74.0009044
node,4203545989,Manhattan,Creperie,restaurant,crepe,40.7295942,-74.0006325
node,4210170310,Manhattan,Mr. Taka Ramen,restaurant,ramen;japanese,40.721278,-73.9890275
node,4210173133,Manhattan,Momofuku Noodle Bar,restaurant,asian;japanese;noodle,40.7291861,-73.9843786
node,4216237581,Manhattan,BEA,restaurant,,40.7593617,-73.9924919
node,4221091789,Manhattan,Westville East,restaurant,american;salad;burger;fish,40.7284125,-73.9820074
node,4221481089,Manhattan,Benito One,restaurant,,40.7199982,-73.9969021
node,4224118981,Manhattan,Le Chéile,restaurant,,40.8514544,-73.9400045
node,4227592991,Manhattan,Rossopomodoro,restaurant,italian,40.7384326,-74.0020328
node,4231923696,Manhattan,Sylvia's Restaurant,restaurant,american;regional;seafood,40.8086285,-73.9445189
node,4234840590,Manhattan,Spice Symphony,restaurant,indian;chinese,40.7447024,-73.9811337
node,4236711150,Manhattan,Bella Napoli,restaurant,italian,40.7450974,-73.9947013
node,4243416297,Manhattan,Sartiano’s,restaurant,italian,40.7248056,-73.998682
node,4244823109,Manhattan,Sagaponack Bar & Grill,restaurant,seafood,40.7410206,-73.9907082
node,4250811240,Manhattan,Ningbo Cafe,restaurant,chinese,40.7080812,-74.0182068
node,4254615310,Manhattan,Jane,restaurant,,40.7273302,-74.000275
node,4260987502,Manhattan,Blue Hill,restaurant,american,40.7320396,-73.9995703
node,4262776953,Manhattan,Franchia,restaurant,asian,40.7475456,-73.9813305
node,4273997364,Manhattan,BaoDega,restaurant,,40.7401241,-73.9917722
node,4278152903,Manhattan,Tampico,restaurant,mexican,40.7203148,-73.9932662
node,4278330892,Manhattan,Gallaghers Steakhouse,restaurant,american;steak_house,40.7628531,-73.9838317
node,4278854991,Manhattan,Sons of Essex,restaurant,,40.7202021,-73.9875286
node,4284788108,Manhattan,Le Botaniste,restaurant,international,40.7650017,-73.9659528
node,4284811306,Manhattan,Nom Wah Tea Parlor,restaurant,chinese,40.7144593,-73.9981968
node,4293765088,Manhattan,ZLS BBQ,restaurant,,40.7385294,-73.9820254
node,4297408693,Manhattan,International Wings Factory,restaurant,chicken,40.7802569,-73.94668
node,4300313491,Manhattan,Dirt Candy,restaurant,,40.7178785,-73.9907886
node,4301475089,Manhattan,Bocca Di Bacco,restaurant,italian,40.766105,-73.9866537
node,4303213992,Manhattan,Tasty Deli,restaurant,,40.841789,-73.9390089
node,4303241989,Manhattan,Piora,restaurant,,40.730625,-74.0065313
node,4305816204,Manhattan,Westville Chelsea,restaurant,,40.7418162,-74.0000228
node,4305816205,Manhattan,Rubirosa,restaurant,pizza;italian,40.7227225,-73.9961142
node,4308132589,Manhattan,Berimbau do Brasil,restaurant,,40.7300608,-74.0036699
node,4310271991,Manhattan,The Little Owl,restaurant,,40.7322791,-74.0052939
node,4311338893,Manhattan,Pasta Eater,restaurant,italian,40.7635574,-73.9886665
node,4311369891,Manhattan,Pomodoro Rosso,restaurant,italian,40.7763934,-73.9793251
node,4311478190,Manhattan,Arias Hell's Kitchen,restaurant,,40.764055,-73.9880983
node,4316345593,Manhattan,Brooklyn Diner,restaurant,diner,40.7565134,-73.9857687
node,4316376191,Manhattan,Red Peony,restaurant,,40.7627204,-73.9759478
node,4317133391,Manhattan,Caravan of Dreams,restaurant,,40.7263027,-73.9857058
node,4317608790,Manhattan,Fossetta,restaurant,italian,40.7224046,-73.9885699
node,4317887892,Manhattan,Cosmic Diner,restaurant,american;breakfast;diner,40.7636131,-73.9849057
node,4320266594,Manhattan,The Best Sichuan,restaurant,chinese;szechuan,40.7564484,-73.9777452
node,4322641192,Manhattan,Jekyll and Hyde Club,restaurant,,40.7327694,-74.0030897
node,4324553594,Manhattan,Lava Shawarma,restaurant,mediterranean,40.7292267,-73.9988688
node,4326134893,Manhattan,Wolfgang's Steakhouse,restaurant,,40.7211681,-74.0097607
node,4329843790,Manhattan,Angelo Bellini,restaurant,italian,40.7571634,-73.9684577
node,4346186291,Manhattan,Pig Heaven,restaurant,chinese,40.7753842,-73.9567313
node,4346190189,Manhattan,Hillstone,restaurant,american,40.7580445,-73.9699967
node,4350615592,Manhattan,Island Burger and Shakes,restaurant,,40.7643365,-73.9880327
node,4352204390,Manhattan,Serendipity 3,restaurant,,40.7618022,-73.9649381
node,4353160594,Manhattan,Serendipity 3,restaurant,,40.7600052,-73.9665174
node,4355476801,Manhattan,Beetle House NYC,restaurant,,40.72708,-73.9880314
node,4357574290,Manhattan,Giorgio's of Gramercy,restaurant,,40.7396065,-73.9886459
node,4365154093,Manhattan,Planta,restaurant,,40.7444076,-73.9883231
node,4370603390,Manhattan,St Kilda Coffee,restaurant,coffee_shop,40.7607499,-73.9905025
node,4375696312,Manhattan,Trattoria Pesce Pasta,restaurant,italian;seafood,40.7311855,-74.0031019
node,4385240481,Manhattan,The View Restaurant & Lounge,restaurant,american,40.758744,-73.986415
node,4392870291,Manhattan,Da Marcella,restaurant,,40.7277469,-74.0020266
node,4396459593,Manhattan,Jazba,restaurant,indian,40.7316574,-73.9856935
node,4396465094,Manhattan,Momofuku Nishi,restaurant,asian,40.7443392,-73.9987769
node,4402057816,Manhattan,TGI Fridays,restaurant,american,40.7065633,-74.0129228
node,4406319594,Manhattan,Black Tap,restaurant,burger;american,40.7238705,-74.004215
node,4412150567,Manhattan,Porteño,restaurant,argentinian,40.7504599,-74.0024185
node,4416202291,Manhattan,Joe Junior,restaurant,american;grill;seafood;diner,40.734635,-73.9859521
node,4420510490,Manhattan,Toribro Ramen,restaurant,ramen,40.7644404,-73.9875805
node,4422266667,Manhattan,Lincoln Ristorante,restaurant,italian,40.7733333,-73.983552
node,4423853691,Manhattan,Covina,restaurant,italian;mediterranean,40.7423513,-73.9833892
node,4423974194,Manhattan,Pizza Fresca,restaurant,pizza,40.7389487,-73.9889529
node,4426744326,Manhattan,bb.q Chicken,restaurant,korean;chicken,40.7415576,-73.9809256
node,4426826294,Manhattan,Blue Ribbon Brassiere,restaurant,american;barbecue;fine_dining,40.725453,-74.0030128
node,4426826906,Manhattan,Follia,restaurant,italian;pizza,40.7350082,-73.9857014
node,4426898490,Manhattan,Eleni's Divine Greek Cuisine,restaurant,greek,40.7365634,-73.9850368
node,4427616693,Manhattan,P.F. Chang's,restaurant,asian,40.7343278,-73.9921829
node,4429201691,Manhattan,Minetta Tavern Restaurant,restaurant,burger,40.7299655,-74.0006297
node,4431347690,Manhattan,Arturo's Coal Oven Pizza,restaurant,,40.7273991,-74.0003974
node,4443479889,Manhattan,Ted's Montana Grill,restaurant,american,40.7607731,-73.9808203
node,4447034701,Manhattan,Virgil's Real BBQ,restaurant,,40.7568784,-73.9853179
node,4449731898,Manhattan,Yatenga French Bistro,restaurant,african;caribbean;french,40.8142327,-73.9441134
node,4454392489,Manhattan,Gyu-Kaku,restaurant,japanese;barbecue,40.7590854,-73.9898663
node,4455580390,Manhattan,Gyu-Kaku,restaurant,japanese;barbecue,40.7282161,-73.991431
node,4455991989,Manhattan,Lex Restaurant,restaurant,italian,40.7825319,-73.953693
node,4457730480,Manhattan,Rivington Pizza,restaurant,pizza,40.7190395,-73.9846805
node,4461697890,Manhattan,L & W Oyster Company,restaurant,seafood,40.7450031,-73.9873381
node,4461699892,Manhattan,ilili,restaurant,mediterranean,40.7443707,-73.98779
node,4468394389,Manhattan,La Sirène,restaurant,french,40.7244709,-74.0057117
node,4469982794,Manhattan,Fresh Salt,restaurant,,40.7070752,-74.0024625
node,4470005992,Manhattan,ACQUA,restaurant,italian,40.7082305,-74.0016978
node,4470023090,Manhattan,The Red Cat,restaurant,,40.7480925,-74.0041031
node,4470023190,Manhattan,Boqueria Soho,restaurant,tapas;spanish,40.7248202,-74.0022169
node,4470023992,Manhattan,The Fulton,restaurant,seafood,40.7053484,-74.0010549
node,4470023993,Manhattan,New Hua Xia Seafood Restaurant,restaurant,chinese,40.7139703,-73.9968991
node,4470028190,Manhattan,La Bonne Soupe,restaurant,french,40.7624058,-73.9769664
node,4470028590,Manhattan,Great NY Noodletown,restaurant,,40.7149725,-73.9970927
node,4470030390,Manhattan,EJ's Luncheonette,restaurant,diner,40.7704393,-73.9597626
node,4470030889,Manhattan,Café Fiorello,restaurant,italian,40.7717565,-73.9818595
node,4475172517,Manhattan,Corkbuzz,restaurant,american,40.7350302,-73.993152
node,4479637590,Manhattan,Utopia Diner,restaurant,diner;greek,40.7788149,-73.981253
node,4480292845,Manhattan,Maui Onion,restaurant,japanese,40.7444333,-73.9902995
node,4487461845,Manhattan,Sushi W,restaurant,japanese,40.7983688,-73.9694092
node,4492691093,Manhattan,Ariari,restaurant,korean,40.7272468,-73.98579
node,4502573289,Manhattan,Dubu Haus,restaurant,korean,40.7467647,-73.9848226
node,4503167568,Manhattan,Woorijip,restaurant,korean,40.7474399,-73.9864528
node,4503912490,Manhattan,Carnegie Diner & Cafe,restaurant,,40.7579319,-73.9821357
node,4504872489,Manhattan,Kisa,restaurant,korean,40.722836,-73.9889877
node,4506648692,Manhattan,Peasant,restaurant,italian,40.721733,-73.9944139
node,4507025555,Manhattan,Bryant Park Grill,restaurant,,40.7532049,-73.9829323
node,4509430011,Manhattan,INDAY,restaurant,indian,40.7438616,-73.9894745
node,4509434073,Manhattan,La Pecora Bianca,restaurant,italian,40.7437112,-73.9892129
node,4509843308,Manhattan,American Table Cafe,restaurant,cafe,40.773601,-73.9825772
node,4513926394,Manhattan,Sinigual,restaurant,mexican,40.7503349,-73.9750642
node,4527086687,Manhattan,Don Angie,restaurant,italian,40.7378039,-74.0019928
node,4551144664,Manhattan,Hudson Malone,restaurant,american,40.7572639,-73.9686379
node,4551157295,Manhattan,Cafe Mogador,restaurant,moroccan,40.7273469,-73.984402
node,4552992889,Manhattan,The Smith,restaurant,american,40.7442427,-73.9887217
node,4555818591,Manhattan,Satsko,restaurant,japanese,40.7245384,-73.9802202
node,4555837496,Manhattan,Blue-Park Kitchen,restaurant,american,40.7516202,-73.974679
node,4557494991,Manhattan,Olio e Più,restaurant,italian,40.732773,-73.9877871
node,4557537890,Manhattan,Soothr,restaurant,,40.7323273,-73.9873238
node,4557584378,Manhattan,La Dong,restaurant,vietnamese,40.7376427,-73.9912505
node,4557948221,Manhattan,Nolita Pizza,restaurant,pizza,40.7209123,-73.9961959
node,4561048492,Manhattan,CAVA,restaurant,mediterranean,40.7522516,-73.9736217
node,4561126589,Manhattan,David Burke Kitchen,restaurant,,40.7227812,-74.0048748
node,4562952595,Manhattan,Betony,restaurant,,40.7641941,-73.9764545
node,4571057189,Manhattan,Wa Jeal Sichuan Chili House,restaurant,chinese,40.7754148,-73.9532859
node,4585519689,Manhattan,Menkui Teu,restaurant,japanese;asian;noodle,40.7632437,-73.9771564
node,4587458727,Manhattan,Wagamama,restaurant,asian,40.743289,-73.9885756
node,4589167406,Manhattan,Dizen Goff,restaurant,mediterranean,40.7421092,-74.005517
node,4589454992,Manhattan,The National,restaurant,,40.7565537,-73.9721358
node,4589608994,Manhattan,Fiat Café,restaurant,italian,40.7214382,-73.995646
node,4591231254,Manhattan,Mulberry & Vine,restaurant,new_american,40.7452909,-73.9903934
node,4593242838,Manhattan,Baita by Birreria,restaurant,italian,40.7419337,-73.9898018
node,4604252268,Manhattan,Momoya,restaurant,japanese,40.7426475,-73.9964607
node,4611765242,Manhattan,Grill 212,restaurant,middle_eastern;grill,40.7841089,-73.9788151
node,4616328313,Manhattan,Socarrat Paella Bar,restaurant,spanish,40.7426481,-73.9995427
node,4617801350,Manhattan,The Cabin,restaurant,,40.7239695,-73.9838019
node,4629748728,Manhattan,La Nacional,restaurant,,40.7393804,-74.0012272
node,4637936849,Manhattan,Pierre Loti,restaurant,mediterranean;continental,40.7360901,-73.9874452
node,4638395922,Manhattan,Junoon,restaurant,indian,40.7431207,-73.9909146
node,4651010148,Manhattan,Taboonette,restaurant,middle_eastern,40.734646,-73.9927932
node,4652798789,Manhattan,Lubian Chinese Grilled Fish,restaurant,chinese;seafood,40.7606163,-73.9908082
node,4686173789,Manhattan,Mozzarella & Vino,restaurant,italian,40.7619597,-73.9772624
node,4687113395,Manhattan,Carve: Unique Sandwich,restaurant,,40.7602363,-73.9873789
node,4687199589,Manhattan,Adyar Ananda Bhavan,restaurant,indian,40.7497376,-73.9774652
node,4708888896,Manhattan,Fresh From Hell,restaurant,,40.7607941,-73.9886943
node,4708892894,Manhattan,Natsumi,restaurant,sushi;japanese,40.7617708,-73.9850779
node,4709047192,Manhattan,Antalia,restaurant,turkish,40.7559182,-73.9804278
node,4711117992,Manhattan,Yuca Bar & Restaurant,restaurant,american,40.7262151,-73.9835939
node,4714002691,Manhattan,Egg Shop,restaurant,breakfast;sandwich,40.7204398,-73.9951556
node,4714345894,Manhattan,Hana Michi,restaurant,japanese,40.7476739,-73.986996
node,4716523571,Manhattan,Sahara East,restaurant,middle_eastern,40.7294592,-73.9837203
node,4720357294,Manhattan,Friedman`s,restaurant,american,40.7552614,-73.9984356
node,4725247810,Manhattan,Demo,restaurant,new_american,40.7300299,-74.0030254
node,4725248791,Manhattan,Jack's Wife Freda,restaurant,,40.7298568,-74.0035384
node,4725248792,Manhattan,P.S. Burgers,restaurant,,40.7301922,-74.0033333
node,4725251649,Manhattan,Numero 28 Pizzeria,restaurant,,40.7301093,-74.0027854
node,4738808807,Manhattan,Pommes Frites,restaurant,fries,40.7300993,-74.0002841
node,4739202153,Manhattan,Locande Verde,restaurant,,40.7199242,-74.0099897
node,4739221813,Manhattan,Locande,restaurant,pizza,40.7204523,-74.0087431
node,4745476137,Manhattan,Loreley Beer Garden,restaurant,german,40.7213361,-73.9928125
node,4745482625,Manhattan,Spicy Moon,restaurant,chinese,40.7234427,-73.992596
node,4747234521,Manhattan,The Hudson,restaurant,,40.8688176,-73.9319524
node,4751507921,Manhattan,lupe's East L.A. Kitchen,restaurant,mexican,40.723681,-74.0045295
node,4755575514,Manhattan,Tender,restaurant,,40.7584335,-73.9831005
node,4755575516,Manhattan,Roxy Diner & Delicatessen,restaurant,burger;sandwich,40.7633892,-73.9818081
node,4757137103,Manhattan,Roxy Diner,restaurant,,40.7583293,-73.9886792
node,4757891123,Manhattan,Earls,restaurant,american,40.7873339,-73.9516565
node,4764733059,Manhattan,Ivan Ramen,restaurant,ramen;japanese,40.7205419,-73.9844418
node,4764733065,Manhattan,Ariel's Latin Bistro,restaurant,caribbean,40.7213435,-73.9840279
node,4764733068,Manhattan,Uncle Sam's Pizza,restaurant,pizza,40.7208152,-73.9843043
node,4768971123,Manhattan,Marylou,restaurant,french,40.7284935,-73.9871165
node,4771881059,Manhattan,One More Thai,restaurant,thai,40.7210877,-73.9839283
node,4773391724,Manhattan,Stanton Social,restaurant,,40.7212197,-73.9880769
node,4775571737,Manhattan,Hou Yi Hot Pot,restaurant,,40.7162008,-73.9925703
node,4775572071,Manhattan,Jin Ramen,restaurant,japanese,40.7853423,-73.9769585
node,4775572230,Manhattan,Taiwan Pork Chop House,restaurant,chinese,40.7142816,-73.9979466
node,4776954938,Manhattan,Serafina Fabulous Pizza,restaurant,italian,40.7761311,-73.9624593
node,4792129913,Manhattan,88 palace,restaurant,dim_sum,40.7139447,-73.9942578
node,4792165598,Manhattan,,restaurant,,40.7139194,-73.9935677
node,4794092321,Manhattan,Ruth's Chris Steak House,restaurant,american;steak_house,40.7613487,-73.9822791
node,4798955921,Manhattan,IHOP,restaurant,breakfast;pancake,40.8475193,-73.9378226
node,4799733303,Manhattan,Pebble Bar,restaurant,seafood,40.7592111,-73.9804982
node,4811903022,Manhattan,Los Tacos NYC,restaurant,,40.7265987,-73.9843126
node,4815675028,Manhattan,Johny's Luncheonette,restaurant,diner,40.7445513,-73.9929939
node,4816775623,Manhattan,Sobaya,restaurant,japanese,40.7295926,-73.9879292
node,4840395322,Manhattan,Deep Indian Kitchen,restaurant,indian,40.7657503,-73.9833487
node,4842467840,Manhattan,Roast Kitchen,restaurant,international,40.7536984,-73.9921149
node,4843851221,Manhattan,The Waylon,restaurant,,40.7647616,-73.9915059
node,4844210421,Manhattan,Mark's Off Madison,restaurant,italian,40.7424702,-73.9862953
node,4845866423,Manhattan,Nelson Blue,restaurant,grill,40.7075857,-74.0018061
node,4845866424,Manhattan,Barbalu,restaurant,italian,40.7074502,-74.0020779
node,4845866426,Manhattan,Dorlan's Tavern & Oyster Bar,restaurant,,40.707271,-74.0023954
node,4846131422,Manhattan,Dill & Parsley,restaurant,,40.7064877,-74.0067196
node,4848257929,Manhattan,Rebelle,restaurant,,40.7219422,-73.9936778
node,4848257932,Manhattan,Distilled,restaurant,american;coffee,40.7188968,-74.0063291
node,4848258121,Manhattan,Four Four South Village,restaurant,,40.7606384,-73.9903951
node,4848258525,Manhattan,Terra,restaurant,,40.719227,-74.0065567
node,4849652021,Manhattan,Le Gratin,restaurant,,40.7112644,-74.0066645
node,4849663224,Manhattan,Momoya,restaurant,japanese,40.7234888,-73.9957917
node,4850205425,Manhattan,Osteria del Porto,restaurant,,40.7073416,-74.0027202
node,4850227822,Manhattan,SUteiShi,restaurant,japanese,40.707782,-74.0018443
node,4850227824,Manhattan,The Hideaway Seaport,restaurant,american,40.7080782,-74.0020772
node,4850229121,Manhattan,Il Brigante,restaurant,italian;pizza,40.7073831,-74.002626
node,4850904721,Manhattan,Citizens of Chelsea,restaurant,,40.7479759,-74.0005778
node,4851501923,Manhattan,Joe's Ginger,restaurant,chinese,40.7148384,-73.998357
node,4860141023,Manhattan,Sauce & Barrel,restaurant,,40.7080225,-74.0143548
node,4860141724,Manhattan,No. 1,restaurant,chinese,40.7046891,-74.0105964
node,4867303121,Manhattan,Hooters,restaurant,burger,40.7502806,-73.9904398
node,4872523321,Manhattan,Famous Calabria Pizza,restaurant,pizza,40.7119244,-73.9993673
node,4872742422,Manhattan,Pranzo Pizza & Pasta,restaurant,pizza,40.7035882,-74.0100394
node,4872760421,Manhattan,Matryoshka,restaurant,russian,40.7090684,-74.0057404
node,4880872875,Manhattan,Limón Jungle,restaurant,mexican,40.7430465,-73.9961727
node,4881021657,Manhattan,Swine,restaurant,,40.7342421,-74.0064282
node,4909127621,Manhattan,Leon Bakery,restaurant,mexican,40.7621257,-73.9901556
node,4909127623,Manhattan,Abace Sushi,restaurant,japanese,40.7621602,-73.9901271
node,4909127625,Manhattan,Casa Agave,restaurant,mexican,40.762045,-73.9902183
node,4909127627,Manhattan,Sombrero,restaurant,mexican,40.761217,-73.987191
node,4909655522,Manhattan,Dominique Ansel Kitchen,restaurant,,40.7347972,-74.0018919
node,4913377711,Manhattan,KungFu Kitchen,restaurant,chinese,40.7555903,-73.9907507
node,4915258223,Manhattan,Westville,restaurant,,40.7048909,-74.0066253
node,4915258227,Manhattan,Golden Wuish,restaurant,chinese,40.7074441,-74.0066143
node,4925422622,Manhattan,Mark Joseph Steakhouse,restaurant,,40.7084019,-74.0014771
node,4927169621,Manhattan,Sophie's Cuban Cuisine,restaurant,caribbean,40.7089459,-74.0054867
node,4928962209,Manhattan,Chopped Parsley,restaurant,japanese,40.8259256,-73.9473575
node,4928962211,Manhattan,Mumbai Masala Indian Grill,restaurant,indian,40.8268145,-73.9466673
node,4930944423,Manhattan,Parm Battery Park City,restaurant,italian,40.7144941,-74.016133
node,4937245524,Manhattan,T.J. Byrnes,restaurant,irish,40.7090349,-74.0046918
node,4937245525,Manhattan,Squires Diner,restaurant,diner,40.7088587,-74.0040288
node,4937329121,Manhattan,Prince Street Pizza,restaurant,pizza,40.7229906,-73.9945851
node,4938688122,Manhattan,House of Joy,restaurant,asian,40.7149659,-73.9984077
node,4947115422,Manhattan,Spaghetti Incident,restaurant,italian,40.7223365,-73.9899431
node,4947130221,Manhattan,Rice to Riches,restaurant,,40.7219052,-73.9958088
node,4947135921,Manhattan,Masala Times,restaurant,indian,40.7292524,-74.0016278
node,4947717722,Manhattan,Meama,restaurant,georgian,40.7263816,-73.9890411
node,4947717723,Manhattan,Sushi Oku,restaurant,sushi;japanese,40.7153647,-73.9915333
node,4947722221,Manhattan,Gramercy Tavern,restaurant,american,40.7383894,-73.988414
node,4947749921,Manhattan,Perry St,restaurant,,40.7344402,-74.0098339
node,4947760421,Manhattan,Szechuan Gourmet,restaurant,chinese;tea,40.7523558,-73.9835488
node,4947761822,Manhattan,Kang Ho Dong Baekjeong,restaurant,,40.7470756,-73.9850776
node,4947762721,Manhattan,Kaijitsu,restaurant,,40.7498696,-73.9777147
node,4947767421,Manhattan,L'Appart,restaurant,,40.7122659,-74.0153279
node,4953706821,Manhattan,Altro Paradiso,restaurant,italian,40.7254542,-74.0047415
node,4969397721,Manhattan,Mughlai Indian Cuisine,restaurant,indian,40.721049,-73.9839492
node,4971119410,Manhattan,Hot Jalapeño Mexican Restaurant,restaurant,mexican,40.7976941,-73.9390545
node,4971985122,Manhattan,Tribeca's Kitchen,restaurant,american,40.7161674,-74.0071773
node,4972315823,Manhattan,George's New York,restaurant,,40.7078644,-74.0134822
node,4972322721,Manhattan,Wogies,restaurant,sandwich,40.7075864,-74.0134624
node,4976266820,Manhattan,Match 65,restaurant,,40.7672415,-73.9681374
node,4977281127,Manhattan,Spunto Thin Crust Pizza,restaurant,,40.7297927,-74.0046364
node,4978024823,Manhattan,L' Amore,restaurant,,40.7200616,-73.9972674
node,4980494073,Manhattan,Wimpy's Hamburger Place,restaurant,burger;american,40.7993,-73.935886
node,4987134521,Manhattan,Amy Ruth's,restaurant,southern;american,40.8024602,-73.9502299
node,4995849479,Manhattan,Trump Grill,restaurant,,40.7623774,-73.9739888
node,5005918101,Manhattan,Maialino,restaurant,trattoria,40.7384152,-73.9857609
node,5007572821,Manhattan,Bricola,restaurant,italian,40.7638883,-73.9882214
node,5015212723,Manhattan,Pepe Rosso,restaurant,italian,40.7279209,-74.0013375
node,5017262721,Manhattan,Bar Italia,restaurant,,40.7678887,-73.968481
node,5017262722,Manhattan,Nello,restaurant,,40.7657768,-73.9700287
node,5017835623,Manhattan,Nur,restaurant,,40.7386202,-73.9887321
node,5019124322,Manhattan,,restaurant,,40.7287239,-74.0000031
node,5019124421,Manhattan,The Sea Grill,restaurant,fish,40.7584571,-73.9782662
node,5026582327,Manhattan,Becco,restaurant,italian,40.7605173,-73.9900277
node,5026600021,Manhattan,Lattanzi,restaurant,italian,40.7605821,-73.9901543
node,5032403221,Manhattan,John's Pizza,restaurant,,40.7590021,-73.9882743
node,5041286121,Manhattan,Kikoo,restaurant,sushi,40.7280522,-73.9851965
node,5060721321,Manhattan,Carroll Place,restaurant,italian;pizza,40.7286314,-73.9997681
node,5061206121,Manhattan,Da Marino,restaurant,italian,40.7609089,-73.985336
node,5075011630,Manhattan,Nomad,restaurant,fine_dining,40.7448905,-73.9885998
node,5079331940,Manhattan,Friend of a Farmer,restaurant,new_american,40.7368477,-73.9868637
node,5087049881,Manhattan,Lolita's Kitchen,restaurant,mexican;burger,40.7822962,-73.9537168
node,5090749091,Manhattan,Barbaresco,restaurant,italian,40.765439,-73.9656562
node,5090752521,Manhattan,Lilli and Loo,restaurant,chinese;sushi,40.7635568,-73.9670208
node,5090753899,Manhattan,Jumieka Grand,restaurant,jamaican,40.7499785,-73.9772998
node,5097810483,Manhattan,Hearth,restaurant,italian,40.7299792,-73.9832142
node,5097819389,Manhattan,John's of 12th Street,restaurant,italian,40.7307115,-73.9854886
node,5099589357,Manhattan,Mint Masala,restaurant,indian,40.7294683,-74.001062
node,5101299223,Manhattan,Sale & Pepe,restaurant,,40.7070263,-74.0132592
node,5123007829,Manhattan,Patsy's Pizzeria,restaurant,italian,40.7971206,-73.9348001
node,5123314121,Manhattan,Mile End Deli,restaurant,,40.7257657,-73.9926595
node,5123352621,Manhattan,Pastrami Queen,restaurant,jewish,40.7743516,-73.9591659
node,5126143714,Manhattan,Reserve Cut,restaurant,steak_house;modern,40.7608201,-73.9706096
node,5135848733,Manhattan,The Capital Grille,restaurant,,40.7078716,-74.0102438
node,5137895930,Manhattan,Thonglor,restaurant,,40.7651552,-73.9879518
node,5142544476,Manhattan,Calle Dao,restaurant,cuban;chinese,40.7522319,-73.9841646
node,5143907528,Manhattan,Norma,restaurant,italian,40.7435153,-73.979957
node,5152316163,Manhattan,,restaurant,,40.7230602,-73.9973087
node,5154037340,Manhattan,KUNI sushi,restaurant,japanese,40.7317814,-74.003445
node,5163985623,Manhattan,Serafina,restaurant,,40.715813,-74.0087939
node,5163985624,Manhattan,The Odeon,restaurant,,40.716972,-74.0078817
node,5164012821,Manhattan,Tataki,restaurant,japanese,40.7206703,-74.0048609
node,5172045822,Manhattan,Guy’s American Kitchen & Bar,restaurant,,40.7575599,-73.9868366
node,5172092122,Manhattan,Neary’s,restaurant,irish,40.7583472,-73.963455
node,5175559548,Manhattan,Antique Garage,restaurant,,40.7214704,-74.0013728
node,5176756822,Manhattan,Lily’s,restaurant,,40.7121461,-73.9979687
node,5181119423,Manhattan,Cosme,restaurant,mexican,40.7395503,-73.9883884
node,5189146499,Manhattan,Sushi teria,restaurant,sushi,40.7483977,-73.9855536
node,5190742036,Manhattan,Turntable Chicken Jazz,restaurant,chicken,40.7482195,-73.9864149
node,5192896322,Manhattan,Bateaux New York,restaurant,,40.7470019,-74.0084506
node,5193274490,Manhattan,Casino,restaurant,french;italian,40.7139367,-73.9896705
node,5193359231,Manhattan,Spicy Village,restaurant,chinese,40.7170069,-73.993396
node,5193382596,Manhattan,Hanoi House,restaurant,asian,40.7269632,-73.9835719
node,5193469080,Manhattan,Le Coucou,restaurant,french,40.7190849,-74.0001395
node,5193508103,Manhattan,Lure Fishbar,restaurant,seafood,40.7246694,-73.9983531
node,5193554969,Manhattan,I Sodi,restaurant,italian,40.7334026,-74.0048765
node,5193578002,Manhattan,Shuko,restaurant,asian,40.7334964,-73.9915121
node,5193872436,Manhattan,The Breslin,restaurant,,40.7459976,-73.9881746
node,5195050821,Manhattan,New Moon,restaurant,chinese,40.7425277,-73.9777593
node,5209395821,Manhattan,Craft,restaurant,,40.7381171,-73.9886874
node,5209395822,Manhattan,Ayah Restaurant,restaurant,moroccan,40.7265987,-73.999651
node,5213130662,Manhattan,Crab House Times Square,restaurant,seafood,40.7550966,-73.9889837
node,5213820731,Manhattan,The Counter,restaurant,burger,40.7552841,-73.9868258
node,5213944830,Manhattan,Cafe Water,restaurant,,40.7370625,-73.9973172
node,5215515121,Manhattan,Dimes,restaurant,american,40.7149208,-73.9915629
node,5216127223,Manhattan,Dante,restaurant,,40.7287909,-74.0016623
node,5218361626,Manhattan,Dhaba,restaurant,indian,40.742372,-73.9828447
node,5218361627,Manhattan,Pongal,restaurant,indian,40.7424205,-73.9828108
node,5219851821,Manhattan,Tao,restaurant,diner;american;international;asian,40.7625746,-73.9714449
node,5223098154,Manhattan,Yung Sun Seafood Restaurant,restaurant,,40.7134411,-73.9958191
node,5224940635,Manhattan,Thai Kitchen,restaurant,thai,40.7593699,-73.9905606
node,5227511227,Manhattan,Petrarca Cucina e Vino,restaurant,italian,40.7189298,-74.0045309
node,5231393244,Manhattan,Ajisen Ramen,restaurant,ramen,40.7141518,-73.9986409
node,5231411428,Manhattan,Mama Eatery,restaurant,,40.7150097,-73.9995414
node,5231412448,Manhattan,Famous Sichuan,restaurant,chinese,40.7147876,-73.9976233
node,5231706548,Manhattan,Noodle Q,restaurant,chinese,40.7135492,-73.9975548
node,5231707775,Manhattan,Sichuan Hot Pot Cuisine,restaurant,chinese,40.7149933,-73.9986519
node,5231707921,Manhattan,Tasty Hand-Pulled Noodles,restaurant,chinese,40.7141917,-73.9978766
node,5231708178,Manhattan,Mabu Hong Kong Cafe,restaurant,chinese,40.714727,-73.9980048
node,5231708184,Manhattan,Vegetarian Dim Sum House,restaurant,chinese,40.7149226,-73.9982376
node,5231708531,Manhattan,Taiwan Bear House,restaurant,taiwanese,40.714712,-73.9978045
node,5235602684,Manhattan,A Taste of Seafood,restaurant,seafood,40.8162289,-73.9465284
node,5241637007,Manhattan,Ambassador Grill,restaurant,,40.7504784,-73.9692826
node,5242327895,Manhattan,Barn Joo 35,restaurant,korean,40.7496997,-73.9857683
node,5242330303,Manhattan,missKOREA BBQ,restaurant,korean,40.747407,-73.9863928
node,5242331829,Manhattan,Jongro BBQ,restaurant,korean,40.7475599,-73.9869049
node,5243548103,Manhattan,Casa Adela,restaurant,caribbean;puerto_rican,40.7226329,-73.9797146
node,5243561820,Manhattan,Landmark Coffee Shop & Pancake House,restaurant,diner;breakfast;american;greek;burger,40.719947,-73.9985925
node,5243570858,Manhattan,Voula,restaurant,,40.732235,-74.0021598
node,5243573749,Manhattan,Spain Restaurant,restaurant,basque,40.7370892,-73.9979596
node,5244657822,Manhattan,Mughlai Indian Cuisine,restaurant,indian,40.7095698,-74.012718
node,5248792880,Manhattan,Horus,restaurant,egyptian,40.7245431,-73.9814615
node,5248793777,Manhattan,El Camion Cantina,restaurant,mexican,40.7291278,-73.9811072
node,5248812939,Manhattan,Babbo,restaurant,italian,40.7323821,-73.9991969
node,5253549614,Manhattan,Royal 35 Steakhouse,restaurant,steak_house,40.748984,-73.9835103
node,5254366208,Manhattan,Libretto's Pizzeria,restaurant,pizza,40.7472798,-73.9772262
node,5254374730,Manhattan,Sarge's Delicatessan & Diner,restaurant,jewish;diner,40.7473351,-73.9771952
node,5254559384,Manhattan,Amaze,restaurant,asian;sushi,40.7518926,-73.9738545
node,5265712258,Manhattan,Caliente Cab,restaurant,mexican,40.7318243,-74.0036027
node,5265712582,Manhattan,AOC,restaurant,french;breakfast,40.7327936,-74.0040298
node,5265713043,Manhattan,Tre Giovani,restaurant,italian;pizza;pasta;tuscan,40.7290362,-73.9983208
node,5265713219,Manhattan,Vincent's,restaurant,italian,40.7178273,-73.9972773
node,5265713463,Manhattan,Supreme Restaurant,restaurant,chinese,40.7172968,-73.9973195
node,5265742302,Manhattan,1915 Lanzhou Hand-Pulled Noodles & Dumplings,restaurant,chinese,40.7406194,-73.9812508
node,5265743035,Manhattan,The Gem Saloon,restaurant,american,40.741373,-73.9810484
node,5265743423,Manhattan,Blue Mountain,restaurant,sushi;asian,40.7422058,-73.9809161
node,5265744995,Manhattan,El Cocotero,restaurant,venezuelan,40.7415489,-73.99934
node,5265746760,Manhattan,Futago,restaurant,japanese,40.7388199,-73.9941252
node,5265747927,Manhattan,Jue Lan,restaurant,chinese,40.7408103,-73.9933813
node,5265747977,Manhattan,Union Fare,restaurant,,40.7377464,-73.9915574
node,5266889691,Manhattan,Pil Pil,restaurant,spanish,40.772875,-73.9558334
node,5266894493,Manhattan,Calexico,restaurant,mexican,40.7725833,-73.9558526
node,5266897039,Manhattan,Persepolis,restaurant,persian,40.7697735,-73.9578876
node,5266905501,Manhattan,Chez Alain,restaurant,senegalese,40.8073593,-73.9498334
node,5266905521,Manhattan,BLVD Bistro,restaurant,soul_food,40.8058627,-73.9472248
node,5266906129,Manhattan,Paris Blues,restaurant,,40.8064034,-73.9498758
node,5273490726,Manhattan,Lucky's,restaurant,mediterranean,40.7221177,-73.9975189
node,5281908451,Manhattan,Jimbo's Hamburgers,restaurant,,40.8257932,-73.9493394
node,5296101437,Manhattan,Tsion Cafe,restaurant,ethiopian,40.8262841,-73.9434171
node,5309510964,Manhattan,Gotham Pizza,restaurant,,40.7775355,-73.9491248
node,5309513732,Manhattan,Mama's,restaurant,jamaican,40.7998654,-73.935909
node,5317406322,Manhattan,Sophie’s,restaurant,caribbean,40.7559483,-73.9804969
node,5344178933,Manhattan,Guantanamera,restaurant,cuban,40.7658518,-73.9837506
node,5354151028,Manhattan,George's Pizza,restaurant,pizza,40.8503636,-73.9369872
node,5359960222,Manhattan,Senya,restaurant,japanese,40.7268813,-73.98608
node,5365304610,Manhattan,Gottino Enoteca Salumeria,restaurant,italian,40.7357734,-74.0004381
node,5369797599,Manhattan,UFC Chicken,restaurant,chicken;korean;fried_chicken,40.7560518,-73.9941118
node,5383989328,Manhattan,Friendly Gourmet Pizza,restaurant,italian,40.7091871,-74.0088819
node,5383989329,Manhattan,Nobu Nobu,restaurant,,40.7110282,-74.0095711
node,5393341922,Manhattan,Gammeeok,restaurant,korean,40.7476232,-73.9861377
node,5395641129,Manhattan,The Harold,restaurant,american;breakfast,40.7482961,-73.9884959
node,5397501569,Manhattan,The Bao,restaurant,dumplings;chinese,40.7292798,-73.988977
node,5398461822,Manhattan,Joomak Banjum,restaurant,korean;chinese,40.7470115,-73.985841
node,5398699799,Manhattan,Astor Court,restaurant,international;fine_dining,40.761318,-73.9744256
node,5399779853,Manhattan,Naruto Ramen,restaurant,japanese,40.7969719,-73.9697524
node,5400474152,Manhattan,Rai Rai Ken,restaurant,japanese,40.8171459,-73.9532953
node,5400492388,Manhattan,Amura,restaurant,japanese,40.7749658,-73.9540704
node,5400492993,Manhattan,Ajisen Ramen,restaurant,japanese,40.7466178,-73.9921722
node,5400494705,Manhattan,MamaSushi,restaurant,japanese,40.8661804,-73.9277496
node,5400495584,Manhattan,Raku It’s Japanese II,restaurant,japanese,40.7799567,-73.9765204
node,5400495618,Manhattan,B & Co,restaurant,breakfast,40.7127376,-74.0085794
node,5400495619,Manhattan,Suma Sushi,restaurant,japanese,40.8014191,-73.9652121
node,5400496891,Manhattan,Tenho Ramen,restaurant,japanese,40.7471757,-73.977288
node,5400496979,Manhattan,Asuka Sushi,restaurant,sushi,40.7452899,-73.9988852
node,5400497580,Manhattan,Bellini,restaurant,italian,40.7846115,-73.9733118
node,5400497624,Manhattan,Sushi Yuki,restaurant,japanese,40.7784967,-73.9809142
node,5400500704,Manhattan,Zurutto,restaurant,japanese,40.7779076,-73.9804064
node,5401946270,Manhattan,Honeybrains,restaurant,,40.7861943,-73.975865
node,5401946285,Manhattan,Al Horno,restaurant,mexican,40.7250635,-73.9873946
node,5401946289,Manhattan,Di Di Dumpling,restaurant,asian,40.740051,-73.9845353
node,5401978050,Manhattan,Imm,restaurant,thai,40.7098472,-74.0080033
node,5402541794,Manhattan,Ramen Ishida,restaurant,japanese,40.7196475,-73.9884561
node,5402542590,Manhattan,Amaze,restaurant,chinese;japanese,40.7590092,-73.9621925
node,5402542691,Manhattan,Bistro Vendôme,restaurant,french,40.7588838,-73.961895
node,5402543162,Manhattan,The Pita Grill,restaurant,,40.7595293,-73.9653575
node,5402543163,Manhattan,Chochin,restaurant,japanese,40.7819228,-73.9478219
node,5402543258,Manhattan,Sutton Bar Room,restaurant,,40.7592018,-73.9620435
node,5402622059,Manhattan,Sushi Inoue,restaurant,japanese,40.8108361,-73.9435614
node,5403595965,Manhattan,Donguri,restaurant,japanese,40.7756921,-73.9523756
node,5403598926,Manhattan,Aki Sushi,restaurant,japanese,40.7691693,-73.9522998
node,5403602687,Manhattan,Madison Restaurant,restaurant,diner,40.7559475,-73.9648697
node,5403603958,Manhattan,Little Poland,restaurant,polish,40.7311482,-73.9855345
node,5403606223,Manhattan,Brushstroke,restaurant,japanese,40.7167151,-74.0089922
node,5405958524,Manhattan,Aura Bar & Kitchen,restaurant,,40.7269395,-73.9860426
node,5406372923,Manhattan,Yuka Japanese,restaurant,japanese,40.7745924,-73.9543714
node,5413492269,Manhattan,La Casa Del Mofongo,restaurant,dominican,40.850444,-73.9331798
node,5413507961,Manhattan,Lola Lola Restaurant,restaurant,latin_american,40.8456605,-73.9361488
node,5413541062,Manhattan,The Heights Bar and Restaurant,restaurant,,40.8450432,-73.9348447
node,5413543118,Manhattan,Kazza Wine Bar,restaurant,wine,40.8475475,-73.9387283
node,5414460813,Manhattan,Great Wall Chinese Restaurant,restaurant,chinese,40.8508316,-73.9385026
node,5414645880,Manhattan,181 Cabrini,restaurant,,40.8511684,-73.9401391
node,5415350325,Manhattan,Mee,restaurant,noodle;chinese,40.730937,-73.9831109
node,5415639405,Manhattan,Prime One 16,restaurant,new_american,40.7959347,-73.9356816
node,5415642281,Manhattan,Au Za'atar,restaurant,,40.7589604,-73.9626861
node,5415650671,Manhattan,Pokerice,restaurant,,40.7318916,-74.0013962
node,5415839909,Manhattan,Kismat Indian Restaurant,restaurant,indian,40.8552442,-73.9370234
node,5419491621,Manhattan,Cinnamon snail,restaurant,,40.7503235,-73.9918003
node,5425463232,Manhattan,Ootoya,restaurant,japanese,40.7553036,-73.9869647
node,5433333127,Manhattan,Sarabeth's,restaurant,american,40.7652199,-73.9755591
node,5434089022,Manhattan,Sarabeth's,restaurant,,40.7424934,-73.984422
node,5443702879,Manhattan,Sauce,restaurant,italian;coffee,40.7204957,-73.9894353
node,5455462001,Manhattan,Cafe Himalaya,restaurant,tibetan,40.723193,-73.9879942
node,5465717722,Manhattan,Washington Square Dinner,restaurant,breakfast;burger;salad;greek,40.7314198,-74.0006911
node,5468419221,Manhattan,Chez Nick,restaurant,american,40.7790963,-73.94508
node,5489315616,Manhattan,Serafina,restaurant,italian,40.7645598,-73.9820354
node,5500005644,Manhattan,Charrua Uruguayan Restaurant,restaurant,uruguayan,40.7200308,-73.9876041
node,5501633021,Manhattan,Barking Dog,restaurant,american,40.7840697,-73.9503873
node,5504037324,Manhattan,Gelso & Grand,restaurant,,40.7195003,-73.9973762
node,5511982448,Manhattan,Lord's,restaurant,british,40.7276864,-73.9994646
node,5511988543,Manhattan,Mocha Burger,restaurant,burger,40.7274205,-73.9997484
node,5511992166,Manhattan,Molcajete Taqueria,restaurant,mexican,40.7273229,-73.9997885
node,5512636204,Manhattan,Madam Ji,restaurant,indian,40.7282329,-73.9995481
node,5512653817,Manhattan,Grandma’s One Pizza,restaurant,pizza,40.7287649,-74.0000832
node,5514272788,Manhattan,Karakatta,restaurant,ramen,40.7293419,-73.9987713
node,5515156304,Manhattan,Pera SoHo,restaurant,mediterranean,40.723831,-74.0033719
node,5515196277,Manhattan,Sessanta,restaurant,italian;coffee,40.7239998,-74.0031136
node,5515220109,Manhattan,Aurora SoHo,restaurant,italian,40.7235403,-74.0031561
node,5520366543,Manhattan,Healthy Joe’s,restaurant,,40.7133701,-74.0081717
node,5520380022,Manhattan,Aahar,restaurant,indian,40.7133082,-74.0080416
node,5522613821,Manhattan,The Drunken Munkey,restaurant,indian,40.7809852,-73.9475594
node,5527575303,Manhattan,City Vineyard,restaurant,,40.721372,-74.0127131
node,5537914954,Manhattan,Bouley at Home,restaurant,fine_dining,40.7411298,-73.992128
node,5538175004,Manhattan,Del Posto,restaurant,italian,40.7434562,-74.0075595
node,5540462860,Manhattan,Nick's,restaurant,italian,40.7827672,-73.9479303
node,5547626023,Manhattan,Bowery Meat Company,restaurant,steak_house,40.7245658,-73.9918599
node,5548140929,Manhattan,Delizia 92,restaurant,italian,40.7815133,-73.9488508
node,5550978112,Manhattan,Dr. Clark,restaurant,japanese,40.7161851,-73.9998239
node,5561024647,Manhattan,Butter Smashburgers,restaurant,burger,40.7294539,-74.0008102
node,5565427921,Manhattan,Capizzi,restaurant,pizza,40.757441,-73.9935684
node,5574666644,Manhattan,Bar Six,restaurant,,40.7364211,-73.9972187
node,5576503130,Manhattan,Windfall Lounge,restaurant,,40.752335,-73.9836718
node,5579089817,Manhattan,Asami Sushi,restaurant,,40.7370148,-73.9973474
node,5579096756,Manhattan,E.A.K Ramen,restaurant,,40.7356331,-73.9983668
node,5588878334,Manhattan,Guajillo,restaurant,mexican,40.7968525,-73.9350057
node,5588989245,Manhattan,Mrs. An Thai,restaurant,thai,40.7873895,-73.9482837
node,5593016867,Manhattan,Bâtard,restaurant,french,40.7195759,-74.0058025
node,5593041648,Manhattan,,restaurant,,40.7187167,-74.0060375
node,5599232076,Manhattan,The Milton,restaurant,british;american;irish,40.781267,-73.9490461
node,5603357400,Manhattan,Au Za'atar,restaurant,middle_eastern;lebanese,40.7289381,-73.9812454
node,5603575358,Manhattan,Pizza Studio Tamaki,restaurant,italian;pizza,40.7269086,-73.9834027
node,5604044815,Manhattan,Crab Du Jour Xpress Cajun,restaurant,seafood,40.7163717,-73.9875854
node,5607902921,Manhattan,Wonton Noodle 1978,restaurant,chinese,40.7157853,-73.9982634
node,5614222314,Manhattan,Vietnaam,restaurant,vietnamese,40.7792107,-73.9505504
node,5614271261,Manhattan,Wok 88,restaurant,chinese,40.7803566,-73.9531066
node,5614292204,Manhattan,Móle,restaurant,mexican,40.7802891,-73.9502159
node,5615998343,Manhattan,Rosie's,restaurant,mexican,40.7249227,-73.9906582
node,5616137907,Manhattan,Pokee,restaurant,japanese,40.7305853,-74.000436
node,5616317452,Manhattan,Delicious Chinese Food Inc,restaurant,chinese,40.7876253,-73.9443966
node,5618087852,Manhattan,Met Dining Room,restaurant,,40.7788973,-73.9644595
node,5618838622,Manhattan,New Suki Ichiro,restaurant,sushi;japanese,40.7788724,-73.9507751
node,5620855721,Manhattan,DB Bistro Moderne,restaurant,french,40.755845,-73.9822708
node,5625538225,Manhattan,Manousheh,restaurant,lebanese,40.7293785,-74.0013718
node,5627943322,Manhattan,Le Jardin Bistro,restaurant,french,40.7186318,-73.9893489
node,5628809026,Manhattan,Sadelle’s,restaurant,seafood;bagel,40.7262525,-74.0001116
node,5628928424,Manhattan,Westville,restaurant,american,40.7272539,-74.0075081
node,5630477424,Manhattan,North River Lobster Company,restaurant,,40.7617789,-74.0027011
node,5635121621,Manhattan,The Butcher’s Daughter,restaurant,,40.7363404,-74.0060825
node,5666755639,Manhattan,Le Viêt Thai,restaurant,vietnamese;thai,40.7811676,-73.9491151
node,5666796392,Manhattan,Bangrak Thai Cuisine,restaurant,thai,40.7811358,-73.9491383
node,5672759305,Manhattan,El Paso Taqueria,restaurant,mexican,40.7873686,-73.9527035
node,5680293321,Manhattan,Ella Social,restaurant,spanish,40.7770276,-73.978849
node,5680634291,Manhattan,Hwa Yuan,restaurant,chinese,40.7137082,-73.9959474
node,5686427721,Manhattan,Strokos Deli,restaurant,,40.805466,-73.9622848
node,5700167968,Manhattan,Veselka,restaurant,ukrainian,40.7289775,-73.9869985
node,5700877721,Manhattan,Tiny Shanghai,restaurant,chinese,40.7178259,-73.9979942
node,5703492189,Manhattan,Cafe d'Alsace,restaurant,french,40.7794382,-73.9508292
node,5703494368,Manhattan,Tenzan 89,restaurant,japanese;sushi,40.7796344,-73.9502395
node,5703497866,Manhattan,Vegan Grill,restaurant,sandwich;chicken;mexican;mediterranean;italian;burger;breakfast,40.7801105,-73.9498604
node,5707209574,Manhattan,IKYU,restaurant,sushi,40.7798844,-73.9500298
node,5709136460,Manhattan,El Nuevo Sabor,restaurant,dominican,40.8694438,-73.9155626
node,5709149508,Manhattan,Made In Mexico,restaurant,mexican,40.8672533,-73.9171554
node,5709614591,Manhattan,Guadalupe,restaurant,,40.8674262,-73.9207651
node,5711614094,Manhattan,Seawalk Restaurant,restaurant,seafood,40.8666758,-73.9283593
node,5711620241,Manhattan,Pat'e Palo,restaurant,latin_american,40.8665532,-73.9282148
node,5711722291,Manhattan,Papasito,restaurant,mexican,40.8659316,-73.9274671
node,5716458603,Manhattan,Midnight Express Diner,restaurant,diner,40.7797622,-73.9505867
node,5719018954,Manhattan,Empire Corner 2,restaurant,chinese,40.8004366,-73.9463914
node,5721493494,Manhattan,El Tepeyac Taqueria,restaurant,mexican,40.7866636,-73.9501801
node,5726231038,Manhattan,Robert's Steakhouse,restaurant,steak,40.7630348,-73.9972682
node,5726883078,Manhattan,BBF,restaurant,japanese,40.7219414,-73.987541
node,5726883079,Manhattan,Taverna Di Bacco,restaurant,italian,40.7218756,-73.9875758
node,5726897054,Manhattan,Le French Diner,restaurant,french,40.7220477,-73.9880873
node,5729305630,Manhattan,Tacos & Tequilla,restaurant,mexican,40.7807448,-73.9494056
node,5729310496,Manhattan,Il Carino,restaurant,italian,40.7795132,-73.9503284
node,5729312617,Manhattan,Mughlai Indian Cuisine,restaurant,indian,40.7800549,-73.9498849
node,5730758414,Manhattan,Chef's Table at Brooklyn Fare,restaurant,,40.7560775,-73.996449
node,5734394321,Manhattan,Xe Lua,restaurant,vietnamese,40.7165861,-73.9987702
node,5734886422,Manhattan,The Spaniard,restaurant,american,40.7327579,-74.0021665
node,5748057621,Manhattan,Dallas BBQ,restaurant,barbecue,40.7701167,-73.9600332
node,5750222852,Manhattan,Dallas BBQ,restaurant,barbecue,40.8395821,-73.9404606
node,5752611173,Manhattan,The Grey Dog,restaurant,sandwich;burger;salad,40.7337512,-73.9931307
node,5754424778,Manhattan,Garlic New York Pizza Bar,restaurant,pizza,40.7451397,-73.975856
node,5754424781,Manhattan,Lan Larb Esan,restaurant,thai,40.745334,-73.9757137
node,5754826808,Manhattan,Swift Eats,restaurant,,40.7593502,-73.9921758
node,5754840579,Manhattan,Ajisai,restaurant,japanese,40.7595043,-73.9920502
node,5754840633,Manhattan,Lenwich,restaurant,sandwich,40.759443,-73.9920938
node,5756089924,Manhattan,Emily,restaurant,pizza,40.7293542,-74.0038432
node,5756090021,Manhattan,The Loyal,restaurant,,40.7321386,-74.0033283
node,5756090121,Manhattan,Avocaderia,restaurant,,40.7518551,-74.0051335
node,5756090122,Manhattan,Milk Bar Financial District,restaurant,,40.7047951,-74.0065116
node,5757232056,Manhattan,SUGARFISH by sushi nozawa,restaurant,sushi,40.7389499,-73.9888714
node,5762528453,Manhattan,Wolfgang’s Steakhouse,restaurant,,40.746628,-73.9820041
node,5766202314,Manhattan,Bua Thai Ramen & Robata Grill,restaurant,thai,40.7763429,-73.9530891
node,5766671053,Manhattan,Oda House,restaurant,georgian,40.7240335,-73.9821057
node,5780277997,Manhattan,New Chinatown Restaurant,restaurant,chinese;japanese,40.7828869,-73.9512532
node,5780289848,Manhattan,Korali Estiatorio,restaurant,greek;seafood,40.7834335,-73.9508414
node,5780292853,Manhattan,Isohama,restaurant,sushi,40.7835485,-73.950757
node,5781227153,Manhattan,Brasserie Cognac Américain,restaurant,french;american,40.7522238,-73.9815331
node,5781268723,Manhattan,Bondi Sushi,restaurant,sushi,40.7523763,-73.9814434
node,5781374253,Manhattan,Skinny's Cantina on the Hudson,restaurant,mexican,40.8202694,-73.9588986
node,5782494844,Manhattan,Effy's Kitchen,restaurant,american,40.7885453,-73.9488126
node,5782495642,Manhattan,Café d'Anvers,restaurant,belgian,40.7884657,-73.9488874
node,5782500846,Manhattan,Yura's Blue Plate,restaurant,,40.795666,-73.9354419
node,5782504258,Manhattan,Pipo's,restaurant,mexican,40.799484,-73.9398336
node,5799183353,Manhattan,Pep's on Grand,restaurant,italian_pizza,40.7190831,-73.9969787
node,5799510957,Manhattan,Sandwich House,restaurant,italian,40.7109248,-74.0078117
node,5799511379,Manhattan,Omar's Mediterranean Cuisine,restaurant,,40.7109559,-74.0078671
node,5801848000,Manhattan,Thai @ Lex,restaurant,thai,40.7781312,-73.9567486
node,5801862103,Manhattan,Malii Thai Kitchen,restaurant,thai,40.7894559,-73.943061
node,5801889162,Manhattan,Plue,restaurant,thai,40.7889193,-73.9485485
node,5801975953,Manhattan,Morton's The Steakhouse,restaurant,steak_house,40.7552012,-73.9786908
node,5806583655,Manhattan,Buvette Gastrotheque,restaurant,,40.7327006,-74.0043588
node,5808091324,Manhattan,Fresh Basil's,restaurant,italian,40.7595622,-73.9682586
node,5810383921,Manhattan,Bravo Kosher Pizza,restaurant,pizza;sushi,40.7066673,-74.0135136
node,5815748397,Manhattan,Swagat,restaurant,indian,40.7481269,-73.9932265
node,5816276401,Manhattan,Macaron Café,restaurant,french;sandwich;salad,40.7518625,-73.9890435
node,5816276453,Manhattan,Chopstick House,restaurant,,40.751597,-73.9883856
node,5816354728,Manhattan,Delmonico's Kitchen,restaurant,steak,40.7525209,-73.9899817
node,5816447410,Manhattan,El Sabroso,restaurant,latin_american;ecuadorian,40.7540751,-73.9916562
node,5816447411,Manhattan,Venisalvi Cafe,restaurant,mediterranean;tapas,40.7547857,-73.9921429
node,5816964481,Manhattan,Alan's Kitchen,restaurant,mexican,40.7556117,-73.992188
node,5816964482,Manhattan,Aya Sushi,restaurant,sushi;japanese,40.7555965,-73.9921405
node,5818318680,Manhattan,Poketown,restaurant,hawaiian,40.755361,-73.9915727
node,5818318681,Manhattan,Rattle N Hum West,restaurant,pizza;sandwich;breakfast;american,40.7554555,-73.9917531
node,5823260853,Manhattan,,restaurant,,40.7569712,-73.967446
node,5823525571,Manhattan,Aiyara Thai,restaurant,thai,40.7550458,-73.9948474
node,5826449659,Manhattan,Desi Indo-Chinese,restaurant,indian;chinese,40.7897114,-73.9428704
node,5828664373,Manhattan,Lulu & Teddy's Cafe,restaurant,,40.794225,-73.9400173
node,5832407897,Manhattan,Thai Select,restaurant,thai,40.754807,-73.9950154
node,5836731215,Manhattan,Supper,restaurant,italian,40.7228995,-73.9852816
node,5837218437,Manhattan,Between the Bread,restaurant,,40.7518739,-74.0052935
node,5852337187,Manhattan,Shinka ramen & sake bar,restaurant,japanese,40.7170503,-73.9950047
node,5855939724,Manhattan,La Pecora Bianca,restaurant,italian,40.7549287,-73.9682465
node,5857677523,Manhattan,Gracie Mews Restaurant,restaurant,diner,40.7734398,-73.9516051
node,5857904387,Manhattan,The Mansion Restaurant,restaurant,diner,40.7759935,-73.9468405
node,5866143628,Manhattan,Paul & Jimmy's Ristorante,restaurant,italian,40.7367294,-73.9873227
node,5866143629,Manhattan,Javelina,restaurant,tex-mex,40.7367842,-73.9874574
node,5871106370,Manhattan,Chandni Restaurant,restaurant,,40.7459321,-73.9878023
node,5871114517,Manhattan,La Lanterna di Vittorio,restaurant,italian,40.7306519,-74.0000731
node,5873568860,Manhattan,Sfoglia,restaurant,italian,40.7834917,-73.9528749
node,5879671792,Manhattan,Budapest Café & Restaurant,restaurant,hungarian,40.7770924,-73.9525379
node,5879976048,Manhattan,Supreme Eats Pizza & Pasta Corp,restaurant,pizza;italian,40.7892151,-73.9486629
node,5882076665,Manhattan,3 Decker Restaurant & Cafe,restaurant,diner,40.7808932,-73.949317
node,5883645807,Manhattan,Old Tbilisi Garden,restaurant,georgian,40.7288339,-74.0007577
node,5891192633,Manhattan,Fields Good Chicken,restaurant,,40.7070134,-74.0069368
node,5891429762,Manhattan,DD Soup Dumpling & Fuji Hibachi,restaurant,japanese;dumpling;chinese,40.757824,-73.9907567
node,5897652745,Manhattan,Kiki's,restaurant,greek,40.7145315,-73.9919097
node,5903046274,Manhattan,Nakamura,restaurant,japanese;ramen,40.717863,-73.9851883
node,5903115786,Manhattan,Papatzu Mexican Restaurant,restaurant,mexican,40.7222091,-74.0036238
node,5906911085,Manhattan,Peppercorn Kitchen,restaurant,,40.7302029,-73.9940209
node,5907398054,Manhattan,The Supply House,restaurant,grill;american,40.7775557,-73.9522212
node,5907398185,Manhattan,Tiramisu,restaurant,italian;tuscan,40.7774392,-73.952309
node,5916553158,Manhattan,Fat Choy,restaurant,asian,40.7180934,-73.9897625
node,5916567906,Manhattan,Hotel Chantelle,restaurant,american,40.7184164,-73.9890541
node,5918030057,Manhattan,Limani,restaurant,seafood,40.7596918,-73.978275
node,5922862086,Manhattan,Junior's Deli,restaurant,,40.7611297,-73.9839743
node,5932979098,Manhattan,Rasa,restaurant,malaysian;thai;indonesian,40.7329128,-73.9976584
node,5934767188,Manhattan,East Season Restaurant House,restaurant,chinese,40.7180742,-74.0003269
node,5934969278,Manhattan,Soho Thai,restaurant,thai,40.7201707,-73.9995759
node,5939542595,Manhattan,Joanne Trattoria,restaurant,italian,40.7745302,-73.9802971
node,5939555190,Manhattan,Francesco's Pizza,restaurant,pizza,40.775134,-73.9807023
node,5939555287,Manhattan,La Traviata Pizzeria,restaurant,pizza,40.7750501,-73.9808413
node,5939562686,Manhattan,Noi Due Carne,restaurant,,40.7761691,-73.9815274
node,5939562688,Manhattan,Westside Restaurant,restaurant,,40.7763049,-73.9818443
node,5943272959,Manhattan,Rockin K's,restaurant,,39.2048235,-96.5880372
node,5950163185,Manhattan,Nish Nush,restaurant,mediterranean,40.715602,-74.0076362
node,5955435385,Manhattan,Shanghai Asian Cruisine,restaurant,chinese,40.7158894,-73.9972598
node,5960471088,Manhattan,Sushiya,restaurant,,40.76314,-73.976775
node,5970419085,Manhattan,Very Fresh Noodles,restaurant,,40.7421597,-74.0053901
node,5972697424,Manhattan,The Famous Jimbo's Hamburgers Palace,restaurant,,40.8035129,-73.9378803
node,5978510489,Manhattan,Sushi West,restaurant,sushi;japanese,40.7353756,-74.00585
node,5978510502,Manhattan,Gotham Pizza,restaurant,pizza,40.7699155,-73.9517326
node,5978510504,Manhattan,Roma Pizza,restaurant,pizza,40.7630158,-73.9853514
node,5978556694,Manhattan,Sashimi Express II,restaurant,,40.7706984,-73.9584885
node,5978556702,Manhattan,Pizza Etalia,restaurant,pizza,40.7048978,-74.0122892
node,5978556709,Manhattan,Italian Village Pizzeria & Restaurant,restaurant,pizza,40.7714871,-73.9531102
node,5978556710,Manhattan,Kobe Sushi,restaurant,japanese,40.7707529,-73.9506465
node,5978556716,Manhattan,El Toro,restaurant,mexican,40.7056381,-74.012428
node,5978556730,Manhattan,Felice,restaurant,italian,40.7078356,-74.006959
node,5978556743,Manhattan,Yip’s,restaurant,,40.7048564,-74.0123904
node,5978556771,Manhattan,Rosella’s Pizza,restaurant,pizza,40.71016,-74.0057517
node,5978557700,Manhattan,Nicola’s,restaurant,italian,40.7779571,-73.9562606
node,5978557992,Manhattan,Grotto Pizza,restaurant,pizza,40.7057086,-74.0123861
node,5978558885,Manhattan,Gina La Fornina,restaurant,,40.7840338,-73.9567964
node,5978745697,Manhattan,Nish Nush,restaurant,mediterranean,40.7093537,-74.008
node,5978745715,Manhattan,Kesté Pizza e Vino,restaurant,pizza,40.7091806,-74.004849
node,5978745721,Manhattan,Himalayan Curry House,restaurant,indian,40.8026396,-73.9671313
node,5978745723,Manhattan,Picnic by The Black Parrot,restaurant,,40.8004252,-73.9652605
node,5978792125,Manhattan,Madame Vo,restaurant,vietnamese,40.729344,-73.9860416
node,5978792495,Manhattan,Piatto d’Oro,restaurant,italian,40.7918405,-73.9390061
node,5978792512,Manhattan,10 Corso Como Cafe,restaurant,,40.7070691,-74.002825
node,5978792516,Manhattan,Della's,restaurant,,40.7147978,-74.009995
node,5978795186,Manhattan,Da Claudio,restaurant,italian,40.7108219,-74.0076301
node,5978795487,Manhattan,La Mia Pizza,restaurant,pizza,40.7743846,-73.9509533
node,5978837398,Manhattan,Tajin,restaurant,mexican,40.7077341,-74.0135393
node,5978868293,Manhattan,La Nostra,restaurant,pizza,40.7932055,-73.9403004
node,5978870985,Manhattan,Dreamer’s Pizza,restaurant,pizza,40.7892557,-73.946623
node,5980089186,Manhattan,La Parisienne,restaurant,coffee_shop;cafe;sandwich,40.709609,-74.0093344
node,5981350385,Manhattan,Sugar Factory,restaurant,,40.7404403,-74.0076639
node,5983797885,Manhattan,OBAO,restaurant,asian,40.7571908,-73.9685241
node,5983984047,Manhattan,El Vez,restaurant,mexican,40.7147631,-74.0156301
node,5984008357,Manhattan,Miramar,restaurant,seafood,40.7079986,-74.0179927
node,5984378186,Manhattan,The Heights Bar & Grill,restaurant,,40.805184,-73.9664024
node,5984409285,Manhattan,Badshah,restaurant,,40.7648841,-73.9876636
node,5984431287,Manhattan,Wokuni,restaurant,japanese;seafood,40.7492545,-73.9774425
node,5984450685,Manhattan,Amelie Wine Bar,restaurant,,40.7887162,-73.9744949
node,5985141785,Manhattan,Mezeh Mediterranean Grill,restaurant,mediterranean,40.7389158,-73.9896744
node,5986770785,Manhattan,Saint Tropez Wine Bar,restaurant,,40.7370507,-74.0038711
node,5987826185,Manhattan,Adda,restaurant,indian,40.7268139,-73.9861401
node,5987843785,Manhattan,Pinch Chinese,restaurant,chinese,40.7263749,-74.0018624
node,5987859685,Manhattan,The Wayland,restaurant,american,40.7251343,-73.9779025
node,5994541185,Manhattan,DokoDemo,restaurant,japanese,40.7264163,-73.9897056
node,5994570785,Manhattan,Taco Mahal,restaurant,indian,40.7322928,-74.0033379
node,6001364870,Manhattan,Seamores,restaurant,seafood,40.7141819,-74.0154644
node,6006036285,Manhattan,Bus Stop Cafe,restaurant,american;breakfast;burger;salad,40.7370158,-74.0059509
node,6006060909,Manhattan,Cava,restaurant,mediterranean,40.7791537,-73.9535112
node,6007303592,Manhattan,Hoa Cafe,restaurant,asian,40.7486997,-73.9957832
node,6013503383,Manhattan,Hangawi,restaurant,korean,40.7466917,-73.9846896
node,6014692936,Manhattan,Kurant,restaurant,,40.759747,-73.9652954
node,6020091159,Manhattan,Blarney Stone,restaurant,irish,40.7065551,-74.0136373
node,6023478828,Manhattan,Bombay Grill House,restaurant,indian,40.7641853,-73.988146
node,6032479080,Manhattan,El Cantinero,restaurant,mexican,40.7336295,-73.9932341
node,6040235138,Manhattan,Grand Banks,restaurant,seafood,40.7202788,-74.0159252
node,6046944585,Manhattan,Sd,restaurant,,40.7639563,-73.9883317
node,6051280588,Manhattan,Naruto Ramen,restaurant,japanese,40.7811481,-73.9525139
node,6051473585,Manhattan,Stone Street Tavern,restaurant,,40.7042777,-74.010273
node,6052834893,Manhattan,Jasmine's,restaurant,,40.7609547,-73.9902635
node,6053002884,Manhattan,Koo Thai,restaurant,thai,40.7801715,-73.9467438
node,6053070785,Manhattan,Soba Noodle Azuma,restaurant,japanese,40.7652737,-73.9832071
node,6053182486,Manhattan,Upstate,restaurant,seafood,40.7263208,-73.986456
node,6053220685,Manhattan,Empire Diner,restaurant,american,40.7471834,-74.0043111
node,6053253585,Manhattan,Top Thai Greenwich,restaurant,asian;thai,40.7297907,-73.9994469
node,6053282586,Manhattan,North Dumpling,restaurant,chinese,40.7158165,-73.9897834
node,6053407685,Manhattan,Toasties,restaurant,deli,40.7599574,-73.9831315
node,6053487985,Manhattan,Ben's Delicatessen,restaurant,deli,40.7539008,-73.9892603
node,6053537386,Manhattan,Boqueria Spanish Tapas,restaurant,tapas,40.7402954,-73.9937183
node,6053876585,Manhattan,Congee Village,restaurant,chinese,40.7187155,-73.9903472
node,6055311151,Manhattan,Conmigo,restaurant,mexican,40.7883648,-73.9535158
node,6059038904,Manhattan,Wonder Pho,restaurant,vietnamese,40.7785992,-73.9478668
node,6061800022,Manhattan,Orion Diner & Grill,restaurant,diner,40.7377882,-73.9811952
node,6064400688,Manhattan,Udon Lab,restaurant,japanese,40.7480981,-73.9874846
node,6064439285,Manhattan,The Kunjip,restaurant,korean,40.7477457,-73.9871706
node,6064439585,Manhattan,New Wonjo,restaurant,korean,40.7477885,-73.9867366
node,6064442885,Manhattan,Addictive NYC,restaurant,mediterranean,40.7565516,-73.9799617
node,6066762932,Manhattan,Applejack Diner,restaurant,diner,40.7646805,-73.9824427
node,6071905708,Manhattan,El Chevere Cuchifritos,restaurant,caribbean,40.7940663,-73.9430902
node,6077947286,Manhattan,Morning Star Cafe,restaurant,diner,40.7552034,-73.9685534
node,6088743385,Manhattan,Royal Seafood,restaurant,chinese,40.7173582,-73.997581
node,6109290986,Manhattan,Hunan Slurp,restaurant,chinese,40.7267171,-73.9856982
node,6109307685,Manhattan,Unique Omakase,restaurant,sushi,40.7270696,-73.9854654
node,6109352286,Manhattan,Twilight Lounge,restaurant,chinese,40.7266682,-73.9857438
node,6110126636,Manhattan,Turks and Frogs,restaurant,turkish,40.7357449,-74.0073406
node,6110220409,Manhattan,Pic Up Stix,restaurant,chinese,40.7825365,-73.9535711
node,6110828687,Manhattan,Tin Wong,restaurant,chinese,40.7174266,-73.9961333
node,6112597817,Manhattan,RedFarm,restaurant,chinese,40.7341879,-74.0064162
node,6119467321,Manhattan,Aria West Village,restaurant,italian,40.7351369,-74.00673
node,6119467431,Manhattan,Left Bank,restaurant,american,40.7351393,-74.0067873
node,6121777877,Manhattan,Upholstery Store: Food and Wine,restaurant,seafood,40.7352507,-74.0082526
node,6121777878,Manhattan,Wallsé,restaurant,austrian,40.7354186,-74.0082138
node,6122271185,Manhattan,Zest Sushi,restaurant,sushi,40.717926,-73.989878
node,6124318002,Manhattan,Pho Thanh Hoai,restaurant,vietnamese;rice_noodle,40.7162381,-73.9992609
node,6125413922,Manhattan,Burger One,restaurant,diner,40.775402,-73.9587626
node,6139494134,Manhattan,Porchlight,restaurant,american;southern,40.7520063,-74.0049953
node,6139645147,Manhattan,Tequila Chito's,restaurant,mexican,40.7461064,-74.0008419
node,6142309885,Manhattan,Indochine,restaurant,vietnamese,40.7292596,-73.99246
node,6142321585,Manhattan,Sigiri Sri Lankan Restaurant,restaurant,asian;indian,40.7262145,-73.986534
node,6157219597,Manhattan,Patron,restaurant,mexican,40.7592579,-73.9918074
node,6163748697,Manhattan,The Wren,restaurant,american;pub;brunch,40.7262691,-73.9920866
node,6168774285,Manhattan,4 Charles Prime Rib,restaurant,,40.7351585,-74.0006431
node,6168816885,Manhattan,Upland,restaurant,,40.7418061,-73.9846404
node,6171412797,Manhattan,10th Avenue Pizza & Cafe,restaurant,pizza,40.7487521,-74.0031663
node,6173403985,Manhattan,,restaurant,japanese,40.7573506,-73.9702706
node,6174050007,Manhattan,Jacques Brasserie,restaurant,french,40.7778783,-73.9541391
node,6174369085,Manhattan,Tiny’s and The Bar Upstairs,restaurant,,40.7168221,-74.0080094
node,6178461392,Manhattan,The Little Beet,restaurant,,40.7503146,-73.9917756
node,6178461393,Manhattan,Pat LaFrieda Meat Purveyors,restaurant,steak;sandwich,40.7502973,-73.991726
node,6178461399,Manhattan,Ribalta,restaurant,pizza,40.7503054,-73.9917525
node,6178461400,Manhattan,Sabi Sushi,restaurant,sushi,40.7503324,-73.9918249
node,6179753683,Manhattan,Taïm,restaurant,mediterranean,40.7078003,-74.0077463
node,6184111793,Manhattan,Thai Villa,restaurant,thai,40.7389809,-73.9907059
node,6206630769,Manhattan,San Babila,restaurant,italian,40.7684737,-73.9588271
node,6206635060,Manhattan,Mee's Noodle,restaurant,noodle,40.7544604,-73.9685958
node,6206635061,Manhattan,Mimi's Piano Bar,restaurant,italian,40.7561485,-73.9673746
node,6206645059,Manhattan,Green Kitchen,restaurant,,40.7767393,-73.9527941
node,6206645850,Manhattan,Joju,restaurant,vietnamese,40.7761403,-73.9532229
node,6206711584,Manhattan,El Paso,restaurant,mexican,40.7952819,-73.9452985
node,6206834487,Manhattan,Da Nico,restaurant,italian,40.7196752,-73.9970458
node,6206842885,Manhattan,Jose Luis,restaurant,italian,40.7176717,-73.9983849
node,6209861993,Manhattan,Maz Mescal,restaurant,mexican,40.7774087,-73.9510298
node,6209895325,Manhattan,Sandro's,restaurant,italian,40.7773212,-73.9508445
node,6216923972,Manhattan,Ajisai,restaurant,japanese;fish;sushi,40.7637974,-73.9668355
node,6216923973,Manhattan,August,restaurant,american,40.7636984,-73.9669147
node,6216927488,Manhattan,Gina Mexicana,restaurant,mexican,40.7633888,-73.9667985
node,6217351141,Manhattan,Korean Express,restaurant,korean,40.7642222,-73.9665468
node,6218981270,Manhattan,Thai Son,restaurant,vietnamese,40.7168178,-73.9996119
node,6219132402,Manhattan,The Pie Guy Pizza,restaurant,pizza,40.7166527,-73.9997447
node,6219132403,Manhattan,Bayard Sushi,restaurant,sushi,40.7156845,-73.9988884
node,6219132404,Manhattan,Appethaize,restaurant,thai,40.7163269,-73.9999364
node,6219538439,Manhattan,Bocaditos Bistro,restaurant,latin_american;caribbean,40.8668683,-73.9239764
node,6222075595,Manhattan,W4 Noodle House,restaurant,chinese,40.7313519,-74.0004653
node,6222190782,Manhattan,C as in Charlie,restaurant,korean,40.7254629,-73.9927069
node,6223911885,Manhattan,Victor’s Café,restaurant,,40.7629409,-73.984028
node,6228048387,Manhattan,Fumo,restaurant,italian;pizza;brunch,40.742602,-73.9801487
node,6228622528,Manhattan,Kaia Wine Bar,restaurant,south_african,40.7818145,-73.9520354
node,6230657923,Manhattan,Takahachi,restaurant,japanese,40.7252898,-73.984266
node,6231480473,Manhattan,Food King,restaurant,chinese,40.7117283,-73.9940837
node,6231491545,Manhattan,,restaurant,spanish,40.7117182,-73.9967192
node,6231491546,Manhattan,LianJiangDongDai INC,restaurant,chinese,40.711788,-73.9967369
node,6231502058,Manhattan,Phở Gà Vàng,restaurant,vietnamese,40.7127475,-73.9942698
node,6231502060,Manhattan,Golden Diner,restaurant,chinese,40.7124474,-73.9942216
node,6231514598,Manhattan,,restaurant,,40.71321,-73.99082
node,6231514605,Manhattan,Ming's Cafe,restaurant,chinese,40.7143291,-73.9904108
node,6231529909,Manhattan,Jajaja Plantas Mexicanas,restaurant,mexican,40.714283,-73.9903859
node,6231529911,Manhattan,Wu's Wonton King,restaurant,chinese,40.7139189,-73.989957
node,6231541014,Manhattan,Forgtmenot,restaurant,mediterranean,40.7146073,-73.9913792
node,6231541017,Manhattan,Bacaro,restaurant,italian,40.7145454,-73.9914975
node,6233725908,Manhattan,Set L.E.S,restaurant,asian,40.7198803,-73.9885811
node,6233725911,Manhattan,Izakaya Juraku,restaurant,japanese,40.7196705,-73.9886785
node,6233725915,Manhattan,Kuma Inn,restaurant,filipino;thai,40.719468,-73.9888217
node,6233725916,Manhattan,Los Feliz,restaurant,mexican,40.719392,-73.9888436
node,6233954069,Manhattan,Contra,restaurant,american,40.7199157,-73.9891737
node,6233954071,Manhattan,Wildair,restaurant,american,40.7200045,-73.9891428
node,6233979172,Manhattan,Theatre Row Diner,restaurant,diner,40.7587807,-73.9938672
node,6233982619,Manhattan,Chez Josephine,restaurant,french,40.758598,-73.9934953
node,6233982654,Manhattan,West Bank Cafe,restaurant,,40.7587872,-73.9930533
node,6233991635,Manhattan,Turkish Cuisine,restaurant,turkish,40.7600863,-73.9916414
node,6233991645,Manhattan,Obao,restaurant,thai;vietnamese,40.7606269,-73.9912736
node,6233992412,Manhattan,Mari,restaurant,korean,40.7615248,-73.9906111
node,6233995698,Manhattan,Lilly's,restaurant,,40.7613761,-73.9906947
node,6233995772,Manhattan,Mom's Kitchen & Bar,restaurant,american;diner,40.7624142,-73.9899588
node,6233999017,Manhattan,Gazalas,restaurant,turkish,40.7626427,-73.9897868
node,6236943852,Manhattan,Sushi King,restaurant,sushi,40.7208864,-73.9898054
node,6236943855,Manhattan,Ms. Yoo,restaurant,korean,40.7211839,-73.9896938
node,6237222967,Manhattan,Omakase Shihou,restaurant,,40.775369,-73.9533215
node,6237394819,Manhattan,New Sunny East 88,restaurant,chinese,40.777924,-73.9483586
node,6237469173,Manhattan,Up Thai,restaurant,thai,40.7698909,-73.9577946
node,6237520255,Manhattan,Bangklyn East Harlem,restaurant,thai,40.7902533,-73.9429411
node,6237598299,Manhattan,Zabb PuTawn,restaurant,thai,40.7745221,-73.9508675
node,6240316486,Manhattan,parma Nuova,restaurant,italian,40.7748819,-73.9571029
node,6250764200,Manhattan,Happy Garden Palace,restaurant,chinese,40.7137479,-73.99549
node,6252179316,Manhattan,Saluggi's,restaurant,italian,40.7201178,-74.0036225
node,6258099099,Manhattan,Añejo Tribeca,restaurant,,40.7193126,-74.0042535
node,6260877963,Manhattan,Young Xinjiang BBQ Cart,restaurant,chinese,40.7136196,-73.993807
node,6260877964,Manhattan,Xing Wong BBQ,restaurant,chinese,40.7136265,-73.9937134
node,6260877968,Manhattan,New Wong,restaurant,chinese,40.7136792,-73.9931769
node,6260877969,Manhattan,Lan Zhou Ramen 107,restaurant,ramen;chinese,40.7136866,-73.9930117
node,6261876005,Manhattan,Sun Sai Gai Restaurant,restaurant,chinese,40.717196,-73.9993781
node,6270650093,Manhattan,Pascalou,restaurant,french,40.7851416,-73.9558929
node,6270653121,Manhattan,The Wright,restaurant,,40.7828127,-73.959174
node,6274225043,Manhattan,Ji Bei Chuan,restaurant,chinese,40.7175647,-73.994344
node,6277896351,Manhattan,CAFETERIA,restaurant,american,40.7404947,-73.9980066
node,6278117442,Manhattan,L'Express,restaurant,french,40.7380991,-73.9876326
node,6278128485,Manhattan,Superiority Burger,restaurant,,40.7264466,-73.9834307
node,6278185444,Manhattan,2nd Ave Deli,restaurant,diner,40.7695617,-73.9544914
node,6285668319,Manhattan,Sushi By Bou,restaurant,sushi,40.7584918,-73.983254
node,6293417989,Manhattan,Cibao Restaurant,restaurant,latin_american,40.7191277,-73.9849303
node,6296848317,Manhattan,El San Juan Restaurant,restaurant,seafood;soul_food,40.8010858,-73.9459088
node,6296848388,Manhattan,Jacob Restaurant,restaurant,soul_food,40.8217176,-73.9429665
node,6296851635,Manhattan,Jacob Restaurant,restaurant,soul_food,40.8102607,-73.9439964
node,6296851689,Manhattan,Hot Pot Under De Tree,restaurant,jamaican,40.826923,-73.9391666
node,6308814785,Manhattan,Amy Ruth's Downtown,restaurant,american;southern,40.7369618,-73.9954517
node,6311383922,Manhattan,KJUN,restaurant,cajun;korean,40.7489626,-73.9763378
node,6311383928,Manhattan,Sushi Ryusei,restaurant,sushi;japanese,40.7484457,-73.9751358
node,6311990216,Manhattan,Norikoh,restaurant,japanese,40.7504909,-73.9819457
node,6318870857,Manhattan,Crunch Bear Market,restaurant,japanese,39.1746828,-96.5824928
node,6318870858,Manhattan,Cinco de Mayo Taqueria,restaurant,mexican,39.174675,-96.5829846
node,6335392584,Manhattan,Pita & Beyond,restaurant,middle_eastern;eclectic,40.7426715,-73.9801025
node,6341278785,Manhattan,Le Burger,restaurant,burger;french,40.7240438,-73.9827327
node,6342212317,Manhattan,The Lobster Club,restaurant,japanese;sushi;fine_dining,40.7584777,-73.9721247
node,6344011421,Manhattan,Quantum Leap,restaurant,,40.7606061,-73.9614838
node,6346043620,Manhattan,Dorrian's,restaurant,american,40.7763756,-73.9525898
node,6348576200,Manhattan,Clinton Hall 36,restaurant,new_american,40.7500481,-73.9847324
node,6351737294,Manhattan,Le Reve,restaurant,mediterranean,40.7593749,-73.9711618
node,6352784394,Manhattan,Miraj Healthy Grill,restaurant,middle_eastern,40.7465244,-73.980481
node,6356436787,Manhattan,Three Times,restaurant,,40.7328388,-73.9910154
node,6356444688,Manhattan,San Matteo Pizzeria e Cucina,restaurant,italian,40.774651,-73.9543326
node,6356475285,Manhattan,Harlem Public,restaurant,,40.828715,-73.9484416
node,6356480886,Manhattan,Meijin Ramen,restaurant,ramen,40.7750498,-73.9535584
node,6356571487,Manhattan,Shorty’s,restaurant,sandwich,40.7581173,-73.9925987
node,6356581985,Manhattan,Kame Ramen,restaurant,,40.7442489,-73.9831707
node,6356748087,Manhattan,Keki Modern Cakes,restaurant,,40.7164858,-73.9980912
node,6356918085,Manhattan,The Little One,restaurant,,40.714103,-73.9909671
node,6356932387,Manhattan,Catmint Wheel Cake,restaurant,,40.7299964,-74.0003585
node,6356964285,Manhattan,DIU Tea,restaurant,,40.7209969,-73.9886406
node,6369348885,Manhattan,Fresh&Co,restaurant,,40.7573465,-73.9693316
node,6369617399,Manhattan,Nam Son,restaurant,vietnamese,40.7181712,-73.9943317
node,6371366886,Manhattan,Fresh & Co,restaurant,,40.7569432,-73.9717891
node,6371442486,Manhattan,Estela,restaurant,american,40.7246217,-73.9947736
node,6371446385,Manhattan,Nur,restaurant,,40.7385414,-73.9888236
node,6371598588,Manhattan,Zuma,restaurant,,40.7504796,-73.9806195
node,6371628985,Manhattan,꽃,restaurant,korean;steak_house,40.7410352,-73.9914328
node,6374756586,Manhattan,Don Filippo,restaurant,italian;pizza,40.7745987,-73.9589824
node,6378468600,Manhattan,The Horny Ram,restaurant,american,40.7552533,-73.9685194
node,6394873173,Manhattan,Yoon Haeundae Galbi,restaurant,korean;barbecue,40.7499088,-73.9844632
node,6396451192,Manhattan,Ostrica,restaurant,seafood,40.7418537,-73.9777299
node,6400825486,Manhattan,Mighty Quinn's,restaurant,barbecue,40.7531767,-73.987425
node,6403172123,Manhattan,Patsy's Pizzaria,restaurant,pizza,40.761859,-73.9656837
node,6407882846,Manhattan,Plant Made,restaurant,mexican;italian;pizza,40.7260386,-73.9897726
node,6408680743,Manhattan,Kuchnia Manhattan,restaurant,polish,52.7636919,15.2709247
node,6412293526,Manhattan,Coletta Italian Vegan Restaurant,restaurant,italian,40.7409361,-73.981374
node,6418252593,Manhattan,Olive Garden,restaurant,italian,40.7594748,-73.9847715
node,6418362084,Manhattan,Fig & Olive,restaurant,fine_dining,40.7405856,-74.0069587
node,6418373475,Manhattan,Cafe Boulud,restaurant,french,40.7743902,-73.9639545
node,6418378714,Manhattan,Carbone,restaurant,italian,40.7280028,-74.0002252
node,6418623098,Manhattan,Ginger Root Vegan,restaurant,chinese,40.7625034,-73.9596396
node,6422254286,Manhattan,,restaurant,italian,40.7607166,-73.9794734
node,6424147876,Manhattan,Five Senses,restaurant,korean,40.7475798,-73.9861702
node,6426473697,Manhattan,Dragon One,restaurant,chinese,40.8020768,-73.956844
node,6426977889,Manhattan,Buffalo Wild Wings,restaurant,wings,40.7601612,-73.9864034
node,6433889787,Manhattan,Norma’s,restaurant,,40.7642411,-73.9785007
node,6434573686,Manhattan,B&H Dairy,restaurant,breakfast;sandwich;eastern_european;jewish,40.7284226,-73.988016
node,6445549431,Manhattan,Tipsy Shanghai,restaurant,chinese,40.7487961,-73.9761031
node,6457357185,Manhattan,Casellula,restaurant,,40.76003,-73.9764733
node,6458026085,Manhattan,Avant Garden,restaurant,eclectic,40.7256438,-73.9840147
node,6458055785,Manhattan,Pietro Nolita,restaurant,,40.7210061,-73.9947024
node,6462532123,Manhattan,The Smith,restaurant,american,40.7309828,-73.9886341
node,6462866685,Manhattan,Sushi Para 88,restaurant,sushi,40.7386729,-74.0007672
node,6462874433,Manhattan,Chef 28,restaurant,chinese;japanese,40.7438416,-73.9849909
node,6466486185,Manhattan,Iguana New York,restaurant,,40.7641961,-73.9832028
node,6468283466,Manhattan,Les Enfants de Bohème,restaurant,,40.7136197,-73.9887706
node,6468793385,Manhattan,Awash,restaurant,ethiopian,40.7265709,-73.9868216
node,6473303178,Manhattan,Ukrainian East Village Restaurant,restaurant,ukrainian,40.7288929,-73.9871544
node,6475002986,Manhattan,Tad’s Steakhouse,restaurant,steak_house,40.7612776,-73.9828873
node,6475053286,Manhattan,Soho Sushi,restaurant,sushi,40.7297573,-73.9994822
node,6475062686,Manhattan,Bento Nouveau,restaurant,sushi,40.7059216,-74.0129774
node,6478973525,Manhattan,Pongal,restaurant,indian,40.7421877,-73.9826126
node,6481688224,Manhattan,Il Posto Accanto,restaurant,italian,40.7223924,-73.9840765
node,6483003192,Manhattan,Orso,restaurant,,40.7601137,-73.9890051
node,6483237643,Manhattan,Nizza,restaurant,italian,40.7600473,-73.9911963
node,6495270312,Manhattan,Flame Hibachi,restaurant,asian,40.7415111,-73.9809588
node,6495340586,Manhattan,Wok in the Clouds,restaurant,asian;indian,40.7428983,-73.9827962
node,6497976385,Manhattan,GFG. Greek Food from Greece,restaurant,,40.7639657,-73.9888381
node,6499655685,Manhattan,Zazzy's Pizza,restaurant,pizza,40.7215656,-73.9885854
node,6501259685,Manhattan,bella vita tranttoria,restaurant,,40.7568075,-73.9867028
node,6507019904,Manhattan,Lenwich,restaurant,,40.7506665,-73.9915474
node,6511840938,Manhattan,Jaahlookova,restaurant,,40.8168689,-73.9465164
node,6511867025,Manhattan,Abyssinia,restaurant,ethiopian,40.8160376,-73.9458914
node,6511917719,Manhattan,Ponty Bistro,restaurant,,40.8176235,-73.9416508
node,6530593033,Manhattan,Downtown Yummy Restaurant,restaurant,chinese,40.7134187,-73.9961407
node,6538373186,Manhattan,NAYA Mezze & Grill,restaurant,lebanese,40.7584922,-73.9661187
node,6538393285,Manhattan,NAYA Express,restaurant,lebanese,40.7588799,-73.9749741
node,6538395986,Manhattan,NAYA Express,restaurant,lebanese,40.7632356,-73.9769411
node,6538493024,Manhattan,Raku East Village,restaurant,japanese,40.7265,-73.9866532
node,6542803859,Manhattan,Ahimsa,restaurant,indian,40.7479448,-73.9758207
node,6543504647,Manhattan,Pepe Giallo,restaurant,italian,40.7468928,-74.0050275
node,6554084385,Manhattan,Mr. Broadway Kosher,restaurant,sandwich,40.7524576,-73.9871786
node,6562024133,Manhattan,Le Privé,restaurant,french,40.7195765,-73.9878525
node,6564102311,Manhattan,Death By Pizza,restaurant,pizza,40.7409605,-74.0049638
node,6565478400,Manhattan,Spicy Moon,restaurant,chinese,40.7267295,-73.9871986
node,6566728785,Manhattan,East dumpling,restaurant,,40.715869,-73.9928944
node,6566728787,Manhattan,Go! Go! Curry,restaurant,,40.7098464,-74.0090195
node,6566728885,Manhattan,Poké Bowl,restaurant,,40.7042695,-74.0117256
node,6566940485,Manhattan,Kati Roll Company,restaurant,,40.7091007,-74.0091471
node,6568734638,Manhattan,Hao Noodle,restaurant,chinese,40.7407628,-74.0044284
node,6568734704,Manhattan,Dumpling Man,restaurant,asian,40.7271837,-73.9847349
node,6568735408,Manhattan,Takumi,restaurant,japanese,40.7181774,-73.9918389
node,6568736486,Manhattan,Parm,restaurant,italian,40.7230403,-73.9957307
node,6568743285,Manhattan,CAVA,restaurant,mediterranean,40.7219556,-73.996497
node,6568824111,Manhattan,At Thai Restaurant,restaurant,thai,40.7618562,-73.9940965
node,6575701885,Manhattan,Pastis,restaurant,french,40.7392357,-74.0069542
node,6582979193,Manhattan,Fried Dumpling,restaurant,chinese,40.7145376,-73.9992597
node,6582979385,Manhattan,Barn Joo,restaurant,korean,40.7368428,-73.9906883
node,6583001086,Manhattan,Ho Foods,restaurant,taiwanese,40.7264166,-73.9847126
node,6583004985,Manhattan,886,restaurant,chinese,40.7288654,-73.9886584
node,6597691422,Manhattan,Joey Pepperoni’s Pizza,restaurant,pizza,40.7187899,-74.0026198
node,6606935746,Manhattan,Blossom on Columbus,restaurant,,40.7853903,-73.9727245
node,6615272810,Manhattan,Yum yum too,restaurant,thai,40.7609971,-73.9905173
node,6615272815,Manhattan,Mitr Thai,restaurant,thai,40.7567769,-73.9804939
node,6615272824,Manhattan,The Dawson,restaurant,,40.7559902,-73.9805626
node,6615272829,Manhattan,Valerie,restaurant,american,40.7562438,-73.9812159
node,6622046485,Manhattan,Pho Grand,restaurant,vietnamese;rice_noodle,40.7176968,-73.9927709
node,6622185985,Manhattan,il Buco,restaurant,,40.7258235,-73.9929943
node,6622267485,Manhattan,The Woo,restaurant,,40.7252195,-74.0037768
node,6630517161,Manhattan,CAVA,restaurant,mediterranean,40.7274974,-74.0071128
node,6630517163,Manhattan,MakiMaki,restaurant,sushi,40.7277372,-74.0070702
node,6630517164,Manhattan,Glaze,restaurant,japanese,40.7277965,-74.0070614
node,6633208285,Manhattan,Pazza Notte,restaurant,italian,40.7634136,-73.9781054
node,6644248562,Manhattan,Bella Luna Restaurant,restaurant,italian,40.7877722,-73.9714975
node,6648520617,Manhattan,Angelo's Pizza,restaurant,pizza,40.7638111,-73.982806
node,6649647161,Manhattan,Afghan Kebab House,restaurant,afghan,40.7699162,-73.9542186
node,6654169785,Manhattan,Smith's Bar,restaurant,american,40.7587626,-73.9888983
node,6659539085,Manhattan,L'accolade,restaurant,french,40.732491,-74.0038579
node,6662115185,Manhattan,The Standard,restaurant,,40.727873,-73.9907388
node,6670244826,Manhattan,Tanoshi Sushi NYC,restaurant,sushi,40.7676209,-73.9529255
node,6670244827,Manhattan,Finestra Restaurant,restaurant,italian,40.7675579,-73.9529698
node,6670244847,Manhattan,Sophie's Cuban Cuisine,restaurant,,40.765174,-73.9574182
node,6680604284,Manhattan,Daps Caribbean Cuisine,restaurant,caribbean,40.80563,-73.9399632
node,6680695929,Manhattan,Sahib Indian Cuisine,restaurant,indian,40.7422764,-73.9829114
node,6691104532,Manhattan,Jerk Off the Grill,restaurant,jamaican,40.7717892,-73.9537771
node,6691104542,Manhattan,Maruzzella,restaurant,,40.7713169,-73.9536779
node,6704527437,Manhattan,B. Cafe,restaurant,belgian,40.7708948,-73.9576006
node,6704581665,Manhattan,La Esquina,restaurant,mexican,40.7692931,-73.9577451
node,6725433358,Manhattan,The Hummus & Pita Co.,restaurant,mediterranean,40.7786166,-73.9530659
node,6732642783,Manhattan,Five Boys Fresh Pizza,restaurant,pizza,40.7287287,-74.0050957
node,6733980472,Manhattan,Great Wall,restaurant,,40.7950928,-73.9358471
node,6733996099,Manhattan,The Rice Noodle,restaurant,asian,40.7292129,-74.0015146
node,6733996101,Manhattan,Hello Saigon,restaurant,vietnamese,40.7289364,-74.0009503
node,6743201150,Manhattan,Pinks Cantina,restaurant,,40.7592498,-73.9527737
node,6758042171,Manhattan,Paladar Brazilian BBQ,restaurant,brazilian,40.7935062,-73.9376879
node,6758200121,Manhattan,Casa Lalo,restaurant,,40.7885984,-73.9487694
node,6762609288,Manhattan,Fillmore Delicatessen,restaurant,sandwich,40.7836113,-73.950714
node,6763864286,Manhattan,Peppercorn Station,restaurant,chinese,40.7526496,-73.985124
node,6764557213,Manhattan,Ming Wong,restaurant,chinese,40.716,-73.9983757
node,6769036965,Manhattan,Sarabeth's,restaurant,,40.7182859,-74.01025
node,6775582688,Manhattan,Cascade,restaurant,diner,40.7644289,-73.9842669
node,6781789416,Manhattan,La Vita Pizza,restaurant,italian,40.7836719,-73.9506652
node,6791095179,Manhattan,Olympia Pita,restaurant,middle_eastern,40.7300818,-74.0002912
node,6791524796,Manhattan,San Carlo Osteria Piemonte,restaurant,italian,40.7251488,-74.0022186
node,6795570589,Manhattan,Empire Steakhouse,restaurant,steak_house,40.7561488,-73.971257
node,6795887931,Manhattan,Shun Chang Chicken Duck Super,restaurant,,40.7141785,-73.9905853
node,6795916190,Manhattan,He Xie Grocery Store,restaurant,,40.7141804,-73.9906771
node,6802800188,Manhattan,CAVA,restaurant,mediterranean,40.7058652,-74.0087804
node,6807878874,Manhattan,The Mason Jar,restaurant,barbecue,40.7448906,-73.9836804
node,6814208895,Manhattan,Quique Crudo,restaurant,mexican;seafood,40.7291813,-74.0036625
node,6815431436,Manhattan,Jacob's Pickles,restaurant,american,40.7911792,-73.969073
node,6817950285,Manhattan,Juice Generation,restaurant,,40.7376211,-73.9899652
node,6818147882,Manhattan,Akami Sushi,restaurant,japanese;sushi,40.7804769,-73.9470077
node,6818179470,Manhattan,Fresh Wok,restaurant,hawaiian;chinese,40.7806162,-73.9468726
node,6836077126,Manhattan,Shalel,restaurant,moroccan,40.7760721,-73.9794282
node,6852143019,Manhattan,Wagamama,restaurant,asian,40.748833,-73.975442
node,6852207223,Manhattan,Hunan Village,restaurant,chinese,40.7496807,-73.9771518
node,6852273046,Manhattan,La Stanza,restaurant,italian,40.7497088,-73.9775565
node,6852273047,Manhattan,Sushi Zo,restaurant,japanese;sushi,40.7497373,-73.9776384
node,6852273049,Manhattan,Kokage,restaurant,japanese,40.749812,-73.9777557
node,6852273050,Manhattan,La Brochette Steakhouse,restaurant,steak_house;sushi,40.7498479,-73.9774133
node,6910650054,Manhattan,Indi Thai,restaurant,thai,40.7198493,-73.9903448
node,6910698799,Manhattan,Revival,restaurant,,40.7214223,-73.9877903
node,6910728948,Manhattan,Mama Fina's House of Filipino Sisig,restaurant,filipino,40.7282376,-73.9821344
node,6910758321,Manhattan,Ahimsa,restaurant,indian,40.7283918,-73.983236
node,6910793420,Manhattan,Dim Sum Bloom,restaurant,chinese,40.7310339,-73.982565
node,6910793421,Manhattan,New Arc Chicken,restaurant,middle_eastern,40.7311721,-73.9829309
node,6916714072,Manhattan,Hao Xin Qing Fashion,restaurant,,40.7141341,-73.9908408
node,6919152917,Manhattan,Au Cheval Diner,restaurant,american,40.7180421,-74.0019638
node,6920037989,Manhattan,Grand Central Oyster Bar and Restaurant,restaurant,seafood,40.7524188,-73.9773429
node,6927650853,Manhattan,Massawa,restaurant,ethiopian;east_african,40.8097913,-73.9586122
node,6939934109,Manhattan,Lao Jie Hot Pot & BBQ,restaurant,chinese,40.7176315,-73.9950282
node,6940112503,Manhattan,Trapizzino,restaurant,italian,40.7203717,-73.9889547
node,6946422550,Manhattan,Ricardo Steak House,restaurant,steak,40.793484,-73.9405846
node,6949740429,Manhattan,Bel Ami Cafe,restaurant,,40.7690363,-73.9671242
node,6949740433,Manhattan,Nectar of 82nd Street,restaurant,,40.7782135,-73.9609828
node,6955002285,Manhattan,Le Botaniste Organic Vegetarian Wine Bar,restaurant,,40.7513984,-73.9742258
node,6955034545,Manhattan,Mangia,restaurant,italian,40.7417763,-73.9906298
node,6967870385,Manhattan,Pete's Tavern,restaurant,,40.7365064,-73.9867109
node,6969654187,Manhattan,Eim Khao Mun Kai,restaurant,thai,40.72845,-73.987993
node,6969716317,Manhattan,Thyme & Tonic,restaurant,american;asian,40.7844564,-73.9739015
node,6969716318,Manhattan,Tridim West,restaurant,chinese,40.7841086,-73.9736584
node,6979980085,Manhattan,Saba's Pizza,restaurant,pizza;italian,40.7770944,-73.9571567
node,6979980086,Manhattan,Famous Famiglia Pizzeria,restaurant,pizza,40.778314,-73.9566244
node,6980177370,Manhattan,Grotta Azzurra,restaurant,italian,40.7204043,-73.9969996
node,6981865793,Manhattan,Istanbul Kebab House,restaurant,,40.7625456,-73.9893759
node,7003610135,Manhattan,Symposium,restaurant,greek,40.8055157,-73.9642686
node,7004354698,Manhattan,Haji's Famous Deli,restaurant,sandwich,40.8064186,-73.961107
node,7004392888,Manhattan,Wu + Nussbaum,restaurant,,40.8060976,-73.9656359
node,7012052492,Manhattan,The Original Ray's Pizza Restaurant,restaurant,pizza,40.7841453,-73.9741189
node,7013001983,Manhattan,Javelina,restaurant,tex-mex,40.7693428,-73.9581971
node,7036473776,Manhattan,Tara Rose,restaurant,pub;american;irish;brunch,40.7417613,-73.9812336
node,7039664885,Manhattan,A Slice of New York,restaurant,,40.7596528,-73.988293
node,7040362186,Manhattan,Anar,restaurant,indian,40.8002094,-73.9656338
node,7041983091,Manhattan,Living Thai,restaurant,thai,40.8000987,-73.9657163
node,7047004787,Manhattan,Hold Fast,restaurant,,40.7606026,-73.9902545
node,7047037587,Manhattan,STK Midtown,restaurant,,40.7548374,-73.9827653
node,7047041785,Manhattan,Cathédral,restaurant,,40.7315779,-73.9895131
node,7048001985,Manhattan,Piccola Cucina,restaurant,,40.7262766,-74.0021542
node,7048004285,Manhattan,Sottocasa Pizzeria,restaurant,,40.805587,-73.9475248
node,7048022347,Manhattan,"One if by Land, Two by if See",restaurant,,40.7325495,-74.0026275
node,7055185614,Manhattan,Lenwich,restaurant,sandwich,40.7725796,-73.958785
node,7055777987,Manhattan,Lindys,restaurant,,40.762939,-73.9821435
node,7061899686,Manhattan,Noodies Thai Kitchen,restaurant,thai,40.7662252,-73.9867368
node,7061916385,Manhattan,Kashkaval Garden,restaurant,mediterranean,40.7667648,-73.9861831
node,7061919185,Manhattan,Blue Seafood Bar,restaurant,seafood,40.7668916,-73.9861952
node,7062657176,Manhattan,Empanada Mama,restaurant,colombian,40.7644156,-73.9885174
node,7072974787,Manhattan,Smør,restaurant,nordic,40.7293429,-73.9816876
node,7075387185,Manhattan,Wayan,restaurant,,40.7213704,-73.9950789
node,7077542685,Manhattan,Onieal’s,restaurant,american,40.7196632,-73.9978597
node,7077578988,Manhattan,Cafeta Social Club Italian Restaurant,restaurant,,40.7241895,-73.9945177
node,7077876287,Manhattan,The Leopard at des Artistes,restaurant,,40.773462,-73.9788968
node,7078534435,Manhattan,Shabu-Tatsu,restaurant,japanese;hotpot,40.7292812,-73.9858915
node,7078534436,Manhattan,Rai Rai Ken,restaurant,ramen,40.7292423,-73.9857986
node,7079145390,Manhattan,BB.Q Olive Chicken,restaurant,korean;chimaek,40.747835,-73.986847
node,7080440667,Manhattan,Bravo Pizza,restaurant,pizza,40.7484534,-73.9927079
node,7085164539,Manhattan,Mighty Quinn's,restaurant,barbecue,40.7723544,-73.9555308
node,7085207165,Manhattan,Anand Indian Cuisine,restaurant,indian,40.7723678,-73.955182
node,7087039285,Manhattan,Una Pizza Napoletana,restaurant,pizza,40.7217167,-73.9884995
node,7087207951,Manhattan,Abaya Thai,restaurant,thai,40.7537597,-73.9935174
node,7087208400,Manhattan,Glur Thai,restaurant,thai,40.7411945,-73.9967198
node,7089435597,Manhattan,NR,restaurant,japanese,40.7700616,-73.9550189
node,7093547132,Manhattan,Trattoria Dell'Arte,restaurant,italian,40.7652832,-73.9804165
node,7093547285,Manhattan,H,restaurant,,40.7613327,-73.9675293
node,7093921929,Manhattan,TsuroTonTan,restaurant,japanese,40.7582536,-73.9807387
node,7093921932,Manhattan,Yama Ramen,restaurant,noodle;japanese,40.7581457,-73.9806079
node,7093921941,Manhattan,Ippudo,restaurant,ramen,40.7564517,-73.9804099
node,7093921944,Manhattan,Via Brasil,restaurant,brazilian,40.7566081,-73.9806982
node,7093921945,Manhattan,Nino's 46,restaurant,italian,40.7568086,-73.9805692
node,7097867546,Manhattan,Ankara #3,restaurant,turkish,40.7225587,-73.988108
node,7098499225,Manhattan,Sushi Kai,restaurant,sushi,40.728599,-73.9860977
node,7098944758,Manhattan,BLT Prime,restaurant,steak_house,40.7715244,-73.9615969
node,7098987894,Manhattan,Orsay,restaurant,french,40.7724091,-73.9605564
node,7102342430,Manhattan,Jean Claude,restaurant,french,40.7710056,-73.9509459
node,7108601966,Manhattan,Eli's Table,restaurant,american,40.7750684,-73.95648
node,7112624485,Manhattan,Sophra Grill,restaurant,turkish,40.7466487,-73.9771934
node,7112758739,Manhattan,5ive Spice,restaurant,vietnamese,40.7408703,-73.9814116
node,7125397465,Manhattan,Vinateria,restaurant,italian;spanish,40.8065375,-73.9540554
node,7125417491,Manhattan,Cecil,restaurant,,40.8047922,-73.9525262
node,7125417493,Manhattan,Moca Bar & Lounge,restaurant,,40.806371,-73.9536786
node,7125552538,Manhattan,Motel Morris,restaurant,american,40.7410077,-73.9981275
node,7125925885,Manhattan,,restaurant,,40.7412449,-74.0053836
node,7125925886,Manhattan,Cha Chang Tang,restaurant,chinese,40.7152633,-73.9988232
node,7125925887,Manhattan,Sweet Chick,restaurant,american;soul_food,40.7217365,-73.987391
node,7125928685,Manhattan,Friedman’s,restaurant,american,40.7483305,-73.9905021
node,7129746386,Manhattan,Kogame Ramen,restaurant,,40.740654,-74.0042571
node,7134303426,Manhattan,Sant Ambroeus,restaurant,,40.7754041,-73.9629918
node,7139389687,Manhattan,Burger & Lobster,restaurant,burger;seafood,40.7558772,-73.9850095
node,7149223689,Manhattan,Rezdôra,restaurant,italian,40.7390943,-73.9893691
node,7159068916,Manhattan,Tropical Sensation,restaurant,,40.8008723,-73.9651512
node,7159068917,Manhattan,Awash,restaurant,ethiopian,40.800689,-73.9652812
node,7159151800,Manhattan,Raenu Thai,restaurant,thai,40.7975001,-73.9680762
node,7159234141,Manhattan,Miyako,restaurant,sushi,40.7911097,-73.9727374
node,7159496528,Manhattan,Indian Tanpura,restaurant,indian,40.7886183,-73.97456
node,7159516092,Manhattan,Gyu-Kaku,restaurant,japanese;barbecue,40.7904105,-73.9732592
node,7160825479,Manhattan,Sathi,restaurant,,40.7362201,-73.9852797
node,7161597623,Manhattan,Kitaro Sushi,restaurant,sushi,40.7868795,-73.9758248
node,7161597627,Manhattan,Flor de Mayo,restaurant,latin_american,40.7860372,-73.9764478
node,7162418888,Manhattan,Le Botaniste,restaurant,health_food;eclectic,40.7204727,-74.000209
node,7164989985,Manhattan,Barolo,restaurant,,40.7242457,-74.0023993
node,7165016685,Manhattan,The New Amity Restaurant,restaurant,diner;greek,40.7798039,-73.9597899
node,7165016688,Manhattan,Mighty Bowl,restaurant,asian,40.7738414,-73.9595305
node,7173360085,Manhattan,K Rico Steakhouse,restaurant,steak_house;american;grill,40.7643751,-73.988007
node,7182200996,Manhattan,Sai Gon Dep,restaurant,,40.7477679,-73.9739443
node,7192228723,Manhattan,Luke's Lobster,restaurant,seafood,40.7841802,-73.9778051
node,7192228727,Manhattan,Caledonia Bar,restaurant,,40.7841195,-73.9778588
node,7194269384,Manhattan,Momoya,restaurant,japanese,40.7840363,-73.9774282
node,7195064985,Manhattan,Piccola Cuccina Estiatorio,restaurant,sicilian;italian,40.72461,-74.0030234
node,7230710385,Manhattan,Peter McManus Cafe,restaurant,,40.7418314,-73.9975703
node,7237689588,Manhattan,Emmy Squared,restaurant,pizza;burger,40.7259556,-73.9867236
node,7237833660,Manhattan,Suki Sushi,restaurant,sushi,40.7745346,-73.948381
node,7243408476,Manhattan,Bar Primi,restaurant,italian;pasta,40.7256687,-73.991784
node,7254235917,Manhattan,MaLa Project,restaurant,chinese,40.72713,-73.9854213
node,7256020396,Manhattan,Lenz's Delicatessen,restaurant,deli,40.7336058,-73.9775005
node,7259558972,Manhattan,Clay,restaurant,,40.8094423,-73.9537567
node,7272018487,Manhattan,Poppy,restaurant,american,40.7290033,-73.9808662
node,7275209203,Manhattan,AOI Kitchen,restaurant,japanese,40.7268711,-73.987535
node,7278595729,Manhattan,Home Kitchen,restaurant,comfort_food,40.7780696,-73.9560043
node,7280998685,Manhattan,Quality Eats,restaurant,,40.734487,-74.0000708
node,7282840009,Manhattan,Las Panteras Negras,restaurant,mexican,40.792726,-73.9406769
node,7290190311,Manhattan,Agaveria La Diagonal,restaurant,,40.8060758,-73.9530327
node,7298030171,Manhattan,Cafe Paradiso,restaurant,cafe;wine;italian,40.7734245,-73.9834903
node,7298120657,Manhattan,MIGHTY Bowl,restaurant,,40.7298889,-74.0003515
node,7314202221,Manhattan,Ramen Takumi,restaurant,japanese,40.7307321,-73.9953031
node,7314202223,Manhattan,Bowllin',restaurant,korean,40.7305854,-73.9950403
node,7317595435,Manhattan,Dame,restaurant,,40.7290052,-74.0014767
node,7324239647,Manhattan,Lao Ma Spicy,restaurant,chinese,40.7309117,-73.9934941
node,7324240299,Manhattan,Yaso Noodle Bar,restaurant,,40.7302173,-73.9940092
node,7360048870,Manhattan,Barbounia,restaurant,mediterranean,40.7382829,-73.9880343
node,7360048871,Manhattan,Farmers & the Fish,restaurant,seafood,40.7379953,-73.9876977
node,7360048872,Manhattan,MoMo,restaurant,sushi,40.7378703,-73.9877775
node,7360048875,Manhattan,Boucherie,restaurant,french,40.7373226,-73.9881724
node,7360048881,Manhattan,Seahorse NYC,restaurant,seafood,40.7365859,-73.9887196
node,7362789427,Manhattan,CAVA,restaurant,mediterranean,40.7408801,-73.9855827
node,7366142878,Manhattan,Prosciutto,restaurant,italian,40.7276307,-73.9832512
node,7367435626,Manhattan,Mikado,restaurant,japanese,40.7372427,-73.9971516
node,7412581460,Manhattan,Klong,restaurant,thai,40.7293986,-73.9892603
node,7418114253,Manhattan,Senn Thai Comfort Food,restaurant,thai,40.7850269,-73.9771886
node,7418118988,Manhattan,Land Thai Kitchen,restaurant,thai,40.784963,-73.9772434
node,7477289147,Manhattan,The Boil,restaurant,cajun;seafood,40.7301569,-73.9941457
node,7503867831,Manhattan,South of the Clouds,restaurant,chinese;noodle,40.7326017,-73.9974121
node,7509089435,Manhattan,Askili Orchard,restaurant,georgian,40.7334356,-73.9999276
node,7554344636,Manhattan,Babbalucci,restaurant,italian;pizza,40.8088971,-73.9450332
node,7591060174,Manhattan,Friedman's,restaurant,,40.7731777,-73.989566
node,7593868773,Manhattan,Le Soleil,restaurant,caribbean,40.7686023,-73.988717
node,7593868777,Manhattan,Casabianca,restaurant,italian;pizza,40.7685334,-73.9887733
node,7596986485,Manhattan,Jua,restaurant,,40.7397337,-73.9878018
node,7596986631,Manhattan,Atoboy,restaurant,korean,40.7436985,-73.9845074
node,7596991341,Manhattan,Crown Shy,restaurant,,40.706227,-74.0075097
node,7609989955,Manhattan,No Pork Kitchen,restaurant,chinese,40.7931128,-73.9408588
node,7609989957,Manhattan,Tastings NYC,restaurant,,40.7934903,-73.9409967
node,7633747474,Manhattan,Forever Taste Restaurant,restaurant,chinese,40.7129251,-73.9899262
node,7633747475,Manhattan,Madison St Pizza,restaurant,pizza,40.7128689,-73.9888428
node,7633814598,Manhattan,El Castillo De Manhattan,restaurant,hispanic,40.7128198,-73.9895012
node,7653745273,Manhattan,Haymaker,restaurant,,40.748746,-73.9952843
node,7657200159,Manhattan,Perfect Picnic,restaurant,,40.7944156,-73.9628889
node,7657278602,Manhattan,Rolls & Bowls,restaurant,sushi,40.7718581,-73.9855139
node,7657302426,Manhattan,Moko,restaurant,sushi,40.7288045,-73.9872898
node,7658594646,Manhattan,Il Gnoccochi,restaurant,,40.7987711,-73.9423685
node,7678152126,Manhattan,Sophie's Cuban Cuisine,restaurant,cuban,40.7406022,-73.9877902
node,7680594079,Manhattan,Dish Restaurant,restaurant,,40.7436917,-73.9999031
node,7680594082,Manhattan,el coco,restaurant,,40.7435443,-73.9995047
node,7680594083,Manhattan,Charm's,restaurant,asian,40.7434956,-73.9995423
node,7700135685,Manhattan,Taq,restaurant,tacos,40.7151708,-74.0104716
node,7700142886,Manhattan,Vcafe,restaurant,,40.7184168,-74.0102722
node,7700168785,Manhattan,Zona Tribeca,restaurant,italian,40.7186643,-74.0102017
node,7700401455,Manhattan,Walters,restaurant,,40.7493415,-73.995763
node,7700401457,Manhattan,,restaurant,chinese,40.7494967,-73.9956416
node,7700401461,Manhattan,Rowdy Rooster Indian Fried Chicken,restaurant,indian,40.7490376,-73.9902532
node,7717760985,Manhattan,Tacombi,restaurant,mexican,40.7046131,-74.0116878
node,7768153642,Manhattan,omakase Osukāā,restaurant,,40.7550569,-73.9774184
node,7794379162,Manhattan,noreetuh,restaurant,hawaiian,40.7273102,-73.9852896
node,7820550080,Manhattan,Thai Farm Kitchen Seaport,restaurant,thai,40.7082346,-74.0016985
node,7905888984,Manhattan,Recente,restaurant,italian,40.7306355,-73.9859173
node,7906873339,Manhattan,Socarrat Paella Bar,restaurant,spanish,40.7244928,-73.9950083
node,7951139837,Manhattan,Hamachi Sushi,restaurant,japanese,40.7472523,-73.9822072
node,7951223515,Manhattan,Gogi,restaurant,asian,40.7536287,-73.9912381
node,7951223520,Manhattan,Sakura Of Japan,restaurant,japanese,40.7546559,-73.9912359
node,7951223521,Manhattan,Pizzacafe,restaurant,pizza,40.7542417,-73.9917234
node,7951223526,Manhattan,Go! Go! Curry!,restaurant,japanese,40.7546364,-73.9911871
node,7951223530,Manhattan,Blue Maiz Kitchen,restaurant,mexican,40.7554759,-73.990837
node,8014564675,Manhattan,Angel of Harlem,restaurant,american;brunch,40.8080588,-73.9524756
node,8019763087,Manhattan,Crab du Jour,restaurant,seafood,40.810819,-73.9509742
node,8062702032,Manhattan,AO Organic Japanese,restaurant,japanese,40.7527533,-73.9875518
node,8097608582,Manhattan,Mughlai Indian Cuisine,restaurant,indian,40.7397511,-73.9822372
node,8098089419,Manhattan,Zest Ramen,restaurant,asian;japanese;ramen,40.7181242,-73.9918666
node,8151649109,Manhattan,Angelo's,restaurant,italian,40.7189102,-73.9973496
node,8151649110,Manhattan,Bellacio,restaurant,italian,40.7189295,-73.9976487
node,8151649111,Manhattan,Puglia,restaurant,italian,40.7181753,-73.9976755
node,8151649114,Manhattan,Buona Notte,restaurant,italian,40.7177738,-73.9980262
node,8151656721,Manhattan,Manolo's Pizza,restaurant,pizza,40.7176091,-73.9984198
node,8151656740,Manhattan,Da Long Yi Hot Pot,restaurant,chinese,40.7166189,-73.9966791
node,8197411876,Manhattan,Monte Carlo Diner,restaurant,diner,40.7938421,-73.9398645
node,8197484224,Manhattan,Enzo Bruni La Pizza Gourmet,restaurant,pizza;italian,40.7834235,-73.947941
node,8202108197,Manhattan,Sushi Dairo,restaurant,sushi,40.7360172,-73.9854336
node,8202108199,Manhattan,Taqueria Gramercy,restaurant,mexican,40.7362675,-73.9852525
node,8250739674,Manhattan,Boqueria,restaurant,spanish;tapas,40.77152,-73.9561132
node,8250819292,Manhattan,Crave Fishbar,restaurant,,40.7715896,-73.9560688
node,8250820319,Manhattan,Lusardi's,restaurant,italian,40.7724145,-73.9554921
node,8272824078,Manhattan,Avenue D Pizza,restaurant,pizza,40.7205741,-73.9784977
node,8272824079,Manhattan,New Chinatown,restaurant,chinese;american,40.7204948,-73.978558
node,8279787430,Manhattan,L'Atelier de Joël Robuchon,restaurant,french,40.7431114,-74.0078356
node,8284627180,Manhattan,A-Jiao Sichuan Cuisine,restaurant,chinese;sichuan,40.7831068,-73.9481432
node,8288058348,Manhattan,The Red Grill,restaurant,mexican,40.7793403,-73.9509033
node,8289646189,Manhattan,Casa Bocada,restaurant,mexican,40.7194963,-73.9946356
node,8289844990,Manhattan,P.J. Clarke’s,restaurant,american;seafood,40.7715266,-73.982747
node,8289844991,Manhattan,Rosa Mexicano,restaurant,mexican,40.771471,-73.982597
node,8307416282,Manhattan,Llama San,restaurant,peruvian;japanese,40.7322375,-74.0007701
node,8309469077,Manhattan,King,restaurant,italian,40.7275806,-74.0034217
node,8333736444,Manhattan,Savida,restaurant,,40.7165611,-74.0076634
node,8333736446,Manhattan,Dilli Bistro,restaurant,indian,40.7156689,-74.0075739
node,8333736447,Manhattan,Soup & Gyro,restaurant,turkish,40.7157083,-74.0075514
node,8333736448,Manhattan,Burrito Mariachi,restaurant,,40.7157901,-74.0070493
node,8333736450,Manhattan,Akimoto Sushi,restaurant,,40.7157534,-74.0070887
node,8333736452,Manhattan,Fresh Curry,restaurant,,40.7156736,-74.0071471
node,8333736454,Manhattan,1803,restaurant,american,40.7154295,-74.0072402
node,8333736458,Manhattan,Tavern On Reade,restaurant,american,40.7148666,-74.0066475
node,8333736459,Manhattan,Gran Morsi,restaurant,,40.7143289,-74.0077874
node,8333736460,Manhattan,Dark Horse,restaurant,,40.713638,-74.0080761
node,8333736461,Manhattan,Little Italy Pizza,restaurant,,40.7130755,-74.0083507
node,8333736464,Manhattan,H K Wonton Garden,restaurant,chinese;cantonese,40.7164477,-73.9991412
node,8333736465,Manhattan,Tonii's Fresh Rice Noodle,restaurant,chinese,40.7157002,-73.998936
node,8333736467,Manhattan,Hop Kee,restaurant,chinese,40.7144157,-73.9990521
node,8333736468,Manhattan,Noodle Village,restaurant,,40.7141756,-73.9988776
node,8333736469,Manhattan,Pinklady Cheese Tart,restaurant,,40.7140958,-73.9989117
node,8333736470,Manhattan,Wok Wok Southeast Asian Kitchen,restaurant,asian;malaysian,40.7140513,-73.9988292
node,8333736471,Manhattan,Chinese Tuxedo,restaurant,,40.7143245,-73.998035
node,8333736473,Manhattan,Juku,restaurant,,40.7145994,-73.9995122
node,8333736474,Manhattan,Asia Roma,restaurant,asian;italian;pub,40.7148391,-73.9995232
node,8333736475,Manhattan,Chipilo,restaurant,,40.7151452,-73.9995275
node,8333736477,Manhattan,波記潮州小食,restaurant,,40.7158511,-73.9986411
node,8333736478,Manhattan,WK,restaurant,,40.7153415,-73.9985703
node,8333736479,Manhattan,Yeah Shanghai Deluxe,restaurant,,40.7155413,-73.9984504
node,8333736480,Manhattan,Sweet House Drinks and Desserts,restaurant,,40.7154484,-73.9982419
node,8333736481,Manhattan,Kong Sihk Tong,restaurant,,40.715404,-73.9981108
node,8333736483,Manhattan,Yunshang Rice Noodle,restaurant,chinese;noodle,40.7152603,-73.997673
node,8333736484,Manhattan,Cafe Hong Kong,restaurant,,40.7152049,-73.9975319
node,8333736485,Manhattan,Shinsen Sushi Izakaya & Bar,restaurant,sushi,40.7155856,-73.9967114
node,8333736486,Manhattan,Joe's Shanghai,restaurant,chinese,40.7156823,-73.9966551
node,8333736487,Manhattan,Chikarashi Isso at Hotel 50 Bowery,restaurant,,40.715936,-73.9965677
node,8333736488,Manhattan,Sushi Noz,restaurant,japanese;sushi,40.7738874,-73.9581318
node,8333736489,Manhattan,Noz Market,restaurant,,40.773817,-73.9579582
node,8333736490,Manhattan,Tri Dim Shanghai,restaurant,chinese;shanghai,40.7739606,-73.9578708
node,8333736491,Manhattan,Rothschild TLV,restaurant,mediterranean,40.7745082,-73.9590066
node,8333736492,Manhattan,Wrap-N-Run Grill,restaurant,sandwich;american,40.7744055,-73.9591389
node,8333736493,Manhattan,Eli's Night Shift,restaurant,american,40.7744968,-73.9573847
node,8333736495,Manhattan,Due,restaurant,italian,40.7746639,-73.9572619
node,8333736497,Manhattan,Springbone,restaurant,,40.7753561,-73.9562803
node,8333736499,Manhattan,Emmy Squared–Upper East Side,restaurant,,40.7755873,-73.9565983
node,8333736500,Manhattan,Antonucci Cafe,restaurant,italian,40.7756861,-73.9567751
node,8333736503,Manhattan,Sistina,restaurant,,40.7777128,-73.9616509
node,8333736505,Manhattan,Serafina Juice Bar,restaurant,,40.7760832,-73.9625104
node,8333736507,Manhattan,Three Guys,restaurant,,40.7741366,-73.963997
node,8333736508,Manhattan,Caravaggio,restaurant,,40.7733732,-73.9647547
node,8333736509,Manhattan,Via Quadronno,restaurant,,40.7727444,-73.965157
node,8333736510,Manhattan,Avena,restaurant,,40.7680543,-73.9686238
node,8333736511,Manhattan,Altesi,restaurant,,40.7667433,-73.9696115
node,8333736512,Manhattan,Supreme Snail Emporium,restaurant,,40.7662456,-73.9713791
node,8333736513,Manhattan,Amaranth,restaurant,,40.765752,-73.9703344
node,8333736514,Manhattan,Avra Madison Estiatorio,restaurant,,40.7644233,-73.9717418
node,8333736515,Manhattan,Freds Madison Avenue,restaurant,,40.7645918,-73.9714574
node,8333740818,Manhattan,The Garden,restaurant,,40.762177,-73.9714951
node,8333740819,Manhattan,Serafina Osteria,restaurant,,40.7627413,-73.9716949
node,8333740821,Manhattan,Peperino,restaurant,pizza,40.7727893,-73.9906757
node,8333740825,Manhattan,Marea,restaurant,,40.7675041,-73.9811088
node,8333740826,Manhattan,Super Taste,restaurant,chinese,40.7151467,-73.9933719
node,8333740828,Manhattan,Kuih Cafe,restaurant,malaysian,40.7159151,-73.9929989
node,8333740832,Manhattan,99 Favor Taste,restaurant,chinese,40.7176228,-73.9925201
node,8333740833,Manhattan,New Kim Tuong,restaurant,chinese,40.717438,-73.9943959
node,8333740834,Manhattan,Osaka Fusion Sushi,restaurant,sushi,40.7173646,-73.994434
node,8333740835,Manhattan,New York Canton Lounge,restaurant,chinese,40.7162473,-73.9979811
node,8333740837,Manhattan,Kingwuu,restaurant,,40.7173742,-73.9997709
node,8333740840,Manhattan,HUMBLE FISH,restaurant,,40.7200227,-74.0034996
node,8333740841,Manhattan,Antique Garage,restaurant,,40.7197223,-74.0039458
node,8333740842,Manhattan,Macao,restaurant,,40.719643,-74.0040209
node,8333740845,Manhattan,Grand Kosher Cafe,restaurant,,40.7147579,-73.9821321
node,8333740846,Manhattan,A. 1. PIZZA SHOP,restaurant,,40.7149914,-73.9828256
node,8333740847,Manhattan,East Side Glatt,restaurant,,40.7149749,-73.9827649
node,8333740848,Manhattan,Ernesto's,restaurant,basque,40.7143271,-73.9854388
node,8333740849,Manhattan,May Kaidee,restaurant,thai,40.7141554,-73.9874744
node,8333740850,Manhattan,Cater to You,restaurant,,40.7100736,-74.0055035
node,8333828555,Manhattan,Camila's Tasting Room,restaurant,,40.8277391,-73.9461261
node,8333828557,Manhattan,Freedom Deli 2,restaurant,,40.8311981,-73.9410187
node,8333828558,Manhattan,Savory Fried Chicken & Grill,restaurant,,40.8284252,-73.9455705
node,8333828559,Manhattan,Wimpy's,restaurant,,40.8287,-73.9454264
node,8333828560,Manhattan,Savory,restaurant,,40.8292395,-73.9450264
node,8333828561,Manhattan,Sita Thai,restaurant,,40.8288048,-73.9491362
node,8333828566,Manhattan,Crown Fried Chicken,restaurant,,40.829518,-73.9486476
node,8333828567,Manhattan,Yellow Banana,restaurant,,40.8293505,-73.9487609
node,8333828570,Manhattan,The Honey Well,restaurant,american,40.8284805,-73.9486189
node,8333828573,Manhattan,Jumbos Pizza Coffee Shop,restaurant,pizza,40.8280217,-73.9489143
node,8333828574,Manhattan,Broadway Wholesome Food & Beer Garden,restaurant,,40.8275316,-73.9493119
node,8333828575,Manhattan,Tacos Azteca Food Truck,restaurant,,40.8272038,-73.949673
node,8333828576,Manhattan,Sing Wah Kitchen,restaurant,,40.8276305,-73.9499637
node,8333828577,Manhattan,Mamasushi,restaurant,,40.8274612,-73.9502495
node,8333828579,Manhattan,New York Gourmet Deli,restaurant,,40.8085008,-73.9489844
node,8333828580,Manhattan,Savanna Raes,restaurant,,40.8083041,-73.9492718
node,8333828581,Manhattan,Red Star,restaurant,,40.8076883,-73.9496777
node,8333828583,Manhattan,Knew King Wok,restaurant,,40.8064714,-73.9498101
node,8335747734,Manhattan,Tao Downtown,restaurant,asian,40.7423232,-74.0041344
node,8355860496,Manhattan,Ichiran,restaurant,ramen,40.7483096,-73.9904415
node,8375908251,Manhattan,Dragon Sushi,restaurant,sushi;bubble_tea;ramen,40.8111683,-73.9581016
node,8375908253,Manhattan,Dun Huang,restaurant,chinese,40.8110353,-73.9582026
node,8385594245,Manhattan,West Place,restaurant,chinese,40.811599,-73.9578096
node,8410114663,Manhattan,Thai Hot Box,restaurant,thai,40.7812501,-73.9524521
node,8418834099,Manhattan,CAVA,restaurant,mediterranean,40.7528591,-73.9875245
node,8418913546,Manhattan,Broad Nosh Bagels,restaurant,bagel,40.7638536,-73.9852266
node,8486713328,Manhattan,Lovely Day,restaurant,japanese;breakfast;eclectic,40.7217995,-73.9943861
node,8495279807,Manhattan,Conmigo,restaurant,mexican,40.7778653,-73.9488853
node,8530354116,Manhattan,Nón Lá,restaurant,vietnamese,40.7252756,-73.9875315
node,8551326223,Manhattan,Glaze,restaurant,,40.7592021,-73.9701987
node,8570165360,Manhattan,Noodle Fun,restaurant,chinese,40.7795944,-73.9471609
node,8571541076,Manhattan,Sabor A Mexico,restaurant,mexican,40.7795643,-73.9471823
node,8571998198,Manhattan,Halal Munchies,restaurant,middle_eastern,40.7881634,-73.9473978
node,8593629442,Manhattan,Anatoli 56,restaurant,greek,40.758653,-73.9655557
node,8615466792,Manhattan,BJ Pizza&Deli,restaurant,pizza,40.7487921,-73.9957069
node,8622510722,Manhattan,Lan Larb Chiang Mai,restaurant,thai,40.7199764,-73.9985336
node,8630492211,Manhattan,Caffe Buon Gusto,restaurant,italian,40.7723547,-73.9570678
node,8632736467,Manhattan,Quality Italian,restaurant,steak;italian,40.7645688,-73.976773
node,8638470025,Manhattan,Isle of Capri,restaurant,italian,40.7627893,-73.9659429
node,8638490154,Manhattan,Scalinatella Ristorante,restaurant,italian,40.7627899,-73.9653786
node,8644302518,Manhattan,Los Tacos No. 1,restaurant,,40.7143494,-74.0086532
node,8644307717,Manhattan,Little Italy Pizza,restaurant,,40.7151424,-74.0079858
node,8644312717,Manhattan,Jack’s Stir Brew Coffee,restaurant,,40.719358,-74.0049418
node,8648127018,Manhattan,Tamarind,restaurant,,40.7191453,-74.0089504
node,8648142317,Manhattan,Gee Whiz Diner,restaurant,,40.7157042,-74.0109385
node,8648214117,Manhattan,Azabu,restaurant,,40.7224066,-74.0099147
node,8648230017,Manhattan,Benares,restaurant,indian,40.7141066,-74.0092265
node,8651758954,Manhattan,Polpette 71,restaurant,italian,40.776731,-73.978826
node,8651832617,Manhattan,Lucciola,restaurant,,40.7903054,-73.9727706
node,8653238617,Manhattan,The Ribbon,restaurant,,40.7766127,-73.9772794
node,8660568320,Manhattan,North Fork,restaurant,american,40.7330886,-74.0057418
node,8660568321,Manhattan,Rivoli Pizza,restaurant,pizza,40.7331158,-74.0065738
node,8660588517,Manhattan,Snack Taverna,restaurant,,40.7310534,-74.0047569
node,8666113117,Manhattan,Covacha,restaurant,mexican,40.7809673,-73.9764315
node,8669186117,Manhattan,Justino’s,restaurant,pizza,40.7087191,-74.0053207
node,8669771128,Manhattan,Haru Sushi,restaurant,sushi;japanese,40.7572312,-73.9873203
node,8670047823,Manhattan,Tavola,restaurant,italian,40.7554296,-73.9945691
node,8674499414,Manhattan,Wonder,restaurant,,40.7766055,-73.9818159
node,8678847687,Manhattan,Taste Kitchen,restaurant,chinese,40.7537404,-73.9934233
node,8687853803,Manhattan,Dagon,restaurant,,40.7912561,-73.9739207
node,8687853816,Manhattan,Osteria Accademia,restaurant,italian,40.7912328,-73.9726585
node,8687882643,Manhattan,New Asia,restaurant,asian,40.7918743,-73.9722097
node,8692133534,Manhattan,El Fish Marisqueria,restaurant,mexican;seafood,40.7752478,-73.9838439
node,8694261204,Manhattan,XO Taste,restaurant,chinese,40.7169943,-73.9968589
node,8699239264,Manhattan,Mimi's Pizza,restaurant,pizza,40.7895392,-73.975853
node,8709397335,Manhattan,Naya,restaurant,middle_eastern,40.7876752,-73.9774262
node,8729437331,Manhattan,Charlie Palmer Steak,restaurant,steak_house,40.7555484,-73.9853184
node,8734915591,Manhattan,Jaz,restaurant,indian,40.7659038,-73.987426
node,8749301123,Manhattan,888 Hudson Thai,restaurant,thai,40.8509966,-73.9391855
node,8757557471,Manhattan,Mastro's,restaurant,,40.7613876,-73.980456
node,8762810418,Manhattan,The Flower Shop,restaurant,american,40.7180663,-73.992134
node,8769344318,Manhattan,Edward’s,restaurant,,40.7169431,-74.0083198
node,8787410946,Manhattan,Maman,restaurant,,40.7740276,-73.9815102
node,8787410949,Manhattan,Le Boite en Bois,restaurant,french,40.7748346,-73.9803624
node,8791561182,Manhattan,Nobu,restaurant,sushi,40.7635878,-73.9759916
node,8791888439,Manhattan,Claudette,restaurant,,40.7330582,-73.9960229
node,8791888442,Manhattan,Kaña Tapas Bar,restaurant,tapas,40.7258943,-74.0094182
node,8792950866,Manhattan,Nobi Sushi,restaurant,sushi;japanese,40.7433399,-73.9796256
node,8815548641,Manhattan,Hole In The Wall,restaurant,american;coffee_shop;brunch,40.7440742,-73.9717381
node,8816873617,Manhattan,La Palapa Cocina Mexicana,restaurant,mexican,40.7278825,-73.9856624
node,8819045747,Manhattan,Siena Cafe,restaurant,italian,40.7806652,-73.9528593
node,8835719632,Manhattan,Le Moulin à Café,restaurant,french,40.769795,-73.9518426
node,8835719633,Manhattan,Dai Hachi,restaurant,sushi;japanese,40.7588609,-73.9653897
node,8880884693,Manhattan,Jiang Nan,restaurant,chinese,40.7175656,-73.9950572
node,8902260459,Manhattan,Pokeworks,restaurant,poke;bubble_tea,40.7362888,-73.991817
node,8902339333,Manhattan,Tacos Güey,restaurant,mexican;tacos;seafood,40.740002,-73.9932194
node,8902631945,Manhattan,Gem,restaurant,,40.7191565,-73.9922969
node,8939919537,Manhattan,Chong Qing Noodle,restaurant,noodle,40.7651283,-73.9875105
node,8939922344,Manhattan,Turkuaz,restaurant,,40.7643561,-73.9854472
node,8958124462,Manhattan,Patrizia's,restaurant,italian,40.7398994,-73.9791296
node,8958489051,Manhattan,Plado,restaurant,international;tapas,40.7223532,-73.9839834
node,8958523249,Manhattan,Yopparai,restaurant,japanese,40.7197247,-73.9848672
node,8958523253,Manhattan,Thailicious,restaurant,thai,40.7192706,-73.9850944
node,8960429322,Manhattan,Yopparai Ronin,restaurant,japanese,40.7193451,-73.9850545
node,8991988670,Manhattan,Jin Mei Dumpling,restaurant,chinese,40.7129801,-73.9965808
node,8991994598,Manhattan,Yin Ji Chang Fen,restaurant,chinese;cantonese,40.7158075,-73.9992587
node,8996587926,Manhattan,Bentos,restaurant,asian,40.7468478,-73.9850316
node,8999499117,Manhattan,Teppen Ramen,restaurant,,40.7591125,-73.9687519
node,9015352692,Manhattan,Sushi Gama Restaurant & Lounge,restaurant,sushi,40.7696619,-73.9579847
node,9015415485,Manhattan,Rangoli,restaurant,indian,40.7692773,-73.9582547
node,9015418871,Manhattan,The Ainsworth Midtown,restaurant,,40.7467911,-73.9824398
node,9015420300,Manhattan,Seamore's,restaurant,seafood,40.7707712,-73.9601195
node,9015420301,Manhattan,Mezzaluna,restaurant,italian,40.7711935,-73.9593206
node,9036389118,Manhattan,Shaji BBQ,restaurant,barbecue;chinese,40.7288297,-73.9898662
node,9049400014,Manhattan,Red Lobster,restaurant,seafood,40.8100567,-73.9504391
node,9049424120,Manhattan,The Blue Dog Cookhouse & Bar,restaurant,,40.7623492,-73.9867012
node,9054635034,Manhattan,Anyway Cafe,restaurant,russian,40.7251224,-73.9905271
node,9063322817,Manhattan,5ive Spice,restaurant,,40.722565,-73.996178
node,9064514717,Manhattan,Dante,restaurant,,40.7351968,-74.0062713
node,9081441806,Manhattan,Quesadillas Doña Mary,restaurant,mexican,40.7934257,-73.9408572
node,9081448356,Manhattan,New Ivoire,restaurant,african,40.8013289,-73.9423745
node,9089315805,Manhattan,LaRustica,restaurant,italian,40.7841141,-73.9523871
node,9091328243,Manhattan,Dim Sum Palace,restaurant,chinese,40.7486013,-73.9867586
node,9092875648,Manhattan,Bangia,restaurant,korean,40.746876,-73.9845761
node,9101703556,Manhattan,Chili,restaurant,chinese,40.7500083,-73.9821348
node,9120810077,Manhattan,Luna Pizza,restaurant,pizza,40.713186,-73.9986181
node,9120821898,Manhattan,Big Al's Chicago Style Pizza,restaurant,pizza,40.7088439,-74.0113831
node,9130216017,Manhattan,Panineria,restaurant,italian;sandwich,40.7320814,-73.9956374
node,9140853417,Manhattan,Champion Pizza,restaurant,,40.7359676,-73.9940291
node,9149294696,Manhattan,The Malt House,restaurant,american,40.7095464,-74.0092712
node,9165725161,Manhattan,Bella Union,restaurant,american;pub,40.7424121,-73.9803008
node,9167795118,Manhattan,Little Italy Pizzeria & Deli,restaurant,pizza,40.7272672,-74.005323
node,9170066779,Manhattan,Famous Ben's Pizza,restaurant,pizza,40.724918,-74.00246
node,9171803773,Manhattan,Blue Willow,restaurant,chinese,40.7630197,-73.976469
node,9172181018,Manhattan,Zou Zou’s,restaurant,mediterranean,40.7528942,-73.9987297
node,9174977864,Manhattan,$1.50 Fresh Pizza,restaurant,pizza,40.7216296,-74.0047353
node,9200910436,Manhattan,Brasserie Saint Marc,restaurant,french,40.7287407,-73.9873366
node,9224791783,Manhattan,Grand Street Pizza,restaurant,pizza,40.7163988,-73.987669
node,9224803926,Manhattan,Kings Co Imperial LES,restaurant,chinese,40.7179347,-73.9854269
node,9235536634,Manhattan,Rosa's Pizza,restaurant,pizza,40.7504377,-73.9907795
node,9241607677,Manhattan,Ko Sushi,restaurant,sushi,40.7676579,-73.9594376
node,9241632888,Manhattan,Beach Cafe,restaurant,,40.7673188,-73.9592266
node,9249131732,Manhattan,Taqueria El Aguila,restaurant,mexican,39.1766424,-96.5621346
node,9253544617,Manhattan,99¢ Delicious Pizza,restaurant,pizza,40.751653,-73.9903779
node,9261414116,Manhattan,Zara Pizza,restaurant,pizza,40.7162212,-73.9922638
node,9270383717,Manhattan,Delice Sarrasin,restaurant,,40.7338495,-74.0005994
node,9275805190,Manhattan,Williamsburg Pizza,restaurant,pizza,40.7765368,-73.9529397
node,9275807581,Manhattan,Hummus Kitchen,restaurant,middle_eastern,40.7764218,-73.9530214
node,9275819963,Manhattan,New Hong Wong Seafood,restaurant,chinese;seafood,40.7177539,-73.9953729
node,9285956796,Manhattan,Yellow Rose,restaurant,texan;mexican,40.7325074,-73.987978
node,9286572691,Manhattan,2 Bros Pizza,restaurant,pizza,40.7095655,-74.0082984
node,9309134691,Manhattan,Artistic Pizza,restaurant,pizza,40.730675,-74.0004193
node,9313457709,Manhattan,The Harrison Restaurant & Bar,restaurant,,40.7607466,-73.9847512
node,9321922522,Manhattan,Bigoi Venezia,restaurant,italian,40.770009,-73.957712
node,9325661455,Manhattan,Tranzit,restaurant,,40.7569192,-73.9933312
node,9325661456,Manhattan,Tabata Noodle Restaurant,restaurant,japanese,40.7569082,-73.9935083
node,9327461658,Manhattan,Tacuba Cantina Mexicana,restaurant,mexican,40.7654494,-73.9872699
node,9332464948,Manhattan,Sant Ambroeus,restaurant,italian,40.723302,-73.9965416
node,9340040548,Manhattan,Three Times ,restaurant,chinese;dim_sum,40.7183759,-73.9853057
node,9373941165,Manhattan,Village Square Pizza,restaurant,pizza,40.7275037,-73.9826761
node,9374707264,Manhattan,Zerza,restaurant,,40.7175692,-73.9879462
node,9374707269,Manhattan,Dominican Cravings,restaurant,dominican,40.7176315,-73.9880451
node,9374707270,Manhattan,Mille Nonne,restaurant,,40.7176799,-73.9880718
node,9374707271,Manhattan,Puebla Mexican Food,restaurant,,40.7176452,-73.9880905
node,9374707272,Manhattan,Peasant Stock,restaurant,soup,40.7176603,-73.9881324
node,9374707273,Manhattan,Eat Gai,restaurant,,40.7177582,-73.9881516
node,9374707279,Manhattan,Arancini Bros.,restaurant,,40.7179128,-73.988306
node,9374707281,Manhattan,Don Ceviche,restaurant,peruvian,40.7179878,-73.9882622
node,9374707282,Manhattan,Kotti Berliner Döner Kebab,restaurant,kebab,40.7180014,-73.9882157
node,9374707290,Manhattan,Shopsin's,restaurant,american,40.7180763,-73.988245
node,9374707295,Manhattan,Saffron,restaurant,,40.7181833,-73.9881853
node,9374707296,Manhattan,Dhamaka,restaurant,indian,40.718235,-73.9880781
node,9392834429,Manhattan,Consuelo,restaurant,mexican,40.7994604,-73.9677137
node,9392834430,Manhattan,Amali,restaurant,mediterranean,40.7633492,-73.9685858
node,9392834432,Manhattan,Spice Symphony,restaurant,fusion;indian;chinese,40.7558918,-73.9716131
node,9411604725,Manhattan,MAMO,restaurant,italian,40.7219313,-74.0039657
node,9432238405,Manhattan,Harlem Pizza Co.,restaurant,pizza,40.8028171,-73.9511423
node,9434253289,Manhattan,Thai Delight,restaurant,thai,40.7348485,-73.9858048
node,9434253290,Manhattan,Chito Gvrito,restaurant,georgian,40.7347769,-73.9858522
node,9459121054,Manhattan,Baylander Steel Beach,restaurant,seafood,40.8191878,-73.9621644
node,9459150758,Manhattan,La Constancera,restaurant,dominican,40.8009324,-73.9613874
node,9459150759,Manhattan,Curry King,restaurant,curry;indian,40.7995276,-73.9628941
node,9459150760,Manhattan,Doaba Deli,restaurant,indian;curry,40.799434,-73.9624791
node,9459167484,Manhattan,Los 3 Charros,restaurant,mexican,40.8001097,-73.9513997
node,9459180036,Manhattan,Zaad,restaurant,mediterranean,40.8012053,-73.9649165
node,9470233170,Manhattan,Bustan,restaurant,mediterranean,40.7859388,-73.9760419
node,9470239473,Manhattan,Grainne Cafe,restaurant,french,40.7453914,-74.0023623
node,9472858517,Manhattan,Bites of Xi’an,restaurant,chinese,40.7632868,-73.9771154
node,9472863017,Manhattan,Che Li,restaurant,chinese,40.7292178,-73.9886913
node,9473109135,Manhattan,Kenka,restaurant,sushi;japanese,40.7290769,-73.988483
node,9473109136,Manhattan,Boka,restaurant,korean,40.7293497,-73.9891443
node,9476721913,Manhattan,Artichoke Basille's Pizza,restaurant,pizza,40.706345,-74.0073491
node,9480316905,Manhattan,Peng's Noodle Folk,restaurant,ramen;chinese;japanese,40.7709533,-73.96202
node,9482649821,Manhattan,Minton's Playhouse,restaurant,,40.8047396,-73.9523755
node,9487723017,Manhattan,Empire Steak House,restaurant,steak_house,40.7644424,-73.9830805
node,9490050218,Manhattan,Kings of Kobe,restaurant,burger;american,40.7614427,-74.0003975
node,9490051417,Manhattan,Kings of Kobe,restaurant,,40.7649715,-73.9876439
node,9490323917,Manhattan,The Happiest Hour,restaurant,,40.734817,-73.9996236
node,9490966717,Manhattan,,restaurant,,40.7530188,-73.9868395
node,9491020917,Manhattan,Hortus NYC,restaurant,asian,40.7454468,-73.9865063
node,9496907917,Manhattan,Stone Bridgetown Pizza & Salad,restaurant,,40.7523314,-73.9805676
node,9496920117,Manhattan,Mama’s TOO!,restaurant,pizza,40.800798,-73.967649
node,9496964891,Manhattan,Pavin,restaurant,italian,40.7774156,-73.9492157
node,9497022154,Manhattan,Sushi Jin,restaurant,sushi,40.7761353,-73.951958
node,9505939777,Manhattan,Kissaki Sushi,restaurant,japanese,40.7785113,-73.9782049
node,9508244826,Manhattan,Anytime NYC,restaurant,korean,40.747815,-73.9867152
node,9509187745,Manhattan,Chubby Tan,restaurant,japanese,40.7270215,-73.9892732
node,9509187746,Manhattan,J-Spec,restaurant,japanese;steak_house,40.7270458,-73.9893304
node,9509211693,Manhattan,Oasis Jimma Juice Bar,restaurant,juice;smoothie,40.8149795,-73.9591551
node,9509211694,Manhattan,Peking Garden,restaurant,chinese,40.814926,-73.9591949
node,9509211698,Manhattan,Falafel on Broadway,restaurant,falafel;middle_eastern,40.8144899,-73.9595004
node,9509211699,Manhattan,El Porton,restaurant,mexican,40.8144371,-73.959541
node,9509211701,Manhattan,Cap't Loui,restaurant,seafood,40.8142658,-73.9596702
node,9509315843,Manhattan,Frozen Love,restaurant,dessert,40.8138324,-73.9602013
node,9511112455,Manhattan,Shihou Omakase,restaurant,japanese,40.7783033,-73.9779157
node,9535050121,Manhattan,Sveta,restaurant,russian,40.729671,-74.0041564
node,9535119733,Manhattan,Mishka Soho,restaurant,eastern_european,40.7236733,-74.0038719
node,9542864478,Manhattan,Cantinflas Mexican Deli,restaurant,mexican,40.791418,-73.9450229
node,9542866767,Manhattan,La Fonda,restaurant,caribbean;puerto_rican,40.7919013,-73.9450329
node,9542956845,Manhattan,Meli's,restaurant,,40.7901672,-73.9470764
node,9543870917,Manhattan,Cuchifritos,restaurant,,40.7981041,-73.9410798
node,9543883517,Manhattan,Los Mariscos,restaurant,seafood;mexican;tacos,40.742149,-74.0056195
node,9543883817,Manhattan,Miznon,restaurant,,40.7424326,-74.0062542
node,9543907017,Manhattan,Joe's Steam Rice Roll,restaurant,,40.7190696,-74.0007786
node,9543909517,Manhattan,El Castillo de Jagua,restaurant,latin_american,40.719825,-73.9878343
node,9543909617,Manhattan,Empanada Mama,restaurant,colombian,40.7187446,-73.9909123
node,9543912717,Manhattan,Cheong Fun Cart,restaurant,,40.7176997,-73.9961879
node,9543912817,Manhattan,Yi Ji Shi Mo,restaurant,chinese,40.7182009,-73.9958285
node,9553068941,Manhattan,Le Baobab Gouygui,restaurant,senegalese;african,40.8023545,-73.9509307
node,9553068946,Manhattan,Safari,restaurant,african;somali,40.8038486,-73.9535718
node,9553068947,Manhattan,Keur Coumba,restaurant,african;senegalese,40.8026563,-73.9507343
node,9553068948,Manhattan,BLVD Bistro,restaurant,soul_food;southern,40.8043653,-73.9556713
node,9553068949,Manhattan,Harlem Food CT,restaurant,middle_eastern,40.8016692,-73.9492812
node,9553127998,Manhattan,Tropilyz,restaurant,dominican;caribbean,40.8028721,-73.9521254
node,9553134899,Manhattan,La Savane,restaurant,african,40.8041288,-73.9542537
node,9553153273,Manhattan,Pikine,restaurant,senegalese;african,40.8041913,-73.9543835
node,9558935214,Manhattan,Chama Mama,restaurant,georgian,40.7384151,-73.9989186
node,9559184085,Manhattan,Uva Next Door,restaurant,italian,40.7721374,-73.9556862
node,9559184086,Manhattan,Ollie's To Go,restaurant,chinese,40.7719736,-73.9556563
node,9559184087,Manhattan,Uva,restaurant,italian,40.7721955,-73.9556505
node,9559184088,Manhattan,the Blue Mezze Bar,restaurant,mediterranean;tapas,40.7720432,-73.9557634
node,9559467211,Manhattan,Sabor A Mexico II,restaurant,mexican,40.7725552,-73.957013
node,9559639727,Manhattan,Hi-Collar,restaurant,japanese,40.7295825,-73.9878389
node,9560130501,Manhattan,Echoes of Siam,restaurant,thai,40.7604877,-73.9615727
node,9566829984,Manhattan,Nan Xiang Xiao Long Bao,restaurant,chinese;dumpling,40.7292575,-73.9889137
node,9566829985,Manhattan,Szechuan Mountain House - 川山甲,restaurant,chinese;sichuan,40.7291717,-73.9885755
node,9571265607,Manhattan,Island,restaurant,seafood;american,40.7849377,-73.9556277
node,9571408096,Manhattan,Vicolina,restaurant,italian,40.784982,-73.9560188
node,9571408097,Manhattan,Table d'Hôte,restaurant,french,40.7844621,-73.9557959
node,9571664618,Manhattan,Al Vaporetto,restaurant,italian,40.7757456,-73.9569141
node,9571832579,Manhattan,OM,restaurant,indian,40.7726896,-73.9497324
node,9571832581,Manhattan,Bistro Nando,restaurant,mediterranean,40.7756602,-73.9535891
node,9579194112,Manhattan,Malii Gramercy,restaurant,thai,40.7376694,-73.9812818
node,9579352615,Manhattan,Ruby’s,restaurant,Australian,40.7310793,-73.9883694
node,9579352616,Manhattan,The Dolar Shop,restaurant,chinese,40.7311047,-73.9885452
node,9579458320,Manhattan,Yasouvlaki,restaurant,greek,40.780315,-73.9531563
node,9579615886,Manhattan,Ooki Sushi,restaurant,japanese;sushi,40.7803272,-73.9526335
node,9579615888,Manhattan,Effy's Cafe on York,restaurant,mediterranean,40.7775912,-73.9456744
node,9581299655,Manhattan,Daikanyama,restaurant,japanese,40.7619777,-73.9672689
node,9581299658,Manhattan,Anassa Taverna,restaurant,greek,40.7619879,-73.9659672
node,9581876700,Manhattan,Beron Beron,restaurant,japanese,40.7287959,-73.9841615
node,9581876701,Manhattan,Sabor A Mexico,restaurant,mexican,40.7285297,-73.9843806
node,9581876702,Manhattan,Joe & Pat's,restaurant,pizza,40.7289087,-73.9840953
node,9581954770,Manhattan,Polash Indian,restaurant,indian,40.7978413,-73.9342993
node,9586083803,Manhattan,Boar's Head,restaurant,sandwich,40.7636101,-73.9669772
node,9586584588,Manhattan,Eat Here Now,restaurant,diner,40.7651445,-73.9658755
node,9586659414,Manhattan,JoJo,restaurant,french,40.7651273,-73.9656648
node,9596901539,Manhattan,Paola's,restaurant,italian,40.7822852,-73.95338
node,9611990778,Manhattan,Sake Bar Hagi,restaurant,japanese;ramen;sushi;yakitori;sake;shochu;cocktails,40.7627414,-73.9849799
node,9615063330,Manhattan,Fresh 99 cents pizza,restaurant,pizza,40.7386552,-74.0004096
node,9615093450,Manhattan,Zazzy's Pizza,restaurant,pizza,40.7366471,-74.0013787
node,9630352308,Manhattan,Douska,restaurant,sushi;japanese,40.7190702,-73.990767
node,9633919717,Manhattan,Teranga,restaurant,african,40.7962743,-73.9494139
node,9634779296,Manhattan,Sojourn Social,restaurant,american,40.7794524,-73.950373
node,9642113264,Manhattan,Mamoun's Falafel,restaurant,middle_eastern,40.7288007,-73.9885054
node,9644541105,Manhattan,Antoya Korean BBQ,restaurant,korean,40.7480141,-73.9872738
node,9644596253,Manhattan,E-MO,restaurant,korean;gimbap;sushi,40.7473128,-73.9861372
node,9644596254,Manhattan,Hong Chun Cheon Dak Galbi,restaurant,korean,40.7472762,-73.9861356
node,9644596255,Manhattan,Kushi Kushi Yaki,restaurant,japanese;ramen,40.7472788,-73.9860623
node,9644596256,Manhattan,Koku Ramen,restaurant,japanese;ramen,40.7472957,-73.9860976
node,9644596257,Manhattan,MUI,restaurant,korean,40.747333,-73.9864401
node,9644596258,Manhattan,Abiko Curry,restaurant,japanese,40.7473223,-73.9861681
node,9644617681,Manhattan,Itaewon Pocha,restaurant,korean;gastropub,40.7476554,-73.9870454
node,9646952138,Manhattan,Olivia - Spanish Tapas,restaurant,spanish,40.8169614,-73.9578631
node,9651946306,Manhattan,Criollas baked empanadas,restaurant,pizza,40.7314661,-74.0013819
node,9652130907,Manhattan,Saperavi,restaurant,georgian,40.779573,-73.9502846
node,9652667219,Manhattan,Stanton Street Pizza,restaurant,pizza,40.7207983,-73.9866677
node,9654088076,Manhattan,Spice Lamb,restaurant,chinese,40.8001788,-73.96613
node,9659208992,Manhattan,Masala King,restaurant,indian,40.747152,-73.9819585
node,9659538027,Manhattan,Okiboru House of Udon,restaurant,japanese,40.728188,-73.9877361
node,9659554656,Manhattan,Ogawa,restaurant,japanese,40.727284,-73.99223
node,9664809923,Manhattan,Bistro les Amis,restaurant,french,40.7247352,-74.0025962
node,9666379842,Manhattan,Kamisama,restaurant,ramen,40.7326075,-73.9859694
node,9668165673,Manhattan,Il Buco Alimentari,restaurant,italian,40.7265607,-73.9924685
node,9670997117,Manhattan,Claudio’s Pizza & Pasta,restaurant,pizza,40.7603948,-73.9946972
node,9671008374,Manhattan,Vic's,restaurant,italian,40.7269244,-73.9932027
node,9671326908,Manhattan,Misirizzi,restaurant,italian,40.7272644,-73.9921901
node,9681503388,Manhattan,Tudor City Steakhouse,restaurant,steak_house,40.7492111,-73.9701909
node,9683526577,Manhattan,Elio's,restaurant,,40.776803,-73.9527507
node,9683548273,Manhattan,Fumo,restaurant,italian,40.7766475,-73.9523881
node,9683990784,Manhattan,Al-Andalus,restaurant,arab;spanish;tapas,40.7246902,-73.9836974
node,9688958147,Manhattan,Tomo21 Sushi,restaurant,japanese,40.7276995,-74.0001628
node,9690757650,Manhattan,Inase,restaurant,sushi,40.7745535,-73.9508433
node,9690757651,Manhattan,AOC East,restaurant,french,40.774688,-73.9507292
node,9690757653,Manhattan,QUATORZE bis,restaurant,french,40.7743123,-73.950992
node,9690757655,Manhattan,Felice,restaurant,italian;tuscan,40.7748986,-73.951071
node,9692134308,Manhattan,Tacos del Este Superior,restaurant,mexican,40.7681319,-73.9611242
node,9706028117,Manhattan,NY $1.50 Fresh Pizza,restaurant,pizza,40.7356777,-74.0013735
node,9706384917,Manhattan,Sal’s Pizza,restaurant,pizza,40.7637091,-73.9921426
node,9709984690,Manhattan,Farook's Halal Cart,restaurant,,40.7336744,-73.9883102
node,9715980450,Manhattan,Rabbit House Omakase & Sake Bar,restaurant,japanese,40.7162726,-73.9895495
node,9716055321,Manhattan,El Cabron Taqueria & Marisqueria,restaurant,mexican,40.7155198,-73.9899407
node,9716055322,Manhattan,Tace Recipies,restaurant,mexican,40.7154324,-73.9899906
node,9719216591,Manhattan,O Cuisine,restaurant,,40.78739,-73.9516174
node,9719703281,Manhattan,Silver Star,restaurant,diner,40.7641528,-73.9614942
node,9721647917,Manhattan,Tivoli Trattoria,restaurant,italian;pizza,40.735976,-74.0016638
node,9726158585,Manhattan,Taqueria Guadalupe,restaurant,mexican,40.7937413,-73.9450054
node,9733053717,Manhattan,Pho Maiden Lane,restaurant,vietnamese;rice_noodle,40.709698,-74.009548
node,9733707531,Manhattan,Chow House,restaurant,chinese,40.7290896,-74.0007802
node,9735458939,Manhattan,Mott Pho Bang,restaurant,vietnamese;rice_noodle,40.7194647,-73.996424
node,9735550663,Manhattan,Han Dynasty,restaurant,chinese,40.7322044,-73.9882118
node,9736053031,Manhattan,Hyake,restaurant,japanese,40.7187004,-73.9944776
node,9737988787,Manhattan,Docks,restaurant,seafood,40.7495103,-73.9751059
node,9753289208,Manhattan,Café Hestia,restaurant,american;asian;sandwich,40.707271,-74.0077613
node,9770640990,Manhattan,Asian 83,restaurant,chinese,40.776203,-73.9531689
node,9771053151,Manhattan,456 New Shanghai,restaurant,chinese;dumpling,40.7162541,-73.9982288
node,9771083990,Manhattan,ZAZA,restaurant,diner,40.7084333,-74.0135562
node,9772198978,Manhattan,Bottega,restaurant,italian,40.7678322,-73.9593373
node,9776227090,Manhattan,San Pietro Restaurant,restaurant,italian,40.7602607,-73.9744133
node,9777569218,Manhattan,Sacco Pizza,restaurant,pizza,40.7662434,-73.9871718
node,9777640617,Manhattan,Famous Famiglia Pizza,restaurant,pizza,40.7580372,-73.9888823
node,9780519497,Manhattan,Dragon 105,restaurant,chinese,40.7982462,-73.9633552
node,9784341117,Manhattan,The Mermaid Inn – Chelsea,restaurant,,40.748081,-74.0041578
node,9787335517,Manhattan,Elis Wine Bar,restaurant,,40.8028192,-73.964203
node,9789823863,Manhattan,Agave,restaurant,mexican,40.7347312,-74.0023782
node,9793773981,Manhattan,Homemade Taqueria,restaurant,mexican,40.8011698,-73.961203
node,9793798565,Manhattan,Let's Meat,restaurant,korean;barbecue,40.7466986,-73.9855994
node,9793800631,Manhattan,WarrenPeace,restaurant,,40.7151232,-74.0103245
node,9815615205,Manhattan,Famous Original Ray's Pizza,restaurant,pizza,40.7604274,-73.9840645
node,9826534634,Manhattan,May Wah Fast Food,restaurant,chinese,40.7182323,-73.9984263
node,9838678804,Manhattan,Greek from Greece,restaurant,greek,40.751969,-73.9896709
node,9838737047,Manhattan,Yang Guo Fu,restaurant,sandwich,40.7520011,-73.9906484
node,9844215587,Manhattan,$1.50 Pizza,restaurant,pizza,40.7226604,-73.9883801
node,9845565310,Manhattan,Willow Vegan Bistro,restaurant,bistro;american,40.7436499,-73.9999237
node,9847048468,Manhattan,Our New Place,restaurant,chinese,40.7734524,-73.9557735
node,9848992562,Manhattan,Peacefood,restaurant,,40.7332657,-73.9929743
node,9853378374,Manhattan,Famous Amadeus,restaurant,pizza,40.762535,-73.9857038
node,9853694622,Manhattan,Pizza Plus,restaurant,pizza,40.7013142,-74.0133742
node,9858423030,Manhattan,Copinette,restaurant,,40.7540655,-73.9662639
node,9858441975,Manhattan,Sea Salt,restaurant,mediterranean,40.761263,-73.960985
node,9858455466,Manhattan,Little Italy Pizza,restaurant,pizza,40.7654082,-73.9579801
node,9874879438,Manhattan,Kitchen Cô Út,restaurant,vietnamese,40.7175056,-73.9943708
node,9882448221,Manhattan,BLACKBARN Restaurant,restaurant,american,40.7430473,-73.9870659
node,9890276213,Manhattan,La Vera Pizza,restaurant,pizza,40.7540737,-73.9688701
node,9896425447,Manhattan,,restaurant,,40.7274691,-74.0034457
node,9900947175,Manhattan,Indo Pak Halal,restaurant,indian,40.7942779,-73.9399888
node,9902816729,Manhattan,The Landing,restaurant,american,40.7513655,-73.9922668
node,9906273052,Manhattan,Zaytinya,restaurant,mediterranean,40.7456123,-73.988821
node,9910104398,Manhattan,Hidden Leaf,restaurant,asian,40.7528992,-73.9986453
node,9910412817,Manhattan,,restaurant,,40.7157722,-73.9986833
node,9922905117,Manhattan,Excellent Dumpling House,restaurant,chinese,40.7440139,-73.9950453
node,9934396018,Manhattan,Cipriani Downtown NYC,restaurant,,40.7236281,-74.0028707
node,9951145664,Manhattan,Stick To My Pot Potstickers,restaurant,dumpling,40.7520118,-73.9912601
node,9957566525,Manhattan,Pico De Gallo Bar & Kitchen,restaurant,mexican,40.7951614,-73.9698158
node,9966728719,Manhattan,Chef Tan,restaurant,chinese,40.7288592,-73.9880038
node,9966728817,Manhattan,,restaurant,,40.7853079,-73.972782
node,9993249851,Manhattan,Uluh,restaurant,chinese,40.7294457,-73.9868292
node,10000521613,Manhattan,Tamam Falafel,restaurant,falafel,40.7740338,-73.9597573
node,10000638486,Manhattan,Soba Totto,restaurant,japanese;soba,40.7512527,-73.9732065
node,10000674926,Manhattan,Scen,restaurant,,40.7448287,-73.9890064
node,10007479156,Manhattan,Gemma,restaurant,italian;breakfast,40.7261893,-73.9916167
node,10030528221,Manhattan,Lava Shawarma,restaurant,mediterranean,40.7825481,-73.9515068
node,10049914828,Manhattan,Mad For Chicken ,restaurant,chicken,40.7913756,-73.9450558
node,10054132587,Manhattan,Via Della Pace,restaurant,italian,40.7264557,-73.9898004
node,10067923318,Manhattan,Marcellino,restaurant,,40.7205723,-73.9966868
node,10073864123,Manhattan,Bangkok2,restaurant,thai,40.7352819,-73.9799548
node,10073864129,Manhattan,Grill 21,restaurant,filipino,40.7356886,-73.9799818
node,10073864131,Manhattan,Frank's Trattoria,restaurant,italian;pizza,40.73608,-73.9793659
node,10073955921,Manhattan,Odre,restaurant,korean,40.7313977,-73.9858961
node,10081075317,Manhattan,Tomiño,restaurant,spanish;galician,40.7193342,-73.9969704
node,10087482396,Manhattan,Brasserie Cognac Central Park South,restaurant,french;bistro,40.7663723,-73.9796629
node,10089920691,Manhattan,Le District,restaurant,french,40.7128867,-74.0158588
node,10090555737,Manhattan,Pylos Restaurant,restaurant,greek,40.7261637,-73.9840813
node,10090555738,Manhattan,Giano,restaurant,italian,40.7261935,-73.9841587
node,10096271927,Manhattan,Vanessa's Dumpling House,restaurant,chinese,40.776869,-73.9526966
node,10106777980,Manhattan,The Chick Inn Harlem,restaurant,,40.8252449,-73.9509886
node,10108219017,Manhattan,ViceVersa,restaurant,italian,40.7636094,-73.9867217
node,10115105167,Manhattan,N B Wing Wong,restaurant,chinese,40.7155469,-73.9967408
node,10115105172,Manhattan,Nakaji,restaurant,sushi,40.7157979,-73.9968327
node,10134167527,Manhattan,Cafe Luka,restaurant,american,40.7669856,-73.9568159
node,10143335872,Manhattan,Yuan Zai Bing,restaurant,chinese,40.7174307,-73.9972597
node,10145183247,Manhattan,Rosemary's,restaurant,italian,40.7350368,-73.979466
node,10145183252,Manhattan,Fortuna,restaurant,mediterranean,40.7325514,-73.9819418
node,10151666949,Manhattan,Carnegie Pizza,restaurant,pizza,40.755372,-73.9877527
node,10158132117,Manhattan,Yard House,restaurant,american,40.7551463,-73.9873113
node,10177409693,Manhattan,Flor De Broadway Restaurant,restaurant,latin_american,40.8218738,-73.9541186
node,10198020635,Manhattan,Mama's Pizza,restaurant,pizza,40.7588156,-73.9889612
node,10202468517,Manhattan,Omen Azen,restaurant,japanese,40.7259881,-74.0018204
node,10207581130,Manhattan,Chef Mike's Sub Shop,restaurant,sandwich,40.8088483,-73.9609987
node,10215147555,Manhattan,Nusr Et,restaurant,steak_house,40.7613084,-73.9785249
node,10215153345,Manhattan,Global Kitchen,restaurant,,40.760797,-73.9789831
node,10224009800,Manhattan,Tim Ho Wan,restaurant,cantonese;dumplings,40.7593435,-73.9917258
node,10224157727,Manhattan,Ixta,restaurant,mexican,40.7244056,-73.9922194
node,10224616960,Manhattan,Kanoyama,restaurant,sushi,40.7305655,-73.9864902
node,10261382324,Manhattan,Little Rascal,restaurant,turkish,40.7208393,-73.9950056
node,10268906107,Manhattan,Serafina Vino e Cucina,restaurant,italian,40.7062579,-74.0114037
node,10270349362,Manhattan,Potluck Club,restaurant,chinese,40.7195195,-73.9933301
node,10270502710,Manhattan,Nudibranch,restaurant,new_american,40.7274036,-73.9856776
node,10270699213,Manhattan,Jiang's Kitchen,restaurant,chinese,40.7280825,-73.9861384
node,10270861222,Manhattan,Ainslie Bowery,restaurant,italian;pizza;brunch,40.7211098,-73.9934939
node,10289996862,Manhattan,Lady Chow Kitchen,restaurant,chinese,40.7178502,-73.99679
node,10292368149,Manhattan,Botte UES,restaurant,,40.7750757,-73.9504566
node,10292396813,Manhattan,Canyon Road Bar & Grill,restaurant,mexican,40.7705972,-73.953715
node,10312046520,Manhattan,Nyonya,restaurant,malaysian,40.7190609,-73.9968835
node,10312413177,Manhattan,Farida Downtown,restaurant,russian,40.7069566,-74.0081568
node,10315377441,Manhattan,La Contenta,restaurant,mexican,40.718774,-73.9870405
node,10420459501,Manhattan,Fusion,restaurant,peruvian;mexican,40.763499,-73.9923885
node,10420459504,Manhattan,Food King,restaurant,,40.763693,-73.9922685
node,10420459507,Manhattan,ViV,restaurant,thai,40.7627716,-73.9897081
node,10547810049,Manhattan,Ichiran,restaurant,japanese;ramen,40.7601354,-73.9832283
node,10552774830,Manhattan,Bluebird London NYC,restaurant,,40.7678592,-73.9827995
node,10552881679,Manhattan,LumLum,restaurant,thai,40.7629585,-73.989893
node,10559992345,Manhattan,Little Italy Pizza,restaurant,pizza,40.7597577,-73.9837192
node,10566847243,Manhattan,Okiboru,restaurant,noodle,40.7193755,-73.9897046
node,10570579768,Manhattan,Charlie's Place,restaurant,japanese,40.8061731,-73.9404894
node,10570629806,Manhattan,Sweet Mama's Soul Food & Salad Bar,restaurant,,40.8201562,-73.9367899
node,10570670803,Manhattan,Jimbo's Hamburger Palace,restaurant,diner,40.8208444,-73.9362759
node,10573807982,Manhattan,Giacomo's Pizza,restaurant,,40.7779736,-73.9543705
node,10585010030,Manhattan,Fomo Momo,restaurant,indian,40.7260378,-73.9866634
node,10585445259,Manhattan,Yama,restaurant,japanese,40.7358652,-73.9876113
node,10599105667,Manhattan,Made in New York Pizza,restaurant,pizza,40.7355626,-74.0061923
node,10607383894,Manhattan,El Patrón,restaurant,mexican,39.179191,-96.5631783
node,10617089797,Manhattan,Di Fara,restaurant,pizza,40.7070226,-74.0020088
node,10619086494,Manhattan,Ito,restaurant,sushi,40.7130439,-74.01008
node,10650625205,Manhattan,Okdongsik,restaurant,korean,40.7457045,-73.985371
node,10652445511,Manhattan,Mắm,restaurant,vietnamese,40.7170443,-73.9933568
node,10689052120,Manhattan,Bao Bao Cafe,restaurant,,40.7085207,-74.0135093
node,10689545494,Manhattan,Wolfnights - The Gourmet Wrap,restaurant,sandwich,40.7306629,-74.0003539
node,10689601294,Manhattan,NaNa Thai Street,restaurant,thai,40.7395763,-73.9885295
node,10691764421,Manhattan,The Wooly,restaurant,eclectic,40.720678,-73.9968746
node,10694203546,Manhattan,Soju Haus,restaurant,korean,40.7470064,-73.9853791
node,10695458941,Manhattan,American Bar,restaurant,,40.7350125,-74.0003899
node,10695825227,Manhattan,Serafina Restaurant ,restaurant,italian,40.7777807,-73.9549893
node,10707474704,Manhattan,Mezcali,restaurant,,40.7073886,-74.0074223
node,10707548033,Manhattan,Exquisite Cafe,restaurant,,40.7101656,-74.0055087
node,10717839774,Manhattan,Margaux,restaurant,mediterranean;continental,40.7325933,-73.9968968
node,10717839779,Manhattan,Wicked Jane,restaurant,american;eclectic,40.7327662,-73.9973089
node,10717839781,Manhattan,Loring Place,restaurant,american,40.7328594,-73.9975311
node,10717839786,Manhattan,Mr. Capri,restaurant,italian,40.7330575,-73.9980064
node,10719556921,Manhattan,Monomono,restaurant,korean,40.7254822,-73.9880334
node,10731651157,Manhattan,Happy Family,restaurant,chinese,40.7599981,-73.9954299
node,10756703058,Manhattan,Kyuramen,restaurant,japanese;ramen,40.7188978,-73.9948257
node,10757509893,Manhattan,Cooper Town Diner,restaurant,diner,40.7348831,-73.9802298
node,10757661198,Manhattan,Salma,restaurant,lebanese,40.7302407,-73.9838074
node,10757661199,Manhattan,Sushi Lab,restaurant,sushi,40.7298004,-73.9852826
node,10757806380,Manhattan,Slow Food Market,restaurant,italian;chinese;mexican,40.7072563,-74.0123018
node,10762002909,Manhattan,Taqueria El Chiltepin 3,restaurant,mexican,40.8236682,-73.9442969
node,10777014284,Manhattan,Sushi Goda,restaurant,japanese;sushi,40.7805459,-73.952953
node,10777014287,Manhattan,Original Roma Pizza,restaurant,pizza,40.780003,-73.9533458
node,10780279316,Manhattan,TacoVision,restaurant,mexican,40.7569068,-73.9678393
node,10780303885,Manhattan,Sami & Susu,restaurant,middle_eastern,40.7221103,-73.9880747
node,10780577864,Manhattan,Dumpling N' Dips,restaurant,chinese,40.729419,-73.9893134
node,10789194705,Manhattan,Angaar,restaurant,indian,40.7782095,-73.9779884
node,10791083576,Manhattan,Brooklyn Deli,restaurant,burger;pizza;sandwich;salad,40.7570456,-73.9869703
node,10791224469,Manhattan,Taqueria Emilio 4,restaurant,mexican,40.7272434,-73.979771
node,10793024892,Manhattan,Mr. Sun,restaurant,chinese,40.7580402,-73.9802119
node,10794176923,Manhattan,Lagos TSQ,restaurant,west_african,40.7600479,-73.9837966
node,10796001208,Manhattan,Gopchang Story BBQ,restaurant,korean,40.7470406,-73.9859223
node,10796135812,Manhattan,Ramen Danbo,restaurant,japanese;ramen,40.7298743,-74.0034651
node,10800150639,Manhattan,Carrot Express,restaurant,,40.7547138,-73.9855296
node,10803083076,Manhattan,LaVista Pizza,restaurant,pizza,40.7644551,-73.9917249
node,10812420293,Manhattan,Ja Moy Kitchen & Bar,restaurant,chinese;japanese,40.7286078,-73.9993964
node,10817748702,Manhattan,Munchiez,restaurant,chinese,40.7300261,-74.0003147
node,10817753613,Manhattan,Spicy Moon,restaurant,chinese,40.729402,-73.9982658
node,10817754083,Manhattan,Yum Cha,restaurant,chinese,40.7292842,-73.9988202
node,10828734041,Manhattan,B&L Diner,restaurant,,40.7484569,-73.9879549
node,10830817798,Manhattan,Sushi Nakazawa,restaurant,japanese;sushi,40.7317406,-74.0045409
node,10830817799,Manhattan,Sushi Mumi,restaurant,japanese;sushi,40.7267376,-73.9835516
node,10830817800,Manhattan,DOMODOMO,restaurant,japanese,40.7280345,-74.0016502
node,10830954967,Manhattan,Il Corallo Trattoria,restaurant,italian;pasta;seafood,40.7261823,-74.0019199
node,10839772010,Manhattan,Shuka,restaurant,mediterranean,40.7270593,-74.0027981
node,10847081712,Manhattan,Figaro,restaurant,continental,40.729034,-74.0011513
node,10863519205,Manhattan,Kubeh,restaurant,arab;lebanese;persian;turkish;middle_eastern,40.7354601,-73.9980005
node,10882083194,Manhattan,Lupita's Restaurant,restaurant,mexican,40.7901856,-73.9429914
node,10891282153,Manhattan,New York Kimchi,restaurant,korean,40.7576124,-73.9791762
node,10893513469,Manhattan,Poke,restaurant,sushi,40.7765789,-73.9505353
node,10893577514,Manhattan,Luna Rossa,restaurant,italian,40.7765138,-73.9503813
node,10896489935,Manhattan,Las Panteras Negras,restaurant,mexican,40.7928237,-73.9405939
node,10896514290,Manhattan,Quesadillas Doña Maty,restaurant,,40.7973466,-73.939002
node,10896566081,Manhattan,La Avenida NYC,restaurant,mexican,40.7956906,-73.9358702
node,10908810996,Manhattan,Nan Xiang Xiao Long Bao,restaurant,chinese;dumpling,40.7482511,-73.9864775
node,10908811003,Manhattan,Rib No. 7,restaurant,korean;barbecue,40.7483804,-73.9867781
node,10908978405,Manhattan,Hutaoli,restaurant,,40.7485457,-73.9871672
node,10908978406,Manhattan,Ai Ki Ya,restaurant,japanese;izakaya,40.7487358,-73.9870637
node,10908978409,Manhattan,Seoul Salon,restaurant,korean,40.7483075,-73.9866107
node,10914968638,Manhattan,The Calaveras,restaurant,mexican,40.799533,-73.9624049
node,10923081782,Manhattan,CAVA,restaurant,mediterranean,40.7337972,-73.989668
node,10936880905,Manhattan,Ellington in the park,restaurant,,40.8025839,-73.9718802
node,10936948507,Manhattan,Two Boots,restaurant,pizza,40.7331393,-74.0028099
node,10937001805,Manhattan,Boucherie,restaurant,french,40.7330542,-74.0029005
node,10938278205,Manhattan,Uptown Garrison,restaurant,american,40.8513454,-73.9393578
node,10963961481,Manhattan,Hyodonggak,restaurant,korean,40.7501089,-73.9861942
node,10963961483,Manhattan,Han Bat,restaurant,korean,40.7501321,-73.9862499
node,10964087311,Manhattan,DH Noodles,restaurant,chinese,40.7492203,-73.9778582
node,10964503294,Manhattan,Taco Vista,restaurant,,40.6927585,-74.0145156
node,10964503295,Manhattan,GITANO Island,restaurant,,40.6915587,-74.0135456
node,10968151805,Manhattan,M & Pizza,restaurant,,40.7599977,-73.99186
node,10968995806,Manhattan,The Ranch of the Compadres,restaurant,mexican,40.8641035,-73.92509
node,10969577294,Manhattan,El Valle Seafood Restaurant ,restaurant,,40.8169403,-73.9384196
node,10969587131,Manhattan,L'encanto de Lola 2,restaurant,mexican,40.8039558,-73.9486227
node,10969661823,Manhattan,Wat's On Your Plate,restaurant,jamaican;seafood,40.8187143,-73.9378267
node,10979453279,Manhattan,The Dunes Club,restaurant,moroccan,40.7493752,-73.9831111
node,10979453280,Manhattan,Toledo,restaurant,spanish,40.7493423,-73.9830385
node,10982324243,Manhattan,Club A Steakhouse,restaurant,steak,40.7601469,-73.9655086
node,10982325313,Manhattan,Moonstruck Eatery,restaurant,diner,40.7599784,-73.9650692
node,10982332452,Manhattan,Chola Coastal Indian Cuisine,restaurant,indian,40.760267,-73.965753
node,10982357762,Manhattan,Texas Rotisserie Grill & BBQ,restaurant,,40.7669203,-73.9568853
node,10982600247,Manhattan,Bombay Chowk,restaurant,indian,40.7687464,-73.9550642
node,10982600249,Manhattan,Mexiterranean Grill,restaurant,mediterranean;mexican,40.7687965,-73.9554931
node,10982822000,Manhattan,Tabata Ramen & Yakitori Bar,restaurant,japanese,40.7706469,-73.9572778
node,10982822001,Manhattan,Momokawa,restaurant,sushi;japanese,40.7705113,-73.9537874
node,10983217449,Manhattan,Sushi W,restaurant,sushi,40.7868776,-73.9499982
node,10991141052,Manhattan,Sasabune,restaurant,sushi,40.7684295,-73.9550644
node,10991141054,Manhattan,Oda House,restaurant,georgian,40.7681351,-73.9549338
node,10991141056,Manhattan,Westville,restaurant,american;brunch,40.7684626,-73.9557479
node,10992263589,Manhattan,Eataly - SoHo,restaurant,italian,40.7214319,-73.9981576
node,10994970405,Manhattan,Semma,restaurant,indian,40.7360072,-74.0005291
node,11004300913,Manhattan,Fumo,restaurant,pizza,40.8214295,-73.9506464
node,11005206217,Manhattan,The Wilson,restaurant,american,40.7459284,-73.992669
node,11012810126,Manhattan,Nargila Grill,restaurant,middle_eastern; steak_house,40.7749808,-73.9480553
node,11027006805,Manhattan,DD Soup Dumpling & Hibachi,restaurant,asian;chinese;dumplings,40.7618183,-73.9898998
node,11031505389,Manhattan,Sushi Bar Hasaki,restaurant,,40.7297391,-73.9887902
node,11031505391,Manhattan,Shiso,restaurant,sushi,40.7296555,-73.9885942
node,11031505392,Manhattan,Yakinku West,restaurant,japanese,40.729627,-73.9885276
node,11036037905,Manhattan,Pizza Loves Sauce,restaurant,pizza,40.7230597,-73.9897166
node,11040513632,Manhattan,Vegan Hood,restaurant,,40.8028363,-73.9562879
node,11044225344,Manhattan,Carnegie Diner & Cafe,restaurant,,40.7620418,-73.9860181
node,11053422057,Manhattan,Bistango,restaurant,italian,40.7563844,-73.9713268
node,11061450505,Manhattan,Etcetera Etcetera,restaurant,italian,40.7593594,-73.9910873
node,11063656405,Manhattan,Strange Tokyo,restaurant,sushi;kimbap,40.7161786,-73.9970795
node,11074226306,Manhattan,Eleven B,restaurant,pizza,40.727419,-73.9796782
node,11076202065,Manhattan,Harajuki Ramen,restaurant,japanese,40.7693011,-73.9582398
node,11078978388,Manhattan,Novita,restaurant,,40.7392385,-73.9864787
node,11078978853,Manhattan,Pure Grit BBQ,restaurant,barbecue,40.7400896,-73.984499
node,11079239444,Manhattan,The Smyth,restaurant,,40.7152376,-74.0091966
node,11079551410,Manhattan,Tinos,restaurant,greek,40.7797074,-73.947083
node,11084144532,Manhattan,Kuu Ramen,restaurant,ramen,40.7097477,-74.0088749
node,11084146197,Manhattan,Sushi & Co,restaurant,sushi,40.7094717,-74.0085899
node,11085659419,Manhattan,Mala House,restaurant,chinese,40.7395221,-73.9890649
node,11088424818,Manhattan,Anixi Mediterranean Vegan Restaurant,restaurant,mediterranean,40.7462748,-73.9975223
node,11090520517,Manhattan,Pangea,restaurant,continental,40.7305261,-73.9860255
node,11090520518,Manhattan,Ops,restaurant,pizza;italian,40.7304624,-73.9860714
node,11091932105,Manhattan,Casa Lever,restaurant,italian,40.7596903,-73.9730149
node,11093347420,Manhattan,Bedford Falls,restaurant,,40.7662226,-73.9624711
node,11093512882,Manhattan,Jet's Pizza,restaurant,pizza,40.762171,-73.9634371
node,11097148480,Manhattan,El Nuevo Caridad,restaurant,mexican,40.7970232,-73.9382609
node,11097188730,Manhattan,Ollin,restaurant,,40.7922071,-73.9410368
node,11099428487,Manhattan,Playa Betty's,restaurant,,40.7807434,-73.9803323
node,11105983005,Manhattan,Becco,restaurant,chicken;fine_dining;italian,40.7562331,-73.9907792
node,11110239305,Manhattan,Royal Napoli Pizza,restaurant,pizza,40.7630532,-73.9932262
node,11112080406,Manhattan,Bites of Xian,restaurant,asian,40.7546091,-73.9919826
node,11112139705,Manhattan,The Lunch Box,restaurant,,40.7602575,-73.9750532
node,11115334405,Manhattan,Il Piccolo Bufalo,restaurant,,40.7188082,-73.9977151
node,11126165013,Manhattan,Barking Dog,restaurant,american,40.7624184,-73.9878403
node,11157798346,Manhattan,Moustache Pitza (Moustache),restaurant,pizza;middle_eastern,40.7306885,-74.0042533
node,11157811380,Manhattan,Temple Room,restaurant,,40.7113229,-74.0067467
node,11159662142,Manhattan,Gnoccheria Wall Street,restaurant,poke;italian,40.7075759,-74.0111489
node,11170449354,Manhattan,Tacombi,restaurant,mexican,40.782497,-73.9785273
node,11172371587,Manhattan,Antica,restaurant,italian,40.7039315,-74.0123687
node,11175682842,Manhattan,Cut by Wolfgang Puck,restaurant,,40.7128293,-74.0093508
node,11189011965,Manhattan,Blue Park Kitchen,restaurant,,40.7063928,-74.0078861
node,11189050331,Manhattan,Old Xi'an Delicacy,restaurant,chinese,40.7058595,-74.0075023
node,11189060644,Manhattan,Mikado,restaurant,sushi;japanese,40.7059064,-74.007455
node,11191819310,Manhattan,Taqueria on Tenth,restaurant,mexican,40.7510117,-74.0019994
node,11194260847,Manhattan,Creamline,restaurant,american;burger,40.7621194,-73.9970358
node,11196362150,Manhattan,Burrata Basil Pizza,restaurant,pizza,40.7302121,-73.9807164
node,11196500963,Manhattan,Sushi by M,restaurant,sushi,40.7266211,-73.9888905
node,11196500985,Manhattan,Conway Diner,restaurant,american;asian,40.7264399,-73.9890013
node,11197809342,Manhattan,,restaurant,,40.848215,-73.9329297
node,11222032513,Manhattan,Dim Sum Palace,restaurant,chinese;dumplings,40.7094131,-74.0067312
node,11225778137,Manhattan,Tasty Hand Pulled Noodles II,restaurant,chinese,40.7605534,-73.9908603
node,11232603212,Manhattan,Pizza Park,restaurant,pizza,40.7644401,-73.9586932
node,11236746435,Manhattan,Chama Mama,restaurant,georgian,40.7822176,-73.9787653
node,11241886838,Manhattan,Chambers,restaurant,american,40.7146185,-74.0075403
node,11241887323,Manhattan,Artesano Peruvian Cuisine,restaurant,,40.714543,-74.0073743
node,11241986541,Manhattan,Bareburger,restaurant,,40.7431934,-73.9801954
node,11241986543,Manhattan,Gupshup,restaurant,indian,40.7368581,-73.987637
node,11242527168,Manhattan,Bites of Xi’an,restaurant,chinese;noodle,40.7309589,-73.9898626
node,11258774458,Manhattan,Restaurant Marc Forgione,restaurant,,40.7164801,-74.0095734
node,11258926651,Manhattan,Dorado,restaurant,mexican,40.7339533,-73.9931568
node,11258926652,Manhattan,Sophie's Cuban Cuisine,restaurant,cuban,40.7339291,-73.9930929
node,11258947744,Manhattan,Fields Good Chicken,restaurant,chicken,40.7340101,-73.9932822
node,11270580267,Manhattan,Ladybird,restaurant,asian,40.7265692,-73.9845399
node,11270580268,Manhattan,Cadence,restaurant,,40.726539,-73.9844756
node,11281910245,Manhattan,Casa Maya,restaurant,mexican,40.7894138,-73.9430894
node,11281910246,Manhattan,Bonjour Mixeur,restaurant,crepe,40.7843648,-73.95221
node,11287398069,Manhattan,Iron Sushi,restaurant,sushi,40.7515303,-73.9705354
node,11293344178,Manhattan,Tina's Cuban Cuisine,restaurant,cuban,40.7599443,-73.9680171
node,11293344181,Manhattan,Adare,restaurant,american,40.760815,-73.9683972
node,11296394818,Manhattan,Happy Malaysia Canteen,restaurant,malaysian,40.7164395,-73.9978779
node,11301575865,Manhattan,Metropolis by Marcus Samuelsson,restaurant,american,40.7125031,-74.0123419
node,11304966100,Manhattan,Kamasu By Kissaki,restaurant,sushi,40.7533944,-74.0012665
node,11329730736,Manhattan,Thalassa,restaurant,,40.7192654,-74.0095941
node,11329752942,Manhattan,Terrior,restaurant,,40.71886,-74.0099987
node,11329762787,Manhattan,Jungsik,restaurant,,40.7187884,-74.0090911
node,11329779866,Manhattan,Mr. Chow,restaurant,,40.7200957,-74.0087665
node,11329790733,Manhattan,Sushi of Gari,restaurant,sushi,40.7167674,-74.0084565
node,11329800632,Manhattan,Osteria Carlina,restaurant,,40.7195801,-74.0070314
node,11329802009,Manhattan,Casa,restaurant,brazilian,40.7168416,-74.0086416
node,11329802030,Manhattan,Gigimo,restaurant,italian,40.7172588,-74.0105427
node,11329825459,Manhattan,Max Italian Restaurant,restaurant,italian,40.7168913,-74.0083619
node,11332148669,Manhattan,Omakase 95,restaurant,sushi,40.7936206,-73.9709147
node,11332230969,Manhattan,Frenchette,restaurant,french,40.7196471,-74.0057569
node,11335080026,Manhattan,Avra Rockefeller Center,restaurant,,40.7603719,-73.9807662
node,11345588157,Manhattan,Kame,restaurant,ramen,40.7474506,-73.9966833
node,11347087420,Manhattan,Strip House,restaurant,,40.7343055,-73.9934609
node,11352644136,Manhattan,P.F. Chang's,restaurant,asian,40.7641497,-73.9850061
node,11359386682,Manhattan,Chakra,restaurant,thai;indian,40.7265324,-73.9881174
node,11374517232,Manhattan,La Bella Vita,restaurant,italian,40.7197362,-73.9972911
node,11374517234,Manhattan,Baby John's Pizzeria,restaurant,pizza,40.7191522,-73.9972169
node,11375876806,Manhattan,Kyuramen,restaurant,ramen,40.8027172,-73.968113
node,11386507858,Manhattan,Tartina,restaurant,italian,40.8036171,-73.9636412
node,11398926734,Manhattan,Ace's,restaurant,american;pub,40.731346,-73.9859337
node,11399372270,Manhattan,Legasea Bar & Grill,restaurant,american,40.7523507,-73.9893208
node,11402027468,Manhattan,Szechuan Gourmet,restaurant,chinese,40.8004598,-73.9675769
node,11404155931,Manhattan,AB Fish Market,restaurant,seafood; asian,40.7901226,-73.9459722
node,11405903375,Manhattan,Le Gourmet,restaurant,italian;pizza;sandwich;burger;salad,40.7654797,-73.9579226
node,11405963746,Manhattan,Matsu II,restaurant,sushi;japanese,40.7662084,-73.956028
node,11411614762,Manhattan,Koko Wings,restaurant,korean,40.8009562,-73.9673468
node,11413866657,Manhattan,Happy Hot Hunan Restaurant,restaurant,chinese,40.8013886,-73.9647833
node,11415714612,Manhattan,Pancho's Antojitos Mexicano,restaurant,mexican,40.8013901,-73.965234
node,11415714613,Manhattan,3 Times,restaurant,,40.801455,-73.965181
node,11421707495,Manhattan,Mala Town,restaurant,chinese,40.8000199,-73.9657774
node,11429546305,Manhattan,Campagnola Restaurant,restaurant,italian,40.7688938,-73.9549878
node,11433238611,Manhattan,Délice & Sarrasin,restaurant,french,40.7287461,-74.0031498
node,11442900427,Manhattan,Marinara Pizza,restaurant,pizza,40.7954237,-73.9708722
node,11447982727,Manhattan,Atlas Kitchen,restaurant,chinese,40.8032937,-73.9667641
node,11448213482,Manhattan,The Grand Feast,restaurant,,40.7977903,-73.9678718
node,11463577701,Manhattan,Ichibantei,restaurant,japanese,40.7324491,-73.9880197
node,11465739196,Manhattan,La Grande Boucherie,restaurant,french,40.7626575,-73.980662
node,11466216391,Manhattan,CM Chicken,restaurant,chicken; korean,40.7803173,-73.9466456
node,11476841566,Manhattan,Reyna,restaurant,mediterranean,40.7350479,-73.9932044
node,11476892967,Manhattan,Karvouna Mezze,restaurant,greek,40.7225243,-73.9929563
node,11484390440,Manhattan,Antojitos Mexicanos,restaurant,mexican,40.8485499,-73.9315528
node,11500492169,Manhattan,Kin Ramen,restaurant,ramen,40.7644156,-73.9789989
node,11500492269,Manhattan,Izakaya Toribar,restaurant,japanese,40.7596208,-73.9685472
node,11505171170,Manhattan,Friedmans,restaurant,,40.742492,-74.0063934
node,11506163553,Manhattan,Robert,restaurant,american,40.7674398,-73.9820336
node,11509837680,Manhattan,Sweet Chick,restaurant,southern;chicken,40.7366142,-73.9912191
node,11523643171,Manhattan,Carlota,restaurant,spanish,40.7151017,-73.9916695
node,11530393583,Manhattan,Tsumo Omakase,restaurant,japanese,40.7955912,-73.9694838
node,11530514625,Manhattan,Buceo 95,restaurant,,40.7936012,-73.9711217
node,11532552941,Manhattan,Baked by Melissa,restaurant,dessert,40.7873816,-73.9776772
node,11536202001,Manhattan,Dim Sum Bloom,restaurant,chinese,40.7957389,-73.9706401
node,11538333631,Manhattan,Soledad,restaurant,mexican,40.7833661,-73.947979
node,11538535383,Manhattan,Coma Bueno,restaurant,dominican,40.7996039,-73.9628318
node,11538724479,Manhattan,Kikoo Sushi,restaurant,sushi,40.8013869,-73.9615545
node,11541133669,Manhattan,Bareburger,restaurant,,40.7943379,-73.9661954
node,11558110355,Manhattan,Tengri Tagh Uyghur Cuisine,restaurant,uyghur,40.7525395,-73.9886477
node,11558119422,Manhattan,Beyond Sushi - Vegan Restaurant,restaurant,asian,40.7524663,-73.9884545
node,11558613469,Manhattan,MayRee,restaurant,thai,40.7237527,-73.9892869
node,11561127141,Manhattan,Ravagh Persian Grill,restaurant,mediterranean;persian,40.7472594,-73.98314
node,11565487891,Manhattan,Naks,restaurant,filipino,40.7302931,-73.9835696
node,11582969069,Manhattan,Okinii,restaurant,sushi,40.7289222,-73.9990944
node,11583940164,Manhattan,Ciao Paisan,restaurant,italian,40.7831966,-73.9789446
node,11592874869,Manhattan,Cafe Luce,restaurant,italian,40.757234,-73.9680045
node,11608604958,Manhattan,Yondu Culinary Studio,restaurant,,40.7083725,-74.0006182
node,11608613210,Manhattan,Paris Cafe,restaurant,,40.7073186,-74.0014716
node,11616874334,Manhattan,El Gallo Taqueria,restaurant,mexican,40.7866324,-73.9760139
node,11617087594,Manhattan,Crave Fishbar,restaurant,seafood,40.7842543,-73.9777515
node,11617087595,Manhattan,Two Wheels,restaurant,vietnamese,40.7842096,-73.9777838
node,11620209249,Manhattan,SANUKI UDON,restaurant,japanese,40.7291862,-73.9955475
node,11622197425,Manhattan,Vanessa's Dumpling House,restaurant,chinese,40.7849937,-73.9772104
node,11627433797,Manhattan,Sushi Nonaka,restaurant,sushi,40.7836073,-73.978221
node,11632352915,Manhattan,Telio,restaurant,greek,40.7982092,-73.9688522
node,11638670322,Manhattan,Betty,restaurant,american,40.7136688,-73.9878507
node,11658333426,Manhattan,Sushi Lin,restaurant,sushi,40.7191841,-73.9856983
node,11658333429,Manhattan,Cloud Vietnamese,restaurant,vietnamese,40.7188406,-73.985309
node,11658333430,Manhattan,Ginger & Lemongrass,restaurant,vietnamese,40.7191673,-73.9856462
node,11664042689,Manhattan,The Shell,restaurant,seafood,40.7906078,-73.9725454
node,11665562923,Manhattan,Hui Restaurant & Bar,restaurant,chinese,40.7670128,-73.958463
node,11674325705,Manhattan,Bings & Noodles,restaurant,chinese,40.7299776,-73.9995858
node,11674339847,Manhattan,Mala Project,restaurant,chinese,40.7568355,-73.9806333
node,11674339848,Manhattan,Akdeniz,restaurant,turkish,40.7568615,-73.9806953
node,11674345070,Manhattan,SushiDelic,restaurant,sushi,40.7202273,-73.998709
node,11679760934,Manhattan,Beatnic,restaurant,burger,40.7227424,-73.9971339
node,11687176846,Manhattan,Haven,restaurant,american,40.7834563,-73.9795171
node,11687210350,Manhattan,Joe's Steam Rice Roll,restaurant,chinese,40.7840301,-73.9779134
node,11687215264,Manhattan,Song'e Napule,restaurant,italian;pizza,40.7854066,-73.9769052
node,11687369985,Manhattan,Celeste,restaurant,italian,40.7866864,-73.9759752
node,11687385083,Manhattan,Alachi Masala,restaurant,indian,40.7861403,-73.9763768
node,11687868832,Manhattan,Mista Oh,restaurant,korean,40.7432446,-73.9912163
node,11690216253,Manhattan,King Food Chen,restaurant,chinese,40.7860073,-73.9760003
node,11701475595,Manhattan,Coco Pizzaria,restaurant,pizza,40.7594129,-73.9618878
node,11705836568,Manhattan,Bamboo Sushi,restaurant,sushi,40.7656092,-73.9573801
node,11706750747,Manhattan,Kuu,restaurant,japanese,40.7656902,-73.9577457
node,11714928281,Manhattan,Fishmarket,restaurant,,40.7283393,-73.9820432
node,11715036337,Manhattan,Madina Halal Deli,restaurant,burger;indian,40.7291209,-73.9836233
node,11715190679,Manhattan,The Little Beet,restaurant,,40.7662604,-73.9573285
node,11717251415,Manhattan,Cellini,restaurant,italian,40.7600534,-73.9727312
node,11717251435,Manhattan,Nerai,restaurant,greek,40.7602001,-73.9730757
node,11729195307,Manhattan,Marinara,restaurant,pizza,40.7565374,-73.9644183
node,11729195308,Manhattan,Sofia Pizza Shoppe,restaurant,pizza,40.7567113,-73.9643249
node,11729264202,Manhattan,Adyar Ananda Bhavan,restaurant,indian,40.7593014,-73.9623856
node,11730128243,Manhattan,Sarabeth's,restaurant,,40.7839211,-73.9775152
node,11731444670,Manhattan,Maria Mulata Colombian Restaurant & Bar,restaurant,regional,40.7707505,-73.9617952
node,11734409650,Manhattan,Sophie's Cuban,restaurant,,40.7412524,-73.9937682
node,11734474015,Manhattan,Great Burrito,restaurant,mexican,40.7428769,-73.9931922
node,11734648510,Manhattan,Periyali,restaurant,,40.7406439,-73.9929501
node,11735228974,Manhattan,Manhattan Diner,restaurant,american,40.7936415,-73.9721751
node,11737576669,Manhattan,The Best Pizza,restaurant,pizza,40.7636803,-73.988578
node,11738086069,Manhattan,Osteria 57,restaurant,italian,40.7346089,-73.9978963
node,11738972189,Manhattan,Big Wong,restaurant,,40.7161895,-73.998278
node,11739055904,Manhattan,Vestry,restaurant,seafood,40.7255235,-74.0053247
node,11743343361,Manhattan,Wing Wah,restaurant,chinese,40.7975347,-73.9340623
node,11746463843,Manhattan,ONGI,restaurant,korean,40.7521719,-73.9872338
node,11746463844,Manhattan,Mori,restaurant,japanese,40.7270969,-74.0020062
node,11746576608,Manhattan,One Bite Omakase,restaurant,japanese,40.7835338,-73.9778072
node,11748179932,Manhattan,Populares,restaurant,mexican,40.7230805,-73.9825225
node,11748179935,Manhattan,L’Americana,restaurant,italian,40.7360524,-73.9874848
node,11748632677,Manhattan,Aqua Marina,restaurant,italian,40.8432635,-73.93898
node,11748659948,Manhattan,Havana Heights,restaurant,cuban,40.8441492,-73.9391985
node,11748675128,Manhattan,Jade Garden,restaurant,chinese,40.8418274,-73.9389587
node,11748913964,Manhattan,Kensi Thai,restaurant,thai,40.8227041,-73.9386287
node,11748941382,Manhattan,King Barka & Prince Soul Food,restaurant,,40.8219514,-73.9385123
node,11754487749,Manhattan,Grandma’s Home,restaurant,chinese,40.7419249,-73.9928293
node,11756860356,Manhattan,Ines,restaurant,,40.7688221,-73.9541113
node,11756860357,Manhattan,Sushi Ishikawa,restaurant,sushi,40.768793,-73.9540347
node,11760994850,Manhattan,Susukino Ramen,restaurant,,40.7032995,-74.0107985
node,11761653832,Manhattan,Congee Village,restaurant,chinese,40.7187004,-73.9903564
node,11761689742,Manhattan,Lucien,restaurant,french,40.7233554,-73.9881736
node,11761723978,Manhattan,Delizia,restaurant,italian,40.7686535,-73.955143
node,11761868947,Manhattan,Bravo,restaurant,italian,40.7493418,-73.9841442
node,11767652269,Manhattan,Saperavi,restaurant,georgian,40.732635,-73.9852239
node,11772965584,Manhattan,Island Grill,restaurant,caribbean,40.8151875,-73.9581244
node,11773867097,Manhattan,PS Kitchen,restaurant,,40.7606821,-73.986622
node,11774131269,Manhattan,Little Italy Pizza,restaurant,pizza,40.7658115,-73.9839012
node,11774637881,Manhattan,Kimura,restaurant,japanese,40.7289868,-73.9882604
node,11775761069,Manhattan,Dude’s Pizza,restaurant,pizza,40.7532429,-73.9922559
node,11800207769,Manhattan,Pizza Shack,restaurant,pizza,40.7703517,-73.9919456
node,11800209769,Manhattan,Long Island Dumplings,restaurant,dim_sum;chinese,40.7369749,-73.9973769
node,11800248039,Manhattan,3 Dessert Cafe,restaurant,dessert,40.7171352,-73.9981858
node,11812125969,Manhattan,Marinara Pizza,restaurant,pizza,40.7826337,-73.9535649
node,11814456769,Manhattan,Square pizza NYC Time Square,restaurant,pizza,40.7556426,-73.9921788
node,11826577618,Manhattan,My Food House,restaurant,chinese,40.7145666,-73.9937001
node,11826587032,Manhattan,Rong Hang,restaurant,chinese,40.7157089,-73.9930991
node,11836538423,Manhattan,Il Cantinori,restaurant,italian,40.7323245,-73.993126
node,11840440162,Manhattan,Carol's Bun,restaurant,chinese,40.7138245,-73.9914494
node,11842298772,Manhattan,Hey Yuet,restaurant,,40.7470428,-73.9964446
node,11842400115,Manhattan,Teng Dragon,restaurant,chinese,40.7961359,-73.9350826
node,11842400116,Manhattan,Sapoara,restaurant,latin_american,40.7961837,-73.9350491
node,11845584190,Manhattan,Native Noodles,restaurant,asian;singaporean,40.8382618,-73.9378722
node,11847603619,Manhattan,La Lonchera,restaurant,,40.8227762,-73.953819
node,11865332476,Manhattan,Berlin Döner,restaurant,kebab,40.7294161,-74.0008633
node,11865375282,Manhattan,Maestro Pasta,restaurant,italian,40.7293912,-74.0008833
node,11865385955,Manhattan,Malai Marke,restaurant,indian,40.7269036,-73.9876124
node,11865385956,Manhattan,Raj Mahal,restaurant,indian,40.7268373,-73.9874547
node,11865385957,Manhattan,Curry Flavor,restaurant,indian,40.7268042,-73.9873761
node,11865385958,Manhattan,Souen,restaurant,japanese,40.7267632,-73.9872787
node,11865385959,Manhattan,The Izakaya NYC,restaurant,japanese,40.7267795,-73.9873173
node,11866488665,Manhattan,Cull & Pistol Oyster Bar,restaurant,,40.7424412,-74.0055869
node,11867099054,Manhattan,Jajaja Mexicana,restaurant,mexican,40.7298154,-74.004554
node,11872704825,Manhattan,Valbella at the Park,restaurant,italian,40.7548664,-73.985372
node,11873180748,Manhattan,Malibu Diner,restaurant,,40.7439868,-73.9949708
node,11873613003,Manhattan,Ghemo,restaurant,georgian,40.8007444,-73.9660245
node,11875156397,Manhattan,Bagel Market,restaurant,bagel,40.7110673,-74.0065073
node,11881240167,Manhattan,Wayla,restaurant,thai,40.718289,-73.9927504
node,11884796769,Manhattan,Pizza Town,restaurant,pizza,40.7520357,-73.9858812
node,11892515469,Manhattan,Broni & Belle’s Pizzeria,restaurant,pizza,40.7450228,-73.99825
node,11895576969,Manhattan,Berlina Cafe,restaurant,pizza,40.7553382,-73.9909515
node,11897338093,Manhattan,Restaurante Félix,restaurant,,40.7225399,-74.0038369
node,11897345667,Manhattan,Kintsugi,restaurant,sushi,40.7229261,-74.0046413
node,11905528875,Manhattan,Goku Kitchen,restaurant,meat;asian;noodle;chinese;dumplings,40.7070267,-74.0082784
node,11910381822,Manhattan,Udon St Marks,restaurant,japanese,40.7293326,-73.9891008
node,11910381824,Manhattan,Oh! Taisho,restaurant,japanese,40.7293722,-73.9892017
node,11918780630,Manhattan,Strip House,restaurant,steak_house,40.7552726,-73.9807065
node,11918781631,Manhattan,Le Rivage,restaurant,french,40.7602653,-73.9895344
node,11933299269,Manhattan,Little Italy Pizza,restaurant,pizza,40.7576681,-73.9896928
node,11943260737,Manhattan,Torrisi,restaurant,italian,40.724217,-73.9954001
node,11948944397,Manhattan,Leyla,restaurant,mediterranean,40.7788358,-73.9783508
node,11963618919,Manhattan,Addey Ababa,restaurant,ethiopian,40.8505785,-73.9376955
node,11963740469,Manhattan,Bombay Bistros,restaurant,indian,40.7313594,-74.002533
node,11968161063,Manhattan,Burgerology,restaurant,burger,40.753801,-73.9936143
node,11971148917,Manhattan,Little Myanmar,restaurant,burmese,40.7229483,-73.9853975
node,11976751722,Manhattan,Empanadas,restaurant,,40.8488,-73.9328221
node,11976751728,Manhattan,Caridad Restaurant,restaurant,,40.8488427,-73.9329282
node,11980400027,Manhattan,Jerk House Caribbean,restaurant,caribbean,40.8103162,-73.947018
node,11981765094,Manhattan,Harlem Breakfast Club,restaurant,,40.8111327,-73.9464042
node,11982189827,Manhattan,Red Star,restaurant,chinese,40.8225077,-73.938104
node,11987722720,Manhattan,Jeffrey's Grocery,restaurant,seafood,40.7339144,-74.0013412
node,11990405945,Manhattan,Rocco Steakhouse,restaurant,steak,40.7438235,-73.9860292
node,11990995698,Manhattan,Ashford & Simpson's Sugar Bar,restaurant,,40.7793657,-73.9838442
node,11994488267,Manhattan,DimSum Garden,restaurant,chinese;dim_sum,40.7586972,-73.9654903
node,11994512706,Manhattan,Sasabune Express,restaurant,,40.7600289,-73.9632487
node,12006510169,Manhattan,Zillions Pizza,restaurant,pizza,40.7581501,-73.9925308
node,12014383329,Manhattan,Dragon Sushi,restaurant,sushi,40.8019513,-73.9569308
node,12021097574,Manhattan,Sido,restaurant,mediterranean,40.7777188,-73.9783437
node,12023694618,Manhattan,Flame,restaurant,,40.7839461,-73.9743873
node,12024393753,Manhattan,The Milling Room,restaurant,,40.7836415,-73.9744848
node,12036720755,Manhattan,Cantina Taqueria,restaurant,,40.8027452,-73.9568209
node,12042549280,Manhattan,Legend 72,restaurant,chinese,40.7779742,-73.9796927
node,12042651949,Manhattan,Sushi Counter,restaurant,sushi,40.7332779,-74.0055872
node,12042873186,Manhattan,Malka,restaurant,,40.7784417,-73.9807856
node,12045059816,Manhattan,Glaze,restaurant,japanese,40.7540475,-73.9859163
node,12055614728,Manhattan,Los Tacos No.1,restaurant,tacos,40.7262725,-73.9946961
node,12068842073,Manhattan,High Hill Diner,restaurant,diner;american,40.8551632,-73.9373884
node,12070389068,Manhattan,SUGARFISH by Sushi Nozawa,restaurant,sushi,40.7651959,-73.9816218
node,12070394872,Manhattan,Topaz,restaurant,thai,40.7643677,-73.9789336
node,12070422440,Manhattan,K-bap,restaurant,korean,40.7632955,-73.9771622
node,12070468651,Manhattan,Tina's Cuban Cuisine,restaurant,,40.7630129,-73.9757399
node,12070476839,Manhattan,Il Tinello Ristorante,restaurant,italian,40.7625761,-73.9756396
node,12070492977,Manhattan,Dim Sum Palace,restaurant,chinese,40.7627231,-73.9760278
node,12070920019,Manhattan,York Ave Pizza,restaurant,pizza;sandwich,40.7669295,-73.954327
node,12074578120,Manhattan,SUGARFISH by Sushi Nozawa,restaurant,sushi,40.7579501,-73.9703988
node,12077150283,Manhattan,Springbone Kitchen,restaurant,,40.7865605,-73.9718824
node,12078860384,Manhattan,Cafe Sabarsky,restaurant,german,40.7812646,-73.960373
node,12079568551,Manhattan,& Son Steakeasy,restaurant,steak_house,40.7339041,-73.9986749
node,12079653418,Manhattan,Cotta Osteria,restaurant,italian,40.7854771,-73.9726638
node,12081310371,Manhattan,Noi Due,restaurant,italian,40.7848847,-73.9731089
node,12081310372,Manhattan,Mughlai Indian Cuisine,restaurant,indian,40.7848167,-73.9731531
node,12081310373,Manhattan,Cilantro NYC,restaurant,,40.7846872,-73.973253
node,12081819275,Manhattan,Lokal Mediterranean Kitchen,restaurant,lebanese,40.7842949,-73.9735265
node,12084131484,Manhattan,Ayat,restaurant,palestinian,40.7242306,-73.9789217
node,12093994492,Manhattan,Bread and Stone,restaurant,pizza,40.7270613,-73.9879869
node,12093994494,Manhattan,Taishoken,restaurant,ramen,40.7269369,-73.9886581
node,12093994495,Manhattan,Frank,restaurant,italian,40.7268894,-73.988693
node,12095095042,Manhattan,Sushi Yoshizawa,restaurant,sushi,40.764094,-73.9592768
node,12097569302,Manhattan,Lucia Alimentari,restaurant,coffee_shop,40.7216106,-74.004245
node,12101284215,Manhattan,Kyuramen,restaurant,ramen,40.760232,-73.9886968
node,12118435378,Manhattan,Cafe Massawa,restaurant,ethiopian;east_african,40.8145806,-73.9594549
node,12118471440,Manhattan,Pho Amsterdam,restaurant,vietnamese,40.8109107,-73.9582924
node,12123586826,Manhattan,Sugarfish,restaurant,sushi,40.7808701,-73.9806557
node,12150720897,Manhattan,Nino's Ristorante,restaurant,italian,40.7681889,-73.9554974
node,12162695407,Manhattan,Tokugawa,restaurant,sushi,40.776242,-73.9623694
node,12164415649,Manhattan,Diamond Thai,restaurant,thai,40.7197179,-73.988654
node,12170467434,Manhattan,The Liberty,restaurant,american;pizza,40.7498622,-73.9856035
node,12171054081,Manhattan,Shuya,restaurant,japanese,40.7460894,-73.9776287
node,12175944629,Manhattan,Nishida Sho-ten,restaurant,ramen;japanese;asian,40.7540126,-73.9686892
node,12177578857,Manhattan,Le Sia,restaurant,chinese;seafood,40.7607048,-73.9912033
node,12177578862,Manhattan,Osaka Fusion Sushi,restaurant,sushi,40.7607118,-73.9907302
node,12183004901,Manhattan,Bangkok Supper Club,restaurant,thai,40.7390218,-74.0056634
node,12189238901,Manhattan,Roberta's,restaurant,italian_pizza,40.7507736,-73.9914958
node,12195740987,Manhattan,Aria,restaurant,italian,40.7291517,-74.0034544
node,12195740994,Manhattan,Ubani,restaurant,georgian,40.7296289,-74.0039259
node,12195740995,Manhattan,Cotenna,restaurant,italian,40.7290298,-74.0035786
node,12200001128,Manhattan,Jean Claude,restaurant,french,40.7592586,-73.9620057
node,12206311669,Manhattan,City Winery,restaurant,,40.7431021,-74.009291
node,12207775922,Manhattan,Bad Roman,restaurant,italian,40.7686801,-73.9824413
node,12210077044,Manhattan,Rokc,restaurant,ramen,40.8235362,-73.9522214
node,12233587106,Manhattan,42nd Street Restaurant,restaurant,pizza;greek,40.7617745,-74.0000776
node,12235107075,Manhattan,Loopy's,restaurant,korean,40.7474883,-73.9923022
node,12235107077,Manhattan,New M & J,restaurant,asian;sushi,40.7474645,-73.9922458
node,12241733433,Manhattan,Emperor Dumpling,restaurant,chinese;japanese,40.7462639,-73.9938221
node,12244426994,Manhattan,Revel & Rye,restaurant,,40.7585073,-73.9858673
node,12259319359,Manhattan,Soho Diner,restaurant,,40.7220958,-74.0042287
node,12300150548,Manhattan,Lunetta Pizza,restaurant,pizza;italian,40.7624401,-73.959689
node,12307257374,Manhattan,Urban Vegan Kitchen,restaurant,,40.7451722,-73.9976887
node,12307861590,Manhattan,Kings Kitchen,restaurant,chinese,40.7139084,-73.9936669
node,12307938441,Manhattan,Yi Zhang Fishball,restaurant,chinese,40.7146634,-73.9938681
node,12308518420,Manhattan,Hub Thai,restaurant,thai,40.7239243,-73.9848973
node,12310131789,Manhattan,Lake Como Pizza,restaurant,pizza;fries,40.8513973,-73.9282776
node,12310131790,Manhattan,Golden  City Chinese Restaurant,restaurant,chinese,40.8513587,-73.9283075
node,12310137182,Manhattan,Burgers & Grill,restaurant,burger,40.8513447,-73.9283177
node,12310154145,Manhattan,Grandmas Pizza,restaurant,pizza;bagel;fries,40.8514681,-73.9282261
node,12310158066,Manhattan,Sushi Heights,restaurant,sushi;bubble_tea,40.8515365,-73.9281705
node,12310161588,Manhattan,Golan Heights,restaurant,shawarma,40.8515009,-73.9281993
node,12310173142,Manhattan,Falafel Crunch,restaurant,,40.8513706,-73.9282972
node,12319914323,Manhattan,Lil Frankie’s Grocery,restaurant,,40.7236297,-73.9884264
node,12322531439,Manhattan,Zaragoza,restaurant,mexican,40.7300094,-73.9808364
node,12322937601,Manhattan,Taam Tov,restaurant,,40.7576737,-73.9805449
node,12323976457,Manhattan,Mas Tacos,restaurant,tacos,40.7507899,-73.9932561
node,12324373160,Manhattan,Soogil,restaurant,french;korean,40.7256107,-73.9883555
node,12324390279,Manhattan,Apna Pind,restaurant,indian,40.7252983,-73.987581
node,12324410335,Manhattan,Benemon,restaurant,japanese,40.7255807,-73.9882731
node,12324916043,Manhattan,Hearty & Healthy,restaurant,,40.7267074,-73.9862218
node,12327465356,Manhattan,Cecilia,restaurant,,40.7274504,-73.9845978
node,12327529700,Manhattan,Rosella,restaurant,sushi,40.7270984,-73.9829757
node,12327548513,Manhattan,Foxface Natural,restaurant,,40.7289642,-73.9816112
node,12327777493,Manhattan,Genki Omakasa,restaurant,sushi,40.7291349,-73.9982452
node,12327810411,Manhattan,Little Hen,restaurant,brunch,40.7285726,-73.9997104
node,12333426801,Manhattan,The Purple Tongue,restaurant,,40.7594181,-73.9932118
node,12334487678,Manhattan,Ishq,restaurant,indian,40.7293684,-73.9809196
node,12365498908,Manhattan,Forsythia,restaurant,italian,40.7225386,-73.9924913
node,12365528289,Manhattan,Madé,restaurant,asian,40.7214053,-73.9951726
node,12368307474,Manhattan,Appa’s Pizza,restaurant,pizza;korean,40.7303479,-73.9830787
node,12368319328,Manhattan,Luthun,restaurant,,40.7299937,-73.9817762
node,12373675569,Manhattan,Le Basque French Vegan Restaurant,restaurant,french;spanish,40.736072,-73.9918636
node,12374906401,Manhattan,Mocha Burger,restaurant,burger,40.7556853,-73.9784746
node,12377182082,Manhattan,Grand Brasserie,restaurant,french,40.7524928,-73.9775859
node,12383161574,Manhattan,Stella 34 Trattoria,restaurant,italian,40.7506271,-73.9880621
node,12386824050,Manhattan,REGULAR NYC,restaurant,,40.7080263,-74.0139855
node,12389242645,Manhattan,Tre,restaurant,italian,40.7218109,-73.9875935
node,12389271511,Manhattan,Bungalow,restaurant,indian,40.7236539,-73.9879543
node,12402813221,Manhattan,Alke Café,restaurant,,40.8003369,-73.9549778
node,12402918748,Manhattan,Mei Lai Wah Wonton Noodle,restaurant,asian,40.7148176,-73.9982893
node,12414899829,Manhattan,Lido,restaurant,italian,40.80492,-73.954757
node,12414899830,Manhattan,Peking Kitchen,restaurant,chinese,40.8047726,-73.9548625
node,12432067901,Manhattan,Pasta Eater,restaurant,italian,40.7376627,-73.991342
node,12432724701,Manhattan,Konban,restaurant,japanese,40.7419883,-74.0015474
node,12453392832,Manhattan,Oki Poke & Ramen,restaurant,ramen;japanese,40.753269,-73.9741075
node,12453438626,Manhattan,Hop Won Express,restaurant,chinese,40.7532023,-73.9739738
node,12459875815,Manhattan,Tuscany Steakhouse,restaurant,steak_house,40.7653391,-73.9771919
node,12459875822,Manhattan,Loi Estiatorio,restaurant,greek,40.7653982,-73.9779596
node,12470628924,Manhattan,Çka ka Qellue,restaurant,albanian,40.7446861,-73.9818352
node,12484826227,Manhattan,Sushi & Co,restaurant,sushi;japanese,40.7533944,-73.9744469
node,12485263600,Manhattan,Tiptara,restaurant,thai,40.7141483,-73.9875607
node,12486715026,Manhattan,Bondi Sushi,restaurant,sushi,40.7212469,-73.9964063
node,12496732774,Manhattan,SourAji,restaurant,sushi,40.7222329,-73.9831367
node,12496752010,Manhattan,Boni & Mott,restaurant,mediterranean,40.7226448,-73.9949556
node,12510451776,Manhattan,Quality Meats,restaurant,steak_house,40.7649266,-73.9762437
node,12512735661,Manhattan,Momosan Ramen & Sake,restaurant,ramen;japanese,40.7498922,-73.9773723
node,12512778763,Manhattan,Dimsum Garden,restaurant,chinese;dimsum,40.7497897,-73.9774286
node,12516954542,Manhattan,The Dawson 39,restaurant,,40.7524292,-73.9847258
node,12525411571,Manhattan,Dao Dim Sum,restaurant,chinese,40.7473756,-73.9830554
node,12527817289,Manhattan,Nai Brother Sauerkraut Fish,restaurant,chinese,40.8034557,-73.9675683
node,12544066932,Manhattan,A ves,restaurant,chinese,40.7864784,-73.9725142
node,12544391777,Manhattan,Brett's Deli,restaurant,,40.7544783,-73.9765523
node,12547321282,Manhattan,Bourbon Steak New York,restaurant,steak_house,40.7663058,-73.9781782
node,12548036252,Manhattan,Smash House,restaurant,burger;sandwich;salad,40.7575147,-73.9802829
node,12548036253,Manhattan,Smash House,restaurant,burger;sandwich;salad,40.7516443,-73.9859621
node,12552066544,Manhattan,To Eat Sushi,restaurant,sushi,40.7290286,-73.9847778
node,12552541831,Manhattan,tán,restaurant,mexican,40.755037,-73.9705438
node,12552598964,Manhattan,Yong Chuan,restaurant,chinese,40.7183609,-73.9853126
node,12601522341,Manhattan,Shima Sushi,restaurant,sushi,40.755873,-73.9692659
node,12601547251,Manhattan,Su Khum Vit 51,restaurant,thai,40.7559192,-73.969303
node,12604039968,Manhattan,K Sushi & Bar,restaurant,sushi;korean,40.7471726,-73.9871962
node,12610100301,Manhattan,Malibu Farm,restaurant,american,40.7057668,-74.0014838
node,12632002031,Manhattan,Batsu,restaurant,asian;japanese,40.725374,-73.9872473
node,12643554149,Manhattan,Il Gradino,restaurant,italian,40.7643541,-73.9668078
node,12650293071,Manhattan,Allora 47,restaurant,italian,40.7543324,-73.9727625
node,12650293072,Manhattan,Foxy John's Bar & Kitchen,restaurant,,40.7543531,-73.9728052
node,12662579801,Manhattan,Ariana Afghan Kebab,restaurant,,40.7651093,-73.988016
node,12662586701,Manhattan,Dim Sum Palace,restaurant,chinese,40.7602273,-73.9893114
node,12662597101,Manhattan,Black Tap,restaurant,american;burger,40.7500629,-73.9861062
node,12662597204,Manhattan,Nubiani,restaurant,korean,40.7469733,-73.9853512
node,12662611901,Manhattan,Kazunori,restaurant,japanese,40.7451752,-73.9881914
node,12662627901,Manhattan,Sentir Vegan Mexican Restaurant,restaurant,mexican,40.7400275,-73.9931732
node,12662645401,Manhattan,Rafele,restaurant,italian,40.7309038,-74.0041193
node,12662645402,Manhattan,Village Taverna,restaurant,greek,40.733396,-73.9930049
node,12662681901,Manhattan,Chez Jacob,restaurant,african,40.8151344,-73.9478027
node,12674202671,Manhattan,La Villetta,restaurant,italian;pizza,40.7548931,-73.9649433
node,12675363874,Manhattan,Laliko,restaurant,georgian,40.7294591,-74.0048245
node,12676843762,Manhattan,Aji Sushi,restaurant,sushi;japanese,40.751452,-73.9707949
node,12676888846,Manhattan,Land of Plenty,restaurant,chinese,40.7606166,-73.9666293
node,12692247000,Manhattan,809,restaurant,,40.862001,-73.9252337
node,12696713574,Manhattan,Aragvi,restaurant,georgian,40.7512616,-73.9719193
node,12707756043,Manhattan,Ke Aloha Sushi & Poke Bowl,restaurant,japanese;sushi,40.7561451,-73.9659724
node,12710030055,Manhattan,Darbar,restaurant,indian,40.7592533,-73.9689049
node,12720480767,Manhattan,Lungi,restaurant,indian;sri_lankan,40.761691,-73.9602236
node,12720671571,Manhattan,Danny & Coop’s Cheesesteaks,restaurant,american,40.7276608,-73.9825681
node,12720698856,Manhattan,Apollo Bagels,restaurant,coffee_shop;bagel,40.7288795,-73.9849717
node,12727042268,Manhattan,Rice Bird,restaurant,asian,40.7285629,-73.9860192
node,12729059749,Manhattan,Roscioli NYC,restaurant,italian,40.7277245,-74.0025523
node,12733020264,Manhattan,SHIROKURO,restaurant,sushi,40.7275633,-73.9886531
node,12738172134,Manhattan,Chatti,restaurant,indian,40.7536159,-73.9914901
node,12739649701,Manhattan,Binondo,restaurant,filipino,40.7137287,-73.9956663
node,12741901377,Manhattan,Pho Avenue,restaurant,vietnamese,40.75149,-73.9707581
node,12744975234,Manhattan,888 Cafe & Bar,restaurant,,40.7651708,-73.9805398
node,12754726336,Manhattan,Dos Caminos,restaurant,mexican,40.7542025,-73.9742699
node,12762556567,Manhattan,NoMo Kitchen,restaurant,american,40.71976,-73.9999039
node,12762754842,Manhattan,Gyu-Kaku,restaurant,japanese;barbecue,40.7555288,-73.970365
node,12772979822,Manhattan,Yoshino,restaurant,japanese,40.7262002,-73.9921115
node,12812420201,Manhattan,Kiku,restaurant,japanese,40.7624275,-73.9770156
node,12815687871,Manhattan,noodlelove,restaurant,asian,40.7209887,-73.9955775
node,12820832963,Manhattan,Avra,restaurant,greek,40.7551236,-73.9725518
node,12821490787,Manhattan,Omakase Osukaa,restaurant,sushi,40.7557087,-73.9769678
node,12827046801,Manhattan,A Salt & Battery,restaurant,,40.7383452,-74.002
node,12828447749,Manhattan,Chalong Southern Thai,restaurant,thai,40.7639018,-73.9888785
node,12840446756,Manhattan,Serafina 777 Third Ave,restaurant,italian,40.7546507,-73.971268
node,12849983985,Manhattan,,restaurant,asian,40.7501812,-73.9844621
node,12849984712,Manhattan,Tonchin New York,restaurant,japanese,40.750229,-73.984535
node,12849984713,Manhattan,The Keg,restaurant,steak_house,40.750816,-73.9859024
node,12857850351,Manhattan,Bar Mexicana,restaurant,mexican,40.7561252,-73.9848062
node,12857850352,Manhattan,Simply Noodles & Dim Sum,restaurant,chinese,40.753814,-73.9859287
node,12863513173,Manhattan,Spes,restaurant,italian,40.7297959,-73.9827359
node,12865107393,Manhattan,Prime Catch NYC,restaurant,steak_house,40.7393312,-73.9976946
node,12866882564,Manhattan,Tam Mai Thai,restaurant,thai,40.7632439,-73.9770786
node,12866882565,Manhattan,Bengal Tiger,restaurant,indian,40.7655983,-73.9825967
node,12874846886,Manhattan,Biga Bite,restaurant,pizza,40.7212657,-73.9840748
node,12890222603,Manhattan,Penny,restaurant,seafood,40.7308231,-73.989714
node,12890222605,Manhattan,Claud,restaurant,french,40.7308697,-73.9896752
node,12908269982,Manhattan,Class on 38th,restaurant,japanese_fusion,40.7520674,-73.9850554
node,12908269983,Manhattan,Watami Sushi,restaurant,sushi,40.7511,-73.9852329
node,12917521998,Manhattan,Bobby Van's Grill,restaurant,,40.7570814,-73.9838681
node,12917522703,Manhattan,Le Marais,restaurant,steak_house,40.7580768,-73.9842248
node,12917522705,Manhattan,Prime Catch,restaurant,steak_house;pasta,40.7580046,-73.984058
node,12917522706,Manhattan,Silky Kitchen,restaurant,chinese,40.757981,-73.9840072
node,12917522707,Manhattan,Chazz Palminteri,restaurant,italian,40.756518,-73.9805238
node,12917611586,Manhattan,Raku,restaurant,japanese;sushi,40.7566827,-73.9692284
node,12917611587,Manhattan,Himalayan Curry House,restaurant,indian;nepali,40.757224,-73.9685841
node,12918215844,Manhattan,Audace,restaurant,,40.7421518,-73.9846598
node,12921924710,Manhattan,Marwin Thai,restaurant,thai,40.7615664,-73.9603255
node,12922047971,Manhattan,Cognac,restaurant,,40.7552769,-73.9730336
node,12922047973,Manhattan,Park Ave Kitchen,restaurant,,40.7551732,-73.9735384
node,12922047974,Manhattan,Bukhara Grill,restaurant,,40.7497315,-73.9782595
node,12923377791,Manhattan,Grand Sichuan Eastern,restaurant,,40.7582701,-73.9662712
node,12924977455,Manhattan,Mighty Quinn's,restaurant,barbecue,40.7124356,-74.0156948
node,12925573349,Manhattan,,restaurant,,40.849066,-73.9371953
node,12947498610,Manhattan,The Corner Deli;La Esquina,restaurant,mexican,40.7518394,-73.9958965
node,12947498611,Manhattan,Yono Sushi,restaurant,sushi,40.751735,-73.9955332
node,12949416382,Manhattan,Tommy Bahama,restaurant,,40.7554679,-73.9792098
node,12965227301,Manhattan,Pelicana Chicken,restaurant,korean;chicken,40.7476537,-73.9861935
node,12973757302,Manhattan,Kaiten Zushi Nomad,restaurant,,40.7458899,-73.9866573
node,12973790001,Manhattan,Le petit village,restaurant,,40.7359443,-74.0012558
node,12980265002,Manhattan,Maza Mexican Restaurant,restaurant,mexican,40.7265495,-73.9850368
node,12981463706,Manhattan,Javitri,restaurant,indian,40.7635622,-73.9677376
node,12982654501,Manhattan,Shu Jiao Fu Zhou,restaurant,chinese,40.7174828,-73.992049
node,12986801301,Manhattan,Amber Sushi Asian Cuisine & Bar,restaurant,asian;sushi,40.7330675,-74.0069764
node,12986810601,Manhattan,Joseph Leonard,restaurant,,40.7335787,-74.0016703
node,12987788601,Manhattan,Third Kingdom,restaurant,,40.7286265,-73.9893727
node,12988107101,Manhattan,Tipsy Shanghai,restaurant,chinese,40.7274182,-73.9883002
node,12988563701,Manhattan,Café Maud,restaurant,,40.7286121,-73.9874271
node,12990538860,Manhattan,Panna II,restaurant,indian,40.7262782,-73.9864936
node,12990650129,Manhattan,Milon,restaurant,indian,40.726249,-73.9865175
node,12990670061,Manhattan,345 Cantina,restaurant,mexican,40.7266301,-73.9864309
node,12990687698,Manhattan,Miso,restaurant,japanese,40.7267431,-73.9872344
node,12990806401,Manhattan,Jeju Noodle Bar,restaurant,korean,40.7330125,-74.0073265
node,12990806501,Manhattan,The Warren,restaurant,,40.7330917,-74.006708
node,12994299701,Manhattan,Me Chicken Rice,restaurant,chicken;thai,40.7304925,-74.0004761
node,12994866301,Manhattan,Titi’s Empanadas,restaurant,,40.7261363,-73.984021
node,12995844901,Manhattan,Milon Indian Restaurant,restaurant,indian,40.7262583,-73.9866312
node,12995859902,Manhattan,Le Bilboquet,restaurant,fine_dining;french,40.7638779,-73.9704399
node,12995860506,Manhattan,Fleming by Le Bilboquet,restaurant,fine_dining;french,40.7653865,-73.9695287
node,12996543401,Manhattan,Il Gattopardo,restaurant,fine_dining;italian,40.7616056,-73.9764095
node,13000003956,Manhattan,Tiberias,restaurant,seafood;pizza;eclectic,40.7476688,-73.9823057
node,13003072801,Manhattan,Whitmans,restaurant,american;burger,40.727843,-73.9843074
node,13007235601,Manhattan,STATE Grill and Bar,restaurant,,40.7483043,-73.9860187
node,13016310201,Manhattan,Carne Mare,restaurant,,40.7056919,-74.0021178
node,13016311601,Manhattan,Mister Dips,restaurant,,40.7056226,-74.0020585
node,13019781381,Manhattan,Caviar Russe,restaurant,seafood,40.760725,-73.9737351
node,13030298571,Manhattan,Hilltop,restaurant,burger,40.8355593,-73.9441484
node,13034372961,Manhattan,Boqueria W40th,restaurant,spanish,40.7556286,-73.9902396
node,13034652401,Manhattan,OMG Shawarma,restaurant,,40.7344858,-74.0020845
node,13043042757,Manhattan,Tarallucci e Vino,restaurant,italian;breakfast,40.7381477,-73.9906882
node,13043042758,Manhattan,Tarallucci e Vino,restaurant,italian,40.7434574,-73.9846977
node,13043042759,Manhattan,Vallata,restaurant,italian,40.738039,-73.9886026
node,13055150701,Manhattan,Goal Omakase Sushi,restaurant,,40.7746573,-73.9517471
node,13057970730,Manhattan,Ground Central Coffee Company,restaurant,coffee_shop,40.7637429,-73.9848071
node,13062290351,Manhattan,Dumpling Story,restaurant,,40.7183133,-73.9939503
node,13062628801,Manhattan,Il Mulino,restaurant,italian,40.761296,-73.9724022
node,13064239933,Manhattan,Melangerie,restaurant,,40.7535527,-73.9784024
node,13064262826,Manhattan,Lulla,restaurant,,40.7440402,-73.9930299
node,13065489069,Manhattan,Blaze BBQ & Hibachi,restaurant,chinese,40.7181784,-73.9920791
node,13065493913,Manhattan,Hav & Mar,restaurant,fusion,40.7509895,-74.0057562
node,13067012376,Manhattan,Palladino's Steak & Seafood,restaurant,seafood;steak_house,40.7531376,-73.9775826
node,13069249663,Manhattan,Fan Szechuan,restaurant,chinese,40.7190765,-73.9881143
node,13070933043,Manhattan,Henry & The Lions,restaurant,,40.746813,-74.001689
node,13071016173,Manhattan,Coppelia,restaurant,cuban,40.7388838,-74.0000095
node,13071727592,Manhattan,The Cocoa Exchange,restaurant,,40.7051235,-74.0085966
node,13071776167,Manhattan,NeroLab,restaurant,italian,40.7068019,-74.0099313
node,13078894001,Manhattan,一品小笼包,restaurant,chinese,40.7183113,-73.993949
node,13086913624,Manhattan,Rynn,restaurant,thai,40.7266592,-73.9884205
node,13094686852,Manhattan,pizazz,restaurant,,40.7361017,-73.9890842
node,13124035507,Manhattan,Taftoon,restaurant,persian,40.7418865,-73.9811721
node,13136631202,Manhattan,Teppanyaki One,restaurant,asian;fish;oriental;seafood;sushi,40.8070888,-73.9445455
node,13141172002,Manhattan,West Rice Roll King,restaurant,chinese,40.7169867,-73.9948131
node,13143970801,Manhattan,Joe G,restaurant,italian;italian_pizza,40.7657529,-73.9828919
node,13144932601,Manhattan,Patsy's,restaurant,italian,40.765555,-73.9827084
node,13162323201,Manhattan,Sogno Toscano Market & Wine Bar,restaurant,,40.7358519,-74.0018817
node,13164366801,Manhattan,Jack's Wife Freda,restaurant,,40.7409214,-74.0014447
node,13166891301,Manhattan,Ribalta,restaurant,,40.7332959,-73.9916085
node,13207644501,Manhattan,The Good Good,restaurant,,40.8012553,-73.9421334
node,13228338601,Manhattan,Lahana Authentic Indian Cuisine,restaurant,indian,40.7655978,-73.9876226
node,13253297112,Manhattan,LECIEL,restaurant,american,40.7195644,-73.9869398
node,13254235312,Manhattan,Caravan Uyghur Cuisine,restaurant,asian;ramen;noodle;uyghur,40.7051211,-74.0096508
node,13260156201,Manhattan,Genesis House,restaurant,,40.741452,-74.008311
node,13260302501,Manhattan,Mama’s Too,restaurant,pizza,40.733217,-74.0040346
node,13264230314,Manhattan,Thai Super,restaurant,,40.7994831,-73.9398653
node,13270526606,Manhattan,Dos Caminos,restaurant,mexican,40.7593685,-73.9853155
node,13276407498,Manhattan,Cocoron,restaurant,japanese,40.7202582,-73.9930775
node,13281497564,Manhattan,Pulperia,restaurant,,40.7602775,-73.9894412
node,13281517266,Manhattan,Sicily,restaurant,italian,40.7601744,-73.9891823
node,13284267481,Manhattan,La Caverna,restaurant,mexican,40.7198122,-73.9871697
node,13284267483,Manhattan,Essex,restaurant,mediterranean;steak_house,40.7197876,-73.9870989
node,13294811814,Manhattan,Grand Salon at Baccarat Hotel,restaurant,fine_dining;breakfast;tea;seafood,40.7608743,-73.9774286
node,13307068143,Manhattan,La Contenta Oeste,restaurant,mexican,40.7352064,-73.9981795
node,13322193023,Manhattan,Sakura,restaurant,sushi;thai,40.723877,-73.9946519
node,13322321326,Manhattan,Wo Hop Next Door,restaurant,chinese,40.7142577,-73.9988632
node,13324400764,Manhattan,Columbia Deli & Cafe,restaurant,deli,40.815329,-73.9582622
node,13324633698,Manhattan,Wok in Duane,restaurant,asian,40.7175026,-74.0101435
node,13326302618,Manhattan,Gandhi Cafe,restaurant,indian,40.7319374,-74.0033019
node,13326385962,Manhattan,Burgers & Beer,restaurant,burger,40.7320136,-74.001509
node,13326385965,Manhattan,Tio Pepe,restaurant,spanish,40.7320656,-74.0015562
node,13326545699,Manhattan,La Bonbonniere,restaurant,diner,40.7377771,-74.0043559
node,13326545700,Manhattan,Kawa Sushi,restaurant,sushi;japanese,40.7377209,-74.0044229
node,13346761054,Manhattan,Dim Sum Sam,restaurant,dim_sum;chinese,40.7553674,-73.9896313
node,13348997186,Manhattan,IPizzaNY,restaurant,pizza,40.8349001,-73.9446331
node,13362068601,Manhattan,Taberu Nomu,restaurant,,40.7446274,-73.9930033
node,13375144704,Manhattan,Fonda,restaurant,mexican,40.745526,-74.0022513
node,13375145201,Manhattan,Leitao,restaurant,portuguese,40.7349472,-74.0062794
node,13375145301,Manhattan,Osteria Nonnino,restaurant,italian,40.7388401,-74.0056653
node,13399308029,Manhattan,Lyly’s Vietnamese Cookhouse,restaurant,vietnamese,40.774359,-73.9536586
node,13408740002,Manhattan,Gnocco,restaurant,,40.7271198,-73.9802734
node,13411508501,Manhattan,abcV,restaurant,,40.7380365,-73.9892448
node,13454928532,Manhattan,Suram,restaurant,sushi,40.7564792,-73.9982784
node,13458596602,Manhattan,Zia Maria,restaurant,italian;italian_pizza,40.7186398,-73.997516
node,13464396101,Manhattan,Pee Dee Steak House,restaurant,steak_house,40.794367,-73.9428652
node,13477811985,Manhattan,The Mermaid Bar,restaurant,seafood,40.7561847,-73.9849769
node,13502657369,Manhattan,Godunk,restaurant,thai,40.7259196,-73.9922038
node,13503003830,Manhattan,The Factory 380,restaurant,american;eclectic;brunch,40.7416424,-73.9813187
node,13503053013,Manhattan,YGF Malatang,restaurant,chinese,40.7322499,-73.988166
node,13514824809,Manhattan,LuAnne's Wild Ginger,restaurant,,40.7204982,-73.9964428
node,13516817471,Manhattan,Sunn's,restaurant,korean,40.7144225,-73.9909621
node,13517110251,Manhattan,Mido Omakase,restaurant,sushi,40.729858,-73.9991597
node,13517110252,Manhattan,Il Mulino,restaurant,italian,40.7298203,-73.9990828
node,13517110254,Manhattan,Ananda,restaurant,indian,40.7287751,-73.999252
node,13520165301,Manhattan,Curry House,restaurant,malaysian;thai,40.7146812,-73.997729
node,13525138501,Manhattan,Ye’s Apothecary,restaurant,chinese,40.7194241,-73.9896952
node,13527372237,Manhattan,Bite & Sip,restaurant,chinese,40.7226201,-73.986643
node,13530139916,Manhattan,Virginia's,restaurant,american,40.7227097,-73.9833118
node,13541063610,Manhattan,Autorska,restaurant,,52.7597505,15.2665922
node,13556272940,Manhattan,Tatiana by Kwame Onwuachi,restaurant,caribbean,40.7726956,-73.9833419
node,13556349768,Manhattan,Borgo,restaurant,italian,40.7421669,-73.9835268
node,13556403203,Manhattan,Kabawa,restaurant,caribbean,40.7249557,-73.9913634
node,13567940798,Manhattan,YOKO-CHO,restaurant,japanese,40.73297,-73.9882845
node,13568423501,Manhattan,Felix’s Handmade Empanadas,restaurant,argentinian,40.7221731,-73.9880406
node,13572901546,Manhattan,Shinzo Omakase,restaurant,sushi,40.7236946,-73.9876705
node,13576389913,Manhattan,AperiBar,restaurant,italian,40.7544954,-73.9857539
node,13587113340,Manhattan,El Rinconcito,restaurant,latin_american,40.7231513,-73.9797154
node,13598070918,Manhattan,Chinelos II,restaurant,mexican,40.8203184,-73.9537637
node,13603953752,Manhattan,Cziken,restaurant,,52.7607275,15.2636878
node,13638108901,Manhattan,Inti Peruvian Cuisine,restaurant,peruvian,40.7674175,-73.9895057
node,13638108902,Manhattan,Saar Indian Restaurant,restaurant,indian,40.7626964,-73.9848623
node,13638109001,Manhattan,Mamasita Bar and Grill/Mexican Fast Food,restaurant,mexican,40.767364,-73.9895472
node,13649390323,Manhattan,Tompkins Square Bagels,restaurant,bagel,40.737435,-73.9907696
node,13651103801,Manhattan,Uncle Ray's Chicken Rice,restaurant,,40.7649095,-73.9875598
node,13653008578,Manhattan,Sushi Heights,restaurant,sushi,40.8516574,-73.9280737
node,13653136005,Manhattan,Best Sicily Bottega,restaurant,,40.7054178,-74.0087581
node,13665777801,Manhattan,Inday,restaurant,indian,40.7419677,-73.9929267
node,13680208001,Manhattan,Akura Sushi,restaurant,sushi,40.7455629,-73.9833851
node,13680208009,Manhattan,Wagyu Room,restaurant,japanese;steak_house,40.7461046,-73.9833811
node,13680208010,Manhattan,Sushi by Bou,restaurant,sushi,40.7461418,-73.983354
node,13683332549,Manhattan,Prix Fixe,restaurant,,40.7599849,-73.9783826
node,13696414199,Manhattan,La Caridad 72,restaurant,asian;caribbean,40.7777245,-73.9800442
node,13696452302,Manhattan,Thai 72,restaurant,thai,40.7776928,-73.979973
node,13709991501,Manhattan,Don Antonio,restaurant,pizza,40.7626392,-73.9866549
node,13715232901,Manhattan,Chi Restaurant,restaurant,chinese,40.7554661,-73.9943756
node,13730194944,Manhattan,Skirt Steak,restaurant,steak_house,40.7468354,-73.9901878
node,13730649403,Manhattan,Val Pizza,restaurant,pizza,40.7580884,-73.984193
node,13730649426,Manhattan,Angie,restaurant,,40.7680448,-73.9854037
node,13740052381,Manhattan,Edge,restaurant,,40.7540153,-74.0005901
node,13740348057,Manhattan,Filaga,restaurant,pizza,40.7422692,-74.005294
node,13746128578,Manhattan,EYE SOLUTION,restaurant,,40.7150174,-73.9989641
node,13755928644,Manhattan,Tacos del Barrio,restaurant,,40.7097234,-74.0083503
node,13756162808,Manhattan,The Corner Store,restaurant,,40.7266398,-73.9999617
node,13756238632,Manhattan,Suprema Provisions,restaurant,italian,40.7325948,-74.0036624
node,13761505071,Manhattan,ZUZU,restaurant,,40.7445758,-73.9955617
node,13761505077,Manhattan,Sushi Seki,restaurant,,40.7441557,-73.9962015
node,13763391819,Manhattan,MR Pizza,restaurant,pizza,40.7621973,-73.9832979
node,13763391820,Manhattan,Junior's Restaurant and Bakery,restaurant,,40.7609503,-73.9840152
node,13765783002,Manhattan,Liquid Bar & Restaurant,restaurant,,40.8639781,-73.9190293
node,13806073520,Manhattan,Margaux by La Sirène,restaurant,french,40.7499322,-73.9816759
node,13806657901,Manhattan,Pasta Rullo,restaurant,italian,40.7275145,-73.9830036
node,13809236569,Manhattan,Kyuubi Omakase,restaurant,sushi,40.7271894,-73.9845884
node,13811467918,Manhattan,EZ Paella & Tapas,restaurant,spanish,40.7635858,-73.9886464
node,13812601041,Manhattan,Con Sabor A Mexico,restaurant,mexican,40.8504955,-73.9363212
node,13816385159,Manhattan,Fito,restaurant,,40.8648384,-73.928179
node,13816395497,Manhattan,La Cantina Heights,restaurant,,40.8567685,-73.9323832
node,13816443478,Manhattan,Taquería Sinaloense,restaurant,,40.8746063,-73.9107473
node,13816463909,Manhattan,Grandpa's Brick Oven Pizza,restaurant,pizza,40.8683401,-73.9195388
node,13816463910,Manhattan,Serrano Salsa,restaurant,mexican,40.8683851,-73.9193891
node,13817897414,Manhattan,China Wang,restaurant,chinese,40.8745754,-73.9106684
node,13822991643,Manhattan,L Chingon Mexican Cuisine,restaurant,mexican,40.8513692,-73.9306364
node,13823830852,Manhattan,Pergola,restaurant,mediterranean_restaurant,40.7454548,-73.9894903
node,13827686598,Manhattan,Terravita,restaurant,,40.8480812,-73.9380552
node,13827689162,Manhattan,Geisha Asian Fusion,restaurant,sushi,40.84796,-73.9376189
node,13841010267,Manhattan,Alessa Cucina & Bar,restaurant,italian,40.7523841,-73.9915795
node,13841010268,Manhattan,Lalyn,restaurant,thai,40.7524228,-73.9916808
node,13845839495,Manhattan,Thai Ya,restaurant,thai,40.7197583,-73.9886392
node,13845839496,Manhattan,Souvlaki GR,restaurant,greek,40.7211327,-73.9871627
node,13849083048,Manhattan,Jimbo's Hamburger Palace,restaurant,,40.8370262,-73.939304
node,13869532701,Manhattan,Sip & Guzzle,restaurant,american;japanese,40.7314144,-74.0024463
node,13874600395,Manhattan,Virgil's Real Barbecue,restaurant,barbecue,40.7911831,-73.9739882
node,13878623712,Manhattan,Chop Shop,restaurant,asian,40.7487103,-74.0031942
node,13892089958,Manhattan,Sushi & Co,restaurant,sushi,40.7530947,-73.9874909
node,13892113660,Manhattan,Luke's Lobster,restaurant,,40.7533449,-73.9873987
node,13899747366,Manhattan,Loong Noodles,restaurant,noodle,40.7288373,-73.9885803
node,13900021201,Manhattan,Dahlia’s Garden & Terrace,restaurant,fine_dining,40.7455603,-73.9889275
node,13901776901,Manhattan,All’Antico Vinaio,restaurant,italian;sandwich,40.7518645,-73.9781677
node,13904419301,Manhattan,Mikado,restaurant,japanese;sushi,40.737745,-73.9973076
node,13915515688,Manhattan,Café Fleuri,restaurant,,40.7085943,-74.014148
node,13916540944,Manhattan,Premier Shōjin,restaurant,japanese,40.7403317,-73.992193
node,13926420801,Manhattan,Mission Chinese Food,restaurant,chinese,40.7152503,-73.9988502
node,13929976601,Manhattan,Lava Shawarma NYC,restaurant,middle_eastern,40.741636,-73.990248
node,13944100034,Manhattan,Pizza Hut,restaurant,pizza,40.7449579,-73.9981204
node,13953100101,Manhattan,Catzuneko Shokudo,restaurant,japanese;sushi,40.7562896,-73.9939732
node,13953195501,Manhattan,Modern Tea & Salad,restaurant,bubble_tea,40.7553816,-73.9915875
node,13954726601,Manhattan,Sofia's of Little Italy,restaurant,italian,40.7188589,-73.9976766
node,13956183003,Manhattan,Fiaschetteria Pistoia,restaurant,,40.7266708,-73.9772984
node,13958478463,Manhattan,Lazzara's Pizza,restaurant,pizza;italian,40.7539708,-73.9895694
node,13958820934,Manhattan,Versa,restaurant,,40.7515882,-73.9911676
node,13965635842,Manhattan,Souvlaki GR,restaurant,greek,40.7572885,-73.9680743
node,13965909401,Manhattan,,restaurant,greek,40.7581167,-73.9824872
node,13970570901,Manhattan,Kebab aur Sharab,restaurant,indian,40.7795249,-73.9833358
node,13973107137,Manhattan,Maaser Okakase,restaurant,sushi,40.7331627,-74.004003
node,13973360501,Manhattan,Gazab,restaurant,indian,40.7219601,-73.9866449
node,13976267584,Manhattan,Fiaschetteria Pistoia,restaurant,italian,40.7331443,-74.0053795
node,13976267585,Manhattan,Red Paper Clip,restaurant,american,40.7331156,-74.0055665
node,14000238297,Manhattan,Hungry Spicy,restaurant,thai,40.7408543,-74.0014967
node,14015637001,Manhattan,Eel Bar,restaurant,,40.7181715,-73.9898145
node,14022894232,Manhattan,Tria Diner,restaurant,diner;bakery,40.713253,-73.9979983
node,14023091701,Manhattan,La Esquina,restaurant,mexican,40.7213759,-73.9976767
node,14055381273,Manhattan,Pho Shop,restaurant,vietnamese,40.778181,-73.9801761
node,14055395236,Manhattan,Mikado Sushi,restaurant,sushi,40.7781223,-73.980039
node,14055679592,Manhattan,La Dinastia,restaurant,chinese;latin,40.7782305,-73.9802918
node,14078845517,Manhattan,Revelie,restaurant,brunch;sandwich;french,40.7264074,-74.0019546
node,14079070103,Manhattan,Desi Galli,restaurant,indian,40.7273582,-73.9797043
node,14079412801,Manhattan,The Handpulled Noodle,restaurant,chinese,40.8099123,-73.9435182
node,14086497097,Manhattan,Kasbah Grill,restaurant,,40.7879619,-73.9774861
node,14095410997,Manhattan,Hummus Place,restaurant,,40.7800623,-73.9803302
node,14100373311,Manhattan,Tessa,restaurant,,40.7814607,-73.9793101
node,14107855667,Manhattan,Yaasa,restaurant,african,40.7523003,-73.972371
node,14112392749,Manhattan,Terra Thai,restaurant,thai,40.7249612,-73.9829995
node,14115637121,Manhattan,Post,restaurant,breakfast;american,40.7224857,-73.9822588
node,14134189477,Manhattan,Corner Lounge Restaurant,restaurant,,40.8088605,-73.9385709
node,14138024501,Manhattan,Crave Fishbar,restaurant,,40.7551349,-73.9686906
node,14138025502,Manhattan,Crave Sushi Bar,restaurant,,40.7551554,-73.9685872
node,14138048101,Manhattan,Vin Sur Vingt,restaurant,french,40.755755,-73.9689695
node,14138097143,Manhattan,L’Adresse,restaurant,french,40.7455211,-73.9884942
node,14138097148,Manhattan,Oramen,restaurant,sushi;ramen;japanese,40.738974,-73.9959094
node,14138363715,Manhattan,Cove,restaurant,american,40.7285945,-74.0077329
node,14142670689,Manhattan,Mary's Fish Camp,restaurant,seafood,40.7382784,-74.005394
node,14142670691,Manhattan,Graciela,restaurant,argentinian,40.7370687,-74.0015669
node,14145023521,Manhattan,Hummus Kitchen,restaurant,,40.7642983,-73.9880484
node,14158398134,Manhattan,Howoo,restaurant,korean;barbecue,40.7463284,-73.985172
node,14159981901,Manhattan,KOBA Korean BBQ,restaurant,korean,40.7092596,-74.0064687
node,14161565501,Manhattan,Maki a Mano,restaurant,japanese;peruvian,40.7428142,-74.0069089
node,14170564169,Manhattan,Aunt Jake's,restaurant,italian,40.7745384,-73.9544037
node,14178148301,Manhattan,Paris Sandwich Bakery Caré,restaurant,,40.7187834,-73.9960734
node,14181474078,Manhattan,Old John's Luncheonette,restaurant,american,40.7751694,-73.9836481
node,14183484801,Manhattan,COQODAQ,restaurant,,40.7401221,-73.9886544
node,14185424001,Manhattan,Bite,restaurant,,40.7419837,-73.9929783
node,14185735402,Manhattan,Soup Spot,restaurant,,40.7495127,-73.9932652
node,14190062196,Manhattan,Or'esh,restaurant,mediterranean,40.7260535,-74.000905
node,14190820101,Manhattan,Barlume,restaurant,,40.7389324,-73.9896191
node,14191775601,Manhattan,White Maize,restaurant,,40.7408494,-73.9996568
node,14202192201,Manhattan,Lucky Tiger,restaurant,,40.7035248,-74.0107406
node,14208234902,Manhattan,Basta,restaurant,moroccan,40.7620542,-73.9910919
node,14208263601,Manhattan,Nami Nori West Village,restaurant,sushi,40.7302092,-74.0032745
node,14229499709,Manhattan,Fushimi Times Square,restaurant,japanese;sushi,40.7583524,-73.9900126
way,62155656,Manhattan,Houlihan's,restaurant,,39.1855231,-96.5828428
way,65596918,Manhattan,Early Edition,restaurant,,39.2045285,-96.6179535
way,104897529,Manhattan,Chens Chinese Restaurant,restaurant,chinese,39.1903926,-96.6058048
way,105925958,Manhattan,Famous Dave's,restaurant,barbecue,39.1699651,-96.6056248
way,114920317,Manhattan,AJ's NY Pizzeria,restaurant,pizza,39.1791389,-96.5604311
way,118527538,Manhattan,Sofrito,restaurant,regional,40.8273089,-73.955297
way,131638739,Manhattan,Rock A Belly Deli,restaurant,,39.1865034,-96.5762685
way,131638769,Manhattan,Globe Indian Food,restaurant,indian,39.1863416,-96.5762341
way,136141276,Manhattan,McAlister's Deli,restaurant,sandwich,39.1836129,-96.559332
way,136141277,Manhattan,Olive Garden,restaurant,italian,39.1861484,-96.5595857
way,136812149,Manhattan,El Tapatio Mexican Restaurant,restaurant,mexican,39.166522,-96.6023815
way,136812153,Manhattan,Hillside Cafe,restaurant,mexican,39.1670694,-96.5986244
way,139491108,Manhattan,Early Edition,restaurant,breakfast,39.1739309,-96.5623391
way,155110884,Manhattan,LongHorn Stakehouse,restaurant,steak,39.1842328,-96.5593019
way,155236843,Manhattan,IHOP,restaurant,breakfast;pancake,39.1904333,-96.5593499
way,155236847,Manhattan,Pizza Hut,restaurant,pizza,39.1900167,-96.5578021
way,168353294,Manhattan,Carlos O'Kelly's,restaurant,mexican,39.1842169,-96.5566156
way,168658668,Manhattan,Cox Bros. BBQ,restaurant,barbecue,39.1899943,-96.5559995
way,193958096,Manhattan,,restaurant,,52.7597152,15.2666183
way,247862527,Manhattan,Gen Korean BBQ House,restaurant,korean;barbecue,40.733182,-73.9875466
way,247865132,Manhattan,Pi Bakerie,restaurant,greek,40.7236472,-74.003243
way,248142897,Manhattan,EastSide Story,restaurant,kebab,40.7284786,-73.9831928
way,248144059,Manhattan,Black Door,restaurant,bar,40.7454841,-73.9925164
way,248159971,Manhattan,The Kati Roll Company,restaurant,indian,40.7296514,-74.0010795
way,248757328,Manhattan,Sushi On Jones,restaurant,sushi,40.7217454,-73.9903154
way,248771057,Manhattan,Odd Sister,restaurant,pizza;burger;pancake,40.7216775,-74.0014104
way,248773603,Manhattan,ABC Kitchen,restaurant,,40.7379073,-73.9894927
way,249657332,Manhattan,The House,restaurant,american,40.7361486,-73.9877114
way,249664994,Manhattan,,restaurant,,40.7288293,-74.0048708
way,249665508,Manhattan,Top Thai 55 Carmine,restaurant,,40.7299664,-74.0042295
way,249666367,Manhattan,Kish Kash,restaurant,,40.7314092,-74.0069836
way,250267944,Manhattan,Corima,restaurant,,40.7146788,-73.9931153
way,250268196,Manhattan,Reception Bar,restaurant,,40.7163474,-73.9913466
way,250490408,Manhattan,Mēdüzā Mediterrania,restaurant,,40.7396721,-74.0055895
way,264638572,Manhattan,Petite Abeille,restaurant,belgian,40.7386662,-73.994496
way,264644249,Manhattan,Wisefish Poke,restaurant,,40.7427981,-73.9996766
way,265042463,Manhattan,on,restaurant,korean,40.7450748,-73.9852647
way,265277039,Manhattan,Avenida,restaurant,mexican,40.7518247,-73.9931986
way,265282545,Manhattan,Farida,restaurant,uzbek;kazakh,40.7556154,-73.9942678
way,265329530,Manhattan,Lucky's Famous Burger,restaurant,burger,40.7644563,-73.9876823
way,265357847,Manhattan,P.D. O'Hurley's,restaurant,,40.7630922,-74.0006322
way,265869510,Manhattan,The Capital Grille,restaurant,,40.7512722,-73.9749279
way,266149322,Manhattan,Mapo Asian Restaurant & Bar,restaurant,asian,40.7592353,-73.9879969
way,266149332,Manhattan,Sardi's,restaurant,,40.7577618,-73.9876108
way,266170542,Manhattan,Dervish,restaurant,mediterranean,40.7585629,-73.9836775
way,266170669,Manhattan,Wu Liang Ye,restaurant,chinese,40.7577997,-73.9799504
way,266170759,Manhattan,Amor Loco,restaurant,mexican,40.7578443,-73.9839258
way,266206759,Manhattan,Ravagh Persian Grill,restaurant,persian,40.7618581,-73.9606433
way,266206761,Manhattan,Sushi Seki,restaurant,japanese;sushi,40.7619695,-73.9605921
way,266875353,Manhattan,The East Wing,restaurant,,40.7710267,-73.9560688
way,271219053,Manhattan,Lechonera Tropical & Grill,restaurant,caribbean;puerto_rican;latin_american,40.789723,-73.9466072
way,271291107,Manhattan,Double Dutch Espresso,restaurant,coffee_shop,40.8058403,-73.9539949
way,271291111,Manhattan,Patisserie Des Ambassades,restaurant,,40.8060811,-73.95382
way,271798850,Manhattan,Red Rooster Harlem,restaurant,southern,40.8079659,-73.9449106
way,271808028,Manhattan,,restaurant,,40.8087322,-73.9452922
way,271810345,Manhattan,African and American Best Food,restaurant,,40.8110714,-73.9425988
way,275114025,Manhattan,,restaurant,,40.862187,-73.9254495
way,277890497,Manhattan,Lilly O'Briens,restaurant,irish,40.7146752,-74.0102341
way,277890498,Manhattan,Mulberry & Vine,restaurant,american,40.7149828,-74.0102093
way,278053568,Manhattan,Battery Gardens,restaurant,,40.7013567,-74.0150152
way,278053575,Manhattan,Adrienne's Pizza Bar,restaurant,pizza,40.7042869,-74.0101223
way,278053589,Manhattan,Fraunces Tavern,restaurant,american,40.7033713,-74.0113183
way,278076364,Manhattan,Pearl Diner,restaurant,diner,40.7069106,-74.0062478
way,278084746,Manhattan,Fish Market,restaurant,,40.7071775,-74.0019244
way,278106006,Manhattan,Ping's Seafood,restaurant,chinese,40.7144395,-73.9985238
way,278241777,Manhattan,Good Good Taste,restaurant,chinese,40.7133917,-73.9947576
way,285900672,Manhattan,The Bonnefont,restaurant,,40.8607653,-73.9327596
way,319773435,Manhattan,Wafels & Dinges,restaurant,dessert,40.7505003,-73.9876084
way,337839343,Manhattan,Ulysses',restaurant,,40.7043845,-74.0100085
way,338690603,Manhattan,The Manhattan Saloon,restaurant,steak_house;burger;regional,45.8570232,-111.3345259
way,362493652,Manhattan,Chili's,restaurant,tex-mex,39.1780824,-96.5560412
way,362684493,Manhattan,Antojitos El Sol,restaurant,mexican,39.1900359,-96.5605169
way,417593856,Manhattan,Green Kitchen,restaurant,,40.7674303,-73.9596352
way,439967662,Manhattan,Baan Thai,restaurant,,39.1745078,-96.5835901
way,473560431,Manhattan,CIPRIANI,restaurant,,40.7528722,-73.9775916
way,561131056,Manhattan,Pizza Ranch,restaurant,pizza,39.1901239,-96.5509736
way,572891476,Manhattan,Old Chicago,restaurant,pizza,39.2040859,-96.6341434
way,591988954,Manhattan,Dave & Buster's,restaurant,american,40.7565216,-73.9886418
way,591988959,Manhattan,Applebee's,restaurant,american,40.7565781,-73.9887779
way,610883015,Manhattan,Mi Tierra,restaurant,mexican,39.185902,-96.5728657
way,664941293,Manhattan,La Voglia,restaurant,italian,40.7826935,-73.9508361
way,702073749,Manhattan,LOR Porch at Bryant Park,restaurant,american,40.7538162,-73.9843174
way,923404957,Manhattan,G&J's Pizzeria,restaurant,pizza,40.790323,-73.9460793
way,975290221,Manhattan,Beckett's Bar and Grill,restaurant,,40.7041312,-74.0103395
way,975290222,Manhattan,Route 66 Smokehouse,restaurant,american;barbecue,40.7040832,-74.0104091
way,975290223,Manhattan,Mad Dog and Beans,restaurant,mexican,40.704177,-74.0102739
way,996903168,Manhattan,Luke's Lobster,restaurant,seafood,40.7747138,-73.9545294
way,1037001758,Manhattan,Silvana,restaurant,middle_eastern,40.8044313,-73.9559025
way,1050103444,Manhattan,Pizza Hut,restaurant,pizza,39.2041761,-96.6187453
way,1133828482,Manhattan,Weranda Bistro Grill&Coffee,restaurant,,52.7593562,15.2594151
way,1187968991,Manhattan,Industry Kitchen,restaurant,eclectic;pizza,40.704921,-74.0048741
way,1187969031,Manhattan,Cobble Fish,restaurant,seafood,40.7051819,-74.0024557
way,1324830033,Manhattan,Świat Pierogów,restaurant,polish,52.7620538,15.2778394
way,1369926263,Manhattan,Na Lato,restaurant,,52.7593108,15.2615155
way,1389435544,Manhattan,Threes Brewing,restaurant,,40.6904697,-74.0196667
way,1530254762,Manhattan,Brown Sugar Bar and Restaurant,restaurant,cuban,40.8698643,-73.9154155
relation,3698871,Manhattan,Loeb Boathouse,restaurant,,40.7753271,-73.9687665
relation,7459068,Manhattan,Tavern on the Green,restaurant,american,40.7721945,-73.9775654
node,419367529,Manhattan,787 Coffee,cafe,coffee_shop,40.810011,-73.9431823
node,560636265,Manhattan,Starbucks,cafe,coffee_shop,40.7032771,-74.0141339
node,561239802,Manhattan,Cafe Delecctica,cafe,coffee_shop;sandwich,40.7481687,-73.9766084
node,662894338,Manhattan,Best Bagel & Coffee,cafe,bagel,40.7522171,-73.9911323
node,663070723,Manhattan,Toasties,cafe,sandwich,40.757084,-73.977893
node,663355907,Manhattan,City Market Cafe,cafe,,40.7786106,-73.9606629
node,672800424,Manhattan,9th St Espresso,cafe,,40.725087,-73.9777631
node,746176794,Manhattan,Starbucks,cafe,coffee_shop,40.7938416,-73.9727702
node,835414667,Manhattan,Niko Coffee,cafe,,40.8052757,-73.9624308
node,870317225,Manhattan,Starbucks,cafe,coffee_shop,40.7593049,-73.952923
node,883181314,Manhattan,Starbucks,cafe,coffee_shop,40.7491,-73.983903
node,883235940,Manhattan,Starbucks,cafe,coffee_shop,40.7481846,-73.985687
node,886175538,Manhattan,Think Coffee,cafe,coffee_shop,40.7254073,-73.9923897
node,886702490,Manhattan,Starbucks,cafe,coffee_shop,40.7272065,-73.9954808
node,889080115,Manhattan,Twin Cafe,cafe,,40.7149297,-74.0110479
node,889083044,Manhattan,Kaffe 1668,cafe,,40.7151714,-74.0110643
node,889261891,Manhattan,Pick-a-Bagel,cafe,bagel,40.7145898,-74.0151484
node,889469733,Manhattan,Le Pain Quotidien,cafe,coffee_shop,40.7149567,-74.0094239
node,889472802,Manhattan,Starbucks,cafe,coffee_shop,40.715522,-74.008983
node,977250555,Manhattan,Arrow Coffe,cafe,breakfast;coffee_shop,39.1934475,-96.5856689
node,1020359759,Manhattan,Le Pain Quotidien,cafe,coffee_shop,40.780542,-73.954568
node,1235444215,Manhattan,Mr. K's Cafe & Bar,cafe,,39.2051808,-96.634694
node,1240901204,Manhattan,Dancing Crane Cafe,cafe,,40.7671831,-73.9720578
node,1292790745,Manhattan,Starbucks,cafe,coffee_shop,40.7504996,-73.9791604
node,1383909693,Manhattan,Le Pain Quotidien,cafe,coffee_shop,40.767389,-73.9814374
node,1383935410,Manhattan,Starbucks,cafe,coffee_shop,40.7675105,-73.9829426
node,1383942697,Manhattan,Starbucks,cafe,coffee_shop,40.7676336,-73.9812871
node,1383954690,Manhattan,Starbucks,cafe,coffee_shop,40.7649496,-73.979109
node,1422328711,Manhattan,Radina's Coffee House and Roastery,cafe,,39.1853085,-96.5763015
node,1426250385,Manhattan,Starbucks,cafe,coffee_shop,40.7566623,-73.9858678
node,1427265079,Manhattan,The Beer Bar Cafe Centro,cafe,,40.7539377,-73.9768745
node,1427265082,Manhattan,Starbucks,cafe,coffee_shop,40.7543596,-73.9763714
node,1427273332,Manhattan,Starbucks,cafe,coffee_shop,40.7529578,-73.9752216
node,1427273368,Manhattan,Maman,cafe,breakfast;sandwich;chicken;coffee_shop,40.7523179,-73.9738176
node,1427285902,Manhattan,Starbucks,cafe,coffee_shop,40.7520527,-73.9759313
node,1427286079,Manhattan,Zucker's Bagels & Smoked Fish,cafe,bagel;sandwich,40.750611,-73.9768239
node,1427286257,Manhattan,Central Cafe,cafe,,40.7519302,-73.978195
node,1428036328,Manhattan,Andaz,cafe,,40.7528897,-73.9811056
node,1428036650,Manhattan,Wafels and Dinges,cafe,,40.7545385,-73.9840441
node,1428185707,Manhattan,Broadway Cafe,cafe,,40.7433913,-73.9892649
node,1428427548,Manhattan,Starbucks,cafe,coffee_shop,40.7538901,-73.9787699
node,1428427554,Manhattan,Starbucks,cafe,coffee_shop,40.7570782,-73.9759556
node,1428427562,Manhattan,Black Fox Coffee,cafe,coffee_shop,40.7614213,-73.9738724
node,1584932886,Manhattan,El Parador Café,cafe,,40.7444662,-73.9747193
node,1584932953,Manhattan,Starbucks,cafe,coffee_shop,40.7436871,-73.9769314
node,1666603088,Manhattan,Starbucks,cafe,coffee_shop,40.80593,-73.9545289
node,1706038616,Manhattan,Gregory Coffee,cafe,,40.7557338,-73.9824831
node,1707825822,Manhattan,Sushi Star,cafe,sushi;japanese,40.7544373,-73.9953011
node,1707825823,Manhattan,Starstruck Coffee,cafe,coffee_shop,40.754189,-73.9954886
node,1737296859,Manhattan,Sweet Love Snack Bar,cafe,,40.7202016,-74.0139829
node,1754412984,Manhattan,Think Coffee,cafe,coffee_shop,40.733002,-73.9897704
node,1802885415,Manhattan,Starbucks,cafe,coffee_shop,40.7562302,-73.9750931
node,1810737611,Manhattan,Starbucks,cafe,coffee_shop,40.7952322,-73.9655391
node,1821015958,Manhattan,Broad Nosh Bagel,cafe,,40.7879675,-73.9764443
node,1821015965,Manhattan,The Crossbar,cafe,coffee_shop,40.7883801,-73.977098
node,1825739845,Manhattan,Starbucks,cafe,coffee_shop,40.739372,-74.002526
node,1853451181,Manhattan,Think Coffee,cafe,,40.739495,-74.0029857
node,1868984359,Manhattan,Starbucks,cafe,coffee_shop,40.7337954,-74.0064644
node,1899033653,Manhattan,Starbucks,cafe,coffee_shop,40.7580159,-73.9889989
node,1900975316,Manhattan,Starbucks,cafe,coffee_shop,40.7644259,-73.9810737
node,1917136131,Manhattan,Starbucks,cafe,coffee_shop,40.719348,-73.9899978
node,1919602938,Manhattan,La Colombe Coffee Roasters,cafe,coffee_shop,40.7235092,-73.9913293
node,1971026522,Manhattan,Cornerstone,cafe,,39.1976251,-96.5893482
node,2011782281,Manhattan,BlueSpoon Coffee Co,cafe,coffee_shop,40.7082349,-74.0076153
node,2020487652,Manhattan,Möge Tee,cafe,,40.7364693,-73.9790705
node,2020724922,Manhattan,Whole Green,cafe,,40.7375845,-74.0001443
node,2033946685,Manhattan,Bean And Bean,cafe,,40.7072305,-74.0123877
node,2034011016,Manhattan,Starbucks,cafe,coffee_shop,40.7043817,-74.0130472
node,2041169444,Manhattan,Starbucks,cafe,coffee_shop,40.8735418,-73.9084923
node,2045635524,Manhattan,CoCo Fresh Tea & Juice,cafe,bubble_tea,40.7401504,-73.984507
node,2045635529,Manhattan,Starbucks,cafe,coffee_shop,40.7405189,-73.984262
node,2047269475,Manhattan,Starbucks,cafe,coffee_shop,40.7101916,-74.0079702
node,2065455029,Manhattan,Starbucks,cafe,coffee_shop,40.722517,-73.997904
node,2091641953,Manhattan,Cafe Amrita,cafe,,40.8010232,-73.9587555
node,2091642198,Manhattan,Prestige Cafe & Market,cafe,,40.7886199,-73.9708773
node,2109918801,Manhattan,Bite,cafe,sandwich,40.725584,-73.9947398
node,2136834731,Manhattan,Radina's Coffeehouse & Roastery,cafe,,39.192578,-96.5793943
node,2178336350,Manhattan,Pause Cafe,cafe,moroccan;coffee;breakfast;brunch,40.7212256,-73.984094
node,2178743034,Manhattan,Starbucks,cafe,coffee_shop,40.757236,-73.9891169
node,2183010456,Manhattan,Oxford Cafe,cafe,,40.704162,-74.0117227
node,2183010458,Manhattan,Joe & The Juice,cafe,coffee_shop,40.7059471,-74.0116452
node,2183010462,Manhattan,787 Coffee,cafe,coffee_shop,40.7035248,-74.0108884
node,2183010472,Manhattan,Springbone Kitchen,cafe,health_food,40.7037137,-74.0104781
node,2183010488,Manhattan,Starbucks,cafe,coffee_shop,40.7051728,-74.011298
node,2186614190,Manhattan,Starbucks,cafe,coffee_shop,40.7046071,-74.0091159
node,2195218439,Manhattan,Moka & Co,cafe,coffee_shop,40.7924179,-73.9738051
node,2279017953,Manhattan,Luckin Coffee,cafe,coffee_shop,40.8029535,-73.9679516
node,2279508475,Manhattan,Starbucks,cafe,coffee_shop,40.7308318,-73.983183
node,2294802411,Manhattan,Le Pain Quotidien,cafe,coffee_shop,40.7602221,-73.9750354
node,2307164608,Manhattan,GiGi Cafe,cafe,,40.7468389,-73.9933857
node,2308955289,Manhattan,Joe Coffee Company,cafe,coffee_shop,40.8101961,-73.9618962
node,2310498477,Manhattan,Starbucks,cafe,coffee_shop,40.771384,-73.9824717
node,2338757145,Manhattan,Birch Coffee,cafe,coffee_shop,40.7932055,-73.9675462
node,2340960566,Manhattan,Uris Deli,cafe,,40.808949,-73.9609388
node,2340960685,Manhattan,Blue Java,cafe,,40.8094957,-73.9602878
node,2357937257,Manhattan,Starbucks,cafe,coffee_shop,40.7761432,-73.9502069
node,2357937268,Manhattan,Starbucks,cafe,coffee_shop,40.7859465,-73.9507027
node,2358048509,Manhattan,Joe Coffee Company,cafe,coffee_shop,40.7333179,-74.0005572
node,2358048512,Manhattan,Starbucks,cafe,coffee_shop,40.7332121,-74.0026862
node,2377128136,Manhattan,Brooklyn Bagel & Coffee Company,cafe,coffee_shop,40.7461544,-73.9975859
node,2377128148,Manhattan,St Kilda Coffee,cafe,,40.7439702,-73.9997102
node,2377128172,Manhattan,Zucker's,cafe,bagel,40.7447814,-73.9985854
node,2377128180,Manhattan,Starbucks,cafe,coffee_shop,40.7411054,-74.0012613
node,2377128182,Manhattan,Starbucks,cafe,coffee_shop,40.7451876,-73.9988416
node,2384821679,Manhattan,Bagel and More,cafe,bagel,40.7384873,-74.0000074
node,2384821767,Manhattan,Vinny’s Gluten-Free Kitchen,cafe,pizza,40.7388057,-73.9997449
node,2384821772,Manhattan,The Donut Pub,cafe,donut,40.7388452,-73.9998143
node,2409398832,Manhattan,Joe Coffee Company,cafe,coffee_shop,40.7857253,-73.9729983
node,2414094417,Manhattan,Bagel Talk,cafe,bagel,40.7822907,-73.9792081
node,2423037502,Manhattan,Starbucks,cafe,coffee_shop,40.761405,-73.9678672
node,2423176814,Manhattan,Starbucks,cafe,coffee_shop,40.7694073,-73.9848933
node,2438940207,Manhattan,Columbus Café & Co,cafe,coffee_shop,40.7871147,-73.9719656
node,2486570141,Manhattan,Yonah Shimmel Knish Bakery,cafe,,40.7231858,-73.9901312
node,2494245451,Manhattan,Xing Fu Tang,cafe,bubble_tea,40.728772,-73.9877814
node,2494245665,Manhattan,The Bean,cafe,coffee_shop,40.7297726,-73.98948
node,2546985590,Manhattan,Kona Coffee Roasters,cafe,coffee_shop;sandwich,40.7258624,-73.9898947
node,2547036417,Manhattan,Grabstein's Bagels,cafe,bagel;breakfast;sandwich,40.726927,-73.9957148
node,2547041086,Manhattan,PlantShed,cafe,,40.7225241,-73.9934347
node,2547054885,Manhattan,The Bean,cafe,coffee_shop,40.7256046,-73.98962
node,2547083556,Manhattan,Cafe Habibti,cafe,coffee_shop,40.7278564,-73.9993209
node,2547109169,Manhattan,Felix Roasting Co.,cafe,coffee_shop,40.7261039,-73.9987153
node,2547110379,Manhattan,Starbucks,cafe,coffee_shop,40.7268477,-74.0001615
node,2547121512,Manhattan,Not As Bitter,cafe,coffee_shop,40.729007,-73.9847265
node,2547141627,Manhattan,Prince Tea House,cafe,asian;tea_house;sandwich;brunch,40.7294911,-73.9863927
node,2547155234,Manhattan,Hidden Grounds,cafe,coffee_shop,40.7304731,-73.9894757
node,2547162163,Manhattan,Lazy Sundaes,cafe,bubble_tea,40.7301234,-73.9941159
node,2547162213,Manhattan,Matto Espresso,cafe,coffee_shop,40.7302457,-73.9939666
node,2547193326,Manhattan,Starbucks,cafe,coffee_shop,40.7342526,-73.9923138
node,2547200395,Manhattan,Max Brenner,cafe,chocolate,40.7343881,-73.9910564
node,2547200402,Manhattan,Joe Coffee Company,cafe,pastry,40.7350879,-73.9933063
node,2547241579,Manhattan,Citizens,cafe,,40.7213537,-73.9977481
node,2547241611,Manhattan,La Colombe Coffee Roasters,cafe,coffee_shop,40.7239788,-73.9964591
node,2547243350,Manhattan,Kolkata Chai Co,cafe,indian,40.7208307,-73.9959563
node,2549948620,Manhattan,Cha Cha Matcha,cafe,coffee_shop;japanese,40.7445908,-73.988682
node,2550007703,Manhattan,Kollectiv,cafe,,40.724302,-73.9912261
node,2550046897,Manhattan,Third Rail Coffee,cafe,coffee_shop,40.7299427,-73.999592
node,2550067150,Manhattan,Heytea,cafe,,40.7299454,-73.9942424
node,2550112949,Manhattan,72nd Eatery,cafe,,40.7775475,-73.9784645
node,2550551529,Manhattan,Tartinery,cafe,coffee_shop;breakfast;sandwich,40.7295546,-73.9988437
node,2555098994,Manhattan,Haven Cafe,cafe,coffee_shop,40.718849,-73.9966792
node,2555099000,Manhattan,Chiu Hong Bakery & Restaurant,cafe,,40.7195996,-73.9963707
node,2555120465,Manhattan,Bibliotheque Cafe & Winebar,cafe,,40.7218498,-74.0008229
node,2555123830,Manhattan,Teado Tea Shop,cafe,bubble_tea,40.7172462,-73.9950457
node,2555123886,Manhattan,Yaya Tea Garden,cafe,japanese;chinese,40.7162569,-73.9950007
node,2555126595,Manhattan,Russ & Daughters Cafe,cafe,american;deli,40.7196388,-73.9895629
node,2555136029,Manhattan,Cha Cha Matcha,cafe,,40.7399221,-73.9893996
node,2555137420,Manhattan,Joe Coffee,cafe,coffee_shop,40.7364478,-73.9909744
node,2562374849,Manhattan,Blue Bottle Coffee,cafe,coffee_shop,40.7385396,-73.987301
node,2562374880,Manhattan,Hutch + Waldo,cafe,breakfast;sandwich;australian,40.7368994,-73.986826
node,2562438646,Manhattan,Starbucks,cafe,coffee_shop,40.8078217,-73.9450772
node,2562449499,Manhattan,Daily Provisions,cafe,coffe_shop;breakfast;american,40.7292441,-74.0037022
node,2562460591,Manhattan,Bedford Studio,cafe,,40.7311268,-74.0046067
node,2563930327,Manhattan,Blue Bottle Coffee,cafe,coffee_shop,40.7184787,-74.0024786
node,2563990312,Manhattan,Alimama Tea,cafe,pastry,40.7157707,-73.9991388
node,2565708091,Manhattan,Caffé Bene,cafe,,40.7210007,-74.0044453
node,2567548346,Manhattan,Gather,cafe,sandwich;salad,40.7165943,-73.9908966
node,2567551886,Manhattan,Joys' Cafe,cafe,pastry;chinese,40.7154696,-73.9977671
node,2567551910,Manhattan,Bake Culture,cafe,coffee_shop;pastry,40.7157788,-73.9965978
node,2567561365,Manhattan,Aujla's,cafe,indian,40.7157755,-73.9907804
node,2569261266,Manhattan,Roasting Plant,cafe,,40.736735,-74.0013586
node,2569266671,Manhattan,Jack's Coffee,cafe,,40.7408955,-74.0070903
node,2572411291,Manhattan,Hey Tea,cafe,tea,40.7185051,-73.9945454
node,2572411294,Manhattan,Kung Fu Tea,cafe,bubble_tea,40.717109,-73.9945679
node,2573952287,Manhattan,Chaotic Good,cafe,,40.7864161,-73.9763619
node,2583190796,Manhattan,Blu Café,cafe,coffee_shop,40.7766224,-73.9890983
node,2588151826,Manhattan,Pan d'oro,cafe,,40.7532069,-73.9806932
node,2592305754,Manhattan,16 Handles,cafe,ice_cream,40.7428458,-73.9999943
node,2594630499,Manhattan,Starbucks,cafe,coffee_shop,40.7047913,-74.0071236
node,2597860936,Manhattan,Ninth Street Espresso,cafe,coffee_shop,40.7607479,-73.9706036
node,2603955352,Manhattan,Mike's Bagels,cafe,bagel,40.8414095,-73.9398998
node,2603955361,Manhattan,Starbucks,cafe,coffee_shop,40.8413365,-73.9399524
node,2603955364,Manhattan,Yellow Banana Snack Bar,cafe,,40.8235504,-73.9490856
node,2610440239,Manhattan,Café Metro,cafe,,40.7634192,-73.981318
node,2610440250,Manhattan,Starbucks,cafe,coffee_shop,40.7608044,-73.9837222
node,2611782760,Manhattan,Starbucks,cafe,coffee_shop,40.75555,-73.9840554
node,2620513899,Manhattan,Starbucks,cafe,coffee_shop,40.7774839,-73.9552436
node,2620513907,Manhattan,Starbucks,cafe,coffee_shop,40.7794817,-73.9537572
node,2621577431,Manhattan,Starbucks,cafe,coffee_shop,40.7438766,-73.9887987
node,2623014627,Manhattan,Starbucks,cafe,coffee_shop,40.7659236,-73.9636686
node,2623014636,Manhattan,Starbucks,cafe,coffee_shop,40.7746444,-73.9543658
node,2629277997,Manhattan,Starbucks,cafe,coffee_shop,40.7636753,-73.9773838
node,2629371835,Manhattan,Le Pain Quotidien,cafe,coffee_shop,40.7653752,-73.9575093
node,2629371850,Manhattan,Starbucks,cafe,coffee_shop,40.7791466,-73.9474467
node,2631523818,Manhattan,World Cup Cafe & Bakery,cafe,coffee_shop,40.7689352,-73.963462
node,2634398946,Manhattan,Starbucks,cafe,coffee_shop,40.7452192,-73.9908474
node,2679823982,Manhattan,Radina's Coffee,cafe,,39.1884629,-96.5824393
node,2688264646,Manhattan,Starbucks,cafe,coffee_shop,40.7590282,-73.9926029
node,2689474985,Manhattan,Starbucks,cafe,coffee_shop,40.7799038,-73.9597037
node,2702831847,Manhattan,chalait,cafe,,40.7422223,-74.0046642
node,2702954496,Manhattan,House of Desserts  Mango Mango,cafe,coffee_shop,40.7369794,-73.9954955
node,2703020624,Manhattan,Fellini Coffee,cafe,,40.7445639,-73.9992418
node,2703043913,Manhattan,Gotham Coffee Roasters,cafe,coffee_shop,40.7397486,-73.9926774
node,2703242521,Manhattan,Sullivan Street Bakery,cafe,,40.7473252,-74.000383
node,2704023647,Manhattan,Gramercy Cafe,cafe,,40.735181,-73.9860339
node,2704040262,Manhattan,Gramercy Bagels,cafe,bagel;breakfast;sandwich,40.7371981,-73.9845693
node,2704040268,Manhattan,Luckin Coffee,cafe,coffee_shop,40.7373662,-73.9839735
node,2704042945,Manhattan,Mon Cheri,cafe,crepe;coffee_shop,40.7352652,-73.983052
node,2704048091,Manhattan,WatchHouse,cafe,coffee_shop,40.7395884,-73.9865771
node,2704104122,Manhattan,Yi Fang Tea,cafe,bubble_tea,40.7408146,-73.983604
node,2704105170,Manhattan,Greenhill Coffee,cafe,,40.7387264,-73.9805352
node,2705021741,Manhattan,Luckin Coffee,cafe,coffee_shop,40.7456497,-73.9905668
node,2706908812,Manhattan,Devoción,cafe,coffee_shop,40.7435347,-73.9888798
node,2707987524,Manhattan,Tea Magic,cafe,bubble_tea,40.8052024,-73.9656144
node,2708164893,Manhattan,Premier Deli Café,cafe,,40.7641932,-73.9812315
node,2709335786,Manhattan,Slate Cafe,cafe,coffee_shop;breakfast;sandwich;salad,40.7452911,-73.9845959
node,2709415082,Manhattan,Cinico Coffee Company,cafe,coffee_shop,40.7482758,-73.9823964
node,2709629969,Manhattan,Grace Cafe,cafe,,40.7547832,-73.9913539
node,2709702562,Manhattan,Starbucks,cafe,coffee_shop,40.7509797,-73.9871486
node,2710031798,Manhattan,Mixue,cafe,ice_cream;bubble_tea,40.7615202,-73.9868934
node,2710195178,Manhattan,Rex,cafe,coffee_shop,40.7688283,-73.9885588
node,2710196320,Manhattan,Masseria Caffé & Bakery,cafe,sandwich;coffee_shop;pastry;salad;italian,40.7685278,-73.9855197
node,2711628444,Manhattan,Pennylane Coffee,cafe,,40.7516393,-73.9702273
node,2714777528,Manhattan,Roast Coffee Shop,cafe,,40.7485521,-73.9735528
node,2714805259,Manhattan,Aroma Espresso Bar,cafe,coffee_shop,40.7506675,-73.973776
node,2714921295,Manhattan,Luckin Coffee,cafe,coffee_shop,40.7543029,-73.9720967
node,2715447782,Manhattan,Maman,cafe,,40.7599011,-73.9696793
node,2715512001,Manhattan,Starbucks,cafe,coffee_shop,40.7503295,-73.9770276
node,2715512070,Manhattan,Devocion,cafe,,40.7580277,-73.9714246
node,2716012089,Manhattan,Starbucks,cafe,coffee_shop,40.7563907,-73.9782057
node,2717223265,Manhattan,CoCo Fresh Tea & Juice,cafe,bubble_tea,40.7551278,-73.9890582
node,2717323719,Manhattan,Gong Cha,cafe,bubble_tea,40.7602955,-73.9845027
node,2717840346,Manhattan,Charlotte Cafe,cafe,coffee_shop,40.7616926,-73.9633311
node,2718064492,Manhattan,Hawa,cafe,asian;bubble_tea;juice;smoothie,40.7616548,-73.9638109
node,2721574123,Manhattan,Starbucks,cafe,coffee_shop,40.7604406,-73.987191
node,2723749688,Manhattan,Gotham Green Cafe,cafe,mediterranean;health_food;juice,40.7663762,-73.9599027
node,2723749985,Manhattan,Starbucks,cafe,coffee_shop,40.76607,-73.9574726
node,2723782910,Manhattan,Starbucks,cafe,coffee_shop,40.7699331,-73.9546801
node,2723809130,Manhattan,Madame Bonte Cafe,cafe,,40.7658005,-73.9628184
node,2723813006,Manhattan,Gong Cha,cafe,bubble_tea,40.767958,-73.9637948
node,2723866660,Manhattan,Poppi,cafe,coffee_shop,40.7698597,-73.9671261
node,2723870222,Manhattan,Corrado Bread And Pastry,cafe,italian;sandwich;coffee_shop;soup;salad;pastry,40.7692531,-73.9632427
node,2723953331,Manhattan,Café Carlyle,cafe,,40.7742485,-73.9629901
node,2723965261,Manhattan,Harbs,cafe,pastry;sandwich,40.7737711,-73.9578856
node,2723970267,Manhattan,Le Petit Parisienne,cafe,french;sandwich;,40.7719283,-73.953579
node,2724083007,Manhattan,Casita of Brooklyn,cafe,coffee_shop,40.7776057,-73.9514952
node,2724165752,Manhattan,La Bomboniera,cafe,,40.7826516,-73.9534733
node,2724181868,Manhattan,Juice Generation,cafe,juice,40.7773842,-73.9552806
node,2724283926,Manhattan,Daily Provisions,cafe,,40.7873253,-73.9538938
node,2744944466,Manhattan,Starbucks,cafe,coffee_shop,40.7748547,-73.9841451
node,2745010769,Manhattan,Chanson,cafe,,40.777108,-73.9817979
node,2745359371,Manhattan,Juice Generation,cafe,,40.7778332,-73.9793629
node,2745500634,Manhattan,Le Pain Quotidien,cafe,coffee_shop,40.7819863,-73.9813099
node,2745527658,Manhattan,Daily Provisions,cafe,,40.7822863,-73.9787291
node,2745620594,Manhattan,Zabar's Cafe,cafe,,40.7847359,-73.9796748
node,2758274696,Manhattan,Fellini Coffee,cafe,coffee_shop,40.787081,-73.9752113
node,2758287019,Manhattan,Starbucks,cafe,coffee_shop,40.7867605,-73.9722137
node,2758752411,Manhattan,La Farine,cafe,,40.7892265,-73.9754011
node,2758924029,Manhattan,Café One,cafe,coffee_shop,40.8220999,-73.9496705
node,2759055335,Manhattan,Panineria,cafe,,40.7901865,-73.9734199
node,2759204841,Manhattan,Frame Cafe,cafe,,40.7914803,-73.9744357
node,2759204916,Manhattan,Tal Bagels,cafe,bagel,40.7910099,-73.9741121
node,2759235789,Manhattan,Fillup Coffee,cafe,coffee_shop,40.7921965,-73.9732253
node,2761499679,Manhattan,Boba Whale,cafe,bubble_tea,40.798239,-73.9695036
node,2761570412,Manhattan,City Coffee Bar,cafe,,40.7984682,-73.9636775
node,2761641622,Manhattan,Park Cafe,cafe,,40.7994859,-73.9610681
node,2761671634,Manhattan,Gong Cha,cafe,bubble_tea,40.8031669,-73.9670886
node,2762451097,Manhattan,Claire's Kitchen Cafe,cafe,,40.7997636,-73.9526587
node,2768305932,Manhattan,Hamilton's Bakery and Cafe,cafe,regional,40.8274731,-73.9493563
node,2768438965,Manhattan,Broadway Au Lait,cafe,,40.8113713,-73.961115
node,2768451021,Manhattan,Kuro Kuma,cafe,coffee_shop,40.8140293,-73.959994
node,2768451031,Manhattan,Starbucks,cafe,coffee_shop,40.8150497,-73.9590898
node,2796437589,Manhattan,Molly Tea,cafe,tea,40.8047903,-73.9665918
node,2796448528,Manhattan,Blue Bottle Coffee,cafe,coffee_shop,40.8062968,-73.9654905
node,2797701868,Manhattan,Dyckman Cafe & Grill,cafe,,40.8618825,-73.9251616
node,2797917337,Manhattan,Starbucks,cafe,coffee_shop,40.7663043,-73.9829515
node,2821326392,Manhattan,Starbucks,cafe,coffee_shop,40.7116433,-74.0066898
node,2823256858,Manhattan,Bluestone Lane,cafe,,40.7160631,-74.0085698
node,2824696370,Manhattan,Épicerie Boulud,cafe,,40.7112884,-74.0102748
node,2825064871,Manhattan,Suited,cafe,coffee;sandwich;pastry,40.7092434,-74.0078826
node,2825233200,Manhattan,Takahachi Bakery,cafe,japanese;bakery,40.7137279,-74.0084336
node,2826407083,Manhattan,Café Grumpy,cafe,coffee_shop,40.7426583,-73.9983133
node,2826433688,Manhattan,Café Grumpy,cafe,coffee_shop,40.7151271,-73.9901425
node,2826442741,Manhattan,CC’s Cafe,cafe,american,40.7116726,-73.9946073
node,2826470599,Manhattan,Joe Pro Shop & Headquarters,cafe,coffee_shop,40.7422365,-73.9949484
node,2826581781,Manhattan,The Doughnut Plant,cafe,donut,40.7163413,-73.9885359
node,2827168690,Manhattan,Ground Central,cafe,,40.7474254,-73.9737287
node,2827478159,Manhattan,Hungarian Pastry Shop,cafe,dessert;hungarian;coffee_shop;coffee,40.803562,-73.9636828
node,2834844701,Manhattan,Le Pain Quotidien,cafe,coffee_shop,40.7729961,-73.9742495
node,2845882106,Manhattan,Bagel Pub,cafe,bagel;sandwich;breakfast,40.7340466,-73.9990277
node,2897265318,Manhattan,d Elici,cafe,sandwich,40.709679,-74.0083821
node,2897270433,Manhattan,The Coffee Bean & Tea Leaf,cafe,coffee_shop,40.7102382,-74.0106426
node,2897876740,Manhattan,Starbucks,cafe,coffee_shop,40.7182651,-74.007295
node,2898706760,Manhattan,Coffee Project New York | Financial District,cafe,coffee_shop,40.7071222,-74.0049867
node,2898706761,Manhattan,Flavors,cafe,,40.7065796,-74.0050348
node,2946299764,Manhattan,34th Bagels & More,cafe,bagel,40.7533516,-73.9957959
node,2985573623,Manhattan,Le Pain Quotidien,cafe,coffee_shop,40.7412113,-74.004914
node,3041538637,Manhattan,Cafe Condesa,cafe,,40.7343889,-74.002678
node,3041561933,Manhattan,Sant Ambroeus,cafe,,40.7354463,-74.0031986
node,3057117017,Manhattan,Juan Valdez Café,cafe,coffee_shop,40.760572,-73.9687188
node,3143926573,Manhattan,Starbucks,cafe,coffee_shop,40.7724449,-73.9499445
node,3147863538,Manhattan,Roasting Plant,cafe,coffee_shop,40.7177744,-73.9905236
node,3179745213,Manhattan,Tim Hortons,cafe,coffee_shop,40.7504102,-73.9928259
node,3190230455,Manhattan,Bluestone Lane,cafe,australian;coffee_shop,40.7062033,-74.011905
node,3212413923,Manhattan,Sunday to Sunday,cafe,cafe,40.7180119,-73.9901723
node,3217939901,Manhattan,Kahve,cafe,,40.7644229,-73.9879761
node,3233781193,Manhattan,Stumptown,cafe,coffee_shop,40.7327952,-73.9979676
node,3233791134,Manhattan,The Uncommons,cafe,coffee_shop,40.729416,-73.9987086
node,3235708620,Manhattan,Starbucks,cafe,coffee_shop,40.7779198,-73.978202
node,3248774671,Manhattan,Starbucks,cafe,coffee_shop,40.7810251,-73.981008
node,3264422314,Manhattan,Starbucks,cafe,coffee_shop,40.7469335,-73.9933215
node,3265464818,Manhattan,Gregorys Coffee,cafe,coffee_shop,40.746485,-73.9822904
node,3273820747,Manhattan,Kiss My Slice,cafe,coffee_shop;pizza,40.7557629,-73.9905528
node,3341829009,Manhattan,Pick-A-Bagel,cafe,bagel;sandwich,40.7736696,-73.9596624
node,3448911320,Manhattan,Tal Bagels,cafe,bagel,40.7777126,-73.9570936
node,3451116498,Manhattan,Moka & Co,cafe,coffee_shop;yemeni,40.7504317,-73.9897503
node,3452345664,Manhattan,Tanto Dulce Cafe,cafe,coffee_shop;soup;brunch,40.8233712,-73.9523695
node,3480352395,Manhattan,Blue Dog,cafe,,40.7646902,-73.9796633
node,3506087030,Manhattan,Caffe Reggio,cafe,coffee_shop,40.730322,-74.0003624
node,3574719396,Manhattan,Horus Café,cafe,,40.727887,-73.982007
node,3577542666,Manhattan,Bluestone Lane,cafe,coffee_shop,40.7531885,-73.9797511
node,3581307956,Manhattan,La Colombe Coffee Roasters,cafe,coffee_shop,40.7280641,-73.9932516
node,3583796993,Manhattan,Corbet & Conley,cafe,,40.7354601,-73.9861323
node,3627374568,Manhattan,Semicolon,cafe,coffee_shop,40.8345935,-73.9452247
node,3676784853,Manhattan,ViVi Bubble Tea,cafe,,40.7326688,-73.986116
node,3676902928,Manhattan,Luckin Coffee,cafe,,40.734018,-73.9863892
node,3676918489,Manhattan,Cupsoul,cafe,coffee_shop;sandwich,40.7344416,-73.9860982
node,3676993343,Manhattan,Gemina,cafe,coffee_shop,40.7306979,-73.9814385
node,3692660932,Manhattan,Amsterdam Cafe,cafe,,40.7857528,-73.9761728
node,3733142431,Manhattan,Starbucks,cafe,coffee_shop,40.7530185,-73.9772838
node,3775458457,Manhattan,First Cup Cafe,cafe,coffee_shop,40.7428604,-73.9775162
node,3785185545,Manhattan,Bagel Market,cafe,bagel,40.7693396,-73.9886262
node,3792073193,Manhattan,Starbucks,cafe,coffee_shop,40.7711856,-73.9568688
node,3792489700,Manhattan,Sip + Co.,cafe,coffee_shop,40.764814,-73.9759888
node,3792505152,Manhattan,FIKA 7th Avenue,cafe,coffee_shop,40.7417954,-73.9970742
node,3792513846,Manhattan,FIKA Grand Central,cafe,coffee_shop,40.7510046,-73.9765387
node,3792524993,Manhattan,FIKA Tribeca & Chocolate Factory,cafe,coffee_shop,40.723711,-74.0104259
node,3792532817,Manhattan,FIKA 9th Avenue,cafe,coffee_shop,40.7458278,-74.0015707
node,3793130994,Manhattan,Blank Street Coffee,cafe,coffee_shop,40.7447183,-73.9790898
node,3793130995,Manhattan,Cotti Coffee,cafe,,40.7449606,-73.9789145
node,3793131890,Manhattan,Matto Espresso,cafe,coffee_shop,40.7450755,-73.9789117
node,3819492771,Manhattan,Sunday Morning,cafe,,40.7224756,-73.9829662
node,3819620508,Manhattan,Kolkota Chai Company,cafe,indian,40.7229149,-73.9832351
node,3821171656,Manhattan,Southwest Porch,cafe,burger,40.7536535,-73.984378
node,3829610926,Manhattan,Chelsea Bagel,cafe,bagel;deli,40.7503257,-73.9716056
node,3843956495,Manhattan,Nous Espresso,cafe,coffee_shop,40.807525,-73.9608785
node,3863634562,Manhattan,Grounded,cafe,,40.738035,-74.003421
node,3863639458,Manhattan,Café Minerva,cafe,,40.737043,-74.003887
node,3869752135,Manhattan,Starbucks,cafe,coffee_shop,40.7370022,-73.9896034
node,3874983057,Manhattan,Joe Coffee Company,cafe,,40.7467841,-74.0016172
node,3876361757,Manhattan,Bluestone Lane,cafe,,40.7485056,-74.0087396
node,3892300447,Manhattan,UN Visitors Café,cafe,,40.7502191,-73.967463
node,3925063780,Manhattan,Dominique Ansel Bakery,cafe,,40.725171,-74.00295
node,3938479922,Manhattan,Starbucks,cafe,coffee_shop,40.712179,-74.008181
node,3938479923,Manhattan,Le Pain Quotidien,cafe,coffee_shop,40.7658131,-73.9653728
node,3956950395,Manhattan,Banter,cafe,american;breakfast,40.7437478,-73.9790582
node,3958232658,Manhattan,Starbucks,cafe,coffee_shop,40.7435815,-73.9920821
node,3960147947,Manhattan,Starbucks,cafe,coffee_shop,40.7498951,-73.972877
node,3960166157,Manhattan,Think Coffee,cafe,coffee_shop,40.7446682,-73.98756
node,3966684338,Manhattan,Radina's Coffee,cafe,coffee_shop,39.1903852,-96.5841232
node,3966939353,Manhattan,Seven grams,cafe,,40.7439872,-73.9858906
node,4015736091,Manhattan,Gotan,cafe,sandwich,40.719225,-74.0066966
node,4111168991,Manhattan,Starbucks,cafe,coffee_shop,40.8233265,-73.9426474
node,4130652235,Manhattan,Rustic Table ,cafe,,40.7596945,-73.9958873
node,4133854273,Manhattan,Le Pain Quotidien,cafe,coffee_shop,40.7879358,-73.9534358
node,4149654227,Manhattan,Bluestone Lane,cafe,,40.7358239,-74.0008231
node,4149654228,Manhattan,Hudson Cafe,cafe,,40.73833,-74.0053849
node,4149654489,Manhattan,MUD,cafe,brunch;coffee_shop,40.7290442,-73.9866462
node,4151643713,Manhattan,The Butcher's Daughter,cafe,,40.7207158,-73.9947851
node,4208955389,Manhattan,Sweet Corner Bakeshop,cafe,,40.7345574,-74.0063447
node,4212376889,Manhattan,The Elk,cafe,,40.7341718,-74.0074226
node,4213578591,Manhattan,Carve Café & Pizza,cafe,,40.7593488,-73.9885067
node,4227278392,Manhattan,Kobrick Coffee,cafe,,40.7403739,-74.0055542
node,4230588256,Manhattan,Ramini espresso bar,cafe,coffee_shop,40.7552587,-73.9945988
node,4248928405,Manhattan,Matto Espresso,cafe,coffee_shop,40.7515474,-73.9705865
node,4300438090,Manhattan,Tompkins Square Bagels,cafe,bagel,40.7281762,-73.9821791
node,4300546590,Manhattan,Murray's Bagels,cafe,bagel,40.7363315,-73.9971668
node,4305803512,Manhattan,Rex,cafe,coffee_shop;breakfast;sandwich,40.7197679,-73.9870333
node,4312082389,Manhattan,10 Below Ice Cream,cafe,ice_cream,40.7137511,-73.9985135
node,4320014581,Manhattan,Bar Pisellino,cafe,italian,40.7330154,-74.0033657
node,4330787300,Manhattan,Frisson Espresso,cafe,,40.7608908,-73.9889333
node,4394291889,Manhattan,Sparrow Specialty Coffee,cafe,,39.1774762,-96.5616639
node,4394357390,Manhattan,Le Pain Quotidien,cafe,coffee_shop,40.7532402,-73.9845838
node,4402180605,Manhattan,Starbucks,cafe,coffee_shop,40.7636783,-73.9823708
node,4441702689,Manhattan,Starbucks,cafe,coffee_shop,40.7480793,-73.9892846
node,4442836595,Manhattan,Seven Grams Caffe,cafe,coffee_shop,40.7455323,-73.9943777
node,4444156976,Manhattan,ViVi Bubble Tea,cafe,,40.7363224,-73.994803
node,4450364090,Manhattan,Manhattanville Coffee,cafe,,40.8213006,-73.9445186
node,4479054694,Manhattan,Bluestone Lane,cafe,,40.783839,-73.9584235
node,4479721389,Manhattan,Pick a Bagel,cafe,bagel,40.7643286,-73.984836
node,4481455792,Manhattan,Bean&Bean Coffee,cafe,,40.7469873,-73.9969959
node,4494829289,Manhattan,Starbucks,cafe,coffee_shop,40.7622096,-73.9874605
node,4513631498,Manhattan,ViVi Bubble Tea,cafe,bubble_tea,40.7227486,-73.9890819
node,4515550805,Manhattan,12 Corners,cafe,coffee_shop,40.7180559,-73.997117
node,4551161735,Manhattan,Abraço,cafe,coffee_shop,40.7273019,-73.9861875
node,4555620974,Manhattan,Starbucks Reserve,cafe,coffee_shop,40.7416112,-74.005149
node,4557782565,Manhattan,Bagel Market,cafe,deli,40.752013,-73.975055
node,4560493914,Manhattan,Mixue,cafe,ice_cream;bubble_tea,40.7186763,-74.0012084
node,4564273493,Manhattan,Birch Coffee,cafe,coffee_shop,40.7436151,-73.9863949
node,4629752125,Manhattan,MatchaBar,cafe,,40.740124,-74.0014925
node,4661316591,Manhattan,Cook Eatery,cafe,,40.7572001,-73.983437
node,4664765789,Manhattan,Joe Coffee Company,cafe,coffee_shop,40.7290876,-73.9982833
node,4668049689,Manhattan,Boba Guys,cafe,bubble_tea,40.7206037,-73.984423
node,4687114892,Manhattan,New York Luncheonette,cafe,,40.7564367,-73.971716
node,4691611733,Manhattan,Financier,cafe,,40.7546713,-73.9745591
node,4708888898,Manhattan,Black Fox coffee co.,cafe,,40.7064444,-74.0079647
node,4711391870,Manhattan,Mangia Organic,cafe,,40.7526386,-73.9845169
node,4714009789,Manhattan,Stone Street,cafe,,40.7202282,-73.9965346
node,4747210026,Manhattan,Chipped Cup Coffee & Victuals,cafe,,40.8285671,-73.9485323
node,4755831441,Manhattan,Think Coffee,cafe,coffee_shop,40.7212663,-74.0005133
node,4757312021,Manhattan,Doughnut Plant,cafe,donut,40.7443091,-73.9966612
node,4757977331,Manhattan,Oslo Coffee Roasters,cafe,,40.7691438,-73.9536834
node,4759945018,Manhattan,Semicolon,cafe,coffee_shop;sandwich,40.7461999,-73.978007
node,4760672500,Manhattan,Breads Bakery,cafe,,40.7545627,-73.9839414
node,4762031974,Manhattan,Joe Coffee Company,cafe,coffee,40.7534774,-73.9842882
node,4771881068,Manhattan,Davelle NYC,cafe,,40.7185107,-73.9862303
node,4775546659,Manhattan,Le Cafe Coffee,cafe,,40.7597637,-73.9698075
node,4781188614,Manhattan,Getting Hungry,cafe,deli,40.7289162,-74.0054734
node,4784576322,Manhattan,Cafe Integral,cafe,coffee_shop,40.7202995,-73.9952147
node,4786042527,Manhattan,Silk Road Cafe,cafe,,40.7146942,-73.9986811
node,4792165597,Manhattan,CoCo Fresh Tea & Juice,cafe,bubble_tea,40.7141971,-73.9937931
node,4816185281,Manhattan,Joe Coffee Company,cafe,coffee_shop,40.8075501,-73.9636821
node,4818137923,Manhattan,Birch Coffee,cafe,,40.7638732,-73.9665249
node,4818137924,Manhattan,Birch Coffee,cafe,,40.7434555,-73.9800007
node,4825695925,Manhattan,Café Patoro,cafe,brazilian,40.7073526,-74.0022569
node,4845789723,Manhattan,Bluestone Lane,cafe,,40.704646,-74.0084317
node,4845866425,Manhattan,Cafe Patoro,cafe,,40.7073586,-74.0022266
node,4846158321,Manhattan,La Colombe Coffee Roasters,cafe,coffee_shop,40.7056733,-74.0083741
node,4846658821,Manhattan,The Bread Factory Cafe,cafe,,40.7520894,-73.9900673
node,4847502523,Manhattan,Captain's Cafe,cafe,,40.7472688,-73.9841528
node,4848257933,Manhattan,Chanson le Salon,cafe,,40.7188835,-74.0101049
node,4850230746,Manhattan,Made Fresh Daily,cafe,sandwich,40.7075935,-74.0021812
node,4850230829,Manhattan,Starbucks,cafe,coffee_shop,40.7061594,-74.008845
node,4850904724,Manhattan,Plowshares Coffee Roasters,cafe,,40.8001351,-73.9677641
node,4860132622,Manhattan,Siena Bakehouse,cafe,,40.7080709,-74.0137437
node,4870280864,Manhattan,,cafe,,40.7631599,-74.0005711
node,4875126273,Manhattan,Ginseng Museum Cafe,cafe,,40.7469708,-73.9853055
node,4894493421,Manhattan,Ost Cafe,cafe,,40.7144862,-73.9821342
node,4899954121,Manhattan,Le Pain Quotidien,cafe,coffee_shop,40.7037798,-74.0109286
node,4909121424,Manhattan,Ground Central,cafe,coffee_shop,40.7036165,-74.0103766
node,4909655521,Manhattan,Partners Coffee,cafe,coffee_shop,40.7349281,-74.0022788
node,4913377823,Manhattan,Gregorys Coffee,cafe,,40.7041988,-74.0117201
node,4915258225,Manhattan,Juice Generation,cafe,,40.7069204,-74.0067667
node,4922311227,Manhattan,787 Coffee,cafe,,40.7273626,-73.9888015
node,4922311233,Manhattan,Starbucks,cafe,coffee_shop,40.7351434,-73.9897998
node,4922439621,Manhattan,Gregorys Coffee,cafe,coffee_shop,40.7050363,-74.0068254
node,4924481993,Manhattan,Joe Coffee Company,cafe,coffee_shop,40.8080617,-73.963265
node,4931686522,Manhattan,,cafe,,40.7407674,-73.9918982
node,4942694536,Manhattan,Café Grumpy,cafe,coffee_shop,40.7039608,-74.0118856
node,4944843921,Manhattan,Coffee Project NY,cafe,coffee_shop,40.7270679,-73.9893826
node,4950995921,Manhattan,The Roost,cafe,breakfast;coffee_shop;pastry,40.7290639,-73.9784477
node,4953971785,Manhattan,OurtBox Cafe,cafe,,40.8105082,-73.9395267
node,4957074132,Manhattan,Amore Pizza Cafe,cafe,pizza;pasta;salad;pastry;italian,40.7684196,-73.9851251
node,4995849481,Manhattan,Starbucks,cafe,coffee_shop,40.7624366,-73.9739908
node,4998805612,Manhattan,Outro,cafe,,40.7327767,-73.9910309
node,4998805616,Manhattan,Hex & Co.,cafe,coffee_shop,40.73265,-73.9914016
node,5090743953,Manhattan,Starbucks,cafe,coffee_shop,40.7786181,-73.9559843
node,5120608722,Manhattan,Black Seed Bagels,cafe,bagel,40.7209019,-73.9946997
node,5132368123,Manhattan,Sweet Moment,cafe,,40.7175925,-73.9971381
node,5160028818,Manhattan,Sutton Cafe Restaurant,cafe,diner,40.7577131,-73.9631242
node,5163989224,Manhattan,Cafe Clementine,cafe,,40.7192673,-74.0060718
node,5190720806,Manhattan,Kawande Martin Cafe,cafe,coffee_shop,40.7485816,-73.9863247
node,5216100926,Manhattan,Creamline,cafe,,40.7420228,-74.005159
node,5222613656,Manhattan,The Lost Draft,cafe,,40.7207973,-73.9972546
node,5227527424,Manhattan,La Colombe Coffee Roasters,cafe,coffee_shop,40.7198938,-74.0038297
node,5231705717,Manhattan,Mee Sum Cafe,cafe,,40.7149276,-73.9983164
node,5243548102,Manhattan,Black Cat LES,cafe,sandwich;smoothie;coffee;beer,40.7190103,-73.9845737
node,5243561776,Manhattan,Little Canal,cafe,coffee_shop,40.7143078,-73.9903911
node,5243567855,Manhattan,Morgenstern's Finest Ice Cream,cafe,ice_cream,40.727163,-73.9999069
node,5265713044,Manhattan,Chihiro Tea,cafe,bubble_tea,40.7292145,-73.9981725
node,5265713182,Manhattan,Ferrara,cafe,italian,40.7191024,-73.9970647
node,5265714493,Manhattan,Cafe Roma,cafe,,40.720329,-73.9967563
node,5265747703,Manhattan,Blank Street Coffee,cafe,coffee_shop,40.7388326,-73.9955295
node,5265747921,Manhattan,Think Coffee,cafe,coffee_shop,40.7384445,-73.9958164
node,5266896777,Manhattan,Coffee Inn,cafe,coffee_shop,40.7667545,-73.9564674
node,5269095866,Manhattan,Capy,cafe,,40.7971288,-73.9384911
node,5281909155,Manhattan,Sugar Hill Café,cafe,,40.8242066,-73.9456088
node,5328483492,Manhattan,L’Adresse American Bistro,cafe,american,40.7538023,-73.9851089
node,5333551106,Manhattan,Mona,cafe,,40.7505545,-73.9702839
node,5334051621,Manhattan,Voyager Espresso,cafe,,40.7087364,-74.0069962
node,5358087423,Manhattan,La Bergamote,cafe,french,40.7448363,-74.0028199
node,5359963421,Manhattan,Tipsy Village,cafe,,40.7225293,-73.9890867
node,5383045522,Manhattan,C&B,cafe,,40.7251418,-73.98162
node,5395639744,Manhattan,Honeybrains,cafe,sandwich,40.7270961,-73.993997
node,5397270880,Manhattan,Cha-An Teahouse,cafe,,40.7294568,-73.9881288
node,5399823086,Manhattan,Ground Support Café,cafe,coffee_shop;sandwich;pastry,40.7242595,-74.0019929
node,5401946294,Manhattan,Big Famous Deli & Grocery,cafe,,40.7392879,-74.001853
node,5401978031,Manhattan,Al Horno,cafe,,40.7620536,-73.9910987
node,5403602691,Manhattan,Matcha House,cafe,matcha,40.7296787,-73.9863187
node,5414456109,Manhattan,Starbucks,cafe,coffee_shop,40.8510936,-73.9384166
node,5415647133,Manhattan,Hungry Ghost,cafe,coffee_shop,40.715278,-74.0074529
node,5415649562,Manhattan,Starbucks,cafe,coffee_shop,40.719848,-74.0049417
node,5425572212,Manhattan,Corvo Coffee,cafe,,40.755117,-73.9909801
node,5433332835,Manhattan,The Picnic Basket,cafe,,40.7554688,-73.9707954
node,5433333128,Manhattan,Pavé,cafe,coffee_shop;breakfast;sandwich,40.7564172,-73.9802703
node,5443670322,Manhattan,Joe & The Juice,cafe,coffee_shop,40.705529,-74.008115
node,5473383610,Manhattan,,cafe,,40.739498,-74.007702
node,5528676228,Manhattan,Margon Restaurant,cafe,cuban,40.7579702,-73.9838946
node,5556738950,Manhattan,Burp Bowl Cafe,cafe,chinese,40.7827225,-73.9479691
node,5578984004,Manhattan,Blue Bottle Coffee,cafe,coffee_shop,40.7530461,-73.9840983
node,5585374466,Manhattan,Ludlow Coffee Supply,cafe,coffee_shop,40.7216695,-73.9873956
node,5587111257,Manhattan,Debutea,cafe,bubble_tea,40.7290847,-73.9992444
node,5599264049,Manhattan,Starbucks,cafe,coffee_shop,40.7827156,-73.9484523
node,5599496976,Manhattan,Bibble & Sip,cafe,coffee;coffee_shop;tea;dessert;bakery,40.7628613,-73.985265
node,5603534984,Manhattan,Boris and Horton,cafe,coffee_shop,40.7292335,-73.9814002
node,5603563258,Manhattan,Starbucks,cafe,coffee_shop,40.7268161,-73.9831737
node,5611937541,Manhattan,Birch Coffee,cafe,coffee_shop,40.7265689,-73.9996226
node,5618064691,Manhattan,American Wing Café,cafe,coffee_shop;sandwich,40.7802595,-73.9635992
node,5618087850,Manhattan,Petrie Court Café,cafe,coffee_shop,40.7791519,-73.9644503
node,5618177645,Manhattan,Irving Farm Coffee Roasters,cafe,,40.736787,-73.9869081
node,5640736950,Manhattan,Tal Bagels,cafe,bagel,40.7355345,-73.9797733
node,5640741631,Manhattan,Tal Bagels,cafe,bagel,40.777498,-73.9503988
node,5640748792,Manhattan,H&H Midtown Bagels East,cafe,bagel,40.7744439,-73.9544897
node,5640753251,Manhattan,H&H Midtown Bagels East,cafe,bagel,40.7861849,-73.9726071
node,5642382126,Manhattan,Chobani SoHo,cafe,yogurt;coffee_shop,40.7257638,-74.0011009
node,5664788646,Manhattan,Café Grumpy,cafe,,40.7542367,-73.9889033
node,5664814202,Manhattan,Café Grumpy,cafe,coffee_shop,40.7521444,-73.9757163
node,5669779496,Manhattan,Zucker's Bagels & Smoked Fish,cafe,bagel,40.7778553,-73.9782475
node,5672782246,Manhattan,Champignon Café,cafe,sandwich;breakfast;coffee_shop,40.7874897,-73.953786
node,5672860212,Manhattan,Da Capo Aperitivo e Caffe,cafe,italian,40.7876673,-73.954025
node,5709144091,Manhattan,Cafe Tabaco and Ron,cafe,,40.8690737,-73.9158442
node,5709672352,Manhattan,Sahara Cafe,cafe,,40.8693627,-73.9155908
node,5711735763,Manhattan,Starbucks,cafe,coffee_shop,40.8657529,-73.9272044
node,5716116193,Manhattan,Blue Bottle Coffee,cafe,coffee_shop,40.7521248,-73.9780805
node,5725918582,Manhattan,Blue Bottle Coffee,cafe,coffee_shop,40.7106548,-74.0121277
node,5726008201,Manhattan,Blue Bottle Coffee,cafe,coffee_shop,40.7340809,-73.9924617
node,5726345621,Manhattan,Blue Bottle Coffee,cafe,coffee_shop,40.7596136,-73.9754488
node,5729339305,Manhattan,JJ Brown Cup,cafe,coffee_shop,40.7795258,-73.9507703
node,5734944621,Manhattan,Patent Coffee,cafe,coffee_shop,40.7452186,-73.9902413
node,5754840626,Manhattan,ViVi Bubble Tea,cafe,,40.7593056,-73.9921933
node,5756089925,Manhattan,Dreamers Coffee,cafe,coffee_shop,40.7189834,-74.0009997
node,5757237337,Manhattan,Daily Provisions,cafe,coffee_shop,40.7376051,-73.9875777
node,5759612785,Manhattan,Le Pain Quotidien,cafe,coffee_shop,40.7518535,-73.9733935
node,5771831853,Manhattan,Bluestone Lane,cafe,,40.7524881,-73.9880033
node,5782496201,Manhattan,Love Cafe,cafe,,40.7945777,-73.9337278
node,5784718253,Manhattan,Crispy Heaven Bakery,cafe,breakfast;sandwich,40.722027,-73.9975629
node,5788273495,Manhattan,Gregorys Coffee,cafe,coffee_shop,40.726876,-73.995752
node,5792264308,Manhattan,Cafe Angelique,cafe,breakfast;sandwich,40.726208,-73.9954844
node,5792284140,Manhattan,Lafayette Grand Café & Bakery,cafe,french,40.7275742,-73.993705
node,5793095927,Manhattan,Upper East Café,cafe,,40.7634155,-73.9654893
node,5796438080,Manhattan,La Colombe Coffee Roasters,cafe,coffee_shop,40.7257887,-74.0011724
node,5799024753,Manhattan,Ten Ren,cafe,chinese;tea,40.7163524,-73.9981687
node,5806583254,Manhattan,Taylor St. Baristas,cafe,,40.7512755,-73.9793045
node,5812464935,Manhattan,Madman Espresso,cafe,coffee_shop,40.7521357,-73.9915345
node,5817720353,Manhattan,Blue Bottle Coffee,cafe,coffee_shop,40.7793161,-73.9808861
node,5818421646,Manhattan,Aleef Coffee House Inc,cafe,sandwich;soup;salad;ice_cream;pastry,40.7560886,-73.9926331
node,5837218439,Manhattan,La Colombe Coffee Roasters,cafe,coffee_shop,40.7515815,-74.0053292
node,5849787600,Manhattan,Black Seed Bagels,cafe,bagel,40.7291067,-73.9839653
node,5849801770,Manhattan,Black Seed Bagels,cafe,bagel,40.7456636,-73.9884874
node,5849929497,Manhattan,Irving Farm Coffee Roasters,cafe,,40.7296596,-73.9987543
node,5852314821,Manhattan,Oren's Daily Roast,cafe,,40.8055083,-73.9653737
node,5852364693,Manhattan,Pick-A-Bagel,cafe,bagel,40.7718742,-73.9563636
node,5859940717,Manhattan,Joe Coffee Company,cafe,coffee_shop,40.7720548,-73.9608314
node,5862744811,Manhattan,Joe Coffee Company,cafe,,40.7750206,-73.9803155
node,5868596706,Manhattan,Birch Coffee,cafe,,40.7803846,-73.9533857
node,5868658667,Manhattan,Bagels & More,cafe,bagel,40.7807678,-73.9523027
node,5876444850,Manhattan,Le Pain Quotidien,cafe,coffee_shop,40.7465581,-73.9814145
node,5876977173,Manhattan,Dear Mama Coffee,cafe,,40.7922821,-73.9406837
node,5889547501,Manhattan,Ninth Street Espresso,cafe,,40.7270509,-73.9801128
node,5896851985,Manhattan,Seven Grams Caffé,cafe,coffee_shop;cake,40.7273043,-74.0059691
node,5904850531,Manhattan,"Happy Express Cafe, Inc.",cafe,,40.7146071,-73.9924298
node,5924114805,Manhattan,Café East,cafe,bubble_tea;pizza,40.8066955,-73.9638287
node,5924114807,Manhattan,Blue Java,cafe,,40.8067796,-73.9637662
node,5924114808,Manhattan,Blue Java,cafe,,40.8065269,-73.9631276
node,5925003683,Manhattan,Starbucks,cafe,coffee_shop,40.8071136,-73.9649082
node,5932754534,Manhattan,Le Pain Quotidien,cafe,coffee_shop,40.7792964,-73.9533764
node,5939562687,Manhattan,Noi Due Cafe,cafe,,40.7761994,-73.9815882
node,5947869885,Manhattan,Dialogue,cafe,,40.7219208,-73.9887501
node,5978556693,Manhattan,Colomba Coffee,cafe,coffee_shop,40.7715971,-73.9611763
node,5978556700,Manhattan,Flavors,cafe,,40.7035005,-74.0129805
node,5978556705,Manhattan,Gregory’s Coffee,cafe,,40.7061538,-74.0128132
node,5978556714,Manhattan,Madison Bagel & Grill,cafe,bagel,40.711896,-74.0005122
node,5978556721,Manhattan,Koyzina Kafe,cafe,,40.707216,-74.008596
node,5978556725,Manhattan,Open Kitchen,cafe,,40.7090861,-74.0070176
node,5978556732,Manhattan,Variety Coffee,cafe,,40.711246,-74.0063142
node,5978556807,Manhattan,Dante’s,cafe,,40.7102157,-74.0057019
node,5978557687,Manhattan,BentOn Cafe,cafe,japanese,40.7093091,-74.0068103
node,5978557997,Manhattan,Lazzaro,cafe,,40.7095297,-74.0119738
node,5978557998,Manhattan,Hank’s Pizza,cafe,pizza,40.7094109,-74.0120305
node,5978558001,Manhattan,Starbucks,cafe,coffee_shop,40.7083708,-74.0074301
node,5978558008,Manhattan,Pita Press,cafe,greek,40.7070318,-74.0080353
node,5978558886,Manhattan,Manon Cafe,cafe,,40.7082492,-74.0101892
node,5978792116,Manhattan,Sons of Thunder,cafe,,40.7073322,-74.0059333
node,5983989122,Manhattan,Le Pain Quotidien,cafe,coffee_shop,40.7113076,-74.016162
node,5985763486,Manhattan,Starbucks,cafe,coffee_shop,40.758148,-73.9824848
node,5985838985,Manhattan,Starbucks,cafe,coffee_shop,40.7596521,-73.9852254
node,6001361798,Manhattan,Le Pain Quotidien,cafe,coffee_shop,40.7154345,-74.01633
node,6006276987,Manhattan,Maman,cafe,coffee_shop;pastry;sandwich,40.7202413,-73.9983154
node,6006276988,Manhattan,Maman,cafe,,40.7433245,-73.9901642
node,6006320286,Manhattan,Moka Matcha,cafe,coffee_shop,40.7544586,-73.9764655
node,6008970685,Manhattan,Masseria Caffe & Bakery,cafe,,40.7606732,-73.985793
node,6008979885,Manhattan,St Kilda Coffee,cafe,,40.7589838,-73.9901759
node,6026088130,Manhattan,Matto Espresso,cafe,coffee_shop,40.7430002,-73.9966979
node,6030389800,Manhattan,Robusta Espresso Bar,cafe,coffee_shop;sandwich;soup,40.7572238,-73.9807255
node,6044339377,Manhattan,Kaigo Coffee Room,cafe,coffee_shop,40.7186713,-74.0005149
node,6053555793,Manhattan,Veniero's Pasticceria & Caffé,cafe,pastry;coffee_shop,40.7294715,-73.9844822
node,6067214134,Manhattan,Le Café Coffee,cafe,,40.7541518,-73.9861387
node,6068979466,Manhattan,Starbucks,cafe,coffee_shop,40.7603546,-73.9611323
node,6071485490,Manhattan,Birch Coffee,cafe,,40.7681491,-73.9853167
node,6074315900,Manhattan,Birch Coffee,cafe,,40.7108654,-74.0059234
node,6104250725,Manhattan,Heytea,cafe,bubble_tea,40.7535315,-73.9874051
node,6109932937,Manhattan,Rebel Coffee,cafe,,40.7378288,-74.0047228
node,6110870385,Manhattan,Mango Mango,cafe,asian;dessert,40.7153768,-73.9980301
node,6110907588,Manhattan,Mango Mango Dessert,cafe,asian;dessert,40.7291946,-73.9886324
node,6110940186,Manhattan,Yaya Tea,cafe,bubble_tea;japanese,40.7191116,-73.9963326
node,6124372218,Manhattan,Jolly Goat Coffee,cafe,coffee_shop,40.7632811,-73.9939987
node,6139560285,Manhattan,Stone Street Coffee Company,cafe,,40.7435856,-74.0032089
node,6169401685,Manhattan,Vin sur Vingt,cafe,french,40.7757422,-73.9897532
node,6174373286,Manhattan,Sanctuary T,cafe,,40.7224336,-74.0034695
node,6179821278,Manhattan,CoCo Fresh Tea & Juice,cafe,bubble_tea,40.7099202,-74.0091218
node,6187464284,Manhattan,Dot’s Cafe,cafe,american,40.766411,-73.991661
node,6201492297,Manhattan,Joe & The Juice,cafe,coffee_shop,40.7627635,-73.9779699
node,6206442504,Manhattan,Cabin on 9th,cafe,,40.7288312,-73.9866503
node,6206584785,Manhattan,Banter,cafe,,40.7278638,-74.001067
node,6206640245,Manhattan,B&B Bagels,cafe,,40.7632916,-73.9626295
node,6206712391,Manhattan,Raspberry Deli & Grocery,cafe,sandwich,40.7928702,-73.9410205
node,6217348319,Manhattan,Panda Bubble Tea,cafe,,40.7657733,-73.9657807
node,6218981269,Manhattan,Sweets Bakery,cafe,,40.71729,-73.9996503
node,6221183785,Manhattan,Nutella café,cafe,,40.7347592,-73.9925643
node,6228150877,Manhattan,caffé bene,cafe,dessert,40.748044,-73.9873353
node,6230656614,Manhattan,Juicy Lucy,cafe,,40.7252668,-73.984294
node,6231238816,Manhattan,Paris Baguette,cafe,,40.7473548,-73.9862282
node,6231491557,Manhattan,A2Z Dominican,cafe,donut;coffee,40.7119876,-73.9945141
node,6231514602,Manhattan,12 Corners,cafe,coffee_shop,40.7138584,-73.990386
node,6233803805,Manhattan,Caffè Vita,cafe,coffee_shop,40.7197029,-73.9884286
node,6236928056,Manhattan,Joey Bats Café,cafe,coffee_shop,40.7200481,-73.9902485
node,6244721154,Manhattan,Hale and Hearty Soups,cafe,sandwich;soup;salad,40.765555,-73.9655855
node,6250062022,Manhattan,Variety Coffee Roasters,cafe,coffee_shop,40.7788421,-73.9558617
node,6250176401,Manhattan,Variety Coffee Roasters,cafe,coffee_shop,40.745206,-73.9946116
node,6259694363,Manhattan,ViVi Bubble Tea,cafe,,40.7151944,-73.9975111
node,6259730842,Manhattan,ViVi Bubble Tea,cafe,,40.7438479,-73.9954656
node,6259767847,Manhattan,Gong Cha,cafe,bubble_tea,40.7474567,-73.9865203
node,6259787768,Manhattan,Gong Cha,cafe,bubble_tea,40.7156257,-73.9982259
node,6260059211,Manhattan,ViVi Bubble Tea,cafe,,40.7136566,-73.9974429
node,6260632696,Manhattan,Mille-Feuille Bakery Cafe,cafe,,40.7823302,-73.9811871
node,6264476981,Manhattan,Gong Cha,cafe,bubble_tea,40.7105042,-74.0091441
node,6270644226,Manhattan,Starbucks,cafe,coffee_shop,40.7906349,-73.9519553
node,6270649485,Manhattan,Starbucks,cafe,coffee_shop,40.7871321,-73.9544023
node,6293667225,Manhattan,Koneko Cat Cafe,cafe,coffee_shop;japanese,40.7204867,-73.9842269
node,6295899093,Manhattan,Mori Coffee,cafe,,40.7419897,-73.978152
node,6304108186,Manhattan,Kimmel Bar,cafe,coffee_shop,40.7429857,-73.9733767
node,6345333428,Manhattan,Irving Farm New York,cafe,coffee_shop;breakfast,40.7312029,-73.9899196
node,6345862104,Manhattan,Cafe 53,cafe,,40.7620218,-73.9803454
node,6347916313,Manhattan,Utopia Bagels,cafe,bagel;breakfast;sandwich,40.7463142,-73.9799924
node,6356425186,Manhattan,Tap NYC,cafe,brazilian,40.7776871,-73.9783679
node,6362867801,Manhattan,16 Handles,cafe,frozen_yogurt;health_food,40.7431214,-73.9802602
node,6369348985,Manhattan,Dae Dae,cafe,coffee_shop,40.7541973,-73.9738747
node,6371590885,Manhattan,MeMe,cafe,,40.7363825,-74.0060719
node,6376472185,Manhattan,Ralph's Coffee,cafe,,40.7716285,-73.9657301
node,6403172421,Manhattan,Starbucks,cafe,coffee_shop,40.7734593,-73.9598061
node,6411869610,Manhattan,Charlotte Cafe,cafe,coffee_shop;sandwich,40.7443305,-73.976439
node,6412172122,Manhattan,787 Coffee,cafe,coffee_shop;latin_american,40.7298631,-73.9873007
node,6412273637,Manhattan,Black Press Coffee,cafe,,40.7422489,-73.9831597
node,6422248286,Manhattan,Porto Rico Importing Co.,cafe,,40.7295309,-74.0015887
node,6422307085,Manhattan,Tartinery,cafe,french;juice,40.7687105,-73.9827974
node,6441649386,Manhattan,Sugar Factory,cafe,,40.758854,-73.9883847
node,6461990216,Manhattan,Bourke Street Bakery,cafe,breakfast;sandwich;coffee_shop,40.7443072,-73.9861386
node,6462387667,Manhattan,Joe & The Juice,cafe,coffee_shop,40.7402571,-73.989675
node,6473280860,Manhattan,B Cup Café,cafe,coffee_shop,40.7286956,-73.9787601
node,6497976386,Manhattan,The Coffee Pot,cafe,coffee_shop,40.7643238,-73.9887289
node,6507019906,Manhattan,Starbucks,cafe,coffee_shop,40.7518367,-73.9902569
node,6511878535,Manhattan,Acts III Bagels,cafe,,40.8157311,-73.9451417
node,6525036187,Manhattan,Proof Coffee Roasters,cafe,coffee_shop,40.7398248,-73.977416
node,6536906987,Manhattan,Zibetto Espresso Bar,cafe,coffee_shop;italian,40.7639054,-73.977729
node,6542803861,Manhattan,ACC Cafe,cafe,coffee_shop,40.7472769,-73.9750012
node,6549322049,Manhattan,Cafe Frederick,cafe,cake;breakfast;coffee_shop,40.8029397,-73.956201
node,6550407925,Manhattan,Matchaful,cafe,tea;teahouse;donut;cookie,40.7335428,-74.0039268
node,6551670585,Manhattan,Miss Du’s Tea Shop,cafe,bubble_tea,40.7149012,-73.9986222
node,6558563123,Manhattan,787 Coffee Co.,cafe,coffee,40.7263237,-73.9838601
node,6561269443,Manhattan,Bird & Branch,cafe,coffee_shop,40.7602787,-73.9907472
node,6566684054,Manhattan,Starbucks,cafe,coffee_shop,40.7531459,-73.9851227
node,6568734640,Manhattan,The Grand Daddy,cafe,coffee_shop,40.7177214,-73.992045
node,6575702086,Manhattan,Blue Box Cafe - Tiffany,cafe,,40.7627483,-73.9738435
node,6577103334,Manhattan,Ellis Island Cafe,cafe,,40.6988989,-74.038919
node,6605132001,Manhattan,Think Coffee,cafe,coffee_shop,40.7522199,-74.0017007
node,6611254398,Manhattan,Paper,cafe,coffee_shop,40.7462448,-73.9894965
node,6611254401,Manhattan,Stumptown Coffee Roasters,cafe,coffee_shop,40.7456554,-73.9880474
node,6612404170,Manhattan,Le Café coffee,cafe,cafe,40.735804,-73.9926767
node,6612404175,Manhattan,Le Pain Quotidien,cafe,coffee_shop,40.7541498,-73.9787021
node,6612404178,Manhattan,Starbucks,cafe,coffee_shop,40.7555697,-73.9802192
node,6615272821,Manhattan,For five coffee roasters,cafe,coffee,40.7578879,-73.9831141
node,6615272822,Manhattan,Starbucks,cafe,coffee_shop,40.7570592,-73.9811663
node,6615272823,Manhattan,Manhattan,cafe,,40.756182,-73.9810387
node,6621617747,Manhattan,O Café,cafe,,40.7358148,-73.9976834
node,6621617750,Manhattan,Paradis,cafe,,40.7326818,-73.9902436
node,6621617751,Manhattan,Blue stripes,cafe,cacao,40.7347019,-73.9929545
node,6621617759,Manhattan,Yanni's coffee,cafe,,40.739814,-73.999021
node,6631198486,Manhattan,Church Cafe Outside,cafe,,40.757132,-73.9733698
node,6631461418,Manhattan,Inside Park at St. Beet’s,cafe,,40.7571723,-73.9734536
node,6635017885,Manhattan,Pomme Palais Bakery and Coffee,cafe,,40.7581131,-73.974725
node,6636462195,Manhattan,Starbucks,cafe,coffee_shop,40.715754,-74.003128
node,6638585608,Manhattan,Cafe Bravo,cafe,,40.7508895,-73.9978633
node,6666722028,Manhattan,The People's Forum,cafe,,40.754399,-73.993352
node,6670244825,Manhattan,Claire's Kitchen Cafe,cafe,,40.7676839,-73.9528947
node,6670244857,Manhattan,Heavenly Market Cafe,cafe,,40.7654737,-73.9574423
node,6670244863,Manhattan,MATTO,cafe,coffee_shop,40.7654726,-73.9581504
node,6670244872,Manhattan,Gotham Café,cafe,coffee_shop;breakfast;sandwich,40.7663291,-73.9599375
node,6680695923,Manhattan,Starbucks,cafe,coffee_shop,40.7526738,-73.9950505
node,6689909684,Manhattan,Zuri Coffee,cafe,,40.7700555,-73.9516342
node,6689923801,Manhattan,Dän Bakery,cafe,,40.7693501,-73.9521524
node,6693478207,Manhattan,Everyman Espresso,cafe,,40.7327461,-73.9883025
node,6696993241,Manhattan,Kopitiam Malaysian Coffee,cafe,,40.7138499,-73.9908808
node,6734071958,Manhattan,,cafe,,40.7276892,-74.0004432
node,6752564944,Manhattan,Starbucks,cafe,coffee_shop,40.7418737,-73.9933052
node,6783954786,Manhattan,Sullivan Street Bakery,cafe,,40.7635914,-73.9947575
node,6784987781,Manhattan,Bluestone Lane,cafe,,40.783644,-73.9777252
node,6789471481,Manhattan,Starbucks,cafe,coffee_shop,40.7646846,-73.9665681
node,6791611135,Manhattan,The Migrant Kitchen,cafe,,40.7742751,-73.9808432
node,6816991370,Manhattan,Smile To Go,cafe,,40.7399793,-73.9841814
node,6833456286,Manhattan,Hearth on the High Line,cafe,,40.7429989,-74.007331
node,6852143017,Manhattan,Starbucks,cafe,coffee_shop,40.7491928,-73.9751891
node,6852842985,Manhattan,Juban,cafe,japanese,40.7473146,-74.0046803
node,6898244691,Manhattan,Da Capo,cafe,,40.7795881,-73.9774283
node,6903042182,Manhattan,Spring Cafe,cafe,asian;burger,40.7178852,-74.0002468
node,6910698803,Manhattan,Bonsai Kakigori,cafe,pastry;sandwich,40.7213951,-73.9880234
node,6910758323,Manhattan,From Lucie,cafe,,40.7284391,-73.9833486
node,6916463756,Manhattan,Setsugekka,cafe,pastry;japanese,40.7272465,-73.9866334
node,6916667785,Manhattan,Beatnic,cafe,,40.7064892,-74.0041271
node,6916679485,Manhattan,Big Gay Ice Cream,cafe,,40.7071884,-74.0030763
node,6916949630,Manhattan,Hanamizuki,cafe,japanese,40.7474576,-73.9917001
node,6919152919,Manhattan,Sawada Coffee,cafe,,40.7180129,-74.0019883
node,6937498381,Manhattan,Joe & The Juice,cafe,coffee_shop,40.7700367,-73.9623088
node,6940016036,Manhattan,Rise Brewing Company,cafe,,40.7189073,-73.9901737
node,6941252618,Manhattan,Bambu,cafe,vietnamese;bubble_tea,40.7169602,-73.9947013
node,6955003385,Manhattan,Joe The Juice Coffee,cafe,,40.7512579,-73.9743148
node,7013006319,Manhattan,Kravé Cafe and Juice Bar,cafe,,40.769443,-73.958137
node,7024106348,Manhattan,Mille-Feuille,cafe,coffee_shop;sandwich;pastry;french,40.7291839,-73.9982031
node,7036452476,Manhattan,Sunflower Cafe,cafe,breakfast;american,40.7398896,-73.9821488
node,7040598185,Manhattan,Sant Ambroeus,cafe,,40.7643995,-73.969084
node,7041755289,Manhattan,Joe & The Juice,cafe,coffee_shop,40.771859,-73.9592877
node,7047104991,Manhattan,Despaña,cafe,spanish;tapas,40.7210501,-73.997846
node,7054940498,Manhattan,Mellow Yellow Coffee & Vibes,cafe,mediterranean,40.7792219,-73.9479072
node,7084620591,Manhattan,Starbucks,cafe,coffee_shop,40.7330316,-73.9809522
node,7093921924,Manhattan,Starbucks,cafe,coffee_shop,40.757792,-73.9796085
node,7093921939,Manhattan,Cafe Alice,cafe,,40.7565007,-73.9778114
node,7093921948,Manhattan,Café Cello,cafe,american;latin_american;breakfast,40.7568104,-73.9811459
node,7093921956,Manhattan,Starbucks,cafe,coffee_shop,40.7588628,-73.9789097
node,7094126612,Manhattan,Picky Barista,cafe,coffee_shop,40.7984981,-73.9686236
node,7134303414,Manhattan,,cafe,,40.7618661,-73.9730709
node,7150082985,Manhattan,T2 tea,cafe,,40.7238897,-73.9967151
node,7159624185,Manhattan,Mixue,cafe,ice_cream;bubble_tea,40.7482318,-73.9883698
node,7194308185,Manhattan,Sandwell,cafe,,40.78367,-73.9781784
node,7239728455,Manhattan,Joe & The Juice,cafe,coffee_shop,40.7880551,-73.9537505
node,7258184197,Manhattan,Argo Tea,cafe,coffee_shop;breakfast,40.7414369,-73.9744358
node,7259558970,Manhattan,Zoe Café and Hookah Lounge,cafe,,40.807773,-73.9531593
node,7314202222,Manhattan,Kung Fu Tea,cafe,bubble_tea,40.7306776,-73.9952135
node,7330107131,Manhattan,Li'l Jay's Cafe,cafe,coffee_shop;salad,40.7710875,-73.9905939
node,7360048859,Manhattan,Paris Baguette,cafe,coffee_shop;french;bakery,40.7404201,-73.9859376
node,7360048873,Manhattan,Union Square Cafe,cafe,,40.7377576,-73.9878579
node,7363764833,Manhattan,Kijitora,cafe,coffee_shop;japanese,40.7295928,-73.9788241
node,7368466282,Manhattan,Biao Sugar,cafe,chinese,40.7482654,-73.9884306
node,7369844955,Manhattan,Dr. Smood,cafe,juice,40.7442688,-73.9891139
node,7395477870,Manhattan,Publique,cafe,,40.8072257,-73.9596805
node,7475192460,Manhattan,Starbucks,cafe,coffee_shop,40.7691681,-73.9882442
node,7591060173,Manhattan,Starbucks,cafe,coffee_shop,40.7728466,-73.9898648
node,7620039824,Manhattan,Serengeti Teas & Spices,cafe,,40.8058245,-73.9412641
node,7653745278,Manhattan,Ninth Street Espresso,cafe,,40.7483337,-73.9937884
node,7678152117,Manhattan,Starbucks,cafe,coffee_shop,40.740175,-73.9868031
node,7678152118,Manhattan,Spin,cafe,,40.7402771,-73.987007
node,7678152129,Manhattan,Tous les Jours,cafe,bakery;coffee_shop,40.7406591,-73.987929
node,7685677612,Manhattan,Terremoto Coffee,cafe,coffee_shop,40.7408507,-74.0033241
node,7964143166,Manhattan,The Café @ Cornell Tech,cafe,,40.7553536,-73.9564818
node,7975003159,Manhattan,La Mercerie,cafe,french,40.7202081,-74.0021478
node,8097694955,Manhattan,Pick a Bagel,cafe,bagel,40.7383947,-73.9825269
node,8151649108,Manhattan,Caffè Palermo,cafe,italian,40.7190027,-73.9973094
node,8151656730,Manhattan,Tiger Sugar,cafe,bubble_tea,40.7171319,-73.9981749
node,8238256286,Manhattan,Starbucks,cafe,coffee_shop,40.7364893,-73.9784178
node,8272824072,Manhattan,Gaia Italian Cafè,cafe,italian,40.7222054,-73.9821254
node,8284627179,Manhattan,Madame Bonté Café,cafe,coffee_shop,40.7832576,-73.9475535
node,8289646188,Manhattan,Prince Tea House,cafe,coffee_shop;breakfast;sandwich,40.7189751,-73.9947937
node,8289799740,Manhattan,Starbucks,cafe,coffee_shop,40.7515183,-73.9949349
node,8307757298,Manhattan,Le Pain Quotidien,cafe,coffee_shop,40.7727091,-73.9816717
node,8333736496,Manhattan,Modern Bread and Bagel,cafe,bagel;pizza;sandwich;salad;pastry,40.7753173,-73.9563154
node,8333736504,Manhattan,E.A.T.,cafe,jewish;american,40.7773359,-73.9615905
node,8333740831,Manhattan,S. Wan Cafe,cafe,,40.717267,-73.9925517
node,8427233988,Manhattan,Black Press Coffee,cafe,coffee_shop,40.7780161,-73.978577
node,8455829693,Manhattan,Starbucks,cafe,coffee_shop,40.7452485,-73.9822953
node,8551295312,Manhattan,Starbucks,cafe,coffee_shop,40.7594589,-73.9700026
node,8551468889,Manhattan,Starbucks,cafe,coffee_shop,40.7567499,-73.9726202
node,8551468898,Manhattan,Ground Central,cafe,coffee_shop,40.7529752,-73.9747483
node,8551468902,Manhattan,Starbucks,cafe,coffee_shop,40.7522546,-73.9752551
node,8587042214,Manhattan,Buddy Buddy,cafe,,40.7261377,-73.9921319
node,8622598771,Manhattan,Starbucks,cafe,coffee_shop,40.7197342,-73.9991471
node,8641328556,Manhattan,PlantShed New York Flowers,cafe,coffee_shop,40.7935231,-73.9705072
node,8641328557,Manhattan,green lane coffee,cafe,coffee_shop,40.7941755,-73.9710563
node,8644307517,Manhattan,Starbucks,cafe,coffee_shop,40.7137611,-74.009094
node,8648214218,Manhattan,Interlude Coffee and Tea,cafe,,40.7211682,-74.0085684
node,8669140491,Manhattan,Starbucks,cafe,coffee_shop,40.7526793,-73.992874
node,8669227466,Manhattan,Essen,cafe,,40.7534341,-73.9928127
node,8670146200,Manhattan,The Times Eatery,cafe,,40.7579172,-73.9890503
node,8687882712,Manhattan,Charlotte Cafe,cafe,,40.7942067,-73.9724815
node,8695143164,Manhattan,Eleni's Goods,cafe,greek;coffee_shop,40.7368812,-73.9848111
node,8709392098,Manhattan,Royal Coffee,cafe,coffee_shop,40.7853877,-73.9791671
node,8732421661,Manhattan,Frenchy Cafe,cafe,coffee_shop;french,40.7898312,-73.9482267
node,8750573619,Manhattan,Heytea,cafe,bubble_tea,40.7180873,-74.001073
node,8772495902,Manhattan,Black Star Bakery & Cafe,cafe,cafe,40.7749318,-73.9480822
node,8785244239,Manhattan,Joe & The Juice,cafe,coffee_shop,40.7655854,-73.981766
node,8787410950,Manhattan,Le Botaniste,cafe,,40.7741425,-73.9814385
node,8787410956,Manhattan,Blank Street Coffee,cafe,coffee_shop,40.775414,-73.9804759
node,8789178531,Manhattan,Croft Alley,cafe,breakfast;salad,40.7270606,-74.0031671
node,8789533322,Manhattan,Little Collins,cafe,,40.7523935,-73.9735028
node,8791888444,Manhattan,Grace Street,cafe,ice_cream;korean,40.7476872,-73.9864866
node,8792307147,Manhattan,Think Coffee,cafe,coffee_shop,40.7381183,-73.9838989
node,8832734925,Manhattan,Starbucks,cafe,coffee_shop,40.7092166,-74.0141592
node,8851156980,Manhattan,Cafe Atelier,cafe,coffee_shop,40.719582,-74.0084712
node,8872982362,Manhattan,Cook,cafe,,40.7538538,-73.9868085
node,8872982377,Manhattan,Starbucks,cafe,coffee_shop,40.7543258,-73.9871718
node,8881081277,Manhattan,one cup tea,cafe,smoothie;tea,40.7169447,-73.994646
node,8883769317,Manhattan,Starbucks,cafe,coffee_shop,40.7148605,-74.0059829
node,8890918163,Manhattan,Starbucks,cafe,coffee_shop,40.7535964,-73.9992946
node,8914329517,Manhattan,Laughing Man,cafe,coffee_shop,40.7145719,-74.0171487
node,8914342617,Manhattan,Cicci Di Carne,cafe,coffee_shop,40.713932,-74.0164953
node,8974574626,Manhattan,Bread N Wine,cafe,sandwich,40.7836736,-73.9523572
node,8996587943,Manhattan,Lucid Cafe,cafe,coffee_shop,40.7486986,-73.9778705
node,9035676817,Manhattan,Tea Makers,cafe,,40.7476635,-73.9864189
node,9036389122,Manhattan,Astor Plate,cafe,breakfast;sandwich,40.7297204,-73.9909801
node,9036389125,Manhattan,Le Petit Parisien,cafe,sandwich;pastry;french,40.7282924,-73.9891267
node,9045283641,Manhattan,Oscar's Place,cafe,british,40.7317675,-74.0064128
node,9064064217,Manhattan,The Lazy Llama Coffee Bar,cafe,,40.7234822,-73.9886664
node,9075295302,Manhattan,Yia Yia's Homemade Greek Food,cafe,greek,40.7656124,-73.9570688
node,9088344065,Manhattan,Tompkins Square Bagels,cafe,bagel,40.7306929,-73.9858959
node,9098890025,Manhattan,Matto Espresso,cafe,coffee_shop,40.768399,-73.958881
node,9140832070,Manhattan,Lavazza Caffè,cafe,italian,40.7420578,-73.9894927
node,9144041599,Manhattan,Starbucks,cafe,coffee_shop,40.810303,-73.9526624
node,9173283016,Manhattan,Starbucks,cafe,coffee_shop,40.7742116,-73.9546884
node,9228265907,Manhattan,Brasserie Toast Cafe,cafe,,40.7507114,-73.9868695
node,9241590661,Manhattan,Vivi Bubble Tea,cafe,,40.7672671,-73.9592472
node,9306571357,Manhattan,Scooter's Coffee,cafe,coffee_shop,39.1924859,-96.6118348
node,9312819779,Manhattan,Marathon Coffee,cafe,,40.781057,-73.9525772
node,9321723922,Manhattan,le Réveil,cafe,,40.7671717,-73.9593112
node,9321760830,Manhattan,Ella's Cafe,cafe,,40.7715895,-73.956552
node,9325661457,Manhattan,Cafe Aroma,cafe,,40.7559346,-73.9942088
node,9340215860,Manhattan,Hawa Smoothies,cafe,smoothie,40.7181358,-73.9860644
node,9371206973,Manhattan,GrandLo Cafe,cafe,coffee_shop,40.7168549,-73.9856403
node,9374707265,Manhattan,Café d'Avignon,cafe,,40.7175729,-73.9880757
node,9409060624,Manhattan,Qahwah House,cafe,coffee_shop,40.8052243,-73.966289
node,9448907812,Manhattan,Paris Baguette,cafe,,40.779167,-73.9560063
node,9497036165,Manhattan,Madame Bontè Café,cafe,,40.7761004,-73.9518782
node,9543860017,Manhattan,PROOF Coffee Roasters,cafe,,40.8149807,-73.9443109
node,9543863717,Manhattan,BO's Bagels,cafe,bagel,40.8041731,-73.9541227
node,9543871617,Manhattan,Afficionado Coffee Roasters,cafe,coffee_shop,40.7675057,-73.9931234
node,9543885217,Manhattan,Saltwater Coffee,cafe,,40.7303032,-73.9839567
node,9543892117,Manhattan,La Cabra,cafe,,40.7293965,-73.9868649
node,9543899217,Manhattan,Blackstone Coffee Roaster,cafe,,40.7332768,-74.0061716
node,9543899218,Manhattan,Oslo Coffee Roasters,cafe,,40.7337757,-74.0054727
node,9550708171,Manhattan,Ralph's Coffee,cafe,coffee_shop,40.7400868,-73.9909032
node,9552593824,Manhattan,The Donut Pub,cafe,donut,40.7297984,-73.9928785
node,9556844292,Manhattan,Romeo And Juliet Colombian Coffee,cafe,coffee_shop,40.7608594,-73.997937
node,9559658875,Manhattan,Beard Papa's,cafe,dessert,40.7293544,-73.989023
node,9566829986,Manhattan,N25 Nitro Tea & Coffee,cafe,vietnamese,40.7290595,-73.9884404
node,9571769981,Manhattan,Cafè Blériot,cafe,coffee_shop,40.7762901,-73.9542806
node,9579194108,Manhattan,Oasis Cafe,cafe,coffee_shop;mediterranean;sandwich,40.7366185,-73.9815739
node,9579314646,Manhattan,MooMooCha,cafe,bubble_tea,40.7329596,-73.9859835
node,9579377217,Manhattan,Sammy L Coffee,cafe,coffee_shop;sandwich;pastry,40.7316535,-73.9880652
node,9581958450,Manhattan,Evelyn's Kitchen,cafe,,40.7977141,-73.9343965
node,9586083804,Manhattan,Joe & The Juice,cafe,coffee_shop,40.7639375,-73.9667072
node,9586659413,Manhattan,Alice's Tea Cup,cafe,tea,40.7651701,-73.9657768
node,9590309771,Manhattan,Grabstein's Bagels,cafe,bagel,40.7870041,-73.9540362
node,9596938816,Manhattan,Tal Bagels,cafe,,40.7809445,-73.954711
node,9630440537,Manhattan,The Hideout Chai Bar,cafe,tea,40.7210014,-73.9911028
node,9633471059,Manhattan,Dear Mama,cafe,,40.8167277,-73.9585099
node,9644541103,Manhattan,Machi machi,cafe,bubble_tea,40.7479431,-73.987102
node,9652667817,Manhattan,The Little Beet,cafe,,40.7052164,-74.0091284
node,9658251141,Manhattan,Liberty Bagels Midtown,cafe,bagel,40.7525226,-73.9924763
node,9659096580,Manhattan,Old Country Coffee,cafe,breakfast;sandwich,40.7545045,-73.998504
node,9661358859,Manhattan,Kettl,cafe,oriental,40.7266373,-73.991949
node,9661358860,Manhattan,Current Coffee,cafe,coffee_shop,40.7266017,-73.9919637
node,9683497137,Manhattan,Caroline's Donuts,cafe,donut,40.7771173,-73.9525218
node,9683499914,Manhattan,Café Maud,cafe,american;brunch,40.7772229,-73.951999
node,9690757656,Manhattan,Le Pain Quotidien,cafe,coffee_shop,40.7747408,-73.9506866
node,9699175979,Manhattan,Rind,cafe,,40.7591032,-73.9918725
node,9711419117,Manhattan,Healthy Green Juice Bar,cafe,,40.709544,-74.0085841
node,9715980449,Manhattan,Flower's Cafe,cafe,coffee_shop;sandwich,40.7162197,-73.9895853
node,9717340504,Manhattan,Meow Parlour,cafe,,40.7156154,-73.9902595
node,9735398744,Manhattan,Art Bean Coffee Roasters,cafe,coffee_shop,40.7146689,-73.9981529
node,9770640988,Manhattan,Bonjour Crepes & Waffles,cafe,,40.7755074,-73.9536926
node,9784340519,Manhattan,Partners Coffee,cafe,,40.7624715,-73.9811369
node,9784352417,Manhattan,Le Caffe Coffee,cafe,,40.759942,-73.9816372
node,9784361517,Manhattan,Maman,cafe,,40.7575756,-73.9790831
node,9806919511,Manhattan,Starbucks,cafe,coffee_shop,40.7436657,-73.9738384
node,9826455127,Manhattan,Spongies Cafe,cafe,,40.7180009,-73.9989068
node,9826455128,Manhattan,Kam Hing Coffee Shop,cafe,,40.7179543,-73.9991906
node,9859366273,Manhattan,Lamb's Bread,cafe,cannabis,40.7927777,-73.9406366
node,9874879428,Manhattan,Bite of Hong Kong,cafe,,40.7173256,-73.9944535
node,9875403134,Manhattan,Möge Tee,cafe,asian;bubble_tea,40.7291644,-73.9899477
node,9879124792,Manhattan,Joe Coffee,cafe,coffee_shop,40.6892365,-74.0184224
node,9890344448,Manhattan,Remi43 Flower & Coffee,cafe,,40.7506032,-73.9713921
node,9915437745,Manhattan,Black Fox Coffee Co.,cafe,coffee_shop,40.7532096,-73.9983386
node,9978637390,Manhattan,Three Jewels,cafe,,40.7262473,-73.9911911
node,10000660266,Manhattan,Blue Bottle Coffee,cafe,coffee_shop,40.7514513,-73.9955788
node,10010270931,Manhattan,Dear Coffee,cafe,,40.778152,-73.9567392
node,10064144417,Manhattan,Joe & The Juice,cafe,coffee_shop,40.7225249,-73.9974462
node,10090538383,Manhattan,Matchaful,cafe,,40.7211027,-74.0039693
node,10096054217,Manhattan,Frisson Espresso 44,cafe,,40.7600809,-73.9921104
node,10145183255,Manhattan,Rosemary's Pantry,cafe,coffee_shop;breakfast;sandwich,40.7351387,-73.9794032
node,10179234747,Manhattan,La Librairie des Enfants Café,cafe,,40.7830092,-73.951819
node,10195939473,Manhattan,Ganache Coffee,cafe,coffee_shop,40.8066718,-73.9539564
node,10215152666,Manhattan,Starbucks,cafe,coffee_shop,40.7606653,-73.9786542
node,10224616957,Manhattan,Plantshed,cafe,coffee_shop,40.7312238,-73.9860512
node,10270349365,Manhattan,Cafecito,cafe,coffee_shop,40.7185168,-73.9938501
node,10281405382,Manhattan,Épicerie Boulud,cafe,,40.7117738,-74.0116689
node,10301379609,Manhattan,Hungry Ghost Coffee,cafe,,40.7328798,-74.0038211
node,10309927350,Manhattan,White Noise Coffee Co.,cafe,coffee_shop;tea,40.7701027,-73.9918251
node,10311585044,Manhattan,Le Cafe Coffee,cafe,coffee_shop,40.7712328,-73.9930809
node,10584741958,Manhattan,Paris Baguette,cafe,,40.7183915,-73.9942283
node,10584741959,Manhattan,New Kamboat Bakery & Cafe,cafe,,40.7177951,-73.9949335
node,10584741960,Manhattan,Daronghua Bakery,cafe,,40.7183685,-73.9941338
node,10584741963,Manhattan,I'Milky,cafe,,40.7184114,-73.994286
node,10592171291,Manhattan,Matto Espresso,cafe,coffee_shop,40.7404973,-73.9816996
node,10607383893,Manhattan,Flight Crew Coffee,cafe,coffee_shop,39.1791816,-96.5629483
node,10616783226,Manhattan,The Library Café by Amy's Bread,cafe,,40.7518188,-73.9815906
node,10689197471,Manhattan,Matto Espresso,cafe,coffee_shop,40.7328775,-73.9877118
node,10692993581,Manhattan,Hekate Café & Elixir Lounge,cafe,tea,40.7271351,-73.9795427
node,10695864090,Manhattan,Venchi,cafe,dessert;chocolate;ice_cream,40.7374343,-73.9903996
node,10696133542,Manhattan,Le Pain Quotidien,cafe,coffee_shop,40.7400773,-73.989726
node,10697603105,Manhattan,Modern Bread and Bagel,cafe,bagel;pastry,40.7382535,-73.9985079
node,10717839773,Manhattan,Carmela Coffee,cafe,,40.7324116,-73.9964639
node,10717839775,Manhattan,Marlton Esprsso Bar,cafe,,40.7325497,-73.9967931
node,10717839800,Manhattan,Moshava Coffee,cafe,,40.7332791,-73.9985251
node,10751283105,Manhattan,Hutch and Waldo,cafe,,40.7748669,-73.9542775
node,10755612112,Manhattan,Maman,cafe,,40.7755174,-73.9566349
node,10756703060,Manhattan,Matcha Cafe Maiko,cafe,coffee_shop,40.7189289,-73.9948154
node,10769253446,Manhattan,Starbucks,cafe,coffee_shop,40.7296098,-73.9963468
node,10797237705,Manhattan,Felix Roasting Co.,cafe,coffee_shop,40.7449381,-73.9831337
node,10798119179,Manhattan,Plowshares Coffee Roasters,cafe,coffee_shop,40.8137808,-73.9557256
node,10817203424,Manhattan,Jooy Tea Shoppe,cafe,bubble_tea,40.7607909,-73.9911391
node,10828734042,Manhattan,Early Edition Espresso Bar,cafe,coffee_shop,40.748382,-73.9878429
node,10828749043,Manhattan,Yi Fang Tea,cafe,bubble_tea,40.7154382,-73.9982044
node,10830968028,Manhattan,Joe & The Juice,cafe,coffee_shop,40.7260837,-74.001279
node,10833095528,Manhattan,Starbucks,cafe,coffee_shop,40.7404072,-74.0050369
node,10844410470,Manhattan,Matto Espresso,cafe,coffee_shop,40.7850355,-73.951709
node,10844530005,Manhattan,Gregory’s,cafe,,40.7515977,-73.9806682
node,10884425202,Manhattan,In Common NYC Cafe,cafe,,40.7538903,-73.9961681
node,10906413973,Manhattan,Starbucks,cafe,coffee_shop,40.7026356,-74.0117836
node,10908633305,Manhattan,Gregory’s coffee,cafe,,40.7579767,-73.9694536
node,10908635405,Manhattan,Gregory’s coffee,cafe,,40.7282617,-74.0051457
node,10911526106,Manhattan,Gregory’s coffee,cafe,,40.7477192,-73.989028
node,10923174175,Manhattan,Le Café Coffee,cafe,,40.7338591,-73.9896639
node,10923249690,Manhattan,Butterdose,cafe,,40.7319019,-73.9863128
node,10936887405,Manhattan,The SisterYard,cafe,,40.773514,-73.9639139
node,10963340357,Manhattan,Birch Coffee,cafe,,40.7510055,-73.9951268
node,10979262390,Manhattan,Two Hands,cafe,breakfast;coffee_shop,40.7197286,-73.9960952
node,10979262392,Manhattan,The Chai Spot,cafe,snack,40.719466,-73.996191
node,10982264361,Manhattan,Black Press Coffee,cafe,,40.7638169,-73.9646685
node,10982272193,Manhattan,Frolla Cafè,cafe,coffee_shop;italian,40.7585176,-73.9629994
node,10982394762,Manhattan,Borris & Horton,cafe,,40.7270841,-73.976867
node,10982600248,Manhattan,B&B Bagels,cafe,bagel,40.7685162,-73.9552447
node,10993142705,Manhattan,Buunni,cafe,american,40.8551748,-73.9377338
node,10995386324,Manhattan,Blue Bottle Coffee,cafe,coffee_shop,40.7531828,-74.0017525
node,11005811332,Manhattan,Black Lab Cafe,cafe,coffee_shop,40.7839974,-73.9779504
node,11031452795,Manhattan,Loco Coco,cafe,,40.7055551,-74.0039605
node,11045286604,Manhattan,Arvaci Ciffee,cafe,coffee_shop,40.7453194,-73.9795124
node,11046991906,Manhattan,Jack's Stir Brew Coffee,cafe,coffee_shop,40.7345114,-74.0006277
node,11048022206,Manhattan,Berlina Café,cafe,international,40.75534,-73.9909383
node,11048648635,Manhattan,Blank Slate,cafe,,40.7264448,-74.0020207
node,11051498568,Manhattan,Jack's All Day,cafe,american,40.7597557,-73.9881821
node,11055876400,Manhattan,Cafe 424,cafe,,40.7663841,-73.9884166
node,11062705505,Manhattan,Fellini Coffee,cafe,italian,40.735914,-74.0016986
node,11076895105,Manhattan,Gregory’s coffee,cafe,,40.7615722,-73.983214
node,11078875248,Manhattan,Platinum Plus Cafe,cafe,,40.7409445,-73.9762081
node,11084168882,Manhattan,Simpl Coffee Shop,cafe,coffee_shop,40.7092141,-74.0088431
node,11085058403,Manhattan,Angelina Paris,cafe,pastry;french,40.7741135,-73.9593294
node,11092315005,Manhattan,Palm Court,cafe,,40.7644229,-73.9746
node,11092322205,Manhattan,Tea room at BG,cafe,,40.7631731,-73.9733016
node,11093309492,Manhattan,Padoca Bakery,cafe,,40.7661833,-73.962362
node,11094243741,Manhattan,Cafe @ McNally Jackson Seaport,cafe,,40.7062991,-74.0033886
node,11098842088,Manhattan,Ănjelly,cafe,coffee_shop;dessert,40.7273122,-73.9842529
node,11105960681,Manhattan,Poetica Coffee,cafe,,40.728556,-73.9879209
node,11119847161,Manhattan,Tutto Calcio Espresso Bar,cafe,coffee_shop,40.7096711,-74.0087599
node,11119879312,Manhattan,Matto Espresso,cafe,coffee_shop,40.7094844,-74.008186
node,11123639305,Manhattan,Blank Street Coffee,cafe,,40.7264761,-74.0020131
node,11153420446,Manhattan,Paradis in the Park,cafe,,40.7563096,-73.9997633
node,11154832263,Manhattan,Gong Cha,cafe,bubble_tea,40.7782804,-73.982317
node,11157794983,Manhattan,Starbucks,cafe,coffee_shop,40.7517217,-73.987791
node,11157819678,Manhattan,Starbucks,cafe,coffee_shop,40.7578118,-73.9758282
node,11159676323,Manhattan,Tenthousand Coffee,cafe,coffee_shop,40.7075238,-74.0110938
node,11161553273,Manhattan,Tozzo,cafe,,40.7724997,-73.9558893
node,11170363349,Manhattan,Züri Coffee,cafe,coffee_shop,40.7835933,-73.979832
node,11172400856,Manhattan,Blue Bottle Coffee,cafe,coffee_shop,40.7065445,-74.0112372
node,11175680754,Manhattan,Birch Coffee,cafe,,40.7142671,-74.008695
node,11188992731,Manhattan,Starbucks,cafe,coffee_shop,40.7061571,-74.0056905
node,11193936084,Manhattan,Da Adriano,cafe,,40.7631111,-73.9591348
node,11196521509,Manhattan,Beloved Café & Resto,cafe,,40.7225587,-73.9884993
node,11197809340,Manhattan,Milo Coffee Shop,cafe,coffee_shop,40.848325,-73.9309817
node,11223060596,Manhattan,Ashby's,cafe,,40.7080354,-74.0105959
node,11225872965,Manhattan,Brothers Coffee Company,cafe,coffee_shop,39.1857118,-96.5796494
node,11236742641,Manhattan,Green Park Deli & Pizza,cafe,sandwich;salad;juice;smoothie;coffee_shop,40.7819547,-73.9759526
node,11258767163,Manhattan,Jack's Stir Brew Coffee,cafe,,40.7163547,-74.0098581
node,11258782637,Manhattan,Chun Yang,cafe,bubble_tea,40.7151337,-74.0081532
node,11281910248,Manhattan,Ole & Steen,cafe,,40.7801272,-73.9553231
node,11308423815,Manhattan,Capital One Café,cafe,coffee_shop;tea,40.7498599,-73.9874941
node,11309501243,Manhattan,Starbucks,cafe,coffee_shop,40.7543433,-74.0022171
node,11329721731,Manhattan,Cafe Clementine,cafe,,40.7175462,-74.0104404
node,11331402045,Manhattan,Blue Bottle Coffee,cafe,coffee_shop,40.7630341,-73.9786396
node,11342362811,Manhattan,Cafe Kitsune,cafe,coffee_shop,40.7350547,-74.0058686
node,11374517233,Manhattan,Empanadas Soho,cafe,empanada;argentinian,40.7207982,-73.9965628
node,11386500757,Manhattan,Hokkaido Baked Cheese Tart,cafe,coffee_shop;pastry,40.7300314,-73.986353
node,11399299251,Manhattan,Cloud Touch,cafe,coffee_shop,40.8026503,-73.9681586
node,11399352938,Manhattan,Song Tea,cafe,bubble_tea,40.7525257,-73.9897468
node,11399352946,Manhattan,Chocolate Dip,cafe,dessert;crepe;waffle;ice_cream,40.7536834,-73.9888962
node,11399352953,Manhattan,Frame Gourmet Eatery,cafe,,40.754545,-73.9882746
node,11399352960,Manhattan,Gregorys Coffee,cafe,coffee_shop,40.7542503,-73.9878848
node,11399352963,Manhattan,Starbucks,cafe,coffee_shop,40.7536851,-73.9884107
node,11399352965,Manhattan,Café Hestia,cafe,mexican,40.7532206,-73.9887428
node,11404191035,Manhattan,Crumbly Cafe & Bakery,cafe,,40.7801055,-73.950358
node,11408018369,Manhattan,Gregory’s,cafe,,40.7599122,-73.9912526
node,11411008768,Manhattan,Zelma's Caffe,cafe,coffee_shop,40.7981602,-73.9695635
node,11411443529,Manhattan,Omonia Cafe,cafe,coffee_shop;dessert,40.8031476,-73.9677965
node,11413866658,Manhattan,NaiSnow,cafe,tea,40.8014469,-73.964743
node,11413869531,Manhattan,Super Nice Coffee and Bakery,cafe,coffee_shop;dessert,40.8015058,-73.9644654
node,11418235696,Manhattan,Italian Trattoria,cafe,italian,40.7539389,-73.9887119
node,11418737772,Manhattan,Durar Café,cafe,,40.8026229,-73.9643443
node,11441007599,Manhattan,Mangia,cafe,coffee_shop;pastry;italian,40.7248407,-73.9970753
node,11445034900,Manhattan,Matto Espresso,cafe,coffee_shop,40.7151538,-74.0056897
node,11450728435,Manhattan,Increpeable,cafe,,40.7830689,-73.9511138
node,11463577700,Manhattan,Gold Coffee,cafe,coffee_shop,40.7451244,-73.9783409
node,11477076134,Manhattan,Blank Street Coffee,cafe,coffee_shop,40.791758,-73.9742519
node,11479001393,Manhattan,Frame,cafe,coffee_shop,40.7800776,-73.9803168
node,11479001567,Manhattan,Joe & The Juice,cafe,coffee_shop,40.781328,-73.9794069
node,11505171169,Manhattan,Bryant Park Café,cafe,,40.7537445,-73.982553
node,11505171269,Manhattan,Kodawari,cafe,,40.7182769,-73.9927278
node,11517456127,Manhattan,Mom's Food Market,cafe,,40.8012634,-73.9593439
node,11521280861,Manhattan,Joe & The Juice,cafe,coffee_shop,40.7915836,-73.9736788
node,11536106180,Manhattan,Cafe Zaiya,cafe,coffee_shop,40.754069,-73.9849241
node,11545491005,Manhattan,MACC Deli,cafe,,40.798879,-73.9615675
node,11557681070,Manhattan,Remi Flower & Coffee,cafe,,40.7538106,-73.9690686
node,11583940162,Manhattan,Irving Farm Coffee Roasters,cafe,coffee_shop,40.7834343,-73.9794572
node,11584626923,Manhattan,Picky Barista,cafe,coffee_shop,40.7794718,-73.9832116
node,11610991069,Manhattan,La Cabra,cafe,,40.7242387,-73.9961964
node,11612945463,Manhattan,Artisan Cafe,cafe,coffee_shop,40.7899919,-73.9735603
node,11627936545,Manhattan,Wanpo Tea Shop,cafe,bubble_tea,40.7314777,-73.9942487
node,11653922817,Manhattan,787 Coffee,cafe,,40.7340242,-74.0039038
node,11654745957,Manhattan,Pop’s Bagels,cafe,,40.7245453,-73.9943619
node,11659815869,Manhattan,Starbucks,cafe,coffee_shop,40.7109261,-74.0103462
node,11663984987,Manhattan,Round K by Sol,cafe,korean;coffee_shop,40.7151445,-73.9931296
node,11664042688,Manhattan,Savor Coffee,cafe,coffee_shop,40.7903819,-73.9727124
node,11665558672,Manhattan,787 Coffee,cafe,coffee_shop,40.766576,-73.9573829
node,11674345072,Manhattan,Butler,cafe,breakfast;sandwich,40.7201134,-73.9988044
node,11686756833,Manhattan,Westville,cafe,,40.7860409,-73.9780219
node,11687176847,Manhattan,Mochi Dolci & 222 Speakeasy,cafe,dessert,40.7833931,-73.9794128
node,11704876920,Manhattan,Madman Espresso,cafe,coffee_shop;breakfast;sandwich,40.7525798,-73.9744452
node,11717251431,Manhattan,Café Olympia,cafe,,40.7599242,-73.9700459
node,11725744791,Manhattan,drip coffee makers,cafe,coffee_shop,40.7233442,-74.0065729
node,11725766040,Manhattan,drip coffee makers,cafe,coffee_shop,40.7040496,-74.0076741
node,11725779437,Manhattan,Panther Coffee,cafe,coffee_shop,40.7256642,-73.9989626
node,11729260580,Manhattan,Zuri Coffee,cafe,coffee_shop,40.7580154,-73.9629042
node,11736720370,Manhattan,Liberty Bagels,cafe,,40.7631664,-73.972521
node,11738012197,Manhattan,Sui Yoga Studio.Cafe,cafe,,40.7258776,-74.0036174
node,11738266640,Manhattan,Brunch,cafe,,40.783395,-73.9799783
node,11738335249,Manhattan,Chip City,cafe,dessert;cookies,40.7810607,-73.976365
node,11739055903,Manhattan,Starbucks,cafe,coffee_shop,40.7257767,-74.0055352
node,11748507792,Manhattan,Espresso Heights,cafe,pastry,40.850251,-73.9344288
node,11754487748,Manhattan,Conwell Coffee Hall,cafe,,40.7054382,-74.0091433
node,11762033170,Manhattan,Zucker's Bagels & Smoked Fish,cafe,,40.7538905,-73.9850776
node,11817061865,Manhattan,SigSpace,cafe,,40.7592421,-73.9951614
node,11820360453,Manhattan,Picky Barista,cafe,coffee_shop,40.790594,-73.9689247
node,11842373514,Manhattan,Frenchette Bakery,cafe,,40.7395346,-74.008533
node,11842400114,Manhattan,Cassava House,cafe,,40.796445,-73.9348477
node,11860537157,Manhattan,Nana's Green Tea,cafe,japanese;tea;ice_cream;cake,40.7479234,-73.987814
node,11862536065,Manhattan,Intelligentsia Café,cafe,,40.7458606,-74.0049844
node,11865385960,Manhattan,Elsewhere Espresso,cafe,coffee_shop,40.7268048,-73.9868664
node,11865529110,Manhattan,Starbucks,cafe,coffee_shop,40.7505083,-73.9933551
node,11872590937,Manhattan,Paris Baguette,cafe,,40.7548345,-73.9864878
node,11872851264,Manhattan,Joe & The Juice,cafe,coffee_shop,40.7545541,-73.9830108
node,11873613002,Manhattan,Ghemo Bakery,cafe,coffee_shop,40.8007231,-73.9659776
node,11875174372,Manhattan,Starbucks,cafe,coffee_shop,40.7541345,-73.9717499
node,11895286667,Manhattan,Culture Espresso,cafe,coffee_shop,40.7551309,-73.9923795
node,11897354380,Manhattan,Now or Never,cafe,,40.7228856,-74.0045762
node,11897453324,Manhattan,Tokuyamatcha Onigirazubar,cafe,,40.7239804,-73.9801699
node,11910381816,Manhattan,Spot Dessert Bar,cafe,dessert,40.7292945,-73.989015
node,11918682921,Manhattan,The Monroe,cafe,,40.7117671,-73.9937291
node,11939429373,Manhattan,Do Not Feed Alligators,cafe,coffee_shop,40.7336811,-74.0042611
node,11942932648,Manhattan,Duo,cafe,pastry,40.7273382,-73.9900277
node,11949550419,Manhattan,Blank Street Coffee,cafe,coffee_shop,40.7880325,-73.9770984
node,11958687397,Manhattan,The Muffins Cafe,cafe,,40.7763311,-73.9798016
node,11961064414,Manhattan,Coffee For Sasquatch,cafe,,40.7205273,-73.9965666
node,11963599308,Manhattan,Prestige Cafe & Deli,cafe,,40.8429363,-73.9418091
node,11963623561,Manhattan,Forever Coffee,cafe,,40.8502767,-73.9365435
node,11963636514,Manhattan,Buunni Coffee,cafe,,40.8428438,-73.942848
node,11968161061,Manhattan,Vanilla Gorilla Cafe,cafe,coffee_shop;sandwich;pastrino,40.7538327,-73.9925095
node,11980017793,Manhattan,Omega Bakery & Cafe,cafe,,40.8102659,-73.9532009
node,11994512705,Manhattan,Greenport Cafe,cafe,,40.7600446,-73.9632883
node,11994512711,Manhattan,Tramway Diner,cafe,coffee_shop,40.759579,-73.9622052
node,12023789088,Manhattan,Variety Coffee Roasters,cafe,coffee_shop,40.7849338,-73.9767992
node,12024393754,Manhattan,Starbucks,cafe,coffee_shop,40.7835809,-73.9745307
node,12042873185,Manhattan,Hungry & Healthy Marketplace,cafe,,40.7784694,-73.9808505
node,12055618255,Manhattan,Cafe Lyria,cafe,,40.725889,-73.9954623
node,12055649675,Manhattan,Raf's,cafe,italian;french;breakfast;pastry,40.7246991,-73.9932247
node,12065422572,Manhattan,Green Lane Coffee,cafe,,40.7744639,-73.9509001
node,12070920014,Manhattan,Alex Cafe & Deli,cafe,sandwich;breakfast,40.7674269,-73.9547221
node,12081972242,Manhattan,About Coffee,cafe,coffee_shop,40.783362,-73.974207
node,12083521695,Manhattan,Chez les Frenchies,cafe,french;sandwich,40.7686957,-73.9518229
node,12084131486,Manhattan,Kosmic Community Anti Bar,cafe,,40.7244254,-73.9787948
node,12086289679,Manhattan,Le Petit Parisien,cafe,french,40.776121,-73.9837543
node,12095137001,Manhattan,Naya,cafe,mediterranean,40.7655727,-73.9543985
node,12095137003,Manhattan,Starbucks,cafe,coffee_shop,40.7659365,-73.9541722
node,12102851138,Manhattan,Paris Baguette,cafe,,40.7514912,-73.9862834
node,12102901861,Manhattan,Joe & The Juice,cafe,coffee_shop,40.7157994,-74.0109094
node,12120372893,Manhattan,Birch Coffee,cafe,coffee_shop,40.7575906,-73.9674597
node,12122432674,Manhattan,Starbucks,cafe,coffee_shop,40.755991,-73.9904415
node,12146166169,Manhattan,Hi-Note,cafe,snack,40.7278978,-73.9792841
node,12150569640,Manhattan,Hawa,cafe,bubble_tea,40.7663014,-73.9573166
node,12177578858,Manhattan,Matto Espresso,cafe,coffee_shop,40.7605195,-73.9908845
node,12177578860,Manhattan,Juice Generation,cafe,juice,40.7604588,-73.9909339
node,12195740993,Manhattan,Starbucks Pickup,cafe,coffee_shop,40.7293401,-74.0049942
node,12200487947,Manhattan,Love Mi Yogurt,cafe,bubble_tea,40.7335751,-73.9897
node,12207819344,Manhattan,Kopifellas,cafe,singaporean;coffee;bubble_tea,40.7609179,-73.9823212
node,12230629417,Manhattan,787 Coffee,cafe,coffee_shop,40.7743341,-73.9555786
node,12246616257,Manhattan,Starbucks,cafe,coffee_shop,40.7585572,-73.9865632
node,12254980775,Manhattan,The Dutchess Tea House,cafe,,40.7217666,-73.9921781
node,12288613872,Manhattan,Björk Cafe,cafe,scandinavian,40.7494227,-73.9799574
node,12307831703,Manhattan,Modern Coffee House,cafe,,40.7136888,-73.993096
node,12327528096,Manhattan,Blank Street Coffee,cafe,coffee_shop,40.7275652,-73.9826272
node,12331073196,Manhattan,Starbucks,cafe,coffee_shop,40.7379164,-73.9883261
node,12334487675,Manhattan,Oasis Cafe,cafe,breakfast;sandwich,40.7292501,-73.9810072
node,12334487681,Manhattan,Cafe Joah,cafe,,40.7298281,-73.9805928
node,12350543849,Manhattan,L.A. Burdick Handmade Chocolates,cafe,coffee_shop;chocolate,40.7258246,-74.0012786
node,12365507726,Manhattan,Yours Truly Coffee,cafe,coffee_shop,40.7211169,-73.9944719
node,12365547753,Manhattan,Boba Guys,cafe,bubble_tea,40.7218228,-73.9957101
node,12365555328,Manhattan,Spring Lemon Tree,cafe,coffee_shop;breakfast;sandwich;juice,40.7220431,-73.9967564
node,12365598708,Manhattan,The Green Room by Blank Street Coffee,cafe,coffee_shop,40.7224732,-73.9972411
node,12368281668,Manhattan,Red Beard Bakery,cafe,,40.729764,-73.9835016
node,12396937575,Manhattan,Da blanca pizzeria,cafe,pizza,40.7900164,-73.9477263
node,12412959742,Manhattan,Le Pain Quotidien,cafe,coffee_shop,40.7507303,-73.9767376
node,12440279485,Manhattan,Pop Up Grocer,cafe,,40.7296464,-74.0018437
node,12469063673,Manhattan,Angelina Bakery Grand Central,cafe,coffee_shop;bakery,40.7531442,-73.974998
node,12469112391,Manhattan,Angelina Bakery & Pizza,cafe,bakery;coffee_shop,40.7500475,-73.9860309
node,12470628921,Manhattan,Sahola Cofee Shop,cafe,coffee_shop;sandwich,40.7448189,-73.9821539
node,12475018927,Manhattan,Posh Pop Bakeshop,cafe,,40.7846393,-73.9732917
node,12496752009,Manhattan,The Elk,cafe,,40.7223663,-73.9950617
node,12513048658,Manhattan,Starbucks,cafe,coffee_shop,40.7647969,-73.9770797
node,12526669807,Manhattan,Le Pain Quotidien,cafe,coffee_shop,40.7476794,-73.9927573
node,12527817288,Manhattan,Heytea,cafe,bubble_tea,40.8033866,-73.9676206
node,12544932851,Manhattan,Starbucks,cafe,coffee_shop,40.7640978,-73.9645088
node,12548048547,Manhattan,Starbucks,cafe,coffee_shop,40.7588353,-73.9735624
node,12621634600,Manhattan,amano cafe,cafe,coffee_shop,40.7321451,-74.0017362
node,12621649169,Manhattan,The Coppola Cafe,cafe,coffee_shop,40.7322995,-74.0015137
node,12623548203,Manhattan,Cafe La Fe,cafe,coffee_shop;empanada,40.7235315,-73.9887809
node,12626586012,Manhattan,St. George Coffee,cafe,french;coffee_shop,40.7321479,-74.0038758
node,12641327760,Manhattan,Tap NYC,cafe,brazilian,40.7517488,-73.9734989
node,12646644778,Manhattan,Matto Espresso,cafe,coffee_shop,40.7562138,-73.9797686
node,12673479591,Manhattan,10000 Coffee,cafe,coffee_shop,40.7538462,-73.9724468
node,12709183134,Manhattan,NewsBar,cafe,breakfast;sandwich,40.7341459,-73.9923988
node,12710075032,Manhattan,Starbucks,cafe,coffee_shop,39.1852549,-96.5603792
node,12729359746,Manhattan,A'more Cafe,cafe,,40.7229724,-73.9854546
node,12739807569,Manhattan,Telegraphe Café,cafe,,40.7401843,-73.9953946
node,12739827416,Manhattan,12 Matcha,cafe,,40.7259999,-73.9925835
node,12744492778,Manhattan,Laankee,cafe,bubble_tea,40.7165259,-73.9980761
node,12773041767,Manhattan,Capital One Café,cafe,coffee_shop;tea,40.7346739,-73.9909928
node,12815668433,Manhattan,Gem,cafe,,40.720665,-73.9959711
node,12855947326,Manhattan,Tiger Sugar,cafe,bubble_tea,40.7533789,-73.9744178
node,12887750795,Manhattan,Carharrt WIP Coffee Bar,cafe,coffee_shop,40.7667053,-73.982032
node,12890222604,Manhattan,Cafe 2by2,cafe,coffee_shop;pastry,40.7309058,-73.9899035
node,12893601984,Manhattan,Jooy Tea Shoppe,cafe,bubble_tea,40.7356607,-73.9923922
node,12897325824,Manhattan,Fruit Vanity,cafe,bubble_tea,40.7177259,-73.9930447
node,12899719580,Manhattan,Corner Eats,cafe,,40.7528993,-73.996922
node,12917458445,Manhattan,Black Fox,cafe,coffee_shop,40.7546617,-73.977442
node,12917458455,Manhattan,Ground Central,cafe,coffee_shop,40.7567436,-73.982279
node,12917521996,Manhattan,Gumption Coffee,cafe,coffee_shop,40.7568873,-73.98349
node,12917521999,Manhattan,T45,cafe,coffee_shop,40.7575283,-73.98419
node,12917522701,Manhattan,Starbucks,cafe,coffee_shop,40.757443,-73.9846875
node,12918215842,Manhattan,Gumpton Coffee,cafe,coffee_shop,40.7407294,-73.9890957
node,12918215846,Manhattan,Macchiato,cafe,coffee_shop,40.7558924,-73.9783736
node,12918215850,Manhattan,Le café,cafe,coffee_shop,40.7434273,-73.9837129
node,12922047970,Manhattan,Starbucks,cafe,coffee_shop,40.7548868,-73.9733484
node,12924977464,Manhattan,Mah Ze Dahr,cafe,coffee_shop,40.712842,-74.0156587
node,12925573358,Manhattan,Buunni Coffee,cafe,coffee_shop,40.8489667,-73.9388443
node,12946798001,Manhattan,Joe & The Juice,cafe,,40.7350209,-74.0062596
node,12947494289,Manhattan,Cha Cha Matcha,cafe,matcha,40.7516891,-73.9954367
node,12947673801,Manhattan,Joe & The Juice,cafe,,40.7325403,-74.0038809
node,12960242112,Manhattan,Solid State Coffee,cafe,,40.776741,-73.9796743
node,12980284301,Manhattan,Luckin Coffee,cafe,coffee_shop,40.7305616,-73.9926382
node,12995859806,Manhattan,Café Bilboquet,cafe,french,40.763845,-73.9703726
node,13003067601,Manhattan,Village Crêperie,cafe,french,40.727471,-73.982871
node,13008984463,Manhattan,Arcane Estate Coffee,cafe,,40.7312645,-74.0028039
node,13019781379,Manhattan,Starbucks,cafe,coffee_shop,40.7595812,-73.9735929
node,13025870768,Manhattan,Dan Jones Coffee Bar,cafe,breakfast;sandwich;pastry,40.7605509,-73.9675411
node,13056469502,Manhattan,Starbucks,cafe,coffee_shop,40.7637149,-73.9852986
node,13064239934,Manhattan,The Clock,cafe,,40.7534146,-73.9780533
node,13067936661,Manhattan,inerro,cafe,coffee_shop,40.7624706,-73.983143
node,13071817975,Manhattan,Pearl,cafe,coffee_shop,40.7042942,-74.0094919
node,13081665240,Manhattan,Handcraft Coffee,cafe,coffee_shop,40.7736075,-73.9595127
node,13107985270,Manhattan,FIFTYLAN,cafe,bubble_tea,40.735567,-73.9893851
node,13131424981,Manhattan,Current Coffee,cafe,,40.7423136,-73.9795144
node,13162330401,Manhattan,From Lucie,cafe,,40.7285237,-73.9832612
node,13165461201,Manhattan,Ateaz Cafe,cafe,,40.707305,-74.0137268
node,13165667001,Manhattan,Sote Coffee Roasters,cafe,,40.7807826,-73.9797975
node,13175877701,Manhattan,ansā Micro Coffee Roastery,cafe,,40.7256156,-74.0021423
node,13243810169,Manhattan,Five Flies,cafe,,40.8343803,-73.9439731
node,13258111003,Manhattan,Blank Street Coffee,cafe,coffee_shop,40.7378315,-74.0047249
node,13276407496,Manhattan,Embriago Coffee,cafe,,40.7213716,-73.9929319
node,13322266754,Manhattan,Duane Park Patisserie,cafe,,40.7174977,-74.0100469
node,13368606981,Manhattan,WatchHouse,cafe,coffee_shop,40.7517893,-73.9751114
node,13389975250,Manhattan,Stella & Fly,cafe,,40.7785117,-73.9483986
node,13394483421,Manhattan,Luckin Coffee,cafe,coffee_shop,40.7096187,-74.0067778
node,13416351451,Manhattan,Starbucks,cafe,coffee_shop,40.7509044,-73.9752338
node,13447161800,Manhattan,Ioannis Coffee Chef,cafe,coffee_shop,40.732115,-73.9839991
node,13454928531,Manhattan,Luckin Coffee,cafe,coffee_shop,40.7538379,-73.9990267
node,13460888786,Manhattan,ARVACI coffee,cafe,,40.7547972,-73.9940657
node,13506841657,Manhattan,Little Uluh,cafe,"pastry;sandwich,ececltic",40.7327805,-73.9863779
node,13507277200,Manhattan,La Colombe Coffee Roasters,cafe,coffee_shop,40.7306339,-73.9951375
node,13510354134,Manhattan,Xing Fu Tang,cafe,bubble_tea,40.7472671,-73.9851526
node,13530139915,Manhattan,Davidovich,cafe,bagel;sandwich,40.7234391,-73.9852506
node,13530139919,Manhattan,Cosmic Cat Cafe,cafe,coffee_shop,40.7226759,-73.9847501
node,13541547191,Manhattan,Kaafi,cafe,tea;coffee;pakistani,40.8038597,-73.9487211
node,13623835801,Manhattan,Noglu,cafe,cake;coffee_shop,40.7835825,-73.9570103
node,13643792686,Manhattan,Opening Move Cafe,cafe,,40.7791275,-73.9528873
node,13647734165,Manhattan,WatchHouse,cafe,coffee_shop,40.7600671,-73.9766465
node,13680208011,Manhattan,Noa,cafe,coffee_shop;breakfast;sandwich,40.7461129,-73.983285
node,13696452301,Manhattan,CoCo Fresh Tea & Juice,cafe,bubble_tea,40.7776367,-73.9798206
node,13730020898,Manhattan,Holydog Pilates and Cafe,cafe,,40.745105,-73.9809056
node,13730649416,Manhattan,Caffé Rinaldi,cafe,,40.7676858,-73.9856384
node,13740004141,Manhattan,Zuri,cafe,,40.7349577,-74.0047159
node,13740325210,Manhattan,Fellini coffee,cafe,,40.7413525,-74.0067837
node,13740348058,Manhattan,Toey Bats,cafe,,40.7422928,-74.0053872
node,13746145186,Manhattan,Banh mi Cafe,cafe,,40.7150986,-73.9995294
node,13746336798,Manhattan,First Round's on Me Social Club,cafe,,40.7444566,-73.9922276
node,13746339801,Manhattan,IndiCo Coffee Co.,cafe,indian,40.7447926,-73.9916723
node,13753275744,Manhattan,Starbucks,cafe,coffee_shop,40.7095402,-74.0105903
node,13763544692,Manhattan,The Libary Café by Amys Bread,cafe,,40.7530803,-73.9822414
node,13764099993,Manhattan,Eataly Caffè,cafe,,40.753424,-74.0004788
node,13764217537,Manhattan,Taikii Cafe,cafe,japanese,40.7196684,-73.9848869
node,13767535451,Manhattan,Blank Street Coffee,cafe,coffee_shop,40.7459132,-73.9946057
node,13781153302,Manhattan,Primo! Cappuccino,cafe,,40.7497549,-73.9924986
node,13781153310,Manhattan,Gong Cha,cafe,bubble_tea,40.7497455,-73.9927323
node,13781153314,Manhattan,Penn Café Eatery,cafe,,40.7497765,-73.9928638
node,13858299444,Manhattan,Saltwater Coffee,cafe,,40.7326451,-73.9998008
node,13868328704,Manhattan,Heytea,cafe,bubble_tea,40.7299399,-73.9942188
node,13874623731,Manhattan,Starbucks,cafe,coffee_shop,40.7884542,-73.9760086
node,13907249077,Manhattan,Well& by Durst (1WTC),cafe,,40.7130433,-74.0132388
node,13918879573,Manhattan,Central Perk,cafe,coffee_shop,40.7591763,-73.984248
node,13926596098,Manhattan,Cafe Fred,cafe,coffee_shop,40.7332341,-73.9908735
node,13930134963,Manhattan,Starbucks,cafe,coffee_shop,40.7529135,-73.9810755
node,13946656701,Manhattan,Moon Coffee Lab,cafe,,40.7237798,-73.9899214
node,13946658702,Manhattan,Bazu! by Superwow Coffee,cafe,,40.7140709,-73.9955535
node,13946678401,Manhattan,PARK at KIMS,cafe,,40.7192945,-73.9956097
node,13946692301,Manhattan,Sojourner Coffee,cafe,,40.8028756,-73.9512158
node,13946716701,Manhattan,Interlude Coffee and Tea,cafe,,40.7153875,-74.0127994
node,13980008580,Manhattan,Qahwah Valley,cafe,coffee_shop,40.7452678,-73.971996
node,13991194718,Manhattan,Murray Cafe,cafe,coffee_shop;asian;american,40.7440777,-73.9812369
node,14039198574,Manhattan,Vista Lounge,cafe,breakfast,40.7531642,-73.9984123
node,14053151280,Manhattan,Jooy Tea Shoppe,cafe,bubble_tea,40.7190861,-73.9962403
node,14060379227,Manhattan,Harlem Poke,cafe,poke,40.8100914,-73.9434239
node,14063046604,Manhattan,A-Frame Cafe,cafe,coffee_shop,40.7242875,-73.9967926
node,14066885111,Manhattan,Fa San Coffee,cafe,,40.7158267,-73.9918445
node,14069288289,Manhattan,ChaHalo,cafe,,40.7291284,-73.9886073
node,14111515436,Manhattan,Corgi Cafe,cafe,coffee_shop,40.7424109,-73.9835495
node,14121311834,Manhattan,Maman,cafe,,40.7841143,-73.9773689
node,14125445101,Manhattan,Spitfire Cheese & Sundry,cafe,,40.7653901,-73.9840315
node,14126280403,Manhattan,Hawa Smoothies & Bubble Tea,cafe,smoothies;bubble_tea;acai;açaí;fruit tea;juice,40.7526377,-73.9926679
node,14130239277,Manhattan,Casa Next Door,cafe,,40.7376392,-74.0044549
node,14135017096,Manhattan,Koré Coffee,cafe,asian,40.7161549,-73.9970933
node,14135072935,Manhattan,The Oasis Cafe,cafe,,40.7670867,-73.9865686
node,14135567861,Manhattan,T Magazine,cafe,tea;chinese,40.7167261,-73.9933717
node,14137844402,Manhattan,Banh By Lauren,cafe,cake;coffee_shop,40.7122297,-73.9942189
node,14138279654,Manhattan,Paramour Coffee,cafe,coffee_shop,39.2039881,-96.6348975
node,14142808399,Manhattan,Starbucks,cafe,coffee_shop,40.7110106,-74.000879
node,14144926736,Manhattan,Georgie's Cafe & Bar,cafe,coffee_shop,40.7171213,-73.9864452
node,14159734143,Manhattan,Le Botaniste,cafe,,40.7540605,-73.9818348
node,14167035601,Manhattan,Bagel Pub,cafe,bagel;breakfast,40.7481346,-73.9929334
node,14182055901,Manhattan,Casa Next Door,cafe,,40.7376845,-74.0044553
node,14190314401,Manhattan,:3 Coffee,cafe,,40.7410253,-73.9920423
node,14205415766,Manhattan,Semm,cafe,coffee_shop;tea;dessert,40.7286245,-73.9922988
node,14206444475,Manhattan,,cafe,,40.8159413,-73.9502541
node,14216453501,Manhattan,Kerber's Farm,cafe,coffee_shop,40.7312364,-74.0031196
way,61512080,Manhattan,Starbucks,cafe,coffee_shop,39.1903636,-96.6055884
way,74173001,Manhattan,Radina's Coffee,cafe,,39.1925267,-96.6081241
way,104897518,Manhattan,Bluestem Bistro,cafe,,39.1855204,-96.5757699
way,131638741,Manhattan,Starbucks,cafe,coffee_shop,39.1864406,-96.5758411
way,247862492,Manhattan,Bagel Belly,cafe,bagel;sandwich,40.7330728,-73.9877024
way,248143749,Manhattan,nuar,cafe,thai;dessert;tea,40.7449407,-73.990409
way,250269766,Manhattan,The Landing at Pier 45 by Coffeed,cafe,,40.7331577,-74.0107419
way,264880355,Manhattan,Garden Cafe,cafe,,45.855791,-111.3332013
way,265347589,Manhattan,Ballfields Café,cafe,,40.7703137,-73.9759043
way,266034057,Manhattan,Grind,cafe,coffee_shop,40.7590894,-73.9918227
way,266864331,Manhattan,Java Girl,cafe,,40.7640528,-73.9594468
way,266879142,Manhattan,Starbucks,cafe,coffee_shop,40.7663567,-73.9634322
way,271626093,Manhattan,Il Caffe Latte,cafe,,40.8043981,-73.9484157
way,379804456,Manhattan,Pier i Cafe,cafe,,40.7798617,-73.9884794
way,504045550,Manhattan,Pi Greek Café Bakerie,cafe,,40.7073461,-74.0084396
way,576013781,Manhattan,,cafe,,40.6903987,-74.045248
way,584343352,Manhattan,Perk Kafe,cafe,coffee_shop,40.7845374,-73.947159
way,603812622,Manhattan,Little Apple Nutrition,cafe,,39.2055409,-96.5681631
way,664619106,Manhattan,Go Cups,cafe,frozen_yogurt,40.7833727,-73.9474504
way,664941289,Manhattan,Bagel Shop,cafe,bagel,40.7830235,-73.950594
way,702073570,Manhattan,JoeCoffee,cafe,,40.7534772,-73.9842892
way,884524432,Manhattan,Five Stuy Cafe,cafe,,40.7319191,-73.9789613
way,1112170141,Manhattan,Springbone,cafe,,40.7365465,-73.9903398
way,1133828484,Manhattan,La Gardenia,cafe,,52.7592203,15.2613687
way,1149319923,Manhattan,Cha Cha Matcha,cafe,,40.7254173,-73.9948299
way,1149319925,Manhattan,Gasoline Alley Coffee,cafe,,40.7255061,-73.9947732
way,1180497242,Manhattan,,cafe,,40.7602647,-73.9750758
way,1182743758,Manhattan,Hex & Co,cafe,,40.7703765,-73.9537802
way,1186021638,Manhattan,Pixie Scout Canteen,cafe,,40.7017551,-74.0154969
way,1186021650,Manhattan,Pixie Scout Canteen,cafe,,40.7025054,-74.0161
way,1251842918,Manhattan,,cafe,,40.6902037,-74.0456385
way,1316937080,Manhattan,,cafe,coffee_shop,45.853768,-111.3366834
way,1324830041,Manhattan,St Klemens,cafe,,52.7614788,15.2788779
way,1369926262,Manhattan,Górka & Kulka,cafe,coffee_shop;sandwich;ice_cream;breakfast;tea,52.7594142,15.261656
way,1384098915,Manhattan,Settepani on the meer,cafe,italian;coffee_shop,40.7956995,-73.9550015
way,1498878042,Manhattan,Morningside Cafe,cafe,seafood;coffee_shop,40.8024228,-73.959075
node,368043598,Manhattan,Stonewall Inn,bar,,40.7338163,-74.0021613
node,419366609,Manhattan,Craft + Carry,bar,,40.7435659,-73.9799283
node,879680036,Manhattan,Standings,bar,,40.7282929,-73.9885805
node,1074300894,Manhattan,R.C. McGraw's,bar,,39.2082357,-96.5733734
node,1083839179,Manhattan,Fat's Bar,bar,,39.1845528,-96.5751663
node,1422429320,Manhattan,Johnny Kaw's Sports Bar,bar,,39.1858343,-96.575793
node,1450160806,Manhattan,Auntie Mae's Parlor,bar,,39.1853393,-96.5747066
node,1450161080,Manhattan,Tate's Grill,bar,,39.185604,-96.573854
node,1706037451,Manhattan,Forty Four,bar,,40.7555936,-73.982172
node,1707825824,Manhattan,Twins,bar,,40.7531379,-73.9967415
node,1892795821,Manhattan,Mojo's Beach Bar,bar,,39.185542,-96.573528
node,1892795883,Manhattan,Drinx,bar,,39.1858301,-96.5752625
node,1894015859,Manhattan,Posh Pass NYC,bar,,40.7446199,-74.0030314
node,2123472747,Manhattan,Ear Inn,bar,,40.7259033,-74.0094874
node,2142758742,Manhattan,Barfly,bar,,40.7371351,-73.9846154
node,2244654779,Manhattan,82 Stanton,bar,,40.7216511,-73.988822
node,2244684634,Manhattan,Troy,bar,,40.7402557,-74.0055355
node,2244694465,Manhattan,bOb Bar,bar,,40.7224339,-73.9899014
node,2244743660,Manhattan,Apothéke,bar,,40.7143873,-73.9981634
node,2262170141,Manhattan,1020 Bar,bar,,40.8032115,-73.963939
node,2351282630,Manhattan,Broome Street Bar,bar,,40.7231111,-74.0029527
node,2377128149,Manhattan,Jungle Bird,bar,,40.742595,-74.000177
node,2384892242,Manhattan,Tap a Keg,bar,,40.800303,-73.9683394
node,2407447314,Manhattan,Tempest Bar,bar,,40.7499096,-73.99538
node,2454126844,Manhattan,Vazacs Horseshoe Bar,bar,,40.7250128,-73.9813915
node,2491325773,Manhattan,Drop-Off Service,bar,,40.7299571,-73.9808751
node,2491343755,Manhattan,Mona's,bar,,40.7291724,-73.9783661
node,2494245564,Manhattan,212 East,bar,asian,40.7297134,-73.98873
node,2495735668,Manhattan,Clockwork Bar,bar,,40.7153863,-73.990065
node,2542549644,Manhattan,Bar Thalia,bar,,40.7940856,-73.9728347
node,2547136896,Manhattan,Bar Veloce,bar,,40.730686,-73.9864013
node,2547218207,Manhattan,Phoenix Bar,bar,,40.7299744,-73.9811697
node,2547684104,Manhattan,Ray's,bar,snack,40.7212215,-73.9924426
node,2549926664,Manhattan,Amor y Amargo General Store,bar,,40.7256184,-73.9840332
node,2549926891,Manhattan,Niagara,bar,,40.725928,-73.9834617
node,2549928461,Manhattan,Doc Hollidays,bar,,40.7272283,-73.982885
node,2549953088,Manhattan,The Flatiron Room,bar,american;continental,40.7445195,-73.9904827
node,2549953101,Manhattan,Oscar Wilde,bar,,40.7451365,-73.9900429
node,2550012207,Manhattan,Bar Veloce,bar,,40.7281515,-74.0018859
node,2550551525,Manhattan,Bosco,bar,,40.7288472,-74.0002307
node,2550551548,Manhattan,The Bitter End,bar,,40.7283337,-73.9992168
node,2555123891,Manhattan,Paint 'N Pour,bar,,40.7193178,-73.9915172
node,2555126634,Manhattan,Two Doors Down,bar,,40.7228647,-73.9890918
node,2555126652,Manhattan,Baby Grand LES,bar,,40.7221,-73.9883133
node,2555126662,Manhattan,8282,bar,,40.721622,-73.9887536
node,2555128948,Manhattan,2A Bar,bar,,40.7229624,-73.9859632
node,2555128954,Manhattan,One and One,bar,pub,40.7232877,-73.9882234
node,2555130747,Manhattan,Mama'a Bar,bar,,40.7226122,-73.9831384
node,2562439843,Manhattan,Julius,bar,,40.7345357,-74.00163
node,2562454139,Manhattan,Carmine Street Beers,bar,,40.7298428,-74.0036369
node,2562465070,Manhattan,Barrow's Pub,bar,,40.7315711,-74.0068211
node,2567531818,Manhattan,Two Perrys,bar,,40.7248465,-73.9784801
node,2567547059,Manhattan,Arlene's Grocery,bar,,40.7213285,-73.9883827
node,2567557167,Manhattan,Grey Lady,bar,seafood,40.7188615,-73.9902614
node,2567561003,Manhattan,Le Dive,bar,,40.7147362,-73.9909568
node,2569266661,Manhattan,Gaslight Lounge,bar,,40.7409011,-74.005668
node,2569269957,Manhattan,cubbyhole,bar,,40.7376427,-74.0037475
node,2611290567,Manhattan,Idaho,bar,,40.7309012,-73.9833892
node,2620513858,Manhattan,Dylan Murphy's,bar,pub,40.7762933,-73.9555644
node,2625469223,Manhattan,Q NYC,bar,,40.7612883,-73.9871051
node,2626236856,Manhattan,Grey Bar & Restaurant,bar,,40.7445509,-73.9905594
node,2679311665,Manhattan,Storehouse,bar,,40.7444118,-73.991938
node,2693524776,Manhattan,Ampersand,bar,snack,40.7386819,-73.9834817
node,2696719553,Manhattan,Subject,bar,,40.7214899,-73.9846873
node,2696719558,Manhattan,The Library,bar,,40.7225712,-73.9862492
node,2702475724,Manhattan,Holland Bar,bar,,40.7567953,-73.9935819
node,2702802602,Manhattan,2nd Floor Bar & Essen,bar,pub,40.7695853,-73.9544262
node,2702831820,Manhattan,The Tippler,bar,,40.7423493,-74.0061823
node,2703424235,Manhattan,Tracks,bar,,40.7494986,-73.993225
node,2703424308,Manhattan,Mustang Harry's,bar,,40.7482815,-73.992821
node,2704034126,Manhattan,Bar Jamón,bar,,40.7358748,-73.98712
node,2704081053,Manhattan,Seven Sins,bar,american,40.7384419,-73.9832066
node,2704104168,Manhattan,The Broken Shaker,bar,,40.739805,-73.984357
node,2704105152,Manhattan,AWOL Bar and Grill,bar,pub;international,40.7399496,-73.9821051
node,2708095649,Manhattan,Salon de Ning,bar,,40.7616016,-73.9751953
node,2708133540,Manhattan,Faces and Names,bar,salad;sandwich,40.7635051,-73.9809828
node,2708164855,Manhattan,PHD Terrace,bar,,40.7645279,-73.9819605
node,2709389038,Manhattan,Mr. B Bar,bar,italian;coffee_shop,40.7446129,-73.9773007
node,2709702424,Manhattan,Magic Hour,bar,,40.7523932,-73.9893008
node,2709860764,Manhattan,DBL,bar,,40.7627758,-73.9933967
node,2709931391,Manhattan,Pocket Bar,bar,,40.7633931,-73.9923609
node,2709931392,Manhattan,Back Pocket Bar,bar,,40.763866,-73.9920297
node,2709955296,Manhattan,The Red Stache,bar,,40.76498,-73.9883465
node,2714986494,Manhattan,Broadway Comedy Club,bar,,40.7644572,-73.985746
node,2716011967,Manhattan,King Cole Bar,bar,,40.7613571,-73.9744256
node,2717293852,Manhattan,Rum House,bar,,40.7597407,-73.9861863
node,2717355367,Manhattan,Russian Vodka Room,bar,,40.7634867,-73.9847984
node,2717862921,Manhattan,Shaken Not Stirred,bar,american;sushi,40.7610284,-73.9611617
node,2718064489,Manhattan,City Hops,bar,,40.761438,-73.9639675
node,2718064490,Manhattan,Vero Social,bar,,40.7616106,-73.9638442
node,2723782890,Manhattan,Stumble Inn,bar,american,40.771213,-73.9563888
node,2724171700,Manhattan,Eli's Bar 91,bar,,40.7839393,-73.9567416
node,2745018029,Manhattan,Vanguard Wine Bar,bar,,40.7763636,-73.9830423
node,2745321892,Manhattan,Dakota Bar,bar,,40.7774878,-73.9785066
node,2757387164,Manhattan,Tiki Chick,bar,,40.7868369,-73.9753999
node,2758640953,Manhattan,Florentin,bar,,40.7859091,-73.9765477
node,2761444458,Manhattan,Broadway Dive,bar,,40.7978913,-73.9690987
node,2761564519,Manhattan,Columns Wine Bar,bar,,40.8009462,-73.9676253
node,2761651148,Manhattan,Lion's Head Tavern,bar,,40.802193,-73.9641798
node,2761822752,Manhattan,Alison,bar,american,40.7909848,-73.9470267
node,2765742254,Manhattan,Barawine,bar,,40.80454,-73.9474459
node,2768451052,Manhattan,The Expat,bar,,40.8154613,-73.9600115
node,2825288971,Manhattan,Opera House,bar,chinese,40.7143387,-73.9980744
node,2826436147,Manhattan,Mr. Fong's,bar,,40.7124273,-73.9942509
node,2826754297,Manhattan,Black Crescent,bar,seafood,40.7189562,-73.9850248
node,2826842018,Manhattan,The Mayfly,bar,,40.7215253,-73.9846546
node,2889066126,Manhattan,Joe's Pub at the Public,bar,,40.7291974,-73.9916255
node,2892746201,Manhattan,Bisou Wine Bar,bar,french,40.723743,-74.004462
node,2901108443,Manhattan,Otto's Shrunken Head Tiki Bar,bar,,40.7295158,-73.9786409
node,2921544618,Manhattan,Le Bain,bar,,40.7412916,-74.0080457
node,2948610291,Manhattan,3 Streets Saloon,bar,,40.7307334,-74.0009872
node,3099209773,Manhattan,Cellar Dog,bar,,40.7336334,-74.0032842
node,3147863537,Manhattan,Bar Valentina,bar,italian,40.7178981,-73.99046
node,3157703734,Manhattan,Blind Tiger,bar,pub,40.7318556,-74.0032442
node,3212413922,Manhattan,Emma Peel Room,bar,,40.7183027,-73.9905315
node,3246839596,Manhattan,American Whiskey,bar,,40.7493007,-73.9941316
node,3246839597,Manhattan,Beer Culture,bar,,40.759564,-73.9897134
node,3262539829,Manhattan,Riposo 72,bar,,40.7771024,-73.9785029
node,3451050931,Manhattan,Mother's Ruin,bar,,40.7213363,-73.9950075
node,3451440812,Manhattan,Continental Bar & Lounge,bar,,40.7052914,-74.00834
node,3497534427,Manhattan,Reservoir,bar,,40.7331707,-73.9936418
node,3526528960,Manhattan,Distinguished Wakamba Lounge,bar,,40.7543853,-73.9921719
node,3573482095,Manhattan,Birdland Jazz Club,bar,american;caribbean,40.7590063,-73.9896838
node,3578036493,Manhattan,Little Rebel,bar,american,40.7320364,-73.9854459
node,3581036299,Manhattan,Zinc,bar,,40.7297474,-73.9989338
node,3608674568,Manhattan,Slate,bar,,40.7412384,-73.9932261
node,3618193491,Manhattan,POD 39 Rooftop,bar,,40.7493147,-73.9765665
node,3676873362,Manhattan,Coyote Ugly Saloon,bar,,40.7328438,-73.9857034
node,3676873363,Manhattan,Beauty Bar,bar,,40.732876,-73.9857799
node,3677010929,Manhattan,Nowhere,bar,,40.7318045,-73.9840953
node,3785197547,Manhattan,Red Cork,bar,,40.767821,-73.9836723
node,3785231766,Manhattan,1 2 3 Burger Shot Beer,bar,burger,40.7648448,-73.9914632
node,3819787827,Manhattan,d.b.a.,bar,,40.7243345,-73.9880064
node,3822484904,Manhattan,District Tap House,bar,,40.7540893,-73.9904351
node,3822494060,Manhattan,The Garret Coctelería,bar,mexican,40.7196519,-73.9950239
node,3843919259,Manhattan,Vin Sur Vingt,bar,,40.7439497,-73.9887933
node,3863833957,Manhattan,Terra Blues,bar,,40.728362,-73.999283
node,3863914558,Manhattan,Up and Up,bar,,40.72975,-74.000583
node,3864057558,Manhattan,The Red Lion,bar,,40.7284605,-73.9994965
node,3864232857,Manhattan,Wicked Willy's,bar,,40.728375,-73.999318
node,3925051662,Manhattan,Corner bistro,bar,burger,40.7380383,-74.0037627
node,3959756843,Manhattan,Toshi's Penthouse,bar,,40.7440098,-73.9891964
node,4030939257,Manhattan,Valhalla,bar,,40.765979,-73.9873999
node,4088071261,Manhattan,Barcade,bar,,40.7443263,-73.9944542
node,4113144390,Manhattan,KGB Bar,bar,,40.7265891,-73.9898025
node,4146280790,Manhattan,Attaboy,bar,,40.7188823,-73.9913742
node,4146329489,Manhattan,Mulberry Project,bar,,40.719067,-73.9976412
node,4146329589,Manhattan,Après-Ski Fondue Chalet at Café Select,bar,,40.7218093,-73.9979174
node,4146329689,Manhattan,2nd Floor on Clinton,bar,,40.7194207,-73.985079
node,4146329789,Manhattan,The Back Room,bar,,40.7187356,-73.9869338
node,4146358992,Manhattan,Please Don't Tell,bar,,40.7271211,-73.983769
node,4146369289,Manhattan,Blind Barber,bar,,40.7271537,-73.9801374
node,4146369290,Manhattan,Death & Company,bar,,40.7259358,-73.9846566
node,4146399196,Manhattan,Employees Only,bar,,40.7334339,-74.0060767
node,4159335689,Manhattan,HiLot,bar,,40.7238715,-73.9788249
node,4160710889,Manhattan,Lydia's,bar,,40.7234419,-73.98811
node,4184497397,Manhattan,Brandy Library,bar,,40.7199472,-74.007213
node,4203603696,Manhattan,Olive Tree Cafe,bar,,40.7301084,-74.0005257
node,4214275589,Manhattan,230 Fifth,bar,american,40.7439412,-73.988134
node,4216669490,Manhattan,Old Rabbit Club,bar,,40.7299594,-74.0003929
node,4218407489,Manhattan,White Oak Tavern,bar,american,40.7303749,-73.9946392
node,4243439483,Manhattan,Haven Rooftop Bar,bar,,40.7583844,-73.9832932
node,4282785789,Manhattan,Welcome to the Johnsons,bar,,40.7196706,-73.9873004
node,4305052000,Manhattan,Maya Mezcal,bar,mexican,40.7271358,-73.9881641
node,4305056427,Manhattan,The Garret,bar,,40.7323251,-74.0038428
node,4305072305,Manhattan,Arthur's Tavern,bar,,40.7331992,-74.0034508
node,4317690789,Manhattan,terroir at the porch,bar,,40.7429238,-74.0075471
node,4319001989,Manhattan,The Cock,bar,,40.7271491,-73.9889759
node,4395618692,Manhattan,Eagle Bar,bar,,40.7517058,-74.0042924
node,4423853595,Manhattan,Rooftop Bar,bar,,40.7563569,-73.9749477
node,4423853596,Manhattan,Rooftop Bar,bar,,40.7392821,-73.9872624
node,4423874390,Manhattan,Gallow Green Rooftop Bar,bar,,40.7507722,-74.0040792
node,4433464491,Manhattan,caffe wha,bar,,40.730082,-74.0007434
node,4435477389,Manhattan,Industry,bar,,40.7643224,-73.9873646
node,4464270289,Manhattan,Jadis,bar,,40.7204555,-73.9893332
node,4475036592,Manhattan,Mr Purple,bar,,40.7218111,-73.9882321
node,4492683386,Manhattan,The Storehouse,bar,,40.7428233,-73.9921754
node,4550150891,Manhattan,,bar,,40.7200282,-73.987818
node,4551150920,Manhattan,Cherry Tavern,bar,,40.7257543,-73.9843812
node,4629708840,Manhattan,Up & Down,bar,,40.7393278,-74.0018755
node,4629755383,Manhattan,Pierre Loti,bar,,40.7401651,-74.0015899
node,4680472389,Manhattan,Smithfield Hall,bar,,40.7447503,-73.993589
node,4681739598,Manhattan,Old Town Bar,bar,american,40.7375383,-73.9892094
node,4708892892,Manhattan,Dianne & Elisabeth,bar,,40.7615967,-73.9938286
node,4711118291,Manhattan,Empellón Al pastor,bar,mexican,40.7266479,-73.9832781
node,4747209924,Manhattan,La Marina Restaurant and Lounge,bar,,40.8689919,-73.9321732
node,4762006023,Manhattan,Clinton Hall,bar,,40.7080962,-74.0146254
node,4764733069,Manhattan,Brick,bar,,40.7207405,-73.9843387
node,4764733072,Manhattan,Donnybrook,bar,,40.72019,-73.984615
node,4771852121,Manhattan,Verlaine,bar,,40.7200177,-73.9878219
node,4822836522,Manhattan,Bemelmans Bar,bar,bar,40.7742561,-73.962989
node,4828711722,Manhattan,55 bar,bar,,40.7337752,-74.0022582
node,4832284232,Manhattan,Corkbuzz Wine Bar and Restaurant,bar,,40.7422803,-74.0056577
node,4843833624,Manhattan,As is NYC,bar,,40.7646909,-73.9915481
node,4848257931,Manhattan,The Ripple Room,bar,,40.7204602,-73.9937507
node,4848258522,Manhattan,310 Bowery Bar,bar,pizza,40.7249654,-73.9925829
node,4850227823,Manhattan,Jeremy's Ale House,bar,,40.7076703,-74.0020534
node,4851671822,Manhattan,Fools Gold,bar,,40.723084,-73.9897897
node,4875112182,Manhattan,Karaoke City,bar,,40.7474989,-73.9869456
node,4875134692,Manhattan,Cloud Social,bar,,40.7472064,-73.986396
node,4945827921,Manhattan,Bondurants,bar,american,40.7771345,-73.9518481
node,4945848221,Manhattan,Jeremy's,bar,,40.7775087,-73.9517881
node,4947754523,Manhattan,Kingston Hall,bar,jamaican,40.7295009,-73.9872677
node,4956041078,Manhattan,Sakagura,bar,japanese,40.7512804,-73.9731904
node,4957663866,Manhattan,Loopy Doopy Rooftop Bar,bar,,40.7149555,-74.0153365
node,4977281128,Manhattan,Village Tavern,bar,burger,40.7305538,-74.0042275
node,4995849478,Manhattan,Trump Bar,bar,,40.7623579,-73.9739804
node,5004045121,Manhattan,American Legion Post 398,bar,,40.8139532,-73.9467615
node,5009311521,Manhattan,Hellcat Annie's taproom,bar,,40.7617087,-73.9941785
node,5057079090,Manhattan,Rudy's Bar & Grill,bar,,40.759988,-73.9917263
node,5087638556,Manhattan,Art Bar,bar,,40.7384967,-74.0035172
node,5087641962,Manhattan,the Chelsea Bell,bar,,40.7468774,-73.9970849
node,5087643578,Manhattan,Houndstooth Pub,bar,,40.7538643,-73.9919513
node,5150908021,Manhattan,The Cantor Roof Garden Bar,bar,,40.7787822,-73.9645659
node,5178500822,Manhattan,Nassau Bar,bar,,40.7108198,-74.0069468
node,5181120222,Manhattan,Dutch Freds,bar,,40.760714,-73.9879098
node,5209387822,Manhattan,ABC Beer Co.,bar,,40.7237025,-73.9789483
node,5209387823,Manhattan,Ten Bells,bar,tapas,40.7179116,-73.9898326
node,5215527122,Manhattan,Top of the strand,bar,,40.7512626,-73.9848169
node,5248792788,Manhattan,Josie's,bar,,40.7249188,-73.9828997
node,5265748974,Manhattan,BXL Zoute,bar,,40.7417874,-73.9925761
node,5265753026,Manhattan,Lillie's,bar,irish,40.7375784,-73.9911901
node,5273499021,Manhattan,Jac's On Bond,bar,,40.7265452,-73.9936365
node,5298910427,Manhattan,Pieces Bar,bar,,40.7339116,-74.0001214
node,5319150021,Manhattan,The Campbell Bar,bar,,40.752605,-73.9778482
node,5322770746,Manhattan,Dark Horse,bar,,40.713588,-74.0081258
node,5388487797,Manhattan,Bounce Sporting Club,bar,,40.7413895,-73.9929254
node,5393321622,Manhattan,Pocha 32,bar,korean,40.7477356,-73.9863789
node,5400480690,Manhattan,Craft & Carry,bar,,40.7854795,-73.9768599
node,5413506167,Manhattan,Bar 180,bar,,40.8498121,-73.9363744
node,5413554330,Manhattan,Monkey Room,bar,burger;american,40.8549084,-73.9371187
node,5414819121,Manhattan,Flaming Saddles Saloon,bar,,40.7652832,-73.9878804
node,5414820121,Manhattan,Posh,bar,,40.7643912,-73.9888626
node,5415434959,Manhattan,Kavasutra Kava Bar,bar,,40.7284736,-73.9834305
node,5415631321,Manhattan,Mickey Spillane's,bar,,40.7626874,-73.9892881
node,5415642282,Manhattan,Parnell's,bar,,40.7557341,-73.9650357
node,5417603391,Manhattan,Aggie Lounge,bar,,39.1862883,-96.5746836
node,5429181224,Manhattan,Ritz Bar Lounge,bar,,40.7608904,-73.9902567
node,5446727422,Manhattan,Barcade,bar,pub,40.7292159,-73.9894764
node,5446733056,Manhattan,The Boiler Room,bar,,40.7259518,-73.9891412
node,5446855821,Manhattan,Sauced,bar,,40.7254343,-73.9902504
node,5463758239,Manhattan,Katra Lounge,bar,,40.7217163,-73.9931901
node,5484494529,Manhattan,Heidi’s House,bar,american,40.7723296,-73.9550482
node,5512015924,Manhattan,Madame X,bar,,40.7272671,-74.0000807
node,5512656726,Manhattan,The Comedy Shop,bar,,40.7288048,-74.0001586
node,5515185730,Manhattan,The Gordon Bar,bar,,40.7239715,-74.003139
node,5519546126,Manhattan,Mercury Bar,bar,,40.7608507,-73.9911042
node,5520366419,Manhattan,The Black Hound,bar,,40.7103321,-74.0164647
node,5548115057,Manhattan,Reif's Tavern,bar,,40.7814029,-73.9485796
node,5551498985,Manhattan,The Magician,bar,,40.7198504,-73.9872976
node,5553457642,Manhattan,Motel No Tell,bar,eclectic,40.7297578,-73.9806443
node,5553460385,Manhattan,Waiting On A Friend,bar,,40.7294965,-73.9808235
node,5553506737,Manhattan,ReVision Lounge and Gallery,bar,,40.7289041,-73.978241
node,5576457143,Manhattan,William Barnacle Tavern,bar,pub,40.7276327,-73.985743
node,5593000021,Manhattan,Anotheroom,bar,,40.7198236,-74.0056055
node,5593004899,Manhattan,Tribeca Tavern,bar,,40.7197629,-74.005662
node,5599768646,Manhattan,Boom Boom Room,bar,,40.74079,-74.0078393
node,5603537158,Manhattan,Gomi,bar,,40.7288636,-73.9813167
node,5603550886,Manhattan,Tompkins Square Bar,bar,,40.7258995,-73.9834824
node,5607967821,Manhattan,Boxers,bar,,40.7407461,-73.9931415
node,5612407421,Manhattan,Deweys Pub,bar,,40.7481126,-73.9911219
node,5618087854,Manhattan,Great Hall Balcony Café & Bar,bar,,40.7791444,-73.9627323
node,5620520170,Manhattan,SideBAR,bar,,40.7346858,-73.9886233
node,5632288423,Manhattan,Roof Top at Public,bar,,40.723034,-73.9920355
node,5666870630,Manhattan,Biddy's Pub,bar,,40.7810045,-73.9490049
node,5683379031,Manhattan,The GAF,bar,irish,40.7789493,-73.9507243
node,5709100551,Manhattan,Liffy II Bar,bar,,40.8693733,-73.9171298
node,5709611765,Manhattan,Fantastic,bar,latin_american,40.86614,-73.9196001
node,5711713030,Manhattan,Tabu,bar,american,40.8661116,-73.9276937
node,5711728432,Manhattan,Dyckman Bar,bar,,40.8659128,-73.9274496
node,5712392304,Manhattan,El Jefe Sport Cantina,bar,mexican,40.8644051,-73.9268547
node,5741364421,Manhattan,George Keeley,bar,,40.785875,-73.976089
node,5752764087,Manhattan,The Skylark,bar,,40.7541745,-73.9888207
node,5754840578,Manhattan,Dalton's,bar,,40.7593932,-73.9921445
node,5762488554,Manhattan,The Roof,bar,,40.7646319,-73.9785599
node,5762582554,Manhattan,The Village Vanguard,bar,,40.7426244,-73.9969669
node,5778906637,Manhattan,The Raines Law Room,bar,,40.7387302,-73.9945926
node,5788183778,Manhattan,Sweetwater Social,bar,,40.7267077,-73.9959009
node,5801870934,Manhattan,Manhatta,bar,,40.7078151,-74.0086882
node,5806583255,Manhattan,Patent Pending,bar,,40.7452323,-73.9902152
node,5813254081,Manhattan,Wined Up,bar,,40.739611,-73.9898047
node,5813254082,Manhattan,Punch Bar & Grill,bar,,40.739606,-73.989805
node,5815748398,Manhattan,Pioneers Bar NYC,bar,,40.7472543,-73.9918207
node,5816354729,Manhattan,District Social,bar,,40.7536244,-73.9913698
node,5816447409,Manhattan,Stitch Bar & Lounge,bar,,40.7539106,-73.991226
node,5824798471,Manhattan,Flats Fix,bar,mexican,40.7366611,-73.9913319
node,5844606724,Manhattan,"""one star""",bar,,40.7444948,-73.9941795
node,5847402986,Manhattan,Balzem,bar,,40.7213037,-73.9954744
node,5879680238,Manhattan,Ethyl's Alcohol & Food,bar,,40.7770415,-73.9525966
node,5899626375,Manhattan,Clandestino,bar,,40.7147395,-73.9908755
node,5932590518,Manhattan,Maggie Reilly's,bar,,40.7504683,-73.9982081
node,5932619925,Manhattan,Amor y Amargo,bar,,40.7257034,-73.9842602
node,5957624985,Manhattan,The Bowery Beer Garden,bar,,40.7171233,-73.9952844
node,5978556699,Manhattan,London & Martin Co.,bar,,40.7039598,-74.0124974
node,5978556750,Manhattan,Cedar Local,bar,,40.7071162,-74.0081489
node,5978557699,Manhattan,Ainsworth,bar,,40.7102896,-74.0069766
node,5978792897,Manhattan,Armada,bar,,40.7179442,-73.9902067
node,5984435987,Manhattan,Friki Tiki,bar,,40.7597133,-73.9913358
node,5994163587,Manhattan,Little Branch,bar,,40.7301156,-74.0050252
node,6001617585,Manhattan,Mixteca,bar,,40.7318504,-74.001369
node,6030861392,Manhattan,Double Down Saloon,bar,,40.7225821,-73.985875
node,6045304933,Manhattan,Kelly's Sports Bar,bar,,40.7615931,-73.9634044
node,6110162467,Manhattan,Orient Express,bar,,40.735738,-74.0074526
node,6119467432,Manhattan,The Otheroom,bar,,40.7349434,-74.0080378
node,6139559484,Manhattan,Bathtub Gin,bar,american;continental;brunch,40.7435663,-74.0031566
node,6157219531,Manhattan,Tailor Public House,bar,,40.7531008,-73.9930272
node,6178461394,Manhattan,The Pennsy Bar,bar,,40.7503212,-73.9917437
node,6201492492,Manhattan,Randolph's Bar & Lounge,bar,,40.7624567,-73.9783185
node,6206438191,Manhattan,The Immigrant,bar,,40.7285237,-73.9854028
node,6222189346,Manhattan,Von,bar,,40.7254448,-73.9926303
node,6222318519,Manhattan,Vol de Nuit,bar,,40.7314218,-74.0006056
node,6230657023,Manhattan,Sing Sing,bar,,40.7251191,-73.9843896
node,6231529913,Manhattan,169 Bar,bar,,40.7139326,-73.9897603
node,6233725914,Manhattan,Mehanata Bulgarian Bar,bar,,40.7194846,-73.9888709
node,6233803807,Manhattan,Pretty Ricky's,bar,,40.7199647,-73.9882898
node,6233954065,Manhattan,Max Fish,bar,,40.7194025,-73.9894514
node,6234654089,Manhattan,5 Bar Karaoke Lounge,bar,,40.7477867,-73.9874231
node,6236928052,Manhattan,Antler Beer & Wine Dispensary,bar,,40.7198154,-73.9903628
node,6236943854,Manhattan,Copper & Oak,bar,,40.7210247,-73.9897308
node,6316813126,Manhattan,The World Bar,bar,,40.7526022,-73.9675407
node,6321504681,Manhattan,St. Pat's Bar & Grill,bar,irish,40.7564278,-73.9803554
node,6334123626,Manhattan,The Bar at Baccarat Hotel,bar,,40.7608428,-73.9773161
node,6342778286,Manhattan,Jimmy at The James,bar,,40.7224501,-74.0048185
node,6367931785,Manhattan,The Monster,bar,,40.7334177,-74.0021471
node,6371402485,Manhattan,The Polo Bar,bar,,40.7615247,-73.9743066
node,6371402585,Manhattan,Bon Courage,bar,,40.7154148,-74.0071919
node,6371534686,Manhattan,Bowery Palace,bar,,40.7257417,-73.991767
node,6375303885,Manhattan,The Fleur Room,bar,,40.7464637,-73.9909625
node,6389664887,Manhattan,Vida Verde,bar,mexican,40.7648888,-73.9834965
node,6389702965,Manhattan,Billymark's West,bar,,40.7502652,-73.9983421
node,6398111372,Manhattan,Barracuda Bar,bar,,40.7445405,-73.998373
node,6407832772,Manhattan,Sid Gold's Request Room,bar,pizza;snack,40.7458591,-73.9936087
node,6457983889,Manhattan,The Press Lounge - Rooftop,bar,,40.7645137,-73.9958411
node,6473236071,Manhattan,Sophie’s,bar,,40.7247462,-73.9838567
node,6484411496,Manhattan,Bibi Wine Bar,bar,,40.7238517,-73.983598
node,6493242785,Manhattan,Lilly's,bar,american,40.7771326,-73.9785802
node,6534229343,Manhattan,Gardenia Terrace,bar,,40.7676505,-73.989397
node,6568369185,Manhattan,off the wagon,bar,,40.7299118,-74.0008153
node,6568734440,Manhattan,Inhabit karaoke lounge,bar,,40.7157167,-73.9934918
node,6568795185,Manhattan,Spring Lounge,bar,,40.7219227,-73.9964156
node,6568807585,Manhattan,b&b winebar,bar,,40.7258103,-73.9981248
node,6597932385,Manhattan,refinery rooftop,bar,,40.7522458,-73.9853353
node,6606909410,Manhattan,Prohibition,bar,,40.7852443,-73.9728265
node,6622046385,Manhattan,Bar Snack,bar,,40.7269947,-73.9886158
node,6680695932,Manhattan,O'Hanlons Bar,bar,,40.7316647,-73.9829175
node,6689909660,Manhattan,The Raven Pub,bar,,40.7708772,-73.953993
node,6709864873,Manhattan,Ace Bar,bar,,40.7243649,-73.9829025
node,6734071961,Manhattan,The Brooklyneer,bar,,40.7286547,-74.0045899
node,6761624789,Manhattan,Juke Bar,bar,,40.7310697,-73.9855764
node,6781739945,Manhattan,Carlow East,bar,,40.7786314,-73.9564131
node,6807706733,Manhattan,Olde City,bar,sandwich,40.7834971,-73.9507978
node,6816455651,Manhattan,The Hamilton,bar,,40.8027402,-73.9642554
node,6833456285,Manhattan,Death Ave brewing Co.,bar,,40.7510637,-74.0019532
node,6834261087,Manhattan,John Devon's,bar,,40.7423414,-73.984547
node,6853619386,Manhattan,Skylark,bar,,40.7364946,-73.9930574
node,6898115689,Manhattan,Dear Irving,bar,,40.755519,-73.9919666
node,6898115690,Manhattan,Flûte,bar,,40.7639513,-73.9819712
node,6898129085,Manhattan,Lillie‘s,bar,,40.7615503,-73.9859763
node,6902874803,Manhattan,Banzarbar,bar,eclectic;seafood,40.7220111,-73.9924309
node,6910733392,Manhattan,Kelly's,bar,pizza;snack,40.7225188,-73.9859212
node,6917406686,Manhattan,Sky Room,bar,,40.7565519,-73.9924744
node,6943963085,Manhattan,above 6 sushi rooftop bar,bar,,40.7674142,-73.9831796
node,6943977885,Manhattan,Monarch Rooftop,bar,snack,40.7503902,-73.9867656
node,6944119885,Manhattan,Cantina Rooftop,bar,,40.7649566,-73.995973
node,6951956385,Manhattan,La Cava Wine Bar,bar,,40.7548244,-73.968816
node,6966448551,Manhattan,Brass Monkey,bar,,40.7406797,-74.0084922
node,7004346066,Manhattan,Arts & Crafts Beer Parlor,bar,,40.8065783,-73.9609934
node,7022680977,Manhattan,Maxwell’s,bar,,40.7975028,-73.9485228
node,7045713638,Manhattan,Desmond's Tavern,bar,,40.7441961,-73.9832046
node,7047049185,Manhattan,St. Cloud Rooftop Bar,bar,,40.7552396,-73.9860413
node,7047129386,Manhattan,Fig. 19,bar,,40.7194981,-73.993485
node,7047133885,Manhattan,TLounge,bar,,40.7436095,-74.0031089
node,7047617885,Manhattan,Dear Irving,bar,,40.7361389,-73.9874097
node,7047644285,Manhattan,The Empire Rooftop,bar,,40.7713394,-73.9827159
node,7047818085,Manhattan,Ophelia Lounge NYC,bar,,40.7533299,-73.966171
node,7047818086,Manhattan,The Crown,bar,snack,40.7159358,-73.9966617
node,7047832885,Manhattan,Spyglass Rooftop,bar,,40.7519614,-73.9847937
node,7047864187,Manhattan,Castell Rooftop Lounge,bar,,40.755533,-73.9902804
node,7048165985,Manhattan,The Polynesian,bar,,40.7583871,-73.9930724
node,7048181785,Manhattan,Excuse My French,bar,french;eclectic,40.7184645,-73.9899363
node,7049475985,Manhattan,Posh,bar,,40.738536,-73.9857699
node,7049483885,Manhattan,NoMad Bar,bar,,40.7448615,-73.9882503
node,7049620585,Manhattan,The Blonde,bar,,40.7191934,-74.000084
node,7062675586,Manhattan,The Standard Rooftop Bar,bar,,40.7406851,-74.0079045
node,7075366387,Manhattan,Compagnie des Vins Surnaturels,bar,charcuterie;snack;international,40.7204999,-73.9980785
node,7078534437,Manhattan,Hard to Explain,bar,japanese,40.7291395,-73.9855532
node,7085207163,Manhattan,Ed's Elbow Room,bar,,40.7723172,-73.9550167
node,7097867545,Manhattan,The Skinny Bar,bar,,40.7215883,-73.9883313
node,7099017456,Manhattan,Melody's Piano Bar,bar,,40.7710341,-73.9619458
node,7125399099,Manhattan,67 Orange Street,bar,,40.8022415,-73.9567108
node,7159068915,Manhattan,Nobody Told Me,bar,,40.8008066,-73.9651977
node,7159193384,Manhattan,The Throwback,bar,,40.7931377,-73.9712655
node,7159217185,Manhattan,Dive Bar,bar,,40.7939248,-73.9707003
node,7167147108,Manhattan,Berlin Under A,bar,,40.7230062,-73.9860348
node,7191405785,Manhattan,The Grand Delancey,bar,,40.7182693,-73.9881502
node,7192228729,Manhattan,The Gin Mill,bar,,40.7847131,-73.9774249
node,7194308188,Manhattan,Jake's Dilemma,bar,,40.7843285,-73.977698
node,7278381685,Manhattan,,bar,,40.7559966,-73.9941587
node,7362999642,Manhattan,Clara's Gramercy,bar,,40.7377165,-73.9812475
node,7366099843,Manhattan,Bobby's Night Out,bar,mexican,40.7254543,-73.9780492
node,7591060171,Manhattan,Morty's Wine & Beer Bar,bar,,40.772094,-73.9906024
node,7629823948,Manhattan,Alibi Lounge,bar,,40.8178209,-73.9422219
node,7951259781,Manhattan,McKenna’s Bar,bar,,40.7394065,-74.0021129
node,7951261386,Manhattan,Grace's,bar,,40.7394377,-74.0021913
node,8000650772,Manhattan,Milano's Bar,bar,,40.724629,-73.9946134
node,8272848251,Manhattan,Eastpoint,bar,mexican;pub,40.7222739,-73.9830893
node,8333736462,Manhattan,Five & Dime,bar,,40.7126108,-74.008134
node,8333828562,Manhattan,Uptown Bourbon,bar,,40.8294475,-73.9486657
node,8424054821,Manhattan,The Craftsman,bar,juice;coffee_shop;tea;sandwich;beer;wine,40.8146576,-73.9593713
node,8438585854,Manhattan,Dive 106,bar,,40.8007289,-73.9657309
node,8511743557,Manhattan,Torch & Crown Brewing Company,bar,,40.7261365,-74.0043283
node,8542108505,Manhattan,On The Rocks,bar,,40.7637689,-73.9922272
node,8614943073,Manhattan,La Noxe,bar,,40.7470484,-73.9931695
node,8648127019,Manhattan,Bar 135,bar,,40.7162708,-74.009711
node,8648127118,Manhattan,Puffy’s Tavern,bar,,40.7185511,-74.0090368
node,8648175817,Manhattan,Greenwich st. Tavern,bar,,40.7208602,-74.0098439
node,8651793617,Manhattan,The Owl's Tail,bar,,40.7809547,-73.9808772
node,8653253617,Manhattan,Dive 75,bar,,40.7796024,-73.9776732
node,8789731894,Manhattan,B-Side,bar,,40.728413,-73.9789264
node,8902290376,Manhattan,Park Bar,bar,,40.7362386,-73.9917531
node,8986962109,Manhattan,The Summit,bar,oyster;snack,40.7249939,-73.9783775
node,9005983124,Manhattan,Manhattan Brewing Company,bar,,39.1795359,-96.5622144
node,9018132187,Manhattan,Amsterdam Billiards & Bar,bar,,40.7317897,-73.9900368
node,9029130049,Manhattan,Brandy's Piano Bar,bar,,40.7770063,-73.9534632
node,9094620024,Manhattan,Dolly Varden,bar,,40.7629436,-73.986239
node,9128276521,Manhattan,The Delancey,bar,,40.717912,-73.9853522
node,9138091002,Manhattan,Kettle of Fish,bar,,40.7338361,-74.0024203
node,9138110226,Manhattan,Bleecker Street Bar,bar,,40.7259782,-73.9950281
node,9147146733,Manhattan,Club Cumming,bar,,40.7253473,-73.9834179
node,9173102299,Manhattan,Iggy's,bar,,40.7711285,-73.9564384
node,9230873409,Manhattan,Bar Pendry,bar,,40.7530996,-73.9985376
node,9287217315,Manhattan,East End Bar & Grill,bar,pub,40.7837376,-73.9506306
node,9289282803,Manhattan,Augers Well,bar,,40.7270326,-73.9836776
node,9373538597,Manhattan,Vin Sur Vingt,bar,,40.7849237,-73.9728113
node,9505710292,Manhattan,Tom & Jerry,bar,,40.7246444,-73.9932411
node,9506639903,Manhattan,Fish Bar,bar,,40.727095,-73.9894463
node,9509211697,Manhattan,Toast,bar,,40.8147613,-73.9593075
node,9555414817,Manhattan,Strangelove Bar NYC,bar,,40.7573037,-73.9681176
node,9559075749,Manhattan,Keys & Heels,bar,,40.7722433,-73.955622
node,9560186050,Manhattan,Phil Hughes Bar,bar,irish,40.7780024,-73.9482923
node,9560223183,Manhattan,Avoca,bar,,40.7778711,-73.9483951
node,9578260093,Manhattan,Sweet Linda,bar,seafood;charcuterie;snack,40.7246493,-73.9907779
node,9652138965,Manhattan,Meller's Sports Hub & Grill,bar,american;italian,40.7792739,-73.9505041
node,9655048217,Manhattan,Katana Kitten,bar,,40.7342532,-74.0064058
node,9668165674,Manhattan,Elvis,bar,,40.7267174,-73.9921853
node,9690757649,Manhattan,Bar Felice,bar,italian,40.7748417,-73.9510989
node,9694850917,Manhattan,Snafu Bar,bar,,40.754616,-73.9732052
node,9719202412,Manhattan,The Guthrie Inn,bar,,40.7873564,-73.9516331
node,9719714335,Manhattan,Goyana,bar,brazilian,40.7883799,-73.9487013
node,9735550665,Manhattan,Stars,bar,,40.7321585,-73.9883569
node,9736034061,Manhattan,Sweet & Vicious,bar,,40.7212474,-73.9942934
node,9807449447,Manhattan,Downtown Social,bar,pub,40.7294584,-73.9872984
node,9809110694,Manhattan,Decibel,bar,japanese,40.7292871,-73.9877312
node,9813469117,Manhattan,Analogue,bar,,40.7328253,-73.9974499
node,9858440588,Manhattan,Plug Uglies,bar,,40.7718409,-73.9533011
node,9873034475,Manhattan,Lucky Lyndon,bar,,40.7452397,-73.9793194
node,9876984223,Manhattan,"Sincerely, Ophelia",bar,,40.73211,-73.9854278
node,9910104399,Manhattan,Midnight Cafe,bar,,40.7528931,-73.9986288
node,9915437750,Manhattan,Chez Zou,bar,,40.7529048,-73.9986636
node,9978637389,Manhattan,Whiskey Town,bar,pizza,40.7258327,-73.9902044
node,9978637391,Manhattan,Solas,bar,,40.7294285,-73.9880625
node,9990753838,Manhattan,Lullaby,bar,,40.7191923,-73.9857247
node,9993249848,Manhattan,Vin Sur Vingt,bar,,40.7301919,-73.986236
node,10000660272,Manhattan,The Irish Exit,bar,,40.7517188,-73.9957296
node,10073955920,Manhattan,12th Street Ale House,bar,,40.731033,-73.9856635
node,10077663950,Manhattan,The Django,bar,,40.7192738,-74.0048357
node,10089881641,Manhattan,Bar Pasquale,bar,,40.7211455,-73.996916
node,10090538380,Manhattan,Toad Hall,bar,,40.7221836,-74.0035553
node,10101226877,Manhattan,North Bar,bar,,40.7237077,-74.009632
node,10115105161,Manhattan,Champagne Problems,bar,,40.7212764,-73.9934281
node,10154000117,Manhattan,Life Rooftop Central Park,bar,,40.7645955,-73.9784506
node,10212457222,Manhattan,VERS,bar,,40.7626147,-73.9893366
node,10245589405,Manhattan,PubKey,bar,hot_dog;sandwich;chicken,40.732185,-74.0000205
node,10270363605,Manhattan,Goodnight Sunny,bar,,40.7276083,-73.9850691
node,10270363607,Manhattan,Banshee,bar,,40.7281223,-73.9851452
node,10270502717,Manhattan,Area Bar,bar,,40.7278406,-73.9848961
node,10270699211,Manhattan,Holiday Cocktail Lounge,bar,,40.727916,-73.985742
node,10272388251,Manhattan,Sly Fox,bar,,40.7289514,-73.9871824
node,10281524809,Manhattan,Stickett Inn,bar,,40.7286903,-73.984733
node,10286844703,Manhattan,Home Sweet Home,bar,,40.7194726,-73.9933546
node,10290384729,Manhattan,11 Tigers,bar,japanese;thai,40.7290538,-73.9781533
node,10292370196,Manhattan,Somebody's Darling,bar,,40.7773181,-73.9488236
node,10314828707,Manhattan,C. DiPalo,bar,charcuterie;italian,40.7193752,-73.9964618
node,10315377442,Manhattan,Nurse Bettie,bar,,40.7188751,-73.9869882
node,10558408063,Manhattan,13,bar,,40.7345239,-73.9919739
node,10606691227,Manhattan,The Four-Faced Liar,bar,,40.7321644,-74.0013984
node,10695076877,Manhattan,The Highlight Room,bar,,40.7189483,-73.9940599
node,10717839788,Manhattan,Mace,bar,seafood;eclectic,40.7330903,-73.9980848
node,10757735011,Manhattan,Bar Veloce,bar,,40.7226537,-73.9928275
node,10791185413,Manhattan,Lucky,bar,,40.7272139,-73.9797955
node,10853382805,Manhattan,Nuyorican Poets Cafe,bar,,40.7220439,-73.9817859
node,10866135205,Manhattan,Highwater Rooftop,bar,,40.7054271,-74.0074507
node,10885671406,Manhattan,St. Jardim,bar,,40.7343508,-74.0028751
node,10893590822,Manhattan,Ryan's Daughter,bar,,40.7762991,-73.9504574
node,10896481012,Manhattan,Auction House,bar,,40.7795415,-73.9499453
node,10948099761,Manhattan,Go Next Door,bar,mexican;tacos,40.7406287,-74.0084361
node,10982822003,Manhattan,Buena Onda Mescalera,bar,mexican,40.7698331,-73.9542665
node,11005206216,Manhattan,Bob's Your Uncle,bar,,40.7988323,-73.9629321
node,11010933605,Manhattan,Blue mountain heights cafe and bar,bar,american;mexican,40.8334517,-73.941173
node,11045292805,Manhattan,Common Country,bar,american,40.7405187,-73.9821654
node,11067172705,Manhattan,Lovers of Today,bar,,40.7258267,-73.9832403
node,11067979505,Manhattan,Old Rabbit Club,bar,,40.7299518,-74.0003667
node,11079239445,Manhattan,Galerie Bar,bar,,40.7151386,-74.0092889
node,11079657105,Manhattan,Bar 54,bar,,40.7575137,-73.9840845
node,11084164914,Manhattan,The Irish American,bar,,40.7098633,-74.0086893
node,11100292928,Manhattan,J. Bespoke,bar,snack,40.7424481,-73.98357
node,11162304268,Manhattan,Malachy's Irish Bar,bar,,40.7776963,-73.9790334
node,11189423585,Manhattan,Lucy's Bar,bar,,40.7270608,-73.9830229
node,11196374537,Manhattan,Spikes,bar,,40.7300131,-73.9804574
node,11196500996,Manhattan,Iggy's,bar,,40.7202321,-73.9881513
node,11208744396,Manhattan,Split Eights,bar,,40.7058839,-74.0102847
node,11208788096,Manhattan,Harry's Side Bar,bar,,40.7045634,-74.0098904
node,11229897237,Manhattan,Seeyamañana,bar,,40.7452552,-73.9902833
node,11243946687,Manhattan,City Beer,bar,sandwich;snack,40.7486079,-73.9755052
node,11255887063,Manhattan,Blue Haven,bar,,40.7100277,-74.0071166
node,11293344177,Manhattan,Side Door,bar,gastropub,40.7607684,-73.9683086
node,11293344183,Manhattan,The Naked Pig,bar,,40.7593709,-73.96841
node,11314008722,Manhattan,Cedric’s,bar,,40.7532858,-74.0027158
node,11328372069,Manhattan,Lelabar,bar,,40.7303885,-74.0066375
node,11360985469,Manhattan,Bin 71,bar,,40.7765296,-73.9792214
node,11384449994,Manhattan,The Ricky,bar,,40.7644186,-73.9817038
node,11405963748,Manhattan,The Hunterian,bar,snack,40.7661495,-73.9558887
node,11447971796,Manhattan,161 Lafayette,bar,,40.7198136,-73.9990736
node,11462657455,Manhattan,Hendrickson's,bar,,40.7611375,-73.960629
node,11523643176,Manhattan,Treasure Club,bar,,40.7153993,-73.9915154
node,11541696469,Manhattan,Hoptimist,bar,,40.7840717,-73.9779024
node,11565456368,Manhattan,The Belfry,bar,,40.7327433,-73.9862943
node,11565539048,Manhattan,Paradise Lost,bar,,40.7271704,-73.9884869
node,11580920969,Manhattan,Sugar Monk,bar,,40.8089408,-73.9518174
node,11583940165,Manhattan,Blondies Sports Bar,bar,,40.7832747,-73.9791292
node,11583954373,Manhattan,New York Comedy Club,bar,,40.7828731,-73.9801285
node,11629287173,Manhattan,Zizi's Wine Bar,bar,,40.709189,-74.0078111
node,11629642322,Manhattan,West Side Comedy Club,bar,,40.7807729,-73.9804016
node,11652456194,Manhattan,Tigre,bar,,40.7199283,-73.9881704
node,11662430712,Manhattan,The Upside,bar,,40.7894094,-73.9739936
node,11687215265,Manhattan,Scarlet Lounge,bar,,40.7855628,-73.9767913
node,11729195306,Manhattan,The Greats of Craft,bar,,40.7563355,-73.9645648
node,11746463839,Manhattan,Singlish,bar,,40.7349796,-73.993027
node,11746463840,Manhattan,Music For a While,bar,,40.7504877,-74.0033783
node,11746463845,Manhattan,142 Sullivan Bar,bar,,40.727044,-74.0020491
node,11748179933,Manhattan,The Lions,bar,,40.7274292,-73.9852033
node,11789217687,Manhattan,Baker Falls,bar,snack,40.7257942,-73.9839054
node,11842272663,Manhattan,Tía Pol,bar,,40.7472782,-74.0047099
node,11842373515,Manhattan,Studio Bar,bar,,40.7395602,-74.0088479
node,11844522999,Manhattan,Trailer Park Lounge,bar,,40.7452301,-73.9978783
node,11852588962,Manhattan,Emerald Inn,bar,,40.7793147,-73.9837288
node,11852588968,Manhattan,Gebhard's Beer Culture,bar,,40.7790485,-73.9831265
node,11872565844,Manhattan,The Independent,bar,,40.7546757,-73.9874489
node,11875083121,Manhattan,Bleecker Street Bar,bar,,40.7265973,-73.9953567
node,11917024769,Manhattan,NºBetween,bar,japanese,40.7427277,-74.0069647
node,11918630622,Manhattan,Sour Mouse,bar,,40.7188557,-73.9883675
node,11943260739,Manhattan,Botantica Bar,bar,,40.7246846,-73.994744
node,11943293175,Manhattan,Dahlia,bar,,40.7777536,-73.9783192
node,11959321244,Manhattan,Proletariat,bar,,40.7286675,-73.9894532
node,11959453564,Manhattan,Talea,bar,,40.7331942,-74.0048618
node,11969588269,Manhattan,The Three Monkeys,bar,,40.7641352,-73.9830578
node,11992808706,Manhattan,Blue Ruin,bar,,40.7572141,-73.9930662
node,12076152433,Manhattan,Baby Grand Flatiron,bar,,40.738683,-73.9937194
node,12077150288,Manhattan,Beer Run UWS,bar,,40.7866912,-73.9717938
node,12093994493,Manhattan,Wonderland Bar,bar,chinese,40.7270554,-73.9885712
node,12150641967,Manhattan,The Spotted Owl,bar,,40.7298793,-73.9809353
node,12177578856,Manhattan,9th Avenue Saloon,bar,,40.7607594,-73.9906983
node,12207203839,Manhattan,Muse Paintbar,bar,,40.7176962,-74.0104084
node,12300150547,Manhattan,The Spotted Dog,bar,,40.7622657,-73.9598052
node,12307862278,Manhattan,David’s Bar,bar,,40.7172354,-73.993296
node,12309214382,Manhattan,cloudM Rooftop-Bar,bar,,40.7206975,-73.993476
node,12309226999,Manhattan,Electric Lemon,bar,,40.7545273,-74.0020433
node,12313182579,Manhattan,Planet Rose,bar,,40.7301469,-73.9807499
node,12319900971,Manhattan,La Linea,bar,,40.7235041,-73.9885185
node,12319918269,Manhattan,Superbueno,bar,mexican,40.7234538,-73.9885506
node,12324923075,Manhattan,Mister Paradise,bar,,40.7267585,-73.9861797
node,12324923077,Manhattan,Tile Bar,bar,,40.7271559,-73.9858545
node,12324933016,Manhattan,The Headless Widow,bar,,40.7265948,-73.9863121
node,12327498679,Manhattan,St. Dymphna’s,bar,,40.7263843,-73.9834728
node,12333450784,Manhattan,Sugar Mouse,bar,,40.7308162,-73.9887471
node,12334487669,Manhattan,The Last Resort,bar,,40.7300279,-73.9818721
node,12335788854,Manhattan,Yawning Cobra,bar,,40.7268534,-73.9918703
node,12365486436,Manhattan,Bonnie Vee,bar,,40.7224569,-73.9921311
node,12365512172,Manhattan,Vig Bar,bar,,40.7211586,-73.9946239
node,12365588901,Manhattan,Beyond The Pale,bar,,40.7221898,-73.9965894
node,12366546101,Manhattan,Double Chicken Please,bar,chicken,40.7195842,-73.9904912
node,12366551501,Manhattan,Overstory,bar,,40.7065765,-74.0080763
node,12368232318,Manhattan,International Bar,bar,,40.7264673,-73.9858887
node,12389243039,Manhattan,Chinato,bar,,40.7212805,-73.9875664
node,12389258451,Manhattan,Apartment 5,bar,,40.7209735,-73.9880154
node,12395382702,Manhattan,Society Billiards + Bar,bar,american,40.7399067,-73.9899635
node,12463668755,Manhattan,Uncle Charlie’s Piano Lounge,bar,,40.7532286,-73.9739994
node,12542984185,Manhattan,Whiskey Cellar,bar,,40.7273568,-73.9863567
node,12542984188,Manhattan,Blue & Gold,bar,,40.7273351,-73.9862728
node,12542984190,Manhattan,Big Bar,bar,,40.7274275,-73.9865089
node,12544339981,Manhattan,Murphy's Irish Pub,bar,,40.7561865,-73.967351
node,12547817793,Manhattan,Shade Bar,bar,,40.729931,-73.9993365
node,12594065265,Manhattan,Bar Oliver,bar,,40.7130612,-73.9982064
node,12635027167,Manhattan,Up Stairs Bar,bar,,40.7150639,-73.9920743
node,12646645001,Manhattan,The Woo Woo,bar,,40.7601203,-73.9872499
node,12674202672,Manhattan,L'Angolo della Villetta,bar,pizza,40.7549651,-73.9651356
node,12692246997,Manhattan,Pregame Dyckman,bar,,40.8618037,-73.9251137
node,12696860008,Manhattan,Plug Uglies,bar,,40.7384971,-73.9831663
node,12719181899,Manhattan,Skin Contact,bar,charcuterie;snack,40.7177244,-73.9903192
node,12720658654,Manhattan,Romeos,bar,,40.7269668,-73.9840529
node,12720704231,Manhattan,Craft + Carry Saint Marks,bar,,40.7269897,-73.9841119
node,12729319283,Manhattan,Las Lap,bar,caribbean,40.71766,-73.9903523
node,12729390265,Manhattan,Ven Hue,bar,,40.7221182,-73.9832236
node,12818145480,Manhattan,RT60 Rooftop Bar & Lounge,bar,,40.7596608,-73.9832831
node,12898340499,Manhattan,Elsie Rooftop,bar,,40.753645,-73.9867772
node,12917458454,Manhattan,Lolita,bar,,40.7562131,-73.9811182
node,12926687501,Manhattan,Temple Bar,bar,,40.7257276,-73.9949997
node,12973789901,Manhattan,230 Fifth Rooftop,bar,,40.7441781,-73.9887861
node,12982612201,Manhattan,Schmuck,bar,,40.7263913,-73.9864117
node,12990373901,Manhattan,The Little Shop,bar,,40.7082968,-74.0008745
node,12998414901,Manhattan,Darling,bar,,40.7650593,-73.9752711
node,12998414902,Manhattan,Dear Irving on Hudson,bar,,40.7561752,-73.9919029
node,13003153501,Manhattan,Five Spot Jazz,bar,,40.7296107,-73.9878145
node,13027471401,Manhattan,Tomi Jazz,bar,,40.7571763,-73.9678034
node,13064239935,Manhattan,Bergamo's,bar,,40.7535242,-73.9777794
node,13070933044,Manhattan,The Canuck,bar,,40.7459665,-74.0014557
node,13073165602,Manhattan,Sake Bar Asoko,bar,japanese,40.7137622,-73.9919916
node,13075288501,Manhattan,Jones St. Wine Bar & Room,bar,,40.7262318,-73.9842408
node,13078664901,Manhattan,Sake Bar Shigure,bar,japanese,40.7185633,-74.004808
node,13107945801,Manhattan,Draught 55,bar,,40.7582895,-73.9665979
node,13107965005,Manhattan,The Rose,bar,,40.7449435,-73.9942824
node,13129731186,Manhattan,Wilka's Sports Bar,bar,,40.7225191,-73.9929312
node,13250232454,Manhattan,Albert’s Bar,bar,,40.7504146,-73.9762096
node,13286404301,Manhattan,Madeline’s Martini,bar,,40.7262812,-73.9774787
node,13346761055,Manhattan,Printers Alley,bar,pub,40.7552067,-73.9886987
node,13375040754,Manhattan,The Domino Room,bar,,40.7772814,-73.9519558
node,13527372236,Manhattan,Old Flings,bar,,40.7230273,-73.9860849
node,13530551350,Manhattan,Blue Ruin Bar,bar,,40.756877,-73.993538
node,13550914365,Manhattan,B-Side,bar,sandwich,40.7249446,-73.9784115
node,13550914367,Manhattan,The Cabinet,bar,,40.7254995,-73.9782351
node,13567251701,Manhattan,Shy Shy,bar,,40.7426605,-74.0006676
node,13650265301,Manhattan,New York Beer Dispensary,bar,,40.7392333,-74.0005929
node,13659094688,Manhattan,Stone & Soil,bar,japanese,40.7428266,-73.9831866
node,13680449615,Manhattan,Lucinda's,bar,,40.7283033,-73.9821252
node,13719726601,Manhattan,The Lost & Found,bar,,40.748755,-73.9957363
node,13730649424,Manhattan,Baya Bar,bar,,40.7694784,-73.9848107
node,13740052382,Manhattan,Edge,bar,,40.7539892,-74.0005939
node,13781153305,Manhattan,Back,bar,,40.7496952,-73.9926393
node,13781153312,Manhattan,Side,bar,,40.7497573,-73.9928093
node,13785835101,Manhattan,At Cave,bar,,40.7236064,-73.9874692
node,13816417190,Manhattan,Locksmith Bar,bar,,40.857327,-73.9325779
node,13829652108,Manhattan,Hello Hello,bar,,40.7457533,-73.9933769
node,13863452601,Manhattan,Down the Hatch,bar,,40.7324622,-74.001664
node,13899988340,Manhattan,Accidental Bar,bar,,40.7237498,-73.9789138
way,104897643,Manhattan,The Salty Rim,bar,,39.1859164,-96.5751593
way,104897710,Manhattan,O'Malley's,bar,,39.185908,-96.5753581
way,104897950,Manhattan,So Long Saloon,bar,,39.185916,-96.5746826
way,131638736,Manhattan,Kite's Bar and Grille,bar,,39.1854274,-96.5749953
way,131638740,Manhattan,Shot Stop,bar,,39.1855323,-96.5755873
way,131638763,Manhattan,Porter's Bar & Deli,bar,,39.1860635,-96.576131
way,131833548,Manhattan,Tubby's Sports Bar,bar,bar,39.1855305,-96.5745658
way,217894660,Manhattan,McCool's Bar + Kitchen,bar,,39.1861952,-96.5761655
way,247839756,Manhattan,Yawning Cobra,bar,,40.7269146,-73.9919525
way,247842935,Manhattan,Great Jones Distilling Co,bar,,40.72791,-73.9942311
way,248163476,Manhattan,Groove,bar,,40.7306042,-74.0002266
way,249665003,Manhattan,Houston Hall,bar,,40.7287936,-74.0047387
way,250266762,Manhattan,The Whiskey Ward,bar,,40.7196519,-73.9878918
way,265273018,Manhattan,Break Bar,bar,pizza;snack,40.7542926,-73.9953345
way,266149324,Manhattan,Playwright Celtic Pub,bar,irish,40.7593274,-73.9879292
way,266170732,Manhattan,The Blue Bar,bar,,40.7560836,-73.9824341
way,271807581,Manhattan,Cove Lounge,bar,,40.8088135,-73.9452115
way,271923842,Manhattan,Cotton Club,bar,,40.8175864,-73.9602803
way,278245473,Manhattan,,bar,,40.7145656,-73.9915462
way,341357735,Manhattan,Dirty Dawg Saloon,bar,,39.1848847,-96.5767271
way,664632831,Manhattan,Merrion Square Pub,bar,,40.7835603,-73.9472416
way,665897391,Manhattan,O'Reilly's Pub,bar,pub,40.7475728,-73.9888643
way,763268998,Manhattan,Jury Duty,bar,,40.7135782,-74.0033351
way,975290224,Manhattan,Havana Social,bar,,40.7043432,-74.0106208
way,1086332859,Manhattan,Broken Arrow,bar,,45.8554229,-111.3317019
node,349323821,Manhattan,Five Guys,fast_food,burger,40.7625151,-73.9766897
node,584120700,Manhattan,Café au bon gout,fast_food,,40.7458981,-73.986688
node,626013381,Manhattan,Sweetgreen,fast_food,salad,40.8073542,-73.9647166
node,663387602,Manhattan,Taco Bell Cantina,fast_food,tex-mex,40.7529683,-73.9926431
node,671071295,Manhattan,2 Bros. Pizza,fast_food,pizza,40.7569564,-73.9934438
node,700433714,Manhattan,Subway,fast_food,sandwich,39.1886174,-96.6157635
node,738212648,Manhattan,Fat Shack,fast_food,burger,39.1856097,-96.5747192
node,763652153,Manhattan,S&P Sandwich Shop,fast_food,sandwich,40.7411174,-73.9901665
node,767040578,Manhattan,,fast_food,concessions,39.2023048,-96.61884
node,792088837,Manhattan,HuHot Mongolian Grill,fast_food,mongolian_grill,39.1791195,-96.5583238
node,793874581,Manhattan,Little Caesars,fast_food,pizza,39.1916765,-96.6087402
node,841778679,Manhattan,Turecki Kebap,fast_food,kebab,52.759371,15.2445735
node,864316453,Manhattan,,fast_food,,39.217033,-96.5686399
node,870316544,Manhattan,Piccolo Trattoria,fast_food,pizza;italian,40.7592113,-73.9525792
node,883234965,Manhattan,Chipotle,fast_food,mexican,40.7484288,-73.9850334
node,886682281,Manhattan,Le Basket,fast_food,deli,40.7279757,-73.994851
node,887596760,Manhattan,Burger King,fast_food,burger,40.7096762,-74.011915
node,889485115,Manhattan,McDonald's,fast_food,burger,40.7162978,-74.0106665
node,910822719,Manhattan,Chipotle,fast_food,mexican,40.7067224,-74.0069799
node,1270769394,Manhattan,Punjabi Deli & Grocery,fast_food,indian,40.7226466,-73.986706
node,1292794352,Manhattan,Pret A Manger,fast_food,sandwich,40.7506137,-73.9784255
node,1297282199,Manhattan,Chipotle,fast_food,mexican,40.7453541,-73.9828231
node,1297282225,Manhattan,Pret A Manger,fast_food,sandwich,40.7462142,-73.9822961
node,1297282239,Manhattan,Dunkin',fast_food,donut;coffee_shop,40.7448937,-73.9826174
node,1297282287,Manhattan,Lenwich,fast_food,sandwich,40.7450177,-73.9826248
node,1297657485,Manhattan,Dunkin',fast_food,donut;coffee_shop,40.7511441,-73.9972215
node,1383909209,Manhattan,Chipotle,fast_food,mexican,40.7660008,-73.9828817
node,1383917378,Manhattan,Dunkin',fast_food,donut;coffee_shop,40.7671142,-73.9833679
node,1383955011,Manhattan,fresh & co,fast_food,salad,40.7654404,-73.9803003
node,1426190404,Manhattan,McDonald's,fast_food,burger,40.7514749,-73.9804635
node,1426215370,Manhattan,Fresh Kitchen,fast_food,sandwich;breakfast;salad,40.7509562,-73.9804514
node,1427212548,Manhattan,food exchange,fast_food,,40.7525447,-73.9792587
node,1427265080,Manhattan,Blake & Todd,fast_food,,40.7543276,-73.9772122
node,1427273513,Manhattan,Pret A Manger,fast_food,sandwich,40.7524627,-73.9751098
node,1427285993,Manhattan,Pret A Manger,fast_food,sandwich,40.7509775,-73.9767577
node,1427286041,Manhattan,Delmonico Gourmet Market,fast_food,,40.7508482,-73.9762726
node,1427286096,Manhattan,Previti pizza,fast_food,pizza,40.7510468,-73.9769024
node,1427499828,Manhattan,4food,fast_food,,40.7517125,-73.9803061
node,1427499831,Manhattan,Chipotle,fast_food,mexican,40.7511837,-73.9806977
node,1427521090,Manhattan,Burger King,fast_food,burger,40.7499023,-73.9831807
node,1428185702,Manhattan,Subway,fast_food,sandwich,40.7467357,-73.9839912
node,1428427555,Manhattan,Pret A Manger,fast_food,sandwich,40.7569369,-73.9760656
node,1529086408,Manhattan,Pretzelmaker,fast_food,pretzel,39.179232,-96.5589501
node,1667407727,Manhattan,Subway,fast_food,sandwich,40.8048764,-73.955334
node,1675161899,Manhattan,Firehouse Subs,fast_food,sandwich,39.1838751,-96.5605192
node,1707825826,Manhattan,Subway,fast_food,sandwich,40.7533686,-73.9958361
node,1740694091,Manhattan,McDonald's,fast_food,burger,40.7587753,-73.98472
node,1740694092,Manhattan,McDonald's,fast_food,burger,40.762234,-73.98375
node,1740707014,Manhattan,McDonald's,fast_food,burger,40.8122296,-73.9418363
node,1740824586,Manhattan,Cinco de Mayo,fast_food,mexican,40.7516663,-73.9742396
node,1749011050,Manhattan,Dunkin',fast_food,donut;coffee_shop,40.7903432,-73.9475023
node,1749011125,Manhattan,King Dragon,fast_food,chinese,40.7928147,-73.95028
node,1749011169,Manhattan,Blimpie,fast_food,sandwich,40.7925668,-73.95085
node,1749016144,Manhattan,Jalapeño Deli,fast_food,mexican,40.7899881,-73.9477583
node,1802297281,Manhattan,Shake Shack,fast_food,burger,40.8079748,-73.9642844
node,1809517488,Manhattan,Dunkin',fast_food,donut;coffee_shop,40.792438,-73.9681388
node,1810737606,Manhattan,Famous Famiglia,fast_food,pizza,40.793996,-73.9706474
node,1810737612,Manhattan,Subway,fast_food,sandwich,40.7929104,-73.9726982
node,1821015964,Manhattan,Ollie's To Go,fast_food,,40.7904889,-73.9751569
node,1824995167,Manhattan,Len's Papaya,fast_food,hot_dog,40.701252,-74.0132881
node,1825848808,Manhattan,Chipotle,fast_food,mexican,40.7953444,-73.9716544
node,1827772291,Manhattan,Wa Lung Kitchen,fast_food,chinese,40.7138887,-73.980158
node,1827781722,Manhattan,Alphonso's Trattoria Pizzeria,fast_food,pizza,40.7143362,-73.9816938
node,1827793441,Manhattan,Wing Hing,fast_food,chinese,40.7144836,-73.9821592
node,1827793448,Manhattan,A-1 Pizza,fast_food,pizza,40.7145456,-73.9823483
node,1853451182,Manhattan,Village Pizza,fast_food,pizza,40.7392445,-74.0031634
node,1873813840,Manhattan,Chipotle,fast_food,mexican,40.7595189,-73.99156
node,1888172061,Manhattan,Shake Shack,fast_food,burger,40.7808407,-73.9765216
node,1899033652,Manhattan,McDonald's,fast_food,burger,40.7581196,-73.9889244
node,1899033656,Manhattan,Shake Shack,fast_food,burger,40.7584542,-73.9891712
node,1906721425,Manhattan,Burrito Box,fast_food,mexican,40.7682759,-73.9856866
node,1934501367,Manhattan,Shake Shack,fast_food,burger,40.7152683,-74.0148288
node,1934522990,Manhattan,Chipotle,fast_food,mexican,40.7149834,-74.011137
node,1994680555,Manhattan,Chipotle,fast_food,mexican,40.8045254,-73.9668001
node,1994680558,Manhattan,Famous Famiglia,fast_food,pizza,40.8048337,-73.9665577
node,2034010965,Manhattan,Chipotle,fast_food,mexican,40.7042039,-74.0130189
node,2045635528,Manhattan,McDonald's,fast_food,burger,40.7431278,-73.9839473
node,2047267695,Manhattan,Chirping Chicken,fast_food,chicken,40.781646,-73.9791676
node,2108080657,Manhattan,Dunkin',fast_food,donut;coffee_shop,40.7989349,-73.9670565
node,2111692823,Manhattan,Dunkin',fast_food,donut;coffee_shop,40.7922751,-73.9714131
node,2113999261,Manhattan,Terri,fast_food,,40.7426147,-73.9925851
node,2125873487,Manhattan,Kam Lai 94,fast_food,chinese,40.7930719,-73.9713206
node,2129919007,Manhattan,Dunkin',fast_food,donut;coffee_shop,40.7874464,-73.9749495
node,2143413375,Manhattan,Chipotle,fast_food,mexican,40.778899,-73.9811844
node,2143413378,Manhattan,Gray's Papaya,fast_food,sausage,40.7783771,-73.9815748
node,2176936529,Manhattan,KD 46,fast_food,,40.7562938,-73.9799651
node,2183010453,Manhattan,77 Burger,fast_food,burger,40.7041371,-74.0105616
node,2183010464,Manhattan,Golden Chopsticks,fast_food,chinese,40.7040673,-74.01052
node,2183010470,Manhattan,Just Salad,fast_food,salad,40.7068901,-74.0071699
node,2183010481,Manhattan,Potbelly,fast_food,sandwich,40.7038875,-74.0117645
node,2183010482,Manhattan,Potbelly,fast_food,sandwich,40.707064,-74.006986
node,2183010483,Manhattan,Pret A Manger,fast_food,sandwich,40.7054601,-74.011721
node,2183010484,Manhattan,Ruben's Empanadas,fast_food,,40.7039938,-74.0104728
node,2183010490,Manhattan,Terrace Fish & Chip,fast_food,seafood,40.7041023,-74.0105398
node,2183010491,Manhattan,Traditas Pizza,fast_food,pizza,40.7075612,-74.0075651
node,2183891969,Manhattan,Hanover Gourmet Deli,fast_food,,40.7050665,-74.0098062
node,2183891974,Manhattan,Proper Food,fast_food,american;asian,40.7057203,-74.0084586
node,2186522366,Manhattan,Dunkin',fast_food,donut;coffee_shop,40.706856,-74.0086819
node,2186614186,Manhattan,Leo's Bagels,fast_food,bagel;breakfast;sandwich,40.7049092,-74.0097089
node,2186614192,Manhattan,Underground Pizza,fast_food,pizza,40.7049559,-74.0097378
node,2195218437,Manhattan,Dim Sum Sam,fast_food,chinese,40.7924633,-73.9737697
node,2209428369,Manhattan,Tropical Smoothie Cafe,fast_food,juice,39.1898561,-96.5519522
node,2262145185,Manhattan,Pret A Manger,fast_food,sandwich,40.7372903,-73.990456
node,2262149832,Manhattan,Burgerhead,fast_food,burger,40.7293897,-73.987348
node,2276383000,Manhattan,Holy Burger,fast_food,burger,40.7947929,-73.9638647
node,2279513027,Manhattan,Dunkin',fast_food,donut;coffee_shop,40.7321799,-73.9815945
node,2279528512,Manhattan,KFC,fast_food,chicken,40.7323003,-73.9852347
node,2300348736,Manhattan,Chipolte,fast_food,,40.7398067,-73.9850517
node,2300348737,Manhattan,Frank's Pizza,fast_food,pizza,40.7398144,-73.9850793
node,2302043669,Manhattan,Subway,fast_food,sandwich,40.8748079,-73.9097826
node,2312065727,Manhattan,Five Guys,fast_food,burger,40.8045972,-73.9667436
node,2312065745,Manhattan,Dreamer’s Pizza II,fast_food,pizza,40.7881539,-73.9769967
node,2331896556,Manhattan,Subway,fast_food,sandwich,39.1880938,-96.5568985
node,2348610312,Manhattan,El Buffet Restaurant,fast_food,mexican,40.8654567,-73.9269346
node,2348610315,Manhattan,McDonald's,fast_food,burger,40.8651691,-73.9275289
node,2351576867,Manhattan,Five Guys,fast_food,burger,40.7525017,-73.9946509
node,2358048506,Manhattan,Bagel Rx,fast_food,bagel,40.7376847,-74.0000683
node,2366519599,Manhattan,New York Burger Co,fast_food,burger,40.7474289,-74.0040709
node,2372930707,Manhattan,Dunkin',fast_food,donut;coffee_shop,40.7552873,-73.9946765
node,2377128140,Manhattan,Jeannie's Deli,fast_food,,40.7431771,-73.9997533
node,2377128142,Manhattan,Chipotle,fast_food,mexican,40.7420072,-74.001146
node,2377128153,Manhattan,Golden Wok,fast_food,chinese,40.7439086,-73.9997496
node,2377128167,Manhattan,Joe's Pizza,fast_food,pizza,40.7439385,-73.9997311
node,2377128174,Manhattan,Popeyes,fast_food,chicken,40.7450158,-73.9984148
node,2384892234,Manhattan,Domino's,fast_food,pizza,40.7883024,-73.9711172
node,2384892240,Manhattan,Wingstop,fast_food,wings,40.7982147,-73.9695212
node,2407445501,Manhattan,Pizza Suprema,fast_food,pizza,40.750135,-73.995213
node,2407894981,Manhattan,Dunkin',fast_food,donut;coffee_shop,40.7456359,-73.9984752
node,2411819317,Manhattan,Gotham Pizza,fast_food,pizza,40.7438728,-74.0030028
node,2412364226,Manhattan,McDonald's,fast_food,burger,40.7406342,-73.9878454
node,2414094429,Manhattan,Lenwich,fast_food,sandwich,40.7841706,-73.9736145
node,2414094432,Manhattan,7th Street Burger,fast_food,burger,40.7841537,-73.9778358
node,2443892135,Manhattan,McDonald's,fast_food,burger,40.7778959,-73.9825105
node,2480338486,Manhattan,Subway,fast_food,sandwich,39.1880802,-96.5826377
node,2494064497,Manhattan,Baji Baji,fast_food,chinese,40.7281476,-73.9851267
node,2494127817,Manhattan,Yubu,fast_food,korean,40.7270578,-73.9861765
node,2494245394,Manhattan,Wonder,fast_food,eclectic,40.7298025,-73.9890803
node,2495710933,Manhattan,Chelsea Square Market,fast_food,,40.7446653,-74.006119
node,2535746162,Manhattan,Acosta Restaurant,fast_food,spanish,40.8003312,-73.9660124
node,2535746192,Manhattan,Yoyo Chicken,fast_food,chicken,40.8003697,-73.9659827
node,2535746195,Manhattan,Ranch Deli,fast_food,,40.7978462,-73.9678285
node,2535746243,Manhattan,Dunkin',fast_food,donut;coffee_shop,40.7959426,-73.9705001
node,2539225257,Manhattan,Chipotle,fast_food,mexican,40.7861966,-73.9778709
node,2546985529,Manhattan,Sweetgreen,fast_food,salad,40.7264799,-73.9914802
node,2546985605,Manhattan,La Vera Pizza,fast_food,pizza,40.726165,-73.989682
node,2547114855,Manhattan,Old Fashioned Pizza,fast_food,pizza,40.7317935,-73.9860472
node,2547114888,Manhattan,Tio Pio,fast_food,chicken;latin_american,40.732327,-73.9852985
node,2547121533,Manhattan,Five Guys,fast_food,burger,40.7308433,-73.9857812
node,2547200373,Manhattan,Lenwich,fast_food,sandwich,40.7347076,-73.992346
node,2547200374,Manhattan,Luke's Lobster,fast_food,seafood,40.7348292,-73.9922468
node,2547205386,Manhattan,Taco Bell,fast_food,tex-mex,40.7325687,-73.9879342
node,2547208989,Manhattan,Panera Bread,fast_food,sandwich;bakery,40.7341969,-73.9927396
node,2547218194,Manhattan,Honey Crepes,fast_food,crepe,40.7304125,-73.9827424
node,2547218198,Manhattan,McDonald's,fast_food,burger,40.7310359,-73.9822614
node,2547218203,Manhattan,Domino's,fast_food,pizza,40.7304271,-73.9808198
node,2547243347,Manhattan,7th Street Burger,fast_food,burger,40.7230906,-73.9957109
node,2547246907,Manhattan,Nom Wah Nolita,fast_food,chinese,40.7203696,-73.9945824
node,2549926579,Manhattan,Dunkin',fast_food,donut;coffee_shop,40.7264227,-73.985941
node,2549928762,Manhattan,Hen House NYC,fast_food,middle_eastern;chicken,40.7270198,-73.9855018
node,2549928994,Manhattan,Utshob Restaurant,fast_food,indian,40.7273871,-73.9852333
node,2549930024,Manhattan,New York Grill and Deli,fast_food,,40.7290503,-73.9815308
node,2549932986,Manhattan,Apollo Bagels,fast_food,bagel,40.7430766,-73.980334
node,2549932991,Manhattan,Profit,fast_food,chinese,40.7431575,-73.9802204
node,2550051091,Manhattan,Petit Boucherie,fast_food,sandwich,40.7338779,-74.0004371
node,2550112948,Manhattan,Dunkin',fast_food,donut;coffee_shop,40.778203,-73.9811645
node,2554956160,Manhattan,Subway,fast_food,sandwich,40.7195035,-73.9905455
node,2555120318,Manhattan,Dunkin',fast_food,donut;coffee_shop,40.7197797,-74.0021409
node,2555123849,Manhattan,Go Believe Bakery,fast_food,chinese,40.7182491,-73.9945768
node,2555123872,Manhattan,Popeyes,fast_food,chicken,40.7160109,-73.9951234
node,2555128941,Manhattan,The Italian Slice,fast_food,pizza,40.7227346,-73.9857639
node,2555136001,Manhattan,Saltbae Burger,fast_food,burger,40.7371097,-73.988853
node,2555577467,Manhattan,H&H Bagels,fast_food,bagel;breakfast;sandwich,40.7430214,-73.9798385
node,2557326696,Manhattan,Dunkin',fast_food,donut;coffee_shop,40.753788,-73.9741678
node,2562375435,Manhattan,Baya Bar,fast_food,health_food;juice,40.7342827,-73.9891414
node,2562380331,Manhattan,Dunkin',fast_food,donut;coffee_shop,40.7294442,-73.9784706
node,2562432482,Manhattan,J's Kitchen New York,fast_food,japanese,40.7322424,-73.9821517
node,2562438635,Manhattan,Dunkin',fast_food,donut;coffee_shop,40.7986055,-73.9527915
node,2562438638,Manhattan,Harlem Shake,fast_food,burger,40.8071119,-73.9463524
node,2562438642,Manhattan,Checkers,fast_food,burger,40.8077525,-73.9449111
node,2562438644,Manhattan,Popeyes,fast_food,chicken,40.8155747,-73.9438822
node,2562441215,Manhattan,All'Antico Vinaio,fast_food,italian;sandwich,40.7327934,-74.0030581
node,2562441815,Manhattan,Sullivan Taqueria,fast_food,mexican,40.7244582,-74.0039218
node,2562441816,Manhattan,Ba‘al Cafe & Falafel,fast_food,middle_eastern,40.7244796,-74.0039022
node,2562442566,Manhattan,Black Burger,fast_food,burger,40.7213513,-74.0049246
node,2562449463,Manhattan,Napoli Pizza,fast_food,pizza,40.7291699,-74.00503
node,2562449473,Manhattan,Taco Bell,fast_food,tex-mex,40.729263,-74.0050056
node,2562449629,Manhattan,McDonald's,fast_food,burger,40.7288229,-74.0050824
node,2562454119,Manhattan,Sweetgreen,fast_food,salad,40.7299618,-74.0024288
node,2562460443,Manhattan,Five Guys,fast_food,burger,40.7323473,-74.0037762
node,2563990318,Manhattan,Kabab Town,fast_food,turkish,40.7164434,-73.9998631
node,2567534688,Manhattan,Leon's Cafe,fast_food,latin_american,40.7214777,-73.9803924
node,2567557157,Manhattan,Subway,fast_food,sandwich,40.7171045,-73.9900087
node,2567561047,Manhattan,King Dumplings,fast_food,asian;chinese;dumpling,40.716048,-73.991696
node,2572216591,Manhattan,Marinara,fast_food,pizza,40.7297952,-73.9865464
node,2583212031,Manhattan,Giovanni's Pizzeria,fast_food,pizza,40.8014889,-73.9609869
node,2588151831,Manhattan,McDonald's,fast_food,burger,40.753027,-73.9802777
node,2588151834,Manhattan,Chipotle,fast_food,mexican,40.7539819,-73.9816184
node,2588151837,Manhattan,Jollibee,fast_food,burger,40.7530811,-73.9804122
node,2592264889,Manhattan,Dunkin',fast_food,donut;coffee_shop,40.7404531,-74.001788
node,2603955335,Manhattan,Chipotle,fast_food,mexican,40.8414752,-73.9398525
node,2603955340,Manhattan,Dunkin',fast_food,donut;coffee_shop,40.8418653,-73.9388997
node,2603955351,Manhattan,McDonald's,fast_food,burger,40.8425888,-73.9390062
node,2603955362,Manhattan,Subway,fast_food,sandwich,40.8226457,-73.9535595
node,2603955363,Manhattan,Village Fried Chicken,fast_food,,40.8259129,-73.9468393
node,2610762926,Manhattan,Dunkin',fast_food,donut;coffee_shop,40.7100207,-74.0075741
node,2610762927,Manhattan,Wendy's,fast_food,burger,40.710048,-74.0080338
node,2611479019,Manhattan,Panda Express,fast_food,chinese,40.7312845,-73.9828594
node,2611479029,Manhattan,Chick-N-Smash,fast_food,chicken;burger,40.7311247,-73.9829767
node,2611782758,Manhattan,Pret A Manger,fast_food,sandwich,40.758119,-73.981487
node,2629277990,Manhattan,Chipotle,fast_food,mexican,40.7636058,-73.9779434
node,2629277995,Manhattan,fresh&co,fast_food,sandwich;salad,40.7638238,-73.9778027
node,2629371820,Manhattan,Dos Toros Taqueria,fast_food,mexican,40.7591865,-73.9706375
node,2629371831,Manhattan,Shake Shack,fast_food,burger,40.7589587,-73.9707946
node,2629371832,Manhattan,Taco Bell,fast_food,tex-mex,40.7652725,-73.9575747
node,2629371840,Manhattan,Pret A Manger,fast_food,sandwich,40.75805,-73.9693959
node,2630259727,Manhattan,2 Bros Pizza,fast_food,pizza,40.744349,-73.991973
node,2649092000,Manhattan,Café Bistro,fast_food,deli;buffet;asian;salad;pizza,40.7525888,-73.9948638
node,2649092008,Manhattan,Subway,fast_food,sandwich,40.7563209,-73.9939381
node,2680148433,Manhattan,Bobby Van's Steakhouse,fast_food,steak_house,40.7608683,-73.9823969
node,2702857193,Manhattan,Som Bo,fast_food,asian,40.7418478,-74.0012421
node,2702954499,Manhattan,Golden Krust,fast_food,caribbean,40.7370982,-73.9958196
node,2703020572,Manhattan,Adam's Market Place,fast_food,sandwich,40.7435985,-73.9999581
node,2703044066,Manhattan,Chipotle,fast_food,mexican,40.7417516,-73.9934013
node,2703059028,Manhattan,Pret A Manger,fast_food,sandwich,40.7413453,-73.9941968
node,2703083226,Manhattan,Wrapido,fast_food,mediterranean,40.7441181,-73.9952986
node,2703424302,Manhattan,Panera Bread,fast_food,sandwich;bakery,40.7476933,-73.9932597
node,2703449216,Manhattan,Pret A Manger,fast_food,sandwich,40.7485643,-73.9891736
node,2703449301,Manhattan,Healthy Choice Gourmet Deli & Pizza,fast_food,breakfast;sandwich;pizza,40.7478826,-73.9926628
node,2704040263,Manhattan,Lunetta Pizza & Restaurant,fast_food,pizza,40.7369797,-73.9842569
node,2704045688,Manhattan,Posto,fast_food,pizza,40.7348558,-73.982864
node,2704048095,Manhattan,Just Salad,fast_food,salad,40.7405092,-73.9858951
node,2704074535,Manhattan,Lucia Pizza,fast_food,pizza,40.7383382,-73.9837336
node,2704085151,Manhattan,Jugos,fast_food,mexican;health_food;juice,40.7364038,-73.9791841
node,2704088841,Manhattan,Dunkin' Donuts/Baskin Robbins,fast_food,donut;breakfast;ice_cream,40.7357819,-73.9795872
node,2704088842,Manhattan,Malt & Mold,fast_food,sandwich,40.7366643,-73.9815439
node,2704096837,Manhattan,Roma Pizza,fast_food,pizza,40.7385268,-73.9806765
node,2704104161,Manhattan,Jimmy's House,fast_food,asian,40.740172,-73.9826124
node,2704104186,Manhattan,Bagel Express III,fast_food,bagel;breakfast;sandwich;coffee_shop,40.7402976,-73.9823244
node,2704131501,Manhattan,Mim Spicy & Deli Grocery,fast_food,indian;sandwich,40.74208,-73.9813801
node,2704131508,Manhattan,Maguro Sushi,fast_food,sushi,40.7420528,-73.9813171
node,2704131528,Manhattan,NYC Pizza Kitchen,fast_food,pizza,40.7419543,-73.9811254
node,2704131542,Manhattan,Lex Grill Juice BR,fast_food,sandwich;breakfast;juice,40.7418611,-73.9828399
node,2705025330,Manhattan,Columbia Pizza,fast_food,pizza,40.7173572,-73.9804169
node,2706939870,Manhattan,2 Bros. Pizza,fast_food,pizza,40.746471,-73.9899732
node,2706940250,Manhattan,Emporer Dumpling,fast_food,asian,40.7461842,-73.9901826
node,2707983903,Manhattan,Raising Cane's,fast_food,chicken,40.8044959,-73.9661283
node,2707985415,Manhattan,Upside Pizza,fast_food,pizza,40.8052453,-73.9655826
node,2708133476,Manhattan,Chopt,fast_food,salad,40.7639454,-73.9788584
node,2708164879,Manhattan,Soup Kitchen,fast_food,soup,40.7653843,-73.9834735
node,2708222217,Manhattan,Juice Generation,fast_food,smoothie,40.7670634,-73.9828593
node,2709306642,Manhattan,Dunkin',fast_food,donut;coffee_shop,40.7467066,-73.9860515
node,2709306657,Manhattan,ETC Eatery,fast_food,asian,40.7479598,-73.9846822
node,2709347111,Manhattan,Gnocchi on 9th,fast_food,italian,40.7446711,-73.9791255
node,2709389149,Manhattan,Wolfnights,fast_food,sandwich;salad,40.7451671,-73.9783095
node,2709389156,Manhattan,Jersey Mike's Subs,fast_food,sandwich,40.7440461,-73.9766274
node,2709389163,Manhattan,iPizzaNY,fast_food,pizza,40.7447209,-73.9761486
node,2709415078,Manhattan,Fluffies Hot Chicken,fast_food,chicken,40.747047,-73.9830618
node,2709430285,Manhattan,Wendy's,fast_food,burger,40.7519665,-73.9901608
node,2709702225,Manhattan,Adobo Mexican Grill,fast_food,mexican,40.752533,-73.9867198
node,2709702293,Manhattan,Playa Bowls,fast_food,açaí,40.7510521,-73.9870933
node,2709702369,Manhattan,Costas,fast_food,latin_american,40.7496644,-73.9856911
node,2709702378,Manhattan,Dunkin',fast_food,donut;coffee_shop,40.7493,-73.9841629
node,2709702569,Manhattan,Sanmiwago,fast_food,taiwanese,40.7511709,-73.9865137
node,2709702576,Manhattan,Krispy Kreme,fast_food,donut,40.7514303,-73.9863268
node,2709967742,Manhattan,China Gourmet,fast_food,chinese,40.7638874,-73.9851961
node,2710195174,Manhattan,Subway,fast_food,sandwich,40.7684724,-73.9888124
node,2710839408,Manhattan,Profit II,fast_food,chinese,40.7456171,-73.9755012
node,2710917633,Manhattan,Pret A Manger,fast_food,sandwich,40.7497762,-73.9833698
node,2711023702,Manhattan,Shawarma Bay,fast_food,middle_eastern,40.7583615,-73.962638
node,2711084789,Manhattan,Lenwich,fast_food,sandwich,40.75739,-73.9664621
node,2711084839,Manhattan,Jimbo's Hamburger Place,fast_food,burger;breakfast;sandwich,40.7567407,-73.9643039
node,2711639386,Manhattan,Mama Pho,fast_food,vietnamese,40.7534268,-73.9693644
node,2711692943,Manhattan,La Trattoria,fast_food,italian,40.7515916,-73.9706919
node,2714226125,Manhattan,Subway,fast_food,sandwich,40.8014498,-73.943959
node,2714704334,Manhattan,Caffé Venice,fast_food,breakfast;sandwich,40.7488426,-73.9760665
node,2714805246,Manhattan,$1.50 Fresh Pizza,fast_food,pizza,40.751708,-73.9743385
node,2714805252,Manhattan,Bôilicious,fast_food,sandwich;vietnamese,40.7521026,-73.9738462
node,2714913585,Manhattan,Chop & Go,fast_food,salad,40.7528537,-73.9738893
node,2714913599,Manhattan,Dunkin',fast_food,donut;coffee_shop,40.7525671,-73.9733615
node,2714913600,Manhattan,Wendy's,fast_food,burger,40.7526054,-73.9733371
node,2715447823,Manhattan,Cassiano's Pizzeria,fast_food,pizza,40.7595409,-73.9682781
node,2715511994,Manhattan,Pokeworks,fast_food,,40.7509923,-73.9767859
node,2715512014,Manhattan,International Chicken Company,fast_food,chicken;wings;burger,40.7543671,-73.9767532
node,2716011938,Manhattan,Little Italy,fast_food,pizza,40.7540533,-73.9798883
node,2716011997,Manhattan,'Essen,fast_food,bagel;breakfast;sandwich;asian,40.759661,-73.9737825
node,2716012126,Manhattan,Uncle Paul's,fast_food,,40.7547774,-73.9768144
node,2716126852,Manhattan,iPizzaNY,fast_food,pizza,40.7608145,-73.990664
node,2716231215,Manhattan,Subway,fast_food,sandwich,40.758319,-73.9919412
node,2717223251,Manhattan,Domino's,fast_food,pizza,40.7552792,-73.9888751
node,2717355332,Manhattan,Food City Cafe & Pizza,fast_food,pizza,40.7635422,-73.9829571
node,2717355372,Manhattan,Shake Shack,fast_food,burger,40.7632595,-73.9821151
node,2717355374,Manhattan,Dunkin',fast_food,donut;coffee_shop,40.7629479,-73.985404
node,2717543459,Manhattan,Lenwich,fast_food,sandwich,40.7569108,-73.9775263
node,2717543485,Manhattan,Just Salad,fast_food,salad,40.7572239,-73.9815588
node,2717543618,Manhattan,Pret A Manger,fast_food,sandwich,40.7621496,-73.98224
node,2717840339,Manhattan,Daily Bagel,fast_food,bagel,40.7608382,-73.9613095
node,2718017504,Manhattan,Dunkin',fast_food,donut;coffee_shop,40.7591867,-73.9705781
node,2723681306,Manhattan,McDonald's,fast_food,burger,40.7659,-73.9571707
node,2723697638,Manhattan,Shwkulata,fast_food,waffle;pastry,40.7661146,-73.9558062
node,2723743081,Manhattan,Dunkin',fast_food,donut;coffee_shop,40.7641892,-73.9588502
node,2723751143,Manhattan,Sweetgreen,fast_food,salad,40.7670985,-73.9567312
node,2724066791,Manhattan,Taco Bell,fast_food,tex-mex,40.7763137,-73.9526353
node,2744832035,Manhattan,Dunkin',fast_food,donut;coffee_shop,40.7675146,-73.9899553
node,2744965101,Manhattan,Dig,fast_food,regional,40.774277,-73.9814791
node,2745003122,Manhattan,Two Boots Pizza Upper West Side,fast_food,pizza,40.7765306,-73.9790882
node,2745003123,Manhattan,Juice Press,fast_food,juice,40.7764959,-73.9792402
node,2745087259,Manhattan,Kossar’s Bagels & Bialys,fast_food,bagel,40.7795817,-73.9843671
node,2745436362,Manhattan,Sweetgreen,fast_food,salad,40.780345,-73.9801482
node,2745534942,Manhattan,Wafels & Dinges,fast_food,dessert,40.7818389,-73.9757879
node,2745558092,Manhattan,Made in New York Pizza,fast_food,pizza,40.7838575,-73.977564
node,2759055284,Manhattan,Dunkin',fast_food,donut;coffee_shop,40.7899233,-73.9748945
node,2759444356,Manhattan,Shah's Halal Food,fast_food,,40.7935473,-73.9709682
node,2761657514,Manhattan,Halal Bitez,fast_food,,40.8013806,-73.960709
node,2761668112,Manhattan,Aunt Jenny,fast_food,chinese,40.8027137,-73.9673714
node,2761668118,Manhattan,Tacos Cano,fast_food,mexican,40.8015281,-73.9651497
node,2761716454,Manhattan,Tex's Chicken & Burgers,fast_food,burger;chicken,40.7876564,-73.9443752
node,2761822769,Manhattan,Taco Bell,fast_food,tex-mex,40.7904397,-73.945717
node,2762470557,Manhattan,Atomic Wings,fast_food,wings,40.8025114,-73.9565294
node,2762553956,Manhattan,Kennedy Chicken & Burgers,fast_food,fried_chicken,40.8046013,-73.954985
node,2765266905,Manhattan,Panda Express,fast_food,chinese,40.8045839,-73.9660698
node,2765415500,Manhattan,BB Juice Bar,fast_food,juice,40.7987043,-73.9413732
node,2765415612,Manhattan,McDonald's,fast_food,burger,40.7985984,-73.9397679
node,2765465542,Manhattan,Dunkin',fast_food,donut;coffee_shop,40.7960842,-73.9351265
node,2765765931,Manhattan,Texas Chicken & Burgers,fast_food,burger;chicken,40.8074341,-73.9491277
node,2767369780,Manhattan,Shake Shack,fast_food,burger,40.8066911,-73.9424929
node,2767370017,Manhattan,Popeyes,fast_food,chicken,40.810804,-73.9522586
node,2768074420,Manhattan,Jumbo Hamburgers,fast_food,burger;sandwich,40.8225428,-73.9416271
node,2768128864,Manhattan,Charles Pan-Fried Chicken,fast_food,chicken;soul_food,40.8235771,-73.9440803
node,2768143200,Manhattan,Devin's Fish & Chips,fast_food,fish_and_chips,40.8257343,-73.9437791
node,2768143206,Manhattan,New Golden Empire,fast_food,chinese,40.8261292,-73.943478
node,2768338990,Manhattan,Texas Chicken & Burgers,fast_food,burger;chicken,40.8246975,-73.9513921
node,2768392113,Manhattan,Empanadas Monumental,fast_food,latin_american,40.8137873,-73.9562105
node,2796437602,Manhattan,Just Salad,fast_food,salad,40.8046991,-73.9666635
node,2796448529,Manhattan,Dos Toros Restaurant,fast_food,mexican,40.8065919,-73.9652699
node,2796691174,Manhattan,Dunkin',fast_food,donut;coffee_shop,40.8309549,-73.9411038
node,2796759877,Manhattan,Dunkin',fast_food,donut;coffee_shop,40.8357173,-73.944001
node,2796929069,Manhattan,McDonald's,fast_food,burger,40.8352848,-73.9443185
node,2797210305,Manhattan,Jersey Mike's Subs,fast_food,sandwich,40.8430748,-73.9394012
node,2797219951,Manhattan,Koronet Pizza,fast_food,pizza,40.8442527,-73.9391584
node,2797260688,Manhattan,Papa John's,fast_food,pizza,40.845324,-73.9389167
node,2797484788,Manhattan,Chick-fil-A,fast_food,chicken,40.8495217,-73.9338827
node,2797527512,Manhattan,Domino's,fast_food,pizza,40.8505846,-73.937606
node,2797682470,Manhattan,Fruces,fast_food,juice,40.8554026,-73.937473
node,2821335216,Manhattan,Dunkin',fast_food,donut;coffee_shop,40.714713,-74.0077745
node,2821335221,Manhattan,Chipotle,fast_food,mexican,40.7144985,-74.0062757
node,2824696355,Manhattan,Dunkin',fast_food,donut;coffee_shop,40.710003,-74.0101997
node,2825071730,Manhattan,Call Me Pasta,fast_food,italian,40.7075464,-74.0053841
node,2825071740,Manhattan,Taco Bell Cantina,fast_food,tex-mex,40.7084401,-74.0050411
node,2826520610,Manhattan,Kennedy Fried Chicken,fast_food,chicken,40.7127428,-73.9903295
node,2826581777,Manhattan,Kossar's Bagels & Bialys,fast_food,bagel,40.7164072,-73.9887865
node,2826715678,Manhattan,Shake Shack,fast_food,burger,40.7194705,-73.9866762
node,2826715687,Manhattan,Taco Mix,fast_food,mexican,40.7181073,-73.9859722
node,2826971929,Manhattan,BaoHub,fast_food,asian,40.732275,-73.9821284
node,2826971932,Manhattan,Bagel Boss,fast_food,bagel;breakfast;sandwich,40.7323263,-73.9820949
node,2827157706,Manhattan,Tacos Grand Central,fast_food,mexican,40.7475291,-73.9741022
node,2830705201,Manhattan,Varsity Donuts Food Truck,fast_food,,39.185982,-96.5759079
node,2859500880,Manhattan,McDonald's,fast_food,burger,40.7561935,-73.9777885
node,2883793061,Manhattan,Popeyes,fast_food,chicken,40.805029,-73.9385081
node,2893707101,Manhattan,Dunkin',fast_food,donut;coffee_shop,40.721601,-74.004668
node,2895943044,Manhattan,Dos Toros Taqueria,fast_food,mexican,40.7069708,-74.0068783
node,2897265316,Manhattan,7th Street Burger,fast_food,burger,40.7098666,-74.0079857
node,2973075954,Manhattan,Lenwich,fast_food,sandwich,40.7656895,-73.9833905
node,2985673609,Manhattan,Xi'an Famous Foods,fast_food,chinese;noodle,40.7401797,-74.0019721
node,2987930331,Manhattan,My Pie Pizzeria Romana,fast_food,pizza,40.7782472,-73.9812542
node,2998996502,Manhattan,Rainbow Falafel & Shawarma,fast_food,falafel;middle_eastern,40.7372569,-73.9909398
node,2999014763,Manhattan,Urban Juicery,fast_food,juice;sandwich,40.7329061,-73.9858514
node,3071111733,Manhattan,Chipotle,fast_food,mexican,40.7341724,-73.9888783
node,3090706627,Manhattan,Taïm,fast_food,falafel,40.7359753,-74.0019193
node,3166903961,Manhattan,Five Guys,fast_food,burger,40.7479403,-73.9926204
node,3166910720,Manhattan,Five Guys,fast_food,burger,40.7369057,-73.9962778
node,3190240012,Manhattan,Chipotle,fast_food,mexican,40.7096984,-74.0064426
node,3190242172,Manhattan,Bare Burger,fast_food,burger,40.7099041,-74.0062023
node,3238681553,Manhattan,Subway,fast_food,sandwich,40.7342551,-73.9890756
node,3238681554,Manhattan,Bravo Pizza,fast_food,pizza,40.7342275,-73.9890098
node,3246839600,Manhattan,Ess-a-Bagel,fast_food,bagel,40.7562183,-73.9702486
node,3248816730,Manhattan,Juice Press,fast_food,juice,40.7816951,-73.9796301
node,3270030570,Manhattan,Dunkin',fast_food,donut;coffee_shop,40.7561173,-73.9976359
node,3283321505,Manhattan,Qdoba,fast_food,mexican,39.18229,-96.5599611
node,3340747647,Manhattan,Chipotle,fast_food,mexican,40.7460329,-73.9939936
node,3356089624,Manhattan,Così,fast_food,sandwich,40.745224,-73.9824341
node,3446947494,Manhattan,Chipotle,fast_food,mexican,40.7626004,-73.9660817
node,3450813305,Manhattan,Papaya,fast_food,,40.7784635,-73.953693
node,3451081915,Manhattan,Medo Halal Food,fast_food,middle_eastern,40.7783322,-73.9545158
node,3451116497,Manhattan,Dunkin',fast_food,donut;coffee_shop,40.7513324,-73.9909368
node,3451315853,Manhattan,Poké Bar,fast_food,,40.7510615,-73.9879376
node,3497495773,Manhattan,Bagel Bob's,fast_food,bagel,40.7324238,-73.9938939
node,3573482097,Manhattan,Dunkin',fast_food,donut;coffee_shop,40.7605371,-73.9950611
node,3575499039,Manhattan,Potbelly,fast_food,sandwich,40.7144017,-74.005909
node,3577905745,Manhattan,Dunkin',fast_food,donut;coffee_shop,40.7502728,-73.9716497
node,3578374993,Manhattan,Gourmet 45,fast_food,sandwich;pizza;hot_dog;breakfast,40.752706,-73.972782
node,3581143883,Manhattan,Mexiterranean Grill Express,fast_food,mexican;mediterranean,40.7294424,-73.9989393
node,3605131905,Manhattan,Cafe Metro,fast_food,,40.753849,-73.9741148
node,3623625707,Manhattan,Just Salad,fast_food,salad,40.7462312,-73.9938457
node,3627346234,Manhattan,Tommy's,fast_food,pizza,40.8330876,-73.9452789
node,3627363056,Manhattan,Oriental Chinese Restaurant,fast_food,chinese,40.8337123,-73.9448203
node,3627373680,Manhattan,Empanadas Monumental,fast_food,dominican,40.8336991,-73.9448291
node,3661038129,Manhattan,Popeyes,fast_food,chicken,40.8044651,-73.9380441
node,3676736753,Manhattan,Dunkin',fast_food,donut;coffee_shop,40.732945,-73.9867769
node,3676807136,Manhattan,Mini Gourmet Deli,fast_food,juice;snack,40.7325978,-73.9859463
node,3676838695,Manhattan,99¢ Pizza,fast_food,pizza,40.7323739,-73.9854106
node,3676873369,Manhattan,Chen's Express Kitchen,fast_food,chinese,40.7330368,-73.9861621
node,3676887224,Manhattan,Happy Burrito,fast_food,mexican,40.7330765,-73.9862563
node,3676888128,Manhattan,Red House,fast_food,chinese,40.7332145,-73.9865838
node,3676953898,Manhattan,The Halal Guys,fast_food,chicken;falafel;gyros,40.7322882,-73.9844226
node,3676993346,Manhattan,Juice Bar,fast_food,juice;bubble_tea,40.7307493,-73.981562
node,3676993349,Manhattan,99¢ Pizza,fast_food,pizza,40.7308171,-73.9817248
node,3738715463,Manhattan,Burger King,fast_food,burger,40.7049052,-74.0125313
node,3775436678,Manhattan,Domino's,fast_food,pizza,40.7443718,-73.979425
node,3785189226,Manhattan,Subway,fast_food,sandwich,40.767656,-73.9832802
node,3792542074,Manhattan,Dunkin',fast_food,donut;coffee_shop,40.7473275,-73.9815137
node,3809000940,Manhattan,Chirp,fast_food,chicken;peruvian,40.753407,-73.9959271
node,3809000941,Manhattan,Dunkin',fast_food,donut;coffee_shop,40.752457,-73.9945257
node,3809000942,Manhattan,Chipotle,fast_food,mexican,40.752356,-73.9943175
node,3829591977,Manhattan,International Burgers,fast_food,burger;mexican;japanese;american;chicken,40.751555,-73.970062
node,3829594458,Manhattan,Subway,fast_food,sandwich,40.7513538,-73.9708398
node,3830892127,Manhattan,Shake Shack,fast_food,burger,40.7494619,-73.9756547
node,3831297082,Manhattan,Chipotle,fast_food,mexican,40.7441088,-73.9759417
node,3835810347,Manhattan,McDonald's,fast_food,burger,40.7608498,-73.967355
node,3843628369,Manhattan,UN Halal,fast_food,arab,40.7500327,-73.969098
node,3847048439,Manhattan,Handsome Rice,fast_food,korean,40.744687,-73.9813081
node,3867968857,Manhattan,Dunkin',fast_food,donut;coffee_shop,40.74878,-73.991579
node,3902076224,Manhattan,Sanmiwago,fast_food,taiwanese,40.7174276,-73.9955675
node,3905372800,Manhattan,Sido,fast_food,kebab;arab,40.7521571,-73.9707387
node,3907629284,Manhattan,Playa Bowls,fast_food,açaí,40.8044414,-73.9668661
node,3927266464,Manhattan,Little Italy Pizza,fast_food,pizza,40.747607,-73.9848919
node,3929098332,Manhattan,Romano Pizza,fast_food,pizza;italian;sandwich,40.7450795,-73.9783737
node,3960166161,Manhattan,Bubble Tea & Crepes,fast_food,bubble_tea;crepe,40.7447164,-73.987046
node,3966939351,Manhattan,Chipotle,fast_food,mexican,40.7442607,-73.9878679
node,3970473667,Manhattan,Così,fast_food,sandwich,40.7445639,-73.9829239
node,3970473669,Manhattan,Subway,fast_food,sandwich,40.7441646,-73.9837078
node,3971304162,Manhattan,Ilili Box,fast_food,mediterranean,40.7420104,-73.989065
node,3972056717,Manhattan,Chick-fil-A,fast_food,chicken,40.7517237,-73.9861214
node,4011390054,Manhattan,Pret A Manger,fast_food,sandwich,40.7505582,-73.9735399
node,4011732598,Manhattan,Dunkin',fast_food,donut;coffee_shop,40.7541018,-73.9917722
node,4011732600,Manhattan,Dos Toros Taqueria,fast_food,mexican,40.7545942,-73.9919446
node,4011732605,Manhattan,Wok to Walk,fast_food,asian,40.7547223,-73.9913702
node,4015724687,Manhattan,I Pizza NY,fast_food,pizza,40.7159896,-74.0100064
node,4015736092,Manhattan,Jerrell's BETR BRGR,fast_food,burger,40.723906,-74.0048995
node,4035588419,Manhattan,Shake Shack,fast_food,burger,40.7528125,-73.9775547
node,4058593771,Manhattan,Maoz,fast_food,arab,40.7580938,-73.9893834
node,4058772628,Manhattan,Dos Toros Taqueria,fast_food,mexican,40.7305146,-74.0022439
node,4058773875,Manhattan,Bagels on the Square,fast_food,bagel,40.7305542,-74.0021433
node,4063770988,Manhattan,Just Salad,fast_food,salad,40.7415313,-73.9940562
node,4077029787,Manhattan,Taqueria Diana,fast_food,mexican,40.7565326,-73.9937801
node,4077197390,Manhattan,24 Hour Deli,fast_food,,40.7119807,-73.998824
node,4092436594,Manhattan,Num Pang,fast_food,cambodian;sandwich,40.7424604,-74.0058893
node,4111168990,Manhattan,Dunkin',fast_food,donut;coffee_shop,40.8207203,-73.9373244
node,4113144389,Manhattan,Jennifer Café,fast_food,tacos,40.7253208,-73.9871785
node,4148051589,Manhattan,Insomnia Cookies,fast_food,cookie,39.1857217,-96.5773596
node,4149654067,Manhattan,All'Antico Vinaio,fast_food,italian;sandwich,40.7295949,-73.9996291
node,4199854393,Manhattan,BLT Burger,fast_food,,40.7355939,-73.9978613
node,4202805400,Manhattan,McDonald's,fast_food,burger,40.7291001,-73.9932306
node,4230584789,Manhattan,Pret A Manger,fast_food,sandwich,40.7063767,-74.0126334
node,4235716667,Manhattan,Ray's Pizza Bagel Cafe,fast_food,pizza;bagel,40.7293549,-73.9898092
node,4255253129,Manhattan,Chipotle,fast_food,mexican,40.7260399,-73.9964859
node,4285496391,Manhattan,Maxi's Noodle,fast_food,chinese;hong_kong,40.7161971,-73.998031
node,4291285989,Manhattan,Uncle Gussy's,fast_food,greek,40.7575773,-73.973264
node,4299951695,Manhattan,Sbarro,fast_food,pizza,40.7503277,-73.9907937
node,4300001394,Manhattan,Shake Shack,fast_food,burger,40.7513742,-73.9878729
node,4300059790,Manhattan,Sbarro,fast_food,pizza,40.7629874,-73.9765793
node,4300127190,Manhattan,Sweetgreen,fast_food,salad,40.7213348,-74.0097675
node,4300138589,Manhattan,Sweetgreen,fast_food,salad,40.7448058,-73.9886256
node,4300138689,Manhattan,Sweetgreen,fast_food,salad,40.7211727,-73.9970047
node,4300475590,Manhattan,Los Tacos No.1,fast_food,,40.7422406,-74.0050329
node,4300546789,Manhattan,Taqueria Diana,fast_food,mexican,40.7284868,-73.9879718
node,4314629228,Manhattan,Naya,fast_food,middle_eastern,40.7479614,-73.9857859
node,4349689301,Manhattan,Pisillo Italian Panini,fast_food,sandwich,40.7105063,-74.0075665
node,4365213715,Manhattan,Just Salad,fast_food,salad,40.7769369,-73.9551153
node,4388528762,Manhattan,Wolfnights,fast_food,wrap,40.7200494,-73.9885393
node,4388530060,Manhattan,McDonald's,fast_food,burger,40.7188143,-73.9882731
node,4394707998,Manhattan,Subway,fast_food,sandwich,40.8384169,-73.9413368
node,4412154431,Manhattan,Highline Pizzeria,fast_food,pizza,40.7511098,-74.0022451
node,4426744327,Manhattan,Smashy,fast_food,burger;fries,40.7361989,-73.98901
node,4426893990,Manhattan,Blue Ribbon Fried Chicken,fast_food,chicken,40.7244607,-73.9909251
node,4440872667,Manhattan,Juice Press,fast_food,juice,40.7636204,-73.9652933
node,4442221391,Manhattan,Saravanaa Bhavan,fast_food,indian;south_indian,40.7414379,-73.9831543
node,4450329793,Manhattan,Popeyes,fast_food,chicken,40.8229043,-73.9415929
node,4455816592,Manhattan,NY Grill & Deli,fast_food,,40.7535386,-73.9661058
node,4455832292,Manhattan,Taco Mahal,fast_food,indian,40.7607583,-73.9911633
node,4475623797,Manhattan,Veggie Grill,fast_food,american,40.7416028,-73.9902269
node,4479613391,Manhattan,Bread & Honey,fast_food,,40.765985,-73.9836701
node,4479893189,Manhattan,Pret A Manger,fast_food,sandwich,40.7480195,-73.9930198
node,4483086991,Manhattan,Patzeria Perfect Pizza Pasta & Grill,fast_food,pizza,40.7594345,-73.9868675
node,4487461842,Manhattan,Adobo Mexican Grill,fast_food,mexican,40.7983996,-73.9693881
node,4487461848,Manhattan,Made in New York Pizza,fast_food,pizza,40.7949786,-73.9719097
node,4495100732,Manhattan,Dig,fast_food,regional,40.7407968,-73.9882554
node,4515566074,Manhattan,Brown Bag Sandwich Shop,fast_food,sandwich,40.7420199,-73.9930416
node,4526759110,Manhattan,Andiamo Pizza,fast_food,pizza,40.7420525,-73.9931655
node,4532901890,Manhattan,Pokeworksco,fast_food,,40.7516899,-73.9860342
node,4540025872,Manhattan,Pizza Paradise,fast_food,italian,40.7388998,-73.9929649
node,4551449492,Manhattan,Juice Press,fast_food,juice,40.7258602,-74.0013476
node,4555833813,Manhattan,Pita Yeero,fast_food,greek,40.7516142,-73.9740562
node,4555837497,Manhattan,Chopt,fast_food,salad,40.7515562,-73.9745328
node,4556115321,Manhattan,Sanwicherie,fast_food,sandwich,40.7504311,-73.9741053
node,4568929156,Manhattan,Chipotle,fast_food,mexican,40.7187757,-74.0021962
node,4664799789,Manhattan,Krave It,fast_food,sandwich;pizza,40.7291102,-73.9875349
node,4687187091,Manhattan,2 Bros Pizza,fast_food,pizza,40.7546935,-73.9918631
node,4699675791,Manhattan,Schnippers Quality Kitchen,fast_food,american,40.7562997,-73.9902122
node,4708892893,Manhattan,Five Guys,fast_food,burger,40.7571061,-73.9890903
node,4711391880,Manhattan,The Kati Roll Company,fast_food,,40.7526965,-73.9846551
node,4754091360,Manhattan,Pret A Manger,fast_food,sandwich,40.715906,-74.0050867
node,4754291326,Manhattan,375° Chicken 'n Fries,fast_food,chicken,40.7606609,-73.9912341
node,4755575513,Manhattan,Dunkin',fast_food,donut;coffee_shop,40.7635006,-73.9817213
node,4757294821,Manhattan,Taïm,fast_food,mediterranean,40.7219917,-73.9961366
node,4762558058,Manhattan,Pret A Manger,fast_food,sandwich,40.7334093,-73.991257
node,4764733058,Manhattan,Heaven's Hot Bagel,fast_food,bagel,40.7214245,-73.9843008
node,4770624017,Manhattan,Pret A Manger,fast_food,sandwich,40.7533736,-73.9869019
node,4775572231,Manhattan,Wah Fung Fast Food,fast_food,chinese,40.7172946,-73.9944721
node,4776647779,Manhattan,Popeyes,fast_food,chicken,40.7483945,-73.9927527
node,4776647780,Manhattan,Teremok,fast_food,russian,40.7385982,-73.9961608
node,4784602636,Manhattan,Bánh Mi Saigon,fast_food,vietnamese;sandwich,40.7192547,-73.9967252
node,4792136731,Manhattan,Fu Zhou Wei Zhong Wei Jia Xiang Feng Wei,fast_food,chinese;soup;dumpling,40.714027,-73.9945129
node,4811993324,Manhattan,Agavi,fast_food,health_food;juice,40.7272836,-73.9867192
node,4812032522,Manhattan,Two Hands,fast_food,corn_dog,40.7178102,-74.005449
node,4844071626,Manhattan,Dig,fast_food,regional,40.7060487,-74.0072938
node,4844071627,Manhattan,Chopt,fast_food,salad,40.7061617,-74.0071682
node,4844144321,Manhattan,Plaza Deli,fast_food,,40.7073599,-74.0051668
node,4845906822,Manhattan,Playa Bowls,fast_food,açaí,40.7081954,-74.004803
node,4846152821,Manhattan,Sweetgreen,fast_food,salad,40.7056103,-74.0082609
node,4850205421,Manhattan,Little Italy Pizzeria,fast_food,pizza,40.7081289,-74.0047604
node,4872523621,Manhattan,Subway,fast_food,sandwich,40.703228,-74.0110682
node,4875073021,Manhattan,McDonald's,fast_food,burger,40.7576352,-73.9818383
node,4881021908,Manhattan,Au Bon Pain,fast_food,sandwich,40.734669,-73.9897677
node,4893055722,Manhattan,Delis 48,fast_food,,40.7581221,-73.9804241
node,4900271321,Manhattan,Maman NYC,fast_food,,40.7189179,-74.0062313
node,4909127624,Manhattan,Dunkin',fast_food,donut;coffee_shop,40.7620698,-73.9901894
node,4913377715,Manhattan,The Hummus and Pita Co.,fast_food,,40.7557005,-73.9906662
node,4913377822,Manhattan,The Juice Shop,fast_food,juice,40.7042305,-74.0117191
node,4922311231,Manhattan,Panera Bread,fast_food,sandwich;bakery,40.7349295,-73.9897844
node,4922432824,Manhattan,Seaport Deli,fast_food,,40.7088076,-74.0053094
node,4924850830,Manhattan,Subway,fast_food,sandwich,40.7786751,-73.9563703
node,4931235533,Manhattan,Qdoba,fast_food,mexican,39.1884223,-96.5828467
node,4931235534,Manhattan,Chick-fil-A,fast_food,chicken,39.1884533,-96.5826574
node,4931235535,Manhattan,Panda Express,fast_food,chinese,39.1882358,-96.5826655
node,4931235536,Manhattan,Just Salad,fast_food,salad,39.1881911,-96.5828659
node,4937376821,Manhattan,Casa Taqueria,fast_food,mexican,40.7087823,-74.0058244
node,4949133722,Manhattan,Izzies,fast_food,sandwich,40.719775,-73.9848378
node,4969177865,Manhattan,Subway,fast_food,sandwich,40.7903641,-73.9453333
node,4971119419,Manhattan,Burger King,fast_food,burger,40.798355,-73.9414234
node,4995849480,Manhattan,Trump Cafe,fast_food,,40.7624477,-73.9738979
node,5017258825,Manhattan,Wasabi,fast_food,japanese,40.7548184,-73.9875946
node,5025302549,Manhattan,Dunkin',fast_food,donut;coffee_shop,40.7846947,-73.9469922
node,5056336975,Manhattan,Subway,fast_food,sandwich,40.7085163,-74.0113024
node,5056802621,Manhattan,Fuku,fast_food,,40.7050615,-74.0063583
node,5077756421,Manhattan,Planet Taco,fast_food,tacos,40.762529,-73.9898663
node,5086527123,Manhattan,Panda Express,fast_food,chinese,40.7609688,-73.9910398
node,5087640508,Manhattan,Panda Express,fast_food,chinese,40.7500519,-73.9947718
node,5090752551,Manhattan,Pret A Manger,fast_food,sandwich,40.7543705,-73.973706
node,5101542322,Manhattan,Siena Pizza & Cannoli,fast_food,pizza,40.7081115,-74.0138737
node,5130497522,Manhattan,Wow Sushi,fast_food,sushi,40.7376297,-74.0000994
node,5160030823,Manhattan,Kiss My Slice Pizzaria,fast_food,pizza,40.7584479,-73.9626027
node,5164012128,Manhattan,Dunkin',fast_food,donut;coffee_shop,40.7309822,-73.9936586
node,5166457633,Manhattan,Plant Blossom,fast_food,,40.7694706,-73.9885357
node,5167467623,Manhattan,Bobwhite Lunch and Supper Counter,fast_food,chicken;sandwich;american,40.7236481,-73.978988
node,5176785022,Manhattan,Domino's,fast_food,pizza,40.7119348,-73.9967748
node,5179043122,Manhattan,NY Bagels & Cafe,fast_food,bagel;sandwich,40.7435512,-73.9739144
node,5190571558,Manhattan,Shah's Halal Food,fast_food,middle_eastern,40.7474348,-73.9830094
node,5190738089,Manhattan,Market Crates,fast_food,breakfast;sandwich;salad;pastry,40.7482802,-73.986539
node,5213939821,Manhattan,Dunkin',fast_food,donut;coffee_shop,40.754875,-73.9817101
node,5214031642,Manhattan,McDonald's,fast_food,burger,40.7378693,-73.9967494
node,5215246722,Manhattan,Golden Steamer,fast_food,chinese,40.7187355,-73.9967322
node,5215491822,Manhattan,Tacos Morelos,fast_food,,40.7273626,-73.9831865
node,5218236722,Manhattan,Urbanspace Vanderbilt,fast_food,,40.7547019,-73.97651
node,5228777784,Manhattan,Moe's Southwest Grill,fast_food,mexican,40.7527033,-73.98593
node,5228861784,Manhattan,Potbelly,fast_food,sandwich,40.7529274,-73.988938
node,5228861785,Manhattan,Chipotle,fast_food,mexican,40.7530839,-73.9888387
node,5231707145,Manhattan,Tasty Dumpling,fast_food,chinese,40.7149026,-73.9995325
node,5248792786,Manhattan,San Loco,fast_food,mexican,40.7243323,-73.9788618
node,5251345185,Manhattan,Hallah Food Van,fast_food,hallah,40.7350937,-73.9918819
node,5254383176,Manhattan,Just Salad,fast_food,salad,40.7493246,-73.9757476
node,5254559385,Manhattan,Café Hestia,fast_food,breakfast;sandwich;american;asian;coffee_shop,40.7517097,-73.9739843
node,5254559386,Manhattan,NAYA Express,fast_food,middle_eastern,40.7517464,-73.9739594
node,5254559387,Manhattan,Slice,fast_food,pizza,40.7520569,-73.9737378
node,5256910222,Manhattan,B&W Deli & Pizzeria,fast_food,pizza;sandwich,40.7534469,-73.9960216
node,5262944262,Manhattan,Dunkin',fast_food,donut;coffee_shop,40.7986774,-73.94132
node,5263685960,Manhattan,Wendy's,fast_food,burger,40.797704,-73.9398548
node,5265745626,Manhattan,McDonald's,fast_food,burger,40.7419301,-73.9932565
node,5265746609,Manhattan,Go Go Curry,fast_food,curry,40.7411607,-73.9966191
node,5266897272,Manhattan,Xi'an Famous Foods,fast_food,chinese,40.7720725,-73.9544698
node,5266902651,Manhattan,Wingstop,fast_food,wings,40.80756,-73.9445108
node,5269095818,Manhattan,Taco Mix,fast_food,mexican,40.7972011,-73.9386694
node,5296489068,Manhattan,Dunkin',fast_food,donut;coffee_shop,40.7511998,-73.9855652
node,5302771422,Manhattan,Dunkin',fast_food,donut;coffee_shop,40.8080988,-73.9457657
node,5341002048,Manhattan,Panda Express,fast_food,chinese,40.7562861,-73.9701991
node,5395638564,Manhattan,Dunkin',fast_food,donut;coffee_shop,40.7705919,-73.9572796
node,5400497481,Manhattan,Pret A Manger,fast_food,sandwich,40.8078085,-73.9644022
node,5400684948,Manhattan,Halaal cart,fast_food,falafel;gyros,40.7253883,-73.9970628
node,5401946310,Manhattan,Burp Bowl Cafe,fast_food,chinese,40.7517893,-73.9711471
node,5401978051,Manhattan,Empanada Mama,fast_food,latin_american,40.754813,-73.9883037
node,5415638384,Manhattan,Dan & John's Wings,fast_food,wings,40.7376976,-73.9972115
node,5415641532,Manhattan,Panda Express,fast_food,chinese,40.765732,-73.9577294
node,5415641570,Manhattan,No. 1 New York Kitchen,fast_food,chinese,40.7323811,-73.9820615
node,5499677222,Manhattan,Halo Deli,fast_food,sandwich,40.7651878,-73.9763206
node,5514228220,Manhattan,The Market Place at Kimmel,fast_food,italian;mexican;sandwich,40.7296364,-73.9981099
node,5520366534,Manhattan,Chipotle,fast_food,mexican,40.7107442,-74.0163169
node,5523437746,Manhattan,Chipotle,fast_food,mexican,40.7225421,-73.9974861
node,5523561003,Manhattan,Neat,fast_food,burger;salad;sandwich,40.7218424,-73.9971335
node,5532127441,Manhattan,McDonald's,fast_food,burger,40.7185828,-74.0010744
node,5544177806,Manhattan,$1.50 Fresh Slice Pizza,fast_food,pizza,40.7210704,-73.987549
node,5544177807,Manhattan,San Loco,fast_food,mexican,40.7210507,-73.9874657
node,5549105921,Manhattan,Dunkin',fast_food,donut;coffee_shop,40.7139689,-74.0089327
node,5550978111,Manhattan,Breakroom,fast_food,burger;tacos,40.7166208,-73.9997625
node,5573636404,Manhattan,Yorkville Bagel & Cafe,fast_food,,40.7832735,-73.9480375
node,5577592712,Manhattan,Taco Bell,fast_food,tex-mex,40.7865921,-73.950228
node,5603368243,Manhattan,Santa Barbara Deli,fast_food,,40.7282563,-73.9790922
node,5615317878,Manhattan,Rocky's Pizzeria,fast_food,pizza,40.7443769,-73.976406
node,5616255180,Manhattan,McDonald's,fast_food,burger,40.7128315,-73.9892273
node,5618087856,Manhattan,The Eatery,fast_food,,40.7796005,-73.9638164
node,5618804276,Manhattan,Juice Generation,fast_food,juice,40.7240396,-73.9969462
node,5627490317,Manhattan,Dunkin' Donuts / Baskin Robbins,fast_food,donut;coffee_shop,40.7846375,-73.9494427
node,5638294523,Manhattan,Panini Cafe,fast_food,sandwich;salad;juice,40.7436155,-73.9738683
node,5640004458,Manhattan,Bamboo House,fast_food,chinese;sushi,40.7867586,-73.9501119
node,5640186355,Manhattan,Cafe Lafayette,fast_food,,40.7170952,-74.0019536
node,5640199665,Manhattan,Corte Cafe,fast_food,american;salad;pizza,40.7140838,-74.0036284
node,5655770463,Manhattan,Just Salad,fast_food,salad,40.7906865,-73.9693649
node,5663816949,Manhattan,Miss Yolo's Tacos,fast_food,mexican,40.7545121,-73.9764098
node,5667083630,Manhattan,Dragon Family,fast_food,chinese,40.7607543,-73.9613603
node,5673681505,Manhattan,The Little Beet,fast_food,american,40.7578639,-73.9739361
node,5700167965,Manhattan,Thursday,fast_food,korean;international,40.7276075,-73.983771
node,5709973043,Manhattan,Taco Bell Cantina,fast_food,tex-mex,40.734237,-73.9806908
node,5711589045,Manhattan,Cloisters Deli & Grill,fast_food,american;chicken,40.8666594,-73.9299994
node,5712386122,Manhattan,Prestige Deli,fast_food,sandwich,40.8647304,-73.9280417
node,5721487665,Manhattan,Bardolino Pizza,fast_food,,40.7866343,-73.9501997
node,5726015580,Manhattan,Sweetgreen,fast_food,salad,40.7339919,-73.9925385
node,5750222459,Manhattan,Wendy's,fast_food,burger,40.8391748,-73.9415213
node,5754424777,Manhattan,Montagu's Gusto,fast_food,breakfast;sandwich;salad,40.7456827,-73.9754601
node,5754485897,Manhattan,Ginza,fast_food,japanese,40.7456647,-73.9756623
node,5754840634,Manhattan,Blossom Du Jour,fast_food,,40.7595895,-73.9919989
node,5787675353,Manhattan,Norm's Pizza,fast_food,pizza,40.7100634,-74.0103373
node,5790696454,Manhattan,Popeyes,fast_food,chicken,40.7178504,-74.0006031
node,5792264307,Manhattan,The Press Shop,fast_food,sandwich,40.726242,-73.9955434
node,5799683086,Manhattan,2 Bros. Pizza,fast_food,,40.8048767,-73.9381538
node,5799923766,Manhattan,McDonald's,fast_food,burger,40.77777,-73.9545025
node,5801953554,Manhattan,Subway,fast_food,sandwich,40.7526308,-73.9733073
node,5801959654,Manhattan,New York Deli Cafe & Pizza,fast_food,,40.7549945,-73.9775058
node,5801976053,Manhattan,Carol's Cafe (in Greenacre park),fast_food,breakfast;sandwich,40.7561938,-73.969411
node,5802125734,Manhattan,Jade Dragon,fast_food,chinese,40.7891863,-73.9406099
node,5815855454,Manhattan,’Wichcraft,fast_food,sandwich,40.7394275,-73.990111
node,5818318906,Manhattan,Chipotle,fast_food,mexican,40.7556739,-73.9911563
node,5818417408,Manhattan,Jollibee,fast_food,burger,40.7557387,-73.9911118
node,5818417409,Manhattan,Pret A Manger,fast_food,sandwich,40.7555152,-73.9912691
node,5824465672,Manhattan,Cafe Manna,fast_food,sandwich;smoothie;ramen;burger,40.7367286,-73.9914999
node,5854108697,Manhattan,Dunkin',fast_food,donut;coffee_shop,40.717557,-74.0005298
node,5856271836,Manhattan,McDonald's,fast_food,burger,40.73694,-73.9791955
node,5858916395,Manhattan,Dos Toros Taqueria,fast_food,mexican,40.7739313,-73.959453
node,5858931307,Manhattan,Dos Toros Taqueria,fast_food,mexican,40.7604539,-73.9782298
node,5858957558,Manhattan,Dos Toros Taqueria,fast_food,mexican,40.7336586,-73.9896862
node,5858968568,Manhattan,Dos Toros Taqueria,fast_food,mexican,40.7398357,-73.986375
node,5858972175,Manhattan,Dos Toros Taqueria,fast_food,mexican,40.7539442,-73.9744212
node,5858990356,Manhattan,Dos Toros Taqueria,fast_food,mexican,40.7540112,-73.9858173
node,5858992900,Manhattan,Dos Toros Taqueria,fast_food,mexican,40.7413456,-73.9937024
node,5859015295,Manhattan,Dos Toros Taqueria,fast_food,mexican,40.7568342,-73.9773589
node,5876966551,Manhattan,109 Pizzeria,fast_food,,40.793333,-73.9436206
node,5889478638,Manhattan,Dunkin',fast_food,donut;coffee_shop,40.7479259,-73.985705
node,5891289418,Manhattan,McDonald's,fast_food,burger,40.757554,-73.989917
node,5891324852,Manhattan,Burger King,fast_food,burger,40.7579166,-73.9909951
node,5900010185,Manhattan,ESSEN - Fast Slow Food,fast_food,,40.7265969,-74.00541
node,5934969264,Manhattan,Smile To Go,fast_food,breakfast;sandwich;salad,40.7195276,-74.0003689
node,5972697822,Manhattan,Dallas Chicken & Biscuits,fast_food,,40.8035481,-73.9378506
node,5978556760,Manhattan,McDonald's,fast_food,burger,40.7094918,-74.0100706
node,5978557988,Manhattan,Dunkin',fast_food,donut;coffee_shop,40.7037452,-74.0117645
node,5978557989,Manhattan,Just Salad,fast_food,salad,40.7036415,-74.0117897
node,5978558013,Manhattan,Xi'an Famous Foods,fast_food,chinese;noodle,40.7091773,-74.0093052
node,5978558017,Manhattan,Pronto Pizza,fast_food,pizza,40.7098419,-74.01228
node,5978745702,Manhattan,Burger King,fast_food,burger,40.7905139,-73.9456581
node,5978745705,Manhattan,KFC,fast_food,chicken,40.7914975,-73.9449706
node,5978792115,Manhattan,Pret A Manger,fast_food,sandwich,40.7101018,-74.0099231
node,5978792119,Manhattan,Fu Wing,fast_food,chinese,40.7921977,-73.9457591
node,5978792493,Manhattan,Domino's,fast_food,pizza,40.7937545,-73.9428375
node,5978837401,Manhattan,NYC Falafel Co.,fast_food,middle_eastern,40.7224746,-73.9891072
node,5978868291,Manhattan,Dunkin’s Donuts,fast_food,donut;coffee_shop,40.7928695,-73.9439951
node,5978868292,Manhattan,Papa John's,fast_food,pizza,40.7915205,-73.9389069
node,5978868385,Manhattan,Famous Famiglia Pizzeria,fast_food,pizza,40.7878623,-73.9538985
node,5980592885,Manhattan,$1.50 Fresh Pizza,fast_food,,40.7646117,-73.9824665
node,5981262800,Manhattan,Burger King,fast_food,burger,40.8034524,-73.9357042
node,5987980586,Manhattan,Los Tacos No.1,fast_food,mexican,40.7574218,-73.9878145
node,5987980588,Manhattan,Lava,fast_food,middle_eastern,40.7195941,-73.9849333
node,5994541085,Manhattan,Sun Hing Lung Co,fast_food,,40.7128526,-73.9950956
node,6045033660,Manhattan,Marinara Pizza,fast_food,pizza,40.7826175,-73.9535049
node,6061789674,Manhattan,2nd Av Pizza,fast_food,pizza,40.7409183,-73.9789234
node,6066607540,Manhattan,Juice Press,fast_food,juice,40.7412013,-73.9905143
node,6068987529,Manhattan,99¢ Fresh Pizza,fast_food,,40.7546586,-73.9874094
node,6069013277,Manhattan,99¢ Fresh Pizza,fast_food,,40.7581569,-73.9924082
node,6069090669,Manhattan,$1.50 Fresh Pizza,fast_food,,40.7537385,-73.9742067
node,6069467945,Manhattan,Chipotle,fast_food,mexican,40.7364858,-73.9972213
node,6069470119,Manhattan,Slice & Co Pizza,fast_food,,40.7373013,-73.9971115
node,6070911185,Manhattan,David's Bagels,fast_food,bagel;breakfast;sandwich,40.7325039,-73.9819747
node,6071549934,Manhattan,Burger Joint,fast_food,burger,40.7642601,-73.9785941
node,6074574908,Manhattan,$1.50 Fresh Pizza,fast_food,pizza,40.7264182,-73.9894893
node,6093646105,Manhattan,Pret A Manger,fast_food,sandwich,40.7541607,-73.9848539
node,6121853241,Manhattan,Shake Shack,fast_food,burger,40.7106146,-74.0090139
node,6122620421,Manhattan,Cargo Cafe,fast_food,,39.1936354,-96.523249
node,6125536239,Manhattan,99 Cents Fresh Pizza & Deli,fast_food,,40.7479047,-73.9889195
node,6139560286,Manhattan,Stella’s Pizza,fast_food,pizza,40.7429716,-74.0036553
node,6165189267,Manhattan,Chick-fil-A,fast_food,chicken,40.7574015,-73.9819995
node,6165202887,Manhattan,Chick-fil-A,fast_food,chicken,40.7525361,-73.9790574
node,6165206350,Manhattan,Chick-fil-A,fast_food,chicken,40.7650203,-73.983827
node,6166299441,Manhattan,Chick-fil-A,fast_food,chicken,40.7104837,-74.008512
node,6174670657,Manhattan,"""U"" Like",fast_food,chinese,40.8674322,-73.9215066
node,6184945674,Manhattan,2 Bros Pizza,fast_food,pizza,40.7287607,-73.9883895
node,6185054327,Manhattan,Sticky's The Finger Joint,fast_food,chicken;sandwich,40.7092935,-74.0089886
node,6185296504,Manhattan,Bagels & Schmear,fast_food,bagel,40.7428556,-73.983222
node,6206430650,Manhattan,Gnocchi on 9th,fast_food,italian,40.7289116,-73.9863304
node,6206434889,Manhattan,New Mizu Sushi,fast_food,sushi,40.7282747,-73.985326
node,6206445239,Manhattan,Baya Bar,fast_food,health_food;juice,40.7474743,-73.9736931
node,6206634710,Manhattan,Dunkin',fast_food,donut;coffee_shop,40.7597673,-73.9651804
node,6206637801,Manhattan,Margari Pizza,fast_food,pizza,40.7588099,-73.9654294
node,6207774942,Manhattan,Dig,fast_food,regional,40.7237755,-73.9969179
node,6213783610,Manhattan,Wendy's,fast_food,burger,40.7267453,-73.9954511
node,6217347883,Manhattan,Dunkin',fast_food,donut;coffee_shop,40.7664681,-73.9652594
node,6217350508,Manhattan,Famous Original Ray's Pizza,fast_food,pizza,40.7643097,-73.9664864
node,6222019581,Manhattan,Yummy City,fast_food,chinese,40.7880075,-73.9491833
node,6230652173,Manhattan,Fei Ma,fast_food,chinese,40.7250839,-73.9844183
node,6230656975,Manhattan,$1.50 Pizza,fast_food,pizza,40.7253961,-73.9841839
node,6231491547,Manhattan,Shun Wei,fast_food,chinese,40.7118563,-73.9967572
node,6231529910,Manhattan,Cheong Fun Cart on Rutgers,fast_food,chinese,40.7139326,-73.9900802
node,6233803804,Manhattan,375° Chicken 'n Fries,fast_food,chicken,40.7196774,-73.9884415
node,6233985512,Manhattan,Chirping Chicken,fast_food,chicken,40.7588675,-73.9925294
node,6233999093,Manhattan,IPizzaNY,fast_food,pizza,40.7625938,-73.9898265
node,6237270525,Manhattan,my pie Pizzeria Romana,fast_food,,40.7606542,-73.969513
node,6237581035,Manhattan,Thai Peppercorn,fast_food,thai,40.7882101,-73.9536309
node,6248967379,Manhattan,Krispy Kreme,fast_food,donut,40.7794108,-73.9558383
node,6249882586,Manhattan,Chipotle,fast_food,mexican,40.7593045,-73.9825453
node,6256357476,Manhattan,Wonder,fast_food,fried_chicken;pizza,40.7990617,-73.9521933
node,6270577093,Manhattan,JuicCToo,fast_food,juice,40.7927768,-73.9503007
node,6270647902,Manhattan,Dunkin',fast_food,donut;coffee_shop,40.7877616,-73.9536057
node,6289181740,Manhattan,Previti Pizza,fast_food,pizza,40.7438283,-73.9740333
node,6293395631,Manhattan,,fast_food,pizza,40.7181631,-73.9856666
node,6295899095,Manhattan,Lena's Italian Kitchen,fast_food,italian,40.7426242,-73.9776885
node,6295899096,Manhattan,Subway,fast_food,sandwich,40.7433361,-73.9771672
node,6296852085,Manhattan,Charles Country Pan Fried Chicken,fast_food,fried_chicken,40.8145607,-73.9481969
node,6304108185,Manhattan,Kimmel Cafe,fast_food,american;breakfast;health_food,40.7430462,-73.9727483
node,6307163185,Manhattan,Pret A Manger,fast_food,sandwich,40.7132245,-74.0095284
node,6308405187,Manhattan,Berlin Currywurst,fast_food,,40.7421941,-74.0052882
node,6308814786,Manhattan,Burger King,fast_food,burger,40.7503015,-73.988226
node,6314496485,Manhattan,Tropical Grill,fast_food,dominican,40.8104354,-73.9469283
node,6330494628,Manhattan,Good Century Cafe,fast_food,chinese,40.7181988,-73.994421
node,6335667330,Manhattan,Hawa Smoothie,fast_food,smoothie;juice,40.7449945,-73.9782081
node,6343311740,Manhattan,Domino's,fast_food,pizza,40.7827511,-73.9453053
node,6347916312,Manhattan,Phalia Restaurant,fast_food,pakistani;indian;bangladeshi,40.7429445,-73.9824279
node,6371366885,Manhattan,McDonald's,fast_food,burger,40.7561694,-73.9707413
node,6371990037,Manhattan,Chipotle,fast_food,mexican,40.7398467,-73.9851257
node,6374756585,Manhattan,Dunkin',fast_food,donut;coffee_shop,40.7738645,-73.9598733
node,6376760972,Manhattan,Dunkin' Donuts/Baskin Robbins,fast_food,donut;breakfast;ice_cream,40.7460634,-73.979373
node,6384745285,Manhattan,Percy's Pizza,fast_food,pizza,40.7291744,-74.0014494
node,6389147188,Manhattan,Chipotle,fast_food,mexican,40.7949272,-73.9657711
node,6396562543,Manhattan,7th Street Burger,fast_food,burger,40.7410994,-73.9817253
node,6397326468,Manhattan,Sweetgreen,fast_food,salad,40.7526876,-74.0011152
node,6407817393,Manhattan,Ess-a-Bagel,fast_food,bagel;sandwich,40.7486317,-73.9893492
node,6407832773,Manhattan,B&B Restaurant,fast_food,african,40.7458845,-73.9936778
node,6412243455,Manhattan,New York 27 Lexington Deli & Grocery,fast_food,middle_eastern,40.7419814,-73.9825553
node,6421845186,Manhattan,Joe's Pizza,fast_food,pizza,40.754762,-73.9869439
node,6437021178,Manhattan,Shake Shack,fast_food,burger,40.7292079,-74.0054593
node,6462921786,Manhattan,NAYA Express,fast_food,lebanese,40.7025859,-74.0116726
node,6475365538,Manhattan,Bento NYC,fast_food,japanese;sushi,40.7483931,-73.9759419
node,6478973526,Manhattan,Desi Galli,fast_food,indian,40.7421411,-73.9826417
node,6495293349,Manhattan,Dunkin',fast_food,donut;coffee_shop,40.7425419,-73.9807256
node,6507019898,Manhattan,Al's Delicatessen,fast_food,,40.7515777,-73.9904412
node,6507019907,Manhattan,Liberty Bagels,fast_food,bagel,40.7519075,-73.9902101
node,6511811723,Manhattan,King Barka,fast_food,jamaican,40.8167511,-73.9466927
node,6565329289,Manhattan,Banh Mi Zon,fast_food,vietnamese;sandwich,40.7257262,-73.9843145
node,6572536243,Manhattan,Oishi Bay,fast_food,sushi,40.7418406,-73.9789271
node,6582979194,Manhattan,Xi'an Famous Foods,fast_food,chinese;noodle,40.7151273,-73.9973245
node,6593957085,Manhattan,Domino's,fast_food,pizza,40.7326445,-73.9975117
node,6603361988,Manhattan,Panera Bread,fast_food,sandwich;bakery,40.7475361,-73.98546
node,6605121108,Manhattan,D. Salam African Cuisine,fast_food,west_african,40.7155114,-73.9934666
node,6611254400,Manhattan,Auntie Anne's,fast_food,pretzel,40.7011331,-74.0133908
node,6612404173,Manhattan,Pret A Manger,fast_food,sandwich,40.7567943,-73.9746344
node,6612404174,Manhattan,Little Italy Pizza,fast_food,,40.7563955,-73.9815322
node,6615272809,Manhattan,Pret A Manger,fast_food,sandwich,40.7563383,-73.9819829
node,6615272827,Manhattan,Chipotle,fast_food,mexican,40.7561133,-73.9808717
node,6615272828,Manhattan,Xi'an Famous Foods,fast_food,chinese,40.7562816,-73.9818582
node,6622063385,Manhattan,McDonald's,fast_food,burger,40.7546612,-73.9881821
node,6622136387,Manhattan,Taco Bell,fast_food,tex-mex,40.73545,-73.9927297
node,6622274385,Manhattan,Red Poke,fast_food,korean;poke,40.7589374,-73.9920318
node,6630118961,Manhattan,Bareburger LES,fast_food,burger,40.7216328,-73.9885495
node,6630276325,Manhattan,Poke Bowl,fast_food,poke,40.7213875,-74.0049853
node,6630517166,Manhattan,Dunkin',fast_food,donut;coffee_shop,40.7273979,-74.0057208
node,6630517167,Manhattan,Chipotle,fast_food,mexican,40.7281983,-74.0051594
node,6648440332,Manhattan,Pret A Manger,fast_food,sandwich,40.763468,-73.9825401
node,6670244858,Manhattan,Lenwich,fast_food,sandwich,40.7655712,-73.9578728
node,6677440689,Manhattan,Shake Shack,fast_food,burger,40.7300007,-73.9898144
node,6680394972,Manhattan,Kennedy Chicken,fast_food,burger;american;chicken;milkshake,40.8089411,-73.9486836
node,6680604278,Manhattan,Chipotle,fast_food,mexican,40.8073872,-73.9449972
node,6680604281,Manhattan,Dunkin',fast_food,donut;coffee_shop,40.805705,-73.9401762
node,6680686157,Manhattan,Sweetgreen,fast_food,salad,40.76368,-73.9674808
node,6680686990,Manhattan,Chipotle,fast_food,mexican,40.7589303,-73.9687176
node,6689923799,Manhattan,Bagels & Co.,fast_food,,40.7692607,-73.9517547
node,6689923802,Manhattan,Subway,fast_food,sandwich,40.7692861,-73.9522114
node,6691104536,Manhattan,East Side Bagel Cafe,fast_food,bagel;breakfast,40.771667,-73.9529405
node,6691104543,Manhattan,Dunkin',fast_food,donut;coffee_shop,40.771128,-73.9533372
node,6691851910,Manhattan,New China,fast_food,chinese,40.7382246,-73.983365
node,6725351887,Manhattan,Juice Press,fast_food,juice,40.777166,-73.955477
node,6732642778,Manhattan,Dunkin',fast_food,donut;coffee_shop,40.7293761,-74.0072149
node,6752564947,Manhattan,Memo Shish Kebab,fast_food,kebab,40.7428322,-73.9931189
node,6752564949,Manhattan,Dunkin',fast_food,donut;coffee_shop,40.7432274,-73.9931396
node,6754439369,Manhattan,Pizza City,fast_food,,40.7802333,-73.9466997
node,6767975287,Manhattan,Grays Papaya,fast_food,,40.7556341,-73.9907181
node,6791541460,Manhattan,Chipotle,fast_food,mexican,40.7373282,-73.990088
node,6795908680,Manhattan,99 cent Pizza,fast_food,,40.7141277,-73.9909319
node,6817702871,Manhattan,NY 99¢ Pizza,fast_food,pizza,40.7179999,-74.0007283
node,6852207230,Manhattan,Bagel Express,fast_food,bagel;breakfast;sandwich;coffee_shop,40.7498651,-73.9769986
node,6852303847,Manhattan,Dunkin',fast_food,donut;coffee_shop,40.7505447,-73.9768719
node,6852303849,Manhattan,Katagiri,fast_food,japanese;ramen;sushi,40.7509194,-73.9771424
node,6852303850,Manhattan,Maki Maki Sushi,fast_food,sushi,40.7504633,-73.9769308
node,6852554239,Manhattan,Chick-fil-A,fast_food,chicken,40.7792238,-73.9539252
node,6852623278,Manhattan,Chipotle,fast_food,mexican,40.7777066,-73.9545461
node,6904407682,Manhattan,Dig,fast_food,regional,40.8055514,-73.9653417
node,6910698801,Manhattan,Gnocchi on 9th,fast_food,italian,40.7209648,-73.9886535
node,6927650856,Manhattan,Dunkin',fast_food,donut;coffee_shop,40.8097065,-73.9586754
node,6940009755,Manhattan,Sauce Pizzeria,fast_food,pizza,40.7204308,-73.9891931
node,6946052985,Manhattan,Dunkin',fast_food,donut;coffee_shop,40.7067517,-74.0054525
node,6955034544,Manhattan,Pret A Manger,fast_food,sandwich,40.7418034,-73.9907234
node,6955034546,Manhattan,Lenwich,fast_food,sandwich,40.7416763,-73.9904033
node,6957709096,Manhattan,Domino's,fast_food,pizza,40.7986152,-73.9411525
node,6957709097,Manhattan,Dunkin',fast_food,donut;coffee_shop,40.8017353,-73.94858
node,6957709110,Manhattan,Popeyes,fast_food,chicken,40.801767,-73.9486604
node,7004376566,Manhattan,Wendy's,fast_food,burger,40.7012718,-74.0129447
node,7004416095,Manhattan,BanBan Shop,fast_food,southeast_asian,40.8064913,-73.9653451
node,7004462869,Manhattan,Hooda Halal,fast_food,,40.807503,-73.9646912
node,7006780985,Manhattan,Cinnabon,fast_food,dessert,40.7574504,-73.9893771
node,7006781185,Manhattan,Cinnabon,fast_food,dessert,40.7501893,-73.9881253
node,7024236396,Manhattan,McDonald's,fast_food,burger,40.7943776,-73.9723549
node,7024236397,Manhattan,Xi'an Famous Foods,fast_food,chinese,40.8032994,-73.9669951
node,7041101689,Manhattan,A-Roll Bar & Grill,fast_food,chinese,40.7294352,-73.9893564
node,7041663061,Manhattan,Dunkin',fast_food,donut;coffee_shop,40.7831282,-73.9531084
node,7041713699,Manhattan,Dig,fast_food,regional,40.7803991,-73.9547518
node,7041755291,Manhattan,Pret A Manger,fast_food,sandwich,40.7501096,-73.9746863
node,7041755296,Manhattan,Best Subs Sandwich Shop,fast_food,sandwich,40.7919127,-73.9446658
node,7041755297,Manhattan,Chopt,fast_food,salad,40.7738405,-73.9578436
node,7041755310,Manhattan,Little Caesars,fast_food,pizza,40.7921662,-73.9444762
node,7042386585,Manhattan,Dunkin',fast_food,donut;coffee_shop,40.7221381,-73.9851799
node,7067158485,Manhattan,Butter,fast_food,burger,40.7292149,-73.9888086
node,7067197489,Manhattan,Cello's Pizzeria,fast_food,pizza,40.7286656,-73.9881768
node,7078542076,Manhattan,Apollo Bagels,fast_food,bagel,40.7288353,-73.9848267
node,7084629298,Manhattan,Chipotle,fast_food,mexican,40.7329436,-73.9810163
node,7093921925,Manhattan,Five Guys,fast_food,burger,40.7578848,-73.9798864
node,7093921927,Manhattan,Kitchen Paradise,fast_food,chinese,40.7580685,-73.9802871
node,7093921928,Manhattan,Pronto Pizza,fast_food,pizza,40.7582165,-73.9806429
node,7093921942,Manhattan,Pizza Foto,fast_food,pizza,40.7566965,-73.9802852
node,7093921943,Manhattan,Subway,fast_food,sandwich,40.7566345,-73.9807599
node,7093921947,Manhattan,2 Bros. Pizza,fast_food,pizza,40.7568805,-73.9807404
node,7097867547,Manhattan,El Churro,fast_food,churro;dessert;chocolate,40.7226618,-73.9884425
node,7099088294,Manhattan,Popeyes,fast_food,chicken,40.7911877,-73.9451916
node,7120041760,Manhattan,Queen Bakery II,fast_food,chinese,40.7174773,-74.0005922
node,7123455191,Manhattan,Pret A Manger,fast_food,sandwich,40.7581003,-73.9739104
node,7139740737,Manhattan,Happy Wok,fast_food,chinese,40.726378,-73.9774027
node,7140597234,Manhattan,Dunkin',fast_food,donut;coffee_shop,40.7805277,-73.9524939
node,7157191432,Manhattan,brgr,fast_food,burger,40.7461296,-73.9939142
node,7182174119,Manhattan,Six Happiness,fast_food,chinese,40.747583,-73.9740638
node,7231049619,Manhattan,Wingstop,fast_food,wings,40.7412317,-73.9832221
node,7231049620,Manhattan,Popeyes,fast_food,chicken,40.741185,-73.9833214
node,7239676094,Manhattan,Chipotle,fast_food,mexican,40.7659615,-73.9571093
node,7241143782,Manhattan,Chipotle,fast_food,mexican,40.7666415,-73.9626289
node,7343645076,Manhattan,Wendy's,fast_food,burger,40.7354191,-73.9926501
node,7360048855,Manhattan,Juice Generation,fast_food,juice,40.7401699,-73.9858241
node,7360048867,Manhattan,Bravo Pizza,fast_food,pizza,40.7386142,-73.9872457
node,7360048882,Manhattan,Dunkin',fast_food,donut;coffee_shop,40.7361617,-73.9890388
node,7362789424,Manhattan,Lexington Famous Pizza,fast_food,pizza,40.7404706,-73.984298
node,7362999640,Manhattan,Artichoke Basille's Pizza,fast_food,pizza,40.7320931,-73.9839076
node,7363764831,Manhattan,Hibachi Express,fast_food,chinese,40.7295427,-73.9787049
node,7366099854,Manhattan,Yankee Pizza,fast_food,pizza,40.7267069,-73.9771566
node,7366099856,Manhattan,Neighborhood Deli,fast_food,,40.7268065,-73.9770815
node,7366142883,Manhattan,Poke N' Roll,fast_food,hawaiian,40.7275413,-73.9830427
node,7369844952,Manhattan,The Little Beet,fast_food,,40.7440199,-73.9887759
node,7418122341,Manhattan,Dunkin',fast_food,donut;coffee_shop,40.7852677,-73.9785603
node,7503878459,Manhattan,Eva's x Cinco de Mayo,fast_food,health_food;mexican,40.7327076,-73.9971694
node,7591060176,Manhattan,Subway,fast_food,sandwich,40.7731079,-73.9896174
node,7593143561,Manhattan,Chipotle,fast_food,mexican,40.7696655,-73.9883974
node,7633814592,Manhattan,Dunkin',fast_food,donut;coffee_shop,40.7127929,-73.9897817
node,7643827696,Manhattan,Morton Williams Cafe,fast_food,,40.7379388,-73.9804107
node,7653745267,Manhattan,Potbelly,fast_food,sandwich,40.7475471,-73.9928885
node,7658594652,Manhattan,Subway,fast_food,sandwich,40.797975,-73.9396511
node,7674034886,Manhattan,Les,fast_food,pizza,40.7140084,-73.9892129
node,7678152119,Manhattan,Field's Food Chicken,fast_food,chicken,40.7403203,-73.9871465
node,7678152120,Manhattan,Zucker's,fast_food,bagel,40.7403924,-73.9872967
node,7678152122,Manhattan,Skewr Kabob Kitchen,fast_food,kebab,40.74049,-73.9875381
node,7678152124,Manhattan,Summer Salt,fast_food,mexican,40.7405601,-73.9876943
node,7678152128,Manhattan,Chopt,fast_food,salad,40.7407613,-73.9881691
node,7680594076,Manhattan,London Deli,fast_food,,40.7448408,-73.9990635
node,7700115285,Manhattan,Subway,fast_food,sandwich,40.7076803,-74.005917
node,7700401463,Manhattan,Dunkin',fast_food,donut;coffee_shop,40.7493927,-73.9957184
node,7732385843,Manhattan,Poulette,fast_food,chicken,40.7649435,-73.9876477
node,7762379278,Manhattan,Andiamo Pizza,fast_food,pizza,40.7461304,-73.9902219
node,7785298654,Manhattan,Krispy Kreme,fast_food,donut,40.8107485,-73.952123
node,7844677285,Manhattan,Poke Bowl,fast_food,poke,40.7372756,-73.9909861
node,7844677385,Manhattan,Chopt,fast_food,salad,40.7372963,-73.9910349
node,7844677485,Manhattan,Potbelly,fast_food,sandwich,40.7373218,-73.9910864
node,7904863244,Manhattan,Onigiri Tanakaya,fast_food,japanese,40.7347321,-73.985884
node,7951139842,Manhattan,Dunkin',fast_food,donut;coffee_shop,40.7502038,-73.9813548
node,7951223525,Manhattan,Black Burger,fast_food,burger,40.7546993,-73.9913304
node,7951223532,Manhattan,Poke Bowl,fast_food,,40.7546771,-73.9912808
node,8098089422,Manhattan,Lucky King Bakery,fast_food,chinese,40.7178755,-73.9925404
node,8250837717,Manhattan,Hanabi,fast_food,japanese;sushi,40.7710568,-73.9564846
node,8279418775,Manhattan,China Wok,fast_food,chinese,40.722117,-73.9773685
node,8333736449,Manhattan,Hawa Smoothie,fast_food,juice,40.7158255,-74.0069978
node,8333736453,Manhattan,Domino's,fast_food,pizza,40.7156466,-74.0071734
node,8333736457,Manhattan,Subway,fast_food,sandwich,40.7150577,-74.0076117
node,8333736516,Manhattan,Nathan's,fast_food,hot_dog,40.764688,-73.9725062
node,8333740829,Manhattan,Nuan Xin Rice Roll,fast_food,chinese,40.7165938,-73.9928861
node,8333740839,Manhattan,Halal Food,fast_food,middle_eastern,40.7192255,-74.0018328
node,8333828563,Manhattan,Taco Bell,fast_food,tex-mex,40.8299508,-73.9483096
node,8333828564,Manhattan,KFC,fast_food,chicken,40.8299044,-73.9483541
node,8333828568,Manhattan,Domino's,fast_food,pizza,40.8296372,-73.9477156
node,8333828578,Manhattan,White Castle,fast_food,burger,40.808729,-73.9488499
node,8418913545,Manhattan,Red Poke,fast_food,poke;korean,40.7640869,-73.9850545
node,8419168031,Manhattan,Little Italy Pizza III,fast_food,pizza,40.7347668,-73.9922972
node,8427233986,Manhattan,Lenwich,fast_food,sandwich,40.778979,-73.9778964
node,8495326287,Manhattan,Milano's Pizzeria,fast_food,italian,40.796838,-73.9381306
node,8530330752,Manhattan,Electric Burrito,fast_food,mexican,40.7278249,-73.9855253
node,8530843700,Manhattan,Andiamo Pizza,fast_food,pizza,40.7400208,-73.985548
node,8534476567,Manhattan,Joe's Pizza,fast_food,pizza,40.7101224,-74.0077473
node,8551295310,Manhattan,Just Salad,fast_food,salad,40.7598118,-73.969756
node,8551295315,Manhattan,Subway,fast_food,sandwich,40.7607398,-73.9694695
node,8551468891,Manhattan,Juice Generation,fast_food,juice,40.7579528,-73.9710489
node,8551640061,Manhattan,Juice Generation,fast_food,juice,40.7514075,-73.9764378
node,8614943071,Manhattan,Dunkin',fast_food,donut;coffee_shop,40.7461801,-73.9938802
node,8622749691,Manhattan,Champion Pizza,fast_food,pizza,40.7215851,-73.9972328
node,8630513486,Manhattan,Chicken Insider,fast_food,chicken;korean,40.7812353,-73.9490728
node,8632743394,Manhattan,Pret A Manger,fast_food,sandwich,40.7655576,-73.9765642
node,8648214118,Manhattan,Juice Press,fast_food,juice,40.7219647,-74.0096402
node,8649515305,Manhattan,,fast_food,pizza,40.7670525,-73.9832349
node,8653604469,Manhattan,Dave's Hot Chicken,fast_food,chicken,40.7779242,-73.9548807
node,8657538245,Manhattan,Vito's Slices & Ices,fast_food,pizza,40.7545073,-73.9952611
node,8669172817,Manhattan,Burger King,fast_food,burger,40.7096697,-74.0069073
node,8669186118,Manhattan,Dunkin',fast_food,donut;coffee_shop,40.7085278,-74.0051108
node,8670105218,Manhattan,Just Salad,fast_food,salad,40.7526921,-73.9951674
node,8692133531,Manhattan,Wok City,fast_food,chinese,40.7751897,-73.983888
node,8727756019,Manhattan,Pizza Collective,fast_food,pizza,40.7775837,-73.981778
node,8727756020,Manhattan,The Gyro Project,fast_food,greek,40.777635,-73.9817566
node,8750011522,Manhattan,Bites of Xi’an,fast_food,chinese,40.779641,-73.9506856
node,8765317221,Manhattan,Lenwich,fast_food,sandwich,40.7132343,-74.0088443
node,8765403718,Manhattan,Dunkin',fast_food,donut;coffee_shop,40.7128883,-74.0080601
node,8769344317,Manhattan,Sweetgreen,fast_food,salad,40.7154591,-74.0088142
node,8783927952,Manhattan,Dunkin',fast_food,donut;coffee_shop,40.7815949,-73.9792355
node,8785244238,Manhattan,Sweetgreen,fast_food,salad,40.7652451,-73.9817646
node,8787410957,Manhattan,Sweetgreen,fast_food,salad,40.7743806,-73.9807521
node,8789533321,Manhattan,Heaven On 7th Marketplace,fast_food,breakfast;sandwich;pizza;coffee_shop,40.763953,-73.9814089
node,8792307154,Manhattan,Yaya Tea,fast_food,japanese;snack,40.738384,-73.9837
node,8792950864,Manhattan,Dan & John's Wings,fast_food,wings,40.7433947,-73.9795856
node,8857482017,Manhattan,China Red,fast_food,chinese,40.7151067,-74.0085967
node,8872982375,Manhattan,Just Salad,fast_food,salad,40.7537279,-73.986851
node,8878664656,Manhattan,Juice Generation,fast_food,juice,40.7308861,-74.0026761
node,8883778718,Manhattan,Dunkin',fast_food,donut;coffee_shop,40.7160212,-74.0049448
node,8883778719,Manhattan,Burger King,fast_food,burger,40.7161952,-74.0048063
node,8883780917,Manhattan,Subway,fast_food,sandwich,40.7163789,-74.0049643
node,8907715017,Manhattan,Mon Cher Market,fast_food,,40.7165986,-74.0044759
node,8910317103,Manhattan,Dunkin',fast_food,donut;coffee_shop,40.7529783,-73.9971471
node,8939922335,Manhattan,Ray’s Pizza,fast_food,pizza,40.7632213,-73.981471
node,8958124461,Manhattan,Peppa's Jerk Chicken,fast_food,caribbean,40.7409482,-73.9789009
node,8958124463,Manhattan,Dunkin' Donuts/Baskin Robbins,fast_food,donut;breakfast;ice_cream,40.7401458,-73.9789411
node,8958523251,Manhattan,Square Pizza,fast_food,pizza,40.7199934,-73.9847283
node,8986962110,Manhattan,Lilly's Shakes & Crepes,fast_food,,40.7248962,-73.9780558
node,8996587925,Manhattan,Mike’s Coffee & Deli,fast_food,breakfast;sandwich,40.7459027,-73.9827829
node,8996587937,Manhattan,Five Guys,fast_food,burger,40.7464994,-73.9842154
node,8996587938,Manhattan,Fields Good Chicken,fast_food,chicken,40.7464484,-73.9841202
node,9015394965,Manhattan,Centro Pizza,fast_food,pizza,40.7717444,-73.9564358
node,9015429849,Manhattan,Six Happiness,fast_food,chinese,40.7699786,-73.957736
node,9018168387,Manhattan,Chopt,fast_food,salad,40.7303916,-73.9903911
node,9029195976,Manhattan,Ellie's,fast_food,chinese,40.77494,-73.953637
node,9032860330,Manhattan,Subway,fast_food,sandwich,40.7843277,-73.9522316
node,9036181630,Manhattan,Rakka,fast_food,middle_eastern;juice,40.728427,-73.9844713
node,9036389121,Manhattan,Thai for Thought,fast_food,thai,40.7283078,-73.9891631
node,9068869758,Manhattan,"KebabishQ,",fast_food,american,40.7283148,-73.9876436
node,9075286389,Manhattan,Famous Famiglia,fast_food,pizza,40.7657055,-73.9572936
node,9091304270,Manhattan,Essex Taqueria,fast_food,mexican,40.7196981,-73.987782
node,9091304272,Manhattan,Essex Pizza,fast_food,pizza,40.7197641,-73.9877502
node,9097226516,Manhattan,Yoan Ming Garden,fast_food,chinese,40.7881921,-73.9532775
node,9098923529,Manhattan,Shanghai Chinese Restaurant,fast_food,chinese,40.7683195,-73.958488
node,9106019884,Manhattan,Atomic Wings,fast_food,wings,40.7558769,-73.9675585
node,9106019885,Manhattan,Atomic Wings,fast_food,wings,40.7155885,-74.0053623
node,9115231670,Manhattan,Flavor's House,fast_food,sandwich;latin_american,40.7395692,-73.9799077
node,9155415177,Manhattan,Crif Dogs,fast_food,hot_dog,40.727057,-73.9837711
node,9161539625,Manhattan,Kennedy Chicken,fast_food,chicken,40.7185728,-73.9825351
node,9173303873,Manhattan,7th Street Burger,fast_food,burger,40.776176,-73.9531977
node,9187969159,Manhattan,Bánh Mì Cô Út,fast_food,vietnamese;sandwich,40.7181176,-73.9961279
node,9188375881,Manhattan,La Vera Pizzeria,fast_food,pizza,40.7405975,-73.9821085
node,9225315179,Manhattan,Krispy Kreme,fast_food,donut,40.7902431,-73.9458871
node,9227637566,Manhattan,Partea NYC,fast_food,chicken,40.732763,-73.9863355
node,9228778075,Manhattan,Mr. Cow,fast_food,corn_dog,40.7169782,-73.9947628
node,9241571160,Manhattan,Xi'an Famous Foods,fast_food,chinese,40.7684581,-73.9583947
node,9275855423,Manhattan,Subway,fast_food,sandwich,40.7763873,-73.953049
node,9276228950,Manhattan,Forefeathers Chicken Madness,fast_food,chicken;american,40.7404309,-73.9817475
node,9283502337,Manhattan,Dig,fast_food,regional,40.7572491,-73.9706146
node,9283504354,Manhattan,Dig,fast_food,regional,40.7611499,-73.9687742
node,9283523800,Manhattan,Dig,fast_food,regional,40.7458346,-73.994148
node,9283527807,Manhattan,Dig,fast_food,regional,40.7126107,-74.0156441
node,9283550594,Manhattan,Dig,fast_food,regional,40.7670479,-73.9567664
node,9283557221,Manhattan,Dig,fast_food,regional,40.7532522,-73.9878951
node,9283586621,Manhattan,Dig,fast_food,regional,40.7281492,-73.9946724
node,9283593494,Manhattan,Koba,fast_food,korean,40.7452451,-73.9831578
node,9283609979,Manhattan,Dig,fast_food,regional,40.763131,-73.985279
node,9283623320,Manhattan,Dig,fast_food,regional,40.7333299,-73.9897455
node,9313170137,Manhattan,Fresh Pizza 99 Cents,fast_food,,40.7527385,-73.9853724
node,9339796691,Manhattan,Joey Roses,fast_food,sandwich,40.7189918,-73.9845134
node,9340191554,Manhattan,99¢ Pizza,fast_food,pizza,40.7181201,-73.986015
node,9344068499,Manhattan,Taco Bell,fast_food,tex-mex,40.7379392,-73.9814392
node,9344072219,Manhattan,Que Rico,fast_food,latin_american,40.7384967,-73.9819475
node,9344329007,Manhattan,D'albano,fast_food,italian;albanian,40.7310041,-74.0011406
node,9374707280,Manhattan,Heroes & Villains,fast_food,sandwich,40.7179964,-73.9881825
node,9374707284,Manhattan,Essex Squeeze,fast_food,juice,40.7179555,-73.9882848
node,9429596760,Manhattan,Chopt,fast_food,salad,40.7281463,-74.0051594
node,9450485817,Manhattan,Saigon Vietnamese Sandwich,fast_food,sandwich;vietnamese,40.7199901,-73.9958654
node,9469126092,Manhattan,King Wok,fast_food,chinese,40.7290598,-74.0050475
node,9469126096,Manhattan,Wingstop,fast_food,chicken,40.7294492,-74.0048903
node,9484086236,Manhattan,Salma's Halal Food Cart,fast_food,kebab;chicken;burger,40.806807,-73.9607926
node,9490051317,Manhattan,Schaller’s Stube,fast_food,german,40.7775473,-73.9517596
node,9496940702,Manhattan,Dunkin',fast_food,donut,40.7773283,-73.9492713
node,9496985492,Manhattan,Tacos Mi Mexico,fast_food,mexican,40.782488,-73.948544
node,9501915452,Manhattan,Dunkin',fast_food,donut;coffee_shop,40.7593578,-73.9804732
node,9509211696,Manhattan,Trufa Pizzeria,fast_food,pizza,40.8148374,-73.9592623
node,9530089580,Manhattan,Dunkin',fast_food,donut;coffee_shop,40.7521025,-73.9877735
node,9543489013,Manhattan,Little Italy Pizza,fast_food,pizza,40.7778525,-73.9825517
node,9543882217,Manhattan,Ess-a-Bagel,fast_food,bagel;breakfast;sandwich,40.7342454,-73.9800538
node,9543908517,Manhattan,Fong On,fast_food,chinese,40.7141992,-73.9936957
node,9552593825,Manhattan,Potbelly,fast_food,sandwich,40.7298459,-73.9928398
node,9566783579,Manhattan,Subway,fast_food,sandwich,40.7608403,-73.9978768
node,9579458318,Manhattan,Popeyes,fast_food,chicken,40.7804247,-73.953048
node,9622672881,Manhattan,Taco Bell Cantina,fast_food,tex-mex,40.7508937,-73.9867321
node,9630409564,Manhattan,Factory Tamal,fast_food,mexican,40.726859,-73.9907702
node,9641678793,Manhattan,Roma Pizza,fast_food,pizza,40.7783491,-73.948518
node,9646862886,Manhattan,McDonald's,fast_food,burger,40.7999642,-73.9678175
node,9646952139,Manhattan,The Botanist,fast_food,,40.8168,-73.9579462
node,9646952140,Manhattan,Shai Hummusiya,fast_food,middle_eastern,40.8168315,-73.9579315
node,9646952141,Manhattan,Benny Casanova's,fast_food,,40.8168842,-73.9578926
node,9646952142,Manhattan,Butterfunk BIscuit Co.,fast_food,,40.8168589,-73.9579113
node,9651970578,Manhattan,Williamsburg Pizza,fast_food,pizza,40.7183056,-73.9911276
node,9652307132,Manhattan,Krispy Kreme,fast_food,donut,40.7404651,-73.9874499
node,9653343576,Manhattan,Dig,fast_food,regional,40.7375465,-73.9910075
node,9654088080,Manhattan,DBL Pie Pizza,fast_food,pizza,40.8000784,-73.9662074
node,9655041169,Manhattan,fresh&co,fast_food,sandwich;salad;breakfast,40.7297602,-73.9932978
node,9659096582,Manhattan,Subway,fast_food,sandwich,40.7544402,-73.9983475
node,9659208994,Manhattan,Chelsea Bagel & Pizzeria,fast_food,bagel;sandwich;pizza,40.7471784,-73.982025
node,9661820817,Manhattan,Il Gusto Pizza,fast_food,pizza,40.725384,-73.9897913
node,9678600531,Manhattan,Dunkin',fast_food,donut;coffee_shop,40.7050772,-74.0122027
node,9681405917,Manhattan,Papa John's,fast_food,pizza,40.7991211,-73.9669187
node,9685676341,Manhattan,Delicacy,fast_food,sandwich,40.7543174,-73.9790946
node,9694851017,Manhattan,Sticky's Finger Joint,fast_food,,40.7539151,-73.9749446
node,9699194096,Manhattan,Chick-fil-A,fast_food,chicken,40.7578856,-73.9895835
node,9708208979,Manhattan,7th Street burger,fast_food,burger,40.7269257,-73.9853696
node,9725272617,Manhattan,1.50¢ Delicious Pizza,fast_food,pizza,40.7547334,-73.9881226
node,9749233913,Manhattan,All'Antico Vinaio,fast_food,sandwich,40.7596992,-73.9882202
node,9753289207,Manhattan,Five Guys,fast_food,burger,40.7071308,-74.0075294
node,9798846090,Manhattan,Little Gio's Pizza,fast_food,pizza,40.7237055,-73.9879163
node,9807347128,Manhattan,Dunkin',fast_food,donut;coffee_shop,40.7408098,-73.9814509
node,9861229817,Manhattan,Food Truck Buenos Nachos Amigos,fast_food,mexican,40.7056856,-74.008208
node,9872765493,Manhattan,Tisch Cafe,fast_food,eclectic,40.7425311,-73.9737976
node,9873034474,Manhattan,Al Horno,fast_food,mexican;health_food;juice,40.7452696,-73.979396
node,9874879429,Manhattan,The Chubby Crab,fast_food,chinese;chicken;seafood;american,40.7172475,-73.9944986
node,9875326357,Manhattan,Farina on 2nd,fast_food,italian,40.7798681,-73.9507239
node,9876984224,Manhattan,Dear Rufino,fast_food,mexican,40.7320846,-73.9853638
node,9890798670,Manhattan,Xi'an Famous Foods,fast_food,chinese,40.7801571,-73.9802831
node,9895269792,Manhattan,Freddie & Peppers,fast_food,pizza,40.7800359,-73.9803577
node,9902852319,Manhattan,Presto Fresh Cafe,fast_food,mexican,40.8122183,-73.9549914
node,9904363429,Manhattan,49 Columbia Newsstand & Luncheonette,fast_food,,40.7173047,-73.9804441
node,9920390979,Manhattan,Sammy's Halal Food,fast_food,,40.7318115,-74.0007467
node,9920390981,Manhattan,King of Falafel & Shawarma,fast_food,falafel,40.7592265,-73.9728482
node,9932514108,Manhattan,Yoi Ramen & Tea,fast_food,ramen,40.7432613,-73.9772252
node,9945650418,Manhattan,Tabletime,fast_food,,40.7529992,-73.9802104
node,9948699933,Manhattan,Subway,fast_food,sandwich,40.7093522,-74.0090617
node,9950542396,Manhattan,4 Boy 99¢ Pizza,fast_food,pizza,40.7499168,-73.994249
node,9964840579,Manhattan,Dunkin',fast_food,donut;coffee_shop,40.7103387,-74.0089218
node,9966553542,Manhattan,Court Street Grocers,fast_food,sandwich,40.7288374,-73.99849
node,9979394746,Manhattan,United Fried Chicken,fast_food,fried_chicken;pizza,40.8221072,-73.9383984
node,10000660268,Manhattan,Sauce Pizzeria,fast_food,pizza,40.7518526,-73.9958286
node,10000660269,Manhattan,E.A.K. Ramen,fast_food,,40.7517906,-73.9958774
node,10000660270,Manhattan,Jacob’s Pickles,fast_food,chicken,40.7517384,-73.995919
node,10000660271,Manhattan,Naya,fast_food,middle_eastern,40.7516764,-73.9959678
node,10000660274,Manhattan,Maman,fast_food,soup;sandwich,40.7516134,-73.9956291
node,10000660277,Manhattan,Burger Joint,fast_food,burger,40.7517093,-73.9955526
node,10000660278,Manhattan,Chopt,fast_food,salad,40.7518035,-73.9955651
node,10000660280,Manhattan,Pressed Juicery,fast_food,juice,40.75163,-73.995203
node,10000660281,Manhattan,Vesuvio,fast_food,,40.7515526,-73.9950135
node,10073864124,Manhattan,Go-Chin Khao Man Gal,fast_food,thai,40.7352297,-73.9799887
node,10073955919,Manhattan,Birria L.E.S.,fast_food,mexican,40.7286941,-73.9882629
node,10082206108,Manhattan,Chick-fil-A,fast_food,chicken,40.7515314,-73.9914715
node,10089881642,Manhattan,Madhufalla Organics,fast_food,juice,40.7209177,-73.9967853
node,10090538375,Manhattan,KFC,fast_food,chicken,40.7192028,-74.0012815
node,10090538378,Manhattan,Los Tacos Hermanos,fast_food,mexican,40.7213158,-74.0048984
node,10094951526,Manhattan,7th Street Burger,fast_food,burger,40.7295683,-74.0007048
node,10134134927,Manhattan,Bagel Works,fast_food,bagel,40.7643097,-73.9587823
node,10177409691,Manhattan,Chipotle,fast_food,mexican,40.8220128,-73.9533003
node,10182473198,Manhattan,Sugarcane Daddy,fast_food,juice;vietnamese,40.716749,-73.9996966
node,10195646156,Manhattan,Charm Thai Express,fast_food,thai,40.8138643,-73.9561495
node,10196098734,Manhattan,Maharaja Palace,fast_food,indian,40.8033615,-73.9563955
node,10215147033,Manhattan,Just Salad,fast_food,salad,40.7607496,-73.9788499
node,10224616954,Manhattan,Desi Stop,fast_food,indian,40.72653,-73.9894084
node,10224616958,Manhattan,8-Bit Bites,fast_food,burger;breakfast,40.7265742,-73.9893763
node,10224616959,Manhattan,Mimi Cheng's,fast_food,chinese,40.73075,-73.9863523
node,10227684169,Manhattan,Hey Tea,fast_food,bubble_tea,40.72835,-73.9876214
node,10270502709,Manhattan,Rowdy Rooster,fast_food,indian;chicken,40.7284048,-73.9849409
node,10270502712,Manhattan,Crispy Burger,fast_food,chicken;burger,40.7279514,-73.9852702
node,10270502713,Manhattan,Paquito's,fast_food,mexican,40.7280939,-73.985166
node,10270502714,Manhattan,Pink's Cantina,fast_food,mexican,40.7223163,-73.9918972
node,10270502721,Manhattan,Brooklyn Dumpling Shop,fast_food,dumpling,40.7275808,-73.9855439
node,10270699210,Manhattan,Little Kirin,fast_food,asian;sandwich,40.7278071,-73.985483
node,10270699215,Manhattan,Vegan Grill,fast_food,,40.7280168,-73.9866261
node,10270861223,Manhattan,Tom's Juice,fast_food,juice,40.7266459,-73.9902552
node,10270861225,Manhattan,Sushi by M,fast_food,sushi,40.7266625,-73.9902882
node,10270861227,Manhattan,Shifka,fast_food,middle_eastern,40.7254749,-73.9923686
node,10292380375,Manhattan,Super Taste,fast_food,chinese,40.7718529,-73.952818
node,10310014420,Manhattan,Mi Ranchito,fast_food,,40.772272,-73.9902228
node,10311585049,Manhattan,Subway,fast_food,sandwich,40.7671028,-73.9939735
node,10420459505,Manhattan,Skyline Deli,fast_food,sandwich,40.7638809,-73.9921303
node,10538211444,Manhattan,Pret A Manger,fast_food,sandwich,40.7627535,-73.9778633
node,10558408062,Manhattan,Be Juice,fast_food,juice,40.7345599,-73.9919937
node,10563226355,Manhattan,Eva's x Cinco de Mayo,fast_food,mexican,40.7625227,-73.9767093
node,10573838489,Manhattan,Chipotle,fast_food,mexican,40.7527144,-73.9833202
node,10584741961,Manhattan,Burger By Day,fast_food,burger,40.7184239,-73.9943311
node,10598256241,Manhattan,Texas Star,fast_food,breakfast;burger;sandwich,40.8255982,-73.9438453
node,10598256242,Manhattan,Branson Got Juice!,fast_food,juice,40.8255623,-73.9438716
node,10599113564,Manhattan,Sal's Pizza II,fast_food,pizza,40.7295566,-73.9787379
node,10689584425,Manhattan,Popeyes,fast_food,chicken,40.7351871,-73.9921001
node,10691764423,Manhattan,Niukee Shumai,fast_food,asian,40.7207342,-73.9970974
node,10691814605,Manhattan,,fast_food,,40.7646682,-73.9821103
node,10693951253,Manhattan,Beatnic,fast_food,burger,40.7577967,-73.979009
node,10705287016,Manhattan,Unregular Pizza,fast_food,pizza,40.7336168,-73.9896931
node,10709962653,Manhattan,Chipotle,fast_food,mexican,40.7335703,-73.9998283
node,10717839785,Manhattan,Classic Arepas,fast_food,venezuelan,40.733033,-73.9979481
node,10717860317,Manhattan,Andiamo Pizza,fast_food,pizza,40.7336357,-73.9993159
node,10742609217,Manhattan,Uptown Veg 2,fast_food,,40.8095139,-73.9445738
node,10746618757,Manhattan,T-Swirl Crepe,fast_food,crepe;japanese,40.7291779,-73.988717
node,10762002911,Manhattan,Sugar Hill Fish Place,fast_food,seafood,40.8236462,-73.9442446
node,10762002912,Manhattan,Kingston Bakery,fast_food,jamaican,40.8236254,-73.9441951
node,10767098336,Manhattan,Dunkin',fast_food,donut;coffee_shop,40.7785467,-73.9564694
node,10772109444,Manhattan,Brodo,fast_food,soup,40.7301204,-73.9832431
node,10777014286,Manhattan,Panera Bread,fast_food,sandwich;bakery,40.7791694,-73.9539697
node,10790204163,Manhattan,Tori Bien,fast_food,japanese,40.7295936,-73.9884493
node,10791218141,Manhattan,Krispy Kreme,fast_food,donut,40.7603024,-73.9849637
node,10793950969,Manhattan,Empanada Mama,fast_food,latin_american,40.7315527,-73.982652
node,10798127337,Manhattan,Subway,fast_food,sandwich,40.8152329,-73.9581647
node,10827603581,Manhattan,Broadway Deli,fast_food,breakfast;sandwich;buffet,40.7248002,-73.9971149
node,10838413854,Manhattan,Shah's Halal Food,fast_food,middle_eastern,40.7570742,-73.9938486
node,10844443810,Manhattan,Luzzo's La Pizza Napoletana,fast_food,pizza,40.7839055,-73.9525525
node,10879790520,Manhattan,Sticky's,fast_food,chicken,40.7588841,-73.9920679
node,10905360703,Manhattan,Central Market New York,fast_food,breakfast;sandwich,40.7012352,-74.0128989
node,10906413974,Manhattan,Chipotle,fast_food,mexican,40.7025162,-74.011655
node,10906413975,Manhattan,Inday,fast_food,indian,40.7024446,-74.0116353
node,10920449810,Manhattan,Little Italy Pizza,fast_food,pizza,40.7605905,-73.9675122
node,10923192180,Manhattan,Xi'an Famous Foods,fast_food,chinese;noodle,40.7337003,-73.9896792
node,10936887505,Manhattan,The Casbah,fast_food,,40.7737458,-73.981754
node,10960870136,Manhattan,McDonald's,fast_food,burger,40.7577347,-73.985331
node,10969018008,Manhattan,Burger King,fast_food,burger,40.8641174,-73.9261174
node,10969584343,Manhattan,Chopped Cheese,fast_food,,40.8074502,-73.9453853
node,10969605150,Manhattan,Dunkin',fast_food,donut;coffee_shop,40.8150983,-73.94047
node,10969651111,Manhattan,Sabba's Chicken,fast_food,,40.8222778,-73.9401791
node,10979262388,Manhattan,Yiwanmen,fast_food,chinese,40.7193224,-73.9962605
node,10979262391,Manhattan,El Gallo,fast_food,,40.7200019,-73.9959003
node,10982272153,Manhattan,LaVista Pizza,fast_food,pizza,40.7599128,-73.9650893
node,10982344506,Manhattan,Brooklyn Pizza Masters,fast_food,pizza,40.7586838,-73.9628892
node,10995386321,Manhattan,Shake Shack,fast_food,burger,40.7539427,-74.0010401
node,11045533967,Manhattan,Lin's Gourmet,fast_food,chinese,40.7598621,-73.9651301
node,11062619196,Manhattan,Firecracker Wings,fast_food,chicken,40.7616366,-73.9631472
node,11068933488,Manhattan,Sweetgreen,fast_food,salad,40.7578318,-73.971131
node,11074337182,Manhattan,Kung Fu Tea/TKK Fried Chicken,fast_food,chicken,40.7400014,-73.985502
node,11076817605,Manhattan,Baked by Luigi,fast_food,pizza,40.7384803,-73.9819085
node,11078947131,Manhattan,Subway,fast_food,sandwich,40.7409248,-73.9835261
node,11079239449,Manhattan,Zucker's Bagels and Smoked Fish,fast_food,bagel,40.7157871,-74.0095636
node,11083519274,Manhattan,Roma Pizza,fast_food,pizza,40.739396,-73.9913768
node,11084195576,Manhattan,Dunkin',fast_food,donut;coffee_shop,40.7089211,-74.0091934
node,11097819305,Manhattan,Grace Wok,fast_food,chinese,40.7890451,-73.9433713
node,11117676693,Manhattan,Tacos Times Square,fast_food,mexican,40.7418032,-73.9826528
node,11117676698,Manhattan,Burp Bowl,fast_food,chinese;noodle,40.7417848,-73.9826066
node,11117717117,Manhattan,Popeyes,fast_food,chicken,40.7408327,-73.9883149
node,11119828218,Manhattan,Apollo Bagels,fast_food,bagel,40.7094018,-74.0080666
node,11119864846,Manhattan,Carmen's Kitchen,fast_food,,40.7095339,-74.0082545
node,11157793273,Manhattan,Dunkin',fast_food,donut;coffee_shop,40.7938392,-73.9495701
node,11157794313,Manhattan,Popeyes,fast_food,chicken,40.7307546,-74.0019275
node,11159643910,Manhattan,Vietspot,fast_food,vietnamese,40.7105429,-74.0075445
node,11172253710,Manhattan,Liberty Bagels Wall Street,fast_food,bagel,40.7058688,-74.013024
node,11175620697,Manhattan,Burger Village,fast_food,burger,40.7137152,-74.0091331
node,11175655140,Manhattan,Hawa Smoothie,fast_food,juice,40.7120646,-74.0098164
node,11175738709,Manhattan,Sin City Burger,fast_food,,40.7711143,-73.9555888
node,11177336337,Manhattan,Gastro Market,fast_food,,40.7650265,-73.9823711
node,11185922286,Manhattan,Made in New York Pizza,fast_food,pizza,40.7790313,-73.9810872
node,11196493426,Manhattan,Serotonin Smoothies,fast_food,juice,40.71935,-73.988855
node,11196519129,Manhattan,BlueRoad,fast_food,burger;fries,40.7202825,-73.9881263
node,11196524404,Manhattan,Bel Fries,fast_food,belgian,40.72018,-73.9881813
node,11196526271,Manhattan,Rice to Riches,fast_food,dessert,40.7201236,-73.9881977
node,11203438475,Manhattan,Jupioca,fast_food,juice,40.7703691,-73.9514334
node,11203441739,Manhattan,Kossar's Bagels & Bialys,fast_food,bagel,40.7689604,-73.9524259
node,11223033929,Manhattan,Dunkin',fast_food,donut;coffee_shop,40.7098352,-74.0144325
node,11223117211,Manhattan,Dunkin',fast_food,donut;coffee_shop,40.7080036,-74.0138979
node,11236730518,Manhattan,Bagels & Co.,fast_food,bagel,40.7828691,-73.9782761
node,11241893998,Manhattan,Sarku Japan,fast_food,japanese,40.7145185,-74.00676
node,11241897898,Manhattan,The Hummus & Pita Co.,fast_food,greek,40.7145461,-74.0068199
node,11243946688,Manhattan,Spoto Pizza,fast_food,pizza,40.7484422,-73.9759099
node,11244208101,Manhattan,Juice Bar Plus,fast_food,juice,40.7520326,-73.973754
node,11244208102,Manhattan,Five Guys,fast_food,burger,40.75179,-73.9739285
node,11255243799,Manhattan,Taco Bell,fast_food,tex-mex,40.8042603,-73.9366585
node,11255886385,Manhattan,Chop & Go,fast_food,,40.7083434,-74.0065373
node,11255940476,Manhattan,Popeyes,fast_food,chicken,40.7097372,-74.0065444
node,11255953470,Manhattan,Poke Bowl,fast_food,,40.7101394,-74.0073449
node,11255961442,Manhattan,Zucker's Bagels & Smoked Fish,fast_food,bagel,40.7100946,-74.0072694
node,11261353690,Manhattan,A Taste of Seafood,fast_food,seafood,40.7934257,-73.943551
node,11281762405,Manhattan,Something Green,fast_food,,40.7423671,-73.9911107
node,11287350682,Manhattan,Tbites,fast_food,middle_eastern,40.7515181,-73.9705009
node,11293344179,Manhattan,Dunkin',fast_food,donut;coffee_shop,40.7761537,-73.9527237
node,11293344182,Manhattan,Taco Bell,fast_food,tex-mex,40.7610998,-73.968809
node,11331402046,Manhattan,Just Salad,fast_food,salad,40.7626917,-73.9781039
node,11342349919,Manhattan,Times Square Pizza,fast_food,,40.755217,-73.9892765
node,11364618886,Manhattan,Domino's,fast_food,pizza,40.7692621,-73.9547215
node,11372431807,Manhattan,Pret A Manger,fast_food,sandwich,40.7498527,-73.9919818
node,11399257333,Manhattan,Honeybrains,fast_food,,40.7649529,-73.9838673
node,11399303946,Manhattan,Junzi Kitchen,fast_food,chinese,40.8057904,-73.9651642
node,11399352951,Manhattan,Pret A Manger,fast_food,sandwich,40.7540817,-73.9886207
node,11399372272,Manhattan,McDonald's,fast_food,burger,40.750526,-73.990701
node,11401945048,Manhattan,Hula Poké,fast_food,poke,40.8034304,-73.9637775
node,11405963747,Manhattan,Dunkin',fast_food,donut;coffee_shop,40.7661721,-73.9559422
node,11411044569,Manhattan,Cool Fresh Juice Bar,fast_food,juice,40.7981027,-73.9696026
node,11413565317,Manhattan,PokeDoke,fast_food,poke,40.8004754,-73.9661976
node,11413866656,Manhattan,Domino's,fast_food,pizza,40.8013353,-73.9648235
node,11414268878,Manhattan,Dunkin',fast_food,donut;coffee_shop,40.8029162,-73.9672696
node,11415714614,Manhattan,3 Times,fast_food,chinese,40.8014845,-73.9651629
node,11457577943,Manhattan,Westside Coffee Shop,fast_food,,40.7200879,-74.0036564
node,11463577702,Manhattan,El Grillito,fast_food,mexican,40.7276552,-73.991416
node,11463577704,Manhattan,Sunday C&C Eatery,fast_food,eclectic,40.726619,-73.9919996
node,11465992310,Manhattan,El Taco,fast_food,mexican,40.7711613,-73.9564192
node,11479026785,Manhattan,Chopt,fast_food,salad,40.7813963,-73.9793556
node,11483937499,Manhattan,Dunkin',fast_food,donut;coffee_shop,40.8487412,-73.9339132
node,11490099917,Manhattan,Fat Boys Burgers,fast_food,burger,40.7669865,-73.9866276
node,11509599874,Manhattan,Wendy's,fast_food,burger,40.7950395,-73.9718672
node,11511674837,Manhattan,Champion Pizza Plus,fast_food,pizza,40.7194587,-73.9879077
node,11521280860,Manhattan,Sweetgreen,fast_food,salad,40.7914554,-73.9737671
node,11523643177,Manhattan,Scarr's Pizza,fast_food,,40.7157403,-73.9915692
node,11532552940,Manhattan,Panera Bread,fast_food,sandwich;bakery,40.7875103,-73.9775627
node,11532552942,Manhattan,Playa Bowls,fast_food,açaí,40.7874353,-73.9776306
node,11539067839,Manhattan,Chirping Chicken,fast_food,chicken,40.7990836,-73.9632107
node,11548252992,Manhattan,Salvatore's NY Pizza,fast_food,pizza,40.7988504,-73.9633931
node,11552829180,Manhattan,DC Villanueva,fast_food,mexican,40.7996839,-73.9622918
node,11552957035,Manhattan,Juice Press,fast_food,juice,40.7451966,-73.9772724
node,11558098810,Manhattan,White Castle,fast_food,burger,40.7542498,-73.9921773
node,11564047840,Manhattan,Miss Wonton,fast_food,chinese,40.7689896,-73.952403
node,11565456366,Manhattan,Döner Haus,fast_food,doner;turkish;german;middle_eastern;kebab,40.7324818,-73.9856687
node,11565458470,Manhattan,Jo's Taco,fast_food,mexican,40.7326934,-73.9861749
node,11565458471,Manhattan,Tina's Cuban Cuisine,fast_food,cuban,40.7325131,-73.9857436
node,11577704018,Manhattan,Pret A Manger,fast_food,sandwich,40.7106792,-74.0083082
node,11590260824,Manhattan,Halal Food New York,fast_food,kebab,40.7661872,-73.9543952
node,11591011685,Manhattan,Lamar's Bagel Express,fast_food,bagel,40.7127514,-73.9902314
node,11599566088,Manhattan,2788 Bagels,fast_food,bagel,40.8024986,-73.9674387
node,11616874335,Manhattan,Uptown Poké,fast_food,poke;hawaiian,40.7867303,-73.9759435
node,11624325044,Manhattan,Raising Cane's,fast_food,chicken,40.7297829,-73.9917766
node,11625377394,Manhattan,Bareburger,fast_food,burger,40.7844043,-73.9799172
node,11627501943,Manhattan,Saravanaa Bhavan,fast_food,indian;south_indian,40.7835886,-73.977765
node,11640089104,Manhattan,Naya,fast_food,,40.7934598,-73.9673521
node,11650669783,Manhattan,El Diablito,fast_food,mexican,40.72514,-73.9890755
node,11656101146,Manhattan,Just Salad,fast_food,salad,40.7666429,-73.9565497
node,11658333434,Manhattan,Burger King,fast_food,burger,40.7183003,-73.986582
node,11658333435,Manhattan,Dunkin' Donuts/Baskin Robbins,fast_food,donut;coffee_shop;ice_cream,40.7183802,-73.9868648
node,11671515584,Manhattan,KO Burger,fast_food,burger,40.7145,-73.9939599
node,11675219101,Manhattan,Carmen's Kitchen,fast_food,latin_american,40.7568938,-73.9807722
node,11679124966,Manhattan,Dig,fast_food,regional,40.7500854,-73.9751882
node,11690216252,Manhattan,Marinara,fast_food,pizza,40.7858131,-73.9761297
node,11701396014,Manhattan,Her Boba,fast_food,,40.7645824,-73.9913265
node,11704876921,Manhattan,Potbelly,fast_food,sandwich,40.7522662,-73.9743014
node,11704876923,Manhattan,Sweetgreen,fast_food,salad,40.752375,-73.9739586
node,11704876924,Manhattan,Chipotle,fast_food,mexican,40.7521579,-73.9740326
node,11715190678,Manhattan,Pressed Juicery,fast_food,juice,40.7661982,-73.9573772
node,11717251416,Manhattan,Pret A Manger,fast_food,sandwich,40.7599243,-73.9723236
node,11729264201,Manhattan,Go Noodle,fast_food,chinese,40.7592516,-73.9624477
node,11734459674,Manhattan,Chick-fil-A,fast_food,chicken,40.7422468,-73.9930428
node,11735228973,Manhattan,Popeyes,fast_food,chicken,40.7937065,-73.9721295
node,11748482156,Manhattan,Pizza Heights,fast_food,,40.8502512,-73.9344711
node,11748483455,Manhattan,Burger Heights,fast_food,,40.8501887,-73.9345225
node,11748612010,Manhattan,Popeyes,fast_food,chicken,40.8436686,-73.9381147
node,11748638092,Manhattan,Wingstop,fast_food,wings,40.8429756,-73.9394154
node,11748824591,Manhattan,Domino's,fast_food,pizza,40.8235568,-73.9380017
node,11748988895,Manhattan,Papa John's,fast_food,pizza,40.820797,-73.9363126
node,11750775763,Manhattan,Deli El Chapincito,fast_food,guatemalan,40.7442196,-73.9814876
node,11757144937,Manhattan,Crown Fried Chicken,fast_food,chicken,40.7982901,-73.9416781
node,11757144940,Manhattan,99¢ Mega Pizza,fast_food,pizza,40.7990018,-73.9411523
node,11761016107,Manhattan,Dos Toros Taqueria,fast_food,,40.7025642,-74.0131538
node,11761691198,Manhattan,Dunkin',fast_food,donut;coffee_shop,40.7264231,-73.9859405
node,11786013228,Manhattan,Pret A Manger,fast_food,sandwich,40.7300533,-73.9920475
node,11817062170,Manhattan,98K Fried Chicken and Sandwich,fast_food,burger,40.714778,-73.9929489
node,11833502509,Manhattan,Los Tacos No.1,fast_food,mexican,40.7515179,-73.9777675
node,11834595698,Manhattan,NYC Cafe & Juice Bar,fast_food,juice,40.7981864,-73.9340334
node,11842373513,Manhattan,Shake Shack,fast_food,burger,40.7397293,-74.0082119
node,11861000618,Manhattan,Handcraft Burgers & Brew,fast_food,,40.7537869,-73.9858642
node,11865426867,Manhattan,Chick-fil-A,fast_food,chicken,40.75116,-73.9930023
node,11865528780,Manhattan,,fast_food,pizza,40.7505034,-73.9930104
node,11865534871,Manhattan,Raising Cane's,fast_food,chicken,40.7508733,-73.9923032
node,11871220391,Manhattan,Hassy Juice Bar,fast_food,juice,40.7963198,-73.9354087
node,11872731412,Manhattan,Shake Shack,fast_food,burger,40.7547339,-73.9854024
node,11872859723,Manhattan,Sweetgreen,fast_food,salad,40.7545974,-73.9830893
node,11907628900,Manhattan,Electric Burrito,fast_food,mexican,40.7419197,-74.0014144
node,11910216062,Manhattan,Hamburger America,fast_food,american,40.7279642,-74.0024583
node,11910381815,Manhattan,Tokyo Taiyaki,fast_food,japanese;ice_cream,40.7294115,-73.9891702
node,11910768715,Manhattan,Chelsea Juice,fast_food,juice,40.738543,-74.00006
node,11919343061,Manhattan,Nan Xiang Express,fast_food,chinese,40.8025866,-73.9682034
node,11945783623,Manhattan,Kernel,fast_food,sandwich,40.7405842,-73.9858367
node,11949550422,Manhattan,Juice Generation,fast_food,juice,40.7882001,-73.976958
node,11955118212,Manhattan,Ebru Halal Food,fast_food,,40.80392,-73.9666973
node,11959781043,Manhattan,McDonald's,fast_food,burger,41.430546,-87.9937134
node,11963527190,Manhattan,Taco Bell,fast_food,tex-mex,40.8386507,-73.941176
node,11963599309,Manhattan,Subway,fast_food,sandwich,40.8428747,-73.9418371
node,11969362703,Manhattan,Pressed Juicery,fast_food,juice,40.7358385,-73.9928646
node,11969362709,Manhattan,Subway,fast_food,sandwich,40.7355578,-73.9921902
node,11971131951,Manhattan,Dunkin',fast_food,donut;coffee_shop,40.7013274,-74.0129094
node,11978018860,Manhattan,Billy’s Hot Dog Cart,fast_food,,40.7898723,-73.9662631
node,11983070069,Manhattan,Rony's Fresh Pizza,fast_food,pizza,40.748244,-73.9923982
node,11986335291,Manhattan,Juice Press,fast_food,juice,40.7720478,-73.9586765
node,11989224378,Manhattan,NY Dosas,fast_food,indian,40.7308778,-73.9988189
node,11991121578,Manhattan,Dunkin',fast_food,donut;coffee_shop,41.430843,-87.995558
node,12036720750,Manhattan,Root Juicery,fast_food,juice,40.8020929,-73.9573085
node,12036720756,Manhattan,Dunkin',fast_food,donut;coffee_shop,40.8029183,-73.9566863
node,12042390267,Manhattan,Playa Bowls,fast_food,açaí,40.7777651,-73.9792048
node,12043013017,Manhattan,Popup Bagels,fast_food,bagel,40.779961,-73.9771655
node,12047107430,Manhattan,Hooda Halal,fast_food,,40.808128,-73.9636344
node,12060241049,Manhattan,Popeyes,fast_food,chicken,40.7242596,-73.9879409
node,12065453677,Manhattan,Chick-fil-A,fast_food,chicken,40.773641,-73.9545554
node,12084823913,Manhattan,Patsy's Pizzeria,fast_food,pizza,40.7786667,-73.9773852
node,12094235323,Manhattan,The Ocky Blend,fast_food,juice,40.7902185,-73.9425059
node,12095137002,Manhattan,Pret A Manger,fast_food,sandwich,40.7656668,-73.9543644
node,12097219114,Manhattan,Pollo Campero,fast_food,chicken,40.7506563,-73.9869127
node,12162106178,Manhattan,7th Heaven Pizza,fast_food,pizza,40.8215475,-73.9394828
node,12162116557,Manhattan,City One,fast_food,chinese,40.8225708,-73.9418953
node,12174194089,Manhattan,Auntie Anne's,fast_food,pretzel,40.7949447,-73.9712488
node,12174223748,Manhattan,,fast_food,,40.808222,-73.9641205
node,12177578861,Manhattan,Loveley's Old Fashioned Hamburgers,fast_food,burger,40.7603992,-73.9909724
node,12189158950,Manhattan,Playa Bowls,fast_food,açaí,40.7464318,-73.9936906
node,12192271812,Manhattan,ThisBowl,fast_food,salad,40.7263159,-73.995058
node,12195829068,Manhattan,,fast_food,,40.7936076,-73.9727971
node,12200027413,Manhattan,La Pizza Italia,fast_food,pizza;italian;chicken,40.7607838,-73.9613398
node,12204681777,Manhattan,Broadway Grill,fast_food,,40.7889327,-73.9761921
node,12207560722,Manhattan,Liberty Bagel Deli and Grocery,fast_food,bagel,40.7624175,-73.9894514
node,12207824657,Manhattan,Jakarta Munch,fast_food,indonesian,40.7609535,-73.9823011
node,12209989224,Manhattan,McDonald's,fast_food,burger,40.8267303,-73.9506135
node,12232386092,Manhattan,Kabob Town,fast_food,middle_eastern,40.7174797,-73.9996271
node,12241732008,Manhattan,Rosa’s Pizza,fast_food,pizza,40.7464147,-73.9936422
node,12247152956,Manhattan,"Hello, Yam!",fast_food,japanese;sweet_potato,40.727499,-73.9829136
node,12277592536,Manhattan,Wingstop,fast_food,wings,40.8232571,-73.9522616
node,12286201163,Manhattan,McDonald's,fast_food,burger,40.8179503,-73.9413546
node,12313140240,Manhattan,Popeyes,fast_food,chicken,40.7303978,-73.9807498
node,12322526000,Manhattan,La Pizza Italia,fast_food,pizza,40.7294385,-73.9812589
node,12322538159,Manhattan,Crepe City,fast_food,,40.7293716,-73.9812999
node,12327505161,Manhattan,No Fork,fast_food,sandwich,40.7269261,-73.9830877
node,12327530510,Manhattan,$1.50 Fresh Pizza & Hot Dog,fast_food,pizza,40.7269826,-73.9830456
node,12327555834,Manhattan,Korean Street Foods,fast_food,korean,40.7274717,-73.9826938
node,12328414023,Manhattan,Playa Bowls,fast_food,açaí,40.7648258,-73.980772
node,12368245466,Manhattan,McDonald's,fast_food,burger,40.7265478,-73.9858376
node,12368274270,Manhattan,Pasta de Pasta,fast_food,italian,40.7297307,-73.9835233
node,12389249071,Manhattan,Creperie,fast_food,crepes,40.7203576,-73.9883392
node,12389252862,Manhattan,Oh K-Dog,fast_food,korean,40.7210944,-73.9879603
node,12389262001,Manhattan,Morochas Cafe,fast_food,arepa,40.7209244,-73.9880432
node,12408345140,Manhattan,Juice Press,fast_food,juice,40.7148745,-74.0109172
node,12414103707,Manhattan,Splash Juicery,fast_food,juice,40.8045591,-73.9550152
node,12431366914,Manhattan,INDAY,fast_food,indian,40.7523118,-73.9735472
node,12437458881,Manhattan,Asian Taste,fast_food,chinese,40.7228046,-73.9830226
node,12453458406,Manhattan,Umami Gallery,fast_food,japanese,40.7527681,-73.9734849
node,12459493482,Manhattan,Pizza Hut,fast_food,pizza,40.7910916,-73.9447786
node,12461975478,Manhattan,North Dumpling,fast_food,chinese,40.7140168,-73.9964455
node,12463360061,Manhattan,BentOn,fast_food,japanese,40.7527639,-73.9734709
node,12463360062,Manhattan,Gai Chicken & Rice,fast_food,thai,40.7527243,-73.9733742
node,12463399579,Manhattan,Subway,fast_food,sandwich,40.7559859,-73.9708711
node,12465931164,Manhattan,Lenwich,fast_food,sandwich,40.7548817,-73.9884733
node,12465949548,Manhattan,Lenwich,fast_food,sandwich,40.7638244,-73.9671922
node,12475058725,Manhattan,Min Sushi,fast_food,sushi;poke,40.7336518,-73.9886365
node,12480837793,Manhattan,Jumbo Bagel Cafe,fast_food,sandwich,40.7519433,-73.9738152
node,12485270401,Manhattan,Bo Hai Dumpling Town,fast_food,chinese;dumpling,40.7141626,-73.9873874
node,12485270422,Manhattan,Champion Pizza,fast_food,pizza,40.7140454,-73.9872559
node,12485270471,Manhattan,7 Elephants,fast_food,thai,40.7141956,-73.9870365
node,12485270472,Manhattan,Subway,fast_food,sandwich,40.7140743,-73.9870467
node,12488728937,Manhattan,Raising Cane's,fast_food,chicken,40.7573086,-73.9863445
node,12488728938,Manhattan,Taco Bell Cantina,fast_food,tex-mex,40.7571317,-73.9864521
node,12488728940,Manhattan,Popeyes,fast_food,chicken,40.7576687,-73.9853889
node,12488728941,Manhattan,Jollibee,fast_food,burger,40.7568823,-73.9857777
node,12492931375,Manhattan,Cloudy Donuts,fast_food,donut,40.7218637,-73.995478
node,12531179036,Manhattan,Taco Bell,fast_food,tex-mex,40.7379373,-73.996698
node,12542895723,Manhattan,Sammy's Halal,fast_food,chicken,40.7268492,-73.986104
node,12542895730,Manhattan,Juice Vitality,fast_food,health_food;juice,40.7297001,-73.9835434
node,12542895731,Manhattan,Iggy's,fast_food,pizza,40.7292437,-73.9843369
node,12542895735,Manhattan,Boong's Cafe,fast_food,asian,40.7305985,-73.9846616
node,12542895737,Manhattan,Kolachi,fast_food,pakistani,40.7273568,-73.9852536
node,12547817799,Manhattan,Hot Stuff Spicy Foods,fast_food,,40.7296194,-73.9994729
node,12569712669,Manhattan,taïm mediterranean kitchen,fast_food,mediterranean,40.7643726,-73.9796667
node,12629120436,Manhattan,Dunkin',fast_food,donut;coffee_shop,40.7532311,-73.9807352
node,12631340871,Manhattan,Cha Cha Macha,fast_food,,40.7532341,-73.9808212
node,12641308672,Manhattan,Emperor Dumpling,fast_food,asian;chinese,40.7516863,-73.9735332
node,12646644780,Manhattan,Omar's,fast_food,mediterranean,40.7562348,-73.9798227
node,12652605561,Manhattan,Kips Bay Gourmet Market Deli,fast_food,sandwich;coffee_shop;mexican;salad,40.7540148,-73.9693833
node,12657573701,Manhattan,Son del North,fast_food,mexican,40.7217779,-73.9884756
node,12684907461,Manhattan,Mrs Green Salad & Juice,fast_food,smoothie;juice;salad,40.7317068,-73.9838435
node,12696713244,Manhattan,BP Fresh,fast_food,juice,40.7147093,-74.0083384
node,12710075031,Manhattan,Culver's,fast_food,burger,39.1900373,-96.5488604
node,12729292980,Manhattan,Crown Fried Chicken,fast_food,chicken,40.7239761,-73.9760173
node,12729328284,Manhattan,G's Cheesesteaks,fast_food,,40.7216887,-73.9838271
node,12739328855,Manhattan,Brasa Peruvian Kitchen,fast_food,peruvian,40.7516108,-73.9735829
node,12745067972,Manhattan,Flavor Taste,fast_food,,40.7646747,-73.9804119
node,12745283297,Manhattan,375,fast_food,chicken,40.7399044,-74.0033163
node,12754730080,Manhattan,Just Salad,fast_food,salad,40.7540532,-73.9739766
node,12756515779,Manhattan,Bagels and Cream,fast_food,bagel,40.8000532,-73.9662268
node,12761328474,Manhattan,Thai Time,fast_food,thai,40.7385145,-73.9819899
node,12776648151,Manhattan,Dunkin',fast_food,donut;coffee_shop,40.7534586,-73.9693278
node,12801080917,Manhattan,Pizza Hut Express,fast_food,pizza,40.7946461,-73.9635127
node,12815622096,Manhattan,Chopt,fast_food,salad,40.7661578,-73.9545997
node,12815741304,Manhattan,Dos Torros,fast_food,mexican,40.766089,-73.9546504
node,12830391772,Manhattan,Pecking House,fast_food,chicken,40.7132144,-73.9934677
node,12854312940,Manhattan,Los Tacos No.1,fast_food,mexican,40.7547055,-74.0000563
node,12855775402,Manhattan,Son del North,fast_food,mexican,40.7301367,-74.0027007
node,12887750796,Manhattan,Pizza & Shakes,fast_food,pizza,40.7658782,-73.9804648
node,12887756701,Manhattan,Dunkin',fast_food,donut;coffee_shop,40.7669895,-73.9829138
node,12887756702,Manhattan,Just Salad,fast_food,salad,40.7671935,-73.98276
node,12887936049,Manhattan,Downtown Burritos,fast_food,mexican,40.7254197,-73.9871131
node,12909830713,Manhattan,Bao Bao Cafe,fast_food,chinese,40.7543796,-73.989174
node,12909830714,Manhattan,All'Antico Vinaio,fast_food,italian;sandwich,40.7433183,-73.9895306
node,12913282105,Manhattan,Sushi & Co,fast_food,sushi,40.751139,-73.986539
node,12915135054,Manhattan,Roma Pizza,fast_food,pizza,40.7512034,-73.9864912
node,12915135055,Manhattan,Oakberry Acai,fast_food,health_food;juice,40.7512648,-73.986448
node,12915135057,Manhattan,I'Milky,fast_food,bubble_tea;snack,40.7513786,-73.9863642
node,12917458451,Manhattan,Dishes,fast_food,,40.7549682,-73.9788444
node,12917458452,Manhattan,Wendy's,fast_food,burger,40.7555131,-73.9801041
node,12917521995,Manhattan,Dill & Parsley,fast_food,mediterranean,40.7568457,-73.9833773
node,12918215838,Manhattan,Marinara,fast_food,pizza,40.7423734,-73.9845095
node,12918215839,Manhattan,la cittá,fast_food,pizza;breakfast;sandwich,40.7345853,-73.9864705
node,12918215843,Manhattan,Taza Cafe & Deli,fast_food,,40.7417722,-73.9854425
node,12918215845,Manhattan,(Joju),fast_food,sandwich,40.7557148,-73.9785972
node,12918215848,Manhattan,Dunkin',fast_food,donut;coffee_shop,40.7555454,-73.9782943
node,12918215852,Manhattan,Pret A Manger,fast_food,sandwich,40.7432547,-73.9844118
node,12921924709,Manhattan,Uncle Vinny's Pizzeria,fast_food,pizza,40.7618193,-73.960137
node,12922047972,Manhattan,fresh&co,fast_food,,40.7558125,-73.9730704
node,12923101577,Manhattan,Dunkin',fast_food,donut;coffee_shop,40.7536607,-73.9742314
node,12924977453,Manhattan,All'Antico Vinaio,fast_food,,40.7125574,-74.0156644
node,12924977454,Manhattan,Springbone,fast_food,,40.7124918,-74.0156844
node,12924977456,Manhattan,Milu,fast_food,taiwanese,40.7123737,-74.0157281
node,12924977457,Manhattan,Naya,fast_food,mediterranean,40.7122562,-74.015768
node,12924977458,Manhattan,Tartinery,fast_food,sandwich,40.7122987,-74.0158878
node,12924977459,Manhattan,Blue Ribbon Sushi Bar,fast_food,sushi,40.7126359,-74.0157842
node,12924977460,Manhattan,Black Seed,fast_food,bagel,40.7125603,-74.0158536
node,12924977461,Manhattan,Chopt,fast_food,salad,40.7127159,-74.0157462
node,12924977462,Manhattan,Dos Dorros,fast_food,mexican,40.7127815,-74.0157062
node,12924977463,Manhattan,Daily Provision,fast_food,american,40.7127353,-74.0155703
node,12925573360,Manhattan,GWB Juice Bar,fast_food,juice,40.8489779,-73.9387392
node,12925573363,Manhattan,Dunkin',fast_food,donut;coffee_shop,40.8483172,-73.9379462
node,12947498608,Manhattan,Pastrami Queen,fast_food,sandwich,40.7516687,-73.9955845
node,12947498609,Manhattan,Alidoro,fast_food,sandwich,40.7516396,-73.9956086
node,12952369058,Manhattan,Greenberg’s Bagels,fast_food,bagel,40.7300099,-74.0030941
node,12956856877,Manhattan,,fast_food,kebab,40.7591775,-73.981126
node,12969671101,Manhattan,Birria Landia,fast_food,mexican,40.7241184,-73.9930127
node,12988501252,Manhattan,El Rancho Burritos,fast_food,mexican,40.7602977,-73.9908094
node,13030332110,Manhattan,Healthy Frenchy,fast_food,juice;smoothie,40.789909,-73.9484162
node,13036069555,Manhattan,Made in New York Pizza,fast_food,pizza,40.75342,-73.9891053
node,13060137002,Manhattan,Los Tacos No. 1,fast_food,mexican,40.7065614,-74.0117171
node,13063730288,Manhattan,May May Kitchen,fast_food,chinese,40.7154586,-73.9872286
node,13076293363,Manhattan,NYC Coffee Mocha,fast_food,breakfast;sandwich,40.7067656,-74.0085729
node,13084700285,Manhattan,Hong Kong,fast_food,chinese,40.7927081,-73.9457629
node,13087023017,Manhattan,Wing Gong,fast_food,chinese,40.7912792,-73.9390827
node,13087023018,Manhattan,Dragon Town,fast_food,chinese,40.7952407,-73.9422224
node,13089386425,Manhattan,Salt Hank's,fast_food,sandwich,40.7317339,-74.0034057
node,13133487854,Manhattan,Tex's Chicken & Burgers,fast_food,burger;chicken,40.8131954,-73.941872
node,13151596906,Manhattan,Chipotle,fast_food,mexican,40.7630699,-73.9853223
node,13165660101,Manhattan,Apollo Bagels,fast_food,,40.7366233,-74.0013191
node,13186112048,Manhattan,Döner Haus,fast_food,döner;german;turkish;sandwich;kebab;middle_eastern,40.7614363,-73.9906567
node,13243761326,Manhattan,Pret A Manger,fast_food,sandwich,40.7480254,-73.9930196
node,13248217771,Manhattan,Madras Dosa Co.,fast_food,indian,40.7561258,-73.9703103
node,13248217772,Manhattan,Naya,fast_food,middle_eastern,40.7560833,-73.9703412
node,13250232453,Manhattan,DÙNDÚ,fast_food,nigerian,40.7503526,-73.9760368
node,13250239876,Manhattan,Ongi,fast_food,korean,40.7501498,-73.9753413
node,13276407499,Manhattan,Casa 13urger,fast_food,burger,40.7199794,-73.9936963
node,13314150825,Manhattan,Golden Forest,fast_food,chinese,40.7166953,-73.9894448
node,13318613857,Manhattan,Chipotle,fast_food,mexican,39.1884161,-96.5582376
node,13322230433,Manhattan,Messy,fast_food,kebab;sandwich,40.7272354,-74.0016104
node,13323782501,Manhattan,Holy Burger,fast_food,,40.7588414,-73.9687772
node,13324405038,Manhattan,McDonald's,fast_food,burger,40.8159131,-73.9587349
node,13324560997,Manhattan,King's Kitchen,fast_food,chinese,40.7158774,-73.9982231
node,13326575775,Manhattan,Golden Woks,fast_food,chinese,40.7328484,-74.0082976
node,13328243767,Manhattan,Take Sushi & Bowl,fast_food,sushi,40.7615158,-73.9639119
node,13346761048,Manhattan,Dunkin',fast_food,donut;coffee_shop,40.7553207,-73.9895185
node,13346761049,Manhattan,MomenTea Kitchen,fast_food,asian;bubble_tea,40.7551548,-73.98857
node,13346761050,Manhattan,Popeyes,fast_food,chicken,40.7553437,-73.9895743
node,13346761051,Manhattan,Taco Bell,fast_food,tex-mex,40.7552666,-73.9893919
node,13346761052,Manhattan,Bagel To Sandwiches,fast_food,bagel;breakfast;sandwich,40.7552911,-73.9894492
node,13349055114,Manhattan,Chipotle,fast_food,mexican,40.8342667,-73.9450684
node,13357853589,Manhattan,Burger Mania,fast_food,burger,40.7526812,-73.9851902
node,13357893399,Manhattan,Burger Mania,fast_food,burger,40.7557328,-73.9904761
node,13359605121,Manhattan,Playa Bowls,fast_food,açaí,40.7718154,-73.9563927
node,13360795105,Manhattan,Shake Shack,fast_food,burger,40.7549317,-73.9852834
node,13370072999,Manhattan,Melba's American Comfort Food.,fast_food,,40.7526717,-73.9768806
node,13376679547,Manhattan,Kanoxxo Cafe & Deli,fast_food,sandwich;soup,40.7615914,-73.962545
node,13396111436,Manhattan,2 Bros. Pizza,fast_food,pizza,40.7632775,-73.9819215
node,13433045060,Manhattan,Sushi Nikkei,fast_food,sushi,40.7622023,-73.9625411
node,13462411686,Manhattan,Brown Bag Sandwich Shop,fast_food,sandwich,40.7290026,-73.9990495
node,13472190594,Manhattan,Dunkin',fast_food,donut;coffee_shop,40.7520522,-73.9888833
node,13503053012,Manhattan,Smashed,fast_food,burger,40.7322915,-73.9881357
node,13522439948,Manhattan,Best Pizza on 1st Avenue,fast_food,pizza,40.75794,-73.9629608
node,13625909897,Manhattan,Shake Shack,fast_food,burger,40.7681635,-73.9827123
node,13662363962,Manhattan,Wonder,fast_food,pizza;mexican;chinese;burger;thai;italian;american;mediterranean;korean;asian;indian;salad;chicken;greek;middle_eastern,40.7554467,-73.9713185
node,13672476681,Manhattan,Beef Patties Mhk,fast_food,burger,39.1744178,-96.5648196
node,13692078374,Manhattan,Pickler Sandwich Shop,fast_food,sandwich,40.7521716,-73.9720769
node,13695599913,Manhattan,Sophie's Cuban Cuisine,fast_food,,40.7162564,-74.0047537
node,13714066606,Manhattan,Dunkin',fast_food,donut;coffee_shop,40.7867703,-73.9419023
node,13728521372,Manhattan,Subway,fast_food,sandwich,40.7610851,-73.9508628
node,13730368358,Manhattan,,fast_food,,40.754091,-73.9821336
node,13730368359,Manhattan,,fast_food,,40.7541415,-73.9822508
node,13731188445,Manhattan,Dunkin',fast_food,donut;coffee_shop,40.7576543,-73.990345
node,13736507651,Manhattan,Whit's,fast_food,burger,40.7287446,-73.9883526
node,13740348059,Manhattan,Lobster Place Seafood hall,fast_food,,40.7427133,-74.0061532
node,13746145188,Manhattan,Chipilo,fast_food,,40.715187,-73.9995008
node,13753046846,Manhattan,Perros y Vainas - The Battery,fast_food,,40.7022338,-74.0132709
node,13761070679,Manhattan,Dunkin',fast_food,donut;coffee_shop,40.8504784,-73.9372737
node,13761070680,Manhattan,McDonald's,fast_food,burger,40.8501152,-73.9361114
node,13761505070,Manhattan,Taco Bell Cantina,fast_food,tex-mex,40.7443958,-73.9956965
node,13761505073,Manhattan,Chelsea Papaya,fast_food,,40.7442807,-73.9952664
node,13765412125,Manhattan,Auntie Anne's,fast_food,pretzel,40.8033386,-73.9669675
node,13767469452,Manhattan,EJ BBQ & Sushi,fast_food,,40.7451477,-73.9944068
node,13780830894,Manhattan,Subway,fast_food,sandwich,40.763329,-73.9818677
node,13781081398,Manhattan,Dunkin',fast_food,donut;coffee_shop,40.7495336,-73.9924051
node,13781081400,Manhattan,Decide to Ride,fast_food,,40.7496507,-73.9925302
node,13781153301,Manhattan,Auntie Anne's,fast_food,pretzel,40.7496733,-73.9925748
node,13781153306,Manhattan,Kripsy Kreme,fast_food,,40.7497236,-73.9926597
node,13781153308,Manhattan,,fast_food,,40.7497336,-73.9926955
node,13781153311,Manhattan,Penn Sushi,fast_food,,40.7497492,-73.9927629
node,13781153313,Manhattan,,fast_food,,40.7497675,-73.9928335
node,13781153315,Manhattan,chickpea,fast_food,,40.7497911,-73.9929048
node,13781153317,Manhattan,Dunkin',fast_food,donut;coffee_shop,40.7498223,-73.9929792
node,13811467920,Manhattan,Rooster Pizza,fast_food,fried_chicken;pizza,40.7636477,-73.9886075
node,13812640983,Manhattan,KFC,fast_food,chicken,40.8499096,-73.9357117
node,13812645847,Manhattan,Chipotle,fast_food,mexican,40.8495546,-73.9360833
node,13812670156,Manhattan,Little Caesars,fast_food,pizza,40.8463743,-73.935652
node,13812670405,Manhattan,Popeyes,fast_food,chicken,40.8491175,-73.9341396
node,13812678563,Manhattan,Taco Bell,fast_food,tex-mex,40.8471919,-73.9355635
node,13816377931,Manhattan,Inwood Bagels,fast_food,bagel,40.8688212,-73.9221512
node,13818599161,Manhattan,Olde City,fast_food,sandwich,40.7768364,-73.9826679
node,13822943937,Manhattan,Dunkin',fast_food,donut;coffee_shop,40.8510702,-73.9308919
node,13822955745,Manhattan,DisFruta,fast_food,juice,40.854578,-73.9301256
node,13822965424,Manhattan,Nelly’s Chicken & Pizza,fast_food,chicken,40.8419406,-73.9356509
node,13822966800,Manhattan,Dunkin',fast_food,donut;coffee_shop,40.8548651,-73.9299607
node,13822971851,Manhattan,Popeyes,fast_food,chicken,40.8560532,-73.9290712
node,13822984357,Manhattan,Mediterraneo Pizza,fast_food,pizza,40.8547642,-73.9300024
node,13822986244,Manhattan,Bon Bon Juice Bar & Grill,fast_food,juice,40.8492745,-73.9321382
node,13841150678,Manhattan,Subway,fast_food,sandwich,40.7011756,-74.0131969
node,13892840101,Manhattan,,fast_food,,40.711471,-74.0064302
way,32965685,Manhattan,Crown Cafe,fast_food,burger;pizza;sandwich,40.6899727,-74.0460561
way,59527941,Manhattan,Chipotle,fast_food,mexican,39.1850823,-96.576086
way,62217785,Manhattan,Panera Bread,fast_food,sandwich;bakery,39.1745024,-96.6045845
way,64624585,Manhattan,Smoothie King,fast_food,juice,39.1918666,-96.6089489
way,65579237,Manhattan,Beef-A-Roo,fast_food,american;burger,39.18996,-96.6130754
way,65579300,Manhattan,DQ Grill & Chill,fast_food,ice_cream;burger,39.1895571,-96.615773
way,65579303,Manhattan,Wendy's,fast_food,burger,39.1898574,-96.6134489
way,71079533,Manhattan,Arby's,fast_food,sandwich,39.1741865,-96.6057714
way,79884498,Manhattan,Goodcents Subs & Pasta,fast_food,sandwich,39.1856898,-96.5772588
way,81004270,Manhattan,Ana's Burger Shack,fast_food,burger,39.2054042,-96.5680715
way,104897686,Manhattan,Wingstop,fast_food,wings,39.1859601,-96.5745012
way,104897753,Manhattan,McDonald's,fast_food,burger,39.1903002,-96.6105792
way,104897923,Manhattan,Jimmy John's,fast_food,sandwich,39.1858977,-96.5755302
way,104897936,Manhattan,Taco Bell,fast_food,tex-mex,39.1925689,-96.6067336
way,104897953,Manhattan,Papa John's,fast_food,pizza,39.189846,-96.6054259
way,131638742,Manhattan,Varsity Donuts,fast_food,donut,39.1859941,-96.5761716
way,139639042,Manhattan,DQ Grill & Chill,fast_food,ice_cream;burger,39.1895312,-96.5602516
way,154246521,Manhattan,Sonic,fast_food,burger,39.1892748,-96.6063974
way,155236848,Manhattan,Taco Bell,fast_food,tex-mex,39.1899042,-96.5586252
way,155236849,Manhattan,Wendy's,fast_food,burger,39.1898206,-96.5590355
way,168353295,Manhattan,Hawaiian Bros Island Grill,fast_food,,39.1828895,-96.5534583
way,168658670,Manhattan,Freddy's,fast_food,ice_cream;burger,39.189966,-96.5553963
way,193956839,Manhattan,McDonald's,fast_food,burger,52.7575307,15.2700661
way,247862508,Manhattan,Joe's Pizza,fast_food,pizza,40.7332732,-73.9876565
way,248144152,Manhattan,McDonald's,fast_food,burger,40.7460385,-73.9909271
way,248156555,Manhattan,Leon's Bagels,fast_food,bagel,40.7276803,-74.0004627
way,248159931,Manhattan,So Good,fast_food,,40.7295149,-74.0013844
way,248773555,Manhattan,McDonald's,fast_food,burger,40.7370527,-73.990741
way,249847965,Manhattan,New Cameron Bakery,fast_food,pastry;coffee_shop;chinese,40.7179821,-74.0003232
way,264685189,Manhattan,Nuchas,fast_food,mexican,40.7484769,-73.988342
way,265038855,Manhattan,Num Pang,fast_food,cambodian;sandwich,40.7435157,-73.9893364
way,265038907,Manhattan,Shake Shack,fast_food,burger,40.741511,-73.9881733
way,265151149,Manhattan,Wendy's,fast_food,burger,40.7655716,-73.9833081
way,265151173,Manhattan,McDonald's,fast_food,burger,40.7658077,-73.9831257
way,265262005,Manhattan,McDonald's,fast_food,burger,40.74497,-73.9790819
way,265277004,Manhattan,McDonald's,fast_food,burger,40.7524799,-73.9928388
way,265301776,Manhattan,Salt & Pepper Restaurant,fast_food,pakistani;indian;american,40.7500787,-73.9899996
way,265345354,Manhattan,All'Antico Vinaio,fast_food,sandwich,40.7636816,-73.9700442
way,266068935,Manhattan,Imperial Garden Express,fast_food,chinese,39.1836095,-96.5591208
way,266069319,Manhattan,McDonald's,fast_food,burger,39.1871891,-96.5611543
way,266069321,Manhattan,KFC,fast_food,chicken,39.1880093,-96.5603839
way,266170809,Manhattan,The Red Flame,fast_food,diner,40.7561488,-73.9826856
way,266212062,Manhattan,Chick-fil-A,fast_food,chicken,40.7611704,-73.9685952
way,266236282,Manhattan,Smashburger,fast_food,burger,40.76431,-73.9669862
way,266921688,Manhattan,McDonald's,fast_food,burger,40.7846962,-73.9471254
way,266926747,Manhattan,Sweetgreen,fast_food,salad,40.7780282,-73.9549214
way,271212711,Manhattan,White Castle,fast_food,burger,40.7880437,-73.9417141
way,271219074,Manhattan,McDonald's,fast_food,burger,40.7900398,-73.9462174
way,271290745,Manhattan,Texas Chicken & Burgers,fast_food,burger;chicken,40.8041908,-73.9552951
way,271844957,Manhattan,KFC,fast_food,chicken,40.8209428,-73.9363828
way,276499335,Manhattan,Chick-fil-A,fast_food,chicken,40.8737838,-73.9090347
way,276503031,Manhattan,Dunkin',fast_food,donut;coffee_shop,40.8747268,-73.9100882
way,278053570,Manhattan,Cafe Exchange,fast_food,american,40.7067305,-74.0131134
way,278076392,Manhattan,Luchadores,fast_food,mexican,40.7058546,-74.0041588
way,292349537,Manhattan,Chick-fil-A,fast_food,chicken,39.1852241,-96.5579035
way,405900462,Manhattan,King Avenue Food Court,fast_food,,40.6883041,-74.0175031
way,556923790,Manhattan,Popeyes,fast_food,chicken,39.1864678,-96.5737801
way,561131043,Manhattan,Dunkin',fast_food,donut;coffee_shop,39.1899471,-96.55301
way,561131044,Manhattan,Burger King,fast_food,burger,39.1899354,-96.5545317
way,561131045,Manhattan,Arby's,fast_food,sandwich,39.1899869,-96.5539431
way,603499223,Manhattan,Domino's,fast_food,pizza,39.205274,-96.5678955
way,603812623,Manhattan,Subway,fast_food,sandwich,39.2047412,-96.5674548
way,606810539,Manhattan,Vista Drive In,fast_food,burger,39.2012318,-96.5655407
way,612852850,Manhattan,Jimmy John's,fast_food,sandwich,39.1898182,-96.6057942
way,619024137,Manhattan,Five Guys,fast_food,burger,39.1840643,-96.5576035
way,621358314,Manhattan,Papa Murphy's,fast_food,pizza,39.1925638,-96.6072191
way,651303522,Manhattan,Panda Express,fast_food,chinese,39.1898927,-96.5514488
way,651652780,Manhattan,Shake Shack,fast_food,burger,40.7789188,-73.9549595
way,652924422,Manhattan,Raising Cane's,fast_food,chicken,39.1832241,-96.5533288
way,793720071,Manhattan,Sweetgreen,fast_food,salad,40.7441899,-73.9728706
way,1039477323,Manhattan,Kennedy's Chicken & Sandwiches,fast_food,chicken,40.7902913,-73.9472174
way,1298035794,Manhattan,Sonic,fast_food,burger,39.1872824,-96.5597674
way,1325277893,Manhattan,Berlin Döner Kebap,fast_food,kebab,52.7616044,15.2786777
way,1363052206,Manhattan,Punjabi Kebab,fast_food,kebab,52.7600681,15.2605291
way,1388947329,Manhattan,Pizza Yard,fast_food,pizza,40.6891524,-74.0169382
way,1453090622,Manhattan,Popeyes,fast_food,chicken,52.7625444,15.2767194
node,380044344,Brooklyn,Pedro's,restaurant,mexican,40.7025302,-73.9865515
node,419359942,Brooklyn,Boutros,restaurant,middle_eastern;american;brunch,40.6901687,-73.9934852
node,419361808,Brooklyn,Mikado,restaurant,sushi,40.6902604,-73.9938187
node,524691386,Brooklyn,Mugs Ale House,restaurant,,40.7194991,-73.9557619
node,617740844,Brooklyn,Carmine's Pizzeria,restaurant,pizza,40.714968,-73.9443016
node,617740846,Brooklyn,El Loco Burrito,restaurant,mexican,40.7148102,-73.9445968
node,617740847,Brooklyn,Tony's Pizza,restaurant,pizza,40.7150542,-73.9446372
node,617741150,Brooklyn,East Met West,restaurant,chinese,40.714447,-73.9439212
node,617741196,Brooklyn,Sol Et Soleil,restaurant,,40.7143441,-73.9420637
node,629872702,Brooklyn,Sarah James,restaurant,,40.6932477,-73.9425684
node,662435489,Brooklyn,Aurora,restaurant,italian,40.7156935,-73.9647329
node,693891973,Brooklyn,The Good Fork,restaurant,korean;american,40.6759784,-74.0142976
node,732372474,Brooklyn,Vinegar Hill House,restaurant,american,40.7027578,-73.9812369
node,765800358,Brooklyn,Diner,restaurant,american,40.7106766,-73.9655977
node,813645468,Brooklyn,Graziella's,restaurant,italian;pizza,40.690471,-73.9694971
node,888955052,Brooklyn,Juliette Restaurant,restaurant,,40.7169692,-73.9591105
node,888963055,Brooklyn,miDmuS,restaurant,,40.717029,-73.95921
node,888968071,Brooklyn,Ako,restaurant,japanese,40.7169209,-73.9585388
node,981399335,Brooklyn,Momo Sushi,restaurant,japanese,40.7051487,-73.9333751
node,1160379352,Brooklyn,Osaka,restaurant,japanese,40.6848533,-73.9948629
node,1177268453,Brooklyn,Leland,restaurant,american,40.6797196,-73.9651937
node,1213707742,Brooklyn,Urban Rustic,restaurant,,40.719235,-73.9528162
node,1227678751,Brooklyn,The River Café,restaurant,new_american,40.7037562,-73.994822
node,1272678894,Brooklyn,Mezcal's,restaurant,mexican,40.6758313,-73.9807001
node,1272678896,Brooklyn,Shaking Crab,restaurant,seafood,40.6757312,-73.9810959
node,1347055580,Brooklyn,Tom's Restaurant,restaurant,brunch,40.6744702,-73.9633157
node,1491769944,Brooklyn,Miti Miti,restaurant,mexican,40.6786532,-73.979114
node,1658397652,Brooklyn,Tacolmos,restaurant,mexican,40.6719283,-73.9334624
node,1683225522,Brooklyn,Stone Park Cafe,restaurant,american;eclectic,40.6729771,-73.9833228
node,1696974007,Brooklyn,Saragina's,restaurant,italian,40.6836158,-73.9353429
node,1696974009,Brooklyn,Beso,restaurant,spanish,40.6829772,-73.9352383
node,1696985451,Brooklyn,Ma and Pop,restaurant,soul_food,40.6836156,-73.935041
node,1741221041,Brooklyn,Grimaldi's Pizzeria,restaurant,pizza,40.7025856,-73.993235
node,1767273829,Brooklyn,Inga's Bar,restaurant,american,40.6999588,-73.9937373
node,1767282112,Brooklyn,Jules,restaurant,pizza,40.6995169,-73.9921607
node,1827182547,Brooklyn,Neptune Diner II,restaurant,diner,40.6764339,-73.959241
node,1907729885,Brooklyn,Cariño,restaurant,mexican,40.712472,-73.9647679
node,1907729889,Brooklyn,Miss Favela,restaurant,brazilian,40.7121797,-73.9662152
node,1907729890,Brooklyn,South Port,restaurant,,40.7124975,-73.9642787
node,1927720909,Brooklyn,Cactus Mexican Restaurant,restaurant,mexican,40.7006444,-73.9438427
node,1932725314,Brooklyn,Barboncino,restaurant,pizza,40.6720806,-73.9572943
node,1975910743,Brooklyn,Molé,restaurant,mexican,40.7188464,-73.9635537
node,1979669271,Brooklyn,Dokébi,restaurant,,40.7142048,-73.9602838
node,1979669273,Brooklyn,Kabob Shack,restaurant,,40.7107181,-73.9582427
node,1999231233,Brooklyn,Limosneros,restaurant,mexican,40.7113992,-73.9510101
node,2011783803,Brooklyn,Lighthouse,restaurant,,40.7108493,-73.9537084
node,2015863190,Brooklyn,Layla Jones,restaurant,pizza;italian,40.6866581,-73.9939917
node,2017643713,Brooklyn,Vinnies Pizzeria,restaurant,pizza,40.7188705,-73.9567925
node,2101983249,Brooklyn,Ozu,restaurant,japanese,40.697427,-73.9932715
node,2101984777,Brooklyn,Clark's Restaurant,restaurant,american,40.6974068,-73.9931992
node,2109091749,Brooklyn,King Tide Cafe,restaurant,,-33.5466049,151.2280835
node,2139124594,Brooklyn,Luanne's,restaurant,asian,40.6896097,-73.9698285
node,2187906509,Brooklyn,Garden Carver,restaurant,,40.7143802,-73.9606917
node,2192603894,Brooklyn,Noods n' Chill,restaurant,thai,40.7119172,-73.9611898
node,2192615630,Brooklyn,Simple Cafe,restaurant,,40.7124197,-73.9627821
node,2192621389,Brooklyn,ROKA Modern Mediterranean,restaurant,mediterranean,40.711957,-73.9627446
node,2192629490,Brooklyn,Abracadabra,restaurant,turkish,40.7120324,-73.9627025
node,2207131883,Brooklyn,Namkeen,restaurant,pakistani;fried_chicken,40.7128479,-73.962479
node,2207265863,Brooklyn,Randolph Bar and Restaurant,restaurant,tapas,40.7119483,-73.9634982
node,2227457386,Brooklyn,Gen,restaurant,japanese,40.6776233,-73.9635646
node,2268953873,Brooklyn,Sereneco,restaurant,,40.7300079,-73.9577527
node,2268954347,Brooklyn,Me and Paul's,restaurant,pizza,40.7296588,-73.9584608
node,2274106842,Brooklyn,Olive Valley,restaurant,,40.7051843,-73.9333832
node,2274143303,Brooklyn,Shinobi Ramen,restaurant,,40.7056811,-73.9322419
node,2275470587,Brooklyn,Shanghai Lee,restaurant,chinese,40.7318079,-73.9580677
node,2275484420,Brooklyn,Calexico,restaurant,mexican,40.724188,-73.9511746
node,2276257858,Brooklyn,The Castello Plan,restaurant,,40.6403441,-73.9666854
node,2276324841,Brooklyn,Elder Greene,restaurant,american,40.7307172,-73.957596
node,2276325688,Brooklyn,Vamos al Tequila,restaurant,mexican,40.7307935,-73.9576081
node,2276340237,Brooklyn,Cozinha Latina,restaurant,brazilian,40.7298686,-73.9590216
node,2304436426,Brooklyn,Tripoli,restaurant,lebanese,40.6901272,-73.9946122
node,2321103071,Brooklyn,Felice,restaurant,italian,40.6951317,-73.9960575
node,2348727670,Brooklyn,Bareburger,restaurant,burger,40.6891983,-73.9924258
node,2357685321,Brooklyn,Marco Polo Ristorante,restaurant,italian,40.6822378,-73.9957916
node,2387013568,Brooklyn,Nabila's,restaurant,lebanese,40.6856049,-73.9945155
node,2387017165,Brooklyn,Awash Ethiopian Restaurant,restaurant,ethiopian,40.6857539,-73.9944417
node,2387017404,Brooklyn,Moo Burger,restaurant,burger,40.6858251,-73.9944064
node,2391817471,Brooklyn,Zona Rosa,restaurant,mexican,40.7139182,-73.9495566
node,2408448411,Brooklyn,Due Fratelli,restaurant,pizza,40.6925254,-73.9401814
node,2457196622,Brooklyn,Peaches HotHouse,restaurant,chicken,40.6833748,-73.9437807
node,2473718326,Brooklyn,Di Fara Pizza,restaurant,pizza,40.625047,-73.9614948
node,2483716076,Brooklyn,Peter Luger Steak House,restaurant,steak_house,40.7098661,-73.9625564
node,2488562093,Brooklyn,Pies-N-Thighs,restaurant,fried_chicken,40.7112166,-73.9613452
node,2491417530,Brooklyn,No Pork Halal Kitchen,restaurant,chinese,40.6832996,-73.9793255
node,2491417538,Brooklyn,Flamingo Baby,restaurant,southern;brunch,40.6791534,-73.9816085
node,2493964387,Brooklyn,Am Thai Bistro,restaurant,thai,40.6467824,-73.9701364
node,2493964633,Brooklyn,The Indian Tavern,restaurant,indian,40.6473998,-73.9685894
node,2494064615,Brooklyn,Osteria Brooklyn,restaurant,italian,40.6931856,-73.9671662
node,2494064857,Brooklyn,Myrtle Thai,restaurant,thai,40.6930747,-73.9680559
node,2494071312,Brooklyn,Joloff,restaurant,senegalese,40.6840885,-73.954221
node,2494071332,Brooklyn,Bombay Grill,restaurant,indian,40.6838787,-73.9541789
node,2494077024,Brooklyn,LaRina,restaurant,italian,40.6932918,-73.9704197
node,2494077206,Brooklyn,Dellarocco's Pizza,restaurant,pizza,40.6950568,-73.9960904
node,2494088663,Brooklyn,Breukelen Brasserie,restaurant,french,40.6744277,-73.9502153
node,2494138252,Brooklyn,Lea,restaurant,italian;pizza;bagel,40.6394347,-73.9680084
node,2494144969,Brooklyn,Mimi's Hummus,restaurant,middle_eastern,40.6403106,-73.9667565
node,2494152939,Brooklyn,Chama Mama,restaurant,georgian,40.6950134,-73.994581
node,2494172150,Brooklyn,Koto Sushi & Steak,restaurant,japanese;sushi,40.6822755,-74.00043
node,2494177543,Brooklyn,Recette,restaurant,french,40.7132253,-73.9563783
node,2494177862,Brooklyn,Emmy squared,restaurant,,40.7122344,-73.9556656
node,2494180682,Brooklyn,6 Restaurant,restaurant,american,40.6763558,-73.9986186
node,2494187891,Brooklyn,Katsuei,restaurant,japanese,40.6707561,-73.9785495
node,2494194596,Brooklyn,Mizu,restaurant,japanese,40.7133221,-73.9619067
node,2494226429,Brooklyn,Brooklyn Burgers & Beer,restaurant,burger,40.6744486,-73.9817243
node,2494243941,Brooklyn,Big Tiny,restaurant,french,40.6834375,-73.9928361
node,2494254644,Brooklyn,Gage & Tollner,restaurant,american;steak_house;seafood,40.691467,-73.987767
node,2494256149,Brooklyn,Evelina,restaurant,italian;brunch,40.6896593,-73.9710073
node,2494264419,Brooklyn,Ayat,restaurant,palestinian,40.6416436,-73.9630744
node,2494312651,Brooklyn,Henry's End,restaurant,american,40.6986971,-73.9925774
node,2494372721,Brooklyn,Café Mars,restaurant,italian,40.6778567,-73.9859235
node,2504092175,Brooklyn,Nimbooda,restaurant,indian,40.6782737,-73.9640382
node,2523619708,Brooklyn,Next Stop Vegan,restaurant,dominican,40.691228,-73.9906891
node,2523660980,Brooklyn,L&B Spumoni Gardens,restaurant,pizza,40.702251,-73.9932479
node,2523787351,Brooklyn,The Long Island Bar,restaurant,american,40.6906369,-73.9964304
node,2523787385,Brooklyn,Hibino,restaurant,japanese;sushi,40.6901587,-73.9963567
node,2524539476,Brooklyn,Barbalu,restaurant,pizza;italian,40.6867689,-73.9909074
node,2545075845,Brooklyn,J&D Pizza & Restaurant,restaurant,,40.6742912,-73.8787872
node,2545103648,Brooklyn,Capsec International Restaurant & Bakery,restaurant,caribbean,40.6740232,-73.8806304
node,2547733511,Brooklyn,El Continental,restaurant,salvadoran,40.6620793,-73.9928775
node,2547745181,Brooklyn,Jey Diner,restaurant,diner;italian;mexican,40.6611638,-73.9969799
node,2547755413,Brooklyn,El Mexicano,restaurant,mexican,40.660718,-73.9942788
node,2549874188,Brooklyn,Melany Restaurant,restaurant,latin_american,40.6534685,-73.959231
node,2549881980,Brooklyn,Bèl Nègès,restaurant,haitian,40.6508607,-73.9560125
node,2549882024,Brooklyn,IHOP,restaurant,breakfast,40.6503399,-73.957198
node,2549884936,Brooklyn,Noodle Pudding,restaurant,italian,40.6997697,-73.9920445
node,2549896907,Brooklyn,Saint Julivert Fisherie,restaurant,seafood;tapas,40.6878726,-73.9956517
node,2549915110,Brooklyn,Le Pistol,restaurant,new_american,40.6747581,-73.963351
node,2549918829,Brooklyn,Sailor,restaurant,,40.6893919,-73.9703166
node,2549918862,Brooklyn,Mango Bay,restaurant,caribbean,40.6893996,-73.9709433
node,2549972137,Brooklyn,Sal Tang's,restaurant,chinese,40.6853209,-74.0004883
node,2549978400,Brooklyn,Mex Carrol's Diner,restaurant,mexican;diner,40.6855153,-74.0026236
node,2549996761,Brooklyn,Bar Bête,restaurant,french,40.6829349,-73.9928447
node,2549996807,Brooklyn,Levant,restaurant,mediterranean;french,40.6842219,-73.9920209
node,2550005838,Brooklyn,IHOP,restaurant,pancake;diner,40.6890162,-73.9837875
node,2550011396,Brooklyn,Swoony's,restaurant,american,40.6847163,-74.0027028
node,2550029153,Brooklyn,al di la Trattoria,restaurant,italian,40.6752897,-73.9813928
node,2550054007,Brooklyn,The Boil Prime,restaurant,seafood,40.6802145,-73.9749066
node,2550054017,Brooklyn,Inkaico,restaurant,peruvian,40.6812255,-73.9760948
node,2550054020,Brooklyn,Charm,restaurant,american;caribbean,40.6818801,-73.9762538
node,2550054034,Brooklyn,Sky Ice,restaurant,thai;ice_cream,40.680712,-73.9773803
node,2550054043,Brooklyn,Phobar,restaurant,vietnamese,40.6800284,-73.9750136
node,2550057122,Brooklyn,Wild,restaurant,american;pizza;brunch,40.6782668,-73.9793591
node,2550059698,Brooklyn,Bandido,restaurant,mexican,40.681618,-73.9770909
node,2550059710,Brooklyn,Ishi,restaurant,sushi,40.6809947,-73.9775234
node,2550059711,Brooklyn,Pizza Secret,restaurant,pizza;italian,40.680792,-73.9776493
node,2550064306,Brooklyn,Burger Village,restaurant,burger,40.6884777,-73.9831474
node,2550064307,Brooklyn,Kuun,restaurant,korean,40.6884355,-73.9830383
node,2550074042,Brooklyn,Malvan,restaurant,indian;malvani,40.6750446,-73.9995871
node,2550074062,Brooklyn,Santo Brúklin,restaurant,brazilian,40.6750979,-73.9995616
node,2550085658,Brooklyn,Lundy Bros.,restaurant,seafood;american,40.6731585,-74.0122509
node,2550089904,Brooklyn,Hilltop Tavern,restaurant,american,40.6589999,-73.981732
node,2550097296,Brooklyn,Giuseppina’s,restaurant,pizza,40.6604016,-73.9905912
node,2550100318,Brooklyn,Panchita's Place,restaurant,mexican,40.6606226,-73.9939626
node,2550100321,Brooklyn,Pablito's,restaurant,mexican;diner,40.6602223,-73.994368
node,2550147586,Brooklyn,Footprints,restaurant,jamaican,40.6786637,-73.949825
node,2550147628,Brooklyn,Trini-Girl,restaurant,trinidadian,40.6770259,-73.9499727
node,2550150587,Brooklyn,/ND/GO,restaurant,,40.6811476,-73.9563962
node,2550153208,Brooklyn,Belli Osteria,restaurant,italian,40.6833048,-73.9666221
node,2550153209,Brooklyn,Wei's,restaurant,chinese,40.6831057,-73.9657053
node,2550565306,Brooklyn,Le Mistral,restaurant,french;mediterranean,40.6715692,-73.9845116
node,2550565312,Brooklyn,Authentic Szechuan,restaurant,chinese;japanese,40.6711481,-73.9848633
node,2550581361,Brooklyn,Macario,restaurant,mexican,40.6691315,-73.9894619
node,2550585190,Brooklyn,Crosta,restaurant,pizza,40.6663833,-73.9855132
node,2550589896,Brooklyn,Locanda Mariella,restaurant,italian,40.66622,-73.9856804
node,2550589959,Brooklyn,Piccoli Trattoria,restaurant,italian;brunch,40.6651889,-73.9865191
node,2550623603,Brooklyn,El Mexicano,restaurant,mexican,40.6356886,-73.9756262
node,2552509897,Brooklyn,Positanto,restaurant,italian,40.6124892,-74.0341814
node,2552509921,Brooklyn,Campania,restaurant,pizza;italian,40.6135714,-74.0332657
node,2552542739,Brooklyn,Apizza,restaurant,pizza,40.6155447,-74.0315771
node,2552542740,Brooklyn,The Coffee Club Diner,restaurant,diner,40.6155131,-74.0316022
node,2552587337,Brooklyn,Chadwick's,restaurant,american,40.6215421,-74.0320146
node,2552592654,Brooklyn,Oriental Palace,restaurant,chinese,40.5751548,-73.9969466
node,2552595826,Brooklyn,Cebu,restaurant,american;brunch,40.6218894,-74.0315305
node,2552595848,Brooklyn,Arirang Hibachi Steakhouse,restaurant,japanese,40.6211082,-74.0292547
node,2552604045,Brooklyn,Burmese Harp,restaurant,burmese,40.6232697,-74.0283677
node,2552604088,Brooklyn,Ay Kebab,restaurant,turkish,40.6227094,-74.0286001
node,2552613642,Brooklyn,King Souvlaki,restaurant,greek,40.6249407,-74.0306363
node,2552613665,Brooklyn,Laila,restaurant,,40.6236669,-74.0311429
node,2552613672,Brooklyn,The Corner,restaurant,american,40.6233179,-74.0312985
node,2552616289,Brooklyn,Puertas,restaurant,latin_american,40.6251572,-74.0305534
node,2552623754,Brooklyn,Luliano's,restaurant,italian,40.6284908,-74.0291713
node,2552691851,Brooklyn,Dave's Garden,restaurant,chinese,40.6320913,-74.0277077
node,2552691854,Brooklyn,Casa Puebla,restaurant,mexican,40.6320391,-74.0277289
node,2552693318,Brooklyn,Mint Bay,restaurant,indian,40.6312254,-74.0280498
node,2552693369,Brooklyn,Coszcal de Allende,restaurant,mexican,40.6312733,-74.02803
node,2552708700,Brooklyn,Spice Szechuan,restaurant,chinese;thai;seafood,40.6343422,-74.026792
node,2552708702,Brooklyn,Glow Thai,restaurant,thai,40.6339284,-74.026612
node,2552762223,Brooklyn,Footprints,restaurant,caribbean,40.5756371,-73.9832269
node,2552817413,Brooklyn,Campo Bello,restaurant,latin_american,40.6180713,-74.0293407
node,2552836843,Brooklyn,Karam,restaurant,lebanese,40.6228892,-74.0281046
node,2552852333,Brooklyn,Georgian House,restaurant,georgian,40.5766822,-73.9672419
node,2552858614,Brooklyn,Meet Wise Meat,restaurant,mediterranean,40.5765441,-73.9657069
node,2552880653,Brooklyn,Oceanview Cafe,restaurant,russian,40.5768425,-73.9642555
node,2552890615,Brooklyn,New Shaman Restaurant,restaurant,,40.5814437,-73.9617711
node,2552890772,Brooklyn,Geo Khinkali Bar,restaurant,georgian,40.5798728,-73.9599815
node,2552982078,Brooklyn,Mussels Brick Oven Pizza,restaurant,italian;seafood;pizza;pub,40.625582,-74.024058
node,2553000238,Brooklyn,Yenmenat,restaurant,middle_eastern;yemeni,40.627328,-74.0233474
node,2553232123,Brooklyn,V&S Pizza & Restaurant,restaurant,pizza,40.5835614,-73.9509882
node,2553235891,Brooklyn,Baku Palace,restaurant,,40.584209,-73.948343
node,2553235893,Brooklyn,Yiasou Estiatorio,restaurant,greek,40.5838628,-73.9481425
node,2553402397,Brooklyn,Masuta Japanese Fusion,restaurant,japanese;asian,40.5856255,-73.9518041
node,2555510871,Brooklyn,Crab Du Jour,restaurant,seafood;cajun,40.5862565,-73.97153
node,2555513536,Brooklyn,Asian King,restaurant,chinese;sushi,40.5876393,-73.9601745
node,2555614713,Brooklyn,LavashUzN1,restaurant,uzbek,40.5908352,-73.9687048
node,2555898782,Brooklyn,N & D Pizza,restaurant,pizza,40.5963039,-73.980514
node,2555989809,Brooklyn,Sedapsss Fusion Cuisine,restaurant,asian,40.600103,-73.9911137
node,2555989818,Brooklyn,Chikurin,restaurant,sushi;japanese,40.5994919,-73.990133
node,2556059182,Brooklyn,,restaurant,pizza;italian,40.6009798,-74.0006219
node,2557033990,Brooklyn,Aurora Pizza,restaurant,pizza,40.6138348,-73.9996175
node,2557064648,Brooklyn,Em Vietnamese Kitchen,restaurant,vietnamese,40.6083609,-74.0047845
node,2557077657,Brooklyn,Panino Rustico,restaurant,sandwich,40.6104646,-74.0030964
node,2557089152,Brooklyn,Koo Koo Chicken,restaurant,malaysian,40.6085609,-74.0051216
node,2557781569,Brooklyn,Laghman Express,restaurant,central_asian,40.6180844,-73.9840284
node,2557907366,Brooklyn,Silver Star,restaurant,chinese,40.6203521,-73.9887223
node,2561215331,Brooklyn,Yi Poh Kitchen,restaurant,chinese,40.628861,-74.0054953
node,2561221069,Brooklyn,AM-PM Cafe & Bar,restaurant,asian,40.6282179,-74.0065734
node,2561474392,Brooklyn,Mr Q BBQ,restaurant,chinese;barbecue,40.637576,-74.0071142
node,2561485139,Brooklyn,Tengu Sushi & Noodle,restaurant,japanese,40.6332662,-74.0055826
node,2561506922,Brooklyn,Great Taste Dumpling,restaurant,asian,40.6444746,-74.0000088
node,2561552343,Brooklyn,La Carreta,restaurant,latin_american,40.645757,-74.0127007
node,2561561549,Brooklyn,Chuan Tian Xia,restaurant,szechuan;seafood,40.6396384,-74.0090442
node,2561615157,Brooklyn,Little Thanh Da,restaurant,vietnamese,40.6374086,-74.0079335
node,2561631122,Brooklyn,Wu La Bu Huan,restaurant,chinese;asian,40.6362311,-74.0125811
node,2561631178,Brooklyn,WesternYunnan Crossing Bridge Noodle,restaurant,chinese;noodle,40.6373422,-74.0108511
node,2561631196,Brooklyn,Great Forest Food,restaurant,chinese,40.6353919,-74.0107533
node,2561646383,Brooklyn,Park Asia,restaurant,,40.6321028,-74.0128807
node,2561655239,Brooklyn,OD's Restaurant,restaurant,latin_american,40.6414054,-74.0175318
node,2561707917,Brooklyn,Usuluteco #3 Restaurant,restaurant,salvadoran,40.6449652,-74.0178587
node,2561747019,Brooklyn,Twist,restaurant,seafood,40.6522311,-74.0102897
node,2561767489,Brooklyn,Sabor de Columbia,restaurant,colombian,40.6471771,-74.0079515
node,2561792728,Brooklyn,Rico Pollo III,restaurant,latin_american,40.6473588,-74.0077667
node,2561887277,Brooklyn,Los Tres Potrillos,restaurant,mexican,40.652833,-74.0062564
node,2561887725,Brooklyn,Tacos El Bronco,restaurant,mexican,40.6500425,-74.0091831
node,2561887820,Brooklyn,La Familia,restaurant,latin_american;seafood,40.6548988,-74.0041176
node,2561887852,Brooklyn,Roundabout Restaurant,restaurant,guatemalan,40.6545566,-74.0044827
node,2561900270,Brooklyn,Ayat,restaurant,palestinian,40.6556786,-74.0069017
node,2561910098,Brooklyn,El Pollo Peruviano II,restaurant,peruvian;chicken,40.6501478,-74.0053082
node,2561922125,Brooklyn,Parlay,restaurant,american;asian;brunch;breakfast,40.6463292,-73.9984997
node,2561956456,Brooklyn,Shashlik House,restaurant,kebab,40.6378379,-73.9782802
node,2561983212,Brooklyn,Asia Harbor,restaurant,asian;japanese;thai;chinese,40.6439254,-73.9764227
node,2561983219,Brooklyn,Jaew Thai Cuisine,restaurant,thai,40.6441191,-73.9760122
node,2561983221,Brooklyn,Jaew Thai Cuisine,restaurant,thai,40.6441305,-73.9759828
node,2561990021,Brooklyn,Hamilton's,restaurant,,40.6487023,-73.9773066
node,2562001515,Brooklyn,Le Paddock,restaurant,french;pizza;brunch,40.6529198,-73.9759073
node,2562001534,Brooklyn,Cena,restaurant,mexican;brunch;coffee_shop,40.6516328,-73.9756623
node,2562015557,Brooklyn,La Parada,restaurant,latin_american;breakfast,40.6567765,-74.0015562
node,2562028351,Brooklyn,Sunset Park Diner,restaurant,diner,40.6512616,-74.0037145
node,2562039167,Brooklyn,Giovanni’s Brooklyn Eats,restaurant,italian,40.6601163,-73.9841532
node,2562039176,Brooklyn,Elora's,restaurant,mexican,40.6584293,-73.9823074
node,2562081329,Brooklyn,Joy Kitchen,restaurant,chinese,40.6615086,-73.9858733
node,2562118647,Brooklyn,Lore,restaurant,american;indian,40.6631297,-73.9845191
node,2562126671,Brooklyn,Luo's Burgers,restaurant,american;latin_american;chinese,40.6663224,-73.9923591
node,2562131733,Brooklyn,Table 87 Coal Oven Pizza,restaurant,pizza;italian,40.6706983,-73.9914759
node,2562140908,Brooklyn,Flora,restaurant,italian,40.6645751,-73.9799855
node,2562140910,Brooklyn,Ottava,restaurant,italian;pizza,40.663955,-73.9805265
node,2562277737,Brooklyn,Chez Moi,restaurant,french,40.6907472,-73.9955872
node,2562793164,Brooklyn,Noor Palace,restaurant,,40.5987374,-73.9614238
node,2562866490,Brooklyn,Anyway Cafe,restaurant,french;russian,40.5949524,-73.9545953
node,2562932530,Brooklyn,East Sushi Bistro,restaurant,sushi,40.5989642,-73.9526964
node,2562969391,Brooklyn,Aksaray,restaurant,turkish,40.6099739,-73.9576925
node,2562969471,Brooklyn,Memo Shish Kebab,restaurant,,40.6103381,-73.9548828
node,2563006985,Brooklyn,PJ's On The Bay,restaurant,caribbean;seafood,40.5989255,-73.9370375
node,2563014062,Brooklyn,Sushi Master,restaurant,sushi;japanese;poke,40.6000181,-73.9444397
node,2563025313,Brooklyn,IHOP,restaurant,breakfast;pancake,40.6006279,-73.9412385
node,2563144601,Brooklyn,Nagoya Sushi,restaurant,sushi,40.6104958,-73.9544319
node,2563439555,Brooklyn,Pablo's,restaurant,diner,40.6351001,-73.9629605
node,2563479418,Brooklyn,El Rancho Poblano,restaurant,mexican,40.6382316,-73.953616
node,2563607404,Brooklyn,Mint Heights,restaurant,indian,40.699624,-73.9921094
node,2563789654,Brooklyn,The Waffle Box,restaurant,smoothie;waffle;rotisserie_chicken;scrambled_eggs,40.6292382,-73.9441332
node,2564934011,Brooklyn,Bed-Stuy Fish Fry,restaurant,soul_food;pasta;seafood,40.6852542,-73.920741
node,2565029491,Brooklyn,Mi Cholita Bella,restaurant,mexican,40.6993818,-73.9239056
node,2565131160,Brooklyn,Beds Thai,restaurant,thai,40.6827469,-73.9536232
node,2565140913,Brooklyn,Bati Ethiopian Kitchen,restaurant,ethiopian,40.6820512,-73.9594715
node,2565225781,Brooklyn,Applebee's,restaurant,american,40.6314561,-73.9473377
node,2565391670,Brooklyn,Kiku,restaurant,asian;sushi,40.6775421,-73.9795355
node,2565438951,Brooklyn,La Villa Pizzeria,restaurant,pizza;italian,40.6169074,-73.9097971
node,2566373433,Brooklyn,Brooklyn Sidewalk Cafe,restaurant,,40.6434555,-73.9489429
node,2566580841,Brooklyn,Djon Djon,restaurant,haitian,40.657938,-73.9504885
node,2566613931,Brooklyn,Bleu Nuk,restaurant,caribbean,40.659499,-73.9506972
node,2566631731,Brooklyn,The Bobbed Bandit,restaurant,american,40.6620179,-73.9534911
node,2566640791,Brooklyn,Kulushkät,restaurant,mediterranean,40.6611917,-73.9605569
node,2566649130,Brooklyn,Novelli,restaurant,middle_eastern;italian,40.6629845,-73.951038
node,2566665104,Brooklyn,PiCH,restaurant,caribbean,40.6539224,-73.9597035
node,2566816674,Brooklyn,Wing Luck Restaurant,restaurant,chinese,40.6624023,-73.9084715
node,2567062166,Brooklyn,Patrick Steakhouse,restaurant,steak_house,40.6686344,-73.9532387
node,2567069043,Brooklyn,BKLYN eats,restaurant,diner,40.675462,-73.8985778
node,2567075038,Brooklyn,Biro-En Restaurant,restaurant,,40.6664497,-73.9564118
node,2567911521,Brooklyn,,restaurant,,40.6894981,-73.9361814
node,2567927692,Brooklyn,Angela's,restaurant,caribbean,40.6833902,-73.9500177
node,2567934388,Brooklyn,Little Grenjai,restaurant,thai,40.6866581,-73.947706
node,2567972910,Brooklyn,Cafe Rue Dix,restaurant,senegalese,40.6734983,-73.953866
node,2567981734,Brooklyn,Sally's,restaurant,caribbean;asian;brunch,40.6941473,-73.9458564
node,2568049509,Brooklyn,Meat,restaurant,,40.6757492,-73.9414479
node,2568049550,Brooklyn,Cas Restaurant,restaurant,caribbean,40.675202,-73.9414965
node,2568066216,Brooklyn,King of the Sea,restaurant,seafood,40.6869941,-73.9548035
node,2568110406,Brooklyn,Vini e Olii,restaurant,italian,40.6849134,-73.9629368
node,2568207235,Brooklyn,Waza Sushi & Ramen,restaurant,japanese,40.6935877,-73.9657342
node,2568207248,Brooklyn,Neno's,restaurant,mexican,40.6936565,-73.9651449
node,2568219107,Brooklyn,Spice & Grill,restaurant,indian;nepalese,40.6933333,-73.9680114
node,2568240165,Brooklyn,Taste Korea 232,restaurant,korean,40.6908535,-73.959618
node,2568243096,Brooklyn,Mike's Coffee Shop,restaurant,diner;breakfast,40.6896466,-73.9653342
node,2568252726,Brooklyn,Mekong BK,restaurant,vietnamese,40.6893431,-73.9688785
node,2568260649,Brooklyn,Country House Diner,restaurant,diner,40.6837716,-73.9676771
node,2568270469,Brooklyn,BOM with the Wind,restaurant,korean,40.6859799,-73.9732185
node,2568275821,Brooklyn,Third Falcon,restaurant,french,40.6930974,-73.9720014
node,2568281710,Brooklyn,Il Porto Pizza and Ristorante,restaurant,italian;pizza,40.6974174,-73.9675325
node,2568316720,Brooklyn,Botte,restaurant,,40.6944608,-73.9831431
node,2568323937,Brooklyn,African Pride Restaurant,restaurant,african,40.6772693,-73.9082233
node,2568353082,Brooklyn,Blue Cafe Restaurant,restaurant,regional;dominican;american,40.6799255,-73.9387255
node,2568518924,Brooklyn,Superfine,restaurant,american,40.7023397,-73.9874667
node,2568539452,Brooklyn,Front Street Pizza,restaurant,pizza,40.7024461,-73.9894328
node,2568554097,Brooklyn,Al Mar,restaurant,,40.7026053,-73.9891503
node,2568634932,Brooklyn,Mulata,restaurant,peruvian,40.7015154,-73.9194729
node,2568643693,Brooklyn,Hartbreakers,restaurant,sandwich,40.7017044,-73.9228095
node,2568669182,Brooklyn,L.A. Burrito,restaurant,mexican;burrito,40.7023518,-73.9283746
node,2568698362,Brooklyn,Provini,restaurant,italian,40.6633264,-73.9814448
node,2568710174,Brooklyn,Toyo Ramen Bar,restaurant,japanese;ramen,40.6661369,-73.9820222
node,2568724706,Brooklyn,Little Purity,restaurant,diner,40.6652547,-73.9831438
node,2568724754,Brooklyn,Bar Toto,restaurant,italian,40.6668505,-73.9847174
node,2568752274,Brooklyn,Purity Diner,restaurant,diner,40.66795,-73.9804983
node,2568783163,Brooklyn,Sotto Voce,restaurant,italian;brunch,40.6699174,-73.9788574
node,2568848943,Brooklyn,Ki Sushi,restaurant,sushi,40.6785586,-73.973699
node,2568884243,Brooklyn,Crown Heights Pasta,restaurant,pasta;italian;italian-american,40.6717255,-73.9580025
node,2568899230,Brooklyn,Chavela's,restaurant,mexican,40.6734323,-73.9571327
node,2568918176,Brooklyn,Prospect Thai,restaurant,thai,40.6756968,-73.9600205
node,2572981704,Brooklyn,Deniz,restaurant,turkish;brunch,40.6866318,-73.9756587
node,2572981756,Brooklyn,Endswell,restaurant,french;bistro,40.6861865,-73.9737746
node,2572981801,Brooklyn,Island Shack,restaurant,caribbean,40.6869069,-73.9753966
node,2573098397,Brooklyn,Morgan's Brooklyn Barbecue,restaurant,barbecue,40.6798791,-73.9741991
node,2573098408,Brooklyn,Alta Calidad,restaurant,mexican,40.6801088,-73.9681963
node,2573098463,Brooklyn,The Nuaa Table,restaurant,thai,40.6793508,-73.9684666
node,2573115154,Brooklyn,Jet's Pizza,restaurant,pizza,40.6787149,-73.9733548
node,2573115170,Brooklyn,Gertrude's,restaurant,american;jewish;seafood,40.6790513,-73.9716118
node,2592331341,Brooklyn,Frost Restaurant,restaurant,italian,40.7183487,-73.9431505
node,2605527963,Brooklyn,Brooklyn Crab,restaurant,seafood,40.6753603,-74.0165403
node,2633282810,Brooklyn,Danny's Pizzeria,restaurant,pizza;italian,40.7077942,-73.9397036
node,2664302423,Brooklyn,Rucola,restaurant,new_american,40.6856132,-73.9858591
node,2664396742,Brooklyn,Mexico Authentico,restaurant,mexican,40.6693981,-73.9829869
node,2665781276,Brooklyn,Petite Crevette,restaurant,french;seafood;burger,40.683741,-74.0018989
node,2676420982,Brooklyn,River Deli,restaurant,italian,40.6936542,-73.9984656
node,2691988699,Brooklyn,Brooklyn Noosh,restaurant,,40.6802517,-73.9612395
node,2701690248,Brooklyn,Sweet Chick,restaurant,southern;chicken,40.6775995,-73.9725192
node,2701913638,Brooklyn,Joy Indian Restaurant,restaurant,indian,40.6788263,-73.9734353
node,2701919632,Brooklyn,Let's Go! Ya Souvlakia,restaurant,greek,40.6789707,-73.9735396
node,2701919846,Brooklyn,Born,restaurant,thai,40.6790205,-73.9735756
node,2701922513,Brooklyn,Sumi,restaurant,japanese;sushi,40.6791665,-73.9736811
node,2705019563,Brooklyn,Fada,restaurant,french,40.7175442,-73.9560416
node,2705030227,Brooklyn,Mayfield,restaurant,american;brunch,40.6749105,-73.9565957
node,2706023205,Brooklyn,Island Seas Cafe,restaurant,caribbean,40.6733786,-73.9568359
node,2712066273,Brooklyn,Pies 'n' Thighs,restaurant,southern,40.6796635,-73.9745065
node,2712067241,Brooklyn,Koto Sushi,restaurant,sushi,40.67998,-73.974272
node,2713490430,Brooklyn,Puerto Viejo,restaurant,dominican,40.6788419,-73.9621553
node,2713495196,Brooklyn,Udom Thai,restaurant,thai,40.6773592,-73.9635088
node,2713495198,Brooklyn,Citrico,restaurant,mexican,40.6768494,-73.9634184
node,2725606562,Brooklyn,Lonnies,restaurant,american,40.6864151,-73.9852989
node,2771500487,Brooklyn,Kitchen at Cobble Hill,restaurant,american;brunch,40.6853397,-73.994628
node,2774078095,Brooklyn,Rua Thai,restaurant,thai,40.6847122,-73.9919806
node,2774078096,Brooklyn,Cafe Luluc,restaurant,brunch;american,40.6844742,-73.9921417
node,2782255491,Brooklyn,Motorino,restaurant,pizza,40.7104673,-73.9635085
node,2793692755,Brooklyn,Bombay Grill & Curry,restaurant,indian,40.7335812,-73.9549785
node,2808476708,Brooklyn,Pasta Louise Cafe,restaurant,italian;ice_cream;pasta;sandwich,40.6661931,-73.9786401
node,2827514099,Brooklyn,Wraptor,restaurant,diner,40.6797266,-74.0053946
node,2827518409,Brooklyn,Third Time's the Charm,restaurant,pizza,40.6791839,-74.0105393
node,2838336215,Brooklyn,Meadowsweet,restaurant,american,40.7103472,-73.9631701
node,2838336269,Brooklyn,Reben Luncheonette,restaurant,,40.7089856,-73.9590515
node,2838510034,Brooklyn,Win Son,restaurant,american;asian;taiwanese,40.7074472,-73.9433955
node,2838554711,Brooklyn,Bushwick Pita Palace,restaurant,,40.7075295,-73.9396531
node,2838575984,Brooklyn,Roberta's,restaurant,pizza,40.7050062,-73.9335894
node,2838596312,Brooklyn,Forever Thai,restaurant,thai,40.7039175,-73.931087
node,2838640410,Brooklyn,Musashi,restaurant,asian,40.7110567,-73.9514148
node,2838688673,Brooklyn,Los Tacos Mcondo,restaurant,mexican,40.7108455,-73.9509231
node,2838688680,Brooklyn,La Taqueria,restaurant,mexican,40.7110336,-73.9489993
node,2838697360,Brooklyn,Sandwich Shop,restaurant,sandwich,40.7112752,-73.9461178
node,2838700852,Brooklyn,Taqueria Bar N2,restaurant,mexican,40.7111558,-73.9440049
node,2838720763,Brooklyn,Haymaker's Corner Store,restaurant,,40.7126586,-73.9476185
node,2838720790,Brooklyn,Rose Marie,restaurant,american,40.7125141,-73.9489905
node,2838720793,Brooklyn,Mad For Chicken,restaurant,chicken,40.7114237,-73.9475078
node,2839628066,Brooklyn,Birds of a Feather,restaurant,chinese,40.7143133,-73.9605332
node,2839628069,Brooklyn,Samurai Mama,restaurant,japanese;ramen,40.7141481,-73.96014
node,2839699811,Brooklyn,Little Ruby's,restaurant,bistro;breakfast;lunch,40.7191551,-73.958603
node,2839699812,Brooklyn,Café Colette,restaurant,,40.71977,-73.9576296
node,2839699813,Brooklyn,Fat Goose,restaurant,,40.7201044,-73.9596332
node,2839699821,Brooklyn,Antica Pesa,restaurant,italian,40.718823,-73.9586438
node,2839699838,Brooklyn,Moonburger,restaurant,burger,40.7194662,-73.9561323
node,2839699845,Brooklyn,The Blue Blossom,restaurant,asian,40.7170115,-73.9591776
node,2839699869,Brooklyn,Sweet Chick,restaurant,southern,40.7183542,-73.9573197
node,2839699897,Brooklyn,Teddy's,restaurant,american,40.7193349,-73.9584205
node,2839715663,Brooklyn,D.O.C. Wine Bar,restaurant,italian,40.7196748,-73.96045
node,2839715666,Brooklyn,Rosarito Fish Shack,restaurant,seafood;american,40.7194963,-73.9606455
node,2840034864,Brooklyn,Archie's Pizza,restaurant,pizza,40.719117,-73.9454171
node,2840742311,Brooklyn,Destefano's Steakhouse,restaurant,steak_house,40.7146231,-73.9496019
node,2840742364,Brooklyn,Hummus Market,restaurant,mediterranean,40.7154162,-73.9447028
node,2842163298,Brooklyn,Taste of Heaven,restaurant,american,40.7171398,-73.9405413
node,2842175059,Brooklyn,Sal's Pizzeria,restaurant,pizza;italian,40.7131683,-73.9490971
node,2842175060,Brooklyn,Suzume,restaurant,japanese,40.7132118,-73.9493567
node,2842202191,Brooklyn,Lorimer Market,restaurant,deli,40.715583,-73.9495032
node,2842244614,Brooklyn,Bonnie's,restaurant,cantonese;chinese,40.7178242,-73.9465104
node,2842523508,Brooklyn,Lilia,restaurant,italian;coffee_shop,40.7176165,-73.9524013
node,2842613025,Brooklyn,"Ramen, Fried Rice and Noodles",restaurant,asian,40.7252852,-73.9514807
node,2842613053,Brooklyn,Manhattan Triple Decker Restaurant,restaurant,,40.7252458,-73.9517659
node,2842613054,Brooklyn,Nights and Weekends,restaurant,regional,40.7238537,-73.9510984
node,2842613055,Brooklyn,Bernie's,restaurant,american,40.7218799,-73.9505713
node,2842829028,Brooklyn,Gator,restaurant,american;brunch,40.7257771,-73.951074
node,2842829044,Brooklyn,Edy’s Grocer,restaurant,,40.7275194,-73.9510341
node,2842829077,Brooklyn,Lite Bites,restaurant,diner,40.7255996,-73.9517047
node,2842861227,Brooklyn,Yuu,restaurant,french;japanese,40.7233679,-73.9523393
node,2842861266,Brooklyn,Mabel's Smokehouse,restaurant,barbecue,40.7210681,-73.9567687
node,2847043640,Brooklyn,Glasserie,restaurant,,40.737712,-73.9561289
node,2869019697,Brooklyn,Mominette,restaurant,french,40.7032124,-73.9258662
node,2888069614,Brooklyn,Umi Sushi & Seafood Buffet,restaurant,japanese,40.5904288,-73.9395254
node,2924750934,Brooklyn,Transcotia,restaurant,regional,44.0583091,-64.6810309
node,2943984204,Brooklyn,Alenbi Kitchen,restaurant,mediterranean,40.6664097,-73.9506618
node,2980282247,Brooklyn,Brooklyn Pizza,restaurant,pizza,41.7838053,-71.9580401
node,2980291329,Brooklyn,Golden Lamb Buttery,restaurant,fine_dining,41.8125372,-71.9743426
node,2986477327,Brooklyn,Plaza Nueva,restaurant,mexican,41.4311399,-81.7347558
node,3064399844,Brooklyn,Govinda's Kadamba Kafe,restaurant,,40.6876209,-73.9821832
node,3144820988,Brooklyn,Cafe Tibet,restaurant,himalayan,40.6411873,-73.9640917
node,3151639217,Brooklyn,Walters,restaurant,american,40.6894824,-73.9732792
node,3151672194,Brooklyn,Sushi D,restaurant,sushi,40.6896685,-73.971351
node,3151672195,Brooklyn,Theodora,restaurant,mediterranean,40.6860012,-73.9730376
node,3153549391,Brooklyn,Corthaiyou,restaurant,thai,40.6404285,-73.9658063
node,3153552690,Brooklyn,Garlic & Olive,restaurant,italian;vietnamese,40.6404815,-73.9656682
node,3153553219,Brooklyn,San Remo Pizzeria,restaurant,,40.640803,-73.9649265
node,3153556210,Brooklyn,Kumo,restaurant,japanese;sushi,40.6407806,-73.9650002
node,3153560987,Brooklyn,Namaste Brooklyn,restaurant,himalayan,40.6399446,-73.9668868
node,3153565956,Brooklyn,George's Restaurant,restaurant,,40.6388772,-73.9684505
node,3153568664,Brooklyn,Bella's Pizzeria,restaurant,,40.6388609,-73.9688797
node,3153601915,Brooklyn,Grand Morelos,restaurant,mexican,40.7118038,-73.9436549
node,3154231932,Brooklyn,Ma Massa,restaurant,italian,40.6865517,-73.9746741
node,3154231933,Brooklyn,Brooklyn Thai-ger,restaurant,thai,40.6865972,-73.9747886
node,3154234527,Brooklyn,Sukh,restaurant,thai,40.6872259,-73.9763661
node,3154284867,Brooklyn,Fradei,restaurant,italian,40.6865628,-73.9743101
node,3154320985,Brooklyn,Hoek,restaurant,pizza;italian,40.6778732,-74.0169652
node,3154321756,Brooklyn,Fausto,restaurant,italian,40.6759728,-73.9718163
node,3154321758,Brooklyn,Kami,restaurant,japanese;thai,40.6761314,-73.9714493
node,3154322864,Brooklyn,El Gran Castillo de Jagua,restaurant,latin_american,40.6769861,-73.972072
node,3315132867,Brooklyn,Nora Bene,restaurant,italian;georgian;french,40.5767835,-73.9645313
node,3315132869,Brooklyn,Degirmen,restaurant,mediterranean;coffee_shop,40.5764447,-73.9660803
node,3315216995,Brooklyn,Skovorodka,restaurant,russian,40.5778792,-73.9609953
node,3356363293,Brooklyn,Sweet Green,restaurant,,40.7260096,-73.9521949
node,3516415657,Brooklyn,La Puerta Roja,restaurant,,40.6398121,-73.9671473
node,3575305297,Brooklyn,Patrizia's,restaurant,italian,40.7108771,-73.9674321
node,3634267071,Brooklyn,7 Old Fulton,restaurant,international,40.7029414,-73.9938932
node,3634271477,Brooklyn,Speedy Romeo,restaurant,pizza,40.6875033,-73.9598708
node,3671145141,Brooklyn,Olivier Bistro,restaurant,french;breakfast;brunch,40.6688126,-73.9897325
node,3677076425,Brooklyn,South Slope Restaurant & Bar,restaurant,diner,40.6678148,-73.9876435
node,3737535736,Brooklyn,Calexico,restaurant,mexican,40.6742831,-73.9822458
node,3737535737,Brooklyn,Bonnie's Grill,restaurant,american;breakfast,40.6743282,-73.982202
node,3737535738,Brooklyn,Andamiro,restaurant,korean,40.6743684,-73.9821829
node,3771296548,Brooklyn,Aloha Alley,restaurant,hawaiian,40.7027939,-73.9908031
node,3804416169,Brooklyn,Dolores,restaurant,,40.6838525,-73.9438589
node,3805305096,Brooklyn,Izakaya Tenzo,restaurant,japanese,40.6863711,-73.954677
node,3806007439,Brooklyn,Shiro,restaurant,sushi;japanese,40.7139261,-73.9499959
node,3807244711,Brooklyn,Sumner Cafe,restaurant,,40.6806646,-73.9374162
node,3808253690,Brooklyn,Baron's,restaurant,american,40.690974,-73.9538595
node,3808575527,Brooklyn,L'Antagoniste,restaurant,french,40.685021,-73.9296624
node,3808846155,Brooklyn,Garnacha Bite,restaurant,,40.6832763,-73.9382816
node,3808851732,Brooklyn,Hart's,restaurant,american,40.6814612,-73.9558777
node,3810642475,Brooklyn,Super Pollo,restaurant,latin_american;chicken,40.680154,-73.8929493
node,3822484907,Brooklyn,Qi Thai Grill,restaurant,thai,40.7186299,-73.9562472
node,3953944801,Brooklyn,Cotra,restaurant,japanese,40.6775422,-73.9872395
node,3957456403,Brooklyn,Slick Willy,restaurant,burger,40.7283287,-73.9492788
node,4015260295,Brooklyn,Kosan Asian Fusion,restaurant,asian,40.5864054,-73.9520516
node,4058593202,Brooklyn,Sushi Tatsu,restaurant,sushi;japanese;thai,40.6776584,-73.9552749
node,4077041307,Brooklyn,India House,restaurant,indian,40.6787455,-73.9498159
node,4080306997,Brooklyn,Ruby's Bar and Grill,restaurant,burger;sandwich;chicken;american;ice_cream;hot_dog,40.5732504,-73.9801333
node,4080312832,Brooklyn,Doña Zita,restaurant,mexican,40.5748963,-73.9804635
node,4092433427,Brooklyn,The Crabby Shack,restaurant,seafood,40.6772879,-73.9554258
node,4092436133,Brooklyn,Sisters,restaurant,american;brunch,40.6829726,-73.9650709
node,4092436389,Brooklyn,Pearl Indian Restaurant,restaurant,indian,40.67321,-73.9572049
node,4094809532,Brooklyn,Sushi Yashin,restaurant,sushi,40.6708443,-73.9847247
node,4096098991,Brooklyn,Fonda,restaurant,mexican,40.6635858,-73.9845425
node,4109867476,Brooklyn,Agra Taj Mahal,restaurant,indian,40.7333423,-73.9549468
node,4111933911,Brooklyn,Palo Santo,restaurant,latin_american,40.6768229,-73.9819324
node,4111933912,Brooklyn,Hunan Delight,restaurant,chinese,40.6753841,-73.9781785
node,4112572561,Brooklyn,One-eyed Taco Man,restaurant,tacos;al_pastor,40.7022745,-73.9199018
node,4121543701,Brooklyn,Al Dente,restaurant,italian,40.6710538,-73.9845359
node,4131550493,Brooklyn,Perizia kosher pizza,restaurant,,40.609745,-73.957691
node,4136514798,Brooklyn,Buffalo Wild Wings,restaurant,wings,40.6553384,-73.8681511
node,4136515315,Brooklyn,Pizza Studio,restaurant,,40.6532729,-73.8715523
node,4136515352,Brooklyn,Applebee's,restaurant,american,40.6539568,-73.8733441
node,4142851750,Brooklyn,Aldo's,restaurant,italian,41.4396911,-81.7435754
node,4156386812,Brooklyn,Sociale,restaurant,italian,40.6832165,-73.9956564
node,4159331192,Brooklyn,Radegast German Beer Garden,restaurant,german;bavarian,40.7167708,-73.9615252
node,4175143495,Brooklyn,Rustik Tavern,restaurant,american;brunch,40.6906911,-73.9582936
node,4175145191,Brooklyn,Surf Bar,restaurant,,40.7177263,-73.9587317
node,4176535246,Brooklyn,Aita Trattoria,restaurant,italian,40.67121,-73.9579262
node,4176535247,Brooklyn,Arden,restaurant,american,40.6716952,-73.9577516
node,4176542595,Brooklyn,Cent'Anni,restaurant,italian;brunch,40.6730876,-73.9572479
node,4181583423,Brooklyn,Lucy’s,restaurant,vietnamese,40.7188932,-73.9589758
node,4184426389,Brooklyn,El Kucho,restaurant,mexican,40.7007776,-73.9254602
node,4194059611,Brooklyn,Frankies 457 Spuntino,restaurant,italian,40.677395,-73.9981225
node,4194085284,Brooklyn,Boran,restaurant,thai,40.6782209,-73.9980487
node,4194101172,Brooklyn,Tera Mera,restaurant,indian,40.6848028,-73.9948874
node,4194106168,Brooklyn,Karazishi Botan,restaurant,japanese;pub;ramen,40.6831205,-73.9927654
node,4196018188,Brooklyn,Franks Wine Bar,restaurant,italian;brunch,40.6771797,-73.9982258
node,4196029141,Brooklyn,Lucali,restaurant,pizza,40.6818319,-74.0003712
node,4216238690,Brooklyn,Gran Torino,restaurant,,40.7183923,-73.9588733
node,4250507393,Brooklyn,Pasta Louise,restaurant,italian,40.6642108,-73.9807113
node,4252832789,Brooklyn,Ten,restaurant,japanese,40.6634477,-73.9846638
node,4252886827,Brooklyn,Mr. Wonton,restaurant,chinese,40.6751334,-73.9748331
node,4252890214,Brooklyn,Bombay Kebab,restaurant,indian,40.676063,-73.9745541
node,4252894691,Brooklyn,Danbo,restaurant,japanese;ramen,40.6761132,-73.9745244
node,4252963691,Brooklyn,Konoha Yakitori,restaurant,japanese,40.674705,-73.975717
node,4252969089,Brooklyn,Bangkok Degree,restaurant,thai,40.6747295,-73.9757805
node,4259440712,Brooklyn,Habanero Cafe Mexican,restaurant,mexican,40.7005904,-73.9440052
node,4297076490,Brooklyn,East Harbor Seafood Palace,restaurant,,40.6335107,-74.0143478
node,4305837196,Brooklyn,Mesa Azteca,restaurant,mexican,40.7050765,-73.9201938
node,4312727871,Brooklyn,Summers,restaurant,coffee_shop,40.7116327,-73.961939
node,4312755454,Brooklyn,Bia,restaurant,vietnamese,40.7119842,-73.9678497
node,4315270690,Brooklyn,Ro's Diner,restaurant,american,40.7084618,-73.9408912
node,4316449791,Brooklyn,Royal Rib House,restaurant,barbecue,40.6844162,-73.9295144
node,4316449793,Brooklyn,Humboldt & Jackson,restaurant,,40.7169346,-73.9429324
node,4316479293,Brooklyn,David's Brisket House,restaurant,sandwich,40.6791211,-73.9494906
node,4316479492,Brooklyn,Simon's BBQ,restaurant,chinese,40.6416755,-74.0029091
node,4316479689,Brooklyn,Joeper's Smokeshack,restaurant,barbecue,40.6192182,-73.9329172
node,4316479691,Brooklyn,Red Hook Lobster Pound,restaurant,seafood,40.6797691,-74.0102925
node,4316480089,Brooklyn,Little Mo,restaurant,asian,40.6970315,-73.9336968
node,4317379401,Brooklyn,Bunk Sandwiches,restaurant,sandwich,40.712665,-73.9607387
node,4317379402,Brooklyn,High Lúa,restaurant,vietnamese,40.7125576,-73.960413
node,4317415004,Brooklyn,Streets BK,restaurant,,40.7106951,-73.9660366
node,4320078395,Brooklyn,Cafe el Puente,restaurant,latin_american,40.7105003,-73.9588041
node,4326739868,Brooklyn,Island Express,restaurant,,40.6470052,-73.958413
node,4367683495,Brooklyn,Jenny #2 Restaurant,restaurant,,40.6719597,-73.9418137
node,4380187995,Brooklyn,El Cortez,restaurant,,40.7070137,-73.9330978
node,4380452052,Brooklyn,Luigi's Pizzeria,restaurant,pizza,40.5991211,-73.9549395
node,4382630248,Brooklyn,The Commodore,restaurant,chicken;american,40.7139513,-73.9558034
node,4412211802,Brooklyn,Unoriginal Noodles,restaurant,american,40.6606506,-73.9904306
node,4424297323,Brooklyn,Taqueria Sofia,restaurant,mexican;burrito;quesadilla;tacos,40.7002919,-73.9256805
node,4429106918,Brooklyn,Farina,restaurant,italian;pizza,40.6746386,-74.0007009
node,4455834692,Brooklyn,Kogane Ramen,restaurant,japanese;ramen,40.6985924,-73.9926277
node,4459827991,Brooklyn,Mendelsohns Pizza,restaurant,,40.6305973,-73.977854
node,4466534299,Brooklyn,Zaab Zaab,restaurant,thai,40.7139789,-73.96032
node,4466536113,Brooklyn,House of Small Wonder,restaurant,japanese,40.7189283,-73.960798
node,4475198381,Brooklyn,Cafe Spaghetti,restaurant,italian;sandwich;coffee_shop,40.6841115,-74.0024074
node,4485791290,Brooklyn,Botto's BBQ,restaurant,american;barbecue,45.5004181,-122.653983
node,4491393192,Brooklyn,"""diner""",restaurant,diner,40.6581609,-73.9312876
node,4491464941,Brooklyn,Party On,restaurant,pizza;beer,40.6999113,-73.9162149
node,4491464942,Brooklyn,La Gualacena,restaurant,ecuadorian,40.7020502,-73.915897
node,4509660391,Brooklyn,Hometown Bar-B-Que,restaurant,barbecue,40.6749263,-74.0161261
node,4526583885,Brooklyn,Miriam,restaurant,middle_eastern;brunch,40.6801621,-73.9777509
node,4559289816,Brooklyn,CAVA,restaurant,mediterranean,40.6924317,-73.9885461
node,4564264140,Brooklyn,Cafe Plus,restaurant,american,40.6889134,-73.9833505
node,4587467371,Brooklyn,Confidant,restaurant,,40.6908167,-73.9958384
node,4630895312,Brooklyn,,restaurant,,40.5928605,-73.9254797
node,4630895313,Brooklyn,,restaurant,,40.5928172,-73.9253809
node,4678607211,Brooklyn,Cafe Kestrel,restaurant,french,40.6787293,-74.0110792
node,4680011093,Brooklyn,Crown Garden,restaurant,asian,40.6728538,-73.9626391
node,4749896522,Brooklyn,Okonomi,restaurant,japanese;ramen,40.7125574,-73.9487358
node,4774165526,Brooklyn,95 South,restaurant,soul_food,40.6719049,-73.9576748
node,4774165527,Brooklyn,Ital Kitchen,restaurant,caribbean,40.6695896,-73.9579451
node,4774165528,Brooklyn,Sexy Queen,restaurant,jamaican;nigerian,40.6831772,-73.9537121
node,4774165530,Brooklyn,Cheryl's Global Soul,restaurant,soul_food;breakfast,40.6735803,-73.9674379
node,4790054821,Brooklyn,Karczma,restaurant,polish,40.7298901,-73.9551052
node,4803999022,Brooklyn,Chinese Musician,restaurant,chinese,40.7303643,-73.9537452
node,4810807413,Brooklyn,Fragole Ristorante,restaurant,italian,40.6808485,-73.9968035
node,4838600621,Brooklyn,Fabio's Pizzeria & Restaurant,restaurant,,40.7223005,-73.9412454
node,4843811822,Brooklyn,Stolovaya,restaurant,russian,40.5983011,-73.9625624
node,4848257934,Brooklyn,Sunday in Brooklyn,restaurant,,40.7141954,-73.9653382
node,4848257935,Brooklyn,Sea Thai Restaurant,restaurant,asian,40.718121,-73.95991
node,4848257937,Brooklyn,Shelter,restaurant,pizza,40.7195708,-73.9607486
node,4848258123,Brooklyn,12 Chairs Cafe,restaurant,,40.7144619,-73.9652269
node,4848258526,Brooklyn,Tabare,restaurant,,40.7130087,-73.9590127
node,4866584521,Brooklyn,Nargis Cafe,restaurant,uzbek;russian,40.5861961,-73.9552187
node,4866589921,Brooklyn,Shaurma Factory,restaurant,georgian,40.5765048,-73.9651639
node,4870096824,Brooklyn,Kashkar Cafe,restaurant,uyghur,40.5777565,-73.9554906
node,4870096921,Brooklyn,Sunny House,restaurant,georgian,40.5840139,-73.9508708
node,4871640124,Brooklyn,Bacchus,restaurant,french,40.6869246,-73.9843598
node,4878970825,Brooklyn,,restaurant,,40.5773,-73.9621202
node,4881982922,Brooklyn,Sottocasa,restaurant,pizza;italian,40.6883616,-73.9889497
node,4881982923,Brooklyn,French Louie,restaurant,french,40.6880591,-73.9881726
node,4884529013,Brooklyn,Scottadito,restaurant,italian,40.674727,-73.9764984
node,4900542421,Brooklyn,Mexico 2000,restaurant,,40.7075441,-73.9549967
node,4924478623,Brooklyn,Bagel Joint,restaurant,kebab,40.7290263,-73.9502931
node,4924671521,Brooklyn,Barano,restaurant,italian,40.7105754,-73.9679413
node,4931671121,Brooklyn,Orange Grill,restaurant,,40.5913032,-73.9919557
node,4961172027,Brooklyn,Springbone,restaurant,,40.7142331,-73.9613388
node,5018994210,Brooklyn,Mandarin House,restaurant,,40.61269,-73.9262938
node,5018995434,Brooklyn,E Sushi,restaurant,,40.6180815,-73.9324093
node,5023063821,Brooklyn,Ignazio's,restaurant,pizza,40.7032229,-73.9938516
node,5023063921,Brooklyn,Burger Village,restaurant,burger,40.6703951,-73.9788529
node,5026597723,Brooklyn,Hundred Acres,restaurant,mediterranean,40.6793219,-73.9207997
node,5035203421,Brooklyn,Gargiulo's,restaurant,italian,40.5764063,-73.9823799
node,5054908622,Brooklyn,Lima Wok & Bowl,restaurant,peruvian;chinese,40.7331904,-73.9519263
node,5057349221,Brooklyn,Sapporo Ichiban,restaurant,japanese,40.7236421,-73.9505661
node,5057358322,Brooklyn,Taqueria La Norteña,restaurant,mexican,40.7247372,-73.951192
node,5062423324,Brooklyn,Bombay Masala,restaurant,indian,40.6332972,-74.0268732
node,5065021422,Brooklyn,Otway,restaurant,american;brunch;coffee_shop,40.6827012,-73.963804
node,5065187821,Brooklyn,Retro Polish Restaurant and Wine Bar,restaurant,polish,40.729096,-73.9539689
node,5069071415,Brooklyn,,restaurant,,7.0076689,-9.4792113
node,5087340721,Brooklyn,Forma,restaurant,italian,40.7237585,-73.9515147
node,5087340722,Brooklyn,Wasabi,restaurant,japanese,40.724099,-73.9508426
node,5123299921,Brooklyn,Frankel's Delicatessen and Appetizing,restaurant,bagel;sandwich;deli,40.7239127,-73.9510094
node,5155660121,Brooklyn,Tina's Place,restaurant,american;wrap;pancake;sandwich,40.7036407,-73.9311723
node,5159131321,Brooklyn,DH Noodles,restaurant,chinese,40.6052077,-73.9974272
node,5163799863,Brooklyn,Bombay Kitchen,restaurant,indian,40.6939802,-73.9096427
node,5163874203,Brooklyn,Cucina Traditional Pizza House,restaurant,pizza,40.6933294,-73.9290619
node,5163877005,Brooklyn,Laziza Cafe,restaurant,,40.6926786,-73.9211655
node,5163881289,Brooklyn,Arepera Guacuco,restaurant,venezuelan;arepa,40.7046454,-73.924545
node,5163881891,Brooklyn,Nuevo Caribe Restaurant,restaurant,,40.6978363,-73.9250215
node,5163882225,Brooklyn,OMG Pizza,restaurant,pizza;appetizer;salad;burger,40.698167,-73.9255588
node,5165264872,Brooklyn,Caterina Pizza,restaurant,pizza,40.6806593,-73.8827677
node,5169555923,Brooklyn,Casanova,restaurant,pizza;italian,40.734101,-73.9520666
node,5178655527,Brooklyn,Llama Inn,restaurant,peruvian;international,40.716681,-73.9504137
node,5180910055,Brooklyn,Kyuramen,restaurant,ramen,40.6779261,-73.9792648
node,5184885239,Brooklyn,Geido,restaurant,japanese;sushi,40.6778844,-73.9727365
node,5191768762,Brooklyn,Oita,restaurant,japanese;korean,40.674917,-73.9762679
node,5201880222,Brooklyn,Atlantis Diner,restaurant,,40.643217,-73.9141166
node,5201884744,Brooklyn,Bar Ferdinando,restaurant,italian,40.6841787,-74.0018591
node,5202658097,Brooklyn,7th Avenue Donuts & Diner,restaurant,diner;donut,40.6672425,-73.9814979
node,5203975713,Brooklyn,Fil's,restaurant,seafood,40.5841762,-73.9357646
node,5206183427,Brooklyn,Dino,restaurant,italian,40.6894,-73.9704766
node,5206200737,Brooklyn,Native Brooklyn,restaurant,nigerian,40.6937269,-73.9644988
node,5209121687,Brooklyn,BKLN Diner,restaurant,,40.6193879,-73.9174784
node,5209148262,Brooklyn,Benvenuti,restaurant,pizza,40.6176989,-73.9317428
node,5209205752,Brooklyn,Bay Bagels,restaurant,sandwich;deli;coffee,40.6150155,-73.9804639
node,5209288222,Brooklyn,Chinese Food,restaurant,,40.673022,-73.8711691
node,5209289478,Brooklyn,Foodies Restaurant,restaurant,caribbean,40.6743565,-73.8708472
node,5209289787,Brooklyn,Jamaican Jerk House,restaurant,,40.67315,-73.8701897
node,5209292726,Brooklyn,Roti on the Run,restaurant,west_indian,40.6816144,-73.8789582
node,5209292893,Brooklyn,Puerto Plata,restaurant,,40.6816632,-73.8797522
node,5209293941,Brooklyn,Mr. Fulton Bar & Grill,restaurant,,40.6822013,-73.8776963
node,5209298020,Brooklyn,East Garden,restaurant,chinese;thai,40.6191857,-73.9333879
node,5209299421,Brooklyn,Oasis,restaurant,,40.6179431,-73.9319909
node,5210977570,Brooklyn,Brooklyn D.O.P. Pizza,restaurant,pizza,40.6752646,-73.9810796
node,5212687621,Brooklyn,The Lights Of Baku,restaurant,middle_eastern,40.5948601,-73.9818023
node,5214911560,Brooklyn,Hungry Thirsty,restaurant,thai,40.6779479,-73.9960941
node,5215082711,Brooklyn,YoYo Fritaville,restaurant,,40.6429151,-73.9489156
node,5218846618,Brooklyn,Sake Sushi,restaurant,japanese,40.6000345,-73.9903166
node,5218862265,Brooklyn,New Pho Tay Ho,restaurant,vietnamese,40.5999674,-73.9902056
node,5218863802,Brooklyn,Duck Wong Restaurant,restaurant,chinese,40.6001276,-73.9904707
node,5218866076,Brooklyn,Rangoon Spoon,restaurant,burmese,40.5996809,-73.9897312
node,5220904072,Brooklyn,Daddy Greens,restaurant,pizza,40.6796859,-73.938832
node,5221020076,Brooklyn,Soldier Restaurant,restaurant,jamaican,40.6799265,-73.9430377
node,5221020078,Brooklyn,Agosto Thai,restaurant,thai,40.6799036,-73.9428226
node,5221020086,Brooklyn,Applebee's,restaurant,american,40.6800664,-73.9465683
node,5221368199,Brooklyn,Glou,restaurant,pizza,40.6628084,-73.9539368
node,5221387332,Brooklyn,Wasabi Sushi,restaurant,,40.599578,-73.9895609
node,5227303229,Brooklyn,Europa Restaurant,restaurant,pizza;italian,40.6165631,-73.9855896
node,5229544562,Brooklyn,Redang Island,restaurant,malaysian,40.6403733,-74.0046873
node,5229544586,Brooklyn,Gia Lam,restaurant,vietnamese,40.6420592,-74.002941
node,5229546195,Brooklyn,Progreso,restaurant,honduran,40.6362414,-74.0005216
node,5246547360,Brooklyn,Jai Dee,restaurant,thai,40.6641096,-73.9841094
node,5247616840,Brooklyn,Applebee's,restaurant,american,41.4245805,-81.7353602
node,5252298673,Brooklyn,Pizza Hut,restaurant,pizza,41.4312055,-81.734156
node,5260289622,Brooklyn,Nacho Macho Taco,restaurant,mexican,40.6764842,-73.96269
node,5260308621,Brooklyn,Muse,restaurant,thai,40.6766242,-73.9633781
node,5299354218,Brooklyn,The Meat Corner,restaurant,chinese,40.6366369,-74.0117444
node,5299845833,Brooklyn,New Ocean Palace,restaurant,chinese;sushi,41.7986505,-71.9056385
node,5315316621,Brooklyn,Bevacco,restaurant,italian;pizza;eclectic;brunch,40.699335,-73.9922564
node,5317288668,Brooklyn,Siempre,restaurant,mexican,40.6780873,-73.9854316
node,5320691263,Brooklyn,Aji Sushi,restaurant,japanese;sushi;thai,40.6765722,-73.9801832
node,5320691267,Brooklyn,Namaste,restaurant,indian,40.6767383,-73.9800713
node,5333315837,Brooklyn,Numero 28 Pizza,restaurant,pizza;pastry;coffee_shop,40.6728282,-73.9764219
node,5336031827,Brooklyn,Kiosko 787,restaurant,puerto_rican,40.6768987,-73.9861171
node,5347874321,Brooklyn,983 Bushwick's Living Room,restaurant,american;breakfast,40.7030314,-73.9333829
node,5353167832,Brooklyn,Xochitl Taqueria,restaurant,mexican,40.6824361,-73.961304
node,5365181005,Brooklyn,Apapachó,restaurant,mexican,40.6767891,-73.9800371
node,5373756804,Brooklyn,Rana Fifteen,restaurant,turkish,40.6775093,-73.9826979
node,5384781206,Brooklyn,Lucy's Vietnamese Kitchen,restaurant,vietnamese,40.6997224,-73.9159521
node,5397287133,Brooklyn,Brooklyn Ball Factory,restaurant,,40.7071949,-73.9458677
node,5412871172,Brooklyn,Golden Thai,restaurant,thai,40.6955747,-73.9080513
node,5413062984,Brooklyn,La Caleta,restaurant,ecuadorian,40.6990752,-73.9128412
node,5420299324,Brooklyn,New Apollo,restaurant,chinese;spanish,40.6991138,-73.9166538
node,5420303352,Brooklyn,La Vara,restaurant,spanish;basque,40.6877918,-73.9956984
node,5430590323,Brooklyn,Sally Roots,restaurant,caribbean;barbecue,40.7027281,-73.9163976
node,5446680722,Brooklyn,Bogota,restaurant,latin_american,40.6782016,-73.9790801
node,5449422131,Brooklyn,66S Fusion,restaurant,sushi;ramen,40.6977465,-73.9715076
node,5449764621,Brooklyn,Pyza,restaurant,polish,40.7243013,-73.9488166
node,5455223692,Brooklyn,Raices Argentinas,restaurant,argentinian;steak_house,40.6620497,-73.9924927
node,5455609330,Brooklyn,Agra Heights,restaurant,indian,40.6980672,-73.9214323
node,5461549113,Brooklyn,Colonia Verde,restaurant,,40.6896446,-73.9707139
node,5463210843,Brooklyn,Laojie Hot Pot,restaurant,chinese,40.6393011,-74.0049723
node,5465480118,Brooklyn,Los Marineros,restaurant,mexican,40.7033817,-73.9179925
node,5471034822,Brooklyn,Alex Luncheonette,restaurant,dominican;chicken,40.6948491,-73.9111256
node,5472917477,Brooklyn,Curry Leaf Indian Cuisine,restaurant,indian,40.7034022,-73.9120294
node,5472929440,Brooklyn,Lucha Lucha,restaurant,mexican;burrito,40.7022568,-73.9197812
node,5472952097,Brooklyn,Milk & Pull,restaurant,coffee_shop;donut;sandwich,40.7020994,-73.9194804
node,5476093789,Brooklyn,El Viejo Yayo 2,restaurant,latin_american,40.6691202,-73.985797
node,5483786324,Brooklyn,Pita Pi,restaurant,middle_eastern;pizza,40.7098124,-73.9510894
node,5487146973,Brooklyn,The Meat Hook,restaurant,burger;american;brunch,40.6797279,-73.9822068
node,5494867632,Brooklyn,Luya,restaurant,sushi,40.6759383,-73.9806212
node,5497696423,Brooklyn,Forcella,restaurant,italian,40.7114995,-73.9490739
node,5500008571,Brooklyn,Columbia in Park Slope,restaurant,colombian,40.6712714,-73.9847604
node,5500090028,Brooklyn,Sushi Lin,restaurant,sushi,40.6777604,-73.9726501
node,5504114321,Brooklyn,Vaqueros,restaurant,mexican,40.6994506,-73.9137484
node,5506774607,Brooklyn,Terre,restaurant,italian,40.6719617,-73.9837809
node,5506774608,Brooklyn,Chela,restaurant,mexican,40.6702776,-73.9855774
node,5506774614,Brooklyn,Emmy Squared Pizza,restaurant,pizza;burger,40.6728767,-73.9830155
node,5511936876,Brooklyn,jPAN Sushi,restaurant,japanese;sushi,40.6736554,-73.982364
node,5517079870,Brooklyn,Szechuan Delight,restaurant,chinese,40.6725356,-73.9770742
node,5517243775,Brooklyn,The Bushwick Diner,restaurant,american;coffee;burger;bagel;sandwich;pastry,40.700512,-73.9126039
node,5536589904,Brooklyn,Grand Canyon,restaurant,diner;mexican,40.6713859,-73.9776443
node,5537012524,Brooklyn,Sakura,restaurant,japanese,40.6019383,-73.934477
node,5537012525,Brooklyn,Falafalafa,restaurant,israeli,40.6020706,-73.9347707
node,5541431668,Brooklyn,Be Pasta,restaurant,italian,40.6719556,-73.977831
node,5541527930,Brooklyn,Espuma Viannely Deli & Grocery,restaurant,mexican,40.7004765,-73.9130992
node,5541527963,Brooklyn,Mi Sueno,restaurant,mexican,40.7008138,-73.9131054
node,5541534557,Brooklyn,Place Fried Chicken,restaurant,chicken;pizza;american;burger,40.7007776,-73.913023
node,5544159820,Brooklyn,Cubana Cafe,restaurant,cuban,40.6826091,-73.99339
node,5544159821,Brooklyn,Thaism,restaurant,thai,40.6824616,-73.9934914
node,5549150573,Brooklyn,Wasan,restaurant,japanese,40.6812487,-73.9767036
node,5549150577,Brooklyn,Tong Dee,restaurant,thai,40.67738,-73.9799667
node,5549150585,Brooklyn,Sawa,restaurant,lebanese,40.6804355,-73.9775764
node,5549150589,Brooklyn,Bricolage,restaurant,vietnamese,40.6778967,-73.9796265
node,5550498111,Brooklyn,D' Montazo,restaurant,spanish;coffee;burger;chicken;sandwich,40.7012212,-73.9144979
node,5550983600,Brooklyn,Cholula Deli Corporation,restaurant,mexican,40.7010358,-73.9140703
node,5555271889,Brooklyn,Momo Ramen,restaurant,japanese,40.6806241,-73.9777628
node,5557724695,Brooklyn,Union Cafe & Restaurant,restaurant,diner,40.6781724,-73.9853637
node,5560613492,Brooklyn,Grandchamps,restaurant,haitian,40.684711,-73.9262778
node,5562952069,Brooklyn,Istanbul Mediterranean Gyro 2,restaurant,,40.6804218,-73.9778995
node,5562952077,Brooklyn,BK9,restaurant,caribbean,40.6811967,-73.9773859
node,5565464517,Brooklyn,Claro,restaurant,mexican,40.6774174,-73.9862272
node,5567722091,Brooklyn,Lee's Restaurant,restaurant,noodle;chinese;tea,40.6993556,-73.9117639
node,5567725628,Brooklyn,El Salvador,restaurant,salvadoran,40.6993461,-73.9118597
node,5567728349,Brooklyn,La Fogata,restaurant,mexican,40.6996383,-73.9123029
node,5569400736,Brooklyn,Taqueria Acatlan,restaurant,mexican;coffee,40.6989949,-73.9145861
node,5569409533,Brooklyn,Empire Slice Pizza,restaurant,pizza,40.6990241,-73.9146459
node,5569441157,Brooklyn,La Mesita,restaurant,mexican;burrito;tacos;coffee,40.6992727,-73.9151273
node,5571390301,Brooklyn,Bushwick Burger,restaurant,burger,40.6960351,-73.9096051
node,5574466294,Brooklyn,Peppinos,restaurant,pizza,40.6298391,-74.0286236
node,5574466297,Brooklyn,Zona Sur,restaurant,mexican;international,40.6502062,-74.0090038
node,5580549290,Brooklyn,Akaru Sushi,restaurant,sushi;tea,40.7025314,-73.9161329
node,5580549887,Brooklyn,Taqueria Cocoyoc,restaurant,mexican,40.7023535,-73.9158319
node,5581609455,Brooklyn,Tenzan,restaurant,japanese,40.6152342,-73.993913
node,5581609456,Brooklyn,Tony Pepperoni Pizzeria,restaurant,pizza,40.6133502,-73.9962431
node,5585626075,Brooklyn,CUPER,restaurant,,40.704309,-73.9873475
node,5589310921,Brooklyn,Panca BK,restaurant,mediterranean;peruvian,40.6797119,-73.9679061
node,5593246274,Brooklyn,Pho Table,restaurant,vietnamese,40.6171943,-73.9923576
node,5594575502,Brooklyn,Bahia,restaurant,salvadoran;coffee,40.7113887,-73.9449741
node,5594587546,Brooklyn,Los Primos,restaurant,dominican,40.7114248,-73.9445268
node,5594595555,Brooklyn,Ammazzacaffè,restaurant,italian;coffee,40.7114031,-73.9446152
node,5594942411,Brooklyn,Mama's Noodle House,restaurant,chinese,40.6169149,-73.9928583
node,5595546826,Brooklyn,Sunset Diner,restaurant,diner,40.7217163,-73.9420866
node,5596262150,Brooklyn,Mama Taco,restaurant,mexican,40.7018238,-73.9367711
node,5600186598,Brooklyn,Tamá,restaurant,filipino,40.6918651,-73.9366794
node,5600702493,Brooklyn,La Villa,restaurant,pizza;italian,40.6743832,-73.9817699
node,5600963727,Brooklyn,Simply Greek,restaurant,greek,40.6754626,-73.9812765
node,5600963731,Brooklyn,Natto,restaurant,japanese,40.6737439,-73.9826984
node,5625446393,Brooklyn,Sea Wolf,restaurant,seafood,40.7067737,-73.9228508
node,5625533849,Brooklyn,Desi Grill,restaurant,indian,40.7057323,-73.9217649
node,5625774805,Brooklyn,Mazi,restaurant,greek,40.6798344,-73.9751417
node,5625774810,Brooklyn,BK Hand Pulled Noodles,restaurant,chinese,40.680309,-73.974974
node,5627237353,Brooklyn,Sal's Pizzeria,restaurant,pizza,40.7044944,-73.9192531
node,5627689561,Brooklyn,Miatzil,restaurant,mexican,40.6736077,-73.982405
node,5627689562,Brooklyn,Pangat,restaurant,indian,40.6711809,-73.9844222
node,5627689565,Brooklyn,Masalawala & Sons,restaurant,indian,40.6712802,-73.9843443
node,5627689567,Brooklyn,Prem,restaurant,thai,40.6734692,-73.9825256
node,5627868448,Brooklyn,Crown Chicken & Grill,restaurant,fried_food;fried_chicken,40.7042127,-73.9188024
node,5627875406,Brooklyn,Gyro,restaurant,greek,40.7037765,-73.9179885
node,5627882539,Brooklyn,Inca Chicken,restaurant,chicken,40.7034857,-73.9182324
node,5629116021,Brooklyn,Kalina Bar & Grill,restaurant,caribbean,40.6872723,-73.9185073
node,5629122644,Brooklyn,Thai Me,restaurant,thai,40.6972994,-73.9360964
node,5635174819,Brooklyn,Klom Klorm,restaurant,thai,40.7031166,-73.9170639
node,5635284299,Brooklyn,Ops,restaurant,pizza,40.7026827,-73.9171262
node,5642678619,Brooklyn,Kanan Indian Restaurant,restaurant,indian,40.6718143,-73.9909188
node,5642913664,Brooklyn,Amaranto,restaurant,mexican,40.703075,-73.9218056
node,5642916810,Brooklyn,Amanda's Kitchen,restaurant,salvadoran,40.7020214,-73.9236569
node,5642918230,Brooklyn,Mi Bella Dama,restaurant,dominican;seafood,40.7016763,-73.9237546
node,5643003004,Brooklyn,Sushi & Noodles,restaurant,noodle;sushi,40.7034447,-73.925762
node,5643052165,Brooklyn,Ayat,restaurant,,40.7026307,-73.9253849
node,5656772689,Brooklyn,Luck Thai,restaurant,thai,40.6709654,-73.9850217
node,5656966138,Brooklyn,Spicy Bai Chuan,restaurant,chinese,40.616558,-73.9929903
node,5656966139,Brooklyn,Spicy Bampa,restaurant,chinese,40.616475,-73.9930786
node,5657099772,Brooklyn,Hiroto Sushi,restaurant,sushi;japanese,40.6819509,-73.9764299
node,5657662132,Brooklyn,Noodle Lane,restaurant,chinese,40.6701163,-73.9790899
node,5673291209,Brooklyn,Beco,restaurant,brazilian,40.7183558,-73.9504513
node,5673620486,Brooklyn,Mariscos El Submarino,restaurant,seafood;mexican,40.6702652,-73.9789672
node,5676615659,Brooklyn,Patsy's Pizzeria,restaurant,pizza;italian,40.6818471,-73.9761826
node,5679657868,Brooklyn,Faro,restaurant,italian,40.7074483,-73.9229012
node,5679677533,Brooklyn,Bunker Vietnamese,restaurant,sandwich;vietnamese,40.7104957,-73.9232382
node,5683043415,Brooklyn,Jade Star Kitchen,restaurant,chinese,40.6161652,-73.9933995
node,5691689923,Brooklyn,New Jin Xin,restaurant,chinese,40.6156875,-73.9938606
node,5691689928,Brooklyn,Pho'18 Ave,restaurant,vietnamese,40.6154351,-73.9941385
node,5695103857,Brooklyn,La Perla Del Ulua,restaurant,honduran,40.7038798,-73.9276682
node,5695162348,Brooklyn,Molly's Milk Truck,restaurant,american;burger;ice_cream;salad,40.703232,-73.9264546
node,5697641883,Brooklyn,Sazon Nuñez,restaurant,dominican,40.7042927,-73.9194903
node,5703248587,Brooklyn,,restaurant,sushi;japanese;thai,40.6779429,-73.9727769
node,5709849145,Brooklyn,Tava,restaurant,turkish;brunch,40.6731143,-73.9832079
node,5712402437,Brooklyn,Yayo's,restaurant,latin_american,40.6819661,-73.9768617
node,5712452819,Brooklyn,Bird Pepper,restaurant,caribbean,40.6800952,-73.9743553
node,5712453223,Brooklyn,Sofreh,restaurant,persian,40.679831,-73.9739893
node,5714335362,Brooklyn,Amorina,restaurant,italian;pizza,40.6775351,-73.969119
node,5715462680,Brooklyn,Olmo,restaurant,mexican,40.6832067,-73.9171125
node,5715475905,Brooklyn,New Choy Hing,restaurant,chinese,40.6883879,-73.9157653
node,5718949340,Brooklyn,Gojo Teriyaki,restaurant,japanese,40.6741723,-73.9996782
node,5720905959,Brooklyn,Chimi Mundo,restaurant,dominican,40.6949193,-73.9117776
node,5720913788,Brooklyn,Aris Pollos A La Brasa,restaurant,chicken,40.6946746,-73.9107752
node,5720916379,Brooklyn,Fazio's,restaurant,pizza,40.6944277,-73.9103732
node,5720917767,Brooklyn,Chen Yuan,restaurant,chinese,40.6942261,-73.9105742
node,5723968978,Brooklyn,Ahehuete Deli & Grocery Corp,restaurant,mexican,40.6955523,-73.9169883
node,5723975551,Brooklyn,Rosario Pizza,restaurant,pizza,40.6941379,-73.9184939
node,5734407321,Brooklyn,Burger It Up,restaurant,burger;chicken;sandwich;salad,40.7043445,-73.9283824
node,5734425560,Brooklyn,Taqueria El Fogon,restaurant,mexican,40.7044239,-73.929124
node,5734434230,Brooklyn,Tomo,restaurant,japanese,40.704672,-73.9292626
node,5737743043,Brooklyn,Botte di Vino,restaurant,italian;brunch,40.6678455,-73.9805935
node,5737939508,Brooklyn,Norwind's,restaurant,latin_american,40.7041085,-73.9306031
node,5737951060,Brooklyn,Tabaré,restaurant,,40.7038002,-73.93073
node,5741661610,Brooklyn,Ajihei,restaurant,japanese,40.7041321,-73.9280327
node,5743854459,Brooklyn,Zefe's,restaurant,mexican;american,40.697545,-73.9290349
node,5743935885,Brooklyn,La Lupe Cantina,restaurant,mexican,40.6973254,-73.9350839
node,5744312486,Brooklyn,Sajhoma #3,restaurant,latin_american;sandwich;american;italian,40.6972098,-73.9353976
node,5747107689,Brooklyn,Faros,restaurant,diner,40.6427967,-73.9797979
node,5747108287,Brooklyn,Paradise,restaurant,pakistani,40.6383559,-73.9979715
node,5747114435,Brooklyn,Sushi,restaurant,sushi,40.6352385,-73.9813542
node,5747117629,Brooklyn,Jentana's,restaurant,pizza,40.6374442,-73.9993534
node,5747118676,Brooklyn,3 in 1,restaurant,diner,40.6383893,-73.997941
node,5747214638,Brooklyn,Holy Schnitzel,restaurant,,40.6321771,-73.9744663
node,5747288680,Brooklyn,Naim Kosher Pizza,restaurant,,40.6378946,-73.9821749
node,5747289305,Brooklyn,BK Burrito,restaurant,mexican,40.6429365,-73.9911189
node,5747291119,Brooklyn,Tulcingo,restaurant,mexican,40.6419934,-74.0137611
node,5747443416,Brooklyn,Leroy's,restaurant,,40.7335223,-73.9583596
node,5747704988,Brooklyn,Shane's,restaurant,brunch,40.6741759,-73.9632476
node,5747704989,Brooklyn,Ogliastro,restaurant,pizza;brunch,40.6744249,-73.963303
node,5747704994,Brooklyn,Lowerline,restaurant,creole;seafood,40.6742194,-73.9632572
node,5747763823,Brooklyn,Little Egg,restaurant,diner,40.6776919,-73.963578
node,5756089923,Brooklyn,Sweet Water,restaurant,,40.7184595,-73.9599718
node,5759239868,Brooklyn,Usuluteco #2,restaurant,salvadoran,40.6502351,-74.0047556
node,5766152071,Brooklyn,Bedouin Tent,restaurant,middle_eastern,40.6869656,-73.9844645
node,5768241171,Brooklyn,Atrium Dumbo,restaurant,french,40.7035169,-73.9904314
node,5768346318,Brooklyn,Café Paulette,restaurant,,40.6896146,-73.9758873
node,5771336673,Brooklyn,La Fleur Rouge,restaurant,chinese;french,40.6708059,-73.9851362
node,5773932353,Brooklyn,"El Almacén, 557 Driggs Ave, Brooklyn, NY 11211, USA",restaurant,argentinian,40.7169461,-73.9566296
node,5775345831,Brooklyn,Ten-Ichi Ramen,restaurant,ramen;japanese,40.6654367,-73.9829947
node,5779065181,Brooklyn,Del Casa Sabor,restaurant,,40.6931663,-73.9127541
node,5779070778,Brooklyn,Modern Taco,restaurant,tacos;mexican,40.692016,-73.9061689
node,5793887408,Brooklyn,Spiro's,restaurant,burger;diner,40.5996605,-73.9501907
node,5793887410,Brooklyn,Pho Hoai,restaurant,vietnamese,40.5991391,-73.9522461
node,5793887411,Brooklyn,Sherdor,restaurant,uzbek,40.59944,-73.9520428
node,5797335695,Brooklyn,Nan Xiang Express Soup Dumplings,restaurant,dumpling;shanghainese,40.6917299,-73.9864369
node,5798954995,Brooklyn,Bunna Cafe,restaurant,ethiopian,40.7048893,-73.9278626
node,5799332004,Brooklyn,Lichee Nut,restaurant,chinese,40.6942355,-73.9927856
node,5799332005,Brooklyn,Din Soup Dumplings,restaurant,chinese,40.6941911,-73.9928047
node,5801942483,Brooklyn,Koda Restaurant & Lounge,restaurant,american,40.7030761,-73.9333087
node,5804694233,Brooklyn,Marcelina's,restaurant,mexican,40.7022687,-73.9360786
node,5805217636,Brooklyn,Daisy's Diner,restaurant,diner,40.6689647,-73.9866766
node,5805217649,Brooklyn,Fifth Avenue Diner,restaurant,diner,40.6696337,-73.986123
node,5807804739,Brooklyn,Bijan's,restaurant,mediterranean;persian;brunch,40.688024,-73.9867026
node,5809111762,Brooklyn,Mile End Delicatessen,restaurant,sandwich;breakfast;canadian,40.6874914,-73.9870618
node,5815796653,Brooklyn,OPera Cafe & Lounge,restaurant,turkish;mediterranean,40.5838655,-73.9445598
node,5827853292,Brooklyn,Peppino's,restaurant,pizza;italian,40.6681833,-73.9869266
node,5832647117,Brooklyn,Hà Nội Vietnamese Kitchen,restaurant,vietnamese,40.6666489,-73.9814925
node,5837225126,Brooklyn,Zaytoons,restaurant,middle_eastern,40.6787076,-73.9687196
node,5837225132,Brooklyn,Wayward Fare,restaurant,italian,40.680059,-73.9682207
node,5837304283,Brooklyn,Fulton Thai,restaurant,thai,40.6834487,-73.9674137
node,5842020678,Brooklyn,Vegetarian Palate,restaurant,chinese,40.6796133,-73.9639347
node,5842360287,Brooklyn,Double Delight,restaurant,chinese,40.6131093,-74.0003816
node,5842396230,Brooklyn,El Nuevo Sabor Latino,restaurant,,40.6648083,-73.9938148
node,5847389629,Brooklyn,Vinny's Restaurant,restaurant,italian,40.6818859,-73.9936013
node,5847456103,Brooklyn,Bar Bruno,restaurant,mexican,40.6834166,-73.999908
node,5866304497,Brooklyn,Kiku,restaurant,sushi;japanese,40.6658587,-73.9822534
node,5866582854,Brooklyn,Tacombi,restaurant,mexican,40.6869924,-73.9779035
node,5889398141,Brooklyn,Pizza Plus,restaurant,pizza,40.6659015,-73.9822178
node,5889398145,Brooklyn,Indian Spice,restaurant,indian,40.6660878,-73.982063
node,5891774858,Brooklyn,Breakfast by Salt’s Cure,restaurant,breakfast,40.6803384,-73.9677001
node,5891774861,Brooklyn,Nourish,restaurant,thai,40.6779561,-73.9685515
node,5891774867,Brooklyn,Ozakaya,restaurant,japanese,40.678063,-73.9685123
node,5893644019,Brooklyn,Double Red,restaurant,chinese,40.5990553,-73.9528796
node,5895012931,Brooklyn,Mumbai Place,restaurant,indian,40.6772512,-73.9687774
node,5905417712,Brooklyn,Masala Grill,restaurant,indian,40.6856589,-73.981135
node,5908861455,Brooklyn,Baciccia,restaurant,pizza;italian,40.6637744,-73.9843814
node,5910319481,Brooklyn,Java Rijsttafel,restaurant,indonesian,40.6626959,-73.9848775
node,5912382463,Brooklyn,Zabb PuTawn,restaurant,thai,40.6861374,-73.9939017
node,5912834590,Brooklyn,Cobble Hill Coffee Shop,restaurant,diner,40.6834545,-73.9955571
node,5912834592,Brooklyn,Gersi,restaurant,italian,40.6833987,-73.995576
node,5912968126,Brooklyn,Cafe Chili,restaurant,thai,40.6880026,-73.9933493
node,5912968128,Brooklyn,Lemongrass Grill,restaurant,thai,40.6886542,-73.9930486
node,5914043150,Brooklyn,Athena,restaurant,greek,40.6648688,-73.9863911
node,5927079786,Brooklyn,Moldova,restaurant,moldovan,40.6129404,-73.9626816
node,5931990009,Brooklyn,Petite Dumpling,restaurant,dim_sum;chinese,40.6743962,-73.9821571
node,5932658180,Brooklyn,Mura,restaurant,japanese,40.6714461,-73.9846144
node,5937385486,Brooklyn,Breva,restaurant,american,40.5752969,-73.9627591
node,5947271833,Brooklyn,June,restaurant,new_american,40.6860874,-73.9939259
node,5962184849,Brooklyn,Gertie,restaurant,coffee_shop;sandwich;american;regional,40.7124366,-73.9555551
node,5962563885,Brooklyn,Best Pizza,restaurant,pizza,40.7156064,-73.9534877
node,5963217485,Brooklyn,Cerveceria Havemeyer,restaurant,mexican,40.7117455,-73.9573259
node,5970881925,Brooklyn,Tacos Matamoras,restaurant,mexican,40.6477924,-74.0077427
node,5978556757,Brooklyn,Two Boots Pizza,restaurant,pizza,40.7169651,-73.9567286
node,5978556777,Brooklyn,Fornino,restaurant,pizza,40.7289765,-73.95391
node,5978561187,Brooklyn,The Abbey,restaurant,,40.7174628,-73.95617
node,5978561188,Brooklyn,Fushimi,restaurant,sushi;japanese,40.718719,-73.9544582
node,5978792101,Brooklyn,Salt+Charcoal,restaurant,japanese;steak_house,40.7146299,-73.9613291
node,5978837391,Brooklyn,Setagaya,restaurant,ramen,40.7147818,-73.9611571
node,5978837392,Brooklyn,Healthy Way Market,restaurant,,40.7147436,-73.9608457
node,5979751685,Brooklyn,New Corner,restaurant,,40.6284836,-74.016625
node,5980081426,Brooklyn,The Simpson,restaurant,caribbean;soul_food,40.6832558,-73.9736454
node,5984075034,Brooklyn,I Love Guacamole,restaurant,mexican,40.6626448,-73.9918645
node,5984151031,Brooklyn,Mikhuy,restaurant,peruvian,40.6645563,-73.9903601
node,5987904386,Brooklyn,Karasu,restaurant,,40.6894172,-73.9732745
node,5994557685,Brooklyn,Lillo Cucina Italiana,restaurant,italian,40.6902039,-73.9963352
node,5994557885,Brooklyn,A-Pou’s Taste,restaurant,chinese,40.7132054,-73.9361207
node,6008589478,Brooklyn,Fort Hamilton Diner,restaurant,diner,40.6159687,-74.0313484
node,6008597456,Brooklyn,UNO Chicago Grill,restaurant,pizza,40.6180734,-74.0300202
node,6008597571,Brooklyn,First Oasis Restaurant,restaurant,middle_eastern,40.6179668,-74.0305288
node,6008597883,Brooklyn,Iguazu,restaurant,argentinian;brazilian,40.6177912,-74.0306096
node,6018127885,Brooklyn,Bamonte's,restaurant,italian,40.7166443,-73.9512196
node,6037924845,Brooklyn,Siren,restaurant,seafood,40.6614561,-73.9931051
node,6044324743,Brooklyn,Wheated,restaurant,pizza,40.6466258,-73.9705585
node,6050149079,Brooklyn,Newtown,restaurant,mediterranean,40.7091248,-73.9371954
node,6053181185,Brooklyn,Pasta Wiz,restaurant,,40.7164167,-73.9647019
node,6053655803,Brooklyn,Muteki Udon,restaurant,japanese,40.6804101,-73.9750463
node,6063372768,Brooklyn,Tre Fontane,restaurant,,40.5964702,-73.9757792
node,6067527908,Brooklyn,Las Margaritas Sunset,restaurant,mexican,40.7176793,-73.9450625
node,6068993408,Brooklyn,Pheasant,restaurant,,40.7185124,-73.9451974
node,6068993414,Brooklyn,Florentina's,restaurant,mexican,40.7186788,-73.9449333
node,6086423444,Brooklyn,Shalom Japan,restaurant,japanese;jewish,40.7092035,-73.9558364
node,6086429650,Brooklyn,Delmar Pizzeria,restaurant,pizza;italian,40.5861777,-73.9522698
node,6086549785,Brooklyn,Shashlik Uzn1,restaurant,uzbek,40.6357295,-73.9774928
node,6109975005,Brooklyn,Haenyeo,restaurant,korean,40.6751767,-73.9811389
node,6112610009,Brooklyn,Sobre Masa,restaurant,mexican,40.7063356,-73.9313613
node,6127400954,Brooklyn,Millie’s Cuban Café,restaurant,cuban,40.700436,-73.9249689
node,6127401335,Brooklyn,Tres Marias,restaurant,mexican;tacos,40.7004609,-73.9255609
node,6127449695,Brooklyn,The Wheelhouse,restaurant,sandwich,40.7000438,-73.9242916
node,6127452092,Brooklyn,El Sol De Cholula,restaurant,mexican,40.7002211,-73.9246127
node,6127475460,Brooklyn,Itzel's Taqueria Deli,restaurant,mexican;tacos;burrito;quesadilla,40.6994105,-73.9231815
node,6127475861,Brooklyn,El Castillo,restaurant,mexican,40.6994511,-73.9232481
node,6128709937,Brooklyn,Sol Sips,restaurant,sandwich,40.6990736,-73.9225562
node,6128749010,Brooklyn,Pastelitos Elvys,restaurant,dominican,40.6980777,-73.9208502
node,6129190248,Brooklyn,Bricklyn Pizza,restaurant,pizza,40.6923918,-73.9108612
node,6129215005,Brooklyn,Rosa's Steakhouse,restaurant,latin_american,40.6912412,-73.9088317
node,6129257460,Brooklyn,They Say That,restaurant,thai,40.6901126,-73.9068731
node,6141565385,Brooklyn,Amami,restaurant,japanese;sushi,40.7234589,-73.9520947
node,6146624046,Brooklyn,Chicken in a Box,restaurant,,38.6573347,-90.1680871
node,6154104344,Brooklyn,Cafe Mado,restaurant,american,40.6729035,-73.9626484
node,6168774385,Brooklyn,Emily,restaurant,pizza;burger,40.6835141,-73.9664316
node,6171919785,Brooklyn,Pacificana,restaurant,chinese,40.6381769,-74.0060711
node,6171982286,Brooklyn,El Nopal,restaurant,mexican,40.6631577,-73.9913238
node,6172145386,Brooklyn,Werkstatt,restaurant,austrian,40.6452451,-73.9703311
node,6172145486,Brooklyn,Tres Banderas,restaurant,mexican,40.6469652,-73.9696785
node,6175354947,Brooklyn,Bed Stuy Fish Fry,restaurant,southern;fish_and_chips,40.6825769,-73.9631724
node,6175434121,Brooklyn,Kitchen Grill,restaurant,indian,40.6828345,-73.9644493
node,6175434129,Brooklyn,B'klyn Burro,restaurant,mexican,40.6827554,-73.9640663
node,6175661514,Brooklyn,Kai Feng Fu,restaurant,,40.6420418,-74.0024442
node,6177508887,Brooklyn,Antojitos Catrachos,restaurant,honduran,40.6510383,-74.0037377
node,6182605480,Brooklyn,Vera Cruz,restaurant,mexican,40.7173677,-73.9580295
node,6204656994,Brooklyn,Place des Fêtes,restaurant,portuguese;spanish,40.6869332,-73.9628918
node,6204656996,Brooklyn,Peaches Grand,restaurant,seafood;southern,40.6880945,-73.9625939
node,6211678985,Brooklyn,BurDuck Bar & Cafeteria,restaurant,mediterranean,40.5761355,-73.9689946
node,6211849520,Brooklyn,Claudia's,restaurant,guatemalan;brunch,40.7135511,-73.9412857
node,6238366159,Brooklyn,Mighty Quinn's,restaurant,barbecue,40.6721962,-73.9902225
node,6242964887,Brooklyn,Padishah,restaurant,uzbek,40.5991477,-73.9519009
node,6242987486,Brooklyn,Chatan De Capitan,restaurant,,40.5941709,-73.9611842
node,6258331006,Brooklyn,Westville,restaurant,american,40.7018224,-73.9895039
node,6262522981,Brooklyn,Halal Xpress Asian Fusion,restaurant,fusion;asian,40.6129593,-73.996628
node,6289623685,Brooklyn,Seaport Buffet,restaurant,,40.5839387,-73.9471181
node,6299824432,Brooklyn,Bedawi Cafe,restaurant,middle_eastern;pizza,40.6586091,-73.9821245
node,6299824437,Brooklyn,Bangkok Boulevard,restaurant,thai,40.6585263,-73.9822092
node,6300062997,Brooklyn,Sushi Yu,restaurant,sushi;asian,40.6603233,-73.9806196
node,6300063009,Brooklyn,Krupa Grocery,restaurant,american;brunch,40.6598666,-73.9806132
node,6300063011,Brooklyn,Windsor Diner,restaurant,diner,40.6601373,-73.9807753
node,6307037082,Brooklyn,Ki Sushi,restaurant,japanese,40.687627,-73.990004
node,6307037084,Brooklyn,Wild Ginger Vegan Cafe,restaurant,asian,40.687894,-73.9898271
node,6307293916,Brooklyn,Dastaan Indian Kitchen,restaurant,indian,40.6877916,-73.9895969
node,6314905332,Brooklyn,Mezcal,restaurant,mexican,40.6760732,-73.9990931
node,6315295362,Brooklyn,Le Petit Café,restaurant,american;breakfast,40.6767237,-73.9987884
node,6315494061,Brooklyn,Amarachi,restaurant,,40.6981153,-73.984818
node,6328164175,Brooklyn,Chicken Delicious,restaurant,american;fast_food;wings,40.605033,-73.9799131
node,6331547404,Brooklyn,Chimu,restaurant,peruvian,40.7148743,-73.9515998
node,6339896148,Brooklyn,rico chimi,restaurant,mexican;burger;sandwich,40.6991197,-73.91422
node,6340372268,Brooklyn,Verde,restaurant,italian,40.6844214,-73.9921775
node,6340372269,Brooklyn,Purépecha,restaurant,mexican,40.6845256,-73.9918128
node,6340488796,Brooklyn,Ming Mun,restaurant,dim_sum;chinese,40.6850623,-73.9917403
node,6341925958,Brooklyn,Ssam,restaurant,korean,40.6859093,-73.991186
node,6341925959,Brooklyn,Cibao,restaurant,latin_american,40.6858533,-73.9912234
node,6350185133,Brooklyn,Hand Pull Noodle & Dumplings House,restaurant,chinese,40.6149723,-73.9941732
node,6350185143,Brooklyn,Wen Xin Restaurant,restaurant,chinese,40.6148181,-73.9947443
node,6356460186,Brooklyn,Fedoroff’s Roast Pork,restaurant,,40.7190444,-73.9554283
node,6372943453,Brooklyn,Taiki,restaurant,sushi,40.6845509,-73.9838192
node,6373095685,Brooklyn,Frijoleros,restaurant,mexican,40.7302724,-73.9548518
node,6387990300,Brooklyn,Tikka Indian Grill,restaurant,indian,40.6707039,-73.985222
node,6389330763,Brooklyn,The Quarter,restaurant,american,40.6873385,-73.9748808
node,6391739434,Brooklyn,Grand Canyon Bistro,restaurant,breakfast;diner;mexican;tex-mex,40.6875403,-73.9827409
node,6402959206,Brooklyn,China Express,restaurant,chinese,40.7060759,-73.9501176
node,6423386492,Brooklyn,Cecconi’s Dumbo,restaurant,italian,40.7036177,-73.9916537
node,6426746484,Brooklyn,Pacific Indian Cuisine,restaurant,indian,40.6797645,-73.9639734
node,6433061910,Brooklyn,Aromi,restaurant,italian;pizza,40.6749931,-73.9996117
node,6436698185,Brooklyn,Nana Ramen,restaurant,ramen;japanese,40.6815568,-73.928999
node,6436938481,Brooklyn,Untable,restaurant,thai,40.6835849,-73.9994989
node,6448338511,Brooklyn,Indian Table,restaurant,indian,40.6860069,-73.9943382
node,6448338516,Brooklyn,Sam's Steaks & Chops,restaurant,steak_house;italian;pizza,40.6858748,-73.9943817
node,6448401432,Brooklyn,Joya,restaurant,thai,40.6867006,-73.9936342
node,6453371197,Brooklyn,Charm Kao,restaurant,thai,40.6892162,-73.986307
node,6453371200,Brooklyn,Dallas BBQ,restaurant,barbecue,40.6900019,-73.9870953
node,6465763264,Brooklyn,Atti,restaurant,korean;barbecue,40.688351,-73.9828201
node,6501029661,Brooklyn,Popina,restaurant,italian,40.6873184,-74.0013737
node,6501194994,Brooklyn,5ive Spice,restaurant,vietnamese,40.6814403,-73.9772244
node,6534289830,Brooklyn,Yemen Cafe,restaurant,yemeni,40.6898778,-73.9936627
node,6534289835,Brooklyn,Hadramout Restaurant,restaurant,yemeni,40.6898537,-73.9938453
node,6534358437,Brooklyn,Mazzat,restaurant,mediterranean,40.6849562,-74.0028984
node,6535545682,Brooklyn,Pollo D'Oro,restaurant,peruvian,40.6949508,-73.9834333
node,6535545683,Brooklyn,Menya Jiro,restaurant,ramen;japanese,40.6949347,-73.9835767
node,6540806367,Brooklyn,Jintana Thai Farmhouse,restaurant,thai,40.666547,-73.9820587
node,6545078816,Brooklyn,Katana Sushi,restaurant,sushi,40.6847064,-74.0030201
node,6556206307,Brooklyn,Black Walnut,restaurant,american,40.6895176,-73.9879408
node,6558575360,Brooklyn,The Gradient,restaurant,,40.7068038,-73.9229328
node,6582555740,Brooklyn,Taqueria El Patron,restaurant,mexican,40.6609441,-73.9613245
node,6582555741,Brooklyn,Ix,restaurant,latin_american,40.6609316,-73.961388
node,6606392986,Brooklyn,Sawasde Thai Cooking,restaurant,thai,40.6453649,-73.9797309
node,6606392987,Brooklyn,To B Thai,restaurant,thai,40.642702,-73.9783645
node,6621547783,Brooklyn,Grill Four Forty-Five,restaurant,american;modern_american,41.796597,-71.9123933
node,6644584701,Brooklyn,Kimyo,restaurant,sushi,40.6810767,-73.9771418
node,6651068562,Brooklyn,Gus and Marty's,restaurant,greek,40.7192891,-73.9529959
node,6680718932,Brooklyn,Red Hook Tavern,restaurant,american;seafood,40.6778746,-74.0120875
node,6681855541,Brooklyn,Bakery Immaculee,restaurant,haitian,40.6572806,-73.9500875
node,6684650957,Brooklyn,New Chang Hong,restaurant,chinese,40.6968608,-73.91031
node,6685453124,Brooklyn,GuestHouse Restaurant & Bar,restaurant,caribbean;brunch,40.711204,-73.9440053
node,6704420891,Brooklyn,The Lonesome Club,restaurant,british;continental;brunch,40.6576589,-73.9795523
node,6713109639,Brooklyn,Amituofo Vegan Cuisine,restaurant,asian,40.7037331,-73.9330639
node,6724357509,Brooklyn,Greedi Kitchen,restaurant,,40.6837285,-73.9230558
node,6800244686,Brooklyn,Naked Dog,restaurant,italian,40.7313073,-73.9593693
node,6800611085,Brooklyn,Ichiran,restaurant,,40.7074745,-73.9333777
node,6804305685,Brooklyn,XI’AN Town,restaurant,,40.7184023,-73.9569449
node,6808438332,Brooklyn,Idashi,restaurant,sushi,40.6809465,-73.9759334
node,6824291096,Brooklyn,Xochitl Taqueria,restaurant,mexican,40.6857188,-73.991295
node,6833242353,Brooklyn,Bushwick Taco Company,restaurant,mexican,40.6818575,-73.9584484
node,6833338806,Brooklyn,Luanne's Wild Ginger,restaurant,asian,40.6753865,-73.9564235
node,6833338807,Brooklyn,Diwan Grill,restaurant,indian,40.6753408,-73.9564409
node,6833338809,Brooklyn,Misc,restaurant,asian,40.6726786,-73.9574029
node,6839024576,Brooklyn,El Cedro,restaurant,lebanese;mexican,40.6902541,-73.9950328
node,6854271759,Brooklyn,South Slope Ramen,restaurant,japanese;ramen,40.662571,-73.991941
node,6854396298,Brooklyn,Maria's Mexican Bistro,restaurant,mexican,40.6514946,-74.0038771
node,6876300972,Brooklyn,Leslie's Kitchen,restaurant,american,40.7013684,-73.9266136
node,6883958747,Brooklyn,Chuan Yue,restaurant,szechuan,40.6324619,-74.0108786
node,6906966997,Brooklyn,Holy Crab Boiling,restaurant,cajun;creole;seafood,40.636985,-74.0113838
node,6921710508,Brooklyn,La Villa,restaurant,pizza;italian,40.6111644,-74.0081983
node,6925129151,Brooklyn,Castillo Restaurant,restaurant,latin_american,40.6504002,-74.0050301
node,6925229785,Brooklyn,Scalino,restaurant,italian,40.7245177,-73.9513799
node,6925470659,Brooklyn,Beef & Fish,restaurant,chinese,40.6411947,-74.0074412
node,6925577291,Brooklyn,Toyama Cuisine,restaurant,sushi,40.6393429,-74.0051042
node,6927557384,Brooklyn,Köfte Piyaz,restaurant,turkish,40.6514533,-74.0035184
node,6943222795,Brooklyn,Sabor Azteca,restaurant,mexican;sandwich;breakfast,40.6731963,-73.9503433
node,6949714236,Brooklyn,Libertador,restaurant,argentinian,40.6873143,-73.9980445
node,7009898160,Brooklyn,Ninja 86 Sushi,restaurant,sushi,40.600675,-73.9920868
node,7034813145,Brooklyn,Medusa The Greek,restaurant,greek,40.6785536,-73.9788495
node,7038476782,Brooklyn,El Malecon,restaurant,,40.621205,-74.0287942
node,7038476783,Brooklyn,86 Joy Cafe,restaurant,chinese,40.6226002,-74.0286447
node,7038487791,Brooklyn,Pho Hoai Bay Ridge Restaurant,restaurant,vietnamese,40.6223913,-74.0287301
node,7038487806,Brooklyn,Omiya,restaurant,japanese;sushi,40.6223386,-74.0287516
node,7038487811,Brooklyn,Ponte Vecchio,restaurant,italian,40.6211543,-74.0292453
node,7038487812,Brooklyn,Los Cantaros,restaurant,mexican,40.6224961,-74.0286873
node,7038487815,Brooklyn,Avanti’s Pizzaria,restaurant,pizza,40.6221296,-74.0284143
node,7039222846,Brooklyn,Pierozek,restaurant,polish,40.7230006,-73.9502167
node,7040480785,Brooklyn,Boon Thai,restaurant,thai,40.7249803,-73.9516152
node,7045376572,Brooklyn,Love and Dough,restaurant,italian,40.703047,-73.9874743
node,7057069081,Brooklyn,Molkajete,restaurant,mexican,40.6598153,-73.9989918
node,7061462485,Brooklyn,Pokéworks,restaurant,hawaiian,40.7181935,-73.9571885
node,7062148443,Brooklyn,Casa Pública,restaurant,mexican,40.7181966,-73.9521426
node,7072414498,Brooklyn,Las Margaritas,restaurant,mexican,40.6191017,-74.0330313
node,7072426853,Brooklyn,Al Horno,restaurant,mexican;juice;health_food,40.6197299,-74.0327761
node,7083228801,Brooklyn,Randazzo's Clam Bar,restaurant,seafood,40.5838967,-73.9476461
node,7113362330,Brooklyn,Castro's,restaurant,mexican;breakfast,40.6937376,-73.9644085
node,7124755712,Brooklyn,Taqueria Fort Greene,restaurant,mexican,40.6930017,-73.9729655
node,7124985058,Brooklyn,Istanbul Clinton Hill,restaurant,turkish,40.6834178,-73.9672664
node,7126337086,Brooklyn,Carrizal,restaurant,dominican,40.6992088,-73.9123247
node,7126529285,Brooklyn,NEWYORKTITLAN,restaurant,mexican;sandwich;breakfast,40.6990214,-73.9128813
node,7126867481,Brooklyn,Amuni,restaurant,sicilian;italian,40.6330532,-74.0269747
node,7127148188,Brooklyn,Al-Shaybani,restaurant,arab;yemeni,40.6324544,-74.0275626
node,7127154010,Brooklyn,Isabela's,restaurant,mexican;breakfast,40.6496912,-74.0095524
node,7132080961,Brooklyn,N'ata Storia,restaurant,italian,40.6833122,-73.992633
node,7137555876,Brooklyn,Q'Rico No Manches,restaurant,mexican,40.6930604,-73.9710978
node,7137580303,Brooklyn,Somethin on Myrtle,restaurant,asian;american;brunch,40.6936949,-73.9647695
node,7143310276,Brooklyn,Brado Thin Crust Pizza,restaurant,pizza,40.6905616,-73.9949162
node,7143310281,Brooklyn,Al Badawi,restaurant,palestinian,40.6905953,-73.995038
node,7147454646,Brooklyn,Dinner Party,restaurant,american;fine_dining;breakfast,40.6900359,-73.9653948
node,7149910580,Brooklyn,Little House Malaysian Kitchen,restaurant,malaysian,40.6042785,-73.9980226
node,7169792980,Brooklyn,Trudie's Tavern,restaurant,american,40.6759733,-73.999141
node,7173278105,Brooklyn,Dosa Royale,restaurant,indian,40.6893239,-73.968636
node,7173648216,Brooklyn,Ryujin Brooklyn,restaurant,japanese;ramen,40.7111282,-73.9506003
node,7173648218,Brooklyn,New Apolo Restaurant,restaurant,chinese;creole,40.7108482,-73.9507667
node,7173664039,Brooklyn,Carneval,restaurant,latin_american,40.7111122,-73.9507698
node,7173763932,Brooklyn,Bar Beau,restaurant,american;coffee_shop,40.7169693,-73.9500958
node,7173763933,Brooklyn,Jimmy's Diner,restaurant,diner;southern,40.7176985,-73.9524081
node,7174929560,Brooklyn,Clemente's Maryland Crab House,restaurant,seafood,40.5850493,-73.9263615
node,7185598654,Brooklyn,Luzzo's BK,restaurant,pizza,40.6906469,-73.9952247
node,7185674730,Brooklyn,Ruta Oaxaca,restaurant,mexican,40.6870989,-73.9903556
node,7188790121,Brooklyn,East Wind Snack Shop,restaurant,chinese,40.6640465,-73.9837451
node,7194344517,Brooklyn,Cremini's,restaurant,italian;sandwich,40.6749608,-73.9992974
node,7198571528,Brooklyn,Sweet Basil,restaurant,thai,40.6755249,-73.9563765
node,7208938667,Brooklyn,Glin Thai Bistro,restaurant,thai,40.693142,-73.9732909
node,7208938668,Brooklyn,Woori,restaurant,,40.6931343,-73.9730742
node,7209248001,Brooklyn,Chris's Restaurant,restaurant,polish,40.6061598,-74.001157
node,7212724466,Brooklyn,Shokunin BBQ,restaurant,,40.633308,-74.0062004
node,7212724468,Brooklyn,Best 1 Kitchen,restaurant,chinese,40.6328241,-74.0056598
node,7214765062,Brooklyn,Dun Huang Miss Noodle,restaurant,chinese,40.6938539,-73.9634988
node,7217404913,Brooklyn,Olive Garden,restaurant,italian,40.5940209,-73.998306
node,7228213185,Brooklyn,Taqueria al Pastor,restaurant,mexican,40.7033983,-73.9180101
node,7232050177,Brooklyn,Vis A Vis,restaurant,russian,40.5755287,-73.9691943
node,7232137893,Brooklyn,Liman,restaurant,turkish;mediterranean,40.5755699,-73.9773106
node,7245658925,Brooklyn,Daizen,restaurant,sushi,40.6373775,-74.0084488
node,7254572555,Brooklyn,Tequila,restaurant,mexican,40.6229542,-74.0251386
node,7256958344,Brooklyn,Simon's BBQ,restaurant,barbecue;chinese;kebab,40.639656,-74.0056317
node,7256965507,Brooklyn,King's Kitchen,restaurant,chinese,40.6394483,-74.0052557
node,7261678972,Brooklyn,,restaurant,pizza,40.6124524,-74.0115915
node,7261678974,Brooklyn,Mike's Diner,restaurant,diner,40.6117967,-74.0104971
node,7297635807,Brooklyn,MashAllah Sweets & Restaurant,restaurant,pakistani;bangladeshi;indian,40.6412412,-73.9691428
node,7403143585,Brooklyn,IHOP,restaurant,breakfast;pancake,40.6262859,-73.9175994
node,7424179947,Brooklyn,Dar 525,restaurant,mediterranean,40.7230828,-73.9453034
node,7424179949,Brooklyn,Ms. Ohho,restaurant,korean,40.7247426,-73.9475591
node,7507436397,Brooklyn,Ringolevio,restaurant,,40.7190611,-73.9433506
node,7507478441,Brooklyn,Dough Vale,restaurant,pizza,40.7093286,-73.9540657
node,7618918194,Brooklyn,Torre's,restaurant,pizza;italian,40.6120152,-73.9836063
node,7618933027,Brooklyn,Howong,restaurant,chinese,40.6124035,-73.9832192
node,7656529600,Brooklyn,Lucky Zhang's,restaurant,chinese,40.6374362,-74.0078348
node,7659109028,Brooklyn,Golden Steamer,restaurant,chinese,40.6359775,-74.0092551
node,7659620146,Brooklyn,Fire Leopard BBQ,restaurant,chinese,40.637359,-74.0083203
node,7659686615,Brooklyn,LANGKAWI,restaurant,malaysian,40.6388852,-74.0058174
node,7728990820,Brooklyn,One More Charm,restaurant,thai,40.6698266,-73.979326
node,7903073467,Brooklyn,Savelli,restaurant,pizza;italian,40.6851132,-73.9913988
node,7923125559,Brooklyn,Taqueria Diana,restaurant,mexican,40.7142028,-73.9556881
node,7925421799,Brooklyn,Dinastia Ecuadorian Food #2,restaurant,ecuadorian,40.710754,-73.9638048
node,8021897550,Brooklyn,Tatiana Restaurant,restaurant,russian,40.5751562,-73.9616883
node,8021954514,Brooklyn,Masal Cafe,restaurant,turkish,40.5837813,-73.9489696
node,8108748016,Brooklyn,Chris Restaurant,restaurant,caribbean;jamaican,40.6762396,-73.9497448
node,8108885114,Brooklyn,Uotora,restaurant,japanese;sushi,40.6762638,-73.9504961
node,8108885116,Brooklyn,La Ñapa,restaurant,venezuelan;latin_american,40.6759864,-73.9500764
node,8110365548,Brooklyn,Yummy Yummy in my Tummy,restaurant,middle_eastern,40.7146707,-73.9516495
node,8111388487,Brooklyn,M Noodle Shop,restaurant,chinese,40.71419,-73.9506347
node,8111388490,Brooklyn,London Tandoori,restaurant,indian,40.7139473,-73.9511599
node,8132573637,Brooklyn,Milk Bar,restaurant,ice_cream;cookie;pastry;cake;pie,40.7139434,-73.9554597
node,8132573638,Brooklyn,Savory Thai,restaurant,thai,40.7139481,-73.9555594
node,8139045391,Brooklyn,Kokomo,restaurant,caribbean,40.7219904,-73.9597438
node,8180048258,Brooklyn,Bay Sushi,restaurant,sushi,40.6385297,-74.0346843
node,8220719808,Brooklyn,Diwali Indian Cuisine,restaurant,indian,40.6806855,-73.9526184
node,8253366550,Brooklyn,Pad Thai Kitchen,restaurant,thai,40.6205484,-73.9889493
node,8265793039,Brooklyn,Johnny's Pizza,restaurant,pizza,41.800655,-71.8988055
node,8265793056,Brooklyn,No. 1 Kitchen,restaurant,chinese,41.7995836,-71.8990321
node,8284985185,Brooklyn,Uncle Frankie's Brick Oven Pizza,restaurant,pizza,40.6485205,-73.9787085
node,8284985191,Brooklyn,Stang Thai,restaurant,thai;sandwich,40.6484112,-73.9789899
node,8287649394,Brooklyn,Great Dragon Chinese Food,restaurant,asian,40.6452147,-73.9996964
node,8287649396,Brooklyn,Asea Sushi,restaurant,sushi,40.6458766,-73.9989832
node,8287649398,Brooklyn,168 Kim Wei Kitchen,restaurant,chinese,40.6454416,-73.9990186
node,8322946819,Brooklyn,San Atanacio Deli-Grocery & Restaurant,restaurant,mexican,40.6149738,-73.9805224
node,8322946821,Brooklyn,Golden Dynasty,restaurant,chinese,40.6147585,-73.9807385
node,8322946822,Brooklyn,Kolhelly,restaurant,bread;pastry;bakery,40.6147156,-73.9807751
node,8339056625,Brooklyn,Papa Pasquale Ravioli,restaurant,italian;sandwich;deli;pasta,40.6154609,-74.0050757
node,8379782392,Brooklyn,Phở 86,restaurant,vietnamese,40.6051341,-73.9994472
node,8379817481,Brooklyn,Fugu Sushi,restaurant,japanese,40.612091,-73.9835028
node,8379817815,Brooklyn,H.K. Tea & Sushi,restaurant,asian;japanese;hong_kong;chinese,40.6041986,-73.9972444
node,8379821930,Brooklyn,Tak Hing,restaurant,chinese,40.6051094,-73.9993888
node,8379821931,Brooklyn,Kushi,restaurant,asian;japanese;chinese;thai;sushi,40.605295,-73.9997283
node,8394734469,Brooklyn,Kome Nori,restaurant,japanese,40.6705028,-73.9849985
node,8410329010,Brooklyn,Hole In The Wall,restaurant,brunch;australian,40.714452,-73.9614832
node,8416888682,Brooklyn,The Blaze Gourmet,restaurant,turkish;burger,40.5849851,-73.9509875
node,8445979143,Brooklyn,Roberta's Domino Park,restaurant,pizza,40.7161871,-73.966645
node,8450773154,Brooklyn,Pizza D'amore,restaurant,pizza,40.5934206,-73.9995868
node,8473899183,Brooklyn,BangBang Bangkok,restaurant,thai,40.7151004,-73.962475
node,8478124655,Brooklyn,La Superior,restaurant,mexican,40.7135582,-73.963635
node,8492147622,Brooklyn,Nate’s Detroit Pizza,restaurant,pizza,40.6775629,-73.9980393
node,8493074859,Brooklyn,Daily Provisions,restaurant,american,40.6890036,-73.9925144
node,8495079936,Brooklyn,Pasta Night,restaurant,italian;brunch,40.6805331,-73.9676293
node,8501495834,Brooklyn,Somtum Der,restaurant,thai,40.6770996,-74.0134519
node,8501591380,Brooklyn,718Bistro,restaurant,european,40.5805417,-73.9660579
node,8531235718,Brooklyn,Parotta Station,restaurant,indian,-37.8198191,144.8491716
node,8570020907,Brooklyn,Pips,restaurant,italian,40.6907984,-73.9957671
node,8613867469,Brooklyn,Roman's,restaurant,italian,40.6895953,-73.9695428
node,8613887939,Brooklyn,Miss Ada,restaurant,mediterranean,40.6894802,-73.9723829
node,8664733508,Brooklyn,Soboku,restaurant,asian;japanese,40.6825099,-73.9934583
node,8706963619,Brooklyn,Fulton Food Court,restaurant,middle_eastern;american,40.68063,-73.9539592
node,8713314330,Brooklyn,Uni Thai Bistro,restaurant,thai,40.6457668,-73.9730307
node,8766000399,Brooklyn,Alma Negra,restaurant,mexican,40.6687345,-73.9903602
node,8888048144,Brooklyn,IHOP,restaurant,breakfast;pancake,41.4189471,-81.7607458
node,8888511408,Brooklyn,Kintaro,restaurant,sushi,41.4245743,-81.7361008
node,8889104300,Brooklyn,Misi,restaurant,italian,40.7134037,-73.9672238
node,8890459207,Brooklyn,Red Crab,restaurant,seafood,41.4253985,-81.7356519
node,8892909213,Brooklyn,Cracker Barrel,restaurant,american,41.4224614,-81.7606632
node,8892918455,Brooklyn,Buffalo Wild Wings,restaurant,wings,41.4246482,-81.7617572
node,8892920114,Brooklyn,El Palenque,restaurant,mexican,41.4230492,-81.7617441
node,8898578813,Brooklyn,TGI Friday's,restaurant,american,41.4246718,-81.75947
node,8898731557,Brooklyn,Aita,restaurant,italian,40.6864949,-73.966651
node,8906038450,Brooklyn,Francie,restaurant,,40.7101619,-73.9641329
node,8931103808,Brooklyn,Sahara Turkish Grill,restaurant,turkish,40.5796047,-73.9723498
node,8972592597,Brooklyn,Khaosan,restaurant,thai,40.6946351,-73.9942303
node,8972680326,Brooklyn,Iron Chef House,restaurant,japanese,40.6972414,-73.9926114
node,8981032242,Brooklyn,Shobu Sushi,restaurant,sushi,40.6158798,-74.0308447
node,8988157192,Brooklyn,Penelope's Mexican Bistro,restaurant,mexican,40.6875258,-73.9570989
node,8991951240,Brooklyn,Lucky Vegetarian,restaurant,chinese;buddhist,40.6404055,-74.0042366
node,9006893918,Brooklyn,Tato's Pizza,restaurant,pizza,40.6080279,-74.0014384
node,9007398491,Brooklyn,Wattli Bar and Kitchen,restaurant,,40.6357782,-73.9631316
node,9084730002,Brooklyn,Zed Eats and Drinks,restaurant,american,40.6567677,-73.9599536
node,9089709737,Brooklyn,Yue Xiang Ju,restaurant,chinese,40.6143951,-74.0001927
node,9102137994,Brooklyn,Bagelicious,restaurant,bagel,40.6200833,-74.007414
node,9114128238,Brooklyn,El Castillo,restaurant,latin_american,40.6349061,-74.0231748
node,9114371998,Brooklyn,Bay Ridge Cafe,restaurant,,40.6353047,-74.0234777
node,9123117120,Brooklyn,Montague Diner,restaurant,soup;breakfast;american;sandwich,40.6943909,-73.9933567
node,9123149747,Brooklyn,Curry Heights,restaurant,indian,40.6936039,-73.9922216
node,9129531424,Brooklyn,Joe & Sal's Pizza,restaurant,pizza,40.6692616,-73.9586359
node,9130590701,Brooklyn,K Pot,restaurant,hotpot;korean,40.6907192,-73.9835967
node,9132534663,Brooklyn,MOMO Hibachi Steak House and Bar,restaurant,japanese,40.5837436,-73.9493241
node,9132786078,Brooklyn,Soup N Burger,restaurant,burger,40.5837609,-73.9498634
node,9132786080,Brooklyn,Burchak Pide,restaurant,turkish;pizza,40.5869556,-73.9528547
node,9132786096,Brooklyn,Fujisawa,restaurant,asian;sushi,40.5853855,-73.9516696
node,9133666843,Brooklyn,Taste Good Restaurant,restaurant,,40.6300553,-74.0150041
node,9142517787,Brooklyn,Shan Xi Shack,restaurant,,40.6369316,-74.0075903
node,9143230736,Brooklyn,Ruben's,restaurant,pizza;peruvian;chicken,40.6200007,-73.9990214
node,9143230745,Brooklyn,China King,restaurant,chinese,40.6210094,-73.9982683
node,9143230749,Brooklyn,Blue Agave,restaurant,,40.6178746,-73.9989796
node,9143230750,Brooklyn,Mr. Phil's Pizzeria,restaurant,pizza,40.6178594,-73.9995497
node,9147031531,Brooklyn,Jimmy's Place,restaurant,,40.6222481,-74.0056607
node,9147031532,Brooklyn,Garden Tortillas & Chinese Express,restaurant,,40.6221964,-74.0056956
node,9156973278,Brooklyn,Obentoyasan,restaurant,japanese,40.6559606,-74.0065104
node,9156973279,Brooklyn,Ramen Setagaya,restaurant,noodle,40.6559857,-74.0065431
node,9156973280,Brooklyn,Gohei,restaurant,japanese,40.6560113,-74.0065764
node,9156973281,Brooklyn,Hachi,restaurant,japanese,40.6560369,-74.0066096
node,9156973282,Brooklyn,Moriya,restaurant,japanese,40.6560594,-74.006639
node,9156973283,Brooklyn,Shokusaido,restaurant,japanese,40.656084,-74.006671
node,9162749342,Brooklyn,The Legend Cafe House,restaurant,chinese,40.6100676,-74.0017876
node,9163473302,Brooklyn,Pizza Den,restaurant,pizza,40.6073311,-74.002311
node,9166196961,Brooklyn,Hayashi Sushi,restaurant,japanese,40.5904675,-73.9495262
node,9208846804,Brooklyn,El Santo Taqueria Brooklyn,restaurant,mexican,40.7042788,-73.9302135
node,9212756290,Brooklyn,Hook and Reel,restaurant,seafood;cajun,40.5757418,-73.9803192
node,9218901920,Brooklyn,Maria Pizzeria,restaurant,pizza,40.6275429,-74.0134926
node,9218903649,Brooklyn,Fu Lai No.1 Restaurant,restaurant,chinese,40.6276886,-74.0132793
node,9218910383,Brooklyn,Happy Garden,restaurant,,40.6331749,-74.0269291
node,9218912313,Brooklyn,Vesuvio,restaurant,italian;pizza,40.6325863,-74.027165
node,9219701344,Brooklyn,Omakase Sushi By Hiro,restaurant,japanese,40.5876404,-73.955418
node,9222101133,Brooklyn,A Taste of Seafood,restaurant,seafood,40.6863726,-73.9162985
node,9222101134,Brooklyn,Le Fatima,restaurant,caribbean,40.6873191,-73.9185485
node,9224567154,Brooklyn,La Cocina II,restaurant,mexican,40.7037706,-73.9415052
node,9235661927,Brooklyn,Indian Curry Heights,restaurant,indian,40.6858072,-73.9231179
node,9251781101,Brooklyn,Armandos pizza,restaurant,pizza,40.6835111,-73.9112515
node,9251781107,Brooklyn,Tandoori Masala Indian Cuisine,restaurant,indian,40.6839835,-73.9120679
node,9270630240,Brooklyn,Momo Sushi & Ramen,restaurant,japanese;sushi;ramen,40.657601,-73.9605141
node,9273033983,Brooklyn,Le Gamin,restaurant,french,40.7282896,-73.9571753
node,9278349050,Brooklyn,Wanpaku,restaurant,japanese;ramen,40.7235765,-73.9508233
node,9280939947,Brooklyn,Edie Jo's,restaurant,american,40.6578917,-73.9605713
node,9291191724,Brooklyn,Vee's Restaurant,restaurant,caribbean,40.6674407,-73.9508854
node,9294322953,Brooklyn,U Bar & Resturant,restaurant,vietnamese,40.5982525,-73.960638
node,9313088984,Brooklyn,Oda House,restaurant,georgian,40.5839599,-73.9464628
node,9330316508,Brooklyn,El Zason,restaurant,mexican,40.6858036,-73.9815079
node,9330502767,Brooklyn,The Custom House,restaurant,american,40.6947697,-73.9937491
node,9330502772,Brooklyn,Grand Canyon Restaurant,restaurant,diner;mexican,40.6947302,-73.9936048
node,9330613470,Brooklyn,Lantern Thai Kitchen,restaurant,thai,40.6952526,-73.9954766
node,9330613471,Brooklyn,Saketumi Asian Bistro,restaurant,asian,40.6947698,-73.9947369
node,9352851045,Brooklyn,Fukuyama Sushi & Ramen,restaurant,japanese;sushi;ramen,40.7140346,-73.948298
node,9353067726,Brooklyn,Tacombi,restaurant,mexican,40.7148432,-73.9594218
node,9357071347,Brooklyn,Omar's Place BK,restaurant,italian;american,40.6988394,-73.9167982
node,9369350840,Brooklyn,Ting Hua,restaurant,chinese,40.6798632,-73.9949714
node,9369350841,Brooklyn,Avlee,restaurant,greek,40.67991,-73.9949418
node,9378004599,Brooklyn,Le Crocodile,restaurant,french,40.7219452,-73.9580218
node,9392834431,Brooklyn,Potiwa Pizza,restaurant,pizza,40.6352179,-73.9504476
node,9402996345,Brooklyn,Indo Mix,restaurant,,40.6821439,-73.961715
node,9403176562,Brooklyn,The Baobab Gouygui,restaurant,senegalese,40.6806641,-73.952118
node,9419323937,Brooklyn,Balboa,restaurant,american;caribbean,40.6660928,-73.9565424
node,9421719560,Brooklyn,Cornbread,restaurant,soul_food,40.6704912,-73.954726
node,9431874765,Brooklyn,El Espino,restaurant,latin_american,40.6414927,-74.0174406
node,9432153007,Brooklyn,El Buen Gusto Restaurant,restaurant,latin_american,40.6451592,-74.0136405
node,9441305090,Brooklyn,Fujiyama,restaurant,japanese;sushi,40.6211765,-74.0063162
node,9478398286,Brooklyn,El Pingüino,restaurant,seafood,40.7298114,-73.9597837
node,9501848861,Brooklyn,El Rey de Pescado,restaurant,seafood;mexican,40.6475,-74.0076194
node,9503346177,Brooklyn,Los Burritos Juárez,restaurant,mexican,40.6931052,-73.9720959
node,9503346179,Brooklyn,Mint Heights,restaurant,indian,40.6930776,-73.9714526
node,9511990466,Brooklyn,Milly’s,restaurant,american;local,40.688066,-73.9550313
node,9512186337,Brooklyn,Bombay Heights,restaurant,indian,40.6882255,-73.9550673
node,9512283422,Brooklyn,Thai 101,restaurant,thai,40.6931406,-73.967508
node,9518146176,Brooklyn,Ras,restaurant,ethiopian,40.6734302,-73.9568169
node,9528668470,Brooklyn,Lele's Roman,restaurant,italian;breakfast;brunch,40.6878617,-73.9835994
node,9532890830,Brooklyn,Cafe Plus,restaurant,american;nigerian,40.6797547,-73.9402608
node,9535989740,Brooklyn,Gueros,restaurant,mexican,40.6752285,-73.9567001
node,9537753229,Brooklyn,Los Cabos,restaurant,mexican,40.6502767,-74.0047115
node,9537798314,Brooklyn,Rinconcito Familiar,restaurant,mexican,40.6497972,-74.0056634
node,9538436273,Brooklyn,Jalepeños,restaurant,mexican,40.6409643,-74.0148636
node,9538777032,Brooklyn,Leo's,restaurant,pizza;italian,40.6242524,-74.0309062
node,9543945217,Brooklyn,Oasis,restaurant,middle_eastern,40.7182557,-73.9574255
node,9546812464,Brooklyn,Gee's Caribbean Restaurant,restaurant,caribbean,40.6722793,-73.9504213
node,9583501317,Brooklyn,Lucy's Vietnamese,restaurant,vietnamese,40.6856058,-73.9541676
node,9595950536,Brooklyn,Tong,restaurant,thai,40.707848,-73.920557
node,9595950537,Brooklyn,Za-Ya,restaurant,ramen,40.7079761,-73.9204264
node,9622073539,Brooklyn,Gua-Cu-Co,restaurant,venezuelan,40.6919755,-73.9429
node,9622073540,Brooklyn,Sajoma Restaurant,restaurant,latin_american;breakfast,40.6927565,-73.9402997
node,9624267824,Brooklyn,Samurai Papa,restaurant,ramen,40.6898051,-73.9510019
node,9625310236,Brooklyn,Saraghina Caffé,restaurant,italian,40.6896885,-73.9718297
node,9629550614,Brooklyn,Black Iris,restaurant,middle_eastern,40.687312,-73.9725117
node,9638330218,Brooklyn,E sushi II,restaurant,asian;japanese;sushi,40.5888335,-73.949205
node,9649145450,Brooklyn,Umi Sushi,restaurant,japanese;sushi,40.57667,-73.9666694
node,9658995859,Brooklyn,Northerly Coffee,restaurant,coffee_shop,40.7105767,-73.9580361
node,9670464381,Brooklyn,Liberty Soul Food,restaurant,american,40.6850565,-73.9139634
node,9673072467,Brooklyn,Arcos de Puebla,restaurant,mexican,40.7071589,-73.9395935
node,9673090632,Brooklyn,Carribean Soul,restaurant,,40.7074088,-73.9396195
node,9690650984,Brooklyn,Milk and Roses,restaurant,italian;american,40.737425,-73.9550647
node,9693419527,Brooklyn,Bar Chuzo,restaurant,latin_american,40.6181033,-74.0334297
node,9693419528,Brooklyn,The Common,restaurant,american;italian;breakfast,40.6178284,-74.0335522
node,9693909435,Brooklyn,Chez Oskar,restaurant,french,40.6821771,-73.9290631
node,9693909436,Brooklyn,Trad Room,restaurant,japanese,40.6838943,-73.9294152
node,9694850817,Brooklyn,Mai's,restaurant,vietnamese,40.6289974,-74.0286257
node,9695903781,Brooklyn,BRUJOS Brooklyn Taco Company,restaurant,mexican,40.7143075,-73.9445172
node,9696064166,Brooklyn,Carmine & Sons Pizzeria & Sports Bar,restaurant,italian;pizza,40.7149179,-73.9442822
node,9703831982,Brooklyn,Luigi's Pizza,restaurant,pizza,40.5784423,-73.9580391
node,9719529917,Brooklyn,Mandato Mexican Restaurant,restaurant,mexican,40.6330735,-74.0273071
node,9721713290,Brooklyn,Blue Fin,restaurant,,40.6874094,-73.9180407
node,9731450850,Brooklyn,Peeps Kitchen,restaurant,chicken,40.7214116,-73.9458811
node,9738560318,Brooklyn,ADDA KHANA Restaurant and Sweets,restaurant,indian;bangladeshi,40.6427746,-73.9798585
node,9750365118,Brooklyn,Twin Grills,restaurant,caribbean;chicken,40.6859819,-73.920975
node,9752127120,Brooklyn,Buntopia,restaurant,asian,40.6960574,-73.9339061
node,9752174406,Brooklyn,jajaja,restaurant,,40.7201751,-73.9617238
node,9752598077,Brooklyn,Cuts and Slices,restaurant,pizza,40.6854893,-73.9203428
node,9752798370,Brooklyn,,restaurant,,40.6476387,-74.0071666
node,9756124146,Brooklyn,Il Posto,restaurant,italian,40.6215638,-73.9051458
node,9756124149,Brooklyn,New Hot Wok,restaurant,chinese,40.6256393,-73.9281637
node,9773486822,Brooklyn,Lutheran Halal Cafe,restaurant,middle_eastern;american,40.6479791,-74.0178664
node,9773702366,Brooklyn,Usuluteco #2,restaurant,latin_american,40.647534,-74.0151894
node,9775295982,Brooklyn,Brooklyn Bagel,restaurant,bagel;sandwich;pizza;sushi,40.6995939,-73.9596142
node,9778406360,Brooklyn,Ruse Brewery & Taproom,restaurant,pizza;detroit_steel-pan;american,45.4878028,-122.648125
node,9779751312,Brooklyn,Saravá Bistro,restaurant,brazilian;american,40.6358753,-74.0258051
node,9779751530,Brooklyn,Wanka 11,restaurant,peruvian,40.6362838,-74.025636
node,9779884975,Brooklyn,Bayridge Sushi,restaurant,sushi,40.6354374,-74.0263444
node,9779884979,Brooklyn,Frankie's,restaurant,pizza,40.6343866,-74.0270474
node,9779884991,Brooklyn,The New Sancho's,restaurant,spanish;diner,40.635284,-74.0264101
node,9780522584,Brooklyn,Red Bowl,restaurant,chinese,40.6239282,-74.0310372
node,9780522588,Brooklyn,Sapporo,restaurant,japanese,40.6289914,-74.0289734
node,9793178849,Brooklyn,Em Vietnamese Bistro,restaurant,vietnamese,40.7026903,-73.9914001
node,9793502864,Brooklyn,Arberia,restaurant,balkan,40.6122078,-73.9784004
node,9795629813,Brooklyn,Vineapple Cafe,restaurant,italian;coffee_shop,40.6982873,-73.9930701
node,9797307326,Brooklyn,Rim Nam Thai Kitchen,restaurant,thai,40.7033087,-73.9867687
node,9811490179,Brooklyn,Crab House Brooklyn,restaurant,seafood,40.5757436,-73.9804567
node,9811576285,Brooklyn,Pete's Clam Stop,restaurant,seafood,40.575331,-73.9820617
node,9811756182,Brooklyn,Rare,restaurant,seafood;italian;mexican;european;burger,40.5756425,-73.9781561
node,9811756183,Brooklyn,TaoXi,restaurant,chinese;sushi,40.575633,-73.97803
node,9819786681,Brooklyn,Baadshah 786 Restaurant & Sweets,restaurant,pakistani,40.6008706,-74.0004682
node,9823117907,Brooklyn,Bay Ridge Diner,restaurant,diner,40.6252471,-74.0241962
node,9826331332,Brooklyn,Uncle Taher Restaurant,restaurant,yemeni,40.6316014,-74.0219564
node,9826621835,Brooklyn,New Star,restaurant,chinese;sushi,40.5862534,-73.9715662
node,9828589991,Brooklyn,Fini Patio Bar,restaurant,italian;pizza,40.6941099,-74.0004847
node,9828956717,Brooklyn,65 Kuho Sushi Hotpot,restaurant,asian;chinese;japanese;noodle,40.6205406,-73.9921831
node,9834107254,Brooklyn,Brooklyn Kabab,restaurant,middle_eastern,40.6335078,-74.0208122
node,9834601289,Brooklyn,Yamashiro,restaurant,japanese,40.6932487,-73.966589
node,9845248539,Brooklyn,FuYuan Kitchen,restaurant,chinese,40.6043671,-73.9975255
node,9845263124,Brooklyn,Yomie's Rice x Yogurt,restaurant,,40.6039321,-73.9967999
node,9845263680,Brooklyn,Ajimi,restaurant,,40.6078249,-74.0021801
node,9845268954,Brooklyn,Ichi Sushi,restaurant,japanese,40.6039128,-73.9974468
node,9845269288,Brooklyn,Twisted Wings,restaurant,,40.6018598,-73.9941579
node,9845281851,Brooklyn,Ten Seconds Yunnan Rice Noodle,restaurant,chinese,40.6038604,-73.9966803
node,9845281853,Brooklyn,Triple Red Inc,restaurant,,40.6027982,-73.9955875
node,9845287453,Brooklyn,Ricepot Thai Cookhouse,restaurant,thai,40.6047094,-73.9988058
node,9845295604,Brooklyn,Kings Kitchen,restaurant,,40.6039648,-73.9968544
node,9845743593,Brooklyn,PokéBowl Station + Mars Tea,restaurant,hawaiian,40.6041325,-73.9971342
node,9851817064,Brooklyn,Marthitas Kitchen #2,restaurant,,40.6858603,-73.9153987
node,9853269825,Brooklyn,Pizza Hut,restaurant,pizza,40.6510345,-73.9497924
node,9858800449,Brooklyn,Sachiko,restaurant,japanese,40.5763657,-73.9656681
node,9917646829,Brooklyn,El Rancho Grande,restaurant,mexican,40.6470695,-74.0084814
node,9953138161,Brooklyn,Yugen Sushi,restaurant,sushi,40.6988455,-73.9167258
node,9964875987,Brooklyn,No. 7 Restaurant,restaurant,american,40.6783094,-73.9684219
node,9969023913,Brooklyn,Indika House,restaurant,indian,40.697186,-73.9353553
node,9993646351,Brooklyn,Birbante,restaurant,italian;pizza,40.7029005,-73.9938186
node,9993646354,Brooklyn,Brooklyn BBQ,restaurant,barbecue,40.6979507,-73.9918895
node,10002190858,Brooklyn,Mao Mao,restaurant,thai,40.695805,-73.9334721
node,10032204061,Brooklyn,Strange Flavor Burger Shack,restaurant,burger,40.7059175,-73.9239412
node,10033913218,Brooklyn,Istanbul Bay,restaurant,turkish,40.6015805,-73.9938679
node,10067180314,Brooklyn,George's Latin American Bistro,restaurant,spanish;latin_american,40.7014386,-73.9424037
node,10074094104,Brooklyn,Acre,restaurant,japanese,40.7262824,-73.9546913
node,10074094115,Brooklyn,Rule of Thirds,restaurant,japanese,40.7247297,-73.955217
node,10091724025,Brooklyn,Mr. Bao,restaurant,chinese,40.7170474,-73.9587441
node,10091724027,Brooklyn,Williamsburg Thai Cuisine,restaurant,thai,40.7169607,-73.9588354
node,10092297323,Brooklyn,Little Italy,restaurant,pizza,40.7179522,-73.9574512
node,10093672659,Brooklyn,Suzy's Roti Parlor,restaurant,caribbean,40.6466591,-73.970489
node,10110388866,Brooklyn,Greedi Vegan,restaurant,,40.6865334,-73.9447035
node,10126837778,Brooklyn,Hunan Cottage Restaurant,restaurant,chinese,40.5904681,-73.9720319
node,10136331385,Brooklyn,Falada,restaurant,seafood,40.5838714,-73.9477854
node,10136331386,Brooklyn,Signature Restaurant,restaurant,,40.5838643,-73.947921
node,10136331387,Brooklyn,Next Door,restaurant,italian,40.5838656,-73.9480456
node,10155740447,Brooklyn,Mac Shack,restaurant,pasta,40.6818304,-73.9289986
node,10157828504,Brooklyn,Big John's,restaurant,diner,40.6567971,-74.0021559
node,10157897079,Brooklyn,Taqueria El Maguey,restaurant,mexican,40.652159,-74.0063584
node,10158422688,Brooklyn,Bombay Grill,restaurant,indian,40.6223463,-74.0316868
node,10159420066,Brooklyn,Taj Mahal,restaurant,indian,40.6323802,-74.0272509
node,10160671298,Brooklyn,Piccante,restaurant,italian,40.6318787,-74.0277941
node,10179186552,Brooklyn,Daphne's,restaurant,,40.68294,-73.9410932
node,10195320167,Brooklyn,New Great Wall,restaurant,chinese,40.5937207,-73.9402372
node,10197977631,Brooklyn,Grand Villa,restaurant,salvadoran,40.6533608,-74.0091467
node,10198446033,Brooklyn,Las Margaritas,restaurant,mexican,40.6333481,-74.0271956
node,10198446034,Brooklyn,Don Mario,restaurant,mexican,40.6333998,-74.0271746
node,10198579965,Brooklyn,Brooklyn Roots,restaurant,italian,40.6229248,-74.031467
node,10202439493,Brooklyn,Terina,restaurant,italian,40.6244756,-74.0308274
node,10202439498,Brooklyn,Sofia,restaurant,italian,40.6248665,-74.0306667
node,10202924641,Brooklyn,Inaka Japanese Fusion,restaurant,japanese;sushi,40.6252092,-74.0305303
node,10213668654,Brooklyn,Neta Shari,restaurant,sushi,40.6081692,-74.0044434
node,10231807280,Brooklyn,Sonora,restaurant,mexican,40.6824857,-73.9200774
node,10241224620,Brooklyn,Mitchell's Kitchen,restaurant,,40.6820317,-73.9257215
node,10245411699,Brooklyn,Castillo de Yaque,restaurant,latin_american,40.6472769,-74.0082754
node,10245411700,Brooklyn,La Cabaña,restaurant,mexican,40.6476994,-74.0074112
node,10245469620,Brooklyn,El Quetzalito,restaurant,guatemalan,40.646886,-74.008245
node,10245592466,Brooklyn,Tacos Tijuana,restaurant,mexican,40.6403724,-74.015039
node,10247709075,Brooklyn,El Castillo de Jagua,restaurant,latin_american,40.6567135,-73.95994
node,10247709080,Brooklyn,Palenque,restaurant,columbian,40.6616132,-73.9616319
node,10247709085,Brooklyn,King of Tandoor,restaurant,indian,40.6589077,-73.9607132
node,10247709087,Brooklyn,Slowloris,restaurant,korean;japanese,40.6602754,-73.9608132
node,10247709092,Brooklyn,Bonafini,restaurant,italian,40.6570327,-73.96002
node,10247751974,Brooklyn,Flatbush Thai,restaurant,thai,40.6600208,-73.9604318
node,10276373890,Brooklyn,Plov Center,restaurant,,40.5849511,-73.9504856
node,10294459402,Brooklyn,Honey Badger,restaurant,new_american,40.6582005,-73.9599786
node,10294459403,Brooklyn,Risbo,restaurant,american;french,40.6560508,-73.9597742
node,10315606382,Brooklyn,Amy Thai Bistro,restaurant,thai,40.6606222,-73.9604904
node,10357823726,Brooklyn,Madre,restaurant,,40.7331177,-73.9579216
node,10553751072,Brooklyn,Gino's Trattoria & Bar,restaurant,italian;pizza,40.6605555,-73.9608887
node,10554788999,Brooklyn,Meta Pizza,restaurant,pizza,45.4968561,-122.6538323
node,10563636948,Brooklyn,MangoSeed,restaurant,caribbean,40.6545097,-73.9594562
node,10587466904,Brooklyn,"Golden ""Z""",restaurant,chinese,40.5986407,-73.9569464
node,10587469007,Brooklyn,Karavan,restaurant,tajik,40.5988026,-73.9578544
node,10590328166,Brooklyn,WOW Bistro,restaurant,,40.5821739,-73.9563162
node,10594636152,Brooklyn,Buka,restaurant,nigerian,40.6815735,-73.9571317
node,10599908840,Brooklyn,CJ Caribbean Cuisine & Cafe,restaurant,caribbean,40.6507567,-73.9586224
node,10611597221,Brooklyn,Original Pizza,restaurant,pizza,40.6378213,-73.8963608
node,10611597223,Brooklyn,Good Friend,restaurant,chinese,40.6380258,-73.8960396
node,10611597234,Brooklyn,Long Won,restaurant,chinese,40.6373159,-73.8933265
node,10611901526,Brooklyn,Cap't Loui,restaurant,seafood,40.6932431,-73.9693053
node,10617132598,Brooklyn,Wonderful Asian Resturaunt,restaurant,asian,40.6855402,-73.9444977
node,10627151275,Brooklyn,Nostrand Ave Pizza,restaurant,pizza;italian,40.6780329,-73.9495775
node,10627463300,Brooklyn,Cielito Lindo Bistro,restaurant,mexican,40.674543,-73.9499139
node,10635155033,Brooklyn,Stella's,restaurant,caribbean,40.6690652,-73.9856821
node,10657973358,Brooklyn,Upside Pizza,restaurant,pizza,40.7241881,-73.9508843
node,10676992139,Brooklyn,El Comedor,restaurant,latin_american,40.6412341,-74.0141335
node,10676992149,Brooklyn,El Viejo John's,restaurant,latin_american,40.6415287,-74.0138247
node,10677034527,Brooklyn,Georges,restaurant,diner;latin_american,40.6410176,-74.0143625
node,10677034528,Brooklyn,Tres Chivos,restaurant,mexican,40.6407478,-74.0146425
node,10677077425,Brooklyn,Yemen Unity Restaurant,restaurant,yemeni,40.6348742,-74.0206246
node,10687171153,Brooklyn,Bar Mario,restaurant,italian,40.6766251,-74.0135326
node,10690152493,Brooklyn,Taj Kebab King,restaurant,indian,40.7110523,-73.9487454
node,10692053534,Brooklyn,The Steel Mill,restaurant,mexican;asian;fusion,40.6856124,-73.9108374
node,10695638227,Brooklyn,M Shanghai,restaurant,,40.7129145,-73.9575768
node,10703133903,Brooklyn,Dar 525,restaurant,mediterranean,40.7111594,-73.9502714
node,10705120000,Brooklyn,Cinnabon/Carvel,restaurant,ice_cream;dessert;donut,40.6845137,-73.9442992
node,10705129107,Brooklyn,Nagle's Bagels,restaurant,bagel,40.6844012,-73.9442784
node,10712803766,Brooklyn,The King of Meat,restaurant,steak_house;mexican;burger,40.6483668,-74.0071506
node,10713086855,Brooklyn,Casa Vieja Restaurant,restaurant,mexican,40.6391832,-74.0162635
node,10726531752,Brooklyn,Gosht Josper Grill,restaurant,russian;uzbek,40.5772761,-73.9593992
node,10764452105,Brooklyn,Xcellent Soul Food,restaurant,american,40.6762522,-73.9220421
node,10764756896,Brooklyn,Fukurou,restaurant,japanese,40.7015342,-73.9269491
node,10765067343,Brooklyn,Hills Kitchen,restaurant,nigerian,40.7025121,-73.9251238
node,10773959529,Brooklyn,Offshore Restaurant,restaurant,,40.6288014,-74.0290513
node,10773959531,Brooklyn,Somethingreek,restaurant,greek,40.6303535,-74.0284087
node,10773959534,Brooklyn,Mikawa,restaurant,japanese,40.631856,-74.0274634
node,10780489355,Brooklyn,Anchor Cafe,restaurant,turkish,40.5786613,-73.9891743
node,10785420254,Brooklyn,Teriyaki One,restaurant,japanese,40.593466,-73.9995139
node,10797371357,Brooklyn,Yemen Cafe,restaurant,middle_eastern,40.6304791,-74.0220573
node,10797403540,Brooklyn,Gino's,restaurant,italian;pizza,40.6299435,-74.0226208
node,10803109639,Brooklyn,Mi Bella Cholulita,restaurant,mexican,40.6980545,-73.9374508
node,10817712250,Brooklyn,Everytable,restaurant,salad;sandwich,40.6920015,-73.9847858
node,10820248516,Brooklyn,Ostudio at Night,restaurant,eclectic,40.6974012,-73.9372276
node,10821031005,Brooklyn,Rocca Cafe & Lounge,restaurant,turkish;mediterranean,40.5834945,-73.9408495
node,10822653417,Brooklyn,Mike's Royal Diner,restaurant,diner,40.6283352,-74.0229376
node,10822653425,Brooklyn,Soul Of Palestine NYC,restaurant,arab;mediterranean,40.6281709,-74.0233517
node,10822776531,Brooklyn,Tanoshii,restaurant,japanese;ramen,40.6276182,-74.0235755
node,10822931542,Brooklyn,Istanbul Bay,restaurant,turkish,40.6257548,-74.0243381
node,10834126657,Brooklyn,Oregano Brooklyn,restaurant,italian;pizza,40.7190899,-73.958676
node,10836203033,Brooklyn,Big Wong,restaurant,chinese,40.7169948,-73.9591521
node,10836229750,Brooklyn,Pokebab,restaurant,poke,40.7168455,-73.9586289
node,10838028983,Brooklyn,Tony's Pizzeria,restaurant,pizza,40.7253798,-73.946272
node,10838671326,Brooklyn,Maison Premiere,restaurant,seafood,40.7142409,-73.9616034
node,10838775156,Brooklyn,Super Burrito,restaurant,mexican,40.7134771,-73.9621023
node,10838958947,Brooklyn,Fini Pizza,restaurant,pizza,40.7134723,-73.9618052
node,10870572691,Brooklyn,Breakfast by Salt’s Cure,restaurant,breakfast,40.6816671,-73.9963998
node,10874803320,Brooklyn,Zaman,restaurant,middle_eastern,40.6193851,-74.0278421
node,10935388065,Brooklyn,Kpot Korean BBQ & Hot Pot,restaurant,barbecue;korean,40.5757405,-73.9802188
node,10964551705,Brooklyn,Maite,restaurant,international,40.6991816,-73.9268037
node,10968067877,Brooklyn,Sabor Latino,restaurant,latin_american,40.7106559,-73.9512325
node,10968102823,Brooklyn,Lily Thai,restaurant,thai,40.7114139,-73.9475953
node,10968102825,Brooklyn,La Chacra,restaurant,peruvian,40.7114109,-73.9476266
node,10968102833,Brooklyn,Da Francesco,restaurant,pizza,40.7109722,-73.9495888
node,10968324911,Brooklyn,Montesacro,restaurant,italian;pizza,40.7133696,-73.9513545
node,10972297741,Brooklyn,IHOP,restaurant,breakfast;pancake,40.5756952,-73.9790297
node,10981491236,Brooklyn,Jucy Lucy,restaurant,,40.7246234,-73.9478226
node,10998186063,Brooklyn,Z Halal Restaurant,restaurant,,40.6807103,-73.9543042
node,10998370405,Brooklyn,Holic Thai Bistro,restaurant,thai,40.67822,-73.9498706
node,11002042945,Brooklyn,Hendrix House,restaurant,caribbean,40.6790567,-73.9494966
node,11009510556,Brooklyn,China Restaurant,restaurant,chinese;chicken,40.6502411,-73.9300285
node,11013355553,Brooklyn,Bar Camillo,restaurant,italian,40.6865279,-73.9443999
node,11014787303,Brooklyn,Waku Waku,restaurant,japanese,40.6559905,-74.0069707
node,11016355598,Brooklyn,U & I Restaurant,restaurant,diner;greek,40.6304564,-73.9774025
node,11023996243,Brooklyn,IHOP,restaurant,breakfast;pancake,40.7010213,-73.9412824
node,11027869973,Brooklyn,Le Sajj,restaurant,lebanese,40.6237173,-74.0248287
node,11047898482,Brooklyn,Farmhouse Restaurant,restaurant,chinese,40.6047917,-73.998927
node,11047933265,Brooklyn,New Hunan Wok,restaurant,asian,40.6046873,-73.9987569
node,11047952916,Brooklyn,Liu’s Shanghai,restaurant,chinese,40.602843,-74.0038939
node,11073916484,Brooklyn,Ankara 1,restaurant,turkish,40.6088231,-73.9584271
node,11074193405,Brooklyn,Queen,restaurant,mediterranean,40.7060935,-73.9223428
node,11085550222,Brooklyn,El Rey V Restaurant,restaurant,spanish,40.6904109,-73.9239434
node,11126353500,Brooklyn,Kaiff,restaurant,,40.6835148,-73.9118396
node,11136769495,Brooklyn,Zaca Cafe,restaurant,,40.6821714,-73.9380393
node,11144787708,Brooklyn,Il Leone,restaurant,pizza,40.6722231,-73.977337
node,11152104482,Brooklyn,Applebee's,restaurant,american,40.6849664,-73.9767341
node,11160862105,Brooklyn,Bozu,restaurant,japanese;sushi,40.7128849,-73.9574856
node,11163476905,Brooklyn,Antidote,restaurant,chinese,40.7142684,-73.9654775
node,11167699930,Brooklyn,Lula Mae,restaurant,cambodian;seafood,40.6932728,-73.9663971
node,11225912455,Brooklyn,Shady's Tap Room,restaurant,,42.106253,-84.2482164
node,11262391216,Brooklyn,Cafe Lily,restaurant,korean;uzbek,40.6101349,-73.9835843
node,11264964167,Brooklyn,Breeze,restaurant,chinese,40.7230226,-73.9505013
node,11274954976,Brooklyn,Sally's Seafood Station,restaurant,,40.64207,-74.0054965
node,11294399142,Brooklyn,Ramen Spot,restaurant,ramen,40.7268441,-73.9523876
node,11329924992,Brooklyn,Concrete,restaurant,italian,40.6976864,-73.9368386
node,11357126369,Brooklyn,Celestine,restaurant,,40.7046132,-73.9880229
node,11359032869,Brooklyn,Makan House,restaurant,asian;malaysian,40.5984308,-73.9589421
node,11359032872,Brooklyn,Shashlik House,restaurant,uzbek,40.5984557,-73.9586993
node,11359410069,Brooklyn,Mesiba,restaurant,mediterranean,40.711378,-73.9631216
node,11396214282,Brooklyn,Little Dokebi,restaurant,korean,40.7231493,-73.9423602
node,11401443650,Brooklyn,Taqueria Maria and Ricardo,restaurant,mexican,40.6390736,-73.9692692
node,11407297860,Brooklyn,Ainslie,restaurant,italian;pizza,40.7124328,-73.9519688
node,11423243400,Brooklyn,Misipasta,restaurant,italian,40.7159245,-73.9655474
node,11479622125,Brooklyn,Panajachel Solola,restaurant,guatemalan,40.6508896,-74.0040856
node,11479622127,Brooklyn,El Quetzalito,restaurant,guatemalan,40.6460159,-74.0091647
node,11483989559,Brooklyn,G Sushi Sashimi,restaurant,sushi,40.6342408,-74.0264847
node,11484261984,Brooklyn,Ubani,restaurant,georgian,40.6253886,-74.0301027
node,11484261986,Brooklyn,Polonica,restaurant,polish,40.6254897,-74.0300612
node,11492713480,Brooklyn,Mighty Quinn's BBQ,restaurant,barbecue,40.6916033,-73.9888725
node,11511817072,Brooklyn,The Taco Bar,restaurant,mexican,40.6871838,-73.9448199
node,11512084768,Brooklyn,Reverie,restaurant,,40.7162748,-73.9622509
node,11532221724,Brooklyn,Jalsa,restaurant,indian,40.6382647,-73.9687138
node,11555201009,Brooklyn,Dunya Kabab House,restaurant,afghan,40.6405215,-73.9693637
node,11575199916,Brooklyn,Nawabi Bhoj,restaurant,,40.6806048,-73.9510212
node,11588630080,Brooklyn,Jin Jin Hong Kong Cafe,restaurant,chinese;japanese,40.620469,-73.9890272
node,11590098385,Brooklyn,F1 Lounge,restaurant,caribbean,40.6396995,-73.9550538
node,11590098388,Brooklyn,Tacos El Dorado,restaurant,mexican,40.6402054,-73.9555551
node,11590100579,Brooklyn,Los Tres Chiflados,restaurant,mexican,40.6455076,-73.958237
node,11618784873,Brooklyn,Red Crab,restaurant,seafood,40.6538923,-73.8672135
node,11618784875,Brooklyn,Sally's Restaurant,restaurant,caribbean,40.6541449,-73.8673721
node,11618784876,Brooklyn,Dallas BBQ,restaurant,barbecue,40.6535484,-73.8669567
node,11631440523,Brooklyn,Cafe Ornithology,restaurant,,40.6953937,-73.9321876
node,11633619800,Brooklyn,Toribio Restaurant,restaurant,latin_american,40.682073,-73.8781311
node,11657374225,Brooklyn,Estihana,restaurant,sushi,40.6250685,-73.9635876
node,11658242570,Brooklyn,Xiang Hotpot-Brooklyn,restaurant,chinese,40.6338842,-74.0047203
node,11671060142,Brooklyn,Rico Chimi,restaurant,latin_american,40.6773243,-73.8862606
node,11682433562,Brooklyn,Lakay Bistro,restaurant,haitian;southern;caribbean,40.688689,-73.9237231
node,11687884605,Brooklyn,Ipoh Kitchen Asian Cuisine,restaurant,chinese,40.6167056,-73.9854672
node,11687884606,Brooklyn,La Cemita,restaurant,mexican,40.6166629,-73.9855128
node,11712060130,Brooklyn,Adore Brooklyn,restaurant,,40.7177358,-73.958861
node,11721695352,Brooklyn,Mesa Coyoacan,restaurant,mexican,40.7155164,-73.9443889
node,11721695353,Brooklyn,Sel de Mer,restaurant,seafood,40.7155677,-73.9443952
node,11739272856,Brooklyn,Caspiy Restaurant,restaurant,,40.5879477,-73.9557962
node,11746463841,Brooklyn,Greek Kitchen,restaurant,greek,40.7306052,-73.9541599
node,11762226120,Brooklyn,Carib-Soul BK,restaurant,caribbean,40.6783321,-73.9640358
node,11764892852,Brooklyn,Come On Thai,restaurant,thai,40.6291028,-74.0285806
node,11771951599,Brooklyn,Guria,restaurant,georgian,40.5906697,-73.9402234
node,11787040568,Brooklyn,Izakaya Sushi & Loung,restaurant,japanese;sushi,40.5869254,-73.9524957
node,11795950199,Brooklyn,Pho 60,restaurant,vietnamese,40.6328708,-74.0048964
node,11800318553,Brooklyn,Lucy's Vietnamese,restaurant,vietnamese,40.71882,-73.95895
node,11808368490,Brooklyn,Marcela Cocina Mexicana,restaurant,mexican,40.6272653,-74.0139583
node,11823710240,Brooklyn,Affable Eatery,restaurant,chinese,40.6308874,-74.0099939
node,11836256030,Brooklyn,Golden City,restaurant,chinese,40.6168206,-73.9857507
node,11868399774,Brooklyn,Radio Star,restaurant,,40.7297778,-73.9601363
node,11868399779,Brooklyn,21 Greenpoint,restaurant,,40.7297977,-73.9599277
node,11870170730,Brooklyn,Mystica,restaurant,mexican,40.7332567,-73.958002
node,11884115407,Brooklyn,Tandir Rokhat,restaurant,,40.591173,-73.9608583
node,11907690086,Brooklyn,My Grill Bar,restaurant,israeli,40.6097889,-73.9628181
node,11920227481,Brooklyn,Enerugi Ramen,restaurant,,40.7338574,-73.9547008
node,11931618254,Brooklyn,Oleandr,restaurant,,40.5771366,-73.9628679
node,11934154220,Brooklyn,Santa Panza,restaurant,pizza;pasta,40.6946047,-73.9307712
node,11943030114,Brooklyn,Native,restaurant,african,40.6977711,-73.9364055
node,11951864818,Brooklyn,Fat Rabbit Diner,restaurant,american;breakfast,40.6895853,-73.9694747
node,11968218727,Brooklyn,HaaM,restaurant,dominican;trinidadian,40.7075031,-73.950372
node,11968856800,Brooklyn,Chrissy's Pizza,restaurant,pizza,40.7246969,-73.9476789
node,11971047114,Brooklyn,Water St. Tavern,restaurant,american,40.7025972,-73.9865509
node,11975933900,Brooklyn,Kyoto Sushi,restaurant,sushi;japanese,40.7251428,-73.9469555
node,11978707605,Brooklyn,Testo,restaurant,italian,40.7083206,-73.9469086
node,12047655753,Brooklyn,Sweetie’s K-Chicken,restaurant,korean;fried_chicken,40.7249302,-73.9512899
node,12047723586,Brooklyn,MáLà Project,restaurant,sichuan,40.7232072,-73.9506159
node,12066720796,Brooklyn,Jiku,restaurant,korean;chicken,40.6476883,-73.9678403
node,12070736700,Brooklyn,Veselka,restaurant,ukrainian,40.7163681,-73.949593
node,12082261802,Brooklyn,Linda Restaurant,restaurant,mexican,40.6371969,-73.9683994
node,12089522880,Brooklyn,Anvar’s,restaurant,kebab,40.5768501,-73.9658463
node,12113605047,Brooklyn,Akara House,restaurant,nigerian,40.6764406,-73.9500418
node,12117552389,Brooklyn,Tatiana Grill,restaurant,russian;mediterranean,40.5751464,-73.9625633
node,12117625734,Brooklyn,Garden Of Joy,restaurant,,40.5752103,-73.961249
node,12117665601,Brooklyn,Hot Potato House,restaurant,,40.5770818,-73.9525296
node,12117665602,Brooklyn,,restaurant,,40.5770916,-73.9524514
node,12155397147,Brooklyn,Chun Hong Kong Cafe,restaurant,chinese,40.6192358,-73.9898726
node,12195912651,Brooklyn,Dar 525,restaurant,mediterranean,40.6850326,-73.9293318
node,12228583509,Brooklyn,,restaurant,pizza,40.6353618,-73.9919784
node,12228583516,Brooklyn,blew,restaurant,,40.63527,-73.9920689
node,12235064098,Brooklyn,Malone's Chop House,restaurant,steak_house,40.6166658,-74.0336638
node,12239587902,Brooklyn,Cuihua Kitchen Inc,restaurant,chinese,40.6044042,-73.9982169
node,12239671670,Brooklyn,Chopstix Food Hall,restaurant,asian,40.6020609,-73.9943623
node,12244830003,Brooklyn,Align Coffee,restaurant,coffee_shop;pancake;savory_pancakes,40.7082911,-73.9534105
node,12246368911,Brooklyn,Salsa Pizza Napoletana,restaurant,pizza,40.7264357,-73.9552079
node,12247119188,Brooklyn,E Noodle Cafe,restaurant,hong_kong,40.6209448,-74.0264932
node,12247307330,Brooklyn,Ho' Brah,restaurant,mexican,40.6229781,-74.0314319
node,12248243318,Brooklyn,New Fu Shen Restaurant,restaurant,chinese,40.6361007,-74.0127169
node,12251081140,Brooklyn,Ayat,restaurant,palestinian,40.6241629,-74.0306037
node,12292274394,Brooklyn,Te Riki,restaurant,coffee_shop,40.6108473,-73.979322
node,12309958845,Brooklyn,Kelloggs Diner,restaurant,,40.713895,-73.95174
node,12352155342,Brooklyn,Don Patron,restaurant,mexican,40.6476656,-73.9679089
node,12360441504,Brooklyn,Sweet Catch,restaurant,seafood,40.6573748,-73.950427
node,12360441527,Brooklyn,Camillo,restaurant,italian,40.6596103,-73.9507041
node,12366377236,Brooklyn,Lutali,restaurant,,40.6225322,-73.9644152
node,12384563315,Brooklyn,Cappuccino Cafe,restaurant,american;italian,40.6294569,-74.0284475
node,12388899525,Brooklyn,Sakhli,restaurant,georgian,40.6171683,-73.9849728
node,12395666001,Brooklyn,Conohen,restaurant,japanese,40.6849657,-73.9444612
node,12398830774,Brooklyn,Five Leaves,restaurant,american,40.7236676,-73.951612
node,12416766703,Brooklyn,El Burrito Nacho,restaurant,mexican,40.68474,-73.9139846
node,12423262690,Brooklyn,New Three Star Restaurant,restaurant,diner,40.5991057,-73.9550515
node,12449613777,Brooklyn,Kaff Kafé,restaurant,,40.6284734,-73.9883792
node,12474961637,Brooklyn,King Crab Station,restaurant,chinese,40.5988134,-73.9882961
node,12475375401,Brooklyn,Simply Natural Grill House,restaurant,,40.7164964,-73.9590083
node,12480632412,Brooklyn,Fogo de Chão,restaurant,brazilian;steak_house,40.6914216,-73.9828851
node,12493110877,Brooklyn,Tone Cafe,restaurant,georgian,40.581384,-73.9632481
node,12533953501,Brooklyn,The Monkey King,restaurant,,40.7061629,-73.9210971
node,12534596173,Brooklyn,Mabat,restaurant,steak_house,40.6065012,-73.9655878
node,12534620325,Brooklyn,Sushi Tokyo,restaurant,japanese,40.6062074,-73.9657804
node,12579672001,Brooklyn,Lella Alimentari,restaurant,italian,40.7151467,-73.9463185
node,12596663779,Brooklyn,Pearl's Dive,restaurant,american,40.6805504,-74.0083998
node,12598635196,Brooklyn,Taquitos Mexico,restaurant,,40.6231054,-74.0011545
node,12602306528,Brooklyn,Strange Delight,restaurant,seafood,40.6872052,-73.9759848
node,12605493017,Brooklyn,Cava,restaurant,,40.7155855,-73.9588148
node,12618776814,Brooklyn,Samurai Sushi,restaurant,japanese;sushi,40.6085164,-74.0043943
node,12626648987,Brooklyn,Sunrise East,restaurant,chinese,40.7109991,-73.9492971
node,12628787690,Brooklyn,Rob's of Brooklyn,restaurant,pizza,40.6467689,-74.0012096
node,12631743736,Brooklyn,Yuan Zai Bing,restaurant,chinese,40.6365047,-74.0114916
node,12631743739,Brooklyn,Ng's Kitchen,restaurant,chinese,40.6352886,-74.0099728
node,12631743741,Brooklyn,New Double Fire,restaurant,chinese,40.6351592,-74.0101086
node,12631743742,Brooklyn,Gongfu Xiao Long Bao,restaurant,chinese,40.6351207,-74.0101489
node,12631743748,Brooklyn,Special Restaurant,restaurant,chinese,40.6359924,-74.0117519
node,12631743751,Brooklyn,Wang Hao Restaurant,restaurant,chinese,40.6359362,-74.0116585
node,12631743755,Brooklyn,Rice Village',restaurant,chinese,40.636507,-74.01188
node,12636191546,Brooklyn,Jacky Kung Fu,restaurant,japanese;chinese,40.6017194,-74.0023156
node,12638949932,Brooklyn,Gus's Pizzeria,restaurant,pizza;fried_chicken;italian;mexican,40.6041734,-74.0069102
node,12641196093,Brooklyn,,restaurant,chinese;bubble_tea,40.6055736,-74.0001683
node,12646577930,Brooklyn,Fei Long Spicy Hot Pot,restaurant,chinese,40.6437912,-74.0011767
node,12646577932,Brooklyn,Poke Bowl 101,restaurant,asian;fish,40.6448161,-74.0000892
node,12646577936,Brooklyn,Meiqing Restaurant,restaurant,asian,40.6439236,-74.0010377
node,12650765086,Brooklyn,Don Huang,restaurant,chinese,40.6353036,-74.0089934
node,12656856323,Brooklyn,Taco Callejero,restaurant,mexican,40.6351786,-73.963416
node,12660808463,Brooklyn,Istanblue Kebab House,restaurant,turkish,40.6250049,-73.9617935
node,12662562301,Brooklyn,Wenwen,restaurant,chinese,40.7339765,-73.9550761
node,12662707701,Brooklyn,99 Flavor Taste,restaurant,chinese,40.6356066,-74.0116046
node,12678165940,Brooklyn,Pie & Fries,restaurant,pizza,40.6323836,-73.9950736
node,12708575898,Brooklyn,Chikurin,restaurant,japanese,40.5880646,-73.9522391
node,12709177387,Brooklyn,Maison Provence,restaurant,french,40.7148538,-73.9546658
node,12724151534,Brooklyn,Hola la Pho,restaurant,vietnamese,40.624464,-74.0245187
node,12724672322,Brooklyn,Elia Restaurant,restaurant,greek,40.6230596,-74.0310532
node,12730434020,Brooklyn,Diamond Slice,restaurant,pizza,40.7250761,-73.9464209
node,12730434023,Brooklyn,Uzuki,restaurant,japanese,40.7245388,-73.9533898
node,12730434026,Brooklyn,Cecily,restaurant,,40.7273016,-73.9570039
node,12730434029,Brooklyn,The Esters,restaurant,pizza,40.7254449,-73.9452695
node,12732221742,Brooklyn,Crust Co.,restaurant,pizza,40.6326003,-73.9954272
node,12734209578,Brooklyn,Hana Japanese Restaurant,restaurant,japanese;sushi,40.6209733,-74.0256871
node,12735162572,Brooklyn,de Mole,restaurant,mexican,40.7138217,-73.9578455
node,12743431906,Brooklyn,Atithi,restaurant,indian,40.7147527,-73.9616283
node,12745327708,Brooklyn,Sud NYC,restaurant,italian;pizza,40.7157735,-73.9642133
node,12769013378,Brooklyn,Rehmat,restaurant,,40.630886,-73.9661657
node,12769013379,Brooklyn,Abodo,restaurant,mexican,40.6308321,-73.9661531
node,12784193901,Brooklyn,Fandi Mata,restaurant,,40.7189961,-73.9492194
node,12789084365,Brooklyn,Don Neo Fusion,restaurant,japanese,40.6944315,-73.9936488
node,12796244533,Brooklyn,Guarapo,restaurant,latin_american,40.7175413,-73.9634662
node,12796364028,Brooklyn,La Nonna Ristorante Bar,restaurant,italian,40.7184213,-73.9639673
node,12799621898,Brooklyn,Café Brume,restaurant,european,40.6951927,-73.9962275
node,12799671733,Brooklyn,Disco Birdies,restaurant,chicken;sandwich,40.6872687,-73.9567348
node,12823938130,Brooklyn,Greenhouse Cafe,restaurant,italian,40.6295543,-74.0284121
node,12832536694,Brooklyn,Gyro King,restaurant,greek,40.6334549,-73.9673253
node,12840466342,Brooklyn,Caridad China,restaurant,chinese;latin_american,40.7049422,-73.9426434
node,12842754599,Brooklyn,Mumbai Place,restaurant,indian,40.7110525,-73.9515028
node,12842971177,Brooklyn,Mr Taco,restaurant,mexican,40.6819279,-73.9117046
node,12843166300,Brooklyn,Shinjuku Japanese Fusion,restaurant,japanese,40.5862915,-73.9523121
node,12844709778,Brooklyn,Link Thai,restaurant,thai,40.7116212,-73.9428081
node,12844709779,Brooklyn,Curry in Handi,restaurant,indian,40.7023091,-73.936981
node,12869476856,Brooklyn,Pescada,restaurant,,40.6243262,-73.9648702
node,12871947098,Brooklyn,Alotta Wood Fired Pizza,restaurant,pizza,45.48945,-122.6513517
node,12898112287,Brooklyn,Luo's Burgers,restaurant,,40.6737136,-74.0116087
node,12947418670,Brooklyn,Sungold,restaurant,mediterranean;pizza,40.721559,-73.9585166
node,12957925226,Brooklyn,Katie O Soul,restaurant,soul_food,40.6616336,-73.9476578
node,12959913766,Brooklyn,Shaking Crab,restaurant,seafood,40.7041596,-73.9304737
node,12977783184,Brooklyn,Eyval,restaurant,persian,40.704136,-73.9331026
node,12977783185,Brooklyn,Bushniwa,restaurant,japanese,40.7040836,-73.9334781
node,12984640549,Brooklyn,Vanka Cafe,restaurant,russian,40.591021,-73.9403596
node,12987742065,Brooklyn,Fusion East,restaurant,caribbean;soul_food,40.6558764,-73.8733967
node,13023340777,Brooklyn,Bong,restaurant,cambodian,40.6727061,-73.9548016
node,13030039761,Brooklyn,Jack’s Wife Freda,restaurant,mediterranean,40.717074,-73.9632241
node,13060969229,Brooklyn,,restaurant,venezuelan;cachapa,40.673323,-73.887056
node,13067634242,Brooklyn,Tanoreen,restaurant,middle_eastern;palestinian,40.6308149,-74.0278883
node,13070058582,Brooklyn,Yummy's,restaurant,caribbean,40.6745366,-73.9502091
node,13142616201,Brooklyn,BunNan,restaurant,caribbean;sandwich,40.6398295,-73.9552009
node,13144718471,Brooklyn,Don Pablo Restaurant,restaurant,latin_american;breakfast,40.6844492,-73.8761688
node,13154434801,Brooklyn,Peri Peri Grill House,restaurant,african;portuguese,40.684725,-73.9292431
node,13188023819,Brooklyn,Muan Thai Restaurant and Bar,restaurant,thai,40.6737798,-73.9830769
node,13233727657,Brooklyn,Hudson Table Brooklyn,restaurant,,40.7168706,-73.9485714
node,13246607072,Brooklyn,Ramen Thupka,restaurant,ramen,40.6850874,-73.9796285
node,13265935943,Brooklyn,Shoof Burger,restaurant,,40.6896711,-73.9777776
node,13318560443,Brooklyn,Chiko,restaurant,,40.7318991,-73.9542272
node,13323294301,Brooklyn,Le Relais De Venise L'Entrecôte,restaurant,french;steak_house,40.6551915,-73.9267006
node,13370403667,Brooklyn,Thip Osha,restaurant,thai,40.7119986,-73.9414177
node,13372848249,Brooklyn,Amarin Café,restaurant,thai,40.7234775,-73.9507661
node,13374639704,Brooklyn,Ginza Sushi,restaurant,sushi;japanese,40.5929603,-73.9499956
node,13385622501,Brooklyn,Laghman Express,restaurant,arab;chinese,40.5990286,-73.9616081
node,13414761778,Brooklyn,The am-thai,restaurant,,40.7129861,-73.9588835
node,13429529829,Brooklyn,Ippudo V,restaurant,ramen,40.700359,-73.9879126
node,13504488899,Brooklyn,Enerugi Ramen,restaurant,japanese,40.6893397,-73.9918163
node,13504500620,Brooklyn,Joe's of Avenue U,restaurant,italian,40.597054,-73.9736675
node,13522435301,Brooklyn,Nacho Macho Taco,restaurant,mexican,40.6964416,-73.9138934
node,13556409379,Brooklyn,Shota Omakase,restaurant,sushi,40.7135787,-73.9662288
node,13574795162,Brooklyn,Di An Di,restaurant,,40.7295921,-73.9582524
node,13574820653,Brooklyn,Taku Sando,restaurant,,40.7298426,-73.9596521
node,13593289331,Brooklyn,Bridge Coffee Shop,restaurant,latin_american;diner,40.7022665,-73.984589
node,13607702109,Brooklyn,Indian Kitchen,restaurant,indian,40.711829,-73.9433096
node,13630163520,Brooklyn,Funny BBQ,restaurant,chinese,40.6385117,-74.0056405
node,13644379822,Brooklyn,Enso,restaurant,sushi,40.7187696,-73.9587012
node,13647675501,Brooklyn,Banhmigos,restaurant,vietnamese,40.7253553,-73.9523204
node,13648008947,Brooklyn,Concrete,restaurant,italian,40.697739,-73.9368839
node,13687332825,Brooklyn,Chama Mama,restaurant,georgian,40.7066077,-73.932128
node,13691985207,Brooklyn,Fish sushi,restaurant,japanese,42.8592831,-89.3694669
node,13714964773,Brooklyn,Fusion Bites,restaurant,sushi,40.7276184,-73.952854
node,13723221049,Brooklyn,Little Plaza Pizza,restaurant,pizza,40.654905,-73.96143
node,13745836171,Brooklyn,Gair,restaurant,,40.7031092,-73.9894258
node,13749931601,Brooklyn,Chang Yu Restaurant,restaurant,chinese,40.6952002,-73.9203831
node,13783705801,Brooklyn,Johnny’s,restaurant,,40.716075,-73.9495656
node,13788042401,Brooklyn,Don Udon,restaurant,japanese,40.6741015,-73.9571572
node,13806666903,Brooklyn,Sol de Quito,restaurant,international,40.7018311,-73.9190161
node,13815471481,Brooklyn,Bedford Gardens,restaurant,asian;sushi,40.7181733,-73.9575142
node,13815471482,Brooklyn,Mama Pho,restaurant,vietnamese,40.7181456,-73.957544
node,13825105256,Brooklyn,Kampos Taverna,restaurant,greek,40.6246102,-74.0304261
node,13825105257,Brooklyn,Schnitzel Haus,restaurant,german,40.6373989,-74.0317491
node,13834681564,Brooklyn,Olive Garden,restaurant,italian,40.6515595,-73.8692138
node,13834681578,Brooklyn,Dave & Buster's,restaurant,american,40.6507386,-73.8708155
node,13840152302,Brooklyn,Dabakh-Kine,restaurant,african,40.6788274,-73.9186623
node,13850880101,Brooklyn,GiGi Curry & Noodle Bar,restaurant,thai,40.6992155,-73.9170554
node,13873005601,Brooklyn,Money Cat Vietnamese American,restaurant,vietnamese,40.690801,-73.9087771
node,13877888092,Brooklyn,Steam Box Rice Rolls,restaurant,rice_noodle,40.6187538,-73.9903644
node,13885523903,Brooklyn,Four Seasons,restaurant,caribbean,40.6506402,-73.9561863
node,13904736720,Brooklyn,First Stop Deli,restaurant,,40.616658,-73.9710962
node,13936369413,Brooklyn,Mariscos El Submarino,restaurant,seafood;mexican,40.6937147,-73.9645989
node,13940637521,Brooklyn,High Tide,restaurant,,40.7032865,-73.994946
node,13951485201,Brooklyn,Tung Tung Restaurant Inc.,restaurant,chinese,40.6189194,-73.990756
node,13956389092,Brooklyn,La Cachette du Coin,restaurant,,40.6562961,-73.9528817
node,13973216103,Brooklyn,Ochoas Lupitas,restaurant,mexican,45.5013845,-122.6566532
node,13974967861,Brooklyn,Miro,restaurant,sushi,40.6210611,-74.0251779
node,13980962045,Brooklyn,Cinco de Mayo,restaurant,mexican,40.6475574,-73.9681832
node,13991570502,Brooklyn,Pelicana Chicken,restaurant,korean;chicken,40.7314174,-73.9546418
node,13993749100,Brooklyn,Lucky Vege House,restaurant,chinese,40.6365366,-74.0122746
node,13993769701,Brooklyn,Lucky Zhang 888,restaurant,chinese,40.6364934,-74.0123195
node,14000260811,Brooklyn,Osaka Fusion Sushi,restaurant,sushi,40.6050729,-73.9993363
node,14004845801,Brooklyn,Mothers Seafood & More,restaurant,caribbean;fish;seafood,40.6510758,-73.9413806
node,14016367119,Brooklyn,Knori Hand Roll Bar,restaurant,sushi,40.7302231,-73.955278
node,14022329800,Brooklyn,Kanahashi,restaurant,sushi,40.732629,-73.9548299
node,14022507686,Brooklyn,Ji Bei Chuan Authentic Asian Noodles,restaurant,chinese,40.6011971,-73.9929285
node,14022507687,Brooklyn,DF Yumways Inc.,restaurant,chinese,40.5999386,-73.9908498
node,14022569114,Brooklyn,Lingo,restaurant,japanese,40.7298161,-73.9597159
node,14024581169,Brooklyn,La Antigua,restaurant,mexican;guatemalan;breakfast,40.604942,-74.0081664
node,14027807047,Brooklyn,The Residence of Mr. Moto,restaurant,japanese;sushi,40.7142078,-73.960876
node,14027807052,Brooklyn,Baci & Abbracci,restaurant,italian,40.7140032,-73.960379
node,14039320513,Brooklyn,Kub Kao,restaurant,thai,40.7328635,-73.9545348
node,14039399835,Brooklyn,Hop Lee Kitchen,restaurant,chinese,40.7329128,-73.9545452
node,14049741368,Brooklyn,888 Pizza,restaurant,pizza,40.6970271,-73.9069488
node,14050057109,Brooklyn,Blossom's,restaurant,southern,40.6927645,-73.9402347
node,14059294069,Brooklyn,The The Gentleman’s Kitchen,restaurant,steak_house,40.6516437,-73.9588635
node,14062118642,Brooklyn,Border Town,restaurant,mexican,40.7256033,-73.9456037
node,14065441198,Brooklyn,Yozi,restaurant,chinese,40.6363884,-74.0084234
node,14065485401,Brooklyn,NamPo,restaurant,chinese,40.6362142,-74.0086058
node,14069018728,Brooklyn,Kings County Imperial,restaurant,chinese,40.673081,-73.9835854
node,14090268001,Brooklyn,Sofram,restaurant,mediterranean,40.584982,-73.951026
node,14090278701,Brooklyn,Sakura Japan,restaurant,japanese,40.690818,-73.908088
node,14094871482,Brooklyn,Bamboo Garden,restaurant,chinese,40.6330786,-74.0118578
node,14099464857,Brooklyn,Zio Toto,restaurant,italian;pizza,40.6247607,-74.0303643
node,14133822862,Brooklyn,Jim Bu Restaurant,restaurant,chinese,40.6800205,-73.9082971
node,14138363714,Brooklyn,GiGi's,restaurant,chicken;french,40.7296211,-73.9574244
node,14140707954,Brooklyn,Sailor & Siren,restaurant,,40.7281963,-73.9534448
node,14148702267,Brooklyn,Banana Boat,restaurant,caribbean,40.6426338,-73.9577874
node,14152576001,Brooklyn,Nene’s Taqueria,restaurant,,40.7001638,-73.9277893
node,14155424416,Brooklyn,El Rancho Dominicano,restaurant,dominican,40.6421255,-73.9570187
node,14181050738,Brooklyn,Mr. Pot,restaurant,chinese,40.6419877,-74.0025999
node,14189543116,Brooklyn,Omiya,restaurant,sushi;japanese,40.5998887,-73.9479096
node,14191706396,Brooklyn,Osaka,restaurant,japanese,40.6003609,-73.9435837
node,14210483230,Brooklyn,Pad Kra Prow,restaurant,thai,40.6400668,-73.9665523
way,241159315,Brooklyn,Traif,restaurant,american,40.7105975,-73.9589348
way,241832822,Brooklyn,Lazy Siu's,restaurant,,40.7126243,-73.9608094
way,241837976,Brooklyn,Vanessa's Dumpling House,restaurant,chinese,40.7138231,-73.961987
way,241843134,Brooklyn,Two Boots,restaurant,pizza,40.6741974,-73.9824344
way,241843139,Brooklyn,Terrace Restaurant,restaurant,diner;mexican,40.6742528,-73.9824066
way,241845981,Brooklyn,Insa,restaurant,korean,40.6794303,-73.9826835
way,241850435,Brooklyn,Bison & Bourbon,restaurant,steak_house,40.6731728,-73.9905215
way,241852913,Brooklyn,Fortune House,restaurant,chinese,40.6984536,-73.992807
way,245114038,Brooklyn,Fornino,restaurant,pizza,40.6929195,-74.0016676
way,245118651,Brooklyn,Juliana's Pizza,restaurant,pizza,40.7027593,-73.9934334
way,247419025,Brooklyn,Footprints Café,restaurant,,40.6446249,-73.921238
way,247445624,Brooklyn,Outback Steakhouse,restaurant,american;steak,40.649773,-73.8719447
way,247445658,Brooklyn,Red Lobster,restaurant,seafood,40.6509218,-73.8700495
way,247463254,Brooklyn,Lindenwood Diner,restaurant,diner;latin_american;caribbean,40.6697792,-73.8574703
way,247916261,Brooklyn,Peaches,restaurant,southern,40.6818236,-73.9346549
way,247925864,Brooklyn,Istanbul Kebab House,restaurant,turkish;mediterranean,40.6087615,-73.9588678
way,247926054,Brooklyn,Taci's Beyti,restaurant,turkish,40.6095361,-73.9619245
way,248142061,Brooklyn,Olea,restaurant,mediterranean,40.6878089,-73.9706129
way,248152461,Brooklyn,Alma,restaurant,mexican,40.6855582,-74.0021356
way,248153042,Brooklyn,Shah,restaurant,chinese,40.6851825,-73.9911832
way,248156367,Brooklyn,Junior's,restaurant,american;breakfast;dessert,40.6901926,-73.9819662
way,248156599,Brooklyn,Bass & Bourbon,restaurant,american,40.6816012,-74.0046092
way,248159534,Brooklyn,Da Nonna Rosa,restaurant,pizza;italian,40.6729048,-73.9769709
way,248170579,Brooklyn,Unoriginal Noodles,restaurant,ramen,40.6605879,-73.9903034
way,248171332,Brooklyn,Surfish,restaurant,peruvian,40.668645,-73.9936364
way,248239106,Brooklyn,Nuevo Mexico,restaurant,mexican,40.6674766,-73.9873668
way,248462073,Brooklyn,Fushimi,restaurant,japanese,40.6173297,-74.0309812
way,248468242,Brooklyn,The Bridgeview Diner,restaurant,diner,40.6206445,-74.0318713
way,248473006,Brooklyn,Aleli,restaurant,mexican,40.6291599,-74.0290015
way,248474785,Brooklyn,Tropical Shack,restaurant,,40.5746961,-73.9798116
way,248474804,Brooklyn,Tom's Coney Island,restaurant,,40.5733443,-73.9805781
way,248495797,Brooklyn,Teura Il Ponte,restaurant,italian,40.5758284,-73.9800879
way,248495853,Brooklyn,Totonno's Pizzeria Napolitana,restaurant,pizza,40.5788006,-73.9838055
way,248496447,Brooklyn,Paul's Daughter,restaurant,pizza;burger;sandwich;american;seafood;ice_cream;hot_dog;dessert,40.5734801,-73.9783845
way,248496472,Brooklyn,Chow Time,restaurant,asian;vietnamese;chinese;bubble_tea,40.5767505,-73.9822415
way,248554561,Brooklyn,Wise Bar & Grill,restaurant,,40.5831778,-73.9557075
way,248556440,Brooklyn,Golden Leo,restaurant,ukrainian,40.5838574,-73.9508836
way,248556995,Brooklyn,Applebee's,restaurant,american,40.5839579,-73.9432988
way,248574893,Brooklyn,Masakari,restaurant,japanese,40.5869362,-73.9522551
way,248818934,Brooklyn,Tsob Tsobe,restaurant,mediterranean,40.5878312,-73.9600341
way,248819029,Brooklyn,Level Restaurant & Bar,restaurant,,40.5888343,-73.9601096
way,248819038,Brooklyn,Cafe Gallery,restaurant,russian,40.5882529,-73.9600604
way,248841440,Brooklyn,Parkview Diner,restaurant,american;diner,40.5834634,-73.9861066
way,248931443,Brooklyn,Arnor Crepes & Bubble Tea,restaurant,,40.6105714,-73.9838806
way,249004878,Brooklyn,Giulia's Cucina & Dessert,restaurant,,40.6162039,-74.0003719
way,249012764,Brooklyn,Chinese Buffet,restaurant,,40.6099576,-74.0065667
way,249025792,Brooklyn,Viva Mexico Restaurant,restaurant,mexican,40.6114911,-74.0100973
way,249026066,Brooklyn,Tomasso,restaurant,italian,40.6115987,-74.0103401
way,249026180,Brooklyn,Outback Steakhouse,restaurant,american;steak,40.6120323,-74.009322
way,249062520,Brooklyn,Krispy Pizza,restaurant,pizza,40.6224304,-74.0056138
way,249534663,Brooklyn,Rakuzen AYCE Sushi,restaurant,sushi,40.6310965,-74.0089718
way,249539332,Brooklyn,Chen's Fresh Food Market,restaurant,seafood,40.6697902,-73.907155
way,249562722,Brooklyn,Ocean Palace Seafood Restaurant,restaurant,chinese,40.6385232,-74.006038
way,249572570,Brooklyn,Mister Hotpot,restaurant,hotpot,40.6393863,-74.0058409
way,249573239,Brooklyn,Wong Wong Noodle Shop,restaurant,noodle,40.6387332,-74.0065022
way,249595824,Brooklyn,La Brasa Peruana,restaurant,peruvian,40.6471091,-74.0086462
way,249622071,Brooklyn,The Astarita,restaurant,pizza,40.6559854,-73.9992372
way,249712193,Brooklyn,ACherry,restaurant,mediterranean,40.5977228,-73.9608081
way,249734428,Brooklyn,Brennan & Carr,restaurant,sandwich;burger;american,40.6002352,-73.9420962
way,249931037,Brooklyn,Maya Fusion Cafe,restaurant,,40.6860797,-73.911547
way,249981732,Brooklyn,Winfield's,restaurant,,40.6835686,-73.9264198
way,249997415,Brooklyn,Dallas BBQ,restaurant,barbecue,40.6325392,-73.9478934
way,250162251,Brooklyn,Amy's Kitchen,restaurant,spanish,40.6628832,-73.9377194
way,250164817,Brooklyn,Antilles,restaurant,,40.6589212,-73.9507632
way,250170749,Brooklyn,Grüit,restaurant,eastern_european,40.6634593,-73.9536681
way,250317185,Brooklyn,Greedi Vegan,restaurant,,40.6763427,-73.9522322
way,250319335,Brooklyn,Sugar Hill Disco Restaurant and Bar,restaurant,,40.6915803,-73.9515937
way,250335847,Brooklyn,Anthony's Corner Cafe,restaurant,,40.6707628,-73.9312052
way,250369147,Brooklyn,Ocean Fish & Chicken,restaurant,,40.6794968,-73.9372162
way,250424668,Brooklyn,Dock Asian Eatery,restaurant,japanese;thai;vietnamese,40.7062074,-73.9228066
way,250440701,Brooklyn,Tortilleria Mexicana Tres Hermanos,restaurant,mexican,40.7066564,-73.9219813
way,250979461,Brooklyn,Black Forest Brooklyn,restaurant,german,40.6867753,-73.9750982
way,279592920,Brooklyn,Giando On the Water,restaurant,,40.710761,-73.9693407
way,279647094,Brooklyn,Lella Alimentari,restaurant,italian,40.711899,-73.9571777
way,279651105,Brooklyn,Otis,restaurant,,40.7060345,-73.9326097
way,279664956,Brooklyn,Loving Hut,restaurant,international,40.7125184,-73.9411974
way,279772352,Brooklyn,El Almacen,restaurant,argentinian,40.7168147,-73.9564401
way,279777009,Brooklyn,Monarch,restaurant,asian,40.7159095,-73.9622524
way,279777184,Brooklyn,St. Anselm,restaurant,american;steak_house,40.7142784,-73.9560431
way,279778320,Brooklyn,Cafe Mogador,restaurant,,40.7197222,-73.9599473
way,279921676,Brooklyn,La Locanda,restaurant,italian,40.7178345,-73.9446959
way,280081156,Brooklyn,Kestane Kebab,restaurant,,40.724094,-73.9492718
way,280081506,Brooklyn,Vegan QuickBites by Next Stop Vegan,restaurant,,40.7250111,-73.9517264
way,280081671,Brooklyn,Greenpoint Fish & Lobster Co,restaurant,,40.7241411,-73.9491141
way,280100302,Brooklyn,Raizes Churrascaria,restaurant,portuguese,40.7249069,-73.9480783
way,280115144,Brooklyn,,restaurant,,40.7272999,-73.9514893
way,280115171,Brooklyn,Amber Steak House,restaurant,steak_house,40.7246051,-73.9490635
way,280132272,Brooklyn,Oxomoco,restaurant,mexican,40.7298052,-73.9554664
way,280140756,Brooklyn,Taku Sando,restaurant,,40.729855,-73.9596471
way,285107126,Brooklyn,Nick's Lobster Restaurant & Seafood Market,restaurant,,40.6036029,-73.9151777
way,308825565,Brooklyn,Orleans,restaurant,po_boy,40.6976224,-73.9283221
way,312354296,Brooklyn,Union Pizza Works,restaurant,pizza;italian,40.7073752,-73.9224998
way,368063491,Brooklyn,Original Hotcake House,restaurant,american,45.5011392,-122.6555762
way,368063966,Brooklyn,The Chomp,restaurant,thai,45.5001697,-122.6540043
way,376073236,Brooklyn,,restaurant,pizza,40.5729863,-73.9834783
way,395915804,Brooklyn,Carrabba's Italian Grill,restaurant,italian,41.4241759,-81.7611118
way,405891524,Brooklyn,Salt & Sizzle,restaurant,burger;chicken;american;ice_cream;hot_dog;seafood;sandwich;dessert;steak_house,40.5731778,-73.9811317
way,405892196,Brooklyn,Margarita Island,restaurant,,40.5748659,-73.9790989
way,478005580,Brooklyn,Ms. Angie's Kitchen,restaurant,,38.6572677,-90.1689994
way,484590714,Brooklyn,D'Antan,restaurant,italian,40.6773133,-73.958779
way,487485073,Brooklyn,Yellow Magnolia Café,restaurant,,40.6665924,-73.962024
way,534221598,Brooklyn,Estuary,restaurant,,-33.5417996,151.1996353
way,544790560,Brooklyn,IHOP,restaurant,breakfast;pancake,41.4189542,-81.7607387
way,545857918,Brooklyn,Texas Roadhouse,restaurant,steak_house,41.4246346,-81.7383397
way,562591843,Brooklyn,The Turk's Inn,restaurant,middle_eastern,40.7056026,-73.9222841
way,617474313,Brooklyn,Burrito Bar and Kitchen,restaurant,mexican,40.6783732,-73.9730605
way,677518065,Brooklyn,Claw Daddy's Brooklyn,restaurant,seafood;cajun;creole,40.6855044,-73.9803934
way,689953283,Brooklyn,Transcotia,restaurant,,44.0585715,-64.680767
way,724484989,Brooklyn,My House Bistro,restaurant,burger,40.5865722,-73.9525919
way,889074301,Brooklyn,Hank's Restaurant,restaurant,lunch;dinner;homestyle,41.7970454,-71.9148085
way,903964406,Brooklyn,Badshah,restaurant,indian,40.6811468,-73.9756716
way,933005730,Brooklyn,Cozy Corner Family Restaurant,restaurant,,41.7481334,-71.9165156
way,941681677,Brooklyn,Classic Pizza & Family Restaurant,restaurant,pizza,41.799497,-71.8985212
way,941683228,Brooklyn,Country View Restaurant,restaurant,breakfast;lunch,41.7875316,-71.9031849
way,988038375,Brooklyn,Taco Cina,restaurant,mexican,40.7152215,-73.9676587
way,992787466,Brooklyn,L&B Spumoni Gardens,restaurant,pizza;ice_cream,40.5947218,-73.9813191
way,1017417534,Brooklyn,El Carrito RoJo,restaurant,,40.5747274,-73.9800122
way,1017417535,Brooklyn,,restaurant,,40.5747324,-73.980854
way,1017417536,Brooklyn,,restaurant,,40.5747494,-73.9808059
way,1176522315,Brooklyn,Elite Williamsburg,restaurant,latin_american,40.7161678,-73.9627904
way,1247953943,Brooklyn,Golden Corral,restaurant,american;buffet,41.4191738,-81.7460459
way,1284266904,Brooklyn,Grandma's Kitchen,restaurant,,40.6726791,-73.9387292
way,1296707907,Brooklyn,Ovi's Place,restaurant,mexican,40.6317424,-73.9480105
node,419360064,Brooklyn,Mocha Hookah,cafe,middle_eastern;breakfast,40.6901914,-73.9935675
node,419364748,Brooklyn,Blank Street Coffee,cafe,coffee_shop,40.6872881,-73.9753082
node,534997494,Brooklyn,Southside Coffee,cafe,coffee_shop;sandwich,40.6611342,-73.9902727
node,888984017,Brooklyn,Doughnut Plant,cafe,donut,40.7174274,-73.9583326
node,1379559786,Brooklyn,Canteen Delicatessen & Cafe,cafe,breakfast;sandwich;burger,40.6825167,-73.9793167
node,1422520991,Brooklyn,Bakeri,cafe,,40.7200059,-73.9600762
node,1490626144,Brooklyn,Clever Blend,cafe,coffee_shop;ice_cream,40.679722,-73.9780478
node,1640916377,Brooklyn,Aura,cafe,,40.6764594,-73.9625671
node,1767273825,Brooklyn,Tutt Café,cafe,mediterranean,40.7002323,-73.9933602
node,1767282008,Brooklyn,Poppy's Cafe,cafe,breakfast;sandwich;pastry,40.6995716,-73.9921353
node,1770858847,Brooklyn,,cafe,,40.669376,-73.9630352
node,1795796594,Brooklyn,Olde Brooklyn Bagel Shoppe,cafe,bagel;sandwich,40.6777429,-73.9686298
node,1827182566,Brooklyn,The Bakery on Bergen,cafe,pastry;breakfast;burger,40.6784602,-73.9641499
node,1865211623,Brooklyn,Uro Cafe,cafe,coffee_shop,40.7224661,-73.9488216
node,1979669269,Brooklyn,Black Brick Coffee,cafe,,40.7141835,-73.9616239
node,1999231230,Brooklyn,The West,cafe,sandwich,40.7117855,-73.9514399
node,2139130920,Brooklyn,Peckish,cafe,coffee_shop;breakfast;sandwich,40.6917184,-73.9711843
node,2259012625,Brooklyn,Brooklyn Tea,cafe,,40.6814376,-73.9346162
node,2268953602,Brooklyn,Eagle Trading Company,cafe,,40.734967,-73.9582704
node,2268954021,Brooklyn,Kettl,cafe,tea,40.7296813,-73.9581821
node,2268954771,Brooklyn,Skytown,cafe,american;brunch,40.6976079,-73.9361119
node,2271205432,Brooklyn,Starbucks,cafe,coffee_shop,41.4253874,-81.7352625
node,2274110508,Brooklyn,Swallow Cafe,cafe,coffee_shop,40.7054406,-73.9334626
node,2276315902,Brooklyn,Little Armenia Cafe,cafe,,40.7341833,-73.9550701
node,2304436416,Brooklyn,Dinah,cafe,diner,40.6904311,-73.9944268
node,2422377040,Brooklyn,Oslo Coffee Roasters,cafe,,40.7131358,-73.9622985
node,2439082123,Brooklyn,Partners Coffee,cafe,coffee_shop,40.7179682,-73.9591782
node,2460552261,Brooklyn,Casita of Brooklyn,cafe,coffee_shop,40.6680649,-73.9877252
node,2493964408,Brooklyn,LARK cafe,cafe,coffee_shop;sandwich,40.6468222,-73.9700366
node,2494066985,Brooklyn,Salter House,cafe,coffee_shop,40.6909413,-73.9962942
node,2494067543,Brooklyn,Diljān,cafe,afghan;pastry,40.69151,-73.9977701
node,2494067738,Brooklyn,Diem Eatery,cafe,vietnamese;sandwich,40.6912914,-73.997559
node,2494071345,Brooklyn,Napoleon's Southern Cuisine & Bakery,cafe,breakfast;soul_food,40.6837765,-73.9541584
node,2494208354,Brooklyn,Hungry Ghost,cafe,,40.6722202,-73.9835759
node,2494221616,Brooklyn,Cordelia,cafe,breakfast;sandwich;charcuterie;snack,40.6767302,-73.9559227
node,2494226535,Brooklyn,Velvette Brew Espresso Bar,cafe,,40.6738326,-73.9822047
node,2494243515,Brooklyn,Smith St. Bagels,cafe,bagel;sandwich,40.6847629,-73.9919462
node,2494279212,Brooklyn,Urgut Osh Markazi,cafe,uzbek,40.6375227,-73.9684934
node,2494291744,Brooklyn,Room No. 205,cafe,coffee_shop;sandwich,40.671195,-73.9884777
node,2494312775,Brooklyn,Plymouth Café,cafe,breakfast;sandwich,40.6982639,-73.9927853
node,2506680554,Brooklyn,Mooliauno’s Trapp Kitchen,cafe,,40.6789434,-73.9638264
node,2524539379,Brooklyn,Starbucks,cafe,coffee_shop,40.6862203,-73.9909614
node,2525593698,Brooklyn,Coffee Mob,cafe,,40.6358633,-73.9623411
node,2547688765,Brooklyn,Starbucks,cafe,coffee_shop,40.625146,-73.9605679
node,2547733495,Brooklyn,Sunrise Espresso & Bar,cafe,breakfast;sandwich;mexican,40.662458,-73.9924717
node,2549884902,Brooklyn,Joe Coffee Company,cafe,coffee_shop,40.6986611,-73.99436
node,2549890557,Brooklyn,Loud Baby,cafe,coffee_shop,40.6563523,-73.960214
node,2549896908,Brooklyn,Enso,cafe,,40.6883507,-73.9934137
node,2549908128,Brooklyn,Cups and Books,cafe,coffee_shop,40.6553542,-73.9565051
node,2549911944,Brooklyn,Brooklyn High Low,cafe,pastry,40.6789942,-73.9681778
node,2549918806,Brooklyn,Bittersweet,cafe,coffee_shop,40.6894847,-73.9725415
node,2549967215,Brooklyn,Poppy's Cafe,cafe,american;breakfast;coffee_shop,40.6842945,-73.996843
node,2549988814,Brooklyn,DAE,cafe,,40.6786,-73.9957788
node,2550005915,Brooklyn,Mixue,cafe,ice_cream;bubble_tea,40.6905044,-73.9845775
node,2550022491,Brooklyn,Cafecito Social,cafe,coffee_shop,40.6805213,-73.9892924
node,2550064303,Brooklyn,Devoción,cafe,,40.6886044,-73.9834746
node,2550074047,Brooklyn,Atelier Ariana,cafe,breakfast;coffee_shop;french,40.6747057,-73.9979228
node,2550098696,Brooklyn,Cuppa Hive Coffee,cafe,,40.661352,-73.9932139
node,2550140535,Brooklyn,Le Paris Dekar,cafe,french;senegalese;crepe;pastry,40.6811681,-73.9499172
node,2550140538,Brooklyn,Brooklyn Tea,cafe,tea;breakfast;pastry;soup,40.6808601,-73.9498314
node,2550142989,Brooklyn,Le Paris Dekar,cafe,french;senegalese;crepe;pastry,40.6803577,-73.9466911
node,2550150589,Brooklyn,HealHaus Cafe,cafe,,40.6813832,-73.9575678
node,2550565259,Brooklyn,Simple Loaf,cafe,coffee_shop;sandwich,40.6732806,-73.9830685
node,2552486455,Brooklyn,Pier 69 Market,cafe,breakfast;sandwich;italian;coffee_shop,40.6385548,-74.0354762
node,2552542724,Brooklyn,Mr. Bagel's Cafe,cafe,bagel;sandwich;breakfast,40.6173362,-74.0333855
node,2552544634,Brooklyn,Pep,cafe,,40.617533,-74.033308
node,2552595875,Brooklyn,Panino Rustico,cafe,italian,40.6212293,-74.0318014
node,2552613638,Brooklyn,Caffe Cafe,cafe,coffee_shop;sandwich,40.6248666,-74.0303208
node,2552692643,Brooklyn,Bagel Schmagel,cafe,bagel;breakfast;sandwich,40.631177,-74.0280699
node,2552708688,Brooklyn,Felfa,cafe,,40.635594,-74.0262812
node,2552775452,Brooklyn,Cozy Spot,cafe,coffee_shop;breakfast;sandwich;turkish,40.6358071,-74.0258393
node,2552908995,Brooklyn,Jean Danet Pastry,cafe,,40.6289017,-74.0230572
node,2552942681,Brooklyn,Imereti Cafe & Bakery,cafe,georgian,40.5782572,-73.9594472
node,2552972755,Brooklyn,Maestro Cafeteria,cafe,coffee_shop;sandwich,40.5784211,-73.9583005
node,2552982111,Brooklyn,Maison De Viennoijevieg,cafe,,40.6248571,-74.0243627
node,2553429449,Brooklyn,Dmitriev's Bistro,cafe,,40.5874635,-73.9577607
node,2553613124,Brooklyn,Gong Cha,cafe,bubble_tea,40.6079569,-73.9592031
node,2555614651,Brooklyn,7 Beans Coffee Shop & Pastry,cafe,coffee_shop,40.5909233,-73.9692194
node,2555945169,Brooklyn,Wild Bagels,cafe,bagel;breakfast;coffee_shop,40.6002149,-73.9856777
node,2555989806,Brooklyn,Kung Fu Tea,cafe,bubble_tea,40.6003745,-73.9915601
node,2555997484,Brooklyn,Cafe Lounge,cafe,,40.6053715,-73.9831677
node,2556218501,Brooklyn,Next Move Cafe,cafe,,40.6049097,-73.9993077
node,2557487255,Brooklyn,,cafe,,40.6239764,-74.0041395
node,2557684094,Brooklyn,D&S Bakery,cafe,coffee_shop;chinese,40.6252675,-73.9973987
node,2561344025,Brooklyn,Milk Crate Coffee,cafe,coffee_shop,40.6351048,-73.992456
node,2561485165,Brooklyn,KULU Desserts,cafe,dessert,40.6341283,-74.0105726
node,2561577792,Brooklyn,Barrera's,cafe,mexican,40.6423115,-74.0130189
node,2561615106,Brooklyn,Mudflow Bubble Tea,cafe,bubble_tea,40.6377476,-74.0074241
node,2561662288,Brooklyn,GiGi's Coffee Shop,cafe,coffee_shop;breakfast;sandwich,40.6387505,-74.016308
node,2561792451,Brooklyn,Hua Hui Bakery,cafe,,40.6490646,-74.0095749
node,2561887744,Brooklyn,Axzo Cafe,cafe,coffee_shop;breakfast;pastry,40.6557373,-74.0032437
node,2561887844,Brooklyn,Bagel Pub,cafe,bagel;breakfast;sandwich,40.6554369,-74.0060548
node,2561900330,Brooklyn,Market Coffee,cafe,,40.6593583,-74.0046304
node,2561983227,Brooklyn,Serenity Cafe,cafe,,40.6441763,-73.975829
node,2561995554,Brooklyn,Windsor Coffee,cafe,coffee_shop,40.6490827,-73.977662
node,2562006774,Brooklyn,Terrace Coffee Shop,cafe,diner,40.6544957,-73.97926
node,2562015538,Brooklyn,DNA,cafe,coffee_shop,40.6532052,-74.0028079
node,2562123840,Brooklyn,Coffeine,cafe,,40.6659427,-73.9921185
node,2562136780,Brooklyn,Zatar,cafe,middle_eastern,40.6637848,-73.9806686
node,2562136789,Brooklyn,Overgreens,cafe,salad;sandwich,40.6614338,-73.9799655
node,2562932451,Brooklyn,Igam Coffee,cafe,coffee_shop,40.5994599,-73.9518595
node,2563014066,Brooklyn,Safir Bakery,cafe,mediterranean;turkish,40.6000521,-73.9441332
node,2563051690,Brooklyn,Knapp Street Bagel Cafe,cafe,sandwich;bagel;coffee,40.6001401,-73.9337877
node,2563436655,Brooklyn,Milk and Honey,cafe,,40.634329,-73.9661043
node,2563488962,Brooklyn,We Are Brooklyn,cafe,coffee_shop;breakfast;juice,40.6385476,-73.9541164
node,2564588997,Brooklyn,Tikal Cafe,cafe,coffee_shop,40.6909692,-73.9048144
node,2565391706,Brooklyn,Milk Bar,cafe,breakfast;sandwich;coffee_shop,40.6756234,-73.978045
node,2567093845,Brooklyn,Coffee Land,cafe,coffee_shop;sandwich,40.6699471,-73.9580715
node,2567902023,Brooklyn,ARVACI Coffee,cafe,coffee_shop,40.6716506,-73.9529601
node,2567902073,Brooklyn,Colina Cuevo,cafe,ecuadorian;empanada;latin_american,40.6713876,-73.9502108
node,2567931029,Brooklyn,Meme's Healthy Nibbles,cafe,,40.6730557,-73.9500548
node,2567931043,Brooklyn,Babydudes,cafe,,40.6728401,-73.950072
node,2568087522,Brooklyn,Sweetbee,cafe,,40.682228,-73.9602911
node,2568119907,Brooklyn,Kitten Cafe,cafe,coffee_shop,40.6881718,-73.9572415
node,2568119935,Brooklyn,Natural Blend,cafe,coffee_shop;juice,40.6894576,-73.9515389
node,2568133724,Brooklyn,Choice Market,cafe,breakfast;sandwich,40.6883962,-73.962964
node,2568179560,Brooklyn,enRoys Cafe,cafe,coffee_shop;breakfast;sandwich,40.694106,-73.9591645
node,2568197213,Brooklyn,Lakou,cafe,haitian,40.6720107,-73.9306681
node,2568239795,Brooklyn,Monkey Tiger,cafe,coffee_shop;brunch;american,40.6908923,-73.9596257
node,2568406410,Brooklyn,Brooklyn Bridge Cafe,cafe,,40.6964132,-73.9883888
node,2568518941,Brooklyn,Hudson Wilder,cafe,,40.7037349,-73.9879047
node,2568519070,Brooklyn,Cafe Gitane,cafe,french;eclectic,40.7028271,-73.9812328
node,2568554173,Brooklyn,Maman,cafe,french,40.7031571,-73.9913143
node,2568576411,Brooklyn,The Concrete Jungle,cafe,coffee_shop,40.6973827,-73.9350298
node,2568591477,Brooklyn,Beets Café,cafe,juice;coffee_shop;caribbean,40.6786224,-73.911041
node,2568643200,Brooklyn,Tipsy Bean Cafe and Bar,cafe,,40.7029612,-73.9215402
node,2568677473,Brooklyn,Nook,cafe,coffee_shop;sandwich,40.7050225,-73.924656
node,2568681567,Brooklyn,Variety Coffee Roasters,cafe,coffee_shop,40.702775,-73.9170325
node,2568698380,Brooklyn,Brooklyn Bread,cafe,breakfast;sandwich;health_food;pastry,40.6663245,-73.9818623
node,2568710180,Brooklyn,WINNER,cafe,chicken;coffee_shop;sandwich,40.6657195,-73.982369
node,2568724676,Brooklyn,Colson Patisserie,cafe,coffee_shop;breakfast;sandwich,40.6678131,-73.9839027
node,2568752298,Brooklyn,Variety Coffee Roasters,cafe,coffee_shop,40.6676702,-73.9811411
node,2568783161,Brooklyn,Mockingbird,cafe,charcuterie;snack,40.6701609,-73.9786601
node,2568823078,Brooklyn,La Cantine,cafe,breakfast;sandwich;coffee_shop,40.706715,-73.9205244
node,2568825600,Brooklyn,Nerd Be Cool,cafe,coffee_shop;ice_cream,40.6755418,-73.9743863
node,2568867307,Brooklyn,Chocolatte Espresso Bar,cafe,,40.6711649,-73.9579423
node,2568884262,Brooklyn,Ursula,cafe,coffee_shop;new_mexican,40.6844638,-73.9502489
node,2573047742,Brooklyn,Everbean,cafe,coffee_shop,40.6810429,-73.9745396
node,2573098394,Brooklyn,Hungry Ghost,cafe,coffee_shop,40.6802759,-73.9744858
node,2573115164,Brooklyn,Little Cupcake Bakeshop,cafe,pastry;breakfast;coffee_shop,40.6784658,-73.9687739
node,2596227489,Brooklyn,Starbucks,cafe,coffee_shop,40.69176,-73.9885471
node,2605527968,Brooklyn,Island Vibes,cafe,,40.6759007,-74.0143917
node,2692607521,Brooklyn,Blue Bottle Coffee,cafe,coffee_shop,40.6873283,-73.9896984
node,2701626574,Brooklyn,Hungry Ghost,cafe,breakfast;sandwich,40.676481,-73.9716825
node,2701690257,Brooklyn,Mille-feuille,cafe,coffee_shop;pastry,40.6775852,-73.9691008
node,2705030255,Brooklyn,Little Zelda,cafe,coffee_shop,40.6737697,-73.9570069
node,2705995455,Brooklyn,Bien Cuit,cafe,coffee_shop,40.6738283,-73.9566698
node,2713490449,Brooklyn,Nûrish,cafe,health_food;breakfast;coffee_shop,40.6783449,-73.9636951
node,2713490488,Brooklyn,Canyon Coffee,cafe,coffee_shop,40.6795012,-73.9679995
node,2713495194,Brooklyn,Stocked Cafe,cafe,breakfast;burger;sandwich;coffee_shop,40.6772948,-73.9634988
node,2827518401,Brooklyn,The Black Flamingo,cafe,coffee_shop;breakfast;sandwich,40.6790789,-74.0106634
node,2838525822,Brooklyn,Nyla,cafe,,40.7076759,-73.9516638
node,2838596351,Brooklyn,SEY Coffee,cafe,,40.7054219,-73.9323788
node,2838706928,Brooklyn,Muz Muz CBD Lounge,cafe,snack,40.7125301,-73.9438874
node,2838720789,Brooklyn,Campbell & Co.,cafe,breakfast;sandwich;pastry,40.712008,-73.9489067
node,2838733588,Brooklyn,Here,cafe,coffee_shop,40.7139069,-73.9418565
node,2839628051,Brooklyn,,cafe,,40.7146064,-73.9605048
node,2839801731,Brooklyn,Rose Wolf Coffee,cafe,coffee_shop,40.7147488,-73.9400571
node,2842175056,Brooklyn,Mozaik,cafe,mediterranean;sandwich,40.7139432,-73.9512486
node,2842175072,Brooklyn,Pecoraro Latteria,cafe,italian,40.7140816,-73.9478315
node,2842244629,Brooklyn,Daytime,cafe,,40.71746,-73.9450305
node,2842613026,Brooklyn,Pueblo Querido Coffee Roasters Cafe de Colombia,cafe,coffee_shop;columbian,40.7253695,-73.9515334
node,2842613040,Brooklyn,Hide & Seek,cafe,sandwich;pastry,40.7229766,-73.950475
node,2842780183,Brooklyn,Café Grumpy,cafe,coffee_shop,40.7285374,-73.9486571
node,2842929201,Brooklyn,Cookie Road,cafe,,40.7278772,-73.9571169
node,2842929227,Brooklyn,OH MERCY,cafe,breakfast;sandwich,40.7292924,-73.95735
node,2842929254,Brooklyn,Chez Ma Tante,cafe,,40.7269042,-73.9573871
node,2842985885,Brooklyn,BLND Coffee Studio,cafe,coffee_shop,40.7324479,-73.9543033
node,2842989041,Brooklyn,Odd Fox,cafe,coffee_shop,40.7327188,-73.9545157
node,2888097307,Brooklyn,Drury,cafe,coffee_shop,40.587396,-73.9539322
node,2888097319,Brooklyn,Coffee Spot Cafe,cafe,coffee_shop,40.5872569,-73.9527382
node,3061926346,Brooklyn,Dun-Well Doughnuts,cafe,donut,40.7074571,-73.9402479
node,3118144380,Brooklyn,Tropical Coffee Shop,cafe,,40.665751,-73.9099068
node,3134690527,Brooklyn,Starbucks,cafe,coffee_shop,40.701976,-73.9868733
node,3144820987,Brooklyn,Madeline,cafe,,40.6418353,-73.96338
node,3144821006,Brooklyn,PLG Brooklyn,cafe,coffee_shop;breakfast;sandwich,40.6600527,-73.9532648
node,3153302100,Brooklyn,Flower Power Cafe,cafe,,40.7120232,-73.9412907
node,3153553993,Brooklyn,Connecticut Muffin,cafe,,40.6396053,-73.9676128
node,3154231943,Brooklyn,Hungry Ghost,cafe,coffee_shop;sandwich,40.6860974,-73.9735627
node,3154274268,Brooklyn,Jessie's Bakery,cafe,,40.7081622,-73.9397458
node,3154320971,Brooklyn,Baked,cafe,coffee_shop,40.6768587,-74.0132688
node,3154646654,Brooklyn,Dumpling Cafe,cafe,,40.7123642,-73.939496
node,3214381356,Brooklyn,Sit & Wonder,cafe,coffee_shop,40.6773649,-73.9638565
node,3214830154,Brooklyn,Lincoln Station,cafe,sandwich,40.6726439,-73.9623811
node,3315216998,Brooklyn,Euroasia Cafe,cafe,russian;georgian,40.5773628,-73.9612739
node,3350673925,Brooklyn,Butler,cafe,coffee_shop,40.7031934,-73.9924249
node,3575165389,Brooklyn,Blank cafe,cafe,,40.7109207,-73.9678242
node,3674126480,Brooklyn,Couleur Café,cafe,coffee_shop;crepe,40.6633723,-73.984318
node,3674170468,Brooklyn,La Bagel Delight,cafe,bagel;breakfast;sandwich,40.6685322,-73.9804203
node,3674170469,Brooklyn,Postmark Cafe,cafe,coffee_shop,40.6710647,-73.9851813
node,3719248003,Brooklyn,Rose City Coffee Company,cafe,sandwich;bagel;coffee_shop,45.4986325,-122.6538516
node,3722347103,Brooklyn,Doughnut Plant,cafe,donut,40.6806397,-73.9747435
node,3737556178,Brooklyn,Kos Kaffe,cafe,coffee_shop;salad,40.674634,-73.9815568
node,3743024926,Brooklyn,Meyers Bageri,cafe,,40.7143881,-73.95913
node,3805991007,Brooklyn,Bagelsmith,cafe,coffee_shop,40.7139547,-73.9492036
node,3805991016,Brooklyn,Fortunato Brothers,cafe,pastry,40.7137679,-73.9461019
node,3808846153,Brooklyn,Anchor Coffee,cafe,,40.6841002,-73.941024
node,3808872720,Brooklyn,Cafe Calaca,cafe,mexican,40.6814746,-73.9555748
node,3810255154,Brooklyn,Starbucks,cafe,coffee_shop,40.6711037,-73.9576449
node,3822484908,Brooklyn,The Bean,cafe,coffee_shop,40.7200547,-73.9551628
node,3887161496,Brooklyn,Culture,cafe,frozen_yogurt,40.6723462,-73.9834645
node,3892789169,Brooklyn,Café Grumpy,cafe,coffee_shop,40.6652482,-73.9827527
node,3953943320,Brooklyn,Runner & Stone,cafe,american;italian,40.6772443,-73.986012
node,3953943884,Brooklyn,Baba's Pierogies,cafe,eastern_european,40.67686,-73.9863149
node,3971304159,Brooklyn,Black Star Bakery & Cafe,cafe,,40.7172343,-73.9564033
node,4046001489,Brooklyn,Brooklyn Roasting Company,cafe,coffee_shop,40.697597,-73.967895
node,4046748105,Brooklyn,Sunrise Sunset,cafe,,40.6937302,-73.9227848
node,4060041033,Brooklyn,Four & Twenty Blackbirds,cafe,pie;coffee_shop,40.6720952,-73.990306
node,4121987910,Brooklyn,First Live Coffee House,cafe,coffee_shop,40.6974573,-73.9238126
node,4149649611,Brooklyn,Black Milk,cafe,crepe,40.6756179,-73.9563406
node,4149654208,Brooklyn,Coffee Land,cafe,bagel;breakfast;sandwich,40.674047,-73.9569035
node,4194049886,Brooklyn,Hungry Ghost Coffee,cafe,sandwich;breakfast,40.6802941,-73.9946681
node,4252850545,Brooklyn,Bar Basic,cafe,american;mexican,40.6751853,-73.9747957
node,4252887915,Brooklyn,Cousin John's,cafe,coffee_shop;breakfast;sandwich,40.6756809,-73.9748149
node,4252917490,Brooklyn,Velvette Black,cafe,coffee_shop;pastry,40.6742229,-73.9752617
node,4312750372,Brooklyn,Freehold,cafe,coffee_shop,40.7136847,-73.9657829
node,4315763593,Brooklyn,Most High,cafe,,40.6733902,-73.9630957
node,4315764095,Brooklyn,Natural Blend,cafe,coffee_shop,40.6844714,-73.9291389
node,4316449694,Brooklyn,Maya Congee Cafe,cafe,asian;sandwich,40.6870767,-73.944146
node,4316449792,Brooklyn,Depanneur,cafe,deli;sandwich,40.7174195,-73.962872
node,4316479489,Brooklyn,Bee's Knees Provisions,cafe,brunch;sandwich;charcuterie;seafood,40.6844783,-73.9918497
node,4316480189,Brooklyn,Shanti Shack,cafe,,40.7171428,-73.962413
node,4325385750,Brooklyn,Jane Motorcycles,cafe,coffee_shop,40.7125186,-73.9660797
node,4334482651,Brooklyn,Devoción,cafe,,40.7147568,-73.9622348
node,4348628442,Brooklyn,Cup of Brooklyn,cafe,cafe,40.689553,-73.9226253
node,4360186863,Brooklyn,The Little Sweet Café,cafe,coffee_shop;sandwich;pastry;french,40.6881049,-73.9866471
node,4491325489,Brooklyn,Bagelsmith,cafe,bagel,40.7175502,-73.9578621
node,4491370794,Brooklyn,Rosalia's Cafe,cafe,diner;pancake;american;sandwich;breakfast;coffee_shop,40.6759285,-73.9497883
node,4491402090,Brooklyn,Starbucks,cafe,coffee_shop,40.6941122,-73.9867868
node,4518440389,Brooklyn,Starbucks,cafe,coffee_shop,40.5952532,-74.0000236
node,4526577170,Brooklyn,Henry's Local Café,cafe,coffee_shop;sandwich,40.6816603,-74.0007585
node,4559289815,Brooklyn,H Café,cafe,coffee_shop,40.6924303,-73.9884433
node,4625658555,Brooklyn,Swallow Cafe,cafe,coffee_shop;sandwich,40.6901367,-73.994571
node,4646428189,Brooklyn,Marcy and Myrtle,cafe,,40.69506,-73.9492931
node,4751253522,Brooklyn,Poetica Coffee,cafe,coffee_shop;sandwich,40.659434,-73.9813708
node,4751253523,Brooklyn,Connecticut Muffin,cafe,sandwich;bagel;breakfast;coffee_shop,40.660715,-73.9803125
node,4764328962,Brooklyn,Cafe by The Girls,cafe,coffee_shop;sandwich,40.670592,-73.9783094
node,4774165523,Brooklyn,Jungle Juice Cafe,cafe,,40.6719283,-73.9609821
node,4786076422,Brooklyn,Parlor Coffee,cafe,,40.7138876,-73.9562351
node,4811875621,Brooklyn,sweatshop,cafe,coffee_shop,40.714903,-73.9597145
node,4815675523,Brooklyn,Light Switch,cafe,coffee_shop,40.6827477,-73.9955411
node,4825800433,Brooklyn,Hungry Ghost,cafe,coffee_shop,40.7160182,-73.959494
node,4846263476,Brooklyn,Angelicas Diner,cafe,diner,40.6440023,-73.9762284
node,4870096822,Brooklyn,Wildberry,cafe,coffee_shop,40.5835532,-73.9510784
node,4915759323,Brooklyn,Archway Cafe,cafe,,40.7029481,-73.9874794
node,4922311223,Brooklyn,Starbucks,cafe,coffee_shop,40.6924431,-73.9912239
node,4931671022,Brooklyn,Buffet,cafe,,40.6299439,-73.9215503
node,4995738112,Brooklyn,Starbucks,cafe,coffee_shop,40.6087764,-73.9585757
node,5043497801,Brooklyn,Starbucks,cafe,coffee_shop,40.6668209,-73.9818315
node,5052125055,Brooklyn,Pueblo Querido,cafe,colombian;coffee_shop,40.7305282,-73.9517696
node,5087340921,Brooklyn,Bot Bar,cafe,,40.7246703,-73.9511656
node,5091148526,Brooklyn,Mary's Coffee Shop,cafe,,40.6927399,-73.9404432
node,5093561421,Brooklyn,Lincoln Station,cafe,sandwich,40.6718642,-73.9776235
node,5104099243,Brooklyn,Starbucks,cafe,coffee_shop,40.6693658,-73.9898225
node,5159087925,Brooklyn,At Your Mother-in-Law,cafe,korean;uzbek,40.605577,-74.0006319
node,5163776190,Brooklyn,BK Bagel,cafe,bagel;pastry;sandwich,40.6936921,-73.9297143
node,5163875508,Brooklyn,Xoco-latte,cafe,,40.6922881,-73.9106619
node,5163876845,Brooklyn,Hearts Cafe,cafe,,40.6921888,-73.9265577
node,5163878627,Brooklyn,Foster Sundry,cafe,,40.7033994,-73.9261758
node,5178499860,Brooklyn,Wyckoff Starr,cafe,coffee_shop,40.7061395,-73.9224225
node,5182335467,Brooklyn,Miolin,cafe,coffee_shop;sandwich,40.6640517,-73.984144
node,5182816293,Brooklyn,Homer's Kitchen,cafe,breakfast;cake;sandwich;coffee_shop;tea,-33.5480654,151.2254441
node,5203205582,Brooklyn,Hungry Ghost,cafe,coffee_shop;breakfast,40.6723067,-73.9772577
node,5203205585,Brooklyn,,cafe,ice_cream;sandwich,40.6746934,-73.9751307
node,5206186282,Brooklyn,Roast Coffee Shop,cafe,,40.6604123,-73.9801749
node,5206200598,Brooklyn,Calyer Cafe & Kitchen,cafe,coffee_shop;sandwich;health_food,40.6938006,-73.9639513
node,5213287048,Brooklyn,Burly Coffee,cafe,,40.6920497,-73.9429155
node,5218846563,Brooklyn,Mr & Miss Cafe,cafe,,40.6000111,-73.9902779
node,5218862261,Brooklyn,Memories,cafe,,40.5928524,-73.9881893
node,5218863424,Brooklyn,Kowloon Cafe,cafe,,40.5997408,-73.9898303
node,5229539586,Brooklyn,The Little Things,cafe,,40.6268998,-73.9762242
node,5229541226,Brooklyn,Gabby's Coffee Shop,cafe,,40.635727,-73.9778996
node,5229541507,Brooklyn,1982 Coffee Roasters,cafe,coffee_shop,40.6319734,-73.995071
node,5229546633,Brooklyn,The Chocolate Bar,cafe,,40.6351466,-73.9957876
node,5236507097,Brooklyn,The Common,cafe,eclectic;brunch,40.6669271,-73.9918474
node,5238704577,Brooklyn,Early,cafe,breakfast;pastry,40.7321529,-73.9547389
node,5243646756,Brooklyn,Elk,cafe,coffee_shop;breakfast;sandwich,40.6549339,-73.9735328
node,5246547363,Brooklyn,Vato,cafe,mexican,40.6702295,-73.9790008
node,5299834446,Brooklyn,Baker's Dozen,cafe,coffee_shop;coffee;donut,41.7985097,-71.9055655
node,5320691264,Brooklyn,Volare,cafe,pastry;coffee_shop,40.6766184,-73.9801521
node,5320706863,Brooklyn,Konditori,cafe,coffee_shop;bagel;breakfast,40.6768978,-73.9799639
node,5328220836,Brooklyn,Art Collective Cafe,cafe,coffee_shop;snack,40.6741895,-73.9754853
node,5346841821,Brooklyn,Poetica Coffee,cafe,,40.6531009,-73.9759494
node,5351111057,Brooklyn,Sea & Soil,cafe,pastry;sandwich,40.6870281,-73.9855294
node,5351859759,Brooklyn,Cafe con Libros,cafe,,40.6743416,-73.9525653
node,5367308116,Brooklyn,Lileo,cafe,georgian,40.680502,-73.9778454
node,5368647549,Brooklyn,Mirror Tea and Sake House,cafe,tea;coffee_shop;japanese,40.6788171,-73.986241
node,5373644722,Brooklyn,Starbucks,cafe,coffee_shop,40.604355,-73.9719259
node,5408681221,Brooklyn,Starbucks,cafe,coffee_shop,40.7026645,-73.9908577
node,5413416238,Brooklyn,Bagels Plus,cafe,bagel,40.6155469,-73.9998538
node,5413546871,Brooklyn,Chispa,cafe,coffee,40.7025203,-73.9129232
node,5455223691,Brooklyn,Tin Cup Cafe,cafe,coffee_shop;sandwich;breakfast,40.6612944,-73.9968528
node,5474081137,Brooklyn,Lano's Coffee Shop & Restaurant,cafe,latin_american,40.6828823,-73.9821946
node,5477794022,Brooklyn,Reunion,cafe,,40.7167956,-73.951889
node,5481546589,Brooklyn,One Girl Cookies,cafe,bakery,40.7033726,-73.9904309
node,5487146971,Brooklyn,Ninth Street Espresso,cafe,,40.6796283,-73.9822309
node,5494239445,Brooklyn,Coffee & Chisme,cafe,mexican,40.6638024,-73.9910869
node,5500393532,Brooklyn,Joe Coffee,cafe,,40.7029465,-73.9894489
node,5502443030,Brooklyn,Apollo Bagels,cafe,bagel;sandwich,40.718457,-73.9585343
node,5506774601,Brooklyn,Café Martin,cafe,coffee_shop,40.6716935,-73.9840041
node,5517079878,Brooklyn,Un Posto Italiano,cafe,italian;coffee_shop,40.6721221,-73.9769228
node,5518770599,Brooklyn,Cafe Regular du Nord,cafe,coffee_shop,40.6751381,-73.975415
node,5521624421,Brooklyn,Hungry Ghost,cafe,coffee_shop,40.6897579,-73.98015
node,5523537866,Brooklyn,Emma's Torch Cafe,cafe,coffee_shop;salad,40.6722582,-73.9682033
node,5526341737,Brooklyn,Muse,cafe,coffee_shop;breakfast;american,40.6662534,-73.9852422
node,5528518947,Brooklyn,Loved Ones Coffee,cafe,coffee_shop,40.6841419,-73.9835836
node,5538367714,Brooklyn,Starbucks,cafe,coffee_shop,40.6893231,-73.9809019
node,5541293168,Brooklyn,Blank Street Coffee,cafe,coffee_shop,40.6727007,-73.9798336
node,5541522600,Brooklyn,Mixtape Bushwick,cafe,coffee;tea;coffee_shop;sandwich,40.6994051,-73.9140057
node,5554842593,Brooklyn,Gordo’s Cantina,cafe,bagel;sandwich;burger;coffee,40.7049338,-73.9175904
node,5555271895,Brooklyn,Beanmonger Coffee,cafe,coffee_shop;breakfast;sandwich,40.6774606,-73.9835377
node,5558007858,Brooklyn,Bagels Cafe,cafe,bagel;sandwich;salad;juice,40.6810156,-73.9941909
node,5574466300,Brooklyn,Slimāk,cafe,breakfast;sandwich;coffee_shop,40.651416,-74.0077637
node,5584491156,Brooklyn,Rofaqaa,cafe,,40.7018009,-73.914846
node,5585248522,Brooklyn,Bluestone Lane,cafe,coffee_shop;breakfast;sandwich;health_food,40.7007786,-73.9883118
node,5585532432,Brooklyn,Design Cafe Usagi,cafe,coffee_shop,40.7038562,-73.9869538
node,5597395539,Brooklyn,C M Coffee Shop,cafe,sandwich;coffee;salad,40.703584,-73.9174318
node,5597414426,Brooklyn,Rita & Maria,cafe,,40.6836705,-73.9326645
node,5600182561,Brooklyn,Fermento,cafe,,40.6918082,-73.9399409
node,5600183533,Brooklyn,Brooklyn Kolache,cafe,pastry,40.6907527,-73.9557871
node,5600185437,Brooklyn,The Bureau,cafe,coffee_shop;breakfast;sandwich,40.6892648,-73.9512084
node,5600185450,Brooklyn,Nostrand Coffee Roaster,cafe,breakfast;korean,40.6897553,-73.9513054
node,5600185466,Brooklyn,Playground Coffee Shop,cafe,snack,40.6865989,-73.9547153
node,5611592932,Brooklyn,Maya Congee Café,cafe,asian,40.6824544,-73.9613917
node,5613044405,Brooklyn,The Fiction,cafe,,40.7073204,-73.9537223
node,5614134321,Brooklyn,Sweetleaf Coffee,cafe,,40.7345353,-73.9553797
node,5617797691,Brooklyn,Coffee Rx,cafe,coffee_shop,40.6355039,-74.025973
node,5620571662,Brooklyn,Root Hill Cafe,cafe,coffee_shop;breakfast;sandwich,40.6763251,-73.9840522
node,5625462945,Brooklyn,AP Cafe,cafe,,40.7068582,-73.9223165
node,5625774814,Brooklyn,Joe Coffee,cafe,coffee_shop,40.6808478,-73.9756775
node,5627868643,Brooklyn,VEX El Cafe,cafe,,40.7039682,-73.9190111
node,5629115420,Brooklyn,House Party,cafe,,40.6885416,-73.9168727
node,5648649304,Brooklyn,Drip & Blend,cafe,coffee_shop;juice,40.6706968,-73.9887022
node,5656966142,Brooklyn,Caffe Italia,cafe,italian,40.6163585,-73.9927771
node,5693951191,Brooklyn,Covert,cafe,coffee_shop,40.6849632,-73.9138237
node,5695227262,Brooklyn,The Bagel Pub,cafe,bagel;sandwich,40.6757661,-73.9743815
node,5700532141,Brooklyn,Nili,cafe,mediterranean;coffee_shop,40.6792678,-73.9956991
node,5703248590,Brooklyn,Blank Street Coffee,cafe,coffee_shop,40.6776961,-73.9726111
node,5703390137,Brooklyn,Poetica Coffee,cafe,coffee_shop,40.6696923,-73.9794371
node,5714335354,Brooklyn,Milk Bar,cafe,breakfast;sandwich;coffee_shop,40.6778021,-73.969018
node,5715379617,Brooklyn,September,cafe,breakfast;coffee_shop,40.6839299,-73.9172262
node,5716101714,Brooklyn,Blue Bottle Coffee,cafe,coffee_shop,40.70593,-73.9365884
node,5723870934,Brooklyn,Caffeine Underground,cafe,coffee_shop,40.6922146,-73.914522
node,5725985607,Brooklyn,Blue Bottle Coffee,cafe,coffee_shop,40.7169605,-73.9610201
node,5728801365,Brooklyn,Liebre Cafe,cafe,spanish;coffee_shop;american;breakfast,40.6475474,-74.0003504
node,5731405474,Brooklyn,Breadivore,cafe,chinese;french,40.6672972,-73.9880543
node,5735248331,Brooklyn,Crossroads Cafe,cafe,sandwich;pastry,40.7050509,-73.928984
node,5747108148,Brooklyn,Kabir's Bakery,cafe,indian;bangladeshi,40.6428261,-73.9797361
node,5747283270,Brooklyn,Corner Cafe,cafe,,40.6353281,-73.9788437
node,5747519893,Brooklyn,Saint Michel,cafe,,40.695591,-73.9089131
node,5751854223,Brooklyn,Ange Noir Cafe,cafe,bagel;sandwich,40.7041849,-73.9341582
node,5758465202,Brooklyn,Father Knows Best,cafe,,40.6901694,-73.9069855
node,5775345819,Brooklyn,Lively,cafe,coffee_shop;health_food,40.6649151,-73.98342
node,5775345828,Brooklyn,Yellow Pear Coffee,cafe,asian,40.6653857,-73.9830381
node,5782951777,Brooklyn,Squarrel Cafe,cafe,,40.6844405,-73.9788828
node,5793887409,Brooklyn,Golden Sands Cafe Inc.,cafe,bakery;asian,40.5992009,-73.9517722
node,5794634047,Brooklyn,Cotton Bean,cafe,,40.6820717,-73.9932357
node,5794664401,Brooklyn,Nerd Be Cool,cafe,,40.6828547,-73.9952495
node,5794694809,Brooklyn,Mazzola Bakery,cafe,pizza;pastry;coffee_shop;sandwich,40.6833392,-73.9996341
node,5797335696,Brooklyn,Möge Tee,cafe,,40.6919532,-73.986422
node,5797455000,Brooklyn,Starbucks,cafe,coffee_shop,40.6771044,-73.9829762
node,5801942482,Brooklyn,Bake Shop,cafe,,40.7032509,-73.9328762
node,5816274212,Brooklyn,Laundry & Latte,cafe,,40.6935342,-73.9985211
node,5819051479,Brooklyn,Cusp,cafe,crepe;panini;coffee_shop,40.6670686,-73.9812452
node,5821317603,Brooklyn,Yardsale Cafe,cafe,coffee_shop;sandwich,40.6634448,-73.991455
node,5821349507,Brooklyn,Java Joe,cafe,,40.6672789,-73.9808256
node,5823823343,Brooklyn,19 Cafe,cafe,,40.7052284,-73.9444215
node,5827853291,Brooklyn,Sip & Play,cafe,coffee_shop;sandwich;snack;breakfast,40.668131,-73.9869618
node,5827853299,Brooklyn,Pulse Coffee Shop,cafe,coffee_shop,40.6679305,-73.9869794
node,5840570545,Brooklyn,Rocco's,cafe,,40.6166822,-74.0310713
node,5842396231,Brooklyn,Bread & Joe,cafe,pastry,40.6648362,-73.9937781
node,5844657601,Brooklyn,Little Cupcake Bakeshop,cafe,pastry;coffee_shop,40.6199411,-74.0326909
node,5852378587,Brooklyn,Monteleone's Bakery & Cafe,cafe,cake;cookie;ice_cream,40.6819521,-73.995929
node,5853859976,Brooklyn,Mochick Tea,cafe,japanese;donut;burger;chicken,40.6127415,-74.000354
node,5861839487,Brooklyn,Mister Cheeks,cafe,breakfast;sandwich,40.6821712,-73.9958236
node,5891774859,Brooklyn,Gran Caffé de Martini,cafe,coffee_shop;dessert,40.6790596,-73.9681533
node,5893344796,Brooklyn,Sweetbee Coffee,cafe,coffee_shop,40.6803422,-73.9693396
node,5905798195,Brooklyn,City League,cafe,coffee_shop,40.6351311,-74.0235244
node,5908861465,Brooklyn,Techne Kafe,cafe,coffee_shop,40.6644147,-73.9838344
node,5910319476,Brooklyn,Cafe on 7th,cafe,coffee_shop;breakfast;american,40.6616051,-73.9857929
node,5910319479,Brooklyn,Little Honey,cafe,breakfast;italian;pizza,40.6617344,-73.9856885
node,5912873399,Brooklyn,Bolo Bolo,cafe,indian,40.6871827,-73.9937419
node,5912968131,Brooklyn,ViVi Bubble Tea,cafe,,40.6905679,-73.9917738
node,5912968134,Brooklyn,Mamman,cafe,coffee_shop;sandwich;breakfast;french,40.6887231,-73.9930112
node,5914043148,Brooklyn,OS Cafe,cafe,coffee_shop;breakfast;sandwich,40.6647746,-73.9864585
node,5937436932,Brooklyn,Cafe Nanahoshi,cafe,coffee_shop;japanese,40.6707067,-73.9862615
node,5937855588,Brooklyn,Pitanga,cafe,health_food;sandwich;juice,40.7049815,-73.9234111
node,5941202236,Brooklyn,Mama Lupita's Bistro,cafe,mexican;breakfast,40.6559297,-74.0030444
node,5949200228,Brooklyn,Petee's Cafe,cafe,pastry;coffee_shop;sandwich;quiche,40.6937046,-73.9646875
node,5960201621,Brooklyn,Moka & Co,cafe,,40.6871803,-73.9762521
node,5963034386,Brooklyn,7 Grain Army,cafe,,40.7162589,-73.9554176
node,5978556769,Brooklyn,Cotter Barber,cafe,coffee_shop,40.7223584,-73.9501246
node,5978556770,Brooklyn,Charlotte Patisserie,cafe,,40.7230585,-73.9502459
node,5978792487,Brooklyn,Prima Brooklyn,cafe,coffee_shop;breakfast;sandwich;wine_bar,40.6867938,-73.9662119
node,5978837386,Brooklyn,Starbucks,cafe,coffee_shop,40.7234561,-73.9514323
node,5981998923,Brooklyn,Bagel Pub,cafe,bagel;coffee_shop;breakfast;sandwich,40.6696474,-73.9869134
node,5987486741,Brooklyn,Poetica Coffee,cafe,coffee_shop,40.6831965,-73.9927143
node,6003410969,Brooklyn,Allegro Coffee Roasters,cafe,coffee_shop,40.6748895,-73.9889741
node,6004765085,Brooklyn,City of Saints Coffee Roasters,cafe,,40.7088941,-73.9360587
node,6006148886,Brooklyn,Chez Alex,cafe,,40.6875229,-73.9237864
node,6006289990,Brooklyn,Bakeri,cafe,coffee_shop;breakfast;sandwich;pastry,40.7343048,-73.9575298
node,6006336588,Brooklyn,Stonefruit,cafe,breakfast;sandwich;eclectic,40.688819,-73.9551884
node,6008609702,Brooklyn,Cuppa Hive Espresso Bar,cafe,coffee_shop,40.6618916,-73.9819584
node,6037257725,Brooklyn,Vittoria,cafe,coffee_shop,40.7183032,-73.9573744
node,6037820263,Brooklyn,Mexique Cafe,cafe,mexican;french;brunch,40.66171,-73.9892569
node,6057926785,Brooklyn,Mia's Bakery,cafe,,40.6870195,-73.9901147
node,6071606246,Brooklyn,Roots Cafe,cafe,coffee_shop;breakfast;american,40.6628451,-73.991657
node,6088775969,Brooklyn,Penny House Cafe,cafe,breakfast;sandwich;coffee_shop,40.6760534,-73.963613
node,6090813612,Brooklyn,Le French Tart,cafe,coffee_shop;french,40.6647497,-73.9898126
node,6121661568,Brooklyn,Absolute Coffee,cafe,coffee_shop;bagel,40.6881861,-73.9876169
node,6125305149,Brooklyn,Cilantro Club,cafe,coffee_shop;sandwich,40.7003011,-73.9293438
node,6127296735,Brooklyn,Bushwick Bakery,cafe,pastry;salad;sandwich,40.6998856,-73.9280748
node,6128749086,Brooklyn,IC Brooklyn Cafe,cafe,sandwich,40.6981662,-73.9210076
node,6154104345,Brooklyn,Earth Shine,cafe,breakfast;eclectic,40.6729622,-73.9626595
node,6171881585,Brooklyn,Brooklyn Farmacy & Soda Fountain,cafe,ice_cream;hot_dog,40.6840022,-73.9993095
node,6175354948,Brooklyn,The Good Batch,cafe,pastry;ice_cream,40.6825942,-73.9632502
node,6177508886,Brooklyn,Judy’s,cafe,,40.6503575,-74.0050741
node,6184702285,Brooklyn,Colson Pâtisserie,cafe,,40.6566731,-74.0077764
node,6188784951,Brooklyn,Golda,cafe,coffee_shop;sandwich;mediterranean,40.6815369,-73.9558972
node,6190098843,Brooklyn,Café Erzulie,cafe,,40.6978902,-73.9371547
node,6205902412,Brooklyn,Porta Coffee,cafe,,40.6813685,-73.9646471
node,6236054985,Brooklyn,Artshack cafe/bar,cafe,,40.6848922,-73.9540394
node,6237945202,Brooklyn,Pando's Creperie & Cafe,cafe,,40.6723008,-73.9417878
node,6238292396,Brooklyn,By Clio,cafe,,40.6735922,-73.9894442
node,6242155998,Brooklyn,Bunch o' Bagels,cafe,sandwich;breakfast;coffee_shop,40.6660315,-73.9367904
node,6248588890,Brooklyn,Oslo Coffee,cafe,,40.7146755,-73.9566512
node,6260102833,Brooklyn,ViVi Bubble Tea,cafe,,40.6356846,-74.0096259
node,6298097844,Brooklyn,D'Amico Coffee,cafe,coffee_shop;breakfast;sandwich,40.6834976,-73.9951915
node,6300063006,Brooklyn,Terrace Bagels,cafe,bagel;coffee_shop;breakfast;sandwich,40.6600786,-73.9808244
node,6306935878,Brooklyn,One Girl Cookies,cafe,pastry;coffee_shop;breakfast;sandwich,40.6874328,-73.9903925
node,6307037078,Brooklyn,Konditori,cafe,bagel;coffee_shop,40.6878379,-73.9898642
node,6307037081,Brooklyn,Bien Cuit,cafe,coffee_shop,40.6876799,-73.9899689
node,6314774119,Brooklyn,Planted Cafe,cafe,health_food;breakfast,40.6805304,-73.9945032
node,6314792169,Brooklyn,Brooklyn Habit,cafe,coffee_shop;sandwich;tapas,40.6779968,-73.9960712
node,6319618552,Brooklyn,Pure Green,cafe,health_food;juice,40.6887402,-73.9908157
node,6327650155,Brooklyn,Villager,cafe,pastry;danish,40.6719654,-73.9609686
node,6332033686,Brooklyn,Emma's Torch,cafe,coffee_shop;breakfast;american;middle_eastern,40.6800027,-73.9948789
node,6334491280,Brooklyn,Dulce Italian Bakery,cafe,coffee_shop;pastry,40.6617825,-73.9931813
node,6340488794,Brooklyn,Saturn Road,cafe,coffee_shop,40.6847188,-73.9949279
node,6372786027,Brooklyn,Espresso Me,cafe,coffee_shop;sandwich;ice_cream,40.6908749,-73.9972733
node,6376980023,Brooklyn,T Baar,cafe,,40.6778879,-73.9792905
node,6382251178,Brooklyn,Kaigo Coffee Room,cafe,coffee_shop,40.693417,-74.000816
node,6392106685,Brooklyn,Dweebs,cafe,,40.7003851,-73.9226935
node,6402697500,Brooklyn,Baby Skips,cafe,coffee_shop;american;breakfast;health_food,40.6970422,-73.9336001
node,6414917575,Brooklyn,Blank Street Coffee,cafe,coffee_shop;breakfast,40.6878338,-73.9934298
node,6433061916,Brooklyn,Nerd Be Cool,cafe,coffee_shop;ice_cream,40.6761808,-73.9990416
node,6453371196,Brooklyn,Kung Fu Tea,cafe,bubble_tea,40.689462,-73.9859753
node,6456450337,Brooklyn,Poke Fan,cafe,poke,40.689583,-73.9859909
node,6465804985,Brooklyn,White Noise Coffee (Brooklyn Coffee Shop),cafe,coffee_shop;breakfast;health_food,40.6896286,-73.9882049
node,6467315461,Brooklyn,Bond Street Coffee and Goods,cafe,sandwich;breakfast;salad,40.6779446,-73.9908632
node,6476814366,Brooklyn,Enso,cafe,,40.675733,-73.9805144
node,6500461143,Brooklyn,Stumptown No 12,cafe,coffee_shop;latin_american,40.6888776,-73.9921479
node,6516818726,Brooklyn,A Bar,cafe,,40.5978165,-73.985207
node,6534166842,Brooklyn,About Coffee,cafe,coffee_shop,40.6903087,-73.9916493
node,6611927209,Brooklyn,El Noël Wellness,cafe,,40.6824009,-73.966466
node,6611929070,Brooklyn,Dilly Dally,cafe,american,40.6774844,-73.9691374
node,6672519068,Brooklyn,Kasbah Bakery,cafe,pastry;sandwich;brunch,40.6833195,-74.003365
node,6676466677,Brooklyn,Paneantico,cafe,sandwich;pastry;coffee_shop,40.6194688,-74.0328783
node,6677928152,Brooklyn,Dumpling & Cafe,cafe,coffee_shop;breakfast;sandwich;chinese,40.6688526,-73.9852378
node,6680404242,Brooklyn,Kung Fu Tea,cafe,bubble_tea,40.6806896,-73.9777186
node,6681744660,Brooklyn,Starbucks,cafe,coffee_shop,40.6887441,-73.9629364
node,6681888952,Brooklyn,Fishs Eddy,cafe,,40.7026351,-73.9897815
node,6682052647,Brooklyn,Avenue Cafe,cafe,,40.7090225,-73.9639893
node,6709938306,Brooklyn,Familiars Vegan Coffee Shop,cafe,,40.6867951,-73.9236409
node,6719106993,Brooklyn,Almondine Bakery,cafe,coffee_shop;pastry;sandwich,40.7033645,-73.9912069
node,6757143486,Brooklyn,Martha's Pastries & Cafe,cafe,coffee_shop;diner,40.6829912,-73.953657
node,6761763979,Brooklyn,Marcy and Myrtle,cafe,,40.7207076,-73.9577014
node,6791111462,Brooklyn,Tiger Sugar,cafe,bubble_tea,40.6358568,-74.0089718
node,6796160726,Brooklyn,Variety Coffee,cafe,coffee_shop,40.723174,-73.94425
node,6800246087,Brooklyn,Café Alula,cafe,,40.7345902,-73.9582212
node,6800262485,Brooklyn,Maman,cafe,,40.7304598,-73.9581342
node,6814990052,Brooklyn,Feria Cafe,cafe,pastry;brunch;sandwich,40.6328943,-74.0270433
node,6814990054,Brooklyn,Omonia Cafe,cafe,greek,40.6304226,-74.0283804
node,6839024569,Brooklyn,Amy's Bread,cafe,coffee_shop;breakfast;sandwich,40.6910101,-73.9959583
node,6859180119,Brooklyn,Starbucks,cafe,coffee_shop,40.6891039,-73.9859325
node,6872279129,Brooklyn,Hala Coffee & Kitchen,cafe,breakfast;sandwich,40.7058096,-73.9219002
node,6872279133,Brooklyn,The Bad Bagel,cafe,bagel;breakfast;sandwich,40.7058618,-73.9219914
node,6874194970,Brooklyn,Dee Dee's Sweets & Treats,cafe,coffee_shop;breakfast;sandwich,40.661254,-73.9937327
node,6874269654,Brooklyn,L'Insolent,cafe,,40.6638873,-73.9941562
node,6876199945,Brooklyn,La Villa Café,cafe,latin_american;breakfast,40.6908789,-73.9567887
node,6876199946,Brooklyn,Initial Tea,cafe,coffee_shop;asian;ice_cream,40.6906742,-73.9584138
node,6876895217,Brooklyn,Bklyn Blend,cafe,coffee_shop;breakfadst;sandwich;health_food;juice,40.6923347,-73.9458487
node,6898814394,Brooklyn,Sunset Bagels,cafe,bagel;diner,40.654643,-74.0043906
node,6900833957,Brooklyn,Beets and Carrots,cafe,american,40.6140712,-74.0349076
node,6925129153,Brooklyn,La Flor de Izucar,cafe,mexican;breakfast;coffee_shop,40.6501904,-74.0048024
node,6932788478,Brooklyn,Kung Fu Tea,cafe,bubble_tea,40.6380601,-74.0064004
node,6952884368,Brooklyn,Starbucks,cafe,coffee_shop,40.7000569,-73.9411085
node,6966637055,Brooklyn,Vivi's Bubble Tea,cafe,bubble_tea,40.6119143,-73.9831641
node,7038487786,Brooklyn,Gigi’s Bakery,cafe,pastry;asian,40.6222362,-74.0287935
node,7040457482,Brooklyn,Gusto Latino Cafe Rest,cafe,,40.7161905,-73.9571819
node,7072426842,Brooklyn,Starbucks,cafe,coffee_shop,40.6192573,-74.0329705
node,7075631332,Brooklyn,Starbucks,cafe,coffee_shop,40.6315574,-74.0275898
node,7118282583,Brooklyn,Gotcha Cafe,cafe,bubble_tea;ice_cream;tea,40.6082646,-74.0046167
node,7124991341,Brooklyn,Ciao Gloria,cafe,coffee_shop;breakfast;sandwich,40.6804868,-73.9680977
node,7126735715,Brooklyn,Cafe Nube,cafe,mexican;breakfast,40.6547688,-74.0042563
node,7126840190,Brooklyn,The Attic,cafe,,40.635656,-74.0233237
node,7126840192,Brooklyn,Lux Bakery,cafe,pastry,40.6349682,-74.0235906
node,7129638751,Brooklyn,Carlotte Patisserie,cafe,coffee_shop;sandwich;breakfast;french,40.687233,-73.9933922
node,7132140604,Brooklyn,Paris Baguette,cafe,coffee_shop;sandwich;pastry,40.6910704,-73.9915223
node,7165158294,Brooklyn,390 Social,cafe,coffee_shop;vietnamese;sandwich;charcuterie;eclectic,40.6708551,-73.9850972
node,7177751484,Brooklyn,Coffee Project New York,cafe,coffee_shop,40.6876887,-73.9793247
node,7178256995,Brooklyn,Pub Date,cafe,,40.6869181,-73.9786569
node,7208905972,Brooklyn,Brooklyn Bread,cafe,bagel;breakfast;sandwich;salad,40.6801347,-73.9971248
node,7223921085,Brooklyn,Republic of Booza,cafe,,40.7170895,-73.961193
node,7254232934,Brooklyn,Red Mist Hookah Lounge,cafe,,40.6434141,-73.9697939
node,7424179942,Brooklyn,Crema Brooklyn,cafe,coffee_shop,40.7230127,-73.9456976
node,7575502642,Brooklyn,Little Red Kitchen Bakeshop,cafe,,40.6646718,-73.9933467
node,7656525681,Brooklyn,Jooy Tea Shoppe,cafe,,40.6353752,-74.009882
node,7656550169,Brooklyn,Prince Tea House,cafe,tea;small_plates;bubble_tea;asian,40.6358941,-74.0129469
node,7656695500,Brooklyn,Yi Fang Tea,cafe,bubble_tea,40.6367635,-74.0088184
node,7795039231,Brooklyn,Gong Cha,cafe,bubble_tea,40.6915053,-73.9864292
node,7795039234,Brooklyn,Ava Brew,cafe,coffee_shop,40.6920093,-73.9850009
node,7808355546,Brooklyn,HôM,cafe,brunch,40.621825,-74.0319142
node,8098670922,Brooklyn,Starbucks,cafe,coffee_shop,40.6263637,-73.9169027
node,8108885113,Brooklyn,Cotton Bean,cafe,,40.6762444,-73.9504296
node,8109403685,Brooklyn,Poetica Coffee,cafe,coffee;pastry,40.7137246,-73.9494826
node,8111388488,Brooklyn,Brooklyn Roasting Company,cafe,coffee_shop,40.7141926,-73.9508267
node,8149503340,Brooklyn,Debutea,cafe,bubble_tea;poke;snack,40.6893113,-73.9884523
node,8215586833,Brooklyn,Cafe Volkan,cafe,coffee_shop;breakfast;health_food,40.6866548,-73.9900282
node,8265056191,Brooklyn,Brew Memories,cafe,asian;coffee_shop;breakfast;sandwich,40.6678048,-73.9806236
node,8265254785,Brooklyn,I'Milky Bubble Tea,cafe,bubble_tea,40.6907261,-73.9916814
node,8284985198,Brooklyn,Steeplechase Coffee,cafe,coffee_shop,40.6484686,-73.9788506
node,8307422435,Brooklyn,Der Pioneer,cafe,sandwich;pastry,40.6459771,-73.97212
node,8379835169,Brooklyn,Prince Tea House,cafe,dessert;tea;cake,40.603699,-73.995822
node,8406371483,Brooklyn,Hibiscus Brew,cafe,health_food,40.6605904,-73.9609117
node,8497761668,Brooklyn,Starbucks,cafe,coffee_shop,40.5755842,-73.9774568
node,8631908538,Brooklyn,Peck's,cafe,,40.6934184,-73.9673028
node,8835666276,Brooklyn,Topfer Library Cafe,cafe,,40.6321426,-73.9504003
node,8898429797,Brooklyn,Starbucks,cafe,coffee_shop,41.4239419,-81.7598583
node,8988157188,Brooklyn,For All Things Good,cafe,mexican;oaxacan,40.6876221,-73.9568049
node,9032637735,Brooklyn,Brain Food,cafe,salad;health_food,40.690634,-73.9917389
node,9051228617,Brooklyn,Pep Bakehouse and Coffee Shop,cafe,coffee_shop;sandwich;french,40.5760866,-73.9715426
node,9051241922,Brooklyn,Ceremonia Bakeshop,cafe,coffee_shop;bakery,40.7124741,-73.9605821
node,9051252639,Brooklyn,Butler,cafe,,40.7118326,-73.9647216
node,9121440014,Brooklyn,Eleva,cafe,,40.7363882,-73.9585835
node,9123117118,Brooklyn,Starbucks,cafe,coffee_shop,40.6945558,-73.9939731
node,9132786081,Brooklyn,Orso,cafe,,40.5849963,-73.9511193
node,9140312164,Brooklyn,Corto,cafe,coffee_shop;sandwich,40.682442,-73.9432856
node,9140312166,Brooklyn,Bunny,cafe,mediterranean,40.6821216,-73.9497801
node,9140312169,Brooklyn,Brown Butter,cafe,american;southern,40.6834295,-73.9437876
node,9140429121,Brooklyn,Dark Necessity,cafe,,40.6770202,-73.9591329
node,9143230746,Brooklyn,Cafe Mocha,cafe,,40.6209606,-73.9982988
node,9156973277,Brooklyn,Cafe Japon,cafe,japanese,40.6559314,-74.0064725
node,9272996385,Brooklyn,Sippy Cafe,cafe,breakfast;sandwich;coffee_shop,40.7323041,-73.95783
node,9273167176,Brooklyn,Two Hands,cafe,american;brunch,40.7161023,-73.9663432
node,9291191721,Brooklyn,P-Street Cafe,cafe,,40.6682057,-73.9510178
node,9330613472,Brooklyn,L’Appartement 4F,cafe,pastry;french,40.6950814,-73.9948457
node,9393419568,Brooklyn,Starbucks,cafe,coffee_shop,40.6191734,-73.989937
node,9403176561,Brooklyn,Star Cafe & Bakery,cafe,,40.6807305,-73.9513739
node,9403176563,Brooklyn,Bagel Nest,cafe,bagel;breakfast;sandwich,40.6806602,-73.9520472
node,9406270440,Brooklyn,Coffee Uplifits People,cafe,coffee_shop,40.6859369,-73.9542381
node,9440589127,Brooklyn,Madame Poupon,cafe,french,40.6844658,-73.950244
node,9501235662,Brooklyn,For the Record,cafe,coffee_shop,40.7363076,-73.9554676
node,9501513257,Brooklyn,ViVi Bubble Tea,cafe,,40.6451065,-74.0105193
node,9506799523,Brooklyn,Brooklyn Corner,cafe,coffee_shop,-33.5479221,151.2262752
node,9528305921,Brooklyn,Sippy Cafe,cafe,coffee_shop;sandwich,40.693533,-73.992074
node,9543748330,Brooklyn,Hamlet,cafe,,40.6609899,-73.9533535
node,9543917517,Brooklyn,% Arabica,cafe,coffee_shop,40.7025978,-73.9941382
node,9543939117,Brooklyn,Drip,cafe,,40.6983917,-73.9370493
node,9543939118,Brooklyn,Paloma Coffee & Bakery,cafe,coffee_shop,40.7107068,-73.9512259
node,9543940517,Brooklyn,Hungry Ghost Coffee,cafe,coffee_shop,40.7145938,-73.9450381
node,9543941517,Brooklyn,Alex Coffee Roasters Brooklyn,cafe,,40.7194959,-73.96067
node,9583638725,Brooklyn,Burly Coffee,cafe,,40.690448,-73.9518833
node,9583789837,Brooklyn,TB Coffee House,cafe,,40.6938515,-73.9614424
node,9595950539,Brooklyn,Kings Kolache,cafe,texan;breakfast,40.7081895,-73.9202089
node,9601671752,Brooklyn,Starbucks,cafe,coffee_shop,40.5778339,-73.9612102
node,9621859854,Brooklyn,Little Roy,cafe,coffee_shop;african,40.6886993,-73.947421
node,9622073541,Brooklyn,Petisco Brazuca,cafe,,40.6924466,-73.9430775
node,9624402289,Brooklyn,Nostrand Coffee Roasters,cafe,coffee_shop,40.6894044,-73.9705995
node,9624789645,Brooklyn,SF BK,cafe,new_mexican;breakfast,40.7179646,-73.9566853
node,9661877493,Brooklyn,Blue Star Parlor,cafe,,40.6396937,-73.9674191
node,9666095412,Brooklyn,NY Tracks Cafe,cafe,,40.6389617,-73.9195495
node,9696507316,Brooklyn,Fuel Fever,cafe,coffee_shop;health_food;juice;mediterranean,40.7033542,-73.986766
node,9736192080,Brooklyn,Georgian Corner,cafe,georgian,40.5789819,-73.9760312
node,9758458699,Brooklyn,Bergen Beach Cafe,cafe,,40.6199686,-73.9070033
node,9762844875,Brooklyn,Pete's Brooklyn Eats Cafe,cafe,coffee_shop;pizza;sandwich,40.6449048,-74.0242528
node,9777821013,Brooklyn,Pegasus,cafe,,40.6231851,-74.0313473
node,9779751521,Brooklyn,Bai’ Dar,cafe,middle_eastern,40.6364476,-74.0259492
node,9779884981,Brooklyn,Take Away & Cafe,cafe,breakfast;sandwich;juice,40.6347668,-74.026616
node,9787132471,Brooklyn,C-Xique Cafe,cafe,breakfast;sandwich;mexican,40.6508486,-74.0117396
node,9795586991,Brooklyn,Amai Bā,cafe,,40.6988698,-73.992494
node,9808520836,Brooklyn,Compilation Coffee,cafe,,40.6938125,-73.9828875
node,9809871507,Brooklyn,Jezero Cafe,cafe,,40.589945,-73.9728274
node,9812993600,Brooklyn,Devoción,cafe,,40.701665,-73.9865228
node,9829640326,Brooklyn,Moka&Co,cafe,coffee_shop,40.6178298,-73.9596559
node,9834107259,Brooklyn,Coconut Hookah,cafe,,40.6337862,-74.0214569
node,9834107264,Brooklyn,Hemo Cafe,cafe,coffee_shop;yemeni,40.6327857,-74.0211173
node,9834254267,Brooklyn,Panaderia Melissa,cafe,coffee_shop;latin_american,40.638502,-74.016977
node,9842564518,Brooklyn,BAMcafé,cafe,,40.6866724,-73.9777301
node,9845209353,Brooklyn,Moge Tee,cafe,,40.6044692,-73.9976959
node,9845250397,Brooklyn,Tiger Sugar,cafe,bubble_tea,40.6026278,-73.9953132
node,9845278413,Brooklyn,Starbucks,cafe,coffee_shop,40.6049946,-73.9985584
node,9858858654,Brooklyn,Gulluoglu Baklava & Cafe,cafe,coffee_shop;sandwich;turkish,40.5768186,-73.9659384
node,9962140857,Brooklyn,Otway Bakery,cafe,coffee_shop,40.6827643,-73.9641104
node,9964704539,Brooklyn,Head Hi,cafe,coffee_shop,40.6977235,-73.9709547
node,10024111241,Brooklyn,L'imprimerie,cafe,french,40.6992617,-73.9128696
node,10047602537,Brooklyn,Trash Island,cafe,coffee_shop,40.6840079,-73.9296241
node,10047602539,Brooklyn,Fat Doughnut,cafe,donut;breakfast,40.6924128,-73.9310954
node,10065571478,Brooklyn,Early Yves,cafe,,40.6836278,-73.9263876
node,10078555417,Brooklyn,Angels Cafe,cafe,bagel,40.7192029,-73.9597158
node,10109662192,Brooklyn,Starbucks,cafe,coffee_shop,40.6895109,-73.9829006
node,10112378651,Brooklyn,Blank Street Coffee,cafe,coffee_shop,40.6935927,-73.9858169
node,10136292572,Brooklyn,The Bay Cafe,cafe,mediterranean,40.5828543,-73.954431
node,10148136558,Brooklyn,Polly's,cafe,coffee_shop;sandwich,40.6736727,-73.9606526
node,10155740444,Brooklyn,Secret Garden,cafe,,40.6837163,-73.9350613
node,10162028274,Brooklyn,Crepe Factory,cafe,crepe;coffee_shop;sandwich,40.6326133,-74.0274968
node,10170251962,Brooklyn,Pueblo Querido,cafe,,40.7371151,-73.9587661
node,10178410745,Brooklyn,Almah Cafe,cafe,,40.6759277,-73.9302979
node,10198298532,Brooklyn,Yafa Cafe,cafe,coffee_shop;yemeni,40.6493711,-74.0092386
node,10198368953,Brooklyn,Albait Baitak Cafe,cafe,,40.6342742,-74.023884
node,10203189775,Brooklyn,Cream Coffee Shop,cafe,,40.6332495,-74.0272357
node,10208288369,Brooklyn,Pep Bakehouse & Coffee Shop,cafe,,40.5953581,-73.9540725
node,10236311997,Brooklyn,Pavlova Bakery,cafe,turkish,40.5765137,-73.9675314
node,10245411701,Brooklyn,Totopan,cafe,guatemalan;coffee_shop,40.6475701,-74.0075462
node,10245668521,Brooklyn,Haveli Lounge,cafe,,40.6351912,-74.0201287
node,10248075953,Brooklyn,Bailey’s Cafe,cafe,,40.6817281,-73.9289848
node,10248988534,Brooklyn,Baked in Brooklyn,cafe,coffee_shop;breakfast;sandwich,40.6588298,-73.9962617
node,10282968181,Brooklyn,Hungry Ghost Coffee,cafe,,40.6836366,-73.9681287
node,10293858669,Brooklyn,Tea Time Tactics,cafe,,40.6517223,-73.9756829
node,10315606384,Brooklyn,High Grade Coffee,cafe,,40.6605665,-73.9604844
node,10315606401,Brooklyn,Brooklyn Perk,cafe,coffee_shop,40.6585929,-73.9603145
node,10553751065,Brooklyn,Brooklyn Perk,cafe,,40.6550606,-73.9609978
node,10557706111,Brooklyn,Rhythm Zero,cafe,,40.7302525,-73.9598036
node,10568524391,Brooklyn,Commune,cafe,coffee_shop,40.6868109,-73.9594329
node,10572082255,Brooklyn,Loud Baby,cafe,,40.6551412,-73.9615614
node,10595013925,Brooklyn,Bklyn Kettle Cafe,cafe,,40.6844938,-73.9440073
node,10611597220,Brooklyn,Bagels & Coffee,cafe,coffee_shop;bagel,40.6379186,-73.8961722
node,10613041697,Brooklyn,pinkFROG Cafe,cafe,coffee_shop;chinese;japanese;french,40.717779,-73.9543949
node,10642744091,Brooklyn,Seed Brklyn Green House,cafe,,40.6815777,-73.9533915
node,10651869821,Brooklyn,Gong Cha,cafe,bubble_tea,40.6919072,-73.9828819
node,10679766624,Brooklyn,Coffee Rx,cafe,coffee_shop;sandwich,40.6220455,-74.0320421
node,10695150094,Brooklyn,Cafe d'Avignon,cafe,coffee_shop,40.6914599,-73.982586
node,10712959086,Brooklyn,Generoso's,cafe,sandwich;pastry,40.6404442,-74.0153799
node,10771770502,Brooklyn,Meena House Cafe,cafe,egyptian,40.6335595,-74.0214744
node,10797371352,Brooklyn,MEDD,cafe,middle_eastern;pastry,40.6302512,-74.0219084
node,10797403545,Brooklyn,Cup of Joe,cafe,coffee_shop,40.6299775,-74.0222584
node,10803207999,Brooklyn,Botani,cafe,coffee_shop,40.6907104,-73.9364312
node,10822653418,Brooklyn,Asal Yemen,cafe,yemeni,40.6283942,-74.0232641
node,10822789007,Brooklyn,Land to Sea,cafe,,40.7168388,-73.944581
node,10835856480,Brooklyn,I'Milky,cafe,bubble_tea,40.7175808,-73.9590156
node,10836191952,Brooklyn,Lattente,cafe,coffee_shop,40.7164698,-73.9590218
node,10838005576,Brooklyn,Caffè Valencia,cafe,coffee_shop,40.714913,-73.9627684
node,10865913691,Brooklyn,Brooklyn Standard,cafe,breakfast;sandwich;american,40.7116246,-73.9425422
node,10885430068,Brooklyn,Daughter,cafe,eclectic;pastry,40.671056,-73.9424343
node,10916272079,Brooklyn,The Coffee Shop,cafe,coffee_shop,40.726051,-73.9409223
node,10965288117,Brooklyn,Noire,cafe,,40.6789046,-73.9974077
node,10978640780,Brooklyn,Los Hermanos Coffee,cafe,latin_american,40.6754219,-74.0004929
node,10983296546,Brooklyn,Beepublic,cafe,,40.7024968,-73.9862589
node,10989822650,Brooklyn,Chocolate Espresso Bar,cafe,coffee_shop,40.6689883,-73.94208
node,10997993461,Brooklyn,Burly Coffee,cafe,coffee_shop,40.681556,-73.9656692
node,11003172111,Brooklyn,Brooklyn High Low,cafe,pastry,40.675276,-73.9747025
node,11008681025,Brooklyn,Sheba Hookah Lounge,cafe,,40.6270458,-74.0238142
node,11020006881,Brooklyn,Winner in the Park,cafe,breakfast;sandwich;eclectic,40.6656295,-73.9714371
node,11030368694,Brooklyn,Café Dacha,cafe,ukrainian;russian,40.5769318,-73.9801202
node,11036322282,Brooklyn,Gong Cha,cafe,bubble_tea,40.6322171,-73.9671576
node,11073244128,Brooklyn,IXV,cafe,coffee_shop,40.6849219,-73.9814597
node,11079620505,Brooklyn,FillUp Coffee,cafe,,40.6445197,-73.9999603
node,11085646550,Brooklyn,One Two One Cafe,cafe,,40.6859132,-73.9231462
node,11091901376,Brooklyn,Tete A Tete,cafe,,40.5877321,-73.9551165
node,11133182357,Brooklyn,Text Book,cafe,,40.6896675,-73.9777652
node,11146056163,Brooklyn,Sowa,cafe,coffee_shop,40.6776538,-74.0128121
node,11152084762,Brooklyn,Starbucks,cafe,coffee_shop,40.6847907,-73.9775039
node,11162257422,Brooklyn,New World Nutrition,cafe,,40.7007283,-73.9112011
node,11164227707,Brooklyn,Copper Mug Coffee,cafe,,40.7164928,-73.9598142
node,11165813305,Brooklyn,Daughter Coffee,cafe,,40.6860834,-73.944307
node,11195043763,Brooklyn,Dreamery,cafe,ice_cream;mexican;breakfast,40.687559,-73.9593805
node,11225912461,Brooklyn,Callahan's Coffee Cafe,cafe,,42.1053931,-84.2476219
node,11240481215,Brooklyn,Matto Espresso,cafe,,40.6987921,-73.91743
node,11396442169,Brooklyn,Lalin's,cafe,coffee_shop;tea,40.6936478,-73.9290485
node,11399454039,Brooklyn,Wonder Beach Café,cafe,sandwich;breakfast,40.7003629,-73.9884217
node,11480683218,Brooklyn,Eden Hookah,cafe,,40.6341571,-74.0222618
node,11480683224,Brooklyn,The Ocky Way Chocolate Factory,cafe,,40.6346131,-74.020719
node,11528502978,Brooklyn,Safir Bakery & Cafe,cafe,,40.6101536,-73.9554705
node,11638744860,Brooklyn,Tsaōcaa,cafe,bubble_tea;ramen,40.6407513,-73.9650679
node,11665449521,Brooklyn,Principles GI Coffee House,cafe,coffee_shop,40.6723872,-73.9926894
node,11721695351,Brooklyn,Variety Cafe,cafe,coffee_shop,40.7154052,-73.9443717
node,11747267935,Brooklyn,Amelie Cafe,cafe,coffee_shop,40.7292851,-73.953737
node,11766643572,Brooklyn,Blank Street Coffee,cafe,coffee_shop,40.6946861,-73.9934432
node,11776251817,Brooklyn,Milk & Honey,cafe,coffee_shop;breakfast,40.6178859,-74.03352
node,11783969920,Brooklyn,Jack's Stir Brew Coffee,cafe,coffee_shop,40.689538,-73.9851519
node,11795951919,Brooklyn,Sai Cafe,cafe,chinese,40.6328554,-74.0055944
node,11806712843,Brooklyn,Caffe Corretto,cafe,,40.616488,-73.9861326
node,11836256036,Brooklyn,ViVi's Bubble Tea,cafe,bubble_tea,40.6187085,-73.9904138
node,11854382369,Brooklyn,Olas Coffee Roasters and Cafe,cafe,,40.7117857,-73.9491299
node,11864137706,Brooklyn,Yi Fang Tea,cafe,bubble_tea,40.605407,-73.997224
node,11875103936,Brooklyn,Sunset Bagels,cafe,,40.6338591,-73.9638483
node,11875117432,Brooklyn,Appletree Gourmet,cafe,,40.6350219,-73.962945
node,11896814793,Brooklyn,BORED,cafe,coffee_shop,40.6821844,-74.0039128
node,11907690088,Brooklyn,Crawford's Coffee Bar & Cafe,cafe,,40.6098296,-73.9625378
node,11919348693,Brooklyn,Starbucks,cafe,coffee_shop,40.6985223,-73.9795751
node,11956309391,Brooklyn,Butcher‘s Daughter,cafe,,40.7148966,-73.9585346
node,11968859203,Brooklyn,Pairing,cafe,coffee_shop,40.7232303,-73.9415595
node,11975933909,Brooklyn,Greta,cafe,coffee_shop,40.7254716,-73.9447184
node,11993095038,Brooklyn,Red Chaconia Cafe,cafe,,40.6582862,-73.9606336
node,12026749712,Brooklyn,U Cafe,cafe,,40.5978941,-73.9638353
node,12043679262,Brooklyn,Liz’s  Book Bar,cafe,,40.6812052,-73.9940616
node,12055375089,Brooklyn,Bontree,cafe,,40.6781757,-73.9684662
node,12095745427,Brooklyn,Octavia,cafe,coffee_shop,40.6871101,-73.9937741
node,12162663961,Brooklyn,Fountainhas,cafe,,40.7038444,-73.9867404
node,12247119193,Brooklyn,Kung Fu Tea,cafe,bubble_tea,40.6208198,-74.0266037
node,12248243320,Brooklyn,Kung Fu Tea,cafe,bubble_tea,40.6361965,-74.0126301
node,12248272577,Brooklyn,In Cha,cafe,bubble_tea,40.6365949,-74.0117882
node,12248356098,Brooklyn,Zaruma,cafe,coffee_shop,40.7024095,-73.990195
node,12251081136,Brooklyn,Boca De Cielo,cafe,mediterranean;coffe_shop;brunch,40.6239567,-74.0306888
node,12251325099,Brooklyn,Ellie's Cafe,cafe,,40.6659024,-73.9930413
node,12253456376,Brooklyn,Win Son Bakery,cafe,coffee_shop;asian;taiwanese;pastry,40.7072233,-73.9430166
node,12259503231,Brooklyn,High & Dry,cafe,,40.6979898,-73.9367674
node,12269406401,Brooklyn,La Cabra,cafe,coffee_shop,40.7061778,-73.9211621
node,12272040575,Brooklyn,Furman's Coffee,cafe,coffee_shop;breakfast,40.6787836,-73.9495223
node,12272486862,Brooklyn,Paris Baguette,cafe,coffee_shop;pastry,40.666336,-73.9888689
node,12307168436,Brooklyn,Luna La Mer,cafe,coffee_shop;breakfast,40.6696214,-73.9895996
node,12327643947,Brooklyn,Bonjour Brooklyn,cafe,french,40.6930462,-73.9286832
node,12368030383,Brooklyn,Mouette,cafe,coffee_shop;french,40.5971232,-73.9507592
node,12456130217,Brooklyn,Sofreh Cafe,cafe,persian,40.6811024,-73.9755327
node,12459424114,Brooklyn,Brooklyn Museum Cafe,cafe,coffee_shop;sandwich,40.6713653,-73.9634901
node,12549245008,Brooklyn,Three Legged Cat,cafe,coffee_shop,40.7122831,-73.9380103
node,12586031248,Brooklyn,Heytea,cafe,bubble_tea,40.602813,-73.9956412
node,12610669601,Brooklyn,Miss Barb's,cafe,,40.6629183,-73.9510311
node,12626619102,Brooklyn,Molly Tea,cafe,milk_tea,40.6357813,-74.0090505
node,12643728897,Brooklyn,Padmore’s,cafe,coffee_shop,40.6815005,-73.9533859
node,12644652498,Brooklyn,Fiorella,cafe,,40.6699938,-73.9924279
node,12660808462,Brooklyn,Dunkin' Donuts Baskin BR Robbins,cafe,,40.6249864,-73.9619295
node,12662714201,Brooklyn,Williamsburg Bagel,cafe,bagel,40.7073383,-73.9609982
node,12718628801,Brooklyn,Milk & Pull,cafe,,40.6808787,-73.9288093
node,12771316237,Brooklyn,Bad Therapy,cafe,,40.6392738,-73.9684233
node,12771717142,Brooklyn,Cafe PHiL,cafe,,40.689113,-73.9569987
node,12778709116,Brooklyn,The Healing Bean,cafe,,40.6284263,-74.0291935
node,12796014160,Brooklyn,PPL,cafe,,40.7128252,-73.9584364
node,12796313302,Brooklyn,Nem’s Japandi Bistro,cafe,,40.7189566,-73.9612182
node,12802287301,Brooklyn,Grand Bagel Coffee Shop,cafe,breakfast;sandwich;diner,40.7126543,-73.9383035
node,12806870185,Brooklyn,Joe & The Juice,cafe,coffee_shop,40.7159301,-73.9644482
node,12832519497,Brooklyn,Chocolate Connects,cafe,,40.6332945,-73.967265
node,12832536695,Brooklyn,Grizzly Coffee & Tea House,cafe,coffee_shop,40.6333427,-73.9672863
node,12843123087,Brooklyn,Starbucks,cafe,coffee_shop,40.5870983,-73.9533696
node,12844356799,Brooklyn,Dolly's Coffee Shop,cafe,coffee_shop,40.6813411,-73.9113044
node,12847512611,Brooklyn,Drip Coffee,cafe,,40.7124668,-73.9370734
node,12853069140,Brooklyn,Cafe Chocolate,cafe,coffee_shop,40.6252719,-73.9616946
node,12898116444,Brooklyn,Luo's Events,cafe,,40.6735793,-74.011435
node,12945602420,Brooklyn,Lazy Sundaes,cafe,bubble_tea,40.7022446,-73.9856501
node,12982825001,Brooklyn,Barzakh Cafe,cafe,mediterranean,40.6737824,-73.9304981
node,13009030345,Brooklyn,Bright Side,cafe,,40.7186752,-73.9640457
node,13009033106,Brooklyn,Pueblo Querido Coffee Roasters Cafe de Colombia,cafe,,40.7199461,-73.9628164
node,13009348344,Brooklyn,Rhythm Zero - Williamsburg,cafe,coffee_shop,40.7189268,-73.9533409
node,13027198401,Brooklyn,Loaf on Paper,cafe,japanese,40.7157288,-73.9649474
node,13030687357,Brooklyn,Hom,cafe,coffee_shop;asian;dim_sum,40.6752898,-73.9750624
node,13038477506,Brooklyn,Poetica Coffee,cafe,coffee_shop,40.6636128,-73.9631501
node,13042969064,Brooklyn,Coffee Land,cafe,coffee_shop;breakfast;bagel,40.6827878,-73.9618478
node,13046500801,Brooklyn,Tadaima,cafe,japanese,40.6572572,-74.0074737
node,13107967347,Brooklyn,Kijitora,cafe,coffee_shop,40.7180711,-73.9579097
node,13141674653,Brooklyn,Gong Cha,cafe,bubble_tea,40.5874082,-73.9546742
node,13174892247,Brooklyn,Estuary Kiosk,cafe,,-33.541828,151.1995473
node,13246507042,Brooklyn,drip coffee makers,cafe,coffee_shop,40.6977483,-73.9932998
node,13306603141,Brooklyn,Milk+Honey Coffee+Kitchen,cafe,,40.5757087,-73.9825937
node,13308349706,Brooklyn,Reforester’s Labratory,cafe,,40.7161413,-73.9620378
node,13329039603,Brooklyn,Moka & Co.,cafe,coffee_shop,40.5773975,-73.963227
node,13357743371,Brooklyn,Matchaful,cafe,,40.6974255,-73.9678688
node,13370403668,Brooklyn,Alita Cafe,cafe,,40.7120049,-73.9413565
node,13375145202,Brooklyn,recess grove,cafe,,40.712784,-73.9562828
node,13375145401,Brooklyn,Bomberino,cafe,italian,40.6632905,-73.9539842
node,13418477901,Brooklyn,Antilles Cafe,cafe,caribbean,40.6589271,-73.9506414
node,13446577018,Brooklyn,Barker Cafeteria,cafe,sandwich,40.6842428,-73.9502123
node,13468405520,Brooklyn,High Beam,cafe,,40.6765314,-74.0136702
node,13509931061,Brooklyn,Ruhâni Cafe,cafe,coffee_shop,40.6853539,-73.9803336
node,13510349788,Brooklyn,Lazy Suzy Cafe & Shop,cafe,coffee_shop,40.6994118,-73.9253899
node,13512486590,Brooklyn,Paloma Coffee & Bakery,cafe,,40.7272447,-73.9526078
node,13512486591,Brooklyn,Paloma Coffee & Bakery,cafe,,40.7251868,-73.9468436
node,13588198414,Brooklyn,Sarah's Tent,cafe,,40.6087547,-73.9722109
node,13631309602,Brooklyn,Cup of Joe,cafe,coffee_shop,40.6214491,-74.0317204
node,13639122763,Brooklyn,Le Chalet du Terroir,cafe,haitian,40.7295661,-73.9511998
node,13650297730,Brooklyn,Falu House,cafe,,40.7244187,-73.9544257
node,13695739589,Brooklyn,MoCADA Cafe,cafe,,40.6863918,-73.9784444
node,13700879666,Brooklyn,Little Honey,cafe,sandwich_shop;handmade_pizza;house-baked_pastries;brunch;specialty_drinks,40.6617376,-73.9856877
node,13714964775,Brooklyn,Gong Cha,cafe,bubble_tea,40.7270813,-73.9524288
node,13723655701,Brooklyn,Ants Coffee,cafe,,40.718432,-73.94996
node,13745836172,Brooklyn,Pura Vida Miami,cafe,,40.70268,-73.9897467
node,13759583636,Brooklyn,Pronto Cafe,cafe,mexican;coffee_shop,40.6319095,-73.9461539
node,13788260495,Brooklyn,Chimney Cake,cafe,ice_cream;pastry,40.5770148,-73.9650203
node,13832177902,Brooklyn,Obscure Coffee Roasters,cafe,,40.701956,-73.9299215
node,13860656901,Brooklyn,Honeybird Coffee,cafe,,40.7205953,-73.9632757
node,13878485101,Brooklyn,Coffee Check,cafe,,40.7333653,-73.959421
node,13879089233,Brooklyn,Merci Baku Cafe & Bakery,cafe,coffee_shop;uzbeki,40.578304,-73.9572848
node,13911598396,Brooklyn,White Noise Coffee (Brooklyn Coffee Shop),cafe,,40.6896652,-73.9882197
node,13912934101,Brooklyn,Doctor's Cave Café,cafe,,40.6842158,-73.9471232
node,13913040801,Brooklyn,again,cafe,,40.6843407,-73.9381748
node,13926989362,Brooklyn,Emerald Cafe,cafe,,40.7056102,-73.9180783
node,13929988176,Brooklyn,Devine'r,cafe,coffee_shop,40.7033006,-73.9897075
node,13946557001,Brooklyn,Nako,cafe,,40.6933412,-73.9986073
node,13946608301,Brooklyn,Dayglow,cafe,,40.7035192,-73.9309684
node,13946609102,Brooklyn,Loveless Coffees,cafe,,40.7022005,-73.928411
node,13946679302,Brooklyn,Maru Coffee,cafe,,40.7153182,-73.9648491
node,13946705801,Brooklyn,High Beam Coffee,cafe,,40.68075,-73.9968505
node,13953188401,Brooklyn,Polly's Cafe,cafe,,40.6680085,-73.9532974
node,13974878601,Brooklyn,Konditori,cafe,,40.6872258,-73.9933771
node,13996762591,Brooklyn,Yafa Cafe,cafe,,40.6856736,-73.9792726
node,13997444829,Brooklyn,As you like,cafe,coffee_shop,40.7165619,-73.942891
node,14031356031,Brooklyn,Pig Pig Cafe,cafe,bubble_tea,40.6338045,-74.0266654
node,14065441199,Brooklyn,Barley Time,cafe,,40.6363016,-74.0085143
node,14067315890,Brooklyn,Paris Baguette,cafe,,40.6364942,-74.0087183
node,14067315891,Brooklyn,Square Coffee,cafe,,40.6362312,-74.0090208
node,14068566701,Brooklyn,Nacha Focaccia,cafe,,40.6711768,-73.9579373
node,14078536356,Brooklyn,French Pastry  & Café,cafe,coffee_shop,40.5883095,-73.9522676
node,14111235776,Brooklyn,Latte Da,cafe,,40.6233987,-74.0314522
node,14138363713,Brooklyn,CADET Coffee,cafe,coffee_shop,40.7236074,-73.9509274
node,14140803266,Brooklyn,Flower Cat,cafe,coffee_shop,40.7287041,-73.9539046
node,14174270639,Brooklyn,The River Wilde,cafe,coffee_shop,40.6728098,-73.9531586
node,14183116913,Brooklyn,Le Botaniste,cafe,,40.724808,-73.9515199
way,241844604,Brooklyn,The Chocolate Room,cafe,pastry;coffee_shop;ice_cream,40.6847641,-73.9944459
way,245221182,Brooklyn,Bar Tabac,cafe,french,40.6873685,-73.9902737
way,247923750,Brooklyn,OH! Bagel,cafe,,40.6144503,-73.962856
way,248171248,Brooklyn,Brooklyn Cannery,cafe,,40.6700974,-73.9929059
way,248487410,Brooklyn,Clockface Coffee,cafe,coffee_shop;pastry,40.6323509,-74.0278443
way,248495831,Brooklyn,Starbucks,cafe,coffee_shop,40.5812676,-73.985442
way,248507459,Brooklyn,Starbucks,cafe,coffee_shop,40.6209952,-74.0259956
way,249025801,Brooklyn,Coffee Rx,cafe,coffee_shop,40.6111107,-74.0094987
way,249578944,Brooklyn,Metro Bagel & Cafe,cafe,bagel;breakfast;sandwich,40.6415635,-74.0172189
way,249626598,Brooklyn,Daytime,cafe,breakfast;sandwich,40.6585847,-73.9781087
way,249733795,Brooklyn,Starbucks,cafe,coffee_shop,40.5998368,-73.9420648
way,249941444,Brooklyn,Dunkin' Donuts,cafe,donut,40.6456517,-73.9026677
way,250372535,Brooklyn,T-Cup Cafe,cafe,,40.6803068,-73.9401916
way,250440714,Brooklyn,Good Morning Brooklyn,cafe,breakfast;health_food,40.7065004,-73.9222926
way,278374570,Brooklyn,Mat Blak,cafe,,40.6797002,-74.0095926
way,279896861,Brooklyn,Ando Patisserie,cafe,coffee_shop,40.7158254,-73.9439543
way,482738176,Brooklyn,Dutch Bros. Coffee,cafe,coffee_shop,45.4904574,-122.6399882
way,489497838,Brooklyn,Tico's Coffee,cafe,,-37.816586,144.8510165
way,686198400,Brooklyn,Art Cafe + Bar,cafe,american;latin_american,40.6801297,-73.964675
way,926954130,Brooklyn,Seitan's Helper,cafe,sandwich,40.7041072,-73.931122
node,5031473147,Brooklyn,Mother Blessing Business Center,bar,,7.0088489,-9.4795082
node,5031473720,Brooklyn,Sis Korto's Business Center,bar,,7.0087183,-9.4793994
node,5031473961,Brooklyn,,bar,,7.0100189,-9.4798702
node,403524005,Brooklyn,Canteen,fast_food,sandwich;health_food,40.6805189,-73.9689812
node,419360003,Brooklyn,M.C. Luncheonette,fast_food,mexican,40.6647239,-73.9895334
node,419361344,Brooklyn,Piki Poké,fast_food,poke;ramen,40.6867784,-73.9902842
node,617740848,Brooklyn,Dunkin',fast_food,donut;coffee_shop,40.7147639,-73.9442508
node,622228254,Brooklyn,McDonald's,fast_food,burger,40.7220373,-73.9404458
node,764188311,Brooklyn,Gloria's,fast_food,caribbean,40.6724269,-73.9504079
node,791455821,Brooklyn,Red Hook Ball Field Food Trucks,fast_food,,40.671485,-74.002835
node,889022239,Brooklyn,Pressed Juicery,fast_food,juice,40.7175325,-73.9574611
node,1123921439,Brooklyn,Peppa's Jerk Chicken,fast_food,caribbean,40.6708061,-73.9847592
node,1151537559,Brooklyn,Istanbul Bay,fast_food,turkish,40.6016758,-73.9937637
node,1666263415,Brooklyn,Endless Summer,fast_food,mexican,40.7154566,-73.9602181
node,1696985456,Brooklyn,Lucky House Kitchen,fast_food,chinese,40.6838182,-73.9350743
node,1829661485,Brooklyn,Brooklyn Homeslice Pizzeria,fast_food,pizza,40.6807282,-73.9675584
node,2017643697,Brooklyn,Anna Maria,fast_food,pizza,40.717408,-73.9580055
node,2018701207,Brooklyn,McDonald's,fast_food,burger,40.633655,-74.027066
node,2105123206,Brooklyn,Popeyes,fast_food,chicken,40.6799571,-73.9438515
node,2271205430,Brooklyn,Sakura,fast_food,japanese,41.4255718,-81.7349798
node,2271205431,Brooklyn,Mr. Hero,fast_food,,41.4253806,-81.7351033
node,2275557558,Brooklyn,Acapulco,fast_food,mexican,40.7367051,-73.9551788
node,2307147602,Brooklyn,Pronto Pizza,fast_food,pizza,40.6894307,-73.9923099
node,2324950875,Brooklyn,Brownstone Bread & Bagel Company,fast_food,bagel;coffee_shop;breakfast;sandwich,40.677442,-73.982757
node,2422377590,Brooklyn,Mission Sandwich,fast_food,sandwich,40.713211,-73.9622514
node,2494064379,Brooklyn,Golden Crust,fast_food,caribbean,40.6490598,-73.9644039
node,2494064389,Brooklyn,Kennedy Chicken,fast_food,latin_american;chicken,40.6491271,-73.9642179
node,2494067806,Brooklyn,Table 87 Coal Oven Pizza,fast_food,pizza,40.6912362,-73.9973386
node,2494077031,Brooklyn,Subway,fast_food,sandwich,40.6930188,-73.9699992
node,2494077033,Brooklyn,Myrtle Ave. Bagels,fast_food,bagel;breakfast;sandwich,40.6929818,-73.9693685
node,2494078789,Brooklyn,Flatbush Latin Grill,fast_food,latin_american,40.6497183,-73.9620032
node,2494078796,Brooklyn,The Mendieta's Pizza Y Mas,fast_food,pizza;mexican;burger,40.6498402,-73.9615708
node,2494078798,Brooklyn,Ninja Japan,fast_food,japanese,40.6498709,-73.9614604
node,2494088688,Brooklyn,JC Mar Restaurant,fast_food,latin_american,40.6735357,-73.9503021
node,2494088708,Brooklyn,Brooklyn Pizza Crew,fast_food,pizza,40.6727664,-73.9503863
node,2494104049,Brooklyn,620 On Caton Pizzeria,fast_food,pizza,40.6475264,-73.973924
node,2494104055,Brooklyn,624 Kam Hai,fast_food,chinese,40.6475099,-73.9737749
node,2494141537,Brooklyn,M&J Navy Yard Sub Shop,fast_food,sandwich;burger;breakfast,40.6978053,-73.9729527
node,2494180608,Brooklyn,Wing Hua,fast_food,chinese,40.6764452,-73.9989149
node,2494203010,Brooklyn,Dos Toros Taqueria,fast_food,mexican,40.6919811,-73.9914436
node,2494208363,Brooklyn,Bagel World,fast_food,bagel;coffee_shop;breakfast;sandwich,40.6720373,-73.9837179
node,2494210977,Brooklyn,Bo Bo Kitchen,fast_food,chinese,40.6418124,-73.9634569
node,2494251480,Brooklyn,Dunkin' Donuts/Baskin Robbins,fast_food,donut;breakfast;ice_cream,40.6804445,-73.9966351
node,2494252035,Brooklyn,Baby Luc's,fast_food,pizza,40.6800603,-73.9968499
node,2494254696,Brooklyn,Harry's Caribbean Soul Food,fast_food,caribbean,40.6927938,-73.9883016
node,2494254714,Brooklyn,Gotcha Focaccia,fast_food,pizza;ice_cream,40.6920543,-73.988461
node,2494254718,Brooklyn,Panda Express,fast_food,chinese,40.6919032,-73.9880918
node,2494256369,Brooklyn,Chung Chun,fast_food,chinese,40.6931317,-73.9730002
node,2494292509,Brooklyn,Back To John's Deli,fast_food,breakfast;sandwich;latin_american,40.6725277,-73.9899462
node,2494292567,Brooklyn,Taste of China,fast_food,chinese,40.6711405,-73.9883462
node,2494372629,Brooklyn,Antojitos BK,fast_food,dominican;sandwich,40.6773744,-73.9833346
node,2494372659,Brooklyn,Hemo's Spot,fast_food,salad;sandwich,40.6781418,-73.9853976
node,2495726874,Brooklyn,Ali's Trinbago Roti Shop,fast_food,trinidadian,40.6805741,-73.9506159
node,2495728002,Brooklyn,A&A Bake & Doubles Shop,fast_food,trinidadian,40.6804346,-73.9479492
node,2504092169,Brooklyn,Bobbi's Italian Beef,fast_food,sandwicg;hot_dog;italian,40.6839796,-73.9924733
node,2523609684,Brooklyn,T & Y Kitchen,fast_food,chinese,40.6903739,-73.9924911
node,2523609805,Brooklyn,Banhmigos,fast_food,vietnamese;sandwich,40.6911128,-73.9918404
node,2524539368,Brooklyn,Dunkin' Donuts/Baskin Robbins,fast_food,donut;breakfast;ice_cream,40.6866682,-73.9906561
node,2543421541,Brooklyn,Hot Bagels,fast_food,bagel;breakfast;sandwich,40.6504931,-73.8897057
node,2543421546,Brooklyn,Sarku Japan,fast_food,japanese,40.6507639,-73.8900086
node,2543691246,Brooklyn,McDonald's,fast_food,burger,40.6701055,-73.8603261
node,2545014446,Brooklyn,Crown Fried Chicken,fast_food,chicken,40.6752655,-73.8655661
node,2547608150,Brooklyn,The Swiss Slice,fast_food,pizza,40.6556597,-73.9502496
node,2547609070,Brooklyn,Best Kitchen Time,fast_food,chinese,40.6565833,-73.9503565
node,2547610047,Brooklyn,Errol's Caribbean Delights,fast_food,caribbean,40.6571339,-73.9600454
node,2547630803,Brooklyn,Fat Boy's Vegan Burgers,fast_food,burger,40.6790095,-73.9495011
node,2547630807,Brooklyn,La Roma,fast_food,pizza;sandwich,40.6786482,-73.9495351
node,2547633179,Brooklyn,El Jeffe,fast_food,mexican;caribbean,40.6801174,-73.9419808
node,2547633191,Brooklyn,Kennedy Chicken & Grill,fast_food,chicken;burger,40.6800287,-73.9406217
node,2547716625,Brooklyn,Khachapuri Factory,fast_food,georgian,40.6090474,-73.9584554
node,2547733468,Brooklyn,Baya Bar,fast_food,health_food;juice,40.6632151,-73.9916903
node,2547745173,Brooklyn,Jalepeño King,fast_food,mexican,40.6603349,-73.9942656
node,2547745182,Brooklyn,MexSalvidor,fast_food,latin_american,40.6603944,-73.9946175
node,2547760413,Brooklyn,Luigi's Pizza,fast_food,pizza,40.6616071,-73.9933599
node,2549874243,Brooklyn,Mr King,fast_food,seafood,40.6530874,-73.9591821
node,2549878214,Brooklyn,Gino's Pizza,fast_food,pizza,40.6523127,-73.9590156
node,2549882023,Brooklyn,Fruitango Juice Bar,fast_food,juice,40.6503233,-73.957555
node,2549890535,Brooklyn,Popeyes,fast_food,chicken,40.6557794,-73.9600666
node,2549890547,Brooklyn,Luo's Burgers,fast_food,american;latin_american;chinese,40.6570365,-73.9603722
node,2549890580,Brooklyn,Family Pizza,fast_food,pizza,40.6558224,-73.9600776
node,2549918826,Brooklyn,Mario's Pizzeria,fast_food,pizza,40.689395,-73.9704066
node,2549967224,Brooklyn,Buddy's Burrito & Taco Bar,fast_food,mexican,40.685156,-73.9947167
node,2549988793,Brooklyn,Time 4 Bagels,fast_food,bagel,40.6791753,-73.9954338
node,2549992943,Brooklyn,Giardini Pizza,fast_food,pizza,40.6795764,-73.9951608
node,2549996699,Brooklyn,Burrito Bowl Grill,fast_food,asian;mexican,40.6832232,-73.9902136
node,2550002269,Brooklyn,Bella Pizza,fast_food,pizza;sandwich;breakfast,40.6895543,-73.985915
node,2550005817,Brooklyn,Greek Xpress,fast_food,greek,40.6914384,-73.9864342
node,2550005818,Brooklyn,Mr. Fulton,fast_food,,40.6914724,-73.9864317
node,2550005829,Brooklyn,Al B's Tacoville,fast_food,mexican,40.6900185,-73.9830048
node,2550005849,Brooklyn,$1.50 Hot Pizza,fast_food,,40.6888518,-73.983393
node,2550054002,Brooklyn,Psta,fast_food,italian,40.6812527,-73.9756418
node,2550054016,Brooklyn,Poulette,fast_food,chicken,40.6819725,-73.9764864
node,2550054041,Brooklyn,T-Swirl Crepe,fast_food,crepe;japanese,40.6803498,-73.977625
node,2550055975,Brooklyn,Harlem Shake,fast_food,burger,40.6788964,-73.9786164
node,2550055979,Brooklyn,Wholesome Bites,fast_food,breakfast;sandwich;mexican,40.6782622,-73.9790395
node,2550057125,Brooklyn,Maya Taqueria,fast_food,mexican,40.6776386,-73.9798024
node,2550059686,Brooklyn,La Pizza Italia,fast_food,pizza,40.6820244,-73.9768234
node,2550060368,Brooklyn,Shake Shack,fast_food,burger,40.682703,-73.9767176
node,2550060386,Brooklyn,Chick-fil-A,fast_food,chicken,40.6827841,-73.976776
node,2550061118,Brooklyn,Kemo's Hot Kitchen Bites,fast_food,middle_eastern,40.6844159,-73.9788194
node,2550064319,Brooklyn,Angelica Pizza & Restaurant,fast_food,pizza;american;breakfast,40.6878643,-73.9815791
node,2550065284,Brooklyn,Schwarma & Grill,fast_food,middle_eastern,40.6882779,-73.9892615
node,2550073126,Brooklyn,Sunset Coffee Shop,fast_food,latin_american;breakfast;sandwich,40.6716188,-73.9910788
node,2550085625,Brooklyn,US Fried Chicken,fast_food,chicken,40.675076,-74.0099734
node,2550086566,Brooklyn,AR Hot Bagels,fast_food,bagel;breakfast;sandwich,40.6780725,-74.0122467
node,2550087845,Brooklyn,Master's Pizzeria,fast_food,pizza,40.6438073,-74.0114542
node,2550087852,Brooklyn,Tex's Chicken & Burgers,fast_food,burger;chicken,40.6434234,-74.0118597
node,2550089906,Brooklyn,Spudz Slope,fast_food,potato,40.6604589,-73.9807023
node,2550101355,Brooklyn,Bombolona Bakehouse,fast_food,breakfast;sandwich;pizza,40.6696268,-73.992735
node,2550101361,Brooklyn,Breakhouse Cafe,fast_food,sandwich;breakfast,40.6692193,-73.9930751
node,2550140512,Brooklyn,Papa John's,fast_food,pizza,40.6805931,-73.9509463
node,2550140531,Brooklyn,Ma's Fish & Chips,fast_food,seafood;soul_food,40.681469,-73.949979
node,2550140534,Brooklyn,Pattie Hut & Grill,fast_food,caribbean,40.6812283,-73.9499296
node,2550140536,Brooklyn,El Rincon De Macon,fast_food,latin_american,40.6809375,-73.9498466
node,2550142986,Brooklyn,Tak King,fast_food,chinese,40.6803541,-73.9466207
node,2550147591,Brooklyn,Super Natural,fast_food,health_food,40.6802769,-73.9497128
node,2550147608,Brooklyn,Empanadas Deli Food,fast_food,latin_american,40.6801532,-73.9496758
node,2550147618,Brooklyn,Sakura Tokyo,fast_food,japanese,40.6779162,-73.9498997
node,2550147627,Brooklyn,John Garden,fast_food,chinese,40.677093,-73.9499663
node,2550147632,Brooklyn,Chun Vegetarian,fast_food,chinese,40.6788339,-73.9498085
node,2550149654,Brooklyn,Hadja Marley,fast_food,african;american,40.6813634,-73.9561425
node,2550149677,Brooklyn,New Imperial Kitchen,fast_food,chinese,40.6811071,-73.956256
node,2550153217,Brooklyn,Pho You,fast_food,vietnamese,40.6827885,-73.9642267
node,2550576209,Brooklyn,Hawa Smoothies & Bubble Tea,fast_food,health_food;juice;bubble_tea,40.6714329,-73.9842331
node,2550581346,Brooklyn,Bagel House,fast_food,bagel;coffee_shop;breakfast;sandwich,40.6684203,-73.9867356
node,2550604106,Brooklyn,China Delight,fast_food,,40.661792,-73.9969483
node,2550604125,Brooklyn,Alnoor Halal Deli,fast_food,sandwich;breakfast,40.6621872,-73.9965353
node,2552486400,Brooklyn,Rocky's and Nicky's Pizzeria,fast_food,pizza,40.6375078,-74.0313938
node,2552542734,Brooklyn,Energy Fuel,fast_food,,40.6155747,-74.0315506
node,2552542754,Brooklyn,Panda Garden,fast_food,chinese,40.6157489,-74.034398
node,2552587343,Brooklyn,Dunkin',fast_food,donut;coffee_shop,40.6208264,-74.0323108
node,2552595867,Brooklyn,Jungle Bowls,fast_food,health_food;juice,40.6214868,-74.031705
node,2552595902,Brooklyn,Artichoke Basille's Pizza,fast_food,pizza,40.61914,-74.0300578
node,2552623760,Brooklyn,Kathy's Dumplings,fast_food,chinese,40.6279744,-74.0293868
node,2552623773,Brooklyn,Bagel Boy,fast_food,bagel;breakfast;sandwich,40.6277554,-74.0294749
node,2552623832,Brooklyn,Ben's Pizza,fast_food,pizza,40.6264298,-74.0296716
node,2552691857,Brooklyn,Nature's Grill,fast_food,breakfast;sandwich;health_food,40.6316091,-74.0275677
node,2552708955,Brooklyn,Falafel Star,fast_food,mediterranean,40.6341121,-74.0265371
node,2552720450,Brooklyn,Taqueria El Toro,fast_food,mexican,40.6327715,-74.0274313
node,2552762147,Brooklyn,Taco Bell Cantina,fast_food,tex-mex,40.5757232,-73.9794942
node,2552762150,Brooklyn,Tex's Chicken & Burgers,fast_food,burger;chicken,40.5757351,-73.979792
node,2552775456,Brooklyn,Taiz Spot,fast_food,juice;sandwich,40.6348433,-74.0237751
node,2552836742,Brooklyn,Hawaii Poke One,fast_food,poke,40.6206505,-74.0244985
node,2552836880,Brooklyn,Taco Bell,fast_food,tex-mex,40.6220246,-74.0284607
node,2552858653,Brooklyn,Oldenburg,fast_food,georgian,40.5762697,-73.965875
node,2552914815,Brooklyn,Tex's Chicken & Burgers,fast_food,burger;chicken,40.5818757,-73.9609398
node,2553000232,Brooklyn,Al-Sham Restaurant,fast_food,middle_eastern,40.6277807,-74.0231648
node,2553044816,Brooklyn,Wonder,fast_food,eclectic,40.6292477,-74.0225694
node,2553065361,Brooklyn,Hemo's Spot,fast_food,health_food;juice,40.6334719,-74.0212513
node,2553065362,Brooklyn,Wheel Bagels,fast_food,bagel;breakfast;sandwich,40.6343226,-74.0234304
node,2553065374,Brooklyn,Hazar Turkish Kabab,fast_food,turkish;kebab,40.6311647,-74.0221368
node,2553164838,Brooklyn,Mike's Donuts & Coffee,fast_food,donut;coffee_shop,40.6336949,-74.0210946
node,2553243964,Brooklyn,Al-Aqsa Bakery & Restaurant,fast_food,palestinian,40.6329572,-74.0210406
node,2553348753,Brooklyn,Popeyes,fast_food,chicken,40.6272257,-74.0140152
node,2553613114,Brooklyn,Dunkin',fast_food,donut;coffee_shop,40.6085354,-73.9584557
node,2555513539,Brooklyn,Coney Island Bagels,fast_food,bagel;breakfast;sandwich,40.587587,-73.96017
node,2555640541,Brooklyn,Frutas Locas,fast_food,juice,40.5902741,-73.9738008
node,2555640552,Brooklyn,Knapp Pizza II,fast_food,pizza,40.5903404,-73.9732515
node,2555703388,Brooklyn,Quan Bao,fast_food,chinese,40.591016,-73.9836819
node,2555722411,Brooklyn,Empire Taco China,fast_food,chinese;tex-mex,40.5863554,-73.9879978
node,2555989846,Brooklyn,Mr. Banh Mi,fast_food,vietnamese;sandwich,40.599368,-73.9902739
node,2556091815,Brooklyn,Dunkin',fast_food,donut;coffee_shop,40.5966063,-73.9777421
node,2556322838,Brooklyn,Subway,fast_food,sandwich,40.6062174,-74.0012217
node,2556452410,Brooklyn,J San Sushi,fast_food,sushi,40.6115391,-73.9835755
node,2556456836,Brooklyn,Subway,fast_food,sandwich,40.6123027,-73.9832941
node,2557053148,Brooklyn,,fast_food,chinese;tex-mex,40.6101221,-73.999493
node,2557732493,Brooklyn,Dunkin',fast_food,donut;coffee_shop,40.6139452,-73.973785
node,2557907380,Brooklyn,J & V PIZZA,fast_food,pizza,40.6199017,-73.9895934
node,2557923697,Brooklyn,Win Xin,fast_food,chinese;tex-mex,40.6273383,-73.9963165
node,2561485156,Brooklyn,Jade Bakery,fast_food,chinese,40.6337993,-74.0111138
node,2561485167,Brooklyn,Nuan Xin Rice Roll,fast_food,chinese,40.6358084,-74.0087062
node,2561485244,Brooklyn,No.5 Restaurant,fast_food,chinese,40.6342057,-74.0045523
node,2561492380,Brooklyn,Dominick's Pizzeria,fast_food,pizza,40.6415223,-74.0030804
node,2561552367,Brooklyn,El Sabor de la Vida,fast_food,,40.644307,-74.0103066
node,2561577769,Brooklyn,Cafe Con Pan,fast_food,mexican,40.6427029,-74.0126018
node,2561579465,Brooklyn,Dunkin' Donuts/Baskin Robbins,fast_food,donut;breakfast;ice_cream,40.6421302,-74.0136259
node,2561603834,Brooklyn,Tenda y Comedor Andreita,fast_food,latin_american,40.6420453,-74.0129937
node,2561631097,Brooklyn,Chun Yang,fast_food,bubble_tea,40.6352024,-74.0100632
node,2561655230,Brooklyn,Hawaiian Fried Wings,fast_food,chicken,40.640785,-74.0146039
node,2561691574,Brooklyn,Rosas Bakery,fast_food,latin_american,40.6416247,-74.0179177
node,2561694363,Brooklyn,China I,fast_food,chinese,40.643142,-74.0163556
node,2561707915,Brooklyn,Subway,fast_food,sandwich,40.6465918,-74.0192819
node,2561747005,Brooklyn,Sunset Pizza,fast_food,pizza,40.6493985,-74.0132593
node,2561756649,Brooklyn,New King Wok,fast_food,chinese,40.6477897,-74.0115128
node,2561792450,Brooklyn,Antojitos BK,fast_food,latin_american;sandwich,40.6489325,-74.0093087
node,2561880131,Brooklyn,La Tienda #2,fast_food,mexican,40.6492095,-74.0062573
node,2561880146,Brooklyn,Great Wall Restaurant,fast_food,chinese,40.6479145,-74.0071861
node,2561887461,Brooklyn,Inés Bakery,fast_food,mexican,40.6545998,-74.0044366
node,2561887502,Brooklyn,Domino's,fast_food,pizza,40.652428,-74.0060774
node,2561887660,Brooklyn,Yummy Yummy,fast_food,chinese,40.6511885,-74.0079767
node,2561887786,Brooklyn,Reine de la Nube,fast_food,equadorian,40.6553801,-74.0036242
node,2561900353,Brooklyn,Cafe & Deli La Morena,fast_food,latin_american;breakfast;sandwich,40.6556002,-74.0068002
node,2561900363,Brooklyn,Table 87 Coal Oven Pizza,fast_food,pizza,40.6592037,-74.0045755
node,2561907048,Brooklyn,Third Ave. Pizza Place,fast_food,pizza,40.6574273,-74.004001
node,2561913081,Brooklyn,Dunkin',fast_food,donut;coffee_shop,40.6507157,-74.0042551
node,2561913084,Brooklyn,Huracheria Mexicana,fast_food,mexican,40.6505346,-74.0044377
node,2561979777,Brooklyn,Yummy Taco,fast_food,mexican,40.6433519,-73.9784911
node,2561979798,Brooklyn,Wing Hau II,fast_food,chinese,40.6437171,-73.9776159
node,2561990023,Brooklyn,Mr. Tong,fast_food,chinese,40.6483617,-73.9782109
node,2561995593,Brooklyn,Cozie's Pizzeria & Cafe,fast_food,pizza,40.6507903,-73.9770543
node,2562001521,Brooklyn,Bene Pizza,fast_food,pizza,40.6548266,-73.973496
node,2562015554,Brooklyn,Slice of Brooklyn,fast_food,pizza,40.6569032,-74.0014253
node,2562015563,Brooklyn,Ocean Eats,fast_food,seafood,40.6565179,-74.0018092
node,2562062426,Brooklyn,Joe's Pizzeria,fast_food,,40.6586149,-73.9816962
node,2562123858,Brooklyn,Bagels Mini Muffins Cafe,fast_food,bagel;breakfast;sandwich;middle_eastern,40.6649648,-73.9930498
node,2562125765,Brooklyn,Domino's,fast_food,pizza,40.6654963,-73.989591
node,2562136788,Brooklyn,Chipotle,fast_food,mexican,40.6614269,-73.9797156
node,2562840684,Brooklyn,7J's Lucky,fast_food,juice,40.5983336,-73.9598377
node,2562932491,Brooklyn,Mimi Juice,fast_food,juice;health_food,40.5995843,-73.9525222
node,2562969397,Brooklyn,Forefeathers Chicken Madness,fast_food,chicken,40.6098193,-73.9576645
node,2562969406,Brooklyn,Vesuvius Pizzeria,fast_food,,40.6098593,-73.9554009
node,2562982437,Brooklyn,Papa John's,fast_food,pizza,40.5978228,-73.9415574
node,2562982455,Brooklyn,Gyro BBQ,fast_food,middle_eastern;burger;chicken,40.5942838,-73.9408962
node,2562982456,Brooklyn,Thai Basil,fast_food,thai,40.5941841,-73.9408768
node,2563006965,Brooklyn,DIDi World Famous Food,fast_food,tex-mex;chinese,40.6004948,-73.9400745
node,2563006993,Brooklyn,King Wok,fast_food,chinese,40.5985553,-73.9417066
node,2563014043,Brooklyn,Dunkin',fast_food,donut;coffee_shop,40.6000431,-73.9464932
node,2563014060,Brooklyn,Empire,fast_food,chinese,40.6000021,-73.9445847
node,2563014080,Brooklyn,N&D Pizzaria,fast_food,pizza,40.6004277,-73.9430558
node,2563051691,Brooklyn,Lucky Star,fast_food,chinese,40.6001165,-73.93377
node,2563144591,Brooklyn,Dunkin' Donuts,fast_food,donut;coffee_shop,40.6104725,-73.9545009
node,2563422108,Brooklyn,Bella Pizzeria,fast_food,pizza,40.6299596,-73.961133
node,2563432152,Brooklyn,Gyro Hut,fast_food,,40.6322637,-73.9664004
node,2563439439,Brooklyn,Dunkin',fast_food,donut;coffee_shop,40.6351877,-73.9626608
node,2563439447,Brooklyn,Plaza Gourmet Deli,fast_food,breakfast;sandwich;snack,40.635083,-73.9626399
node,2563439557,Brooklyn,Fisherman's Cove,fast_food,seafood;jamaican,40.6355155,-73.9627261
node,2563439558,Brooklyn,El Diablo 2,fast_food,mexican,40.6350613,-73.9629528
node,2563439559,Brooklyn,Don Burrito,fast_food,mexican,40.6354608,-73.9627082
node,2563479421,Brooklyn,Natural Outlet,fast_food,health_food;juice,40.6381774,-73.9535629
node,2563488950,Brooklyn,Forefeathers Chicken Madness,fast_food,chicken,40.6394798,-73.9548406
node,2563501154,Brooklyn,Tex's Chicken & Burgers,fast_food,burger;chicken,40.642192,-73.9575081
node,2563509089,Brooklyn,Guac Time,fast_food,mexican,40.6449068,-73.9581718
node,2563512938,Brooklyn,Taco Bell Cantina,fast_food,tex-mex,40.6457347,-73.9582595
node,2563514052,Brooklyn,Juicy King Crab Express,fast_food,,40.6500173,-73.9605786
node,2563829599,Brooklyn,Nosh Express,fast_food,,40.6155081,-73.9445015
node,2563829610,Brooklyn,Original Brooklyn Bagel,fast_food,donut,40.6152704,-73.9444545
node,2564517608,Brooklyn,Dunkin',fast_food,donut;coffee_shop,40.612828,-73.9263035
node,2564522333,Brooklyn,No. 1 Restaurant,fast_food,chinese,40.6920922,-73.9068059
node,2564749562,Brooklyn,Nicky's Jamaican Cuisine,fast_food,jamaican,40.6356901,-73.9137453
node,2564818001,Brooklyn,Hot Bagel,fast_food,bagel,40.6420245,-73.8991275
node,2564934043,Brooklyn,Weng's Garden,fast_food,chinese,40.6857958,-73.9207386
node,2565126884,Brooklyn,Warude,fast_food,japanese;mexican,40.6844056,-73.9439774
node,2565131187,Brooklyn,Breuklyn Pizza,fast_food,pizza,40.6831125,-73.9536847
node,2565140919,Brooklyn,Dunkin',fast_food,donut;coffee_shop,40.6812394,-73.9555413
node,2566399494,Brooklyn,Rogers Burgers,fast_food,burger;wings,40.651201,-73.9523652
node,2566447078,Brooklyn,Texas Chicken & Burgers,fast_food,burger;chicken,40.6557405,-73.9428146
node,2566447080,Brooklyn,Dunkin',fast_food,donut;coffee_shop,40.6557482,-73.942687
node,2566447085,Brooklyn,Popeyes,fast_food,chicken,40.6557816,-73.9421681
node,2566447088,Brooklyn,Subway,fast_food,sandwich,40.6557919,-73.9420073
node,2566538607,Brooklyn,Brooklyn Wing House,fast_food,chicken,40.6626848,-73.9346616
node,2566552083,Brooklyn,Island Burger,fast_food,burger,40.6616448,-73.9317218
node,2566552091,Brooklyn,Three Star Juice Lounge,fast_food,juice,40.661536,-73.9317466
node,2566572452,Brooklyn,Mama Louisa's Hero Shoppe,fast_food,breakfast;sandwich;italian,40.6594861,-73.9474283
node,2566614071,Brooklyn,Brrooklyn Lunchbox,fast_food,sandwich,40.6599746,-73.9478049
node,2566625133,Brooklyn,Yard Pot,fast_food,caribbean,40.6630267,-73.9507165
node,2566631749,Brooklyn,Mockingbird,fast_food,breakfast,40.6608887,-73.9533484
node,2566640789,Brooklyn,New Peking,fast_food,chinese,40.6611439,-73.9605519
node,2566640812,Brooklyn,Jus Fishy,fast_food,seafood;juice,40.6603736,-73.9604636
node,2566640814,Brooklyn,Flatbush Bagel,fast_food,bagel;breakfast;sandwich,40.6603308,-73.960459
node,2566658429,Brooklyn,Antojitos Del Patron,fast_food,mexican,40.6606863,-73.9612298
node,2566670871,Brooklyn,Subway,fast_food,sandwich,40.6502586,-73.9604879
node,2566670877,Brooklyn,Fisherman's Cove,fast_food,seafood;breakfast,40.6503025,-73.9601307
node,2566816668,Brooklyn,Brownsville Market & Deli,fast_food,sandwich,40.6611611,-73.9083275
node,2566816669,Brooklyn,250 Food Market,fast_food,sandwich,40.6623853,-73.908578
node,2566816678,Brooklyn,Napoli's Pizza,fast_food,pizza,40.662414,-73.9084029
node,2567049346,Brooklyn,Domino's,fast_food,pizza,40.6655402,-73.9510525
node,2567052627,Brooklyn,Mermaid Fish Market,fast_food,seafood,40.6679745,-73.9509365
node,2567062153,Brooklyn,Brooklyn Wing House,fast_food,chicken,40.6688561,-73.950917
node,2567062220,Brooklyn,Tony's Pizza on Nostrand,fast_food,pizza,40.6688388,-73.9507634
node,2567062273,Brooklyn,The Munchies,fast_food,chicken;sandwich,40.6690888,-73.9507251
node,2567068810,Brooklyn,Dunkin',fast_food,donut;coffee_shop,40.665595,-73.9567234
node,2567091411,Brooklyn,Grab & Go Gyro & Deli,fast_food,,40.6763964,-73.9005052
node,2567092048,Brooklyn,Billy's Pizza & Pasta,fast_food,pizza,40.6671182,-73.9565258
node,2567092056,Brooklyn,Moss Vegan Bistro,fast_food,,40.6681887,-73.9591781
node,2567093832,Brooklyn,Dunkin',fast_food,donut;coffee_shop,40.6703139,-73.9582584
node,2567093837,Brooklyn,Sal's Restaurant,fast_food,american;breakfast,40.6702399,-73.958285
node,2567093842,Brooklyn,Golden Krust,fast_food,caribbean,40.670187,-73.9579831
node,2567093847,Brooklyn,Juicy King Crab Express,fast_food,seafood,40.669624,-73.9581794
node,2567093848,Brooklyn,New Hardee,fast_food,chinese;american,40.6690515,-73.9587185
node,2567121613,Brooklyn,Popeyes,fast_food,chicken,40.6631034,-73.961115
node,2567121617,Brooklyn,Dunkin',fast_food,donut;coffee_shop,40.663068,-73.9612956
node,2567902130,Brooklyn,Crown Fried Chicken,fast_food,chicken,40.6705866,-73.9505763
node,2567918173,Brooklyn,Tamaleria La Madrina,fast_food,mexican,40.6721725,-73.950144
node,2567921114,Brooklyn,Lewis Avenue Soul Food & Sea Food Restaurant,fast_food,soul_food;seafood,40.6894627,-73.9365066
node,2567930993,Brooklyn,Banh Mi Cafe,fast_food,vietnamese;sandwich;bubble_tea,40.6736825,-73.950001
node,2567931091,Brooklyn,Wang Shack,fast_food,chicken,40.6732111,-73.9500412
node,2567933422,Brooklyn,Geno's Fish & Chips,fast_food,fish_and_chips,40.685285,-73.9504078
node,2567934934,Brooklyn,No. 1 Chinese Kitchen,fast_food,chinese,40.6746362,-73.949908
node,2567935931,Brooklyn,Ho Wah Restaurant,fast_food,chinese,40.6869844,-73.9448037
node,2567939318,Brooklyn,King's Wok,fast_food,chinese,40.6726229,-73.9541773
node,2567946932,Brooklyn,Popeye's,fast_food,chicken,40.690492,-73.9514477
node,2567981740,Brooklyn,New Hardee,fast_food,chinese,40.6924684,-73.9429756
node,2567983418,Brooklyn,Royal Bakery & Roti,fast_food,trinidadian,40.6775324,-73.9496313
node,2568011146,Brooklyn,Good Taste,fast_food,chinese,40.671886,-73.9418186
node,2568025896,Brooklyn,Mike's Pizza,fast_food,pizza,40.6958132,-73.9465644
node,2568037319,Brooklyn,Soul Food Caterers,fast_food,soul_food,40.6765981,-73.9416581
node,2568039576,Brooklyn,New China,fast_food,chinese,40.6969991,-73.9361172
node,2568044211,Brooklyn,Chipotle,fast_food,mexican,40.6999923,-73.940902
node,2568092622,Brooklyn,Fast Life Pizzeria,fast_food,pizza,40.6828105,-73.9630621
node,2568117454,Brooklyn,Golden Hing,fast_food,chinese,40.6877504,-73.9549596
node,2568117463,Brooklyn,Hong Kong Cafe,fast_food,chinese,40.6871959,-73.9567201
node,2568133732,Brooklyn,New Peking,fast_food,chinese,40.6887335,-73.96013
node,2568142019,Brooklyn,Famous Joe Pizzeria,fast_food,pizza,40.6905905,-73.9571135
node,2568197212,Brooklyn,Pattie Hut & Grill,fast_food,jamaican;chicken,40.6720989,-73.9306607
node,2568198182,Brooklyn,O's Natural Food,fast_food,,40.6947293,-73.9558988
node,2568198183,Brooklyn,Coffee Break,fast_food,pizza;snack,40.6947377,-73.9558394
node,2568219104,Brooklyn,Move With Grace,fast_food,juice;health_food,40.6932744,-73.968499
node,2568219126,Brooklyn,Liberty Pizzeria,fast_food,pizza,40.6933192,-73.9660409
node,2568239815,Brooklyn,Pizza Spot,fast_food,,40.6904729,-73.9601325
node,2568243835,Brooklyn,Chef Katsu,fast_food,japanese;burger,40.6867762,-73.9663429
node,2568243876,Brooklyn,Impasto,fast_food,pizza;ice_cream,40.6868608,-73.9664537
node,2568275816,Brooklyn,Teriyaki Bowl,fast_food,japanese;sushi,40.693368,-73.9727207
node,2568288797,Brooklyn,Elegant,fast_food,latin_american;breakfast,40.6963379,-73.9742935
node,2568345285,Brooklyn,Little Pizza Parlor,fast_food,pizza,40.6924372,-73.9844466
node,2568494515,Brooklyn,Annie's First Wok Restaurant,fast_food,chinese,40.7015421,-73.984609
node,2568518959,Brooklyn,Lucky Rabbit Noodles,fast_food,asian,40.7025371,-73.9868994
node,2568554106,Brooklyn,Juice Press,fast_food,juice,40.7026572,-73.9888929
node,2568576400,Brooklyn,LP-Pizzeria,fast_food,pizza,40.6982929,-73.9336209
node,2568576409,Brooklyn,Wingstop,fast_food,wings,40.6973074,-73.9355712
node,2568597586,Brooklyn,Caribbean Jerkees Delight,fast_food,caribbean,40.6789137,-73.9108189
node,2568634955,Brooklyn,Singas Famous Pizza,fast_food,pizza,40.6998445,-73.9199393
node,2568666355,Brooklyn,New City,fast_food,asian,40.7028239,-73.9256545
node,2568677440,Brooklyn,China Garden,fast_food,chinese,40.7032716,-73.9216316
node,2568752281,Brooklyn,La Casa del Panuozzo,fast_food,pizza,40.6676775,-73.9807412
node,2568783158,Brooklyn,Juice Press,fast_food,juice;health_food,40.6703017,-73.9785398
node,2568797321,Brooklyn,Impasto,fast_food,pizza,40.6723822,-73.9774201
node,2568862486,Brooklyn,Caribbean Sweet Spice,fast_food,caribbean,40.6737352,-73.9628163
node,2568899235,Brooklyn,Happy Wok,fast_food,chinese,40.6725662,-73.9574414
node,2568918230,Brooklyn,Gino’s Cucina,fast_food,pizza,40.6752074,-73.9630973
node,2568936223,Brooklyn,Pasha Pizza,fast_food,pizza;middle_eastern,40.6775958,-73.9589334
node,2572920326,Brooklyn,Juici Patties,fast_food,jamaican,40.6880626,-73.9801223
node,2572981570,Brooklyn,Oh! Dumpling,fast_food,chinese,40.6863531,-73.9736105
node,2572981575,Brooklyn,Yang No. 1,fast_food,asian,40.685978,-73.9742323
node,2572981730,Brooklyn,Slutty Vegan,fast_food,,40.6861038,-73.974261
node,2596227488,Brooklyn,Shake Shack,fast_food,burger,40.6921442,-73.988647
node,2605312627,Brooklyn,Burger King,fast_food,burger,40.6920191,-73.9883569
node,2605312638,Brooklyn,Panera Bread,fast_food,sandwich;bakery,40.6926137,-73.9885396
node,2605527964,Brooklyn,F&M Cafe & Restaurant,fast_food,sandwich,40.6760996,-74.0141523
node,2643821802,Brooklyn,Ling Ling Young,fast_food,,40.6838887,-73.9996821
node,2691986127,Brooklyn,Best Burger Palace,fast_food,burger;sandwich,40.6802614,-73.9613102
node,2700237315,Brooklyn,Platinum Food Court,fast_food,sandwich;middle_eastern,40.6591658,-73.9880861
node,2705995452,Brooklyn,J's Wong,fast_food,chinese,40.6740214,-73.9565986
node,2706023195,Brooklyn,Domo Taco,fast_food,asian;mexican,40.6735775,-73.9567624
node,2712067239,Brooklyn,Sweetgreen,fast_food,salad,40.679757,-73.9746614
node,2781182645,Brooklyn,McDonald's,fast_food,burger,40.7089178,-73.9589467
node,2782255523,Brooklyn,,fast_food,,40.7085751,-73.9579595
node,2793692760,Brooklyn,Triangulo Pizzeria,fast_food,pizza,40.733627,-73.9549862
node,2827554061,Brooklyn,Ling Gee,fast_food,chinese,40.6789706,-74.0107912
node,2827615601,Brooklyn,Edward Lunch,fast_food,latin_american;diner,40.6744565,-74.0074913
node,2827615602,Brooklyn,Fei Teng Restaurant,fast_food,chinese,40.674396,-74.0072725
node,2838396422,Brooklyn,Rico Ambeteño,fast_food,mexican;breakfast,40.7002476,-73.9469934
node,2838396439,Brooklyn,Burger King,fast_food,burger,40.700934,-73.9425251
node,2838401815,Brooklyn,La Isla Cuchifritos,fast_food,latin_american,40.7010273,-73.9419966
node,2838409881,Brooklyn,Nino's,fast_food,pizza;italian;portuguese;breakfast,40.7050683,-73.9426734
node,2838481473,Brooklyn,Happy Garden,fast_food,chinese,40.7052797,-73.9430238
node,2838525815,Brooklyn,Williamsburg Pizza,fast_food,,40.7081297,-73.9508065
node,2838554727,Brooklyn,Eim Dee Thai,fast_food,thai,40.7065555,-73.9394935
node,2838706954,Brooklyn,Crafted Halal,fast_food,chicken;sandwich,40.7120684,-73.9409389
node,2839699872,Brooklyn,Dunkin',fast_food,donut;coffee_shop,40.7178163,-73.9579136
node,2839699877,Brooklyn,Joe's Pizza,fast_food,pizza,40.7168734,-73.9589233
node,2839770111,Brooklyn,Manny's Grill,fast_food,sandwich,40.7142535,-73.9327073
node,2842929203,Brooklyn,Franklin Pizza,fast_food,pizza,40.7296487,-73.9577005
node,2842929206,Brooklyn,Paulie Gee's Slice Shop,fast_food,pizza,40.7283593,-73.9571898
node,2842929286,Brooklyn,Dunkin',fast_food,donut;coffee_shop,40.7300487,-73.9543373
node,2842929288,Brooklyn,Taqueria Ramírez,fast_food,mexican,40.7278816,-73.9569597
node,2858477540,Brooklyn,,fast_food,taiwanese,40.679675,-73.964868
node,2888083123,Brooklyn,New House Garden,fast_food,chinese,40.5927573,-73.9489541
node,2888097308,Brooklyn,Overgreens,fast_food,,40.5873623,-73.9537353
node,2956616033,Brooklyn,McDonald's,fast_food,burger,40.6526958,-73.9232026
node,2956616333,Brooklyn,McDonald's,fast_food,burger,40.6445841,-73.9877106
node,3003918341,Brooklyn,DuMont burger,fast_food,,40.7136213,-73.9620068
node,3030613439,Brooklyn,Wangs,fast_food,southern;asian;chicken,40.6773469,-73.9825112
node,3077594919,Brooklyn,Chipotle,fast_food,mexican,40.6892138,-73.992763
node,3077886379,Brooklyn,Truckies Food Stop Takeaway,fast_food,,-37.8175957,144.8560457
node,3118018805,Brooklyn,Burger King,fast_food,burger,40.6378852,-73.8950002
node,3153555952,Brooklyn,Dunkin',fast_food,donut;coffee_shop,40.6411468,-73.9641806
node,3153601006,Brooklyn,McDonald's,fast_food,burger,40.7118439,-73.9431678
node,3154211510,Brooklyn,La Bagel Delight,fast_food,bagel;sandwich;breakfast,40.687279,-73.9753858
node,3154231930,Brooklyn,All Buru,fast_food,sushi,40.6869979,-73.9753575
node,3154274261,Brooklyn,,fast_food,bagel,40.7082598,-73.9401186
node,3154322862,Brooklyn,Halal Munchies,fast_food,middle_eastern;sandwich,40.6765675,-73.9717797
node,3154322865,Brooklyn,Autumn Asian Restaurant,fast_food,asian,40.6771448,-73.9721944
node,3154621763,Brooklyn,Dunkin',fast_food,donut;coffee_shop,40.7120425,-73.9410508
node,3173820704,Brooklyn,Popeyes,fast_food,chicken,40.6812272,-73.9554832
node,3174844884,Brooklyn,Shake Shack,fast_food,burger,40.703039,-73.9940577
node,3315216999,Brooklyn,Mr. Pizza,fast_food,pizza,40.5774855,-73.9612514
node,3357038150,Brooklyn,Greenpoint Original Pizza,fast_food,pizza,40.7256409,-73.9515062
node,3592088499,Brooklyn,Hua Long Restaurant,fast_food,chinese,40.6858803,-73.9737236
node,3627488979,Brooklyn,The Original John's Deli,fast_food,sandwich;italian,40.5971145,-73.9850909
node,3634281540,Brooklyn,The 3 Luigis,fast_food,pizza,40.6882992,-73.9626434
node,3664967955,Brooklyn,Dunkin',fast_food,donut;coffee_shop,40.6476342,-73.9716162
node,3671151695,Brooklyn,Wonder,fast_food,eclectic,40.6673954,-73.9875825
node,3674112983,Brooklyn,Joe's Pizza of Park Slope,fast_food,pizza,40.6676601,-73.9873611
node,3674126477,Brooklyn,Joe's Pizza,fast_food,pizza,40.6718133,-73.9839044
node,3674126479,Brooklyn,Henry's,fast_food,vietnamese,40.6634377,-73.9842639
node,3674167025,Brooklyn,Five Guys,fast_food,burger,40.6685782,-73.9803757
node,3677073034,Brooklyn,Subway,fast_food,sandwich,40.6663654,-73.988447
node,3677073035,Brooklyn,Bagels and Wraps,fast_food,breakfast;sandwich,40.6664089,-73.9884126
node,3684593607,Brooklyn,Fatty Daddy Tacos,fast_food,mexican,40.6691449,-73.9866074
node,3684603514,Brooklyn,C & Y,fast_food,chinese,40.6704599,-73.9850412
node,3684645681,Brooklyn,Dunkin',fast_food,donut;coffee_shop,40.6684787,-73.9940136
node,3684645683,Brooklyn,Popeyes,fast_food,chicken,40.6683085,-73.9941569
node,3722328359,Brooklyn,Tacos del Barrio,fast_food,mexican,40.6805457,-73.974431
node,3722347104,Brooklyn,Shawarma Mia,fast_food,turkish;health_food,40.6805925,-73.9744126
node,3731188827,Brooklyn,Kimchi Grill,fast_food,korean,40.6751058,-73.9634154
node,3737576845,Brooklyn,Lotus Vietnamese Sandwiches,fast_food,vietnamese,40.6755263,-73.9809032
node,3805299649,Brooklyn,Wadadli Jerk,fast_food,caribbean,40.6847775,-73.9445852
node,3807812786,Brooklyn,McDonald's,fast_food,burger,40.6762519,-73.8907053
node,3810255153,Brooklyn,Golden Chopstick,fast_food,chinese,40.6718537,-73.9573738
node,3810255155,Brooklyn,Veggies Natural Juice Bar,fast_food,health_food;juice,40.6719936,-73.957329
node,3810655041,Brooklyn,Kennedy Fried Chicken,fast_food,chicken;pizza;breakfast;american,40.6779219,-73.8917768
node,3865130357,Brooklyn,Peking Express,fast_food,chinese,40.7258713,-73.942793
node,3874076273,Brooklyn,Xi'an Famous Foods,fast_food,chinese;noodle,40.7243187,-73.9509408
node,3953943319,Brooklyn,Valentino's Pizza,fast_food,pizza;italian,40.6769217,-73.9862557
node,4015260298,Brooklyn,Subway,fast_food,sandwich,40.5873701,-73.9537877
node,4080306996,Brooklyn,Nathan's,fast_food,hot_dog,40.5732784,-73.9798841
node,4092436123,Brooklyn,The Fuel Juice Bar,fast_food,health_food;breakfast,40.6809679,-73.9542734
node,4092436128,Brooklyn,KFC,fast_food,chicken,40.6802439,-73.9493559
node,4092436129,Brooklyn,McDonald's,fast_food,burger,40.6805576,-73.9503295
node,4092436390,Brooklyn,Bagel Pub,fast_food,bagel,40.6722597,-73.9572354
node,4105602738,Brooklyn,Duck Island Cafe,fast_food,sandwich;salad,40.6568198,-73.9637432
node,4111933910,Brooklyn,Banhmigos,fast_food,vietnamese;sandwich,40.6755117,-73.9743083
node,4111933914,Brooklyn,Roma Pizza,fast_food,pizza,40.6746487,-73.9751686
node,4136515356,Brooklyn,Smashburger,fast_food,burger,40.6535781,-73.8715631
node,4136515361,Brooklyn,Panera Bread,fast_food,sandwich;bakery,40.6534603,-73.8714933
node,4149654209,Brooklyn,Banhmigos,fast_food,vietnamese;sandwich,40.674088,-73.9570959
node,4157284291,Brooklyn,Wingstop,fast_food,wings,40.6883394,-73.9820417
node,4176535248,Brooklyn,Silver Rice,fast_food,sushi,40.6740762,-73.9570401
node,4176536896,Brooklyn,El Barrio Burritos,fast_food,mexican,40.6712684,-73.9579018
node,4193991037,Brooklyn,Nature's Grill,fast_food,health_food;burger;juice,40.682324,-73.9933065
node,4194091689,Brooklyn,The Grape Leaf,fast_food,middle_eastern,40.6805936,-73.9969249
node,4195507701,Brooklyn,Taco Bell,fast_food,tex-mex,40.7298076,-73.9506361
node,4250503821,Brooklyn,Taim,fast_food,middle_eastern,40.666492,-73.9817227
node,4252850353,Brooklyn,La Taq,fast_food,mexican,40.6753628,-73.9750232
node,4252890213,Brooklyn,Playa Bowls,fast_food,açaí,40.6749454,-73.9752915
node,4305803511,Brooklyn,Color Me Greens,fast_food,,40.6992278,-73.9129462
node,4305837195,Brooklyn,GreenStreets Salads,fast_food,salad,40.7045514,-73.9238716
node,4316449692,Brooklyn,Hanco's,fast_food,vietnamese;sandwich,40.6871969,-73.9902951
node,4316449698,Brooklyn,750 Myrtle Diner,fast_food,japanese,40.694847,-73.9527937
node,4316449891,Brooklyn,Defonte's Sandwich Shop,fast_food,italian;sandwich,40.6789829,-74.0054436
node,4316479292,Brooklyn,Ba Xuyên,fast_food,vietnamese;sandwich,40.6452843,-73.9996777
node,4320052886,Brooklyn,Food Sing,fast_food,chinese,40.7143588,-73.9612417
node,4336929648,Brooklyn,Quinoa Kitchen,fast_food,health_food,40.713994,-73.9614893
node,4382630247,Brooklyn,Court Street Grocers Lunch,fast_food,sandwich,40.7139375,-73.9555283
node,4431954764,Brooklyn,Dunkin',fast_food,donut;coffee_shop,40.6769856,-73.9160551
node,4431954766,Brooklyn,Iris Pizza,fast_food,pizza,40.6787248,-73.9165165
node,4486134741,Brooklyn,Panda House,fast_food,chinese,40.6767854,-73.8695584
node,4486134761,Brooklyn,Subway,fast_food,sandwich,40.6767584,-73.8697589
node,4491360994,Brooklyn,White Castle,fast_food,burger,40.6631984,-73.9321379
node,4491361792,Brooklyn,Dunkin',fast_food,donut;coffee_shop,40.6614762,-73.9201829
node,4491370793,Brooklyn,Dunkin' Donuts,fast_food,donut;coffee_shop,40.6694519,-73.9503949
node,4491401989,Brooklyn,Dunkin',fast_food,donut;coffee_shop,40.6585555,-73.9315717
node,4491402089,Brooklyn,Dunkin' Donuts,fast_food,donut;coffee_shop,40.6682855,-73.9310308
node,4491402189,Brooklyn,Five Guys,fast_food,burger,40.6935977,-73.985991
node,4518420191,Brooklyn,BurgerFi,fast_food,burger,40.6187604,-74.0213676
node,4518421590,Brooklyn,Five Guys,fast_food,burger,40.5951581,-74.000144
node,4526840980,Brooklyn,Pret A Manger,fast_food,sandwich,40.6935774,-73.9854421
node,4527088692,Brooklyn,Memphis Seoul,fast_food,korean,40.671711,-73.9579322
node,4557451331,Brooklyn,Chipotle,fast_food,mexican,40.6936254,-73.9863666
node,4557451332,Brooklyn,Chinah,fast_food,chinese,40.6932039,-73.9860535
node,4559289812,Brooklyn,7th Street Burger,fast_food,burger,40.6921352,-73.9874702
node,4559289814,Brooklyn,Supreme Pizza,fast_food,pizza,40.6921313,-73.9871379
node,4559312806,Brooklyn,Raising Cane's,fast_food,chicken,40.6915182,-73.987151
node,4583079889,Brooklyn,Not Ray's Pizza,fast_food,pizza,40.6860394,-73.9741004
node,4585637243,Brooklyn,Wingstop,fast_food,wings,41.4245936,-81.7357726
node,4678922791,Brooklyn,Dunkin',fast_food,donut;coffee_shop,40.689964,-73.9516529
node,4717979753,Brooklyn,Nene's Taqueria,fast_food,mexican,40.6785029,-73.9820285
node,4757977351,Brooklyn,Birria LES,fast_food,mexican,40.7182075,-73.9574772
node,4758938143,Brooklyn,Cafe Isabel,fast_food,,40.7017973,-73.9670887
node,4758986122,Brooklyn,Tío Pio,fast_food,latin_american;breakfast,40.6920691,-73.9856541
node,4774165524,Brooklyn,Little Miss Muffin 'N' Her Stuffin,fast_food,trinidadian,40.6750627,-73.9634074
node,4795043622,Brooklyn,Fulton Burger Express,fast_food,burger,40.6772425,-73.9797402
node,4798868500,Brooklyn,Korner Pizza,fast_food,pizza,40.643402,-73.9775612
node,4838600622,Brooklyn,Nonna's Pizzeria,fast_food,pizza;italian,40.7259712,-73.9418462
node,4846355066,Brooklyn,Super 403 Chinese Restaurant,fast_food,chinese;mexican,40.6442157,-73.9763923
node,4848258527,Brooklyn,Juanchi's Hamburguesería,fast_food,,40.7129782,-73.9589272
node,4884737113,Brooklyn,Artichoke Basille's Pizza,fast_food,pizza,40.7064078,-73.9228419
node,4921358324,Brooklyn,Brooklyn Suya,fast_food,african,40.6739453,-73.9566266
node,4922310910,Brooklyn,Dunkin',fast_food,donut;coffee_shop,40.7141835,-73.9511858
node,4966416342,Brooklyn,Dunkin',fast_food,donut;coffee_shop,40.6462451,-73.9033665
node,4993626957,Brooklyn,Dunkin',fast_food,donut;coffee_shop,40.5937043,-73.9403834
node,4993634921,Brooklyn,Raising Cane's,fast_food,chicken,40.6092095,-73.9575528
node,4993636338,Brooklyn,Domino's,fast_food,pizza,40.5984203,-73.9416806
node,4995875245,Brooklyn,Smashburger,fast_food,burger,40.6897245,-73.9796823
node,5031473701,Brooklyn,,fast_food,,7.0114637,-9.4784073
node,5031473719,Brooklyn,One Copy,fast_food,,7.0095582,-9.4792411
node,5031473970,Brooklyn,,fast_food,,7.0089057,-9.4793749
node,5043497797,Brooklyn,Dunkin',fast_food,donut;coffee_shop,40.6677987,-73.9810194
node,5043497799,Brooklyn,Smiling Pizza,fast_food,pizza,40.6669746,-73.9813174
node,5054920521,Brooklyn,Dunkin',fast_food,donut;coffee_shop,40.7348187,-73.9521773
node,5069073337,Brooklyn,,fast_food,,7.0088268,-9.4791159
node,5069073344,Brooklyn,Sis. Mamie Food Center,fast_food,,7.0081213,-9.479172
node,5071611760,Brooklyn,,fast_food,,7.0175795,-9.4845398
node,5071611772,Brooklyn,,fast_food,,7.017126,-9.4854176
node,5087399221,Brooklyn,Russ Pizza,fast_food,pizza,40.7264382,-73.9524538
node,5093178522,Brooklyn,General Green,fast_food,,40.7243937,-73.9510032
node,5163771762,Brooklyn,China Garden,fast_food,chinese,40.6931536,-73.9282223
node,5163828345,Brooklyn,Dunkin',fast_food,donut;coffee_shop,40.6960692,-73.9055816
node,5163877221,Brooklyn,Dragon King,fast_food,chinese,40.6935866,-73.9295353
node,5202658095,Brooklyn,La Bruschetta,fast_food,pizza,40.6692363,-73.979835
node,5203214252,Brooklyn,La Bagel Delight,fast_food,bagel;coffee_shop;breakfast;sandwich,40.674168,-73.9758305
node,5206183426,Brooklyn,Bagel World,fast_food,,40.6896357,-73.9705674
node,5206200868,Brooklyn,New Grace Chinese Restaurant,fast_food,chinese,40.6939717,-73.9625663
node,5209293938,Brooklyn,Wo Hop Kitchen,fast_food,chinese,40.6817067,-73.8786149
node,5210897424,Brooklyn,Carolina Country Store,fast_food,sandwich,40.6767913,-73.9159
node,5220904106,Brooklyn,New People's,fast_food,chinese,40.6800577,-73.9411221
node,5220904107,Brooklyn,Original Ricky's,fast_food,jamaican,40.6800656,-73.9412623
node,5220904324,Brooklyn,Domino's,fast_food,pizza,40.6801146,-73.9421302
node,5221020114,Brooklyn,,fast_food,pizza,40.6802534,-73.9491785
node,5221020115,Brooklyn,Burger King,fast_food,burger,40.6805147,-73.9493178
node,5221381231,Brooklyn,Kiku,fast_food,japanese;thai,40.6723639,-73.9504138
node,5221381413,Brooklyn,Trinidad Golden Place,fast_food,,40.6718125,-73.9504667
node,5229546206,Brooklyn,Huangqi Fish Balls,fast_food,,40.636426,-74.0002611
node,5246547361,Brooklyn,Gnarly Eats,fast_food,burger;sandwich,40.6629551,-73.9846643
node,5276454721,Brooklyn,Baker’s Dozen,fast_food,bagel,40.727568,-73.9528273
node,5277835894,Brooklyn,Dunkin',fast_food,donut;coffee_shop,41.7966358,-71.9120296
node,5281241656,Brooklyn,Maya Taqueria,fast_food,mexican,40.6780099,-73.9685318
node,5319005167,Brooklyn,Union Street Pizza,fast_food,pizza,40.6773325,-73.9833627
node,5319102851,Brooklyn,Rice & Beans Restaurant,fast_food,latin_american,40.6770228,-73.9835704
node,5320691265,Brooklyn,Katsu,fast_food,japanese,40.6766662,-73.9801199
node,5320764181,Brooklyn,Mr. Bao,fast_food,asian,40.677199,-73.9797699
node,5345171126,Brooklyn,Guacamole,fast_food,mexican,40.6766202,-73.9838526
node,5345659609,Brooklyn,Eva's X Cinco De Mayo,fast_food,mexican,40.6491268,-74.0092378
node,5367308117,Brooklyn,Nate's Detroit Pizza,fast_food,pizza,40.6804727,-73.9778652
node,5419472404,Brooklyn,Bklyn Crepe,fast_food,crepe;health_food,40.6811539,-73.975573
node,5452715527,Brooklyn,Lucky Garden,fast_food,chinese,40.7003007,-73.9122298
node,5455223693,Brooklyn,Mexico En Tu Casa,fast_food,mexican;breakfast,40.6599422,-73.9988714
node,5487146972,Brooklyn,Lin's Garden,fast_food,chinese,40.6784626,-73.9820621
node,5500383167,Brooklyn,Industry City Food Hall,fast_food,american;asian;burger;ice_cream;coffee_shop;kebab;pizza;sandwich,40.656216,-74.0077577
node,5503372394,Brooklyn,Antonio's Pizza,fast_food,pizza,40.6771548,-73.9726762
node,5534447352,Brooklyn,Sicily's Best Pizza,fast_food,pizza,40.7052219,-73.9151121
node,5534565419,Brooklyn,China Tung,fast_food,chinese,40.6785782,-73.9791653
node,5536589906,Brooklyn,Pino's La Forchetta,fast_food,pizza,40.6713257,-73.9776937
node,5537012521,Brooklyn,Dunkin',fast_food,donut;coffee_shop,40.5966077,-73.9336019
node,5537012523,Brooklyn,Knapp Street Pizza,fast_food,pizza;italian,40.6000248,-73.9336777
node,5538367713,Brooklyn,McDonald's,fast_food,burger,40.6889804,-73.980678
node,5542949156,Brooklyn,,fast_food,mexican,40.6998499,-73.9117545
node,5543458398,Brooklyn,Merinda's Deli & Grill,fast_food,burger;sandwich,40.699453,-73.9136509
node,5549150578,Brooklyn,Artichoke Basille's Pizza,fast_food,pizza,40.680949,-73.977211
node,5549176862,Brooklyn,Pizzatown,fast_food,pizza,40.6800126,-73.9778518
node,5555271890,Brooklyn,Taqueria Atoradero,fast_food,mexican;brunch,40.6786912,-73.9831765
node,5558007851,Brooklyn,Smith Street Pizza,fast_food,pizza,40.681294,-73.9940052
node,5562952076,Brooklyn,Nacho Macho Taco,fast_food,mexican,40.6805643,-73.9778032
node,5567720591,Brooklyn,KFC,fast_food,chicken,40.6993917,-73.9114262
node,5569428212,Brooklyn,Taqueria Izucar,fast_food,burrito;tacos;mexican,40.6992504,-73.9153358
node,5574466299,Brooklyn,Chictea,fast_food,bubble_tea;japanese;korean,40.6306358,-74.0282929
node,5596917749,Brooklyn,Gnocchi on 9th,fast_food,italian,40.6718628,-73.9772519
node,5600702495,Brooklyn,L'Arte della Pizza,fast_food,pizza,40.6775265,-73.9798682
node,5620997777,Brooklyn,Dunkin',fast_food,donut;coffee_shop,40.6427724,-73.9789901
node,5621025625,Brooklyn,New Taco King,fast_food,chinese;mexican,40.64231,-73.9809619
node,5625774811,Brooklyn,Wingstop,fast_food,wings,40.6802637,-73.9749417
node,5627254765,Brooklyn,Lee Garden,fast_food,chinese,40.7043384,-73.9190212
node,5627875085,Brooklyn,Dunkin',fast_food,donut;coffee_shop,40.704028,-73.9185229
node,5627875250,Brooklyn,Bakhter Halal Food Cart,fast_food,,40.7038479,-73.9183322
node,5629128676,Brooklyn,BK Pizza,fast_food,pizza,40.6873055,-73.9178846
node,5642926348,Brooklyn,Sabores De Mi Tierra,fast_food,colombian,40.7020781,-73.9243236
node,5670881782,Brooklyn,Prospect Pizza,fast_food,pizza,40.6586858,-73.9603277
node,5673620479,Brooklyn,Oakberry Açaí,fast_food,health_food,40.6718898,-73.9772295
node,5673620485,Brooklyn,Papi's Grill,fast_food,mexican,40.6720685,-73.9770813
node,5673620488,Brooklyn,Pita Pan,fast_food,middle_eastern;juice,40.6719755,-73.9771524
node,5676615632,Brooklyn,Love & Honey Fried Chicken,fast_food,,40.6812713,-73.9752096
node,5676615638,Brooklyn,Sushi Counter,fast_food,sushi,40.6818236,-73.9761176
node,5676615642,Brooklyn,Poké Bowl Station,fast_food,poke,40.6810798,-73.9750715
node,5676615658,Brooklyn,1 of 1 Sandwich,fast_food,sandwich,40.680533,-73.9778244
node,5691689931,Brooklyn,Dunkin',fast_food,donut;coffee_shop,40.6151331,-73.9940154
node,5695146691,Brooklyn,Teriyaki Japanese Grill,fast_food,japanese;sushi,40.7036385,-73.926618
node,5695149896,Brooklyn,Leos,fast_food,mexican,40.7034658,-73.9263138
node,5703390134,Brooklyn,Bobo's Smoothies,fast_food,juice;health_food,40.6695964,-73.9795166
node,5703390135,Brooklyn,Just Salad,fast_food,salad,40.6694841,-73.9796096
node,5712022034,Brooklyn,Chipotle,fast_food,mexican,40.6772011,-73.9722435
node,5712402440,Brooklyn,Halal City,fast_food,middle_eastern,40.6817784,-73.9769896
node,5714112414,Brooklyn,Wing Wagon,fast_food,american,40.6770955,-73.9721622
node,5714112422,Brooklyn,Dunkin',fast_food,donut;coffee_shop,40.6768416,-73.9719713
node,5716122821,Brooklyn,Toad Style,fast_food,sandwich,40.6868657,-73.9233367
node,5720910129,Brooklyn,Good Chinese,fast_food,chinese,40.6951675,-73.9116484
node,5721465221,Brooklyn,Beijing House,fast_food,chinese,40.691534,-73.9093337
node,5721469960,Brooklyn,Jimmy's Pizza,fast_food,pizza,40.6913708,-73.9090337
node,5723993614,Brooklyn,Crown Fried Chicken,fast_food,chicken,40.6952447,-73.9204644
node,5728817802,Brooklyn,Savoy Bakery,fast_food,breakfast;sandwich;american;asian,40.6461344,-73.995137
node,5728821437,Brooklyn,Daniela's Cafe,fast_food,breakfast;sandwich;mexican,40.6452301,-73.9942368
node,5735191733,Brooklyn,Popeyes,fast_food,chicken,40.704403,-73.9289293
node,5737743040,Brooklyn,Jersey Mike's Subs,fast_food,sandwich,40.6679412,-73.980908
node,5737743047,Brooklyn,Happy Fresh Tortillas,fast_food,mexican,40.6677173,-73.9806993
node,5742310959,Brooklyn,China Wok,fast_food,chinese,40.6826516,-73.9792301
node,5742356604,Brooklyn,Papa John's,fast_food,pizza,40.6802998,-73.9813703
node,5744312487,Brooklyn,Casa Caribe,fast_food,pizza,40.6965831,-73.9349072
node,5747117630,Brooklyn,La Strada,fast_food,pizza;italian,40.6379049,-73.9996697
node,5747118463,Brooklyn,Dunkin',fast_food,donut;coffee_shop,40.6382337,-73.9981576
node,5747165970,Brooklyn,Pier 53 Sandwich Shop,fast_food,korean;breakfast;sandwich,40.6470284,-74.0188504
node,5747285910,Brooklyn,Yi Min Restaurant,fast_food,chinese,40.6431925,-73.9901445
node,5747290021,Brooklyn,Ricos Tacos,fast_food,mexican,40.6444523,-74.0105486
node,5747367410,Brooklyn,Popeyes,fast_food,chicken,40.676719,-73.9221311
node,5747387744,Brooklyn,McDonald's,fast_food,burger,40.677335,-73.9225457
node,5747705000,Brooklyn,Yummy Taco,fast_food,mexican,40.6749114,-73.9633794
node,5762275030,Brooklyn,Flavored Flames,fast_food,jamaican,40.6717517,-73.9839556
node,5772073915,Brooklyn,Metro Feast,fast_food,international;breakfast,40.6877686,-73.9813327
node,5775345821,Brooklyn,Bagel Hole of Park Slope,fast_food,bagel;sandwich,40.6648484,-73.983482
node,5775345832,Brooklyn,Norm's Pizza,fast_food,pizza,40.6653031,-73.9830999
node,5782842274,Brooklyn,Dunkin',fast_food,donut;coffee_shop,40.6848014,-73.9789058
node,5784756323,Brooklyn,La Pizza Roma,fast_food,pizza,40.6842362,-73.978684
node,5784906484,Brooklyn,Banhmi-Pro,fast_food,vietnamese;sandwich,40.6851102,-73.9796966
node,5791215653,Brooklyn,Energy Fuel,fast_food,sandwich;salad,40.6930395,-73.9705061
node,5793887413,Brooklyn,Yum Yum Bakery,fast_food,chinese;pastry;bubble_tea,40.5991917,-73.9542872
node,5797335389,Brooklyn,Pio Bagel,fast_food,bagel;sandwich;omelette,40.6920918,-73.9864187
node,5797365173,Brooklyn,Sandy Beaches,fast_food,caribbean,40.6918161,-73.9861461
node,5798968792,Brooklyn,The Juice Shop,fast_food,health_food;poke;juice,40.6928374,-73.9885771
node,5798968794,Brooklyn,Blimpie,fast_food,sandwich,40.6921571,-73.9880655
node,5798968795,Brooklyn,Dave's Hot Chicken,fast_food,chicken,40.6929153,-73.9885742
node,5802534234,Brooklyn,XO Burger,fast_food,burger,40.6693342,-73.9859779
node,5805217642,Brooklyn,Playa Bowls,fast_food,health_food;juice,40.6696269,-73.9857354
node,5807371647,Brooklyn,Chuang Hing,fast_food,chinese,40.6892315,-73.9861259
node,5807731523,Brooklyn,Krispy Krunchy Chicken,fast_food,chicken,40.6891776,-73.986161
node,5807804738,Brooklyn,Cuban Shack,fast_food,cuban,40.6881953,-73.9865851
node,5827853289,Brooklyn,Far East,fast_food,chinese,40.6680852,-73.9869996
node,5830803202,Brooklyn,Hanco's,fast_food,vietnamese;sandwich;bubble_tea,40.6661881,-73.98238
node,5833761211,Brooklyn,Dunkin',fast_food,donut;coffee_shop,40.590379,-73.9728327
node,5837225127,Brooklyn,Poké Tiky Bar,fast_food,poke;brunch,40.6798257,-73.9682987
node,5842360288,Brooklyn,Dunkin',fast_food,donut;coffee_shop,40.612575,-74.000524
node,5844669756,Brooklyn,Brooklyn Pasta Bar,fast_food,italian,40.6185367,-74.0302994
node,5852491181,Brooklyn,Baya Bar,fast_food,health_food;juice,40.6784127,-73.9976249
node,5859028053,Brooklyn,Dos Toros Taqueria,fast_food,mexican,40.7175299,-73.9578837
node,5891774855,Brooklyn,Banhmigos,fast_food,vietnamese;sandwich,40.6778039,-73.9686074
node,5908861463,Brooklyn,Slope Cheesesteaks & Shakes,fast_food,sandwich;wings,40.6630139,-73.9846183
node,5910319469,Brooklyn,Kiku Sushi,fast_food,sushi;poke,40.6627823,-73.984808
node,5910319473,Brooklyn,Sicily Pizzeria,fast_food,pizza,40.6628991,-73.9847109
node,5912873400,Brooklyn,Darna,fast_food,middle_eastern;breakfast;juice,40.6870493,-73.9938138
node,5925524829,Brooklyn,McDonald's,fast_food,burger,40.6797595,-73.8791391
node,5937855594,Brooklyn,Santa Salsa,fast_food,venezuelan,40.7055629,-73.922511
node,5949327634,Brooklyn,China City,fast_food,chinese,40.695797,-73.9466447
node,5949456893,Brooklyn,Crown Fried Chicken,fast_food,chicken,40.695226,-73.9494183
node,5949456894,Brooklyn,Mona Ayala,fast_food,mexican,40.694832,-73.9529264
node,5949703987,Brooklyn,Chinantla Restaurant Deli & Grocery,fast_food,mexican,40.6945506,-73.9574529
node,5949703994,Brooklyn,Ganni's Pizzeria,fast_food,pizza,40.6942554,-73.9578225
node,5954667251,Brooklyn,Taqueria Al Pastor,fast_food,mexican,40.6904332,-73.9918282
node,5960289926,Brooklyn,Yaya Tea,fast_food,asian,40.6897332,-73.9798636
node,5960375369,Brooklyn,Popeyes,fast_food,chicken,40.687916,-73.9800274
node,5972678464,Brooklyn,Rice & Miso,fast_food,japanese;onigiri,40.6845837,-73.9837974
node,5978792896,Brooklyn,Mi Sabor Cafe,fast_food,latin_american,40.6972798,-73.9360614
node,5978795490,Brooklyn,Checkers,fast_food,burger,40.7088661,-73.9586271
node,5978837396,Brooklyn,Wingstop,fast_food,wings,40.7084968,-73.958569
node,5981998920,Brooklyn,Empire Express Chinese Restaurant,fast_food,chinese,40.6690922,-73.9857384
node,5984018669,Brooklyn,Princess Pizzeria,fast_food,pizza;latin_american,40.6660033,-73.9887537
node,5984151022,Brooklyn,Energy Fuel,fast_food,burger;salad;juice;breakfast,40.6638894,-73.9909976
node,5984151025,Brooklyn,Barouk,fast_food,lebanese;chicken,40.6644619,-73.9904428
node,5984151029,Brooklyn,Lenny's Pizzeria,fast_food,pizza;sandwich;pasta,40.6643749,-73.9905189
node,5984151030,Brooklyn,The Bagel Factory,fast_food,bagel;breakfast;sandwich,40.6637622,-73.9911334
node,5987486730,Brooklyn,Big Norm,fast_food,korean,40.6832245,-73.9926955
node,5987486737,Brooklyn,Brooklyn Pizza Market,fast_food,pizza,40.6826729,-73.9930707
node,5987486738,Brooklyn,White Maize,fast_food,latin_american,40.6824697,-73.9932081
node,5987486740,Brooklyn,Panzerotti Bites,fast_food,italian,40.6837434,-73.9923432
node,5987980587,Brooklyn,A.T.M. Vegan Deli,fast_food,breakfast;sandwich,40.6909657,-73.95591
node,5990552322,Brooklyn,Prince Street Pizza,fast_food,pizza,40.6826223,-73.9931049
node,5994548785,Brooklyn,L’industrie pizzeria,fast_food,pizza,40.7115764,-73.9578034
node,6008550512,Brooklyn,Baya Bar,fast_food,health_food;juice,40.6606706,-73.980339
node,6008597468,Brooklyn,Lucky Xin Hui Chinese Inc,fast_food,chinese,40.6180651,-74.0304968
node,6008597497,Brooklyn,Subway,fast_food,sandwich,40.618228,-74.0304306
node,6030620305,Brooklyn,McDonald's,fast_food,burger,40.633137,-73.8898259
node,6037706546,Brooklyn,Sub Hub,fast_food,sandwich,40.6622139,-73.9852986
node,6088650333,Brooklyn,Bahn Mi Place,fast_food,vietnamese;sandwich,40.6733135,-73.9630832
node,6088775959,Brooklyn,Nikki's Bagels,fast_food,bagel;sandwich,40.6771595,-73.9638081
node,6127408828,Brooklyn,Shen Zhou,fast_food,chinese;sushi,40.7002505,-73.9246854
node,6127475459,Brooklyn,Happy Garden,fast_food,chinese,40.6993032,-73.9235107
node,6129138947,Brooklyn,Peking Garden,fast_food,chinese,40.6950763,-73.9160648
node,6129260342,Brooklyn,Empire,fast_food,chinese;tex-mex,40.6900738,-73.9068091
node,6129270853,Brooklyn,New Texas Fried Chicken,fast_food,chicken,40.689518,-73.9058095
node,6138206280,Brooklyn,The Soup Bowl of Park Slope,fast_food,soup,40.6678954,-73.9809501
node,6161305886,Brooklyn,B&A porkstore,fast_food,,40.6182685,-74.009752
node,6175434116,Brooklyn,Crown Fried Chicken,fast_food,chicken;sandwich;pizza,40.6831072,-73.9644695
node,6175434122,Brooklyn,Barcklays Pizza & Pasta,fast_food,pizza,40.6828209,-73.9643837
node,6175434123,Brooklyn,Golden Krust,fast_food,caribbean,40.682804,-73.9643018
node,6175434130,Brooklyn,Energy Fuel,fast_food,breakfast;sandwich;health_food,40.6827466,-73.9640236
node,6188785216,Brooklyn,Luigi's Pizzeria,fast_food,,40.689637,-73.9654602
node,6221736375,Brooklyn,Dragon King,fast_food,chinese,40.6616667,-73.9928849
node,6238611746,Brooklyn,7th Street Burger,fast_food,burger,40.6735663,-73.9824372
node,6238670335,Brooklyn,Marco's Pizza,fast_food,pizza,41.4398296,-81.7362331
node,6238670355,Brooklyn,China House,fast_food,,41.439825,-81.736574
node,6240120721,Brooklyn,Tacobee's,fast_food,tex-mex,40.6729365,-73.95006
node,6299824430,Brooklyn,Holy Pita,fast_food,israeli,40.6584862,-73.9818342
node,6299824438,Brooklyn,Park & Crisp Asian Kitchen,fast_food,chinese;american,40.6583176,-73.9820148
node,6299927217,Brooklyn,Dunkin',fast_food,donut;coffee_shop,40.6591455,-73.9816108
node,6300062996,Brooklyn,Greek Xpress,fast_food,greek;pizza,40.6599126,-73.9805836
node,6300063001,Brooklyn,#1 Garden Chinese Restaurant,fast_food,chinese,40.6600933,-73.9804236
node,6300063008,Brooklyn,Tacoomar,fast_food,mexican,40.6599488,-73.9805573
node,6300063010,Brooklyn,SyKo,fast_food,korean;syrian,40.6602757,-73.9806595
node,6304537385,Brooklyn,Half Moon Express,fast_food,chinese,40.6649149,-73.9936878
node,6306935875,Brooklyn,Grabstein's Bagels,fast_food,bagel;breakfast;sandwich,40.6869967,-73.9904292
node,6306935877,Brooklyn,Domino's,fast_food,pizza,40.6868981,-73.9904988
node,6307293914,Brooklyn,Panda Delight,fast_food,chinese,40.6876455,-73.9896938
node,6314905334,Brooklyn,Court Street Grocers,fast_food,sandwich;breakfast;coffee_shop,40.6762226,-73.9986828
node,6314905340,Brooklyn,Afandina Cafe,fast_food,middle_eastern,40.6760985,-73.9987426
node,6317277263,Brooklyn,Soul Spot,fast_food,soul_food;caribbean,40.6883171,-73.9888353
node,6327650149,Brooklyn,Burger Urway,fast_food,burger,40.6722901,-73.9606919
node,6329651376,Brooklyn,Mia Halal Food,fast_food,middle_eastern;sandwich,40.6851985,-73.9781047
node,6329651377,Brooklyn,Cesar's Empanadas,fast_food,latin_american,40.6853486,-73.978092
node,6334491284,Brooklyn,Girasol Taqueria,fast_food,mexican;coffee_shop;pastry,40.6615194,-73.9934522
node,6334572612,Brooklyn,El Maiz Deli & Grocery,fast_food,breakfast;sandwich;mexican,40.660298,-73.9943099
node,6338367058,Brooklyn,Brothers Pizza,fast_food,pizza,40.663411,-73.994643
node,6340372267,Brooklyn,Portal Latino,fast_food,latin_american,40.684425,-73.9918853
node,6341782749,Brooklyn,Mario's Pizza & Chicken,fast_food,pizza;chicken,40.6835625,-73.9899765
node,6341905439,Brooklyn,La Rose Pizza,fast_food,pizza,40.6866048,-73.9906993
node,6342121901,Brooklyn,Fatty Daddy Taco,fast_food,mexican,40.6865674,-73.9907248
node,6350185134,Brooklyn,Frateli's Pizzeria Restaurant,fast_food,pizza,40.6149203,-73.9942238
node,6350185137,Brooklyn,Just Desserts,fast_food,dessert,40.614742,-73.9943869
node,6350185142,Brooklyn,Wasabi,fast_food,japanese,40.6147698,-73.994785
node,6381914227,Brooklyn,Villa Mia Pizza,fast_food,pizza,40.6694891,-73.9928615
node,6382031818,Brooklyn,Pizza & Bagel on 3rd,fast_food,pizza;bagel;sandwich,40.6644065,-73.9967218
node,6382207934,Brooklyn,Lioni Italian Heroes,fast_food,italian;sandwich,40.6540297,-74.0041572
node,6387952436,Brooklyn,Huge Thai,fast_food,thai,40.6888579,-73.9925874
node,6388116530,Brooklyn,8-Bit Bites,fast_food,burger;sandwich;snack,40.6910639,-73.9552798
node,6393812728,Brooklyn,Fast & Fresh Burrito Deli,fast_food,mexican;breakfast,40.6880603,-73.9869461
node,6402214654,Brooklyn,Crown Fried Chicken,fast_food,fried_chicken,40.6752982,-73.8717587
node,6402959207,Brooklyn,Subway,fast_food,sandwich,40.7061597,-73.950132
node,6414477544,Brooklyn,Empire Kitchen,fast_food,chinese,40.6721681,-73.925091
node,6414481849,Brooklyn,Hardee,fast_food,chinese;american;burger;chicken,40.6716959,-73.9306925
node,6414484841,Brooklyn,P&C Coffee Shop,fast_food,dominican,40.672184,-73.9306566
node,6422130141,Brooklyn,Pio Bagel,fast_food,bagel;breakfast;sandwich,40.688675,-73.9810579
node,6426529064,Brooklyn,Natural Blend,fast_food,health_food;juice,40.6738975,-73.9628476
node,6432938292,Brooklyn,Ramblin' Chick,fast_food,chicken,40.6763333,-73.9989685
node,6434717118,Brooklyn,Moishe's Place,fast_food,,40.6951897,-73.956447
node,6446722304,Brooklyn,Famous House of Pizza & Calzone,fast_food,pizza,40.684053,-74.0021986
node,6453371199,Brooklyn,Sophie's Cuban Cuisine,fast_food,cuban,40.6906566,-73.9876063
node,6460054307,Brooklyn,Smith Deli Corp,fast_food,breakfast;sandwich;salad,40.6907359,-73.987552
node,6465763254,Brooklyn,Xifu Food,fast_food,chinese,40.6880445,-73.9820431
node,6465763255,Brooklyn,Patty Plus,fast_food,jamaican,40.6879651,-73.9818387
node,6498949987,Brooklyn,JuJu Cafe & Deli,fast_food,asian,40.6868956,-73.9902021
node,6498949989,Brooklyn,Pho Rainbow,fast_food,vietnamese;bubble_tea,40.6868389,-73.9902402
node,6499886938,Brooklyn,Blue Collar Burger,fast_food,burger,40.6876527,-73.9931816
node,6499886939,Brooklyn,Oh! Dumpling,fast_food,chinese,40.6875951,-73.9930046
node,6504416501,Brooklyn,Champion Pizza,fast_food,,40.7176352,-73.9577851
node,6517040643,Brooklyn,Surf Pizza & Wings,fast_food,,40.5746183,-73.9882682
node,6534166837,Brooklyn,My Little Pizzeria,fast_food,pizza,40.690229,-73.9922815
node,6534166843,Brooklyn,Juice Generation,fast_food,juice,40.6900552,-73.9920062
node,6534166845,Brooklyn,Sanpanino,fast_food,sandwich,40.6903263,-73.9917107
node,6534166846,Brooklyn,Sweetgreen,fast_food,salad,40.6899213,-73.9920718
node,6551378353,Brooklyn,Don Pepe Tortas & Jugos,fast_food,mexican;health_food,40.6511203,-74.0042708
node,6551578493,Brooklyn,Espresso Pizza,fast_food,pizza,40.6163141,-74.0304697
node,6551947380,Brooklyn,Tex's Chicken & Burgers,fast_food,burger;chicken,40.6279413,-74.0234435
node,6566817085,Brooklyn,Taquería El Chato,fast_food,mexican,40.72356,-73.9505226
node,6577420638,Brooklyn,Sandwich Girl,fast_food,sandwich;breakfast,40.6703141,-73.9849179
node,6578915647,Brooklyn,Piccoli To Go,fast_food,,40.6547377,-73.9735322
node,6594900790,Brooklyn,King David Tacos,fast_food,mexican;breakfast,40.6723542,-73.9695287
node,6595255509,Brooklyn,Park Side Coffee Shop,fast_food,sandwich;mexican;breakfast,40.654901,-73.9614018
node,6595255515,Brooklyn,Atomic Wings,fast_food,chicken;middle_eastern,40.6549273,-73.9613353
node,6595255521,Brooklyn,McDonald's,fast_food,burger,40.6547858,-73.9616933
node,6613270961,Brooklyn,Pony Express Snack Bar,fast_food,ice_cream;snack,40.6637239,-73.9641263
node,6678076906,Brooklyn,GoodFeathers,fast_food,,40.7004693,-73.92588
node,6680340120,Brooklyn,Teriyaki One,fast_food,japanese,40.6894795,-73.9828189
node,6682052621,Brooklyn,K Sushi,fast_food,sushi,40.6942437,-73.956242
node,6684657471,Brooklyn,Irving Gourment Deli,fast_food,sandwich,40.6978196,-73.9125532
node,6710934177,Brooklyn,Holy Pita,fast_food,mediterranean,40.6975522,-73.9719152
node,6747363679,Brooklyn,Norm's Pizza,fast_food,pizza,40.6927596,-73.9885801
node,6795597886,Brooklyn,GMC Temaxcal Deli & Grocery,fast_food,mexican,40.6963059,-73.9729613
node,6795597887,Brooklyn,Tiger Box,fast_food,korean,40.6962879,-73.9727235
node,6798563883,Brooklyn,De Bamboo Express,fast_food,caribbean,40.6539748,-73.9597116
node,6824291095,Brooklyn,Poke Bowl Station,fast_food,poke,40.6857771,-73.9912436
node,6833176134,Brooklyn,Taylor Made,fast_food,jamaican,40.6876446,-73.9596045
node,6848929237,Brooklyn,Döner Kabab,fast_food,doner,40.7056339,-73.9224406
node,6853776103,Brooklyn,Cantonese Rice Noodle Truck,fast_food,asian,40.6349692,-74.0103651
node,6867727852,Brooklyn,Cheeze Louiez,fast_food,pizza,40.701057,-73.9410741
node,6872137777,Brooklyn,Papa John's,fast_food,pizza,40.6959495,-73.9331393
node,6872279128,Brooklyn,Sauce & Soda,fast_food,pizza,40.7058357,-73.9219458
node,6876157986,Brooklyn,Kennedy Chicken,fast_food,chicken;burger;ice_cream,40.6904783,-73.9600852
node,6876300971,Brooklyn,Carmenta's Italian Specialties,fast_food,sandwich;italian,40.7011782,-73.9268242
node,6883693021,Brooklyn,Halal Munchies,fast_food,middle_eastern;american,40.6913067,-73.9909372
node,6886916464,Brooklyn,Piz-zetta,fast_food,pizza;italian,40.6912102,-73.9906262
node,6886916465,Brooklyn,Poke City,fast_food,poke;salad,40.6913322,-73.9910345
node,6896325796,Brooklyn,Dunkin',fast_food,donut;coffee_shop,40.6921911,-73.9913437
node,6896325799,Brooklyn,Honeygrow,fast_food,health_food,40.6924795,-73.9913451
node,6896325800,Brooklyn,Juice Press,fast_food,juice;health_food,40.6924916,-73.9914268
node,6896501839,Brooklyn,Jay Street Fresh 99¢ Pizza,fast_food,,40.6918321,-73.9874882
node,6896628435,Brooklyn,Burger King,fast_food,burger,40.6890965,-73.9818677
node,6898717205,Brooklyn,Prosperity Noodle,fast_food,chinese,40.6539715,-74.0044665
node,6900912415,Brooklyn,Charlie's Sandwich Shop,fast_food,sandwich;italian,40.6189464,-74.0331027
node,6910335915,Brooklyn,Jersey Mike's Subs,fast_food,sandwich,40.6786022,-73.9788165
node,6915663416,Brooklyn,Bergen Bagels,fast_food,bagel;sandwich;breakfast,40.6935184,-73.9636248
node,6933231463,Brooklyn,McDonald's,fast_food,burger,40.6913748,-73.9917168
node,6933231464,Brooklyn,Popeyes,fast_food,chicken;creole,40.6914322,-73.9916897
node,6936160821,Brooklyn,China Delight,fast_food,chinese,40.6504106,-74.0045802
node,6943222786,Brooklyn,Joy & Snook,fast_food,caribbean;pastry,40.6726554,-73.9503978
node,6943222792,Brooklyn,Taqueria Milear,fast_food,mexican,40.6729738,-73.9503596
node,6943242385,Brooklyn,Robin's Donuts,fast_food,donut,44.9482127,-65.0900034
node,6943787240,Brooklyn,Pikliz Cafe & Lounge,fast_food,haitian,40.667765,-73.9588651
node,6950121286,Brooklyn,Pizza Daddy,fast_food,pizza;italian,40.6140878,-73.9814615
node,6950122978,Brooklyn,Dunkin',fast_food,donut;coffee_shop,40.6127817,-73.9822662
node,6952852552,Brooklyn,Rocco's Pizza,fast_food,pizza,40.6921188,-73.945806
node,6952881831,Brooklyn,Domino's,fast_food,pizza,40.6925144,-73.9403628
node,6952890533,Brooklyn,Popeyes,fast_food,chicken,40.6968367,-73.935463
node,6989001850,Brooklyn,Varenyk House,fast_food,ukrainian;russian,40.577086,-73.9631121
node,7004500412,Brooklyn,De Hot Pot,fast_food,caribbean,40.6614142,-73.9605801
node,7038476778,Brooklyn,Buffet & Cafe,fast_food,mexican;breakfast,40.6224438,-74.0287086
node,7038487793,Brooklyn,Auntie Anne's,fast_food,pretzel,40.6228071,-74.0280784
node,7038487799,Brooklyn,Dunkin',fast_food,donut;coffee_shop,40.6218854,-74.0289416
node,7038487801,Brooklyn,Brother Asian Cuisine,fast_food,chinese,40.6220758,-74.0284316
node,7038487819,Brooklyn,Gourmet Flaming Grill,fast_food,breakfast;sandwich,40.6222869,-74.0287728
node,7039049117,Brooklyn,Hamilton Pizza & Pasta,fast_food,pizza;latin_american,40.6173477,-74.0273798
node,7045370991,Brooklyn,Los Tacos Al Pastor,fast_food,mexican,40.7025526,-73.9874957
node,7063221716,Brooklyn,Brooklyn Barista,fast_food,sandwich,40.6971319,-73.9070176
node,7072426848,Brooklyn,Nino’s Pizza,fast_food,pizza,40.6197845,-74.0327516
node,7075631331,Brooklyn,Dunkin',fast_food,donut;coffee_shop,40.6338477,-74.026645
node,7091113349,Brooklyn,Di Fara,fast_food,pizza,40.7170794,-73.9617981
node,7097820976,Brooklyn,Happy Sandwich & Drink,fast_food,bubble_tea;sandwich,40.7003717,-73.9933043
node,7126242762,Brooklyn,Tacos La Carcachita,fast_food,mexican;tacos,40.6993226,-73.9108421
node,7126242866,Brooklyn,Little Caesars,fast_food,pizza,40.699056,-73.9105503
node,7126738915,Brooklyn,Taco Fiesta,fast_food,mexican,40.6525045,-74.006607
node,7126797740,Brooklyn,Tony's Pizza,fast_food,pizza;mexican,40.6401238,-74.0194938
node,7126867480,Brooklyn,Coro York Mexican Grill,fast_food,mexican;american;breakfast,40.633124,-74.0269445
node,7127154011,Brooklyn,El Castillo,fast_food,latin_american,40.6501685,-74.0090431
node,7127191783,Brooklyn,Spiro's Cafe & Pizza,fast_food,pizza;diner;mexican,40.6547275,-74.0043003
node,7127191784,Brooklyn,Twin Lin's Garden,fast_food,chinese,40.6574447,-74.0014776
node,7132140599,Brooklyn,Panda Express,fast_food,chinese,40.6913136,-73.9917457
node,7137510273,Brooklyn,Domino's,fast_food,pizza,40.6931447,-73.9733684
node,7161264306,Brooklyn,La Flor Pizzeria,fast_food,pizza,40.6737075,-73.9606401
node,7167935885,Brooklyn,Andrew's,fast_food,burger,40.6908682,-73.9832319
node,7173294497,Brooklyn,Nathan's,fast_food,hot_dog,40.6941544,-73.9615527
node,7205066932,Brooklyn,Popeyes,fast_food,chicken,40.575563,-73.9973173
node,7256357543,Brooklyn,Nonno's Pizza,fast_food,pizza,40.6216638,-74.031964
node,7261678977,Brooklyn,Papa John's,fast_food,pizza,40.6091155,-74.0060279
node,7618918193,Brooklyn,Popeyes,fast_food,chicken,40.6139796,-73.9810339
node,7640484710,Brooklyn,Daigo Sushi Roll Bar,fast_food,sushi,40.6764843,-73.9844689
node,7656525682,Brooklyn,iRestaurant,fast_food,chinese;japanese,40.6357189,-74.0095236
node,7656730851,Brooklyn,Popeyes,fast_food,chicken,40.6362596,-74.0121384
node,7795039228,Brooklyn,Bonchon,fast_food,korean,40.6920783,-73.9859254
node,7795039229,Brooklyn,Casella Bagel Coffee Shop,fast_food,bagel;regional;diner;cafe/diner,40.692081,-73.986005
node,7795039230,Brooklyn,Papa John's,fast_food,pizza,40.6917974,-73.9864362
node,7859015653,Brooklyn,Popeyes,fast_food,chicken,40.5780204,-73.9602935
node,7884615041,Brooklyn,La Bagel Delight,fast_food,,40.6911766,-73.9918103
node,8109403686,Brooklyn,Sushi Yoshi,fast_food,sushi,40.7135773,-73.949434
node,8122409592,Brooklyn,Golden Dragon,fast_food,chinese,40.7139526,-73.955277
node,8132573639,Brooklyn,Rosa's Pizza,fast_food,pizza,40.713947,-73.9556358
node,8192046180,Brooklyn,King Subs,fast_food,sandwich;breakfast,40.6645615,-73.9977479
node,8197592540,Brooklyn,Organic Valley Deli,fast_food,sandwich;breakfast,40.6721638,-73.987494
node,8222758399,Brooklyn,China Wok,fast_food,chinese,40.6514195,-74.0039541
node,8222758401,Brooklyn,Hong Cha,fast_food,bubble_tea;snack,40.6515257,-74.0038453
node,8222758403,Brooklyn,Subway,fast_food,sandwich,40.6515908,-74.0037787
node,8222758409,Brooklyn,Eat Street NYC,fast_food,eclectic,40.6513791,-74.0035943
node,8265792985,Brooklyn,Subway,fast_food,sandwich,41.8005674,-71.9006322
node,8265793025,Brooklyn,Taco Bell,fast_food,tex-mex,41.7999862,-71.8998419
node,8265793026,Brooklyn,KFC,fast_food,chicken,41.8000847,-71.8998881
node,8284985199,Brooklyn,Batata Pita Bar,fast_food,mediterranean,40.648388,-73.979058
node,8320583558,Brooklyn,Baya Bar,fast_food,juice,40.578926,-73.9757297
node,8400846480,Brooklyn,Dahlia Comida Mexicana,fast_food,mexican,40.7020563,-73.9242864
node,8406371484,Brooklyn,Gino's Brick Oven Pizza,fast_food,pizza,40.660527,-73.9608714
node,8419345236,Brooklyn,Dunkin',fast_food,donut;coffee_shop,40.6919686,-73.9871381
node,8501495840,Brooklyn,Mark's Red Hook Pizza,fast_food,pizza,40.6788267,-74.0113835
node,8568005076,Brooklyn,Tacos Morelos,fast_food,mexican,40.6763157,-73.9803589
node,8590260241,Brooklyn,Chicken Stop,fast_food,chicken;barbecue;burger,40.6897008,-73.9783397
node,8590260243,Brooklyn,Gourmet Garden 8,fast_food,mexican;chinese,40.6897021,-73.9783937
node,8592591993,Brooklyn,Tacos El Brother,fast_food,mexican,40.6669264,-73.9882535
node,8592787175,Brooklyn,El Sazon de Petricia,fast_food,latin_american,40.6481554,-74.0073597
node,8613813411,Brooklyn,Masa Empanadas,fast_food,empanada,40.6833135,-73.9666805
node,8613851355,Brooklyn,Forma Pasta Factory,fast_food,italian,40.6859913,-73.9731215
node,8616150115,Brooklyn,Pulp,fast_food,juice,41.4254266,-81.7349801
node,8642018461,Brooklyn,Baya Bar,fast_food,juice,40.686993,-73.9754097
node,8703255682,Brooklyn,Top Soft Taco & Top China,fast_food,chinese;mexican,40.5865304,-73.9524901
node,8707098288,Brooklyn,Cheung Lee,fast_food,chinese,40.675993,-73.9417582
node,8709855005,Brooklyn,Jimmy's Famous Heros,fast_food,sandwich,40.5840756,-73.9508774
node,8713314332,Brooklyn,Primavera Dominican Cuisine,fast_food,dominican,40.6454946,-73.9734497
node,8766171729,Brooklyn,Las Melecias,fast_food,mexican;breakfast,40.6706043,-73.9888832
node,8851723958,Brooklyn,Xi'an Famous Foods,fast_food,chinese;noodle,40.6920975,-73.9866977
node,8855385576,Brooklyn,Hot Bagel,fast_food,bagel;sandwich,40.6433217,-73.9785602
node,8888030205,Brooklyn,McDonald's,fast_food,burger,41.4189124,-81.7589902
node,8888048170,Brooklyn,Raising Cane's,fast_food,chicken,41.4196784,-81.7589899
node,8888372304,Brooklyn,Zinger Halal Express Chicken Burger,fast_food,chicken,40.5907644,-73.9694668
node,8888542060,Brooklyn,Penn Station,fast_food,sandwich,41.4244682,-81.7355036
node,8890480542,Brooklyn,McDonald's,fast_food,burger,41.4263461,-81.7348946
node,8890480575,Brooklyn,Dunkin',fast_food,donut;coffee_shop,41.4258122,-81.7349681
node,8891205156,Brooklyn,King David Tacos,fast_food,mexican;breakfast,40.6798278,-73.9695296
node,8892804284,Brooklyn,Chipotle,fast_food,mexican,41.4231173,-81.7593589
node,8892918424,Brooklyn,Panera Bread,fast_food,sandwich;bakery,41.4231214,-81.7608252
node,8895440610,Brooklyn,District Taco,fast_food,mexican,40.6938738,-73.9633174
node,8972680324,Brooklyn,Heights Falafel,fast_food,middle_eastern,40.6985203,-73.9926623
node,8980920619,Brooklyn,Win Hing,fast_food,chinese;mexican,40.6137523,-74.0331228
node,8981032233,Brooklyn,Mike's Deli,fast_food,sandwich;salad;breakfast,40.6157957,-74.0314301
node,8984519637,Brooklyn,Dunkin',fast_food,donut;coffee_shop,40.6217846,-74.0257784
node,9017912443,Brooklyn,Crown Fried Chicken & Pizza,fast_food,chicken;pizza,40.6813209,-73.9559398
node,9017912444,Brooklyn,Rejuvenate Power,fast_food,juice,40.6815648,-73.955603
node,9023863625,Brooklyn,Chipotle,fast_food,mexican,40.6899561,-73.9839559
node,9032637734,Brooklyn,8-Bit Bites,fast_food,,40.6905921,-73.9917611
node,9032759786,Brooklyn,Gourmet Cafe,fast_food,breakfast;sandwich;salad,40.6888979,-73.982276
node,9032759787,Brooklyn,Guac Time,fast_food,mexican,40.6919222,-73.9871413
node,9032759801,Brooklyn,Hawa Smoothies & Bubble Tea,fast_food,juice,40.6921274,-73.9870131
node,9035769809,Brooklyn,Willo B's Cafe,fast_food,breakfast;sandwich,40.6923321,-73.9887386
node,9039944447,Brooklyn,Dunkin',fast_food,donut;coffee_shop,40.6046605,-73.9987148
node,9049288203,Brooklyn,Daigo Sushi Roll Bar,fast_food,sushi,40.6741634,-73.9852576
node,9106019887,Brooklyn,Lucia Pizza,fast_food,pizza,40.5931082,-73.948089
node,9114375439,Brooklyn,Taste of China,fast_food,chinese,40.6348025,-74.023226
node,9114379439,Brooklyn,Original Pizza,fast_food,pizza,40.6346432,-74.0232996
node,9114924818,Brooklyn,Spring City Chinese Food,fast_food,chinese,42.1000511,-84.2475437
node,9114928975,Brooklyn,Subway,fast_food,sandwich,42.0997607,-84.2470677
node,9114928976,Brooklyn,McDonald's,fast_food,burger,42.0996282,-84.2484337
node,9114928977,Brooklyn,Hungry Howie's,fast_food,pizza,42.1004067,-84.2484582
node,9121203301,Brooklyn,Dog Day Afternoon,fast_food,hot_dog,40.6585835,-73.9821527
node,9123093701,Brooklyn,Monty Q's,fast_food,pizza,40.6942773,-73.9929542
node,9130653630,Brooklyn,Sweetgreen,fast_food,salad,40.6919962,-73.9845653
node,9132793200,Brooklyn,Dunkin',fast_food,donut;coffee_shop,40.5862706,-73.9310865
node,9138923011,Brooklyn,Double Dragon,fast_food,chinese,40.6501323,-74.0090878
node,9141995276,Brooklyn,Gravesend Pizza,fast_food,pizza;italian,40.6556207,-74.0033644
node,9143258210,Brooklyn,Dunkin',fast_food,donut;coffee_shop,40.6110977,-74.0093646
node,9147031528,Brooklyn,Subway,fast_food,sandwich,40.6197477,-74.0077828
node,9163473304,Brooklyn,Dunkin',fast_food,donut;coffee_shop,40.6074499,-74.002169
node,9172271590,Brooklyn,Popeyes,fast_food,chicken,40.6218909,-74.0260634
node,9172271593,Brooklyn,Mancini's Wood-Fired Pizza,fast_food,pizza;italian,40.6220693,-74.0259049
node,9172271594,Brooklyn,Stewart's,fast_food,burger,40.6217974,-74.0261412
node,9173605507,Brooklyn,Popeyes,fast_food,chicken,40.57538,-73.9803156
node,9193984147,Brooklyn,Yummy Taco,fast_food,mexican,40.692099,-73.9867626
node,9194885435,Brooklyn,GG's Fish & Chips,fast_food,fish_and_chips,40.6831285,-73.9902898
node,9222101129,Brooklyn,Domino's,fast_food,pizza,40.6861383,-73.9164422
node,9235661926,Brooklyn,Crown Fried Chicken,fast_food,chicken;pizza;burger;middle_eastern,40.6866457,-73.9232936
node,9283283266,Brooklyn,Dig,fast_food,regional,40.715736,-73.95907
node,9290981016,Brooklyn,Subway,fast_food,sandwich,40.6672421,-73.9564843
node,9291191726,Brooklyn,Yoyo Chicken,fast_food,sandwich;health_food,40.6686154,-73.9507777
node,9291191733,Brooklyn,Annie 88 Express,fast_food,chinese,40.6678811,-73.950843
node,9301562102,Brooklyn,Dunkin',fast_food,donut;coffee_shop,40.6937479,-73.9643213
node,9330433965,Brooklyn,Chipotle,fast_food,mexican,40.6942581,-73.9918536
node,9330502761,Brooklyn,Hanco's,fast_food,vietnamese;sandwich,40.6946693,-73.9933733
node,9330613459,Brooklyn,Juice Press,fast_food,juice,40.6945645,-73.9945252
node,9330613476,Brooklyn,Hot Bagels & Deli,fast_food,bagel;sandwich,40.6948865,-73.9951639
node,9351470819,Brooklyn,Chickin Feastin,fast_food,chicken,40.6870691,-73.9442035
node,9382602108,Brooklyn,Burger King,fast_food,burger,40.7208364,-73.9444976
node,9393419571,Brooklyn,Chipotle,fast_food,mexican,40.6190703,-73.990455
node,9403340359,Brooklyn,Wing Cheong,fast_food,chinese,40.6803038,-73.9455024
node,9403680929,Brooklyn,Domino's,fast_food,pizza,40.5789798,-73.9801604
node,9416424485,Brooklyn,Sake Sushi,fast_food,japanese,40.6438162,-73.9766779
node,9419291803,Brooklyn,Wing Hing,fast_food,chinese,40.6658301,-73.953822
node,9419291806,Brooklyn,Jonise Restaurant,fast_food,haitian;american,40.6662229,-73.9537801
node,9429324281,Brooklyn,Lemon Grass,fast_food,jamaican,40.6694817,-73.9582346
node,9429324282,Brooklyn,Crown Fried Chicken,fast_food,chicken,40.6691142,-73.9586906
node,9429324289,Brooklyn,Nu-U Juice Bar,fast_food,juice,40.6695981,-73.9579905
node,9432015992,Brooklyn,La Boriquennya Rotisserie Chicken,fast_food,chicken,40.643371,-74.0154745
node,9432106588,Brooklyn,Pupusas en la 54,fast_food,latin_american,40.6442966,-74.0145503
node,9432153005,Brooklyn,Tung Hing Chinese Kitchen,fast_food,,40.6449996,-74.0144337
node,9432153008,Brooklyn,La Jugeria,fast_food,juice;sandwich;health_food,40.645075,-74.013496
node,9440172785,Brooklyn,Omar Bagles & Restaurant,fast_food,bagel;pizza;indian,40.6796652,-73.9683658
node,9450058019,Brooklyn,Subway,fast_food,sandwich,40.6014682,-73.9350173
node,9501190627,Brooklyn,Tacos El Bronco,fast_food,mexican,40.6520994,-74.0031399
node,9503346178,Brooklyn,Hardee,fast_food,chinese,40.6933375,-73.9722181
node,9503346180,Brooklyn,Joe & Sal's Pizzeria,fast_food,pizza,40.6933356,-73.9721439
node,9511152439,Brooklyn,Shah's Halal Food,fast_food,middle_eastern,40.6799541,-73.9678317
node,9511990470,Brooklyn,Regina's Grocery,fast_food,sandwich,40.6875557,-73.9545693
node,9512186339,Brooklyn,Home Frite,fast_food,burger;fries,40.6881808,-73.9546924
node,9512283424,Brooklyn,El Cofre,fast_food,latin_american,40.6931634,-73.9673244
node,9515335030,Brooklyn,Buff Patty,fast_food,jamaican,40.6930638,-73.9711679
node,9525582839,Brooklyn,Bed-Stuy Fish Fry,fast_food,seafood;soul_food,40.6909213,-73.988651
node,9525732052,Brooklyn,Popeyes,fast_food,chicken,40.6043151,-73.9980897
node,9530930911,Brooklyn,BTS Korean Food Market,fast_food,korean,40.6813487,-73.9499543
node,9535884985,Brooklyn,Wingstop,fast_food,wings,40.6802914,-73.9499835
node,9537753231,Brooklyn,La Antigua,fast_food,guatemalan;pizza,40.6510112,-74.0039546
node,9537798305,Brooklyn,Pancho's Juice Bar,fast_food,sandwich;juice,40.6482041,-74.0073228
node,9537798309,Brooklyn,Pollo Campero,fast_food,chicken,40.647574,-74.0079676
node,9537835322,Brooklyn,La Gran Via Bakery,fast_food,latin_american,40.6476249,-74.0079287
node,9537904453,Brooklyn,Popeyes,fast_food,chicken,40.6453879,-74.0102652
node,9537904455,Brooklyn,La Isla Cuchifritos,fast_food,mexican,40.6453268,-74.010318
node,9538436275,Brooklyn,La CoCota Restaurant,fast_food,mexican,40.6409202,-74.0149049
node,9543824655,Brooklyn,Green Lake,fast_food,chinese,40.6532191,-73.9592063
node,9543921917,Brooklyn,A&A Bake Doubles and Roti,fast_food,,40.6804481,-73.9479532
node,9546260136,Brooklyn,Luigi's Pizza,fast_food,pizza,40.6467444,-74.0088315
node,9556947375,Brooklyn,McDonald's,fast_food,burger,40.6440015,-74.0112599
node,9556947377,Brooklyn,Burger King,fast_food,burger,40.6438073,-74.0118759
node,9576828928,Brooklyn,La Snackeria NYC,fast_food,mexican;burger;dessert,40.640112,-74.0153091
node,9583638728,Brooklyn,Espinal Deli,fast_food,,40.6902357,-73.9517047
node,9583805196,Brooklyn,Ugu Kissa,fast_food,sushi;poke,40.6938331,-73.963668
node,9588356397,Brooklyn,New China Garden,fast_food,chinese,40.694678,-73.9563306
node,9588511536,Brooklyn,Xing Wang Restaurant,fast_food,chinese,40.6973866,-73.9362649
node,9595690718,Brooklyn,Pure Green,fast_food,juice,40.7359093,-73.9595129
node,9595950540,Brooklyn,Empanada City,fast_food,latin_american,40.7082711,-73.9202317
node,9601671754,Brooklyn,Dunkin',fast_food,donut;coffee_shop,40.5778911,-73.9609266
node,9606632567,Brooklyn,Hero Champ,fast_food,breakfast;sandwich,40.6557734,-74.0066169
node,9609222681,Brooklyn,Pomodoro Pizza Feastin,fast_food,pizza,40.669033,-73.986616
node,9609222682,Brooklyn,Chicken Feastin,fast_food,chicken;greek,40.6690139,-73.9866318
node,9609973481,Brooklyn,Dunkin',fast_food,donut;coffee_shop,40.6087777,-73.9720148
node,9621641144,Brooklyn,Hings Kowk,fast_food,chinese,40.6873395,-73.9508101
node,9622409696,Brooklyn,Fu En Restaurant,fast_food,chinese,40.6952566,-73.9406448
node,9631735860,Brooklyn,Pizza Devito Italia,fast_food,pizza,40.6179092,-74.0025294
node,9656421342,Brooklyn,Taco Bell,fast_food,tex-mex,40.6696554,-73.9119248
node,9656421343,Brooklyn,KFC,fast_food,chicken,40.6696677,-73.9118398
node,9663197993,Brooklyn,Have A Bagel,fast_food,sandwich,40.7100045,-73.9584131
node,9693419531,Brooklyn,Baya Bar,fast_food,health_food;juice,40.6174071,-74.0333576
node,9715918352,Brooklyn,Tacos Deliciosos El Amigo,fast_food,mexican,40.6409569,-74.0179919
node,9715971737,Brooklyn,La Parada II,fast_food,dominican;chicken,40.6410729,-74.0178739
node,9725312456,Brooklyn,Sergio's Pizza,fast_food,pizza;italian,40.6828241,-73.9288998
node,9731450854,Brooklyn,Rome to Brooklyn,fast_food,pizza,40.7228531,-73.9504077
node,9738530013,Brooklyn,El Mirador,fast_food,mexican,40.6422674,-73.9810601
node,9738530014,Brooklyn,Singara,fast_food,indian;bangladeshi,40.6430943,-73.9796993
node,9738560321,Brooklyn,Abdullah Sweets & Restaurant,fast_food,indian;bangladeshi,40.642756,-73.9799135
node,9740077038,Brooklyn,Ghoroa Sweets & Restaurant,fast_food,indian;bangladeshi,40.6423987,-73.9795747
node,9740146605,Brooklyn,Radhuni Sweets & Restaurant,fast_food,indian;bangladeshi,40.6423864,-73.9791442
node,9749960997,Brooklyn,Dunkin',fast_food,donut;coffee_shop,40.6667757,-73.8710038
node,9750049380,Brooklyn,Taj Mahal Restaurant,fast_food,indian;bangladeshi,40.6425987,-73.9791981
node,9750101476,Brooklyn,Halal Xpress,fast_food,chinese,40.6436856,-73.9776891
node,9750101478,Brooklyn,Soho Cafe & Grill,fast_food,american;breakfast;sandwich,40.643599,-73.9778823
node,9750101480,Brooklyn,Food Garden,fast_food,indian;bangladeshi,40.643608,-73.9782669
node,9750252962,Brooklyn,Welcome Chili,fast_food,chinese,40.643603,-73.9901669
node,9755513710,Brooklyn,Famiglia Pizzeria,fast_food,pizza;ice_cream;hot_dog;chicken,40.573374,-73.9789979
node,9755747432,Brooklyn,Dunkin',fast_food,donut;coffee_shop,40.5824006,-73.9865274
node,9757940471,Brooklyn,Boardwalk Island,fast_food,chicken,40.5720471,-74.0005048
node,9760077798,Brooklyn,Lo Duca Pizza,fast_food,pizza,40.6349693,-73.9626171
node,9762210755,Brooklyn,Sunset Restaurante Cafeteria,fast_food,breakfast;sandwich;pizza;latin_american,40.6465897,-74.0197572
node,9773399368,Brooklyn,Pete's Brooklyn Eats,fast_food,american,40.6466972,-74.0233202
node,9773740471,Brooklyn,El Diamante Cafe,fast_food,,40.6499439,-74.0126861
node,9777603036,Brooklyn,Kate's Kitchen,fast_food,,40.6375198,-74.0314383
node,9779751311,Brooklyn,Tortas Morelos,fast_food,mexican,40.6359719,-74.0264712
node,9779751518,Brooklyn,Fu Lai Kitchen,fast_food,chinese,40.6360147,-74.0257572
node,9779751529,Brooklyn,Donut Connection,fast_food,donut;breakfast;sandwich,40.6360146,-74.02611
node,9779884982,Brooklyn,Bella Roma,fast_food,pizza,40.6344516,-74.0267471
node,9779884988,Brooklyn,Panda,fast_food,chinese,40.6345002,-74.0267306
node,9779884992,Brooklyn,Fuel,fast_food,sandwich;juice,40.6348167,-74.0265992
node,9780448977,Brooklyn,Sunny Corner Restaurant,fast_food,chinese,40.6767064,-73.9302365
node,9783621638,Brooklyn,Los Poblanos,fast_food,mexican,40.6515107,-74.0110552
node,9783621642,Brooklyn,Casa Latina,fast_food,ecuadorian,40.6510026,-74.0115803
node,9791466873,Brooklyn,Gyro Cafe,fast_food,middle_eastern,40.643157,-73.9701225
node,9800537745,Brooklyn,Baya Bar,fast_food,health_food;juice,40.6361021,-74.0275632
node,9800537747,Brooklyn,Cali Tajadas,fast_food,colombian,40.6362126,-74.0272513
node,9811608358,Brooklyn,La Bagel Delight,fast_food,bagel;breakfast;sandwich,40.7023931,-73.9887316
node,9811756184,Brooklyn,Surf City Pizzaria,fast_food,pizza,40.5756234,-73.977839
node,9823117906,Brooklyn,Papa John's,fast_food,pizza,40.6253031,-74.0241742
node,9826331329,Brooklyn,Alsalam Restaurant,fast_food,middle_eastern,40.6315423,-74.0219806
node,9828589992,Brooklyn,Fini Pizza,fast_food,pizza,40.6939965,-74.0005421
node,9834107262,Brooklyn,Hemo's Spot 5,fast_food,breakfast;sandwich;health_food;juice,40.6326728,-74.0211663
node,9834601277,Brooklyn,Halal Munchies,fast_food,middle_eastern;chicken,40.6932811,-73.9663305
node,9834601285,Brooklyn,Kum Kau,fast_food,chinese,40.6934862,-73.9667325
node,9834601293,Brooklyn,Jimmy John's,fast_food,sandwich,40.6933948,-73.9645636
node,9845248540,Brooklyn,Dunkin',fast_food,donut;coffee_shop,40.6021243,-73.9944754
node,9845254412,Brooklyn,Burger King,fast_food,burger,40.6021533,-73.994538
node,9845268955,Brooklyn,Taco Bell,fast_food,tex-mex,40.6049252,-73.9984468
node,9845281852,Brooklyn,McDonald's,fast_food,burger,40.6048135,-73.9982672
node,9853269826,Brooklyn,Subway,fast_food,sandwich,40.6510036,-73.9492138
node,9896090690,Brooklyn,White Castle,fast_food,burger,40.5751246,-73.9809084
node,9917646830,Brooklyn,El Salvadorin,fast_food,salvadoran,40.6470014,-74.0085606
node,9920099979,Brooklyn,Taco Bell Cantina,fast_food,tex-mex,40.6442752,-74.0113931
node,9936175926,Brooklyn,Blossom Ice Cream Poke Bowl,fast_food,poke;ramen;ice_cream,40.689306,-73.9917159
node,9949886591,Brooklyn,Checkers,fast_food,burger,40.6496037,-73.9629677
node,9949886594,Brooklyn,Brooklyn Pizza II,fast_food,pizza,40.6494415,-73.962804
node,9964727996,Brooklyn,Divine Express,fast_food,nigerian,40.6802125,-73.9611025
node,9964813462,Brooklyn,New Dragon Palace,fast_food,chinese,40.6965854,-73.9753455
node,9976151521,Brooklyn,Jalapa Jar,fast_food,mexican,40.6983639,-73.9709466
node,9976151522,Brooklyn,Hungy House,fast_food,mexican,40.6985067,-73.9709359
node,9976151523,Brooklyn,Pizza Yard,fast_food,pizza,40.6986496,-73.9709253
node,9976151524,Brooklyn,Sabor,fast_food,colombian;dominican,40.6982211,-73.9709572
node,9993646349,Brooklyn,7th Street Burger,fast_food,burger,40.7027509,-73.9935394
node,10007212450,Brooklyn,Poke Zest,fast_food,poke,40.7238629,-73.9509798
node,10074057479,Brooklyn,Burger King,fast_food,burger,40.6104827,-73.9621957
node,10076162917,Brooklyn,Black Seed Bagels,fast_food,bagel,40.7162116,-73.9617806
node,10091724026,Brooklyn,Juice Generation Bedford Ave,fast_food,juice,40.7170004,-73.9587906
node,10109662189,Brooklyn,Bokki,fast_food,korean,40.6925266,-73.9884368
node,10155740442,Brooklyn,Crab Bros Cajun Seafood Express,fast_food,seafood,40.6854892,-73.9297366
node,10155740446,Brooklyn,Krazy Chicken & Pizza,fast_food,,40.681804,-73.9286925
node,10155740451,Brooklyn,Zam Zam Halal,fast_food,,40.6831499,-73.9174055
node,10155740457,Brooklyn,Crown Chicken & Pizza,fast_food,,40.6856143,-73.9149283
node,10158422923,Brooklyn,Louie's Gyros,fast_food,greek,40.6295802,-74.0287308
node,10160671299,Brooklyn,Gyro King,fast_food,middle_eastern,40.6319506,-74.0277649
node,10162028271,Brooklyn,Bora Bora Juice,fast_food,juice,40.6323506,-74.027615
node,10162281462,Brooklyn,La Jugueria,fast_food,health_food;juice,40.6409928,-74.0179563
node,10169164358,Brooklyn,Buger Bhai,fast_food,burger,40.6395067,-73.9685289
node,10170500444,Brooklyn,Wonder,fast_food,eclectic,40.6873422,-73.9822061
node,10173785370,Brooklyn,,fast_food,kebab,40.6996836,-73.9114676
node,10173812438,Brooklyn,,fast_food,latin_american,40.699713,-73.9115199
node,10173845736,Brooklyn,Jupioca,fast_food,juice,40.6999792,-73.9122132
node,10173849101,Brooklyn,,fast_food,mexican,40.700112,-73.9119807
node,10173854611,Brooklyn,,fast_food,mexican,40.7000537,-73.9118806
node,10198298530,Brooklyn,Don Paco Lopez,fast_food,mexican;breakfast;sandwich,40.647879,-74.010767
node,10234303000,Brooklyn,Sushi Gallery,fast_food,sushi,40.6976226,-73.9933083
node,10240764446,Brooklyn,China Long,fast_food,chinese,40.5819133,-73.9607639
node,10243524279,Brooklyn,Sunset Bagels,fast_food,bagel;breakfast;sandwich,40.6454578,-74.0097465
node,10245469616,Brooklyn,Nieves Tia Mimi Deli,fast_food,mexican;ice_cream,40.6464437,-74.0086901
node,10245469618,Brooklyn,Xochil Pizzeria,fast_food,pizza;latin_american,40.6469701,-74.0081578
node,10245471206,Brooklyn,CHF Restaurant,fast_food,chinese,40.6424991,-74.0128043
node,10245528108,Brooklyn,La Tienda,fast_food,mexican,40.6459591,-74.0089215
node,10245557215,Brooklyn,La Guadelupe,fast_food,mexican,40.6459049,-74.009269
node,10245600310,Brooklyn,Maya’s Snack Bar,fast_food,snack;ice_cream,40.6430769,-74.0122172
node,10247709058,Brooklyn,Scoops Scoops,fast_food,caribbean;italian;ice_cream,40.6580684,-73.9606001
node,10247709078,Brooklyn,Golden Krust,fast_food,caribbean,40.6597924,-73.96077
node,10247751969,Brooklyn,Silver Rice,fast_food,sushi,40.6596551,-73.9603932
node,10247751973,Brooklyn,Moe's Pastrami & Burger,fast_food,sandwich;burger;breakfast,40.6598139,-73.9604099
node,10257996923,Brooklyn,Sheel Mashi,fast_food,middle_eastern;sandwich,40.6324092,-74.0212722
node,10258124207,Brooklyn,Sunset Bagels,fast_food,bagel;breakfast;sandwich,40.6210054,-74.0268247
node,10294003833,Brooklyn,Dunkin',fast_food,donut;coffee_shop,40.6490047,-73.9638559
node,10294003834,Brooklyn,Bebe Fritay,fast_food,caribbean,40.6490969,-73.9631355
node,10294003837,Brooklyn,Mallenche Mexican Grill,fast_food,mexican,40.6490993,-73.9642922
node,10294003841,Brooklyn,China Dragon,fast_food,chinese,40.649039,-73.9644617
node,10294475311,Brooklyn,Jauja Mexican Kitchen,fast_food,mexican,40.6562119,-73.9598079
node,10311798106,Brooklyn,Popeyes,fast_food,chicken,40.5920706,-73.940485
node,10313964654,Brooklyn,Lotus Vegetarian,fast_food,asian,40.6506013,-73.9571185
node,10315606402,Brooklyn,Rambo Style,fast_food,asian,40.659402,-73.9603768
node,10315728752,Brooklyn,Hai Sun,fast_food,chinese,40.6575622,-73.9601398
node,10357823724,Brooklyn,Kestane Kebab,fast_food,turkish,40.7326188,-73.9578749
node,10553146796,Brooklyn,Dunkin',fast_food,donut;coffee_shop,40.6559422,-73.9597472
node,10553146804,Brooklyn,Kracklaw,fast_food,seafood;cajun;asian,40.6554536,-73.9596378
node,10553146805,Brooklyn,Good Hope Restaurant & Bakery,fast_food,jamaican,40.6558328,-73.9597205
node,10553751074,Brooklyn,Fisherman's Cove,fast_food,seafood;jamaican,40.6552376,-73.9605498
node,10553751078,Brooklyn,El Jefe Park,fast_food,mexican,40.6551847,-73.9606838
node,10563636916,Brooklyn,Domino's,fast_food,pizza,40.6538995,-73.9593381
node,10563636918,Brooklyn,The Patty Shop,fast_food,caribbean,40.6545417,-73.95946
node,10563636929,Brooklyn,Peppa's Jerk Chicken,fast_food,caribbean;chicken,40.6549839,-73.9598946
node,10563636941,Brooklyn,Juice & Tings,fast_food,juice;health_food,40.6551987,-73.9599391
node,10564082530,Brooklyn,Zen Vegetarian House,fast_food,asian;american,40.6539512,-73.9593489
node,10566200813,Brooklyn,La Placita Oxaqueña,fast_food,mexican,40.6948824,-73.9546029
node,10580581449,Brooklyn,Just Salad,fast_food,salad,40.6820177,-73.9757038
node,10587466902,Brooklyn,Donut Shoppe,fast_food,donut;diner,40.598976,-73.956219
node,10587469006,Brooklyn,J & M Pizza II,fast_food,pizza,40.5988389,-73.9574819
node,10587469009,Brooklyn,Trio Ristorante,fast_food,pizza,40.5994092,-73.9523266
node,10594772574,Brooklyn,Mamacita Comida,fast_food,latin_american;asian,40.6864436,-73.950631
node,10599778270,Brooklyn,Jen's Roti Shop,fast_food,caribbean,40.6520042,-73.9593042
node,10599908825,Brooklyn,China Thai,fast_food,chinese;thai,40.6509868,-73.9586874
node,10599908828,Brooklyn,Dunkin',fast_food,donut;coffee_shop,40.6508242,-73.9586401
node,10600023467,Brooklyn,Chipotle,fast_food,mexican,40.6711989,-73.9777872
node,10602363185,Brooklyn,Ali's Roti Shop,fast_food,caribbean,40.6525249,-73.9590631
node,10611901517,Brooklyn,Wing King,fast_food,wings;sandwich,40.6932414,-73.9695179
node,10611901518,Brooklyn,Chipotle,fast_food,mexican,40.6930279,-73.9702227
node,10611901520,Brooklyn,Smoothie King,fast_food,juice,40.6930218,-73.9700737
node,10644491649,Brooklyn,Chipotle,fast_food,mexican,40.680453,-73.9530097
node,10653350274,Brooklyn,,fast_food,pizza;breakfast,40.6186279,-73.9555562
node,10671504970,Brooklyn,Roma Pizza,fast_food,pizza,40.5984633,-73.9610082
node,10676992145,Brooklyn,Tortilleria Guadalupe de Taqueria,fast_food,mexican,40.6414919,-74.0138633
node,10676992163,Brooklyn,El Quetzalito,fast_food,guatemalan,40.6420324,-74.0133073
node,10677034533,Brooklyn,Feliz Tea House,fast_food,bubble_tea;burger;pastry,40.6408835,-74.0149408
node,10677034534,Brooklyn,Taste of China,fast_food,chinese,40.6409075,-74.0144768
node,10677077426,Brooklyn,New Leader Halal Meat,fast_food,sandwich,40.6352757,-74.0204538
node,10679715398,Brooklyn,Wingstop,fast_food,chicken,40.6406165,-74.0151943
node,10679715400,Brooklyn,Sunset Ridge Cafe & Grill,fast_food,breakfast;sandwich,40.6398027,-74.0164519
node,10679734095,Brooklyn,Ruzana,fast_food,middle_eastern,40.6222447,-74.026039
node,10692049915,Brooklyn,Subway,fast_food,sandwich,40.6837729,-73.911671
node,10698428406,Brooklyn,Greenfeld's,fast_food,eastern_european;breakfast;pastry,40.7038318,-73.9580252
node,10700595984,Brooklyn,Italia Pizza,fast_food,pizza,40.6051751,-73.9789578
node,10710987383,Brooklyn,Dragon Tea,fast_food,bubble_tea,40.6892432,-73.9915381
node,10712959072,Brooklyn,Antonitos Mexicanos,fast_food,mexican,40.6404033,-74.0154211
node,10712959073,Brooklyn,Papa John's,fast_food,pizza,40.6405768,-74.0152446
node,10712959080,Brooklyn,Royal King's Pizza,fast_food,pizza,40.643599,-74.0116748
node,10712959083,Brooklyn,Antonitos Mexicanos,fast_food,mexican,40.639813,-74.0160179
node,10727041492,Brooklyn,Taim,fast_food,mediterranean,40.6895896,-73.9852844
node,10733548628,Brooklyn,Dad's Deli,fast_food,breakfast;sandwich;chicken;pizza,40.6743381,-74.0070633
node,10736054261,Brooklyn,House of Wings,fast_food,burger;american;chicken;sandwich;dessert,40.621771,-74.031927
node,10757809861,Brooklyn,Rocco Pizza III,fast_food,pizza,40.6827492,-73.940661
node,10765067342,Brooklyn,Yummy 88,fast_food,chinese,40.7007508,-73.9260583
node,10771407820,Brooklyn,El Arcoiris 2,fast_food,guatemalan,40.6403943,-74.0150161
node,10771532496,Brooklyn,Long River,fast_food,chinese,40.6388483,-74.017045
node,10771646592,Brooklyn,Dunkin',fast_food,donut;coffee_shop,40.6342154,-74.0205197
node,10771770503,Brooklyn,Elegante Pizzeria,fast_food,pizza,40.6330028,-74.0213762
node,10773959533,Brooklyn,Pete's Pizzeria,fast_food,pizza;italian,40.630941,-74.0281675
node,10797317352,Brooklyn,Bagel Villa,fast_food,bagel;breakfast;sandwich,40.6310842,-74.0218114
node,10803109653,Brooklyn,Little Italy Pizza,fast_food,pizza,40.6981885,-73.9376919
node,10803208003,Brooklyn,King's Kitchen,fast_food,chinese,40.6912017,-73.9368401
node,10805673741,Brooklyn,99¢ Supreme Pizza,fast_food,pizza,40.6802701,-73.9496747
node,10820158992,Brooklyn,Manhattan Beach Pizza,fast_food,pizza,40.5785818,-73.9380957
node,10822440160,Brooklyn,China Pagoda,fast_food,chinese,40.6331029,-74.021334
node,10822527406,Brooklyn,Dixy Chicken & Grill,fast_food,chicken;sandwich,40.6293464,-74.022872
node,10822527407,Brooklyn,M&M Deli and Catering,fast_food,sandwich;soup,40.6286016,-74.0225857
node,10822527408,Brooklyn,Dunkin',fast_food,donut;coffee_shop,40.6288431,-74.0227292
node,10822527409,Brooklyn,Subway,fast_food,sandwich,40.6289009,-74.0227047
node,10822776523,Brooklyn,Bay Ridge Pizza,fast_food,pizza,40.6278872,-74.023467
node,10822825625,Brooklyn,Rocco's,fast_food,pizza,40.6268792,-74.0238835
node,10822837601,Brooklyn,Hing Wong,fast_food,chinese,40.626033,-74.0242299
node,10822962178,Brooklyn,Tacos Por Favor,fast_food,mexican;breakfast,40.6243503,-74.0245562
node,10836117227,Brooklyn,Shake Shack,fast_food,burger,40.7173725,-73.960548
node,10863799531,Brooklyn,bb.q Chicken,fast_food,chicken;korean,40.6817291,-73.9770229
node,10872130115,Brooklyn,Tex's Chicken & Burgers,fast_food,chicken;burger,40.6499919,-73.9607832
node,10881968759,Brooklyn,Taqueria Cecilio,fast_food,mexican,40.6830586,-73.9770021
node,10884431253,Brooklyn,China Garden,fast_food,chinese,40.6803618,-73.8925078
node,10884477493,Brooklyn,Golden Krust,fast_food,caribbean,40.6764089,-73.9004202
node,10900189251,Brooklyn,Toshkent Hot Dog,fast_food,uzbek;hot_dog,40.5749761,-73.9666271
node,10920203950,Brooklyn,Los Carnales,fast_food,,40.6811631,-73.9771721
node,10935276611,Brooklyn,Dunkin',fast_food,donut;coffee_shop,40.6726108,-73.9114918
node,10963424770,Brooklyn,F&F Pizzeria,fast_food,pizza,40.6773145,-73.9981534
node,10967974418,Brooklyn,Overgreens,fast_food,health_food,40.6936843,-73.9648589
node,10968102826,Brooklyn,Singas Famous Pizza,fast_food,pizza,40.7108676,-73.9506894
node,10998186056,Brooklyn,Shake Shack,fast_food,burger,40.6804576,-73.9530951
node,10998186058,Brooklyn,Chicken Stop,fast_food,chicken;barbecue,40.6802856,-73.9498758
node,10998186062,Brooklyn,Hunter's Spice Grill,fast_food,jamaican,40.6802826,-73.9498192
node,10998355803,Brooklyn,SoBol,fast_food,health_food,40.6791425,-73.9494886
node,11003412878,Brooklyn,Wok & Roll Kitchen,fast_food,chinese,40.6497802,-73.9625161
node,11003443956,Brooklyn,El Mundo Unidos Bakery Deli & Grocery,fast_food,,40.6500154,-73.9630568
node,11009058501,Brooklyn,Guac Time,fast_food,mexican,40.62334,-74.0253225
node,11011114439,Brooklyn,Hibachi Master,fast_food,japanese,40.621937,-74.0260204
node,11011389018,Brooklyn,Domino's,fast_food,pizza,40.6327794,-73.8895053
node,11033073603,Brooklyn,MeatUp,fast_food,mediterranean,40.7025469,-73.993997
node,11036281573,Brooklyn,Cinnabon,fast_food,dessert,40.6320022,-73.966902
node,11047229129,Brooklyn,PasaPasa,fast_food,juice,40.6630656,-73.9539606
node,11047229130,Brooklyn,Brix Haus,fast_food,ice_cream;soup,40.6628119,-73.9541571
node,11047229134,Brooklyn,Java Juice Cafe,fast_food,juice,40.6623642,-73.9535542
node,11054856051,Brooklyn,Sariq Bola Pizza,fast_food,pizza,40.6008877,-73.93886
node,11062098145,Brooklyn,Kennedy Fried Chicken & Pizza,fast_food,chicken;pizza,40.6761047,-74.0048979
node,11079619805,Brooklyn,Hot Bagels,fast_food,bagel;coffee_shop;sandwich,40.6361226,-73.9912411
node,11084661115,Brooklyn,Taco Bell Cantina,fast_food,tex-mex,40.6898009,-73.9222896
node,11084686104,Brooklyn,Crown Fried Chicken,fast_food,chicken,40.6899655,-73.9231709
node,11085570180,Brooklyn,New Carrizal,fast_food,,40.6897877,-73.9228449
node,11085585440,Brooklyn,Dunkin',fast_food,donut;coffee_shop,40.6909669,-73.9243136
node,11085608912,Brooklyn,Bklyn Pizza Co.,fast_food,pizza,40.6890708,-73.9241104
node,11125493512,Brooklyn,Qdoba,fast_food,mexican,40.6986668,-73.9184113
node,11137300737,Brooklyn,Subway,fast_food,sandwich,40.6987421,-73.9174873
node,11137304278,Brooklyn,Popeyes,fast_food,chicken,40.699057,-73.9171589
node,11152071680,Brooklyn,Wetzel's Pretzels,fast_food,pretzel,40.6847419,-73.9775656
node,11167699927,Brooklyn,Zhongzhong Noodles,fast_food,chinese,40.6929399,-73.9719646
node,11184268209,Brooklyn,Dunkin',fast_food,donut;coffee_shop,40.6858428,-73.9159483
node,11184268210,Brooklyn,Popeyes,fast_food,chicken,40.6859008,-73.9160843
node,11257620879,Brooklyn,El Manjar Dominicano,fast_food,dominican,40.7324559,-73.9542258
node,11287703666,Brooklyn,Dig,fast_food,regional,40.6919106,-73.9832147
node,11298928802,Brooklyn,Sushi King,fast_food,sushi;bubble_tea,40.6988163,-73.9170845
node,11386201006,Brooklyn,Gyro Qila,fast_food,,40.5755694,-73.9972471
node,11386539766,Brooklyn,Springbone Kitchen,fast_food,soup;salad,40.7007856,-73.9885335
node,11386539767,Brooklyn,Poké Mahi & Fresca Bowl,fast_food,poke;salad,40.7005882,-73.9882735
node,11386683176,Brooklyn,Stack'd Burger,fast_food,burger,40.6882701,-73.9812989
node,11423769876,Brooklyn,Rosie's Jamaican Cuisine,fast_food,jamaican,40.6604723,-73.9310222
node,11479622121,Brooklyn,Blue Storm Seafood,fast_food,seafood,40.6459218,-74.0096726
node,11481202129,Brooklyn,Green Poke,fast_food,poke,40.6319822,-74.0271776
node,11481483771,Brooklyn,Choban Pita & Grill,fast_food,turkish,40.635333,-74.0263832
node,11481483772,Brooklyn,Bay Thai,fast_food,thai,40.6369286,-74.0253799
node,11488871309,Brooklyn,Zinger Chicken Burger,fast_food,burger,40.6051364,-73.9808636
node,11498471064,Brooklyn,Checkers,fast_food,burger,40.6968439,-73.935401
node,11498489807,Brooklyn,Dunkin',fast_food,donut;coffee_shop,40.6968511,-73.9353391
node,11498508001,Brooklyn,Krazy Pizza & Wings,fast_food,pizza;chicken,40.6966677,-73.9349703
node,11562378234,Brooklyn,Sonic,fast_food,burger,40.700972,-73.9425939
node,11575046642,Brooklyn,Mirakuya,fast_food,japanese,40.7006432,-73.9435486
node,11575046643,Brooklyn,Los Angeles Bakery,fast_food,breakfast;sandwich,40.70065,-73.9434762
node,11575046644,Brooklyn,Riveras Bagel Cafe,fast_food,bagel;breakfast;sandwich,40.7007283,-73.942799
node,11575180185,Brooklyn,Atomic Wings,fast_food,chicken,40.6806764,-73.9523995
node,11575183154,Brooklyn,Dave's Hot Chicken,fast_food,chicken,40.6804411,-73.9528158
node,11575183155,Brooklyn,Champion Pizza,fast_food,pizza,40.6804358,-73.9526819
node,11575223442,Brooklyn,Taco Bell Cantina,fast_food,tex-mex,40.6806796,-73.9494964
node,11575226638,Brooklyn,Juici Patties,fast_food,burger,40.6805245,-73.949453
node,11587899444,Brooklyn,Dunkin',fast_food,donut;coffee_shop,40.6202125,-73.9892947
node,11589079567,Brooklyn,Subway,fast_food,sandwich,40.6199103,-73.9891958
node,11590171123,Brooklyn,Wing Stop,fast_food,chicken,40.6484029,-73.9584112
node,11593160325,Brooklyn,Hangry Joe's Hot Chicken and Wings,fast_food,wings,40.5780716,-73.9761279
node,11608522318,Brooklyn,Five Guys,fast_food,burger,41.423485,-81.7351053
node,11618784874,Brooklyn,Five Guys,fast_food,burger,40.6540816,-73.8673409
node,11632965819,Brooklyn,Crown Fried Chicken & Pizza,fast_food,chicken;pizza,40.6725508,-73.8743253
node,11635159154,Brooklyn,Otani Sushi,fast_food,sushi,40.6273734,-74.0137992
node,11635522425,Brooklyn,Moon Flower House,fast_food,chicken;sandwich,40.6192401,-74.0083295
node,11635776192,Brooklyn,Mid China,fast_food,chinese,40.6161768,-74.0305883
node,11638840836,Brooklyn,El Centenario,fast_food,pizza;mexican,40.6499642,-73.9630456
node,11732308982,Brooklyn,Popeyes,fast_food,chicken,40.7088731,-73.9587184
node,11772541596,Brooklyn,Taboonette,fast_food,mediterranean,40.6944551,-73.9938212
node,11776251815,Brooklyn,H&L Bagels,fast_food,bagel;sandwich,40.6216118,-74.0319843
node,11793855281,Brooklyn,Dunkin',fast_food,donut;coffee_shop,40.6590777,-73.8905265
node,11808368491,Brooklyn,Ace Burger & Crispy Chicken,fast_food,burger,40.6294718,-74.0112915
node,11812727815,Brooklyn,Hemo's Spot,fast_food,juice,40.6157649,-73.9864416
node,11824920848,Brooklyn,Soul Kofa,fast_food,,40.6815321,-73.92229
node,11824928116,Brooklyn,Cartaz,fast_food,,40.6815755,-73.9222995
node,11836256035,Brooklyn,Tacos Lupita,fast_food,mexican,40.6188771,-73.9899433
node,11875989665,Brooklyn,Burger UrWay,fast_food,burger;bagel;breakfast;salad,40.6975364,-73.9678899
node,11902790640,Brooklyn,Dunkin',fast_food,donut;coffee_shop,40.5755747,-73.9971951
node,11908671789,Brooklyn,Halal Munchies,fast_food,middle_eastern;american,40.6259004,-74.0239199
node,11917196655,Brooklyn,Jimmy's Famous Heros,fast_food,sandwich,40.612519,-73.9403457
node,11918422563,Brooklyn,Chipotle,fast_food,mexican,40.6084744,-73.9593451
node,11920227640,Brooklyn,Popeyes,fast_food,chicken,40.7307386,-73.9541882
node,11920904264,Brooklyn,Papa John's,fast_food,pizza,40.5760767,-73.9887089
node,11931547248,Brooklyn,German Diner Kebob,fast_food,kebab,40.5764922,-73.9659325
node,11931618256,Brooklyn,Beyti Turkish Kebab,fast_food,turkish,40.5771552,-73.9627329
node,11937583495,Brooklyn,Chipotle,fast_food,mexican,40.6033491,-73.9964866
node,11943030110,Brooklyn,Lucky's 2.0,fast_food,caribbean;fish_and_chips,40.697849,-73.937093
node,11943030112,Brooklyn,Bruno's Pizza,fast_food,pizza,40.6975679,-73.9360398
node,11943365035,Brooklyn,Chicken Plus,fast_food,chicken,40.6791466,-73.9217357
node,11978634498,Brooklyn,Fortune Palace,fast_food,chinese,40.7084691,-73.9585005
node,11986078499,Brooklyn,Kings Pizza Parlor,fast_food,pizza,40.6040782,-73.9718659
node,12010613170,Brooklyn,Mario's Pizza,fast_food,pizza,40.7117583,-73.9409488
node,12060192979,Brooklyn,Dan & John's Wings,fast_food,wings,40.691269,-73.982948
node,12069971599,Brooklyn,Kam Shing,fast_food,chinese,40.6299751,-73.9609879
node,12072361217,Brooklyn,Loony's Juice Bar,fast_food,juice;snack,40.6396049,-73.9683134
node,12077626973,Brooklyn,Lucky Chen,fast_food,chinese,40.6910412,-73.9250678
node,12077638856,Brooklyn,Brooklyn Dreams Juice Lounge,fast_food,juice,40.6908761,-73.9247798
node,12077659906,Brooklyn,Popeyes,fast_food,chicken,40.6901911,-73.9235707
node,12109414932,Brooklyn,Jalapeno Shack,fast_food,mexican,40.5788171,-73.959502
node,12111676581,Brooklyn,Nan Xiang Express,fast_food,dumplings,40.7146618,-73.9614069
node,12117177344,Brooklyn,Leon's Bagels,fast_food,bagel,40.7194264,-73.9561701
node,12124883966,Brooklyn,Bagels Road,fast_food,bagel,40.5873361,-73.9543825
node,12124883970,Brooklyn,La Casa Mia Pizzeria,fast_food,pizza;italian,40.5873785,-73.9545591
node,12160254243,Brooklyn,Burger King,fast_food,burger,40.6574153,-73.900617
node,12179123583,Brooklyn,Playa Bowls,fast_food,açaí,40.7178883,-73.9574736
node,12185259307,Brooklyn,Burger King,fast_food,burger,40.5786125,-73.9859078
node,12215208794,Brooklyn,Cloudy Donut Co,fast_food,donut,40.693359,-73.9986059
node,12230147499,Brooklyn,Cyclone Bagels,fast_food,bagel,40.5744838,-73.9874058
node,12239224058,Brooklyn,Popeyes,fast_food,chicken,40.593556,-73.9796333
node,12239700544,Brooklyn,La Bella Pizza Express,fast_food,pizza,40.6019626,-73.9942085
node,12246864908,Brooklyn,Sam's Bagels,fast_food,bagel;breakfast;sandwich,40.6274964,-74.023282
node,12247119190,Brooklyn,Chopstix Bay Ridge,fast_food,chinese,40.6225453,-74.025298
node,12247307336,Brooklyn,Subway,fast_food,sandwich,40.6223761,-74.0313305
node,12251325070,Brooklyn,Pure Green,fast_food,health_food;juice,40.6658137,-73.9927774
node,12257117131,Brooklyn,Girolamo's Pizza,fast_food,pizza,40.6107099,-73.978367
node,12288345197,Brooklyn,McDonald's,fast_food,burger,40.6447402,-73.9216457
node,12288360768,Brooklyn,McDonald's,fast_food,burger,40.6320566,-73.9286446
node,12288369748,Brooklyn,McDonald's,fast_food,burger,40.6150818,-73.9288996
node,12296825824,Brooklyn,98K Spicy Chicken Sandwich,fast_food,chicken;sandwich,40.6338932,-74.0109959
node,12305707334,Brooklyn,Subway,fast_food,sandwich,40.5993476,-73.9528682
node,12319917730,Brooklyn,Wingstop,fast_food,chicken,40.6507188,-73.8899581
node,12349005604,Brooklyn,Pure Green,fast_food,juice,40.6859527,-73.9540907
node,12352155338,Brooklyn,,fast_food,indian,40.6419244,-73.963175
node,12360441507,Brooklyn,BK Asian Express,fast_food,asian,40.6558043,-73.9502663
node,12360441509,Brooklyn,Rancho Avocado,fast_food,mexican,40.6589795,-73.9506426
node,12360441511,Brooklyn,Juices International,fast_food,juice;caribbean,40.659719,-73.9507151
node,12360441517,Brooklyn,New Soldiers,fast_food,jamaican,40.655922,-73.9502738
node,12360441530,Brooklyn,Jing Lung,fast_food,,40.6567504,-73.9503702
node,12388796464,Brooklyn,Buonissima Pizza Pasta,fast_food,pizza,40.6123604,-73.9899812
node,12403502563,Brooklyn,Mama Pho,fast_food,vietnamese,40.7110708,-73.9485891
node,12403502564,Brooklyn,La Cucina Mia,fast_food,latin_american,40.710302,-73.9486357
node,12403502571,Brooklyn,SoJuice,fast_food,,40.7110732,-73.9485189
node,12413997599,Brooklyn,Sun Hing Restaurant,fast_food,chinese,40.6584272,-73.9158574
node,12413997600,Brooklyn,Tracker Just Fish,fast_food,seafood;caribbean,40.6585194,-73.9153318
node,12416710519,Brooklyn,La Nova,fast_food,pizza,40.6847663,-73.9140255
node,12423262682,Brooklyn,Dunkin',fast_food,donut;coffee_shop,40.5991337,-73.954791
node,12438085769,Brooklyn,Xi'an Famous Foods,fast_food,chinese;noodle,40.7173356,-73.955215
node,12453106747,Brooklyn,Chick-fil-A,fast_food,chicken,40.6818034,-73.966824
node,12534620326,Brooklyn,Kosher Hut Of Brooklyn,fast_food,pizza,40.6063748,-73.9653289
node,12545016091,Brooklyn,Popeyes,fast_food,chicken,40.6187736,-73.9907461
node,12596256196,Brooklyn,Cactus,fast_food,chinese;mexican,40.5901109,-73.9401077
node,12605430390,Brooklyn,Just Salad,fast_food,salad,40.7153581,-73.958481
node,12610829286,Brooklyn,7th Street Burger,fast_food,burger,40.7179944,-73.9574032
node,12623522120,Brooklyn,Lacey Burger,fast_food,burger,40.7062922,-73.921044
node,12631743738,Brooklyn,Jing Wei Hotpot,fast_food,chinese,40.6365376,-74.0115464
node,12646577931,Brooklyn,MBL & Q Burger,fast_food,burger,40.644907,-74.000002
node,12650765091,Brooklyn,Kim's Korean Corn Dogs,fast_food,corn_dog;korean;snack,40.6355648,-74.0092761
node,12650765093,Brooklyn,Yasuco,fast_food,sushi;bubble_tea;snack,40.6358749,-74.0088169
node,12716919291,Brooklyn,Osaki Sushi,fast_food,sushi,40.664375,-73.9805542
node,12743431904,Brooklyn,Guac Time,fast_food,mexican,40.7148131,-73.9617753
node,12766117161,Brooklyn,Costco Food Court,fast_food,hot_dog;pizza;sandwich,40.6554989,-74.0095138
node,12784451671,Brooklyn,8-Bit Bites,fast_food,,40.6907073,-73.9255246
node,12806759945,Brooklyn,Sofia Pizza II,fast_food,pizza,40.5989055,-73.9371954
node,12815607694,Brooklyn,Catskill Bagel Co.,fast_food,bagel,40.6409237,-73.9646611
node,12824966677,Brooklyn,Dunkin',fast_food,donut;coffee_shop,40.5757514,-73.981066
node,12832519498,Brooklyn,Texas Chicken & Burger,fast_food,chicken,40.6331624,-73.9672313
node,12837230493,Brooklyn,Grace Chinese Food,fast_food,chinese,40.7061561,-73.9428557
node,12840466343,Brooklyn,Kar,fast_food,chinese,40.7023699,-73.937007
node,12842255814,Brooklyn,McDonald's,fast_food,burger,40.6681059,-73.9313326
node,12842255815,Brooklyn,Popeyes,fast_food,chicken,40.6681596,-73.9313273
node,12842754598,Brooklyn,New Fun Sing,fast_food,chinese,40.7018538,-73.943555
node,12843118971,Brooklyn,Dunkin',fast_food,donut;coffee_shop,40.5868291,-73.9527103
node,12845066450,Brooklyn,New Jin Shing,fast_food,chinese,40.6820805,-73.9092996
node,12862762709,Brooklyn,King's Wok,fast_food,chinese,40.6702702,-73.9364023
node,12871054971,Brooklyn,Leanly Chinese Food,fast_food,chinese,40.5767842,-73.9845882
node,12871054972,Brooklyn,Leanly,fast_food,chinese,40.5757557,-73.9913742
node,12873249543,Brooklyn,Mei Mei,fast_food,chinese,40.5970034,-73.9414262
node,12877180283,Brooklyn,New Great Wall,fast_food,chinese,40.5948872,-73.9559329
node,12887635163,Brooklyn,Jersey Mike's Subs,fast_food,sandwich,40.6910634,-73.988996
node,12977783168,Brooklyn,Krave It,fast_food,pizza;sandwich,40.7036668,-73.9329712
node,12978276981,Brooklyn,Wingstop,fast_food,wings,40.6310013,-73.9192252
node,13000956551,Brooklyn,Dunkin' Donuts,fast_food,donut,40.6771379,-73.9337809
node,13059835525,Brooklyn,China Wok,fast_food,chinese,40.6669976,-73.9506242
node,13059835526,Brooklyn,Yummy Chinese,fast_food,chinese,40.6643006,-73.9508554
node,13059835527,Brooklyn,Dragon King,fast_food,chinese,40.6617413,-73.9509021
node,13060903891,Brooklyn,Titi's,fast_food,venezuelan,40.711492,-73.957748
node,13061890978,Brooklyn,China Garden,fast_food,,40.6745205,-73.9307187
node,13073355736,Brooklyn,Jam It Bistro,fast_food,jamaican;caribbean,40.679496,-74.0051856
node,13073355737,Brooklyn,Burger King,fast_food,burger,40.6478958,-73.9579805
node,13073355738,Brooklyn,Burger King,fast_food,burger,40.6139326,-73.9260883
node,13073355739,Brooklyn,Popeyes,fast_food,chicken,40.6138622,-73.9260842
node,13073355740,Brooklyn,Loma No. 5,fast_food,,40.6688305,-73.9106997
node,13073355741,Brooklyn,Popeyes,fast_food,chicken,40.6334484,-73.9286841
node,13073355742,Brooklyn,Lebron Restaurant,fast_food,dominican,40.6690662,-73.9157322
node,13073355743,Brooklyn,,fast_food,chicken,40.674444,-73.9504044
node,13073355744,Brooklyn,New Yee Li,fast_food,chinese,40.6296426,-74.0104073
node,13073355745,Brooklyn,Carnation Restaurant,fast_food,chinese,40.6002409,-73.9913739
node,13073355746,Brooklyn,YiXin Restaurant,fast_food,chinese,40.6050847,-73.9979892
node,13073355747,Brooklyn,Popeyes,fast_food,chicken,40.6835041,-73.8723054
node,13073355748,Brooklyn,Popeyes,fast_food,chicken,40.6442657,-73.9292823
node,13073355749,Brooklyn,Gyro King Express,fast_food,gyros,40.6322782,-73.9670708
node,13073355750,Brooklyn,Jamaican Flavors,fast_food,jamaican,40.645871,-73.9029413
node,13073355751,Brooklyn,Jamaican Flavors,fast_food,jamaican,40.6680022,-73.9310515
node,13073355752,Brooklyn,More Than Fries,fast_food,,40.6642622,-73.9242303
node,13073355753,Brooklyn,FIX-U-PLATE,fast_food,caribbean,40.660888,-73.9207569
node,13073355754,Brooklyn,FIX-U-PLATE,fast_food,caribbean,40.6454456,-73.902876
node,13073355755,Brooklyn,Popeyes,fast_food,chicken,40.6463333,-73.9032521
node,13073355756,Brooklyn,Popeyes,fast_food,chicken,40.6320448,-73.8885288
node,13073355757,Brooklyn,McDonald's,fast_food,burger,40.6486845,-73.9581195
node,13073398302,Brooklyn,Linda Asian Kitchen,fast_food,chinese,40.6935179,-73.9317799
node,13089422189,Brooklyn,Asian Yummy House,fast_food,chinese;smoothie,40.6992288,-73.9395369
node,13092551215,Brooklyn,Brooklyn Homeslice II,fast_food,pizza,40.6834977,-73.9791963
node,13095002411,Brooklyn,Lee's Jamaican American Buffer,fast_food,jamaican;american,40.6787677,-73.9219892
node,13096420226,Brooklyn,Lee Chinese Restaurant,fast_food,chinese,40.6788763,-73.9239855
node,13101998316,Brooklyn,Compton's,fast_food,sandwich,40.7293098,-73.9576479
node,13109280609,Brooklyn,Everyday,fast_food,chinese,40.6970017,-73.9068964
node,13110435181,Brooklyn,Williamsburg Pizza,fast_food,,40.7013899,-73.9142002
node,13118607574,Brooklyn,Sebestian's Spices & Slices,fast_food,pizza,40.6412634,-73.9487098
node,13125414535,Brooklyn,Golden Krust,fast_food,jamaican,40.6771926,-73.9339773
node,13141964901,Brooklyn,Shah’s Halal Food,fast_food,arab;chicken;kebab;sandwich,40.685387,-73.914553
node,13142721464,Brooklyn,Wah Ming House,fast_food,chinese,40.6845766,-73.8693235
node,13142721465,Brooklyn,Lu Peking House,fast_food,chinese,40.6841899,-73.8698667
node,13142721466,Brooklyn,King's Teriyaki & Sushi,fast_food,japanese;sushi,40.6843962,-73.8691577
node,13176968672,Brooklyn,Papa John's,fast_food,pizza,40.6825044,-73.8758022
node,13176968673,Brooklyn,Chabelita's Place,fast_food,mexican,40.6825587,-73.8756082
node,13176968675,Brooklyn,Aqui Es Puebla,fast_food,mexican;breakfast;sandwich,40.6825766,-73.8755443
node,13176968676,Brooklyn,Fruteria Las Mexicanitas,fast_food,mexican;juice,40.68245,-73.8759967
node,13206788895,Brooklyn,New Sin Lee,fast_food,chinese,40.6817567,-73.9286912
node,13239256470,Brooklyn,Indian Kashmiri Biryani House & Dhaka Halal Food,fast_food,,40.6755347,-73.8720239
node,13258111105,Brooklyn,Up A Notch,fast_food,mediterranean,40.6693307,-73.9862652
node,13285313475,Brooklyn,Tacos La Monarca,fast_food,mexican,40.6084623,-73.9574078
node,13285313477,Brooklyn,Paraiso Azteca,fast_food,mexican,40.6085651,-73.9571722
node,13288405980,Brooklyn,Subway,fast_food,sandwich,40.609155,-73.9570328
node,13306628980,Brooklyn,Wonder,fast_food,asian;italian;mexican;thai;japanese;sandwich;burger;chinese;salad;chicken;seafood;middle_eastern;regional;noodle,40.5757427,-73.9805638
node,13356878361,Brooklyn,All-Star Burgers,fast_food,,40.6934299,-73.9690412
node,13356932410,Brooklyn,Fini Pizza,fast_food,pizza,40.6831855,-73.9759841
node,13361833583,Brooklyn,H&I Express Thai,fast_food,thai,40.7017163,-73.9367273
node,13361861905,Brooklyn,Faith's Food,fast_food,chinese,40.7075731,-73.9430907
node,13363854063,Brooklyn,Golden Panda,fast_food,chinese,40.6781329,-73.8903464
node,13363854064,Brooklyn,Foo Lee,fast_food,chinese,40.6788142,-73.887874
node,13363854065,Brooklyn,New Apolo,fast_food,latin_american;chinese,40.6790811,-73.8876835
node,13367873502,Brooklyn,Chef Quang,fast_food,guyanese;chinese,40.681239,-73.8722728
node,13370292505,Brooklyn,Long Cheng,fast_food,chinese,40.679927,-73.8850061
node,13370403665,Brooklyn,Tofubox,fast_food,chinese,40.7112483,-73.9467961
node,13370403666,Brooklyn,Lucy's Vietnamese,fast_food,vietnamese,40.7115322,-73.9463283
node,13375145302,Brooklyn,Don Panchito Taco Truck,fast_food,mexican,40.7154282,-73.9602576
node,13385615101,Brooklyn,Slap Burger,fast_food,burger,40.6220504,-74.0265575
node,13416892003,Brooklyn,Chipotle,fast_food,mexican,40.6636832,-73.9574514
node,13433092702,Brooklyn,China Dragon,fast_food,chinese,40.631141,-73.9766367
node,13433469486,Brooklyn,Family Garden,fast_food,chinese,40.6357263,-73.9775358
node,13436098118,Brooklyn,Popeyes,fast_food,chicken,40.6931092,-73.9721938
node,13449189683,Brooklyn,Your Side Chicks,fast_food,chicken,45.4900192,-122.6530204
node,13479600346,Brooklyn,Cinnabon,fast_food,dessert,40.5939048,-73.9408296
node,13537288691,Brooklyn,Hello Sweet Spot,fast_food,crepe;juice,40.7080991,-73.9528134
node,13556408354,Brooklyn,Extra Crispy Pizzeria & Restaurant,fast_food,pizza,40.5969727,-73.974429
node,13563215325,Brooklyn,Tasty House,fast_food,chinese,40.5969349,-73.9747277
node,13599746952,Brooklyn,Auntie Anne's,fast_food,pretzel,40.5939119,-73.9408463
node,13603184933,Brooklyn,Tortelli,fast_food,italian,40.6822541,-73.9931614
node,13607537876,Brooklyn,Rome to Brooklyn,fast_food,pizza,40.7118589,-73.9428659
node,13625249220,Brooklyn,Lavash Uz N1,fast_food,shawarma,40.6356979,-73.9755384
node,13625305940,Brooklyn,Golden Dragon,fast_food,asian;chinese,40.6402605,-73.9941625
node,13625305941,Brooklyn,New China Xing,fast_food,chinese;tex-mex,40.6401263,-73.9941628
node,13634945565,Brooklyn,Four Seasons Joyful,fast_food,chinese;bubble_tea,40.7232969,-73.9410152
node,13641841180,Brooklyn,Tasty Delicious,fast_food,caribbean,40.6644803,-73.9233447
node,13714964774,Brooklyn,Juice Point,fast_food,juice,40.7274777,-73.9527816
node,13719009321,Brooklyn,Chen's Garden,fast_food,chinese,40.6456345,-73.9956301
node,13745836169,Brooklyn,Playa Bowls,fast_food,açaí,40.7024432,-73.9891585
node,13786666513,Brooklyn,,fast_food,pizza,40.6797,-73.9290859
node,13885523901,Brooklyn,Island Squeeze Juice Bar,fast_food,juice,40.6390578,-73.9481345
node,13912659601,Brooklyn,Hot Wings & Pizza,fast_food,pizza;wings,40.6929518,-73.9367167
node,13913035702,Brooklyn,La Ruta del Taco #2,fast_food,mexican,40.6842767,-73.9381725
node,13913104801,Brooklyn,Pizza Crew,fast_food,pizza,40.6851314,-73.9296402
node,13913221301,Brooklyn,Maya Mexican Grill,fast_food,mexican,40.6850945,-73.9293469
node,13913248001,Brooklyn,Filly Luv,fast_food,chicken,40.6852054,-73.9293733
node,13929988175,Brooklyn,Naya,fast_food,middle_eastern,40.7018531,-73.9865307
node,13956440051,Brooklyn,Irie Jerk,fast_food,jamaican,40.659712,-73.95077
node,13963353280,Brooklyn,New Hop Shing Kitchen,fast_food,chinese,40.667312,-73.8990905
node,13972378444,Brooklyn,Egg Roll,fast_food,chinese,40.6824325,-73.9098968
node,13974967862,Brooklyn,Anna Bella Pizza Cafe,fast_food,pizza;pastry,40.6308719,-74.0278744
node,13983404571,Brooklyn,New Hong Kong House,fast_food,chinese,40.6401742,-73.9663483
node,13983470242,Brooklyn,King Food,fast_food,chinese,40.6891297,-73.9301589
node,13986945459,Brooklyn,Sun Garden,fast_food,chinese,40.6702404,-73.9218639
node,13986945460,Brooklyn,Wah Sing,fast_food,chinese,40.6778487,-73.9106428
node,13993769703,Brooklyn,Thanh Da,fast_food,vietnamese;sandwich,40.6366269,-74.0121611
node,14007116864,Brooklyn,Stretch,fast_food,pizza,40.7138384,-73.9673235
node,14007116865,Brooklyn,Frita Batidos,fast_food,cuban,40.7134478,-73.9675012
node,14020069338,Brooklyn,Real Caribbean Pot,fast_food,caribbean,40.6507207,-73.9488698
node,14022507685,Brooklyn,China City,fast_food,chinese,40.6078704,-74.0039645
node,14022507688,Brooklyn,New Taste of China,fast_food,chinese,40.5933378,-73.9792924
node,14023144971,Brooklyn,Culver's,fast_food,burger,41.4236502,-81.7618495
node,14024581168,Brooklyn,Mr. Simi #8 Kitchen,fast_food,chinese,40.6053505,-74.0088424
node,14024581170,Brooklyn,China Garden,fast_food,chinese;thai,40.6010755,-74.0012489
node,14024581171,Brooklyn,Mama Mia,fast_food,pizza,40.5964768,-73.9940411
node,14027091583,Brooklyn,China Moon Open Kitchen,fast_food,chinese,40.5907192,-73.9915232
node,14027091584,Brooklyn,Di Farina Pizzeria,fast_food,pizza,40.5863206,-73.9879683
node,14027807048,Brooklyn,Paolina,fast_food,middle_eastern,40.7140402,-73.9614603
node,14028891068,Brooklyn,El Mexicano,fast_food,mexican,40.6015085,-73.9939473
node,14056905767,Brooklyn,Grand Fortune,fast_food,chinese,40.5964714,-73.9767028
node,14056905768,Brooklyn,China 1,fast_food,chinese,40.5921688,-73.9773573
node,14056905769,Brooklyn,Fuji Hibachi & Sushi,fast_food,japanese;sushi,40.6040953,-73.9717528
node,14088123248,Brooklyn,East Coast Street Tacos,fast_food,mexican,40.669071,-73.9935316
node,14099601502,Brooklyn,Dragon China,fast_food,chinese,40.62803,-74.029026
node,14105396643,Brooklyn,Chipotle,fast_food,mexican,40.6866655,-73.9173864
node,14111235777,Brooklyn,Pearl of China,fast_food,chinese,40.6246574,-74.0304067
node,14130335202,Brooklyn,Philadelphia Grill,fast_food,sandwich,40.6127044,-74.0339971
node,14137609342,Brooklyn,Taco Bell,fast_food,tex-mex,40.6935338,-73.9634819
node,14140121718,Brooklyn,China Chef,fast_food,chinese,40.6443671,-73.9577763
node,14143588619,Brooklyn,Angelo's Pizzeria,fast_food,pizza,40.643733,-73.9580165
node,14165416709,Brooklyn,Milwaukie Cafe,fast_food,burger;sandwich,45.4899125,-122.6531301
node,14165416710,Brooklyn,Havana Station,fast_food,cuban,45.4899404,-122.6530975
node,14165416711,Brooklyn,Meat & Cheese,fast_food,sandwich,45.4899684,-122.653065
node,14165416712,Brooklyn,Ginza Japanese Cuisine,fast_food,japanese,45.4900544,-122.6530165
node,14165416713,Brooklyn,SeaLand Fish & Chips,fast_food,fish_and_chips;sandwich,45.4900895,-122.6530125
node,14165416714,Brooklyn,bobablastic,fast_food,bubble_tea;hawaiian,45.4901247,-122.6530085
node,14165416715,Brooklyn,Korean Tiger,fast_food,korean,45.4901599,-122.6530046
node,14165416716,Brooklyn,M24 Hibachi,fast_food,japanese;hibachi;bento,45.4901951,-122.6530006
node,14165416717,Brooklyn,Love Verona Pizza & Pasta,fast_food,pizza;pasta,45.4902302,-122.6529966
node,14165416718,Brooklyn,Worldwide Delights,fast_food,dessert;ice_cream;crepe;churro,45.489951,-122.6531918
node,14165416719,Brooklyn,Rollin' Fresh,fast_food,sushi,45.4899825,-122.6531643
node,14165416720,Brooklyn,Shawarma House,fast_food,shawarma,45.490053,-122.6531019
node,14165416721,Brooklyn,The Nour Thai Cuisine,fast_food,thai,45.4900888,-122.6530982
node,14165416722,Brooklyn,Bollywood Dhaba,fast_food,indian,45.4901247,-122.6530944
node,14165416723,Brooklyn,Calia's PDX,fast_food,mexican;fusion,45.4901605,-122.6530906
node,14165416724,Brooklyn,Heart & Grill,fast_food,sandwich;coffee_shop,45.4901963,-122.6530869
node,14165416725,Brooklyn,Mexi-Khana,fast_food,mexican;pakistani;fusion,45.4902321,-122.6530831
node,14170068765,Brooklyn,China No. 1,fast_food,chinese,40.6556677,-73.9152494
node,14170068766,Brooklyn,Lucky Chance,fast_food,chinese,40.6560554,-73.9233368
node,14174527400,Brooklyn,New China,fast_food,chinese,40.6440524,-73.9584434
node,14180973839,Brooklyn,J&A Sushi,fast_food,sushi;bubble_tea,40.6317538,-74.007252
node,14180973840,Brooklyn,Shun Fa,fast_food,chinese,40.6316449,-74.0074169
node,14181050737,Brooklyn,Saigon Vietnamese Sandwich Deli,fast_food,sandwich,40.6396018,-74.0054978
node,14185033256,Brooklyn,Panda Restaurant,fast_food,chinese,40.5756537,-73.9946961
node,14189543119,Brooklyn,Wah Lung,fast_food,chinese,40.6104592,-73.9537572
node,14191960232,Brooklyn,No. 1,fast_food,chinese,40.5998979,-73.9478528
node,14210483231,Brooklyn,Domino's,fast_food,pizza,40.6400993,-73.9664618
way,241816189,Brooklyn,Lark by the Park,fast_food,breakfast;sandwich;snack;pizza;burger,40.6507123,-73.9684624
way,241821269,Brooklyn,Bernadette's Place,fast_food,caribbean,40.6883011,-73.9897696
way,241827846,Brooklyn,KFC,fast_food,chicken,40.6442145,-73.970574
way,241837075,Brooklyn,Frank's Pizza,fast_food,pizza,40.6773044,-73.998131
way,241837197,Brooklyn,Dunkin',fast_food,donut;coffee_shop,40.6760997,-74.0005965
way,241850111,Brooklyn,McDonald's,fast_food,burger,40.6358035,-73.9681518
way,241850197,Brooklyn,Dunkin',fast_food,donut;coffee_shop,40.6352509,-73.968123
way,241852901,Brooklyn,Fascati Pizza,fast_food,pizza,40.6984971,-73.992728
way,245118636,Brooklyn,Luke's Lobster,fast_food,seafood,40.7034856,-73.9941336
way,247434236,Brooklyn,Wendy's,fast_food,burger,40.6580988,-73.8907725
way,247443137,Brooklyn,Chipotle,fast_food,mexican,40.658484,-73.8898868
way,247443148,Brooklyn,Sonic,fast_food,burger,40.6581742,-73.8898375
way,247443150,Brooklyn,McDonald's,fast_food,burger,40.6578739,-73.8896626
way,247443152,Brooklyn,Checkers,fast_food,burger,40.658373,-73.8898203
way,247460483,Brooklyn,KFC,fast_food,chicken,40.6493595,-73.8915538
way,247517435,Brooklyn,Wendy's,fast_food,burger,40.680237,-73.8779141
way,247517537,Brooklyn,Dunkin',fast_food,donut;coffee_shop,40.6794185,-73.8804762
way,247612547,Brooklyn,Burger King,fast_food,burger,40.6757027,-73.8668284
way,247612647,Brooklyn,Popeyes,fast_food,chicken,40.6753446,-73.866395
way,248141892,Brooklyn,Good Joy Restaurant,fast_food,chinese,40.6893776,-73.970674
way,248153591,Brooklyn,9th Street Luncheonette,fast_food,american;breakfast,40.6746603,-73.9973503
way,248167328,Brooklyn,McDonald's,fast_food,burger,40.6735171,-73.9991474
way,248237392,Brooklyn,McDonald's,fast_food,burger,40.6697479,-73.9867148
way,248241829,Brooklyn,Beverley Pizza,fast_food,pizza,40.6425376,-73.9783331
way,248462489,Brooklyn,Dunkin' Donuts/Baskin Robbins,fast_food,donut;coffee_shop,40.6171965,-74.03028
way,248474744,Brooklyn,Nathan's,fast_food,hot_dog,40.5752844,-73.9814687
way,248486442,Brooklyn,Okinawa,fast_food,japanese;sushi,40.6357357,-74.0264965
way,248496464,Brooklyn,McDonald's,fast_food,burger,40.5772119,-73.981823
way,248496521,Brooklyn,Cyclone Cafe,fast_food,,40.5751869,-73.9781572
way,248499634,Brooklyn,McDonald's,fast_food,burger,40.5795762,-73.9751012
way,248507301,Brooklyn,Panda Express,fast_food,chinese,40.6222906,-74.028121
way,248507310,Brooklyn,Wendy's,fast_food,burger,40.6222497,-74.0279991
way,248507337,Brooklyn,McDonald's,fast_food,burger,40.6220869,-74.0277551
way,248507419,Brooklyn,Chipotle,fast_food,mexican,40.622081,-74.0266149
way,248507565,Brooklyn,Burger King,fast_food,burger,40.6219207,-74.0262312
way,248510244,Brooklyn,Dunkin',fast_food,donut;coffee_shop,40.5809852,-73.9662364
way,248518443,Brooklyn,Yucusiama,fast_food,mexican,40.6280472,-74.023619
way,248563780,Brooklyn,Roll-N-Roaster,fast_food,burger;pizza;ice_cream;fast_food,40.5841817,-73.9396419
way,248575246,Brooklyn,Apani,fast_food,georgian,40.5870238,-73.9535375
way,248575270,Brooklyn,Asian Bay,fast_food,chinese;sushi,40.5850693,-73.9510655
way,248841439,Brooklyn,Chipotle,fast_food,mexican,40.5833015,-73.9867615
way,248870979,Brooklyn,Dunkin',fast_food,donut;coffee_shop,40.5959637,-73.984353
way,248878070,Brooklyn,McDonald's,fast_food,burger,40.5992942,-73.9889679
way,248913519,Brooklyn,Wendy's,fast_food,burger,40.5954112,-74.0002635
way,248932718,Brooklyn,McDonald's,fast_food,burger,40.6129607,-73.9828063
way,249575715,Brooklyn,Puerto Rico Restaurant,fast_food,latin_american,40.6415201,-74.0144174
way,249588482,Brooklyn,Dunkin' Donuts/Baskin Robbins,fast_food,donut;breakfast;ice_cream;sandwich,40.6452628,-74.0214727
way,249594303,Brooklyn,Eden Deli Grocery,fast_food,mexican;breakfast,40.6478193,-74.0105349
way,249595706,Brooklyn,Jerusalem Shawarma & Falafel,fast_food,middle_eastern,40.6484049,-74.0099773
way,249604526,Brooklyn,Dunkin' Donuts/Baskin Robbins,fast_food,donut;ice_cream,40.655629,-74.0055141
way,249604538,Brooklyn,McDonald's,fast_food,burger,40.6537511,-74.0054128
way,249606377,Brooklyn,KFC,fast_food,chicken,40.6592098,-73.9998227
way,249606718,Brooklyn,Chipotle,fast_food,mexican,40.6512419,-74.0071387
way,249614838,Brooklyn,Burger King,fast_food,burger,40.6469563,-73.9815393
way,249707150,Brooklyn,McDonald's,fast_food,burger,40.5980911,-73.9614574
way,249730312,Brooklyn,McDonald's,fast_food,burger,40.5974966,-73.9416388
way,249924472,Brooklyn,KFC,fast_food,chicken,40.6169617,-73.9310854
way,249946893,Brooklyn,,fast_food,,40.6349543,-73.9146369
way,249947103,Brooklyn,McDonald's,fast_food,burger,40.6337607,-73.9155472
way,249980086,Brooklyn,McDonald's,fast_food,burger,40.6891012,-73.9218721
way,250155454,Brooklyn,Bojangles',fast_food,chicken,40.6522786,-73.9213566
way,250159585,Brooklyn,McDonald's,fast_food,burger,40.6561191,-73.9305678
way,250161436,Brooklyn,KFC,fast_food,chicken,40.6623858,-73.9318129
way,250225017,Brooklyn,Burger King,fast_food,burger,40.6641268,-73.9569792
way,250226506,Brooklyn,McDonald's,fast_food,burger,40.6637181,-73.9599638
way,250230605,Brooklyn,Wendy's,fast_food,burger,40.662919,-73.9617258
way,250335042,Brooklyn,KFC,fast_food,chicken,40.6892878,-73.9553553
way,250335994,Brooklyn,Sing Wah Kitchen,fast_food,chinese,40.6703873,-73.9313141
way,250340178,Brooklyn,Punta Cana Restaurant,fast_food,latin_american;breakfast,40.6905575,-73.9569453
way,250372534,Brooklyn,McDonald's,fast_food,burger,40.6800988,-73.9401069
way,250426872,Brooklyn,White Castle,fast_food,burger,40.6995583,-73.9128848
way,250965709,Brooklyn,Luv n Oven Pizza,fast_food,pizza,40.6896733,-73.9775517
way,265732992,Brooklyn,McDonald's,fast_food,burger,40.6813544,-73.9669736
way,279622790,Brooklyn,McDonald's,fast_food,burger,40.7013601,-73.9434909
way,280081656,Brooklyn,Dunkin',fast_food,donut;coffee_shop,40.7240826,-73.9512388
way,280137526,Brooklyn,McDonald's,fast_food,burger,40.7304026,-73.9540372
way,284894697,Brooklyn,Popeyes,fast_food,chicken,40.6803059,-73.9027015
way,284894808,Brooklyn,McDonald's,fast_food,burger,40.6775504,-73.8977182
way,285110431,Brooklyn,Dunkin',fast_food,donut;coffee_shop,40.5925044,-73.9082071
way,401264801,Brooklyn,Subway,fast_food,sandwich,45.5006262,-122.6527603
way,405887235,Brooklyn,,fast_food,,40.5743832,-73.9745331
way,487485088,Brooklyn,Yellow Magnolia Canteen,fast_food,,40.6659423,-73.96206
way,530090402,Brooklyn,Taco Bell,fast_food,tex-mex,41.4191035,-81.736387
way,540754524,Brooklyn,The Local Grind,fast_food,barbecue,45.5012325,-122.6581853
way,545862560,Brooklyn,,fast_food,pizza,41.4392643,-81.735804
way,545906060,Brooklyn,Arby's,fast_food,sandwich,41.4189918,-81.735002
way,669860548,Brooklyn,Lifeboat Seafood,fast_food,fish_and_chips,-33.5467611,151.2274784
way,669860551,Brooklyn,Fitzies Fish and Chips,fast_food,fish_and_chips,-33.5473226,151.2266088
way,675735358,Brooklyn,Crown Heights Pizza,fast_food,pizza,40.6717519,-73.9580498
way,694615392,Brooklyn,Sonic,fast_food,burger,40.6636024,-73.9607663
way,760411285,Brooklyn,Sea Lion Store & Cafe,fast_food,,40.6652732,-73.9644694
way,889095714,Brooklyn,McDonald's,fast_food,burger,41.799449,-71.9028307
way,927245179,Brooklyn,The Juice Box,fast_food,juice;health_food,40.6896858,-73.978235
way,951713042,Brooklyn,Bulldog Ice Cream,fast_food,ice_cream,41.4396651,-81.7370743
way,960804515,Brooklyn,Long John Silver's,fast_food,seafood,41.4189468,-81.7597655
way,1061096827,Brooklyn,Taqueria El Jardin,fast_food,mexican;burger,40.6881986,-73.9897149
way,1083697409,Brooklyn,Concessions,fast_food,,41.4405562,-81.7574116
way,1184529862,Brooklyn,Taqwa Grocery & Meat Market,fast_food,middle_eastern;sandwich,40.6807103,-73.9507874
way,1232733360,Brooklyn,Swenson's,fast_food,burger,41.4191338,-81.7356008
way,1340286561,Brooklyn,Pica Pica,fast_food,latin_american,40.7070942,-73.9545373
way,1428163765,Brooklyn,Chipotle,fast_food,mexican,40.6772278,-73.9326574
way,1473203455,Brooklyn,Chipotle,fast_food,mexican,41.4253512,-81.7362423
way,1499713360,Brooklyn,Champs Burgers,fast_food,burger,45.4917985,-122.6523463
